Model,Mean Identity,Std Identity,Mean Alignment Length,Std Alignment Length,Mean Bit Score,Std Bit Score,Mean -log10(E-value),Std -log10(E-value)
PLM_PCAbrute_2420,53.16301000000001,4.2172454908269215,65.34,5.138521188046226,60.94,6.98489799496027,8.382513884763778,2.6848395849426225
