64 10 63

Slice 1
1.326520562171936,-1.4700099229812622,1.6554975509643555,0.5560296177864075,0.8611286878585815,-0.7391127347946167,-2.1553924083709717,1.3307791948318481,-0.4112744927406311,0.06658953428268433,-0.004819949623197317,1.0623424053192139,0.8853508830070496,1.0912034511566162,-0.42397961020469666,-0.4827078878879547,-1.5483266115188599,0.6056244373321533,-1.110317587852478,1.0247230529785156,1.0530834197998047,-1.4606413841247559,-1.6130558252334595,0.3661423325538635,-0.4158523380756378,0.52841717004776,-2.008622407913208,0.32293805480003357,1.6130592823028564,0.00928775779902935,0.35835975408554077,-0.35632193088531494,0.3319760859012604,1.2784806489944458,1.3253960609436035,1.1970518827438354,-0.07016157358884811,0.10950964689254761,0.06952562183141708,-1.3512763977050781,-1.6577543020248413,-0.00041918765055015683,-0.5018817186355591,0.7605835795402527,-0.6797574758529663,-0.9079995155334473,-2.043384075164795,1.2857424020767212,-1.4837450981140137,-0.43204912543296814,0.1784311830997467,-0.031476058065891266,-1.5521936416625977,0.5317801833152771,1.2106674909591675,-1.3661972284317017,-0.43735626339912415,0.6477246284484863,-0.7389203310012817,1.5381067991256714,0.6946154832839966,-0.35373276472091675,-1.5452771186828613
0.7981041669845581,-0.2361583262681961,1.2959442138671875,-1.230383038520813,0.3902282118797302,0.7377668619155884,0.14608167111873627,0.8997417092323303,0.2955343425273895,-0.274086594581604,0.6064355969429016,-0.517167866230011,1.102177381515503,1.9128810167312622,0.1378510594367981,-0.8693894743919373,-0.08484335988759995,0.6965361833572388,-0.3050845265388489,1.441519021987915,-0.290914922952652,0.09483969956636429,-0.04291700944304466,0.9694127440452576,-1.2681119441986084,1.9622390270233154,-0.382765531539917,-1.0367939472198486,-0.820059061050415,1.7443029880523682,-1.2918553352355957,1.0510084629058838,0.7701402306556702,0.7449508309364319,0.12486445158720016,-0.5087048411369324,0.5347609519958496,1.160402774810791,-0.17445632815361023,0.7751507759094238,1.0939130783081055,-0.11155250668525696,1.5191007852554321,0.38422873616218567,1.1634972095489502,0.6025795936584473,0.11420010775327682,0.9853742718696594,0.5432842373847961,1.1081862449645996,0.10579663515090942,1.7831603288650513,0.5798815488815308,-0.4048597514629364,1.588030457496643,-0.1733035296201706,1.0995091199874878,-0.00804891251027584,0.6256062388420105,0.9973097443580627,0.7683149576187134,-0.3063790798187256,1.3564013242721558
-0.04350782185792923,-0.058270759880542755,0.750393807888031,1.6840262413024902,1.1084319353103638,0.4464816153049469,-0.2526969611644745,-0.2900553345680237,1.117546796798706,0.8306046724319458,-1.3856236934661865,1.5483657121658325,-0.5983425974845886,-0.2489871084690094,1.6539974212646484,0.21960148215293884,0.5324413180351257,-0.922073483467102,0.40876883268356323,-0.22583340108394623,0.17626215517520905,-1.2990728616714478,0.5277837514877319,-1.130454421043396,0.38538169860839844,-1.1249923706054688,-0.43685752153396606,1.1031619310379028,0.8094707131385803,-0.011209237389266491,-0.5694397687911987,-0.21592415869235992,-0.09018775820732117,-0.17983433604240417,1.8239717483520508,1.0208930969238281,1.6204029321670532,-0.0070306225679814816,-0.939357340335846,-0.3440968990325928,0.09208375960588455,0.7227969169616699,-0.567946195602417,0.22962148487567902,0.2656683921813965,0.14102715253829956,-0.4474438428878784,-1.7142728567123413,0.8888136744499207,-0.5793710947036743,-1.098840594291687,-1.2076863050460815,0.012916989624500275,0.180794358253479,0.11541150510311127,1.0944668054580688,-0.2041567713022232,-1.5961204767227173,-1.128973126411438,0.21823403239250183,-0.3708518445491791,1.6162527799606323,-0.8707433342933655
-1.649712324142456,-2.0649497509002686,-0.5980992317199707,-0.03708979859948158,-1.1590349674224854,-0.7592087388038635,-0.01131533645093441,0.2180483341217041,-1.0746039152145386,-1.7596373558044434,-1.0313243865966797,-1.053853154182434,-0.16451208293437958,-0.8014246225357056,-0.22539247572422028,-0.0503438375890255,0.311085045337677,0.6242955923080444,-0.46052467823028564,-0.1543406844139099,-0.024068079888820648,0.6522398591041565,-0.81075119972229,0.8881775736808777,-0.29974785447120667,-0.4868488311767578,-0.4680461883544922,0.062004510313272476,-0.7733621597290039,-1.2327897548675537,0.2755787968635559,0.31134119629859924,0.11079126596450806,-0.5334673523902893,1.1281770467758179,0.32966628670692444,-0.3837362825870514,1.0874671936035156,-1.3679590225219727,-0.6035757064819336,-0.06228524073958397,-1.3440518379211426,-0.6989176273345947,-0.39832744002342224,1.6759858131408691,-0.9465338587760925,0.675915002822876,-0.053437914699316025,0.5468526482582092,-0.5571147203445435,-1.1556932926177979,-0.6061719655990601,-0.8470348119735718,-0.5614229440689087,-1.0626355409622192,0.5896621346473694,0.36993685364723206,0.35138678550720215,0.6847215294837952,0.840180516242981,0.8483600616455078,1.9511315822601318,-0.34235456585884094
-1.676162600517273,1.7665729522705078,1.720840334892273,-0.8858816027641296,-1.6747583150863647,-0.8882553577423096,-0.8739661574363708,0.04317609593272209,-0.9563025832176208,1.8370413780212402,-0.1985737532377243,-1.7878597974777222,-0.05842304974794388,-0.4386597275733948,-0.32672205567359924,1.8358514308929443,1.380196213722229,1.493608832359314,-0.4650701880455017,1.9250564575195312,-0.6999399065971375,-0.2580677568912506,0.1602005660533905,1.8445309400558472,-0.8820022344589233,-0.7398602962493896,0.14478811621665955,-0.9385059475898743,-1.643372893333435,0.36980822682380676,0.7291967272758484,0.8831972479820251,0.5821130275726318,0.930920422077179,-0.5504697561264038,0.5359777212142944,0.914362370967865,0.4904575049877167,0.6958178877830505,-1.193731665611267,0.4235309064388275,-0.2853049635887146,-0.0065184105187654495,1.3826663494110107,2.081179618835449,1.2876571416854858,-0.8305844664573669,-0.5501068830490112,-0.6280316710472107,0.9838910698890686,-0.4556756019592285,-0.1876586526632309,0.07351703941822052,-0.38513532280921936,1.0610238313674927,0.37613075971603394,0.7898738384246826,-0.808026134967804,0.2844996750354767,-0.93272465467453,-0.10144725441932678,-1.3402326107025146,0.11268966645002365
1.229368805885315,1.1056915521621704,-0.15274903178215027,-2.0029540061950684,0.23858913779258728,-0.6368036270141602,-1.4048479795455933,-0.15427067875862122,-1.4191431999206543,0.568636953830719,-1.0288913249969482,-0.23942074179649353,-0.09846605360507965,0.27568674087524414,-2.3637921810150146,1.5706028938293457,-0.4529922902584076,1.1492313146591187,-1.7692276239395142,-1.006047010421753,-0.07368209213018417,0.09702344238758087,-1.1676923036575317,-0.19343100488185883,-1.183226227760315,-0.09921593964099884,-1.705806851387024,0.5902016758918762,0.5915595889091492,-1.058722734451294,1.8827589750289917,1.400575876235962,0.1230504959821701,0.8519525527954102,0.9738642573356628,2.0227115154266357,-0.6829410195350647,-0.5442560315132141,-0.21687956154346466,0.36623185873031616,-1.5050921440124512,2.4144275188446045,-1.9252986907958984,-0.6178471446037292,1.0134212970733643,-1.375525951385498,-0.7378395199775696,-0.9212127327919006,0.4178929626941681,-0.2559860646724701,0.7515785694122314,-1.100676417350769,-2.559720277786255,-0.9026526212692261,0.17557764053344727,-0.46797624230384827,-0.17219600081443787,0.9872707724571228,0.21534763276576996,0.5084943175315857,-0.365247905254364,-0.2743512988090515,-0.7909978032112122
0.37476345896720886,-0.5012438297271729,-1.3552807569503784,-1.928202509880066,0.8935026526451111,0.2166484147310257,-0.3398665487766266,-1.62603759765625,-0.26210424304008484,-0.6838569641113281,-1.1753355264663696,-0.6488796472549438,0.9964377284049988,-0.7523019313812256,-1.8898096084594727,0.7386785745620728,0.2269827276468277,1.3355528116226196,-1.0043760538101196,-0.8116206526756287,1.7424471378326416,0.6817401051521301,0.08957382291555405,-0.8938781023025513,-1.0957342386245728,0.23435641825199127,-0.7132101058959961,-1.198857307434082,-0.5778511762619019,0.09462982416152954,1.339032530784607,-0.7930874824523926,0.3327261507511139,-1.135805368423462,-0.17243331670761108,1.2357969284057617,-0.6173627376556396,1.3152482509613037,0.6558286547660828,-0.7465906739234924,0.940401017665863,0.21989168226718903,0.28216633200645447,-0.1539648473262787,-0.17528651654720306,1.7170839309692383,-0.641941249370575,0.585547685623169,-0.5772843956947327,-0.5681996941566467,1.2320870161056519,-0.3357814848423004,0.08979702740907669,-0.23617330193519592,-0.39430496096611023,1.1275696754455566,0.5736361145973206,-1.3038926124572754,1.9748890399932861,-0.3473547399044037,-1.3915451765060425,-0.3345361351966858,0.20699387788772583
0.5087032318115234,0.12074282020330429,-1.1008219718933105,0.02162778750061989,-0.724934458732605,0.7238301634788513,0.6079589128494263,-0.43920570611953735,-0.4572381377220154,-0.9645126461982727,-0.9510757923126221,0.1079796850681305,-1.0848149061203003,-1.4646177291870117,0.0053511736914515495,-0.2008548080921173,0.011809548363089561,2.5447492599487305,-1.0483486652374268,0.17866356670856476,1.3270248174667358,0.28053018450737,-1.20679771900177,1.4791604280471802,-1.7534738779067993,-0.05580303817987442,-0.4700411856174469,0.07428955286741257,-1.3977506160736084,-0.15031440556049347,1.7340419292449951,1.3527497053146362,-0.3018326759338379,-1.3266218900680542,-0.4601952135562897,-0.35105469822883606,-0.9415654540061951,1.503718376159668,0.4816409647464752,-0.5811657905578613,0.17257250845432281,0.21570512652397156,-0.2582130432128906,-0.0038823504000902176,1.9984256029129028,0.2928202450275421,-0.9747090935707092,-0.499492347240448,-0.06626841425895691,1.1634316444396973,0.5115957260131836,-0.8781486749649048,0.8996225595474243,-1.1551578044891357,-0.9151278138160706,-0.39654216170310974,-0.4942179322242737,0.4925357699394226,0.8852699398994446,1.4625526666641235,0.42115727066993713,-0.08006522059440613,0.35229963064193726
0.36926499009132385,0.829901933670044,-0.5584068298339844,0.7294644713401794,1.0695756673812866,-0.5668664574623108,-0.16663172841072083,-0.0838199183344841,0.5334416627883911,-0.16410012543201447,0.22367510199546814,0.1725296974182129,-2.8451778888702393,-0.03803754597902298,1.376631259918213,-0.6459078788757324,0.8829320073127747,2.038853168487549,0.0850074514746666,-0.5247402787208557,-0.060547053813934326,1.6658384799957275,-1.2360866069793701,1.6403708457946777,-0.8854405283927917,0.45755624771118164,0.45520541071891785,-0.4554557800292969,-0.7618223428726196,-0.8754529356956482,1.2823917865753174,-0.7264459133148193,-1.901537299156189,-0.30568617582321167,-1.248090386390686,0.4225049912929535,0.6907984018325806,-2.3153774738311768,0.22966760396957397,-0.018086645752191544,-1.0067455768585205,0.2811383008956909,-0.5722981095314026,-1.0695545673370361,0.5133228302001953,0.08179011940956116,0.2219931036233902,-1.8782145977020264,-1.1306934356689453,0.12168508768081665,-1.4421489238739014,-0.9138295650482178,-0.68858402967453,-1.8196251392364502,-0.9761247634887695,-0.6092671751976013,-1.642862319946289,1.7939796447753906,1.5509905815124512,0.4713745415210724,0.5829853415489197,1.5192077159881592,-0.0358971431851387
-0.7281937003135681,0.3947959840297699,0.5726642608642578,0.541515052318573,0.5724328756332397,-1.1482930183410645,-0.6074789762496948,0.2737745940685272,0.4293956458568573,0.8422194123268127,0.10158301144838333,0.6922459006309509,0.7136217355728149,0.32760030031204224,0.00011504397116368636,-1.3637566566467285,-1.317488431930542,0.09157809615135193,0.07711498439311981,1.0624477863311768,0.43058013916015625,-0.2613694667816162,0.5192352533340454,1.1333390474319458,1.403847575187683,0.27084672451019287,-0.7917782664299011,1.1476860046386719,0.43605920672416687,-0.9293785095214844,-0.3612431585788727,-0.958102822303772,-0.5840765833854675,1.2845852375030518,0.1891019493341446,-0.06325019896030426,0.9094560146331787,-0.283936470746994,-1.3697956800460815,-1.291994333267212,-0.7858967185020447,0.4673529863357544,-0.5738126039505005,-1.3267968893051147,-0.17084044218063354,1.0221911668777466,0.8619663715362549,1.0155534744262695,-1.4253867864608765,-0.9455596208572388,-1.4539475440979004,0.12437878549098969,-0.3944581151008606,0.41767585277557373,0.3434669077396393,-0.019845006987452507,-1.2149509191513062,-0.012985458597540855,0.12261055409908295,-0.3665972054004669,-0.526647686958313,0.8372706770896912,-0.9107030630111694

Slice 2
-0.11786041408777237,-0.5780945420265198,-1.0895360708236694,0.32834818959236145,0.7693021297454834,0.926288902759552,1.0916225910186768,0.43032675981521606,-1.4740506410598755,-1.0402805805206299,2.686091184616089,-1.0519870519638062,-1.0187780857086182,1.6798921823501587,0.07553794980049133,-0.41492152214050293,1.1362500190734863,0.9823542237281799,-0.564581573009491,0.991081178188324,1.8896281719207764,-1.6216020584106445,-1.2827813625335693,1.8068372011184692,1.070238709449768,-0.4360802471637726,0.693239688873291,1.1995108127593994,0.6845446228981018,-0.7502495050430298,1.1076076030731201,-0.42062437534332275,1.228582501411438,0.02603730373084545,-1.1308748722076416,0.2150442898273468,-1.1238653659820557,-1.7936718463897705,0.4984820783138275,1.2674180269241333,-0.2281683385372162,0.48895108699798584,1.6457502841949463,-0.4176631271839142,0.2326488196849823,-0.954589307308197,-0.8347075581550598,-0.7579262256622314,-1.8928457498550415,-1.0128201246261597,-1.3904235363006592,-1.642838478088379,-1.0230334997177124,-0.4577171802520752,-0.3194379210472107,1.5117948055267334,-1.0910207033157349,-1.2200464010238647,-0.4583348333835602,1.0647517442703247,0.1390121430158615,0.17744766175746918,1.4642187356948853
0.8282248973846436,-1.4457944631576538,-0.422013521194458,-0.5718600153923035,-0.9452007412910461,1.254769206047058,-0.60891193151474,0.975526750087738,1.5402162075042725,-1.636220097541809,-0.2132129967212677,-1.8727346658706665,-0.40601304173469543,0.8347026109695435,-0.8985247015953064,-0.6620070934295654,0.6756733059883118,-0.6790655851364136,-0.5872262120246887,-0.585576057434082,-0.29514217376708984,0.32567450404167175,0.700441300868988,-0.2111499309539795,0.15990805625915527,0.6920212507247925,-0.3107856512069702,-0.8907848000526428,0.5926042199134827,-0.035296108573675156,-0.47040945291519165,0.6433168649673462,-0.10968609899282455,-1.3033478260040283,-0.18133682012557983,0.4985467195510864,0.29798296093940735,0.7568725347518921,1.0771597623825073,-1.292380690574646,0.48244553804397583,-0.6641064286231995,0.523468017578125,0.013070626184344292,0.0646035447716713,0.5792509913444519,-1.0433672666549683,1.5152379274368286,-0.1729188710451126,-1.0323837995529175,-0.4448970556259155,0.17456620931625366,-0.5535589456558228,0.2097209244966507,1.0925081968307495,0.65789395570755,1.1316908597946167,-0.4716406762599945,-0.9905106425285339,0.14588184654712677,-2.032954216003418,-0.9250917434692383,0.436857670545578
-0.3844921588897705,-0.761345624923706,0.7453309893608093,-1.2703686952590942,-0.27868521213531494,-1.1181156635284424,-0.9732208251953125,-0.14227163791656494,0.9107445478439331,-0.36391469836235046,-0.9707636833190918,-0.7816489934921265,-0.21741808950901031,-1.140804409980774,-0.8352097272872925,-1.6126182079315186,-1.7797930240631104,-1.0799310207366943,-0.7321287393569946,-0.2119210660457611,-0.5655368566513062,-1.694808840751648,0.8593079447746277,0.778855562210083,-1.7422339916229248,0.4427691102027893,0.013794980943202972,1.8440132141113281,-0.7412501573562622,-2.14262056350708,1.3690012693405151,2.378711700439453,0.6632088422775269,0.5587670207023621,-1.216818928718567,0.7656067609786987,2.373629570007324,0.2534939646720886,0.03837995603680611,1.8148952722549438,-0.08360778540372849,1.071668267250061,-1.0006290674209595,0.25874221324920654,-1.270585536956787,1.010485291481018,0.3570982813835144,-0.4627593159675598,-0.4454750120639801,-0.6139360070228577,0.9035911560058594,-0.69937664270401,0.5033189654350281,-0.5659903287887573,1.8188742399215698,1.0951073169708252,0.4735223948955536,0.26342687010765076,-0.02083420567214489,-1.019905686378479,-0.6466048955917358,1.4860165119171143,1.1393102407455444
0.28925350308418274,0.026464352384209633,0.24931436777114868,-0.25149405002593994,-0.24825619161128998,1.3422861099243164,0.7459348440170288,0.0010363887995481491,-0.9877309799194336,0.996828556060791,0.4967617094516754,0.6378679871559143,-0.35666391253471375,0.21284236013889313,0.5284650921821594,0.8420796394348145,0.30271926522254944,-0.30106648802757263,0.43705785274505615,0.6098469495773315,0.24747662246227264,-0.6654945611953735,0.6869188547134399,-0.01844380795955658,-1.2203811407089233,1.5075981616973877,-0.5987067222595215,0.13393230736255646,-0.1496526002883911,0.31757843494415283,-0.40418463945388794,1.7345218658447266,0.029816798865795135,0.025662992149591446,-0.622950553894043,-1.164101004600525,0.7046129107475281,-0.251304566860199,-0.6880914568901062,-0.4788361191749573,0.8613643050193787,0.5311778783798218,-0.900456964969635,-1.032776117324829,-0.6455453038215637,0.20356705784797668,-0.8769083619117737,0.22594448924064636,-1.3021504878997803,1.4666783809661865,1.0230542421340942,-0.5564969182014465,-1.2517998218536377,-0.5107359290122986,-0.4422129988670349,0.18066789209842682,0.43505123257637024,1.003038763999939,2.0731112957000732,1.4430345296859741,-0.6364536881446838,-0.8843529224395752,-1.0163699388504028
-0.07130517065525055,0.026272432878613472,-0.0954248458147049,-0.09852220863103867,0.9437820315361023,-1.586318850517273,0.7419728636741638,0.20369814336299896,1.4627567529678345,0.2134055197238922,0.14493830502033234,-1.4418686628341675,-1.3545273542404175,-1.2941417694091797,0.19753746688365936,0.10646773874759674,-1.0780292749404907,0.10469364374876022,-0.04827636480331421,0.04108012840151787,0.309993714094162,-0.0017397007904946804,-2.139111280441284,-0.4430767595767975,0.25645506381988525,-0.9877001047134399,0.9116244912147522,-0.4189152717590332,-0.14159750938415527,0.47527459263801575,-0.4605412185192108,2.2394962310791016,-1.2727645635604858,0.1749330312013626,-0.7681666612625122,-0.8698765635490417,1.243310809135437,-1.1405649185180664,0.600135862827301,0.2567806541919708,-0.97603839635849,0.6415849924087524,0.38147926330566406,-0.3809075355529785,-1.0812411308288574,-0.4411301910877228,0.22556465864181519,0.6203451156616211,0.684201180934906,-0.12871550023555756,0.5934107899665833,-1.703831672668457,-1.1207647323608398,1.1556483507156372,-0.503369927406311,0.43955448269844055,0.865760087966919,-0.0934440940618515,1.4244530200958252,0.6859007477760315,-0.553366482257843,1.053515076637268,0.5177037715911865
0.4827643632888794,0.1426222026348114,-0.9332455396652222,1.2217762470245361,0.39773720502853394,-0.6025657057762146,0.990814208984375,-0.41117966175079346,0.7476036548614502,-1.0380860567092896,-0.35783690214157104,0.07778552174568176,0.012511118315160275,0.3519379198551178,1.2005728483200073,1.239310622215271,0.5029982328414917,1.9447282552719116,0.2760767638683319,0.45829084515571594,-0.28853997588157654,1.4656672477722168,-1.435225248336792,-0.015921782702207565,0.769825279712677,-3.822566270828247,0.6529218554496765,-0.2855195105075836,-0.08093129098415375,0.0016067961696535349,-0.18325194716453552,-0.702890932559967,-0.7741937637329102,0.7170473337173462,0.3741987347602844,-0.626105546951294,1.1610699892044067,-1.894389033317566,-0.36099135875701904,0.49266767501831055,0.46091514825820923,0.7476686835289001,-1.3779834508895874,-1.0220943689346313,0.3626615107059479,0.03088277578353882,0.7323682904243469,0.7783436179161072,1.8656748533248901,0.21735963225364685,1.1321386098861694,-1.0604864358901978,-2.7064743041992188,-0.37181681394577026,0.4780278205871582,1.381540298461914,0.9285558462142944,1.6077444553375244,-0.05093874782323837,-0.09317988902330399,1.1786534786224365,0.6136623620986938,-0.7158979773521423
0.9389456510543823,0.5977547764778137,-1.135825276374817,-0.23548190295696259,-0.5594875812530518,-0.5650956630706787,-0.7719014286994934,-1.5162867307662964,-1.105696201324463,-0.6716108918190002,0.07637763023376465,0.007125723175704479,-0.7958964109420776,0.36360567808151245,0.30138760805130005,0.03398487716913223,1.7381324768066406,-0.3343018591403961,-0.6758406758308411,1.1546542644500732,0.465440958738327,0.11968874931335449,-0.0016105261165648699,1.7885695695877075,0.2761979401111603,-0.8518826961517334,1.2663884162902832,0.8542385697364807,-0.8651168942451477,-0.6537614464759827,-1.9800245761871338,-0.09465066343545914,-0.7375434637069702,0.7621162533760071,-1.1194287538528442,0.39279136061668396,-0.377851665019989,-0.9214784502983093,-2.5001001358032227,0.25898316502571106,0.7683554887771606,0.6400349140167236,-2.0289554595947266,-0.8975360989570618,0.5392051339149475,-1.1130468845367432,0.8001416921615601,0.19004319608211517,-0.9458131194114685,1.1073291301727295,-0.08416315168142319,-0.5628541111946106,-1.2946094274520874,-0.11042927950620651,-1.76600182056427,0.2744889557361603,-0.09453189373016357,-0.2516339421272278,0.3202071189880371,-0.36496198177337646,-0.39536625146865845,0.28747451305389404,-1.1134741306304932
-0.9228664636611938,1.747788429260254,-1.4769495725631714,-0.28160324692726135,1.0780740976333618,0.5543873310089111,-0.5057823657989502,-0.09851526468992233,-0.2258676290512085,1.308028221130371,1.0299897193908691,0.8489488959312439,-0.10045338422060013,0.4991782605648041,-0.16645754873752594,1.5118446350097656,-0.41336631774902344,0.5427942276000977,-0.6930831074714661,0.9663434624671936,0.06999080628156662,0.23638814687728882,0.814202070236206,1.00991952419281,2.190402030944824,0.6228148937225342,1.8083324432373047,-0.03559350222349167,-1.3015998601913452,-0.7911331653594971,-0.302145779132843,-0.277723491191864,-0.1487307846546173,0.3508416712284088,0.362167626619339,1.302971363067627,2.366715431213379,0.14282327890396118,-0.6976127624511719,0.9291847348213196,0.05451909825205803,0.3076931834220886,0.35693177580833435,-0.8965082168579102,-0.46617552638053894,-0.49062153697013855,0.9119336605072021,-0.893496572971344,1.033833384513855,-0.11153870820999146,2.704115867614746,-0.29421791434288025,-0.9680827260017395,1.006310224533081,1.0948113203048706,0.9666918516159058,-1.2033634185791016,0.8869526386260986,-0.08426809310913086,0.14934608340263367,0.5198416709899902,-0.8464030027389526,-0.5384502410888672
0.6401551365852356,0.1041407436132431,-0.6713325381278992,-0.41235166788101196,0.6338376402854919,-1.1274604797363281,0.7671005129814148,0.7596304416656494,0.33156856894493103,1.1456142663955688,-0.8963905572891235,1.1224448680877686,0.36217623949050903,0.24108876287937164,2.186710834503174,-0.44780489802360535,-2.2288336753845215,0.94954913854599,-1.3951383829116821,0.7635927200317383,0.6917504668235779,0.4533257484436035,0.07195442914962769,-0.10570826381444931,-1.4153014421463013,-0.40368103981018066,-2.671328544616699,-0.5208053588867188,-1.306376576423645,-0.7173720598220825,1.0093640089035034,-0.8837629556655884,-0.10794918239116669,1.7996634244918823,0.005280986428260803,-0.4920603334903717,1.1961082220077515,-0.8121875524520874,1.4697871208190918,1.7369767427444458,0.6743378639221191,1.4483740329742432,0.6104615926742554,-2.292651653289795,-1.2631248235702515,-0.6902443766593933,1.3552873134613037,0.4552565813064575,0.23529137670993805,0.6100143194198608,1.4878547191619873,-1.0876975059509277,-1.8541109561920166,0.3633272647857666,-1.015740990638733,1.5283344984054565,0.6573649644851685,-0.6602314114570618,-0.5942636728286743,1.7295238971710205,1.544196605682373,2.784209966659546,-0.6117968559265137
-0.9309731721878052,-0.9887679219245911,1.8549025058746338,1.1603834629058838,-2.248173236846924,-0.19926463067531586,-1.1054645776748657,2.805523633956909,0.9580084085464478,-0.9803909659385681,-1.7125500440597534,1.333409309387207,-0.9564633965492249,0.1024213656783104,-0.7521540522575378,-0.005852725822478533,0.6932154297828674,1.5775080919265747,0.3127199113368988,0.38810408115386963,0.9221254587173462,0.12676416337490082,-0.6088521480560303,-1.0742602348327637,-0.8555218577384949,0.05774794518947601,-0.06142938882112503,-0.9394474029541016,0.2904573976993561,0.8642737865447998,-1.4382190704345703,-0.717636227607727,-1.6278584003448486,-1.1991437673568726,-0.9839531183242798,-0.3378155529499054,-0.4129836857318878,0.12053708732128143,0.5147048234939575,-0.7936021685600281,-1.4010717868804932,0.25193554162979126,-0.21990197896957397,0.6632764339447021,0.16818977892398834,-0.75656658411026,-0.8661848902702332,0.7293041348457336,-0.6786834001541138,1.0028599500656128,-0.5786239504814148,-1.3334285020828247,0.4967789947986603,0.662757933139801,-0.1519646793603897,-0.24958427250385284,1.1045701503753662,0.4921017587184906,-0.6307967901229858,0.03124774992465973,0.6599673628807068,-1.032504916191101,-0.9956231713294983

Slice 3
-0.8035948276519775,-1.38590669631958,0.7253854274749756,1.045954942703247,-1.983260989189148,1.0697802305221558,-2.029637336730957,-1.6627076864242554,1.2715768814086914,0.19472986459732056,1.243289589881897,0.10658188909292221,0.7994959950447083,-0.044220808893442154,-1.1674799919128418,-0.9409839510917664,-0.341249942779541,-0.4494569003582001,1.6645452976226807,-0.7846319079399109,0.5035901069641113,1.4513417482376099,1.0747305154800415,0.11010883748531342,0.1418529897928238,-1.217329502105713,1.739681363105774,0.6594964265823364,-0.22411984205245972,-0.1991278976202011,1.2833807468414307,0.8751749396324158,-0.510780394077301,0.3704454004764557,0.3703414499759674,-0.9229186177253723,0.008267751894891262,-1.2884665727615356,0.14638091623783112,-0.8789896965026855,0.1344480663537979,0.5811161994934082,0.661399245262146,2.2161059379577637,0.17039215564727783,-0.39690762758255005,0.18284986913204193,0.27425241470336914,-0.2329833060503006,-0.07879499346017838,0.021282508969306946,0.5444393754005432,-0.3412627577781677,-0.08172649145126343,-0.4803963005542755,0.7017463445663452,-0.032447848469018936,1.563147783279419,0.5614498853683472,-0.209011971950531,0.3703446090221405,-0.23802684247493744,-0.5311694741249084
-1.1203343868255615,-1.4957352876663208,0.2690063714981079,0.22282329201698303,-0.46394994854927063,-0.25916072726249695,-1.2096174955368042,-0.36338192224502563,0.41010791063308716,0.4928875267505646,-0.3114031255245209,-1.7756403684616089,-0.5415642857551575,2.2605652809143066,-1.0209283828735352,0.3494735658168793,0.6298966407775879,1.149326205253601,-0.9227300882339478,0.048914071172475815,0.858965277671814,0.8788599967956543,-0.3698945641517639,-0.5255632400512695,-0.2591300904750824,1.9242725372314453,-0.22890472412109375,-0.9648013710975647,-1.075790286064148,0.5363575220108032,1.2547647953033447,-0.3706229627132416,-1.2837034463882446,-0.7249213457107544,0.8361132740974426,0.8675302267074585,0.9121665358543396,-1.3594259023666382,-0.23619623482227325,-0.329336017370224,0.3128618001937866,-0.43874090909957886,1.0924197435379028,0.47400858998298645,-0.9729511737823486,1.75716233253479,-0.1901826113462448,-1.3327349424362183,-1.1142174005508423,0.044877100735902786,-1.4979989528656006,0.2626975476741791,-0.22483837604522705,1.2656000852584839,-0.8391041159629822,-0.7382069230079651,-1.1027626991271973,1.7871149778366089,1.23197603225708,-1.6319074630737305,0.8331441283226013,-0.6967020630836487,0.10770837962627411
0.9248247146606445,-0.35761499404907227,-1.9058762788772583,2.115677833557129,-0.003277483396232128,-1.3803521394729614,0.7475693821907043,0.5894489288330078,-0.09550350904464722,0.06991315633058548,-0.2612905502319336,-0.19555023312568665,-1.111517310142517,-0.03998195752501488,0.37568265199661255,-0.11204877495765686,-0.20520560443401337,0.005409734323620796,1.309675693511963,-1.1596384048461914,0.4550785720348358,-1.2700884342193604,1.869613528251648,-1.094161868095398,-0.20008355379104614,-0.8200170993804932,0.36135032773017883,0.4626862108707428,0.7216228246688843,-0.7319762706756592,0.1409154236316681,0.5590842366218567,0.08807618170976639,0.07067494839429855,0.276628702878952,0.027772696688771248,-0.2684052884578705,1.1435329914093018,0.7466371059417725,-0.7050751447677612,0.8827452063560486,0.18274135887622833,-0.3589775562286377,-0.6832625269889832,-0.08947984129190445,-0.24813903868198395,0.10185003280639648,0.8595010638237,-0.19964449107646942,0.020500164479017258,0.3815707862377167,0.683273434638977,-0.1111287847161293,-0.08213695883750916,-0.15615969896316528,-0.8635374307632446,0.3629455864429474,-0.4209973216056824,-1.0842535495758057,0.42044663429260254,-2.418158531188965,1.0423173904418945,0.20070651173591614
0.8696650266647339,0.7503989338874817,-0.6986008286476135,1.387836217880249,-0.046723637729883194,0.48733532428741455,0.5759814977645874,0.9999433159828186,0.48522821068763733,-1.7799657583236694,-0.24597768485546112,-0.3341825008392334,-1.7451188564300537,-0.0090138278901577,-0.08333270251750946,1.1825429201126099,-1.8573724031448364,-1.2685314416885376,1.2830778360366821,-0.8365246653556824,-1.414975643157959,-0.5285000801086426,-0.027028443291783333,2.642561674118042,-0.032697662711143494,-0.44978997111320496,-0.5726799964904785,1.3960297107696533,-0.16836461424827576,1.0894993543624878,0.14576153457164764,-1.047881007194519,-0.4983036518096924,0.859404981136322,-0.14628367125988007,0.8280190825462341,0.3722476661205292,0.25437650084495544,-0.26209887862205505,0.7449349164962769,-0.12681975960731506,-1.0072262287139893,-0.4537629783153534,0.4446561634540558,-0.21631592512130737,-1.8850148916244507,-0.4854801595211029,1.3142545223236084,1.1060211658477783,-0.8344112634658813,-0.4076771140098572,1.3868029117584229,-0.3431006073951721,0.041068267077207565,0.25411051511764526,0.06688215583562851,1.4468263387680054,1.3507848978042603,-0.4445360004901886,1.83419930934906,1.0635772943496704,-0.42585885524749756,0.23077000677585602
-0.9636738896369934,-1.1547127962112427,-0.350741446018219,-0.20416392385959625,0.269265741109848,1.6239696741104126,0.5953918695449829,0.12895552814006805,1.0466079711914062,-0.5676380395889282,1.5148581266403198,0.7493983507156372,-0.4262167513370514,-0.052675824612379074,-0.7506715655326843,-0.653251051902771,0.033251479268074036,0.6353427767753601,-0.24897004663944244,0.1386365294456482,-0.5541511178016663,-0.03254062682390213,-0.4551336467266083,0.4996466040611267,0.38497912883758545,0.9224252104759216,-0.6669471859931946,-1.1929702758789062,0.6863290667533875,1.3387502431869507,0.8108021020889282,-0.2554985582828522,0.1708264946937561,-0.9398886561393738,-0.8450245261192322,-0.49088922142982483,-0.7053629755973816,0.5957627296447754,1.2447600364685059,-1.2069239616394043,1.087750792503357,0.2811272442340851,0.45087486505508423,1.577048420906067,-0.26241934299468994,0.8568368554115295,0.1150665134191513,0.3648947477340698,-0.42665040493011475,-0.6836848855018616,0.5431374311447144,1.2339187860488892,-0.6373389959335327,-0.885620653629303,0.13055068254470825,-0.1162121593952179,1.3028056621551514,-0.2754279375076294,-0.10637176036834717,-0.8155182003974915,0.37456443905830383,-1.0397229194641113,1.079872488975525
1.2461439371109009,1.4817547798156738,-2.026881694793701,-0.7974030375480652,0.5339542031288147,-0.9966112971305847,0.7227467894554138,-0.2909514009952545,0.1970936506986618,1.1738390922546387,0.03852587565779686,-0.8343488574028015,-0.1415420025587082,0.6417580246925354,-0.004984583240002394,-0.32753628492355347,0.09876823425292969,-0.14066098630428314,0.33041077852249146,0.15709403157234192,0.3812764585018158,0.6384474039077759,1.1975983381271362,-1.1936697959899902,1.0532124042510986,0.6097896695137024,0.3315134644508362,-0.6746337413787842,1.4951730966567993,-1.1662342548370361,0.23415714502334595,-0.5480471849441528,-0.14318524301052094,0.27169886231422424,-0.32166776061058044,-0.9109905958175659,1.0450130701065063,-0.04345221817493439,0.5160477161407471,-0.5997262001037598,4.373405681690201e-05,-0.8954110741615295,-0.22296243906021118,-0.5634063482284546,-1.2104227542877197,-0.12591727077960968,1.2681959867477417,-0.5630462765693665,-2.3069987297058105,-0.30954036116600037,-0.14767111837863922,1.3268795013427734,-0.07942836731672287,-1.3818193674087524,1.3169609308242798,-0.2086481750011444,-0.7834558486938477,0.7614954710006714,-0.8258669376373291,1.5528656244277954,-1.0160857439041138,2.0180399417877197,0.5261778235435486
-0.5394331216812134,-0.5224514603614807,0.08123549818992615,1.9195747375488281,0.558184027671814,0.4029213488101959,0.5762979388237,0.49100175499916077,1.2372735738754272,0.8491647243499756,1.722204327583313,0.8615427613258362,-1.1298705339431763,2.236415147781372,1.574096441268921,-0.4626634418964386,1.0873569250106812,0.2664403021335602,-0.26857227087020874,0.3155692219734192,-1.1161668300628662,0.7624711394309998,0.2431652694940567,0.3876829147338867,-0.49147364497184753,0.010586882941424847,0.37477657198905945,1.5759741067886353,1.6302019357681274,0.919835090637207,0.46816393733024597,0.9478316903114319,0.17585261166095734,1.1510733366012573,-0.12358923256397247,-0.8357802033424377,2.2233614921569824,1.4783025979995728,0.7294268608093262,-0.7619609832763672,1.4093616008758545,-1.5341788530349731,-0.813704252243042,0.4047512412071228,1.4588152170181274,0.9114896655082703,0.8336502313613892,0.26460549235343933,0.4877426028251648,-0.5761797428131104,0.019715966656804085,1.872408151626587,0.43907487392425537,-0.7047065496444702,-0.39516934752464294,-0.6699219346046448,1.0991194248199463,1.599323034286499,-0.03494087606668472,-1.188035249710083,1.315172791481018,-1.6915022134780884,-1.1695919036865234
1.3021320104599,0.9006021618843079,0.11927466094493866,-1.2855719327926636,0.20327338576316833,-0.8854252099990845,1.3876324892044067,-0.12383411824703217,-0.5694770812988281,1.1515653133392334,-0.034910112619400024,0.35292255878448486,-0.710334300994873,-1.2305572032928467,1.728312611579895,0.9927339553833008,1.9200693368911743,-2.1866910457611084,0.09931950271129608,-0.5837429165840149,0.349782258272171,-1.34195876121521,-0.8167508840560913,-0.06530579179525375,-0.49179068207740784,0.24066676199436188,-2.082883834838867,0.17398478090763092,-0.08859790116548538,-0.5875174403190613,0.5316876173019409,-1.4588717222213745,-0.9599164128303528,0.7023090124130249,-1.1903657913208008,1.7993264198303223,-0.14043712615966797,-0.10772913694381714,-1.073087453842163,0.9829084873199463,-0.24789026379585266,0.7493824362754822,1.2152210474014282,0.17868688702583313,1.4192876815795898,-2.2702033519744873,1.226745367050171,-0.753051221370697,0.18331924080848694,-0.5521984696388245,0.8550785779953003,-0.6466292142868042,2.3301258087158203,1.8147203922271729,1.5300096273422241,0.34816092252731323,-1.308489441871643,-0.13161660730838776,0.872096598148346,-0.47758615016937256,0.6530294418334961,1.5064265727996826,-0.6094735264778137
-0.8183902502059937,0.156202033162117,-0.175685316324234,0.8419198989868164,-0.7244246006011963,0.8576639294624329,-0.11483757197856903,-1.2715402841567993,-1.8885233402252197,-0.46876102685928345,-1.4090604782104492,0.812620997428894,0.2836906909942627,0.18245741724967957,0.4890475869178772,-0.024672718718647957,0.9194954037666321,0.24139735102653503,-0.08645257353782654,-0.3224436938762665,1.096598505973816,0.17611250281333923,-0.9537277221679688,0.37100324034690857,-0.10070457309484482,-0.2646351754665375,-0.6066977381706238,1.010138988494873,-0.7846388816833496,-0.007749299984425306,-1.0357565879821777,0.6899411082267761,-1.9291715621948242,-1.0757304430007935,0.20155048370361328,0.546408474445343,0.9235810041427612,0.5663239359855652,-0.411007821559906,-0.369390070438385,-0.9919780492782593,1.159529447555542,-0.33477702736854553,0.6452473998069763,0.3143453299999237,0.16507747769355774,-1.4125059843063354,0.6804037690162659,0.44957512617111206,0.6306484937667847,1.4970554113388062,-1.2236487865447998,0.6969171166419983,0.08837074041366577,-0.021416200324892998,0.42500776052474976,-0.7436425089836121,-0.09307024627923965,-0.4301307797431946,-1.5085176229476929,-0.28768453001976013,-1.5187702178955078,0.46952149271965027
-0.19942373037338257,-0.4143504798412323,-1.652353048324585,0.5696118474006653,1.2128832340240479,-2.018221616744995,0.3938182592391968,0.0367632620036602,-0.5656710863113403,-0.7502769231796265,-1.3497843742370605,0.7796610593795776,0.8780331015586853,0.9361711144447327,-0.9044461846351624,1.331847071647644,-1.863770604133606,-0.8474844098091125,0.40326327085494995,-1.2800272703170776,0.3658352494239807,-1.0913227796554565,-0.19122828543186188,-0.8127366304397583,-0.02957446314394474,-0.0360998660326004,0.017121082171797752,-0.824467658996582,-0.37643882632255554,-0.7976590991020203,0.9716062545776367,-1.3369367122650146,-1.4193240404129028,-0.9446053504943848,-0.23025915026664734,0.6800094246864319,0.5699813365936279,0.29418742656707764,-1.675877332687378,-0.7861551642417908,-2.444864511489868,0.6784228086471558,-1.3096386194229126,-1.3336615562438965,-0.5378596186637878,-0.4286065399646759,-0.6249728798866272,1.258626937866211,0.8748860359191895,0.7514714598655701,0.05101640149950981,-0.6986269354820251,-0.5621260404586792,0.7176636457443237,-0.6067523956298828,1.4817472696304321,1.7655526399612427,-0.48176369071006775,-0.666273832321167,-0.9348898530006409,-0.3697982728481293,-0.7710145115852356,0.33379143476486206

Slice 4
0.498504638671875,-0.30534878373146057,-0.5153091549873352,-0.1252288967370987,0.10960162431001663,0.2996967136859894,-0.2839796841144562,1.334911823272705,0.6937882304191589,-0.5753933191299438,-0.9205279350280762,-0.6952253580093384,0.1603616327047348,1.4562926292419434,-0.4851662516593933,-1.3524624109268188,0.41816937923431396,0.8068490624427795,1.0999748706817627,1.237741470336914,-0.5610475540161133,-0.322456032037735,0.5912899971008301,1.0676164627075195,0.4165675640106201,-2.3592748641967773,-0.7947304248809814,-1.4854648113250732,-1.031337022781372,-0.4955389201641083,-1.0911078453063965,-0.18402986228466034,-0.7239872217178345,-0.9132308959960938,0.3987380564212799,-0.7886709570884705,-1.5023492574691772,0.8879785537719727,-0.6015996932983398,-0.2178446650505066,0.7000146508216858,0.7178210020065308,-0.17894302308559418,1.00675630569458,0.45123663544654846,-0.18104241788387299,-0.7055392265319824,-0.49721062183380127,-0.7417005896568298,-1.1865289211273193,0.5966228246688843,0.4012504816055298,-0.39608049392700195,-0.07867894321680069,0.9078643321990967,0.16391153633594513,1.0678281784057617,0.8706424236297607,0.07617044448852539,-0.6280282139778137,0.7363575100898743,0.014310530386865139,0.5347750782966614
0.14048129320144653,-0.4534575939178467,-0.11412795633077621,-1.9831960201263428,2.170881986618042,-0.3787912428379059,-1.2142196893692017,0.7734006643295288,0.7514078617095947,0.42096754908561707,-0.49427688121795654,0.5371739268302917,-1.758331537246704,0.6578154563903809,0.33569106459617615,-0.011295603588223457,1.5092381238937378,-0.7357655763626099,0.18501026928424835,0.408154159784317,-0.31422126293182373,1.2400623559951782,-1.111785650253296,-1.3286100625991821,-0.34048667550086975,0.6847326755523682,1.0145009756088257,-1.8141309022903442,0.4114912152290344,-1.1979631185531616,-0.8811572790145874,0.17124591767787933,-0.5132642984390259,2.2913239002227783,-0.6321579217910767,-1.2014750242233276,-1.657542109489441,-1.8278052806854248,1.0522501468658447,-1.1541813611984253,1.0225322246551514,-1.4071670770645142,-1.5617848634719849,-0.45387810468673706,0.21466489136219025,1.4340425729751587,0.9697362780570984,-0.47196727991104126,-1.0020121335983276,-0.5118887424468994,-0.6036778688430786,0.9498681426048279,1.2093696594238281,-0.6377708315849304,0.7086566090583801,1.2147709131240845,-0.12136620283126831,0.26477494835853577,0.9900747537612915,-1.1732838153839111,0.969954788684845,0.9448348879814148,0.6185535192489624
-1.5298012495040894,0.5598538517951965,0.3852618336677551,-0.9325743317604065,1.4900305271148682,-2.3113577365875244,-1.5566351413726807,-1.3467479944229126,-1.213300108909607,-0.9494110345840454,1.2392812967300415,0.32751181721687317,-1.062599539756775,1.3440383672714233,1.1186919212341309,-0.8811224102973938,1.6985005140304565,-0.2220691293478012,0.8069390654563904,-0.3197391629219055,-0.18757089972496033,-0.37754714488983154,0.4967139959335327,-0.4944554567337036,0.08899655193090439,-0.2180621325969696,0.7425833344459534,-0.6537553071975708,-1.0827714204788208,1.0931470394134521,0.6804263591766357,-0.8948812484741211,0.09689775854349136,0.9200785160064697,-1.2675789594650269,-0.18432839214801788,-0.5288561582565308,0.3852422833442688,1.3515803813934326,-0.7103742361068726,-1.64812171459198,0.010464664548635483,0.5952324271202087,-1.6099616289138794,1.7929209470748901,1.125857949256897,-0.14182940125465393,2.0909626483917236,-0.7469438314437866,-0.555182933807373,0.8013299107551575,-1.2835949659347534,0.30523982644081116,1.5259974002838135,1.1857035160064697,1.0282649993896484,0.3760974109172821,0.6361843347549438,0.75227952003479,-0.3913193345069885,0.745720624923706,1.3306607007980347,-0.18815326690673828
-1.029431700706482,0.5428585410118103,0.19039113819599152,0.7498234510421753,1.1112269163131714,1.8482027053833008,1.3139656782150269,-0.23506638407707214,0.30783942341804504,0.3331327438354492,-1.098479151725769,0.6102001070976257,1.6750588417053223,-0.6210173964500427,0.6346807479858398,1.1036688089370728,-0.5136370658874512,-1.4280630350112915,0.44098570942878723,-0.5449243783950806,0.3937554955482483,-1.8100351095199585,-0.29300880432128906,-1.0943082571029663,0.6320053935050964,0.4100687503814697,-0.11839031428098679,1.3408111333847046,-0.41451892256736755,-0.08105533570051193,0.4415287971496582,-0.644234836101532,-0.262508749961853,1.2518247365951538,-1.98115873336792,0.4088147282600403,-0.6157095432281494,0.9546113014221191,-0.044466692954301834,0.36446091532707214,-0.887833833694458,0.37611323595046997,1.042193055152893,-1.4971492290496826,0.6596736311912537,0.808095395565033,0.3387378752231598,0.2980818748474121,-0.34680357575416565,0.3693211078643799,1.6090679168701172,0.5834142565727234,1.1370564699172974,1.0706287622451782,0.43239322304725647,0.6530638337135315,0.34279170632362366,0.1971278041601181,-2.090132713317871,1.2090564966201782,-0.9201995730400085,1.142032504081726,0.2880193591117859
-0.1058976873755455,0.012192021124064922,-0.7945178151130676,-0.5228133797645569,0.09493628144264221,0.6798633933067322,-0.39717137813568115,1.2021819353103638,-0.07309617102146149,-0.5483395457267761,-0.03987506777048111,1.0202077627182007,0.37414106726646423,0.33131101727485657,0.0589115135371685,-0.5513277053833008,0.32610514760017395,-0.3231568932533264,1.2506861686706543,0.7357513904571533,0.12415698170661926,-0.3096068501472473,0.09686276316642761,0.3100506365299225,-1.1462914943695068,-0.47140243649482727,-0.18823319673538208,-0.5189898610115051,0.25810733437538147,0.6104974150657654,2.228951930999756,0.016114775091409683,-1.3643240928649902,-1.615897297859192,1.2911112308502197,0.7135295271873474,-1.3785755634307861,1.8596010208129883,0.3998602628707886,-1.0559868812561035,-0.31136104464530945,-0.4553409814834595,0.3542538285255432,1.3118693828582764,-0.22454452514648438,0.2498515248298645,-0.29256671667099,0.016350507736206055,-1.0156073570251465,0.34055468440055847,1.1434071063995361,-0.31385233998298645,-1.497793197631836,-0.7660624384880066,0.38328561186790466,-1.420620083808899,0.24448376893997192,-1.1272493600845337,1.1019566059112549,0.4027016758918762,1.3064260482788086,-1.7344409227371216,-0.9119789004325867
-0.48671746253967285,-0.5151938796043396,0.5880602598190308,0.3127102553844452,-0.5509467720985413,-0.2507203221321106,0.7105316519737244,-0.67975252866745,-0.47812846302986145,0.09332244098186493,-0.05362355709075928,-0.8450747132301331,0.6558127999305725,-0.12527349591255188,-1.144917368888855,-0.3517198860645294,-0.7418843507766724,1.0363610982894897,0.018569257110357285,-0.16651099920272827,-1.959097146987915,0.5498793721199036,-0.6462418437004089,1.5398260354995728,-0.6212805509567261,-0.567462682723999,-1.0330753326416016,-1.9646079540252686,-0.28803402185440063,-0.639890730381012,-0.17728537321090698,1.701305866241455,-0.3346025347709656,0.25949233770370483,-0.8016557097434998,-0.5760297179222107,0.8890419006347656,-0.47184449434280396,-0.7130707502365112,0.7918346524238586,0.339146226644516,1.662530541419983,0.10174167901277542,-0.5436071157455444,-0.5590137243270874,0.42993298172950745,-1.2603915929794312,0.07745207101106644,0.7190428972244263,-1.3841761350631714,-1.0711734294891357,-0.7482630610466003,-0.7768185138702393,-0.8732819557189941,0.39486223459243774,0.3536365032196045,0.6497485637664795,1.0914722681045532,-0.14216947555541992,-0.26309067010879517,-0.7144201397895813,0.6035288572311401,-0.9431853294372559
0.670868992805481,0.3853814899921417,-0.9620283246040344,-0.004400317091494799,-2.1430821418762207,-0.08845116943120956,0.07938441634178162,-0.49235209822654724,-0.13527436554431915,1.3073300123214722,-1.0114400386810303,1.719688892364502,-0.061406880617141724,-0.8463203310966492,0.7649991512298584,1.4405232667922974,0.4522562623023987,-0.0019173306645825505,-0.9258185029029846,-0.09011232852935791,1.0208505392074585,0.5322555303573608,-0.29918500781059265,0.5089403986930847,-0.8453183770179749,-0.45126256346702576,-0.29703664779663086,-0.47639501094818115,1.332564353942871,-0.4517372250556946,0.38541465997695923,-0.03479635715484619,-0.09142657369375229,-1.0736688375473022,-0.48403048515319824,0.5626320838928223,-0.267452597618103,0.5418527722358704,-0.7256143689155579,0.7344524264335632,0.10196647047996521,0.30551397800445557,0.3950645327568054,-2.152097225189209,-0.16839557886123657,-1.6258832216262817,-0.5290623903274536,-0.3937559127807617,0.3620583415031433,0.020226439461112022,-0.1443326771259308,0.5006152987480164,-1.587454080581665,-0.4567413628101349,0.23288655281066895,-0.12866489589214325,0.015482998453080654,-0.7389776110649109,-0.16527509689331055,0.04867938160896301,0.4341898262500763,-0.16848652064800262,0.5724744200706482
0.20523521304130554,-2.5132057666778564,0.10447949171066284,0.177688866853714,0.6481922268867493,0.2793382406234741,0.3064226806163788,-0.7144259810447693,-1.277329683303833,-1.49797785282135,0.10556752234697342,0.9191635847091675,0.28407061100006104,0.9607700705528259,0.6972566843032837,-0.7008112668991089,-0.24526020884513855,-0.15363487601280212,-0.9172236323356628,-0.9754474759101868,-1.3851408958435059,-0.4934474527835846,0.6920494437217712,0.6005286574363708,1.1398863792419434,-0.9446766376495361,-1.2404333353042603,1.3434432744979858,0.8360335826873779,-2.817854404449463,-1.054478645324707,-0.43030381202697754,0.6626263856887817,1.4859774112701416,0.31284573674201965,-0.37005317211151123,-0.1285189986228943,-1.1692872047424316,-0.8241515755653381,-0.6787693500518799,-0.23530735075473785,-0.778223991394043,-1.3666070699691772,0.5654265284538269,-2.2887299060821533,0.3257810175418854,-1.372428059577942,-1.1515991687774658,-0.7484980225563049,-2.0259957313537598,-1.5691288709640503,-0.5474198460578918,1.4448431730270386,1.5037248134613037,1.0535664558410645,1.3940846920013428,0.7082968354225159,0.3490374684333801,-0.2509864866733551,-0.3014123737812042,-0.5934750437736511,0.3661869764328003,-0.7830922603607178
1.272049069404602,-0.008679019287228584,-1.184333086013794,-0.010245423763990402,1.1545560359954834,-0.9328870177268982,-1.191192626953125,-0.57463538646698,0.29730090498924255,-0.6447587013244629,-1.5703270435333252,0.9063597917556763,0.03647655248641968,-0.3783876299858093,1.2096292972564697,-0.6257885694503784,-0.5137668251991272,-2.210512161254883,-1.2780133485794067,-1.8892779350280762,0.229071244597435,-0.7533531188964844,1.3948270082473755,-1.456887125968933,0.748921811580658,0.4043722152709961,0.6355587244033813,-0.18909651041030884,1.6067548990249634,0.6726539134979248,-1.1274670362472534,-0.08727247267961502,-1.5259311199188232,0.5343813300132751,1.1652321815490723,2.0974104404449463,-0.8187534809112549,-1.2373266220092773,0.7779564261436462,-0.9490451216697693,-0.13629016280174255,0.9145135283470154,1.40414297580719,-0.040494222193956375,-0.2708159387111664,-1.9840304851531982,1.0514734983444214,-0.719696044921875,-0.7580572962760925,1.1105687618255615,-0.6832367181777954,0.6641124486923218,2.624547243118286,1.1086262464523315,1.2695127725601196,1.0762850046157837,-0.35717737674713135,1.5945849418640137,0.06598425656557083,0.44474828243255615,-0.4355904459953308,1.299862027168274,0.316514253616333
-0.48668402433395386,1.2280480861663818,-0.07282446324825287,1.3085715770721436,-0.1366996467113495,2.9098730087280273,1.2903069257736206,0.6154457926750183,1.4168193340301514,1.8060544729232788,1.1945065259933472,1.7107373476028442,1.4836758375167847,-0.1247311383485794,0.03171936050057411,0.03648506850004196,-0.9797597527503967,-0.7474934458732605,-0.2800617218017578,0.6376162171363831,-1.2469981908798218,0.5741701126098633,0.9371234178543091,-1.6907482147216797,-0.5785561203956604,-0.5832981467247009,-0.9157201051712036,-0.5325809717178345,0.5948071479797363,0.7520240545272827,2.1596474647521973,0.7856060266494751,0.7846523523330688,2.2407522201538086,-1.2003802061080933,-0.25630199909210205,1.258512258529663,0.7630377411842346,-0.2177097499370575,0.5991103649139404,0.3764198422431946,0.692220151424408,-0.20777738094329834,-2.0537333488464355,1.729068636894226,0.7264308929443359,-1.1513710021972656,0.6027693152427673,0.9981073141098022,-0.3801940381526947,-0.39673084020614624,0.7105990052223206,-0.18870806694030762,0.46399885416030884,-1.7790861129760742,0.8560444712638855,-1.2520917654037476,-0.31855252385139465,0.6189782619476318,-2.027944564819336,0.9630044102668762,-0.11870626360177994,-0.3316042125225067

Slice 5
-1.4666708707809448,-1.64035964012146,0.28174853324890137,0.8565837144851685,0.8598642945289612,-0.26613855361938477,-1.3443832397460938,1.1146562099456787,-0.5911467671394348,0.07356314361095428,-2.5453569889068604,1.3052518367767334,-1.4572426080703735,1.1605610847473145,0.4015878736972809,-1.617544412612915,0.9721693992614746,-0.6373538374900818,-0.7532770037651062,0.17979905009269714,-0.2570238709449768,-0.20412887632846832,-0.49349671602249146,-0.7043042778968811,-1.3488801717758179,0.21363770961761475,0.2782137095928192,1.2611124515533447,-0.3406309187412262,0.8130083680152893,1.0476698875427246,0.4706537425518036,-0.19220535457134247,0.753485918045044,0.9269829392433167,0.4653569459915161,0.07030276954174042,-0.584086000919342,-0.031204983592033386,-0.10848155617713928,0.45596811175346375,-0.5107817053794861,-0.45462390780448914,-0.6075513362884521,0.3562260866165161,-0.3392968475818634,0.310905784368515,1.0765224695205688,-0.8407805562019348,0.10011328011751175,-0.7887365818023682,0.060345154255628586,0.6225540637969971,0.3132278621196747,0.4876999855041504,0.0158535186201334,0.3816530704498291,-0.7773434519767761,0.5879326462745667,0.5036749839782715,0.9689367413520813,-1.8924139738082886,0.226242795586586
1.110089898109436,1.0535898208618164,0.37006720900535583,-1.4690513610839844,0.7283303737640381,0.15743876993656158,-1.4878884553909302,-1.3313168287277222,2.4019951820373535,1.3254314661026,0.5470505356788635,0.4237632751464844,0.4463714361190796,-0.8987985849380493,-1.9558343887329102,0.9233307838439941,-1.0085234642028809,0.5751244425773621,0.7384357452392578,-0.12736037373542786,-0.9166566133499146,1.3586277961730957,-0.3430660665035248,-1.4710614681243896,-0.0067304931581020355,0.6325831413269043,0.7965996265411377,0.20058298110961914,1.05413818359375,0.6049944758415222,-0.5605448484420776,-1.9492406845092773,-0.13872382044792175,-0.6626730561256409,0.991370439529419,0.6664405465126038,1.8776741027832031,-0.3994942605495453,0.9106454849243164,1.1174638271331787,1.0979533195495605,-0.5662027597427368,2.0859618186950684,0.19698257744312286,-0.1118275448679924,-0.5668463706970215,-1.2939327955245972,-0.7538153529167175,-0.6599774360656738,0.6319159269332886,-0.4821595847606659,1.5678542852401733,0.13999508321285248,-0.6848819851875305,-0.1030188575387001,-0.5689828991889954,0.791543185710907,0.8114213943481445,1.7709674835205078,0.36387085914611816,-0.4870166480541229,-1.555733561515808,1.4761520624160767
-0.6144607067108154,0.5139397978782654,0.8222910761833191,1.134437918663025,-0.9196975827217102,0.1060645580291748,-0.15711578726768494,-0.287979394197464,-1.6079241037368774,-0.6835333704948425,1.4919637441635132,-1.3753238916397095,0.09416857361793518,0.5379644632339478,0.1632155478000641,-1.6375842094421387,1.6336698532104492,-0.5797125697135925,-1.7963546514511108,-1.8952358961105347,-0.13017798960208893,-0.8345350623130798,-1.2548742294311523,0.7422727346420288,-0.23967818915843964,0.3686840236186981,0.8987322449684143,0.3963829278945923,1.3608664274215698,-0.02691679447889328,-0.4887595772743225,1.182883858680725,-0.8106256723403931,-1.1745105981826782,-0.9105986952781677,-0.8173428177833557,0.035024143755435944,-0.783372700214386,1.1891061067581177,0.09673524647951126,0.6846458911895752,0.19506652653217316,-2.0780045986175537,-0.8637117743492126,-1.4245306253433228,-0.10080797970294952,0.15368790924549103,-0.18401005864143372,0.4241332709789276,-1.3499747514724731,2.1694157123565674,0.08974487334489822,2.3485054969787598,0.7004997134208679,-0.6760312914848328,-0.15471486747264862,-0.012342949397861958,2.171839475631714,0.6326329708099365,-0.7676771283149719,0.37608325481414795,0.4723084568977356,-1.5026514530181885
-0.48326006531715393,-0.6685978174209595,1.0495339632034302,0.2845308184623718,-0.3186943531036377,2.0181519985198975,0.6383692622184753,0.9956920742988586,-0.603596031665802,1.1487106084823608,0.6509333848953247,-1.7780306339263916,1.3753496408462524,-2.3230960369110107,0.44716504216194153,0.3961329460144043,-0.2640548050403595,2.0347790718078613,-1.5984700918197632,-0.6011566519737244,-0.45128339529037476,1.01040518283844,0.21403148770332336,0.5040472745895386,1.0629322528839111,0.7069369554519653,-0.8069049715995789,-1.0607019662857056,1.304856300354004,1.3293198347091675,-0.20837904512882233,-0.22604939341545105,1.0790644884109497,-0.40303730964660645,0.8020244240760803,-0.5446937084197998,0.6424552798271179,0.20582254230976105,-0.452133446931839,-1.352144718170166,-1.3395768404006958,-0.48076751828193665,-1.053817629814148,1.4018141031265259,-0.9037761688232422,0.17257581651210785,1.2137985229492188,-1.4779832363128662,0.31503090262413025,-0.32881662249565125,0.6860374212265015,1.382979154586792,-0.27284687757492065,-0.1249479278922081,-0.33742502331733704,-0.006876561790704727,1.3371899127960205,-0.1464167982339859,-1.7232036590576172,-1.167026162147522,0.12032251060009003,1.7386568784713745,-0.09746162593364716
-0.555366575717926,-0.7432040572166443,0.5065566301345825,-1.4093329906463623,0.5496414303779602,-0.7057231664657593,1.9577730894088745,0.11234030872583389,-1.2415989637374878,0.8435136675834656,0.5637485384941101,0.8562653660774231,-0.22752992808818817,-1.2043967247009277,0.3225681185722351,-0.27946481108665466,-0.11028577387332916,2.112352132797241,-1.565108060836792,0.20030522346496582,-0.2315945029258728,1.8841803073883057,-0.9992261528968811,-0.12806658446788788,0.8720145225524902,-0.6465522050857544,0.5899848937988281,-0.7388107776641846,0.07402653247117996,0.6442168354988098,1.3763551712036133,1.406491994857788,2.335470676422119,0.34024950861930847,-0.4194745421409607,-0.17862340807914734,1.145239233970642,1.334241271018982,-1.215045690536499,-0.09713704884052277,0.4368915259838104,-1.670106291770935,0.3595534861087799,-0.15253891050815582,0.07000599056482315,-0.1971709430217743,0.7998113632202148,-1.1006267070770264,-1.9384772777557373,0.6074875593185425,1.698427438735962,0.4398748576641083,0.7145443558692932,-1.2057199478149414,-0.6758264899253845,-0.19915367662906647,0.3728749454021454,-0.9576064348220825,-0.6468644142150879,-0.5383773446083069,-0.2677493393421173,-0.11535955965518951,1.2230567932128906
-1.7533848285675049,-1.4919933080673218,-0.06559766083955765,-1.3759641647338867,-0.8028030395507812,-1.365400791168213,0.7309918999671936,0.3107800781726837,0.2003449946641922,-0.9387200474739075,-0.6887444257736206,-1.2620506286621094,-0.8106158375740051,-1.1359988451004028,1.0128129720687866,0.062022864818573,0.9215363264083862,0.4677925109863281,0.6989787220954895,-0.40715673565864563,1.2679908275604248,0.6860959529876709,1.4240697622299194,-0.06373299658298492,-0.7095597982406616,-0.9202700853347778,1.2288589477539062,-0.7813102006912231,0.6478204131126404,1.785789132118225,-1.1915316581726074,1.814387559890747,-1.7141014337539673,-0.4246726334095001,-0.7982262969017029,0.1288105696439743,-0.9635230302810669,-1.5539205074310303,0.9306361675262451,0.3651507794857025,0.08249109238386154,0.7937420606613159,-0.04820192605257034,0.4934467077255249,-0.7577944993972778,1.349299669265747,0.679470419883728,1.2866051197052002,-0.18265856802463531,-0.9099266529083252,0.5126755237579346,0.37668564915657043,0.7661166787147522,0.14460211992263794,-1.4823566675186157,-1.998055338859558,-0.3222843408584595,0.10657436400651932,1.023144245147705,-0.20973418653011322,0.2893795073032379,0.8903717994689941,-1.5002461671829224
0.022417159751057625,0.1636824607849121,-1.2034741640090942,-0.048705413937568665,0.14354954659938812,-0.32223087549209595,1.1526678800582886,-0.504259467124939,-0.5505849719047546,-0.6619627475738525,0.7804646492004395,0.3935575485229492,0.09472924470901489,1.2758903503417969,-0.6849439740180969,-0.060521338135004044,-0.4997982978820801,-0.6051888465881348,0.7809017896652222,0.06799143552780151,0.3765922784805298,-0.29987531900405884,0.52314692735672,0.725048303604126,1.0007357597351074,-0.46069419384002686,-1.7661789655685425,0.13558490574359894,-0.8731588125228882,-0.8030151724815369,-0.3865514099597931,-0.5104622840881348,-0.7108044624328613,-0.028407763689756393,-0.3022199273109436,-0.2922539710998535,-0.9749787449836731,-0.6053522825241089,-0.17087046802043915,0.3636957108974457,-0.7527185082435608,-1.1900639533996582,-0.15031273663043976,-1.5763566493988037,0.747512936592102,-0.4392336905002594,-0.3610166013240814,-1.0030895471572876,1.2645772695541382,0.934422492980957,0.6952865123748779,-0.4765406847000122,-0.20635272562503815,1.2409864664077759,0.4585101902484894,0.2829402685165405,1.1180009841918945,0.24936778843402863,0.2555818557739258,-0.7452901601791382,0.2511526942253113,-0.7670897245407104,-0.0014099618420004845
1.013713002204895,1.7224606275558472,1.54219651222229,-1.2695897817611694,-0.4874880611896515,-1.0892115831375122,-0.09411848336458206,-0.2797107696533203,0.5454273819923401,-2.136129140853882,0.8290606141090393,-1.097424864768982,-0.2769804000854492,-1.5021460056304932,0.5474802255630493,-0.15616434812545776,0.6692544221878052,0.5954117774963379,0.7304214239120483,-0.2545432448387146,0.14834964275360107,1.453141450881958,1.510305404663086,-0.2121817171573639,0.8785055875778198,-0.40102437138557434,-0.9105910062789917,0.3871467709541321,1.732565999031067,0.8593770265579224,0.6416574716567993,-0.769913375377655,0.8563888072967529,0.3844148814678192,0.6270109415054321,0.03390965983271599,0.4075509011745453,-1.2080669403076172,-0.4629340171813965,-0.837411642074585,0.7939338088035583,-0.44985339045524597,0.4147585332393646,2.1059985160827637,1.238634467124939,1.4342373609542847,-0.10783008486032486,-0.846450924873352,0.45060837268829346,0.08439808338880539,-1.2724345922470093,-1.2122892141342163,-1.4072833061218262,-0.7980521321296692,2.003457546234131,-2.0762152671813965,1.2612063884735107,1.0708823204040527,0.7438102960586548,-1.0579712390899658,-0.6076169013977051,0.7333877086639404,-0.26805922389030457
0.5256312489509583,1.6682227849960327,0.23406293988227844,0.15054777264595032,-1.8378723859786987,0.7989702224731445,0.6392151117324829,-0.6981365084648132,0.5432312488555908,-0.1585094928741455,0.8713117837905884,0.2921527922153473,0.23798337578773499,0.5703747272491455,0.606200098991394,-1.390758991241455,-0.7018266916275024,-0.7071329355239868,1.1895419359207153,0.8562955260276794,-1.5595271587371826,0.3078153729438782,-0.6941578388214111,-1.2664040327072144,-1.6484540700912476,-1.2323145866394043,-0.410368949174881,-1.2240290641784668,1.122285008430481,0.40119796991348267,-0.8615301847457886,-2.2167296409606934,-1.6233031749725342,-0.19199153780937195,1.109985589981079,1.6764119863510132,-0.7961804866790771,0.14994271099567413,0.8577226996421814,0.5449450612068176,-0.18762041628360748,0.6825219392776489,1.1627570390701294,0.8174512982368469,-0.3974170386791229,-0.6659571528434753,-1.9850413799285889,-0.5860880017280579,1.3165433406829834,-1.662009358406067,-0.8493112325668335,-0.37304097414016724,-0.9147623181343079,2.230708599090576,-0.4179876446723938,-0.5632100701332092,-0.3750244677066803,0.9525174498558044,-0.26413482427597046,1.4807662963867188,-2.2218284606933594,-0.43911978602409363,0.7198684811592102
0.8957258462905884,1.3431401252746582,-0.6621609330177307,-0.9943486452102661,-0.9276193380355835,-0.41705548763275146,0.4971345067024231,-0.534920871257782,0.005899852141737938,1.4443211555480957,1.3254421949386597,-0.9062063097953796,-0.693781316280365,-1.2002679109573364,2.322274684906006,-0.054053936153650284,0.016388211399316788,-0.23481474816799164,-0.1866610050201416,0.20824193954467773,0.07574348896741867,1.509145975112915,0.46193835139274597,0.01503087393939495,-1.180655837059021,1.8704074621200562,1.5513275861740112,-0.7153812646865845,-1.0049755573272705,-0.31507378816604614,0.19659139215946198,1.4202802181243896,0.5566142201423645,0.4435376822948456,-0.5793941617012024,0.522455632686615,0.5329509973526001,-0.9532186388969421,0.8797873854637146,-1.412918210029602,1.7902477979660034,1.870290994644165,-0.4496226906776428,-0.5011184215545654,-0.5719850063323975,-0.7238960266113281,-0.4812537133693695,-0.05574510246515274,1.1648029088974,-0.9567899703979492,0.7698034644126892,-0.025486432015895844,0.26824894547462463,0.5865914225578308,-0.3462125062942505,0.0900362953543663,1.3128390312194824,0.4661868214607239,-0.45800596475601196,-0.32539457082748413,-1.2591396570205688,1.564875841140747,1.0821324586868286

Slice 6
0.2769201099872589,1.266837477684021,-0.8935788869857788,-2.574922800064087,-1.4880291223526,-1.508421540260315,1.7131822109222412,0.11447276175022125,0.6725825071334839,-0.1861092895269394,1.259117603302002,-0.3639015257358551,-0.6518949270248413,1.4782812595367432,1.4489120244979858,-0.37476715445518494,-2.134915351867676,-0.4326348602771759,-0.5974852442741394,1.0609550476074219,0.1650380939245224,-1.112094759941101,-0.943724513053894,-1.1267588138580322,0.10346509516239166,0.5070719122886658,-0.761411726474762,1.509095549583435,-0.4303340017795563,-0.41712743043899536,0.5452130436897278,0.390431672334671,-0.7779325842857361,0.7052856683731079,-0.4164765477180481,0.2966420650482178,-0.5143402814865112,0.33033204078674316,1.5208220481872559,-0.25977379083633423,-0.5465580224990845,-0.5486882925033569,-1.2388147115707397,-0.6329981684684753,1.5258173942565918,0.6418609619140625,0.04284514859318733,-1.8042364120483398,0.2836604118347168,-0.6403858065605164,1.2974083423614502,0.9177315831184387,-0.4858780801296234,0.5856965184211731,0.45257768034935,0.5690003633499146,-0.35506555438041687,-1.2281956672668457,0.19774213433265686,-1.7635798454284668,-1.1959257125854492,1.8948253393173218,0.1810082644224167
0.4742683172225952,-0.12402592599391937,1.6453813314437866,1.0267895460128784,-1.2113871574401855,-0.6361256241798401,0.0196563508361578,-0.4259762465953827,0.16860118508338928,0.2678797245025635,-0.3665667474269867,0.7233673930168152,0.17142614722251892,0.08089123666286469,-0.0018284133402630687,-0.15748381614685059,1.7460976839065552,-0.41401058435440063,1.019733190536499,0.6383776068687439,-0.18624544143676758,-0.7018013000488281,1.0533772706985474,-1.4885438680648804,-1.5764659643173218,-0.14507794380187988,0.08315160125494003,0.9756887555122375,0.6247825622558594,-0.1609954684972763,0.2081545889377594,0.0763644203543663,-0.3788652718067169,0.6785640716552734,0.5807841420173645,-0.572613000869751,0.22523725032806396,0.3968657851219177,1.250154972076416,0.1201145276427269,1.9642159938812256,-0.3992372751235962,0.1220296323299408,1.438248872756958,0.7448837757110596,0.8598660826683044,-1.1632957458496094,0.6907297968864441,1.0033462047576904,0.20368365943431854,-1.213932752609253,0.41016268730163574,1.0179494619369507,-0.8784002661705017,0.13463978469371796,0.759005606174469,1.465165615081787,1.621724247932434,0.5252063870429993,1.7016199827194214,-0.5079135894775391,-0.6314534544944763,-1.1762112379074097
-0.3720363974571228,-0.3401843309402466,-0.36824819445610046,0.25101199746131897,0.63470059633255,0.8773682117462158,-1.1946280002593994,-0.8118190169334412,-1.4556914567947388,-1.136645793914795,-1.1380174160003662,0.17877906560897827,-0.4315228760242462,1.065666913986206,1.5731332302093506,1.8203810453414917,-0.8009883761405945,-1.830936074256897,-0.4868868589401245,-0.33684882521629333,-0.15174293518066406,-1.461552381515503,0.6974412202835083,0.06278056651353836,-1.7265636920928955,-0.327200710773468,0.9269104599952698,-1.343548059463501,-0.7753692269325256,1.328033685684204,-0.908432126045227,-1.8768675327301025,0.9406872987747192,0.11584097146987915,-0.9054807424545288,-0.06406822800636292,0.4152619540691376,-2.1004321575164795,-0.34673836827278137,-1.2784160375595093,0.21505354344844818,-2.019967794418335,1.3318380117416382,-0.43266135454177856,0.4238450229167938,-0.21446187794208527,-1.120802402496338,0.8972353935241699,-0.29478561878204346,-0.9303224682807922,0.4721289277076721,0.5931577086448669,-1.1082310676574707,1.0696717500686646,-0.3378871977329254,0.9446712136268616,-0.7569782733917236,-0.7107546329498291,0.23865392804145813,-0.3004370927810669,1.5462491512298584,0.4519071578979492,0.6839470267295837
-1.425331711769104,-0.5218912363052368,-0.5925589203834534,1.177949070930481,0.16307076811790466,-0.4357336163520813,-1.2478303909301758,-0.40117937326431274,-0.8979499936103821,-1.4008464813232422,-0.7979962825775146,-1.072995662689209,-1.6197115182876587,-1.5168712139129639,-1.2623229026794434,0.26562002301216125,0.6437461972236633,1.4265745878219604,-1.1495604515075684,-0.1785859763622284,-1.1990342140197754,-0.12832294404506683,0.12921345233917236,-0.0742778331041336,0.8728424906730652,0.19966275990009308,0.5003102421760559,-1.2408143281936646,-0.12933222949504852,-0.452832967042923,-0.13892625272274017,-0.9525489807128906,1.9183942079544067,2.0460362434387207,0.26461145281791687,0.14021167159080505,-0.7927653789520264,-0.8859285116195679,1.051756501197815,-1.2562650442123413,-1.2249177694320679,0.8690546154975891,-0.008540713228285313,0.19960187375545502,-0.9523115158081055,0.9073235988616943,0.9829970598220825,0.22475916147232056,1.6838260889053345,0.003504618303850293,-1.189584732055664,-0.03752371668815613,-0.16659711301326752,0.7101371884346008,-0.6844021677970886,-0.36988863348960876,-0.5493298172950745,0.25420448184013367,0.5545264482498169,1.5078439712524414,0.7600594758987427,-0.42743977904319763,-0.9400754570960999
0.7268304228782654,-0.33709418773651123,1.127449631690979,0.4907676577568054,-0.5808073878288269,-0.016812607645988464,0.02559468522667885,-0.19579268991947174,0.25175321102142334,0.5511112213134766,0.817505955696106,-2.2155959606170654,1.45627760887146,0.04221697151660919,0.2225259244441986,-0.4107903242111206,0.9806868433952332,2.010683298110962,0.7444994449615479,0.19944098591804504,-1.2238162755966187,0.07268448919057846,-1.3453302383422852,0.1785965859889984,0.809627115726471,1.5550776720046997,-0.6610587239265442,-0.21229328215122223,0.45947036147117615,0.9553292393684387,-0.8218401074409485,0.25417935848236084,0.6115689873695374,-0.6319512724876404,0.43604856729507446,-0.612674355506897,0.43239787220954895,-0.1969335377216339,-0.22983397543430328,0.9549005627632141,0.49206337332725525,0.7457398772239685,1.3595833778381348,-1.0511794090270996,0.20354607701301575,-1.6065887212753296,0.5585464239120483,1.2179090976715088,-0.5339616537094116,0.7863882780075073,-0.8049929141998291,1.1782562732696533,-2.631674289703369,-1.4972611665725708,-0.07310961931943893,0.9265345931053162,-1.2104345560073853,0.5491043925285339,2.015016555786133,1.249859094619751,0.6886857151985168,-0.6089629530906677,-0.8915053606033325
0.5360056757926941,-0.024211475625634193,1.2318832874298096,-0.795079231262207,-0.42871561646461487,-2.2314679622650146,1.0763732194900513,-1.9546860456466675,-0.29053133726119995,0.7014442086219788,0.442325234413147,-1.2763718366622925,-0.10424210131168365,0.26966342329978943,0.012094207108020782,1.288772702217102,0.826206624507904,1.506285548210144,-0.6397585868835449,0.360451340675354,-0.22339218854904175,0.4049863815307617,1.3387287855148315,-0.30218935012817383,1.4342998266220093,0.10892228782176971,0.027324367314577103,0.5965964198112488,1.0681730508804321,0.5965133309364319,-1.2392220497131348,0.33012518286705017,-0.08850913494825363,-2.056364059448242,0.9838911294937134,1.2286168336868286,-0.18317875266075134,-1.0241961479187012,0.07540415227413177,-1.0545132160186768,-0.5150285959243774,1.993061900138855,0.6454055905342102,-1.2180054187774658,0.4484226107597351,-0.10354536771774292,1.716339111328125,-0.4996359348297119,0.13631965219974518,-0.5454021096229553,-0.17111027240753174,-1.5039575099945068,-0.9232089519500732,0.4079820513725281,-0.7904499173164368,-1.1437686681747437,0.2813113033771515,0.7096118330955505,0.1658187359571457,1.5909416675567627,-0.6575802564620972,-0.2773950695991516,-2.2712063789367676
-0.3051436245441437,0.7747411727905273,0.32541805505752563,1.4428163766860962,-0.9911265969276428,1.2316571474075317,0.299914687871933,-0.2005905956029892,0.7040542960166931,0.8607041239738464,0.31700658798217773,-0.18214882910251617,-1.5264471769332886,-1.093887209892273,-0.2596113085746765,0.40329617261886597,0.7162961363792419,0.5014926791191101,-0.8269591927528381,-0.30712035298347473,-2.1850922107696533,1.4563409090042114,0.5305485725402832,-0.5581508874893188,1.3901480436325073,1.0802263021469116,-0.8006175756454468,-0.5603428483009338,1.4416723251342773,-1.932468056678772,1.0695068836212158,0.7726010084152222,0.577439546585083,0.5502602458000183,0.49572548270225525,1.86664879322052,-1.3146229982376099,0.3229552209377289,1.2179875373840332,-0.47107821702957153,0.31344541907310486,1.0621601343154907,-1.8623301982879639,0.147733673453331,-0.6050635576248169,-0.4268796741962433,0.3866463005542755,-0.9553743004798889,-1.1205039024353027,1.2280932664871216,-0.8405333757400513,0.5090017318725586,-0.19959205389022827,-0.7522395849227905,0.8371171355247498,0.3315883278846741,0.7625182271003723,1.2847168445587158,-1.3203829526901245,0.9448720812797546,0.9991230964660645,0.2267221361398697,1.094375729560852
1.3680413961410522,0.5907636880874634,0.100371815264225,-1.1121009588241577,0.6220337748527527,0.3040546476840973,-0.7111247181892395,0.9805282354354858,0.923295259475708,1.1372512578964233,-0.5713056921958923,-0.6037414073944092,0.3599996864795685,-0.7649037837982178,-0.23344053328037262,-0.1672568917274475,-0.3368804454803467,0.44712936878204346,0.7749388217926025,0.31287795305252075,-0.7002567052841187,1.7814913988113403,0.805444598197937,0.6350176334381104,0.23574717342853546,0.5652910470962524,0.16527561843395233,0.422923743724823,0.05253882706165314,0.8461090922355652,1.4898245334625244,1.5635576248168945,-0.6943877935409546,1.0578099489212036,-0.12910443544387817,0.06448587775230408,-1.660027265548706,0.8334983587265015,-1.029353141784668,0.7257542610168457,-0.22769086062908173,0.3104546070098877,1.0382592678070068,0.6997928619384766,0.010590968653559685,1.29203462600708,0.03025854006409645,0.5450626015663147,1.1665607690811157,0.1556902527809143,1.2278019189834595,1.222664475440979,1.100618600845337,0.1921195536851883,1.0326006412506104,0.15668199956417084,0.8875651955604553,-0.6501455903053284,1.41924250125885,0.18294930458068848,-1.46660578250885,-1.910876750946045,1.1327871084213257
0.6603697538375854,1.8368873596191406,-0.8420283794403076,0.12222998589277267,0.8315161466598511,1.2731819152832031,-0.44976142048835754,-0.021689536049962044,-1.282752513885498,0.0363813191652298,-1.0472605228424072,0.7777690887451172,-0.48331546783447266,-0.44080808758735657,-0.6235268115997314,1.3635873794555664,-0.8901724815368652,0.10431777685880661,0.47767043113708496,-0.043269261717796326,0.07397269457578659,1.275072693824768,1.1226528882980347,0.9092313647270203,0.8155009746551514,-2.8312454223632812,-1.7966899871826172,-1.2847068309783936,-0.5363118648529053,-0.25733494758605957,-1.2928352355957031,-1.46126127243042,-0.5978031158447266,-0.44671812653541565,-1.716755747795105,0.9643551111221313,1.1089445352554321,-1.260739803314209,-0.7508594989776611,0.6495006084442139,-0.21815437078475952,0.7711089849472046,-0.9256981015205383,-0.06917095184326172,0.5508030652999878,1.022102952003479,-0.38584163784980774,1.52676260471344,-0.9890751242637634,-1.0316410064697266,-1.2524105310440063,-0.04090027138590813,-0.13228006660938263,0.019808975979685783,-1.6394673585891724,-0.31796225905418396,-1.159475326538086,-0.21203291416168213,-1.489898681640625,0.011271659284830093,0.10107608884572983,-0.2677970230579376,0.15870340168476105
-0.33251824975013733,0.9825628995895386,1.322441577911377,-0.0666126012802124,1.6696109771728516,-0.3884897232055664,-0.05358929932117462,0.8286696672439575,-1.7869960069656372,-0.292964905500412,-2.1156275272369385,0.19887042045593262,-0.8415113687515259,0.9920963048934937,1.868630051612854,0.17497481405735016,0.9259878993034363,1.2091113328933716,-1.3176579475402832,-1.4064255952835083,0.5455224514007568,-0.15586711466312408,-0.6995535492897034,1.9801514148712158,0.0375945083796978,0.7226264476776123,0.867953360080719,-0.07144726812839508,-1.3915562629699707,-0.43192172050476074,-0.1890798658132553,-1.1361289024353027,1.5607954263687134,1.4331001043319702,0.6737412810325623,-1.3458969593048096,1.4247820377349854,-1.4994757175445557,0.8878466486930847,-1.7187856435775757,0.6282231211662292,-0.3122866153717041,0.8071036338806152,-1.2205032110214233,0.432892382144928,0.39592018723487854,0.08302918821573257,-1.308281421661377,1.2855708599090576,-0.6961608529090881,1.2530221939086914,0.5450664758682251,-0.3665934205055237,-0.10243123769760132,0.3419940769672394,1.3216547966003418,-0.5579780340194702,-0.6460018754005432,-0.0010976234916597605,0.060973942279815674,0.2518745958805084,-0.9820523858070374,0.74379962682724

Slice 7
-0.21226178109645844,-0.47768011689186096,0.20378001034259796,-2.600098133087158,0.8272066712379456,0.8451189994812012,-1.2326627969741821,0.9576572179794312,1.0567834377288818,-1.9042924642562866,2.8641865253448486,-0.9589918851852417,1.622562289237976,1.7001168727874756,-0.7672665119171143,-0.274118572473526,-2.371428966522217,1.4244624376296997,2.006058931350708,-0.9249680042266846,1.393349051475525,2.6064186096191406,-1.8144006729125977,0.8444324135780334,-0.012378368526697159,1.4035813808441162,0.025359876453876495,-0.30431485176086426,-1.1632721424102783,-0.5324821472167969,-0.5637776851654053,-0.9228864312171936,-0.1240275651216507,1.0070343017578125,0.533315122127533,1.3200546503067017,1.1205438375473022,1.1874077320098877,0.6699245572090149,-0.7198325395584106,-0.22695226967334747,-0.36612141132354736,-1.3177427053451538,-0.3072948753833771,1.187368631362915,-0.39243370294570923,-1.3606784343719482,0.8574056029319763,0.6739711761474609,-0.47776368260383606,-1.1886686086654663,1.1776715517044067,-0.8561749458312988,1.7687448263168335,-0.2963540852069855,0.5747281312942505,-0.019654428586363792,0.23224790394306183,-0.38202252984046936,0.4246525168418884,-2.159262180328369,1.2270337343215942,-0.47869476675987244
2.0533080101013184,0.9181501865386963,1.3720804452896118,0.3721068799495697,-0.3875355124473572,-1.4164155721664429,1.4713212251663208,0.875033974647522,0.7941881418228149,0.5814431309700012,0.0702173113822937,0.7723545432090759,0.112982377409935,0.9712556600570679,0.234415203332901,-0.49119850993156433,0.7283905744552612,0.16999806463718414,-0.07923943549394608,0.8497904539108276,0.3264129161834717,0.9674166440963745,-0.6902807950973511,2.0976650714874268,-0.28861749172210693,0.6668330430984497,1.7149232625961304,1.5771251916885376,0.8410853147506714,-1.2434931993484497,0.09378833323717117,-1.0755881071090698,0.735684871673584,-0.44375625252723694,-1.3123115301132202,-0.5160037875175476,0.9187440276145935,0.46630507707595825,1.0465353727340698,0.22979581356048584,-0.38337990641593933,-0.7085005640983582,0.5372495055198669,1.0943888425827026,0.01274504791945219,0.7759929895401001,-0.06541480123996735,0.8158790469169617,1.503684163093567,0.9639827013015747,-0.6986579298973083,0.7669421434402466,-0.7687540650367737,-1.9331954717636108,-0.08173679560422897,0.48152270913124084,2.2856485843658447,-0.4896506369113922,-0.9979382753372192,-0.7685535550117493,1.0710320472717285,0.9277580380439758,-0.14304472506046295
-1.5784391164779663,0.10705150663852692,-1.334479570388794,-1.5653125047683716,-1.0148534774780273,0.5519277453422546,-0.5718691349029541,-1.2431261539459229,-0.9913172125816345,1.0935739278793335,0.14391687512397766,0.5411264896392822,0.16062983870506287,-1.15574049949646,0.20726193487644196,-1.6205151081085205,-1.6186935901641846,0.877532958984375,0.4900854825973511,-1.5044646263122559,0.04894869402050972,1.4413219690322876,-1.6570597887039185,-0.3172391951084137,1.8349425792694092,1.1115155220031738,-1.106015920639038,1.0901683568954468,-0.6139841675758362,0.7536073327064514,-0.36724576354026794,1.2952524423599243,-0.6753860116004944,-1.1102675199508667,0.32390525937080383,-1.1012550592422485,-1.164242148399353,-1.011607050895691,0.18684755265712738,-1.6385067701339722,2.0333023071289062,0.26462599635124207,-1.1232985258102417,-0.9389981627464294,0.731839120388031,-0.5120086669921875,-1.209836483001709,-0.7204636335372925,-0.5441837906837463,-1.8066920042037964,-0.5609596371650696,0.21656225621700287,-0.47877368330955505,-0.6114343404769897,0.46018749475479126,-0.9005372524261475,1.7802631855010986,0.628758430480957,-1.317549228668213,-2.631192207336426,0.7260998487472534,-0.33151018619537354,-0.7622987627983093
-1.1161390542984009,1.3672372102737427,-0.2903018593788147,-0.7960438132286072,1.8439983129501343,1.3609814643859863,-0.5103563666343689,0.9879536628723145,0.4019626975059509,0.5929133892059326,-0.22198151051998138,-0.461345911026001,0.608468770980835,0.15348441898822784,-0.4502653181552887,-0.7013905644416809,-0.628730297088623,0.5111716985702515,0.39075055718421936,-1.120030164718628,0.26829805970191956,0.9991422295570374,-0.8144577741622925,1.7110381126403809,1.9834946393966675,0.5291991829872131,0.4153798520565033,0.35732409358024597,0.5296819806098938,1.2395384311676025,-0.17953738570213318,0.11854905635118484,1.8893767595291138,0.24106824398040771,1.8544429540634155,0.594912588596344,-0.9335761070251465,-0.5493162274360657,2.2223434448242188,-1.2256203889846802,0.5490560531616211,1.323235273361206,0.7838152647018433,1.8360016345977783,0.3535122573375702,-1.1523566246032715,0.06674828380346298,-0.4107048511505127,1.1679725646972656,-2.3430967330932617,-1.2593090534210205,-0.535957396030426,-1.665824055671692,-0.13751503825187683,0.5007429718971252,-0.6898600459098816,0.4001322388648987,-1.9931602478027344,-1.0753871202468872,1.3786494731903076,1.0087401866912842,0.8922668695449829,-1.1206029653549194
-0.03036300092935562,-0.44655129313468933,-0.19590044021606445,-1.3342666625976562,-0.13356497883796692,1.1636873483657837,0.393951416015625,2.082007884979248,1.0758755207061768,-0.6964767575263977,-0.012288435362279415,0.7286667227745056,0.5562971830368042,-0.6704202890396118,-1.1838343143463135,-0.8213222622871399,-0.78232342004776,0.26466718316078186,0.4659463167190552,-1.2178936004638672,-0.5004085302352905,1.645658016204834,0.29922419786453247,-0.5241566300392151,-0.13707108795642853,-1.6757770776748657,1.051866054534912,-0.6220974922180176,0.5378410220146179,0.2283918410539627,0.491312712430954,2.267219066619873,0.16156770288944244,0.6253279447555542,-0.7760854363441467,-0.4915046691894531,1.099112629890442,0.16690193116664886,0.48076122999191284,-0.18927393853664398,-1.2212938070297241,0.13489782810211182,-1.1174379587173462,-0.6467965841293335,0.2120836079120636,-0.031660113483667374,-0.7261062264442444,0.8365002274513245,0.0007943921955302358,0.14916488528251648,-0.15851838886737823,-0.7751126885414124,-0.7781012654304504,-1.1886290311813354,1.9528111219406128,0.2702268362045288,-0.9835699200630188,-0.7113238573074341,-0.37118780612945557,0.08403944224119186,-0.5889711380004883,-0.8714072108268738,-1.6709338426589966
0.9762267470359802,0.6718917489051819,0.9256960153579712,-0.3562976121902466,-1.851388692855835,-0.9296390414237976,-0.6026401519775391,-1.1640557050704956,0.42474135756492615,-0.21027272939682007,1.1340276002883911,-1.703556776046753,-1.0200670957565308,0.959402322769165,-0.15970225632190704,1.6751118898391724,0.9431069493293762,1.740119218826294,0.6250851154327393,0.58232182264328,-0.857998788356781,-0.6058030724525452,0.26295915246009827,1.346951961517334,0.5005002021789551,0.021887369453907013,1.073535442352295,-1.1345033645629883,-1.4982801675796509,-0.8501507639884949,-1.7831026315689087,-0.7338802218437195,0.1214003935456276,0.6016243696212769,-1.4471980333328247,0.10386043787002563,-0.7108376622200012,0.2649325728416443,0.39639192819595337,0.6636344790458679,0.15027005970478058,-1.1332646608352661,0.4816169738769531,1.0443631410598755,1.9277530908584595,-0.04552188888192177,0.640548586845398,1.72829008102417,-0.21868760883808136,0.034658223390579224,0.23132072389125824,-0.9321401119232178,0.4326988160610199,0.8287625908851624,-1.5023603439331055,0.11851819604635239,0.31153857707977295,0.23231077194213867,0.43259280920028687,0.18624618649482727,0.7114086151123047,0.5072318911552429,0.5432510375976562
-1.458459734916687,0.6444177627563477,-0.19437511265277863,-0.12148434668779373,-0.09143577516078949,0.10655298084020615,0.026888899505138397,-0.8900105953216553,1.1801035404205322,0.7804440259933472,-0.23740017414093018,-1.697533369064331,0.6310283541679382,1.6398186683654785,-1.3040387630462646,-0.6530817151069641,-0.09068915247917175,1.140335202217102,0.5449469089508057,-0.12232261151075363,-0.8633396029472351,-1.3687787055969238,-1.7928855419158936,0.9352055788040161,1.3745530843734741,-2.5941946506500244,0.405688613653183,0.5198260545730591,-1.066284418106079,0.43389055132865906,0.18555952608585358,-0.596294641494751,0.2258809357881546,-0.15420393645763397,-0.1869318038225174,0.7352651953697205,2.1699540615081787,0.6549692749977112,1.2344036102294922,1.0143942832946777,-0.1740850806236267,-0.21157297492027283,1.9089239835739136,0.96794593334198,1.046615481376648,-0.9499927759170532,2.7705864906311035,0.5836540460586548,-0.8257344365119934,0.6905564069747925,-1.7924926280975342,-0.09701728075742722,1.5961350202560425,-0.6902108788490295,1.0053216218948364,-0.22397226095199585,-0.8549102544784546,1.0935697555541992,1.1426507234573364,0.1216963455080986,-0.15005581080913544,-0.0755920484662056,0.3092181980609894
0.7888309359550476,1.434167742729187,-0.2452574372291565,0.34005218744277954,0.09406054764986038,0.7071150541305542,0.8949205279350281,1.7598878145217896,-1.5290859937667847,-1.0568742752075195,0.06922782212495804,0.1928919106721878,-1.85185706615448,-1.0615549087524414,0.5644806027412415,1.329732060432434,1.4158895015716553,-1.1538912057876587,1.7520557641983032,0.4926796555519104,-0.07448773086071014,1.027775526046753,1.9989503622055054,-0.6520585417747498,0.023717069998383522,1.2216417789459229,0.5718930959701538,1.0499666929244995,-0.7692358493804932,1.6923906803131104,1.2658979892730713,-0.22521257400512695,-1.880487084388733,1.2223976850509644,0.4182782769203186,-2.5161831378936768,-0.8194242715835571,-1.320188045501709,-0.013928716070950031,-0.6301788091659546,0.7169560194015503,1.0596203804016113,-1.0573714971542358,-0.7498740553855896,0.15995660424232483,-2.7021896839141846,0.8653079271316528,-1.4444682598114014,-0.5437828302383423,1.034339189529419,1.532552719116211,2.0656821727752686,-1.7682578563690186,2.2895655632019043,0.9167692065238953,0.07537797838449478,-1.1037664413452148,-0.11809100955724716,0.28707531094551086,-0.17093141376972198,0.677921712398529,0.4506697356700897,-0.5955453515052795
3.0713510513305664,-2.9283668994903564,1.9329323768615723,0.5661762356758118,-1.8036255836486816,-1.253589391708374,1.14206862449646,1.8156659603118896,-2.0686066150665283,-1.0631325244903564,-0.22310271859169006,-0.14609070122241974,1.4963222742080688,0.037288568913936615,2.110194683074951,0.5250447988510132,0.4407852292060852,-0.08233649283647537,0.39960625767707825,0.9086800217628479,-0.11940377950668335,0.14113804697990417,0.8413974046707153,0.17176835238933563,0.14866551756858826,-1.0114054679870605,0.1858062744140625,0.19220401346683502,-0.652755618095398,-1.49713134765625,0.8132061958312988,0.24422454833984375,-0.21253709495067596,-1.9437158107757568,0.7784979939460754,0.45645615458488464,0.8132805228233337,1.4645112752914429,0.19786913692951202,2.4865784645080566,-0.39987942576408386,1.464483380317688,-0.7595333456993103,-0.1204468235373497,0.16387996077537537,-1.5722283124923706,-0.9075633883476257,0.8375532627105713,0.39118486642837524,1.621779203414917,-0.1660601794719696,-0.19453637301921844,1.750234842300415,0.22261695563793182,-1.6341990232467651,0.957745373249054,0.070327028632164,0.9915744066238403,1.940633773803711,-1.1603087186813354,-1.0062803030014038,1.0587348937988281,0.6472467184066772
0.7011176347732544,0.3675025999546051,-1.2225549221038818,0.6871591806411743,-0.2864311933517456,-0.8642902970314026,0.9268789291381836,-0.9717755317687988,0.3559238910675049,-1.2290624380111694,-1.4112743139266968,1.7292124032974243,0.6846418380737305,1.1451677083969116,0.607474684715271,-0.0851457267999649,0.01483142003417015,1.7773431539535522,-0.9027018547058105,0.38502541184425354,-0.8854390978813171,-0.6097290515899658,-0.6371917724609375,1.3847216367721558,1.5359106063842773,0.9159588813781738,-1.7240798473358154,-0.18345224857330322,-0.15374085307121277,0.1406237781047821,0.2372312843799591,0.1831507533788681,0.14922508597373962,-1.2707394361495972,0.055732909590005875,2.092024326324463,-0.3003506064414978,-0.9306086301803589,0.9977411031723022,0.9009809494018555,1.2895833253860474,-0.5569823384284973,-1.0020381212234497,0.27299609780311584,0.2494596391916275,0.6674695611000061,0.9456439018249512,1.7096236944198608,-0.2077125757932663,0.19744053483009338,0.2880083918571472,-1.3656578063964844,1.1787534952163696,-0.3732489347457886,0.6641063094139099,-2.0302674770355225,-0.7046364545822144,1.4568263292312622,-1.0399487018585205,-0.115718774497509,-0.4755213260650635,1.0222433805465698,1.0952523946762085

Slice 8
0.5815726518630981,0.6523826718330383,0.33408018946647644,1.3504929542541504,-1.7042772769927979,-1.810160517692566,-1.3312691450119019,-2.574411392211914,1.4665963649749756,1.0564005374908447,-1.242270588874817,-0.8078531622886658,-0.46445947885513306,-0.4643632769584656,1.3483800888061523,-0.7141884565353394,-0.6814644932746887,0.8911604881286621,-0.5190601944923401,0.41889554262161255,0.18529579043388367,0.7499599456787109,-0.8972960710525513,0.011636283248662949,-0.8509209752082825,1.0465091466903687,1.6870139837265015,-0.06814046949148178,1.8710451126098633,-2.1816506385803223,-0.9218694567680359,-0.6643121242523193,0.46395719051361084,-0.9444918632507324,-1.1981958150863647,-1.6552983522415161,0.7526823878288269,-2.395552158355713,-1.5226153135299683,0.7912023663520813,1.3906382322311401,-0.1195729449391365,-0.757540225982666,-0.9314839243888855,-0.4348958134651184,0.38313230872154236,-0.9270576238632202,-0.1904352754354477,0.6203190684318542,-0.8898276090621948,0.4240410029888153,0.25966328382492065,0.3774607181549072,-0.57163006067276,0.4078245460987091,0.48805028200149536,1.2819474935531616,1.071260690689087,1.2891734838485718,-0.31250476837158203,1.5260038375854492,-0.05057409778237343,2.1715714931488037
-1.3031001091003418,1.4203574657440186,-0.9920885562896729,-0.3446961045265198,1.9834630489349365,0.248737171292305,-0.8890709280967712,0.5043058395385742,1.5780673027038574,1.5539768934249878,-2.118495464324951,-0.30766761302948,-1.2102524042129517,-0.7062832117080688,0.5046432018280029,1.0631890296936035,0.7199086546897888,-0.9835464954376221,-1.058542251586914,-1.2754108905792236,0.7164989113807678,0.14370927214622498,1.4144362211227417,-1.0210124254226685,-0.7405135631561279,1.330741286277771,-1.1330801248550415,-0.08579522371292114,0.3475381135940552,1.4678332805633545,2.0998573303222656,-0.906816303730011,-0.26292213797569275,0.8650346398353577,-0.6214831471443176,-0.7244913578033447,0.5054332613945007,-0.3498753607273102,1.3962327241897583,-0.04608661308884621,-0.7533530592918396,0.48428142070770264,0.2553711533546448,-2.3708784580230713,-1.0486834049224854,0.5042727589607239,-1.2488168478012085,2.1448781490325928,-0.4562382698059082,-0.29953011870384216,0.2696933448314667,0.2501009702682495,0.2768775522708893,0.4782874584197998,-0.16758127510547638,0.48726746439933777,-0.20331338047981262,-0.4713667035102844,0.9936949014663696,0.8391944766044617,0.8770856261253357,2.0093843936920166,0.7049984931945801
-0.00014749361434951425,1.1281522512435913,-0.48415061831474304,-0.00835292786359787,-0.17083729803562164,0.2920374870300293,-0.3619023263454437,1.3621958494186401,-0.137852743268013,0.7714177966117859,0.10784491151571274,-1.3887933492660522,-0.8381184935569763,-1.5081684589385986,-1.2472290992736816,-0.2732263207435608,0.0460657998919487,0.19597116112709045,-0.5665680766105652,-0.855420708656311,-1.0110893249511719,-1.2090349197387695,0.2506248354911804,-1.8497239351272583,-0.44041988253593445,-1.0489698648452759,0.6764729619026184,0.588707447052002,-0.3168976604938507,-0.018681112676858902,-0.38245224952697754,1.044826626777649,0.20651660859584808,1.788834810256958,1.2076146602630615,0.29606202244758606,0.32533690333366394,-0.1671837419271469,1.4015480279922485,0.38014471530914307,-0.4754556715488434,-0.39481449127197266,1.756259560585022,0.6308056116104126,0.876174807548523,-1.4847908020019531,-0.420743465423584,-0.6202254295349121,-1.091375470161438,-0.37410083413124084,0.305484801530838,-0.6376706957817078,1.8016839027404785,-1.5196762084960938,-0.4101865589618683,-0.5407058596611023,0.7992240786552429,-0.49401694536209106,-0.7336719036102295,2.0402541160583496,-0.5261127352714539,-1.1004219055175781,-0.6349374055862427
-0.6570308208465576,-1.2440680265426636,0.755197286605835,0.4515796899795532,0.972466766834259,0.4753772020339966,-0.6305756568908691,0.014387084171175957,0.9925637245178223,-0.273838073015213,-0.7850568890571594,-0.5665951371192932,0.9236387610435486,0.8403354287147522,-0.25619184970855713,-0.2777366042137146,0.09241677075624466,-1.3041538000106812,-0.46282297372817993,0.5009727478027344,1.4835366010665894,0.20452602207660675,1.5623022317886353,0.476718544960022,-0.32297471165657043,0.6998909115791321,0.010779617354273796,1.6168692111968994,0.053980592638254166,-2.32953143119812,0.35243716835975647,-1.2672280073165894,0.9327524900436401,-1.0227407217025757,1.9774341583251953,1.7615197896957397,-0.7137900590896606,0.06971807777881622,1.586939811706543,1.6725703477859497,0.6682530641555786,-0.8898167014122009,1.5306541919708252,-1.112796664237976,-1.219074010848999,0.3873784840106964,0.8393965363502502,-0.17666898667812347,-0.5224098563194275,-0.42822879552841187,-0.14234034717082977,-0.8374993205070496,0.6528035998344421,-0.24361291527748108,1.847339153289795,-0.9977645874023438,0.31427067518234253,-0.30028092861175537,-0.03334688022732735,2.047677755355835,0.36848580837249756,-1.15556800365448,-0.8007990717887878
1.6248937845230103,0.7899432182312012,1.2378568649291992,2.3214731216430664,1.6690913438796997,-1.2898184061050415,1.1586999893188477,-1.0100255012512207,-1.5075981616973877,-1.077287197113037,-0.6438345313072205,1.8992940187454224,0.24971260130405426,-0.6923298835754395,-0.633525013923645,0.9092159867286682,-0.02369358018040657,-0.7806459665298462,0.9056869745254517,-1.4147109985351562,-0.32464075088500977,1.544782280921936,0.17092832922935486,-1.2231497764587402,2.1744940280914307,0.969664990901947,1.2349560260772705,1.1072297096252441,-1.278465986251831,1.0643326044082642,0.8702102899551392,-0.287347674369812,-1.405929446220398,-0.5705551505088806,-1.1357697248458862,0.6359429955482483,0.4622720777988434,1.2542824745178223,-1.5442687273025513,-1.2009025812149048,-0.3952382504940033,0.1929403692483902,-0.15022094547748566,0.7626197934150696,-1.3865644931793213,-0.805354118347168,1.2220333814620972,0.17753814160823822,1.0163296461105347,-0.627196729183197,-0.8290440440177917,-1.3253229856491089,0.6957716941833496,0.9737374186515808,-0.6362784504890442,1.6489464044570923,-0.18180450797080994,-0.3912340998649597,-0.3899875581264496,-0.23334094882011414,0.8568505048751831,1.0593254566192627,-1.2925089597702026
-0.33141714334487915,-0.37374114990234375,1.4243519306182861,-1.6948606967926025,-0.2502390146255493,1.307133436203003,-1.4306634664535522,0.7214424014091492,0.8037545680999756,0.5266339182853699,-0.3513558804988861,-0.6676647067070007,-1.7878941297531128,-0.5830487012863159,1.057613492012024,-1.3979493379592896,2.2475178241729736,0.8136770725250244,-2.2986481189727783,0.39537495374679565,0.15801575779914856,0.5008670687675476,1.1549525260925293,-0.6913763284683228,-1.1752079725265503,0.8822807669639587,1.0347495079040527,-2.494906425476074,0.12567900121212006,-1.1612285375595093,0.23954573273658752,0.7618482112884521,1.2225613594055176,0.37430623173713684,1.4279072284698486,1.1856070756912231,-2.175077199935913,-2.6130266189575195,0.11826580762863159,0.8343879580497742,-2.0475685596466064,2.200892925262451,-1.5131419897079468,-0.33018386363983154,1.2532905340194702,-1.8530610799789429,0.6173238158226013,1.0646620988845825,0.8247575163841248,-2.7143502235412598,2.027768850326538,-1.3324894905090332,-1.799522876739502,1.072202444076538,-2.128645658493042,1.6076438426971436,1.7962541580200195,-0.025459669530391693,-0.21697385609149933,0.214334174990654,0.47274452447891235,0.4993322193622589,0.799441397190094
0.626198410987854,-1.5332430601119995,0.7329748868942261,2.075605630874634,-0.024581575766205788,0.7593197226524353,0.15102531015872955,0.6279937028884888,0.20293313264846802,-0.6112013459205627,-0.33843889832496643,-0.2765462398529053,0.6440451145172119,0.13261359930038452,-0.021898020058870316,-0.2734474539756775,-0.29521992802619934,1.0478595495224,0.5331205129623413,-2.1638026237487793,-1.2297900915145874,0.0480203814804554,-0.21778245270252228,-1.5800288915634155,0.7969446182250977,-1.0684763193130493,0.39399075508117676,0.7012816071510315,1.646842122077942,1.0743128061294556,0.7743244767189026,0.14690706133842468,-1.272059679031372,-0.12293029576539993,1.4599019289016724,1.0524725914001465,1.2475230693817139,1.2237200736999512,0.001845716848038137,-0.08390577137470245,0.33938834071159363,-1.3373922109603882,0.1250217854976654,0.5792183876037598,1.0478200912475586,0.47812846302986145,-0.35725799202919006,-0.375747412443161,-0.6032878160476685,-0.3235453963279724,1.92277991771698,-0.4439122676849365,-0.7378023862838745,-0.24866896867752075,1.6082271337509155,-1.1676502227783203,1.3726985454559326,0.9939329624176025,-0.7156472206115723,0.349703311920166,1.5264592170715332,-0.48539942502975464,0.21849249303340912
0.21133987605571747,0.6310791969299316,0.9380154609680176,0.2564808428287506,0.29205819964408875,-1.6195544004440308,-0.6989261507987976,-0.05683804675936699,0.1275200992822647,0.22254827618598938,-2.323929786682129,-0.7887869477272034,0.005279890261590481,-0.44415679574012756,-1.1485906839370728,-0.6810122132301331,0.7833445072174072,-1.0567609071731567,-1.5095707178115845,-0.19631774723529816,0.6654877066612244,-0.47293621301651,-0.35208919644355774,0.3316030502319336,0.2062121480703354,0.31858736276626587,0.5978250503540039,0.4878878593444824,-1.011196494102478,1.4509886503219604,0.526138186454773,-0.7432501316070557,-0.6584303379058838,1.2258340120315552,0.9015072584152222,0.6212513446807861,1.631060004234314,0.24611951410770416,-0.09293900430202484,1.5483812093734741,0.5302938222885132,0.08254864811897278,-0.12343976646661758,0.3326341211795807,-1.3614802360534668,0.13297145068645477,0.3049837350845337,-0.163596048951149,-0.3912235200405121,-1.1529425382614136,1.0633482933044434,-0.2696485221385956,0.48532387614250183,-0.45773786306381226,1.6257833242416382,-1.0811632871627808,0.5983849167823792,-0.7453315854072571,1.4181102514266968,1.493019938468933,-0.4628736972808838,1.1061776876449585,-0.6445558071136475
1.0110641717910767,-0.4445798099040985,0.85565185546875,0.15135221183300018,-0.33362096548080444,-1.1121745109558105,0.7277419567108154,-0.49087920784950256,0.7338526844978333,-0.5882692933082581,0.46401137113571167,-0.721624493598938,-0.014916918240487576,0.9472335577011108,-1.117580533027649,-0.9240472912788391,0.650861382484436,-0.3020702600479126,0.6212014555931091,0.0731901302933693,-1.8196264505386353,1.490042805671692,-0.32595953345298767,-1.1062581539154053,-0.2256651073694229,1.8535606861114502,0.9764248728752136,0.47881245613098145,-0.467917799949646,-0.7210365533828735,0.4830358028411865,1.0177444219589233,0.19298990070819855,-0.37617841362953186,-1.4494727849960327,-1.6276905536651611,-1.0152167081832886,-0.2512410581111908,-0.47516077756881714,-0.9163186550140381,-1.686686635017395,1.3131322860717773,0.17205499112606049,-0.20313584804534912,0.4509675204753876,0.40585827827453613,-0.22879374027252197,-0.6836103796958923,1.045105218887329,-0.13933159410953522,0.21770718693733215,-0.981793999671936,1.327614426612854,1.216284990310669,-0.6533687114715576,0.38090962171554565,0.35360780358314514,-1.781614899635315,-1.6352813243865967,0.2245863676071167,0.11643008887767792,-0.6457774043083191,-1.5917617082595825
0.7820912599563599,0.37039539217948914,0.21045303344726562,0.5594168305397034,1.5496826171875,-1.870589256286621,-0.22101816534996033,-1.0645426511764526,-1.0079741477966309,0.35198912024497986,-0.36068281531333923,-1.9332648515701294,2.5803582668304443,-0.3513197898864746,-0.25699806213378906,1.750738501548767,-0.20015648007392883,0.39854562282562256,0.34018674492836,-0.887338399887085,-0.19267062842845917,-0.11180011183023453,-1.045681118965149,-0.059077054262161255,-0.8318833708763123,-0.5957925319671631,1.1809773445129395,0.28414809703826904,-0.2780616581439972,0.7442492246627808,1.4685204029083252,0.6224325895309448,-0.909500241279602,-0.37009280920028687,-1.3366361856460571,-0.9648876786231995,-0.8055814504623413,-0.22839589416980743,-0.15893249213695526,-0.09532001614570618,0.8282158374786377,-0.6878242492675781,0.8027207851409912,1.6564861536026,0.355015367269516,0.9409573078155518,-0.6732841730117798,-0.9576911926269531,-0.3834995627403259,-0.21034939587116241,-0.08922047168016434,-1.5082180500030518,-0.2983928918838501,-1.08705735206604,0.7940810918807983,-0.04986213892698288,0.18590213358402252,1.4388902187347412,1.8597373962402344,0.5947553515434265,-0.20997942984104156,-1.4409395456314087,0.20983025431632996

Slice 9
-1.5959994792938232,0.9850350618362427,0.6461703777313232,-0.16033941507339478,0.11324980109930038,0.8410243391990662,-0.7817508578300476,0.5075652599334717,0.8843215107917786,-0.74846351146698,1.90847647190094,0.5197683572769165,0.5384901762008667,0.06671310216188431,0.0005002075922675431,-1.80382239818573,-1.4871442317962646,1.21705961227417,0.18623614311218262,-0.4956836998462677,-0.4143819808959961,-1.3907262086868286,1.680495023727417,0.8518794178962708,-0.5396159887313843,-1.0731837749481201,-1.93901789188385,-0.0020122623536735773,-0.6248534321784973,-1.439775824546814,1.325298547744751,-1.2926032543182373,-1.4531821012496948,0.553787350654602,-0.5536007285118103,-0.03421729430556297,-0.8165475130081177,0.8111550807952881,1.6236447095870972,0.3478519022464752,-1.7879817485809326,-0.5723932385444641,-0.361268013715744,0.05700971558690071,-1.0677310228347778,-1.49500572681427,-1.269331693649292,-0.24663488566875458,0.9547097086906433,0.3266788423061371,-0.5150573253631592,1.0971976518630981,-0.6615748405456543,0.62660151720047,0.6271234750747681,0.09392356872558594,1.1165143251419067,0.5673515796661377,-0.5164719820022583,-0.03253306820988655,-0.7228867411613464,0.8500452041625977,-1.6764699220657349
-0.8210415244102478,-0.8758310079574585,1.0445265769958496,0.3326977789402008,1.0891759395599365,1.1627708673477173,-1.9422646760940552,1.3462014198303223,2.0065314769744873,-1.255103349685669,0.9228425621986389,-1.560944676399231,1.2623555660247803,0.12391918152570724,1.1460716724395752,-0.7199586033821106,-0.6541712880134583,-1.2809958457946777,-0.6459301710128784,1.0126572847366333,0.8673922419548035,-1.6045337915420532,0.31289005279541016,-1.5458543300628662,-1.1869785785675049,-0.3501209318637848,1.3550201654434204,-1.875966191291809,-0.7557798624038696,-1.1496931314468384,0.5226031541824341,1.014691948890686,-0.6683889031410217,1.0157862901687622,-0.14336787164211273,-1.2897323369979858,-1.613413691520691,-0.061894748359918594,-1.1682910919189453,-1.0279083251953125,0.9171144962310791,1.1631697416305542,0.5953147411346436,0.5640929341316223,-0.8411116600036621,-0.05037161335349083,-0.7432643175125122,1.1061279773712158,0.8354251384735107,0.11346699297428131,-0.27570873498916626,0.7388119697570801,0.740188717842102,0.6760083436965942,0.15418189764022827,-0.07320008426904678,-0.07073961198329926,0.14844641089439392,0.8781157732009888,-0.6344817876815796,-0.16961531341075897,1.1189258098602295,1.3271657228469849
1.1893136501312256,-1.8008859157562256,0.8304382562637329,0.5937721133232117,-1.1911745071411133,1.185895562171936,-0.8937268853187561,-0.33468493819236755,-1.822919487953186,-0.5631362795829773,0.3030816912651062,-0.9688230752944946,-1.666740894317627,1.4476361274719238,1.9059935808181763,0.05379275232553482,0.09462090581655502,-0.36846330761909485,0.2880752682685852,1.3832967281341553,0.9340503811836243,-0.11603009700775146,-0.7440981864929199,-0.8713796138763428,-0.735588550567627,-0.27400609850883484,1.9335166215896606,0.9312200546264648,-1.2711107730865479,-1.7005555629730225,-1.1933332681655884,0.1234838217496872,-0.6215595602989197,-0.20933522284030914,-0.9404435753822327,-0.16282838582992554,-0.8394210338592529,0.1690317988395691,-0.6628594398498535,-0.16611765325069427,-0.33924901485443115,-0.1690087467432022,1.4634648561477661,-0.20199105143547058,-0.04053812101483345,-2.4981956481933594,-0.28713205456733704,0.0359073206782341,1.552257776260376,0.7641575336456299,-0.3704959750175476,-1.4882735013961792,-1.1257041692733765,-1.023918867111206,-1.315386414527893,0.7411692142486572,-1.945534586906433,0.3579775393009186,-1.224643349647522,2.020826816558838,0.9675412178039551,0.15405194461345673,0.6001675128936768
0.9368587732315063,-0.5868374109268188,0.5299909710884094,2.7857699394226074,0.8608787655830383,0.48578161001205444,-1.3310322761535645,-0.21140466630458832,1.028626561164856,-1.0575824975967407,0.8057605624198914,0.46202099323272705,0.8007254600524902,-0.5437471270561218,0.568394660949707,-0.9932460188865662,1.9087730646133423,0.1691768318414688,-0.7617617845535278,-1.075490951538086,-0.9970676898956299,-2.008641242980957,0.09486214071512222,-0.09695137292146683,-0.6395230889320374,-0.29222792387008667,0.09182839840650558,-0.7410982251167297,-0.11404077708721161,-0.9221343398094177,2.001725435256958,-0.033914461731910706,0.30328691005706787,0.5698011517524719,0.45219990611076355,0.912354052066803,-0.9347159266471863,0.7159256339073181,0.5487008094787598,-0.7339200377464294,0.4174797236919403,0.2954367399215698,1.593564748764038,0.015324361622333527,-1.2405129671096802,0.4381807744503021,0.8506861329078674,1.5854159593582153,0.020919183269143105,-0.27904489636421204,1.1873846054077148,0.6510868668556213,1.676011323928833,1.0090657472610474,0.5649876594543457,1.8624173402786255,0.5400077700614929,0.5987876057624817,-0.5727892518043518,-0.4885208010673523,-0.28823521733283997,1.289218544960022,-0.5123593807220459
1.304984450340271,-0.20142383873462677,0.3840731978416443,-0.7972047328948975,0.716875433921814,0.6048676371574402,0.2423885464668274,-0.7940965890884399,0.320659875869751,-0.5614242553710938,0.2593933939933777,-0.41521555185317993,-0.05997485667467117,-1.5526129007339478,1.0200586318969727,-2.177386522293091,-0.44777151942253113,-0.4568210244178772,1.3579881191253662,2.0761241912841797,-0.46141156554222107,-0.28200575709342957,1.2719032764434814,-1.5678640604019165,1.0683444738388062,0.8680911660194397,-1.0334781408309937,0.007968495599925518,-2.567265748977661,-0.6551554203033447,1.0930927991867065,-0.529178261756897,-1.9021894931793213,-0.1166660487651825,-0.4638453423976898,-1.8038692474365234,0.7004173994064331,0.3616073429584503,-0.9931690096855164,-0.44610852003097534,-1.4097844362258911,-0.21879208087921143,0.7666230201721191,0.31190383434295654,0.40103405714035034,-0.6080167889595032,-0.18538855016231537,0.09508518129587173,-0.21656852960586548,0.06358392536640167,0.5470153093338013,-0.16828538477420807,0.2596014440059662,1.4868383407592773,-0.06409886479377747,-0.42414259910583496,1.020883321762085,-0.3815287947654724,1.6463114023208618,0.7305259704589844,-1.4062460660934448,1.0412803888320923,-1.1777245998382568
0.05352657288312912,0.45048925280570984,-0.09058146923780441,-1.2798408269882202,-0.12852416932582855,-0.37627726793289185,1.3620318174362183,0.6063725352287292,0.42012959718704224,-0.560845673084259,1.1847763061523438,0.8066254258155823,0.263673335313797,-0.8438135385513306,-1.1059961318969727,-0.05320684611797333,-0.4555281698703766,-0.24410410225391388,-0.8131333589553833,-0.8042950630187988,-1.084328532218933,0.5466890335083008,0.8464334011077881,-0.35223791003227234,0.12699098885059357,1.1152862310409546,0.49815407395362854,0.5132249593734741,-1.6036027669906616,0.9060754776000977,-1.7948862314224243,-0.4052213728427887,0.7521101832389832,-0.0966072604060173,0.6048758625984192,0.038573119789361954,0.578019380569458,1.3408622741699219,1.0805188417434692,0.27358776330947876,1.257909893989563,1.7941802740097046,-1.6561403274536133,-0.8122038245201111,0.9987071752548218,1.719909429550171,0.5150308012962341,-0.42542412877082825,0.6387411952018738,0.20538248121738434,-0.2074410319328308,0.6486113667488098,0.5140739679336548,-0.2920339107513428,-0.9632993936538696,0.7411835193634033,1.089195728302002,-0.16826879978179932,0.32706254720687866,1.0029103755950928,0.1549358367919922,0.3257425129413605,-0.4646940529346466
-0.9187323451042175,-0.20716582238674164,-1.0668070316314697,-0.5208380222320557,1.72533118724823,1.5717216730117798,1.2275458574295044,-1.4004356861114502,0.1253594160079956,0.7224567532539368,0.6932500600814819,2.3290882110595703,0.2691371440887451,-0.07512360066175461,-0.10586400330066681,-0.5455942153930664,-0.9281396269798279,1.7366098165512085,0.6935471892356873,-0.502515435218811,-1.954091191291809,0.18459434807300568,-0.3826490044593811,0.5896961092948914,1.0128592252731323,-0.2704360783100128,0.9689415097236633,-0.8626105189323425,-0.1749294251203537,1.2943453788757324,1.1296511888504028,-0.7893763184547424,-0.013735485263168812,-0.7570697665214539,1.4818934202194214,0.8535286784172058,1.310593605041504,-1.587798833847046,0.428303062915802,0.08425258845090866,0.16441486775875092,-0.5830780863761902,-1.1180486679077148,1.3509528636932373,-0.3804225027561188,-0.840975284576416,-0.39047694206237793,0.4970947206020355,1.1681064367294312,-0.01955091953277588,-1.3002680540084839,0.8382258415222168,0.7272604703903198,0.21281133592128754,1.3706262111663818,-2.110189199447632,0.20098161697387695,0.08434493839740753,-0.773865818977356,-0.571363627910614,1.0530877113342285,0.5488972663879395,-0.5694959163665771
2.1851062774658203,1.453004002571106,-1.1407188177108765,0.23188547790050507,-1.7832304239273071,-1.2794673442840576,0.34424081444740295,-0.4267566502094269,0.05179520696401596,-1.2817273139953613,1.8056118488311768,0.6147134900093079,-0.5127691626548767,1.0516459941864014,-1.4392693042755127,0.6065470576286316,1.391944169998169,0.09216078370809555,0.446183443069458,0.2849988639354706,-0.1702916920185089,-1.2651089429855347,-0.9710652232170105,0.25185438990592957,-0.0301857627928257,-1.2408946752548218,-0.08350957185029984,0.019504887983202934,0.1426859349012375,0.6829820871353149,0.841759443283081,-0.06512285768985748,-1.3286144733428955,-0.4956023097038269,-1.500990629196167,0.6830573081970215,0.02842388115823269,-0.5119391083717346,0.2759588360786438,-0.48521167039871216,-0.8909571766853333,-1.1426355838775635,0.41571831703186035,-1.9297301769256592,0.9749214053153992,0.7208482623100281,2.653371572494507,1.0005232095718384,1.6940518617630005,0.8301210999488831,0.7331363558769226,-1.1147119998931885,0.3562638461589813,0.8181265592575073,0.7470995187759399,0.784549355506897,0.23829737305641174,-1.2764971256256104,1.9232803583145142,0.29345226287841797,0.10877761989831924,1.2924323081970215,0.28849881887435913
-0.6908548474311829,0.797318696975708,-1.4364584684371948,0.19946962594985962,0.11575473845005035,2.983851194381714,-0.17793302237987518,-0.655489981174469,0.4467317461967468,-1.3669044971466064,1.056570053100586,-1.238181710243225,0.7630484104156494,0.38600391149520874,-0.4949979782104492,-0.5008378624916077,-0.7251877784729004,0.26201117038726807,0.02095756120979786,0.3789179027080536,2.042067289352417,-0.11200525611639023,0.8615245819091797,-1.4050960540771484,0.3783407211303711,-0.08247208595275879,0.033119700849056244,-0.8742358088493347,-0.48135948181152344,0.3438877463340759,0.9313172101974487,-1.18804132938385,0.1632196605205536,-1.0510978698730469,0.6598936915397644,-1.4602760076522827,0.1472269743680954,0.1778174787759781,-0.9866219162940979,2.115173101425171,-0.09138842672109604,0.8154626488685608,0.42236196994781494,-0.7525613903999329,0.10751215368509293,-0.7872918844223022,-1.0359894037246704,0.7403960227966309,0.03018956445157528,-0.17085422575473785,1.4114861488342285,1.557372808456421,-0.38737720251083374,0.01317853108048439,1.41933274269104,0.3591293394565582,-0.569570779800415,-1.216310977935791,-0.7009954452514648,-1.079350471496582,1.8754351139068604,0.513544499874115,-0.8771445751190186
0.2516408860683441,0.1112014576792717,1.0546703338623047,0.34016135334968567,-0.8396397233009338,1.3712774515151978,-0.20295311510562897,0.5070318579673767,1.202133059501648,-0.002774509135633707,0.05081254616379738,-0.8324902057647705,1.051833152770996,-0.0701746940612793,0.630621075630188,-2.2105486392974854,-0.6268771886825562,0.398551344871521,0.2556031048297882,1.1722546815872192,-0.005498941522091627,1.187420129776001,0.994095504283905,1.1016690731048584,-0.3497940003871918,0.5309626460075378,-0.6889351606369019,0.5820783376693726,0.20254039764404297,-1.5892651081085205,0.3515877425670624,-0.6662682294845581,-0.2520177960395813,0.4375118315219879,0.5134350061416626,-0.4275118410587311,-0.018887104466557503,0.25551629066467285,-0.4284096956253052,0.39121976494789124,-0.48990365862846375,-1.3143055438995361,0.0893162414431572,-1.2559579610824585,1.6220636367797852,-0.2595234513282776,-0.7933303117752075,1.2927577495574951,-1.2492741346359253,2.287782907485962,-0.6593753099441528,0.9116988778114319,0.26777178049087524,0.879271924495697,-0.5928078293800354,-1.0149379968643188,0.3624059557914734,-0.22966322302818298,1.582709789276123,-0.0947951003909111,-1.0888663530349731,1.0695645809173584,-0.16361424326896667

Slice 10
-0.8651102185249329,-0.5694555044174194,-0.6274589896202087,-0.5343658328056335,0.07612761855125427,0.6688834428787231,-0.42909491062164307,-0.4583500623703003,0.741051435470581,-0.013150856830179691,-0.445194810628891,-0.4469614624977112,-0.22227327525615692,0.19320425391197205,-0.07603918015956879,0.2600758969783783,-1.137550950050354,0.35361993312835693,0.5446974039077759,1.2618130445480347,-0.7580859065055847,-1.264625072479248,-1.0887610912322998,0.545588493347168,0.8400336503982544,1.502310037612915,-0.4139520227909088,0.6516638398170471,-0.30359914898872375,-0.5315349698066711,1.907509446144104,0.38278496265411377,1.4360769987106323,-0.1184193417429924,0.9976528286933899,-0.10264316201210022,1.4247771501541138,-0.49184274673461914,0.6630376577377319,1.2968337535858154,0.8395935297012329,-2.2273106575012207,1.2870022058486938,-1.224203109741211,-0.37427765130996704,-0.4585244059562683,-0.4675658643245697,-0.8444971442222595,1.2929773330688477,1.3942499160766602,0.9008395075798035,0.9276817440986633,0.547410786151886,0.9950579404830933,-0.5856218338012695,0.4467509090900421,0.7470426559448242,-0.4315991997718811,0.29952576756477356,-2.0194246768951416,-1.0175095796585083,2.4500644207000732,-1.6065911054611206
0.3315786123275757,-0.2862071990966797,0.3854471445083618,-0.40759435296058655,-1.5180729627609253,-1.6592741012573242,-1.3313517570495605,-0.6967989802360535,-0.6196595430374146,1.9594082832336426,2.141409397125244,1.2349791526794434,0.9306203126907349,-0.6647332906723022,-0.07782788574695587,-0.615724503993988,1.793250560760498,-0.8480373024940491,-0.5753078460693359,-0.25230345129966736,1.186185359954834,0.21199092268943787,1.4196614027023315,0.9659746885299683,1.1386568546295166,-0.46664509177207947,0.9251341819763184,1.3031882047653198,-3.11011004447937,-1.579939603805542,0.35662925243377686,-1.2424813508987427,0.022839916869997978,0.8402897119522095,-0.9004139304161072,2.5976340770721436,1.5721383094787598,-0.8604041934013367,1.6500749588012695,0.3156093657016754,0.2129729688167572,-0.7010945677757263,0.2162424474954605,1.7175943851470947,0.5052318572998047,-0.9998353123664856,-0.535058319568634,0.42808207869529724,-1.5704011917114258,-1.8293812274932861,-1.1043051481246948,0.10176349431276321,2.542020082473755,-0.037201929837465286,-0.23367178440093994,1.6519211530685425,1.1632184982299805,0.10867123305797577,-1.2967536449432373,-1.3369319438934326,-1.9678878784179688,-1.1361441612243652,-0.8941819071769714
-0.07413134723901749,0.36509382724761963,-1.7286988496780396,0.36553502082824707,0.4221547842025757,0.14695943892002106,-0.6073353290557861,0.5665120482444763,0.41353800892829895,1.0638630390167236,1.141057014465332,-0.7317321300506592,-1.2129474878311157,1.0963456630706787,1.4374994039535522,1.25570809841156,-1.1422209739685059,0.010789300315082073,0.7827762365341187,0.8640130162239075,0.62468022108078,0.5942115187644958,-0.3528550863265991,0.8888407945632935,0.4216438829898834,-2.09689998626709,-1.4379346370697021,0.7199819087982178,0.2630941867828369,-0.9113603234291077,-0.9394472241401672,-0.7364214658737183,1.1753547191619873,0.9031582474708557,-1.3873114585876465,-0.10843624919652939,-0.04623376205563545,1.7479300498962402,-0.08499271422624588,0.9377835988998413,0.7971364259719849,0.3912055194377899,-0.1682591289281845,0.21015150845050812,1.9309414625167847,-1.611946702003479,-0.30223309993743896,0.7751725912094116,0.8101029992103577,-0.40111008286476135,1.3895246982574463,-0.5397756695747375,-0.9995105862617493,-2.2366034984588623,0.5866405367851257,0.2547943890094757,-0.47219911217689514,0.49946242570877075,1.7353953123092651,0.023422034457325935,-0.8903005123138428,-1.7284653186798096,0.5361402630805969
-0.6268566250801086,1.3505632877349854,-0.9082270264625549,-1.453415036201477,-0.7791494727134705,-1.6873551607131958,-1.5073885917663574,-0.3688885569572449,0.9540400505065918,1.5730853080749512,0.6392919421195984,-0.5303143262863159,0.44458937644958496,0.24210114777088165,0.922706663608551,0.4287574291229248,-0.9888348579406738,1.229813575744629,0.6867192387580872,0.507777750492096,-2.6054141521453857,-0.7874695658683777,-0.038793325424194336,1.4942466020584106,1.319685697555542,-0.22810378670692444,0.08105398714542389,-1.0744469165802002,1.0870057344436646,-0.4858090281486511,0.6494329571723938,-0.04695003479719162,-0.568882942199707,-0.9148417711257935,-2.0747931003570557,-0.2661644220352173,0.45906102657318115,0.6761162877082825,-0.6456496715545654,0.06433271616697311,1.0171641111373901,-0.44764161109924316,1.0613619089126587,-0.11739828437566757,1.0834509134292603,-2.353384256362915,1.010401964187622,-0.9014550447463989,0.45306307077407837,0.7576255798339844,-1.132798671722412,0.8464279174804688,-0.20028811693191528,-1.7277271747589111,-0.6788390874862671,-0.09573997557163239,0.9154055714607239,-1.2667102813720703,1.663131833076477,-0.453605979681015,-1.394685983657837,0.39497822523117065,0.8157100081443787
-1.753699779510498,-2.633918285369873,-1.639933466911316,-0.8197949528694153,0.33616921305656433,-0.8669987320899963,-0.5664206147193909,0.44689902663230896,1.3569247722625732,0.9118615984916687,-2.1325464248657227,0.7477816939353943,-1.0381114482879639,0.5150243639945984,-0.48534902930259705,-0.2701692581176758,-0.13284587860107422,-0.9168316721916199,1.2296043634414673,-0.02981974184513092,-0.5128373503684998,-1.5436360836029053,-0.5478177666664124,-0.6136353611946106,-0.665922999382019,-1.7300362586975098,-1.3052674531936646,1.233477234840393,0.21807627379894257,0.5785895586013794,1.2090634107589722,2.1366424560546875,-0.9681565761566162,-0.9905526041984558,0.3104056417942047,-0.7115655541419983,0.7864718437194824,1.558642029762268,1.443361520767212,-1.7038321495056152,-0.2509682774543762,-0.8309787511825562,-1.0156621932983398,0.9537383913993835,0.29744288325309753,-0.7078927159309387,0.9759502410888672,-1.1936746835708618,1.6736778020858765,1.1239166259765625,-0.7701294422149658,2.2325551509857178,-0.4125221371650696,-1.5220121145248413,-0.12954822182655334,-1.8955974578857422,0.23971937596797943,-1.401903510093689,-0.04587980732321739,-1.197506308555603,-0.28019386529922485,-2.0396010875701904,0.319852739572525
0.5466428995132446,-1.9280723333358765,-0.1697981208562851,0.6105515360832214,0.6387725472450256,0.17583350837230682,-0.38395214080810547,0.07900816202163696,0.6053834557533264,-0.11267299950122833,-0.7046319246292114,0.8905600905418396,-0.39765259623527527,1.5484848022460938,-0.17662163078784943,1.690856695175171,2.074084758758545,1.4321317672729492,-0.3172091245651245,0.413311243057251,1.1456313133239746,-0.6703174114227295,-1.0485005378723145,-0.031476523727178574,0.26924800872802734,-0.2102542519569397,0.06677219271659851,0.4212682247161865,-0.008295856416225433,1.9371113777160645,0.6616327166557312,1.2637382745742798,-0.31568464636802673,0.05865446478128433,0.45363861322402954,-0.04377587512135506,0.20112544298171997,-0.39767879247665405,-1.628389835357666,-1.8371297121047974,0.7575027346611023,-0.6536071300506592,-2.0200035572052,0.465293288230896,0.2894393801689148,-0.1871185153722763,1.8422905206680298,0.04884295538067818,-1.6905544996261597,-0.9618075489997864,0.40911510586738586,-0.2349492609500885,-0.1758316457271576,0.07999773323535919,1.6814786195755005,-0.5724093317985535,0.1386284977197647,0.2772424817085266,-2.0252606868743896,0.45056411623954773,-1.5223287343978882,-1.9243972301483154,0.3569567799568176
-0.5834037661552429,0.8178802728652954,-0.7056184411048889,1.5872728824615479,0.7330894470214844,0.5194946527481079,-0.9004251956939697,1.4595328569412231,1.4027944803237915,-1.6968351602554321,-0.34036895632743835,-0.025912975892424583,-0.9585282206535339,1.5299279689788818,1.744665265083313,0.15701720118522644,-0.7779139280319214,-0.4260115623474121,0.4709247052669525,1.7862335443496704,-1.1385936737060547,0.2563978135585785,-0.4584290087223053,-0.6356019973754883,0.6283847689628601,0.0340450257062912,1.5048056840896606,1.7038969993591309,-0.1492520421743393,0.29578185081481934,0.5408179759979248,0.5556947588920593,-0.3003654479980469,-0.4548914432525635,1.9652771949768066,-1.420614242553711,2.5822744369506836,0.7922406792640686,-1.1362037658691406,1.1489661931991577,-0.7090840935707092,-0.18511851131916046,-0.6741405129432678,0.11093228310346603,-0.16032300889492035,0.33817654848098755,0.17081868648529053,0.26295870542526245,-0.16443227231502533,0.7585514187812805,-1.6270979642868042,1.398516058921814,1.0001698732376099,0.4469953179359436,1.3395966291427612,-0.7898594737052917,-0.2921716272830963,0.809592068195343,0.8561797142028809,-2.039778232574463,-0.660256028175354,-0.5682979822158813,-0.0009373593493364751
-1.465062141418457,0.8008144497871399,-1.231209635734558,1.4599575996398926,0.5061900019645691,-0.10065052658319473,-1.2941113710403442,-0.032503530383110046,0.4839928448200226,0.9222065806388855,0.6671220660209656,0.637201726436615,0.7324924468994141,1.2658501863479614,1.3433358669281006,0.1362065076828003,-1.8338278532028198,0.9020113945007324,0.33479055762290955,0.31220385432243347,-0.7664815187454224,-0.7139747142791748,0.19816471636295319,1.0616672039031982,0.712473452091217,-1.8014423847198486,-1.0148937702178955,-0.3501197099685669,-0.9190067648887634,-1.2512171268463135,-0.3328962028026581,0.8033261299133301,0.6162892580032349,2.054569959640503,0.20458248257637024,0.9855039715766907,-0.6483226418495178,0.669549822807312,0.5279313325881958,-1.3275433778762817,0.28228649497032166,-1.5722987651824951,0.3734530806541443,-0.8491559028625488,0.41064342856407166,-0.23861564695835114,-0.1426754891872406,-1.1975032091140747,-0.5101673007011414,-0.9679692983627319,-1.7389874458312988,-1.2608110904693604,-0.8876351118087769,0.1610574722290039,1.5150030851364136,-0.9644889235496521,-0.7921041250228882,-0.5931641459465027,-0.3777451515197754,-0.7577945590019226,-0.553069531917572,-0.5063551664352417,0.07868947833776474
-0.27713045477867126,-1.5965375900268555,-0.10644032061100006,0.5623747706413269,0.8587409853935242,1.3656858205795288,0.19064731895923615,-1.0960115194320679,0.7588844299316406,0.46330440044403076,-1.0106679201126099,-1.9601517915725708,1.7431175708770752,0.6774508357048035,0.9749680161476135,0.08954839408397675,-0.31719332933425903,0.3858738839626312,-1.5609411001205444,0.5768914222717285,-0.8557115197181702,1.0261608362197876,2.0927586555480957,0.8190901279449463,2.548121929168701,-0.7019224166870117,-1.7139040231704712,0.6255185008049011,0.8987360000610352,0.9144049882888794,-1.1054577827453613,-0.40053626894950867,1.0270227193832397,0.8941864371299744,0.07297254353761673,1.4243961572647095,0.7282000780105591,0.461189866065979,-0.8072448968887329,0.606492817401886,0.7950496673583984,-0.08271381258964539,-1.7400617599487305,-1.0150408744812012,-0.7921395897865295,-0.2931080460548401,-0.5965989232063293,0.37662672996520996,0.7326361536979675,-0.6519325375556946,0.15945683419704437,1.0062997341156006,-1.7575603723526,-0.7170880436897278,-0.2102927267551422,-0.8232555389404297,0.9372543096542358,0.8359405994415283,-0.2704346776008606,0.9101589322090149,0.6276422142982483,-0.316750705242157,-1.6209144592285156
-1.0707197189331055,-0.005304313730448484,0.5680673718452454,0.3310371935367584,-1.1772438287734985,1.4789085388183594,-1.1459208726882935,1.1458735466003418,-2.0337231159210205,-1.2450058460235596,-0.9127322435379028,-1.894365668296814,1.0986417531967163,0.644506573677063,1.5685961246490479,1.0957772731781006,-0.5138112902641296,-0.12188935279846191,1.0432343482971191,1.864752173423767,0.033747363835573196,-0.10912659764289856,0.5061778426170349,0.32811686396598816,0.33161380887031555,0.5797867774963379,-0.47836068272590637,0.5923337340354919,0.5960312485694885,1.1697500944137573,1.4706401824951172,-0.9991917014122009,0.6707095503807068,0.8253585696220398,-0.25609874725341797,0.6231927871704102,0.7263908982276917,1.1914043426513672,-0.2755562365055084,-0.3533827066421509,-0.9296673536300659,-1.2252696752548218,0.10293518006801605,-0.8612189888954163,-0.3544483482837677,-0.4694878160953522,-1.6351687908172607,-0.9292755722999573,1.2432588338851929,-0.2933953106403351,0.8832370042800903,-1.5774697065353394,0.2692791521549225,-0.039502765983343124,-0.1795959770679474,-0.9404950141906738,-1.9446468353271484,-0.2655229866504669,0.1415598839521408,0.09420762956142426,-0.6174201369285583,0.9758473038673401,-0.3594241142272949

Slice 11
-0.462500661611557,-1.5568838119506836,0.020872613415122032,0.4174491763114929,-0.6271519660949707,-0.7695180773735046,-0.0029023466631770134,-0.26379305124282837,-0.450872004032135,-1.6397117376327515,-0.15831057727336884,-0.6927224397659302,0.24041640758514404,1.3617216348648071,-0.9022737741470337,0.11479316651821136,-0.17673027515411377,-1.2274190187454224,-0.28909221291542053,-1.0291533470153809,-1.6649141311645508,-0.7334909439086914,0.09347745031118393,-0.6743180155754089,0.7565762400627136,1.1986420154571533,-1.9642174243927002,1.0686355829238892,-0.3563932478427887,-0.23983953893184662,0.3660523593425751,-0.18320177495479584,-0.4980551302433014,0.26642563939094543,-0.5859026312828064,-1.5596412420272827,-1.1528980731964111,-0.7309056520462036,0.09194370359182358,-0.0760449543595314,0.03411794826388359,-1.702203631401062,1.5877501964569092,-0.25619515776634216,0.11024061590433121,-0.2517875134944916,-1.5521682500839233,-0.025980327278375626,-0.8754716515541077,-0.3849753737449646,-0.03937981650233269,0.3354541063308716,-1.278184175491333,0.2569754719734192,-0.20858240127563477,-0.021236835047602654,-1.45950448513031,-0.5252014994621277,0.9084333777427673,-0.6378998756408691,0.2155923992395401,-0.11377223581075668,-0.1659952998161316
0.6442910432815552,-0.33232685923576355,1.087128758430481,-0.059688225388526917,-1.5423157215118408,-0.04345707595348358,-0.5353126525878906,-1.2874565124511719,0.33583682775497437,0.04115947335958481,0.2717946171760559,0.030967306345701218,-1.0197269916534424,0.22161118686199188,-1.136339545249939,-0.3830260634422302,0.15801703929901123,0.6501590609550476,-0.3854018747806549,0.2826843559741974,0.2943234443664551,0.7353362441062927,-1.7592699527740479,-1.1430563926696777,-0.29182302951812744,1.6286311149597168,0.1360543817281723,-2.6249001026153564,-0.5358684659004211,1.2272071838378906,0.580478310585022,-1.082304835319519,-1.9418995380401611,-1.6085437536239624,0.21122804284095764,-0.12316525727510452,0.5870490670204163,-1.257912039756775,-0.12773974239826202,-0.7174490094184875,-2.6934187412261963,-1.0139796733856201,0.8880595564842224,-0.013804184272885323,0.7388538718223572,-0.34545016288757324,0.05094048008322716,1.9734529256820679,0.8817277550697327,-0.21641328930854797,-2.1119742393493652,0.727986752986908,-2.0310676097869873,0.11764649301767349,-0.04067271947860718,-0.4455510675907135,0.6892435550689697,-0.07662535458803177,1.1491780281066895,1.5732327699661255,0.7800469398498535,0.646999716758728,0.6514981985092163
0.8476371169090271,0.5354660749435425,0.4081161320209503,-1.1568354368209839,-1.359121322631836,-1.3940176963806152,0.474549263715744,-0.6843492984771729,-0.18487095832824707,0.7699275612831116,0.7868926525115967,-0.3767949342727661,1.312324047088623,0.19884686172008514,0.44777169823646545,-0.39323151111602783,0.5767065286636353,-0.27334389090538025,-0.8317246437072754,-0.9348002076148987,-0.8539425134658813,0.8538252115249634,0.5765566825866699,0.6417796015739441,-0.416633278131485,0.2575320601463318,-0.7144588232040405,1.241876482963562,-0.135128915309906,0.23563219606876373,-1.4716898202896118,0.7735698223114014,0.39226171374320984,0.7975595593452454,0.499299019575119,-0.47392910718917847,-0.328199177980423,0.7005949020385742,1.4621473550796509,-0.3382187783718109,1.717976450920105,0.174948051571846,-0.8684757351875305,1.3511106967926025,-0.20795273780822754,0.3815695643424988,-0.4916064143180847,-0.12860460579395294,0.3854280710220337,1.002694010734558,-0.3365601897239685,-0.21947185695171356,1.4981789588928223,-0.7337597012519836,0.8813091516494751,1.0320132970809937,-0.18046922981739044,0.7893933653831482,0.9732786417007446,0.7819089293479919,1.5053164958953857,-0.24024413526058197,-0.5693826675415039
-0.7796727418899536,0.5347346067428589,0.19527484476566315,-0.7647676467895508,-0.0849810540676117,-0.722098171710968,1.8346272706985474,2.8584091663360596,2.185884952545166,-0.10872336477041245,-0.8441597819328308,-1.7087136507034302,1.071299433708191,1.0925618410110474,0.15202738344669342,-0.6525989770889282,-1.1995561122894287,-0.883246123790741,-0.4869150221347809,-1.212328314781189,-1.209397554397583,-1.4761146306991577,1.2138805389404297,0.40750637650489807,-1.034796118736267,-0.5108120441436768,-0.33111143112182617,-0.07752685993909836,0.3457271456718445,0.2670217752456665,0.844383180141449,-0.4556609094142914,0.557912290096283,2.4856138229370117,0.29275229573249817,0.43119004368782043,-0.5744537711143494,-0.5886743664741516,-0.7918224334716797,-0.9661374688148499,0.5859976410865784,0.6837059855461121,0.9881289005279541,-0.06745822727680206,0.22566907107830048,-0.7404633164405823,-0.884129524230957,1.095117211341858,-0.8472372889518738,0.5767174363136292,0.2677295207977295,-1.1402597427368164,0.9380249977111816,0.020203685387969017,1.2378960847854614,-1.4945015907287598,-0.45899710059165955,-0.7482251524925232,-0.7489296793937683,0.03084680251777172,2.2245266437530518,0.2266547679901123,0.31023791432380676
-0.10606508702039719,-0.17547819018363953,-1.3293334245681763,1.7869113683700562,0.7123677134513855,-0.3199006915092468,-1.238071322441101,-0.4091920852661133,-0.3566707372665405,-1.0676498413085938,-0.908255934715271,0.011945327743887901,-1.2264355421066284,-1.264817476272583,0.9882976412773132,-0.42575332522392273,-0.8358576893806458,1.064185619354248,-0.07644419372081757,1.1608418226242065,-0.8297330141067505,-0.6417441368103027,0.40760159492492676,1.081064224243164,1.008312702178955,-1.7208704948425293,-0.8664085865020752,0.8560549020767212,1.9074000120162964,-2.2305219173431396,-1.9018439054489136,1.8661978244781494,0.902620255947113,-2.348684072494507,0.5370299816131592,-1.8044041395187378,1.099017858505249,0.6445473432540894,-1.283128261566162,-0.3428432047367096,-0.14839108288288116,-0.8191768527030945,0.5176354646682739,-1.2007895708084106,-2.548650026321411,-1.1641700267791748,-0.8458458781242371,-1.0617451667785645,0.007023680489510298,-1.1277261972427368,0.24399615824222565,-0.22782590985298157,-0.326310932636261,2.440809965133667,-1.3142327070236206,-0.8083220720291138,-0.781402587890625,-1.2736599445343018,-1.0271105766296387,-1.424721121788025,-1.6869090795516968,-0.6574386358261108,0.4624655842781067
0.4944961369037628,-0.234544575214386,1.1960861682891846,0.7248287796974182,-1.4606256484985352,-0.4779849052429199,0.16276217997074127,1.2003737688064575,-0.8335382342338562,-0.424675315618515,-0.3299742639064789,0.9807440042495728,-0.4430660903453827,1.5637964010238647,1.0245630741119385,0.489180326461792,0.0637507289648056,-0.7400751113891602,1.7851506471633911,1.0964586734771729,-1.3729878664016724,1.3437153100967407,1.4047702550888062,1.159761667251587,-0.8301292061805725,0.0022912388667464256,-0.4129191040992737,0.7482418417930603,-0.6317391395568848,-0.3892268240451813,1.6024255752563477,-0.5490829944610596,-0.25639691948890686,0.42371633648872375,-0.44982272386550903,0.9026741981506348,0.10724218934774399,0.05213845521211624,0.33447495102882385,0.8885670304298401,0.2827185392379761,-1.277572512626648,0.3778893053531647,1.1065280437469482,0.0917237177491188,1.6961745023727417,-0.6449422240257263,-0.41215455532073975,0.6893225312232971,0.37533947825431824,-0.024805039167404175,-0.3581421971321106,-1.0780105590820312,-0.5715463161468506,1.1412241458892822,1.1718370914459229,0.5161757469177246,-0.35712701082229614,0.7192705869674683,0.3766896426677704,-0.29259610176086426,-0.7376582622528076,0.6856341361999512
1.4203381538391113,-1.558403730392456,1.0921180248260498,0.44684016704559326,0.6929729580879211,1.4675798416137695,-1.4372490644454956,0.31323543190956116,1.1696704626083374,1.3890511989593506,-0.8325605392456055,1.3286173343658447,-0.6072601079940796,-1.2652904987335205,-1.044992446899414,-1.6022541522979736,0.4414794147014618,0.6640161871910095,-0.540776789188385,0.14664295315742493,0.5785914659500122,1.0910284519195557,-0.06909356266260147,-1.0990992784500122,0.8672577142715454,-0.46070578694343567,-0.28710827231407166,0.050237976014614105,-0.34625762701034546,-0.3897258937358856,-0.6585559248924255,-0.2742995321750641,0.6404198408126831,0.14806194603443146,2.008331537246704,-0.04647892341017723,-0.07153263688087463,-1.2636058330535889,0.3880041837692261,-0.7852686047554016,0.4502876102924347,-0.32943040132522583,0.3136659264564514,-0.4916069209575653,1.0270509719848633,-0.6140671968460083,-0.3595101535320282,0.004154760856181383,2.044330596923828,2.219886064529419,0.659595251083374,1.0252023935317993,0.443407267332077,1.0776132345199585,-2.496023178100586,0.3452132046222687,1.376304268836975,0.4809616506099701,-0.05681591108441353,0.6622549295425415,-1.533929467201233,-2.7353529930114746,-0.8834639191627502
0.6112215518951416,-0.45700809359550476,-0.05895017087459564,0.05763709917664528,1.1057971715927124,0.7100615501403809,0.7742196321487427,0.5104386210441589,1.0665497779846191,-0.15933087468147278,-0.697882354259491,0.18875059485435486,1.1465418338775635,0.574817955493927,-0.8526077270507812,0.5935771465301514,1.1369062662124634,0.5387481451034546,-0.7192191481590271,0.7677120566368103,0.47812774777412415,0.3483159840106964,-0.7589586973190308,-0.5642756223678589,-1.902490496635437,1.4629802703857422,0.43243998289108276,-0.10103094577789307,-0.5430143475532532,-0.7699310183525085,-0.45744606852531433,-0.7367963790893555,-1.4567015171051025,-2.8902337551116943,0.8360735177993774,-0.11521733552217484,0.12066514790058136,-0.18608804047107697,1.1536118984222412,0.20693111419677734,2.1351675987243652,-0.16591760516166687,-0.7235645055770874,-0.3265608549118042,-0.9885998368263245,-0.7018254399299622,-0.10587804764509201,1.7675520181655884,0.25722163915634155,-1.1529091596603394,-1.2425966262817383,0.7729630470275879,1.2517554759979248,0.1796369105577469,-1.4510273933410645,0.2208944708108902,0.9245752692222595,1.4409323930740356,1.074360966682434,0.42008212208747864,-0.8520110845565796,-1.1485671997070312,-0.8652045726776123
-0.32479292154312134,0.12552176415920258,-0.058925189077854156,0.19048763811588287,-0.5103920698165894,0.7172145247459412,1.219527006149292,0.6781888008117676,0.9535308480262756,0.3138587772846222,-0.06080316752195358,-0.7696316242218018,-1.0293729305267334,-1.049892544746399,0.4188727140426636,-2.570984125137329,0.2909834384918213,0.010382300242781639,0.4970588982105255,-0.28654244542121887,-0.012188885360956192,-0.016675107181072235,-0.7631174921989441,0.6305408477783203,-1.4376568794250488,-1.5498298406600952,-0.9647562503814697,-0.3383067548274994,-0.08810735493898392,-0.06478612869977951,0.47102460265159607,-0.247548446059227,0.29784536361694336,-0.13437114655971527,0.29365256428718567,0.14709646999835968,0.6340205669403076,0.026397785171866417,1.570444941520691,0.1781873106956482,0.8549449443817139,-0.013638573698699474,-0.17113474011421204,-0.490002304315567,-0.29853400588035583,-0.36696764826774597,-0.05206510052084923,-0.018722660839557648,-0.535142719745636,0.6639289855957031,0.8145151734352112,0.7243796586990356,-0.3889475464820862,0.643149197101593,-0.5044451951980591,1.2769951820373535,-0.12480735033750534,1.3586336374282837,0.6562216281890869,-1.4876477718353271,0.5919531583786011,-0.32899823784828186,-1.0874528884887695
2.4147095680236816,-0.920339822769165,1.873722791671753,-0.19971738755702972,0.350416362285614,0.410230427980423,-0.554548442363739,-1.5334254503250122,1.5859904289245605,0.6285921931266785,-0.10969369113445282,0.6248894333839417,1.5813325643539429,-1.439328670501709,0.5887052416801453,-0.8700597286224365,0.4543423354625702,-0.16199824213981628,0.2922351658344269,-0.4473842680454254,-0.20386196672916412,0.7306836843490601,-0.2715040445327759,0.6414345502853394,0.08234018087387085,0.21516790986061096,1.1169772148132324,0.1666375994682312,1.2712651491165161,1.3404289484024048,0.7706774473190308,-1.4260331392288208,-0.3017478585243225,-0.8617421984672546,2.439321756362915,-0.4942030906677246,0.40262940526008606,-1.2356462478637695,-0.8172402381896973,-1.979509711265564,1.0736021995544434,1.3478233814239502,-0.3864491283893585,-0.09349478781223297,-0.26544976234436035,-1.187837839126587,0.45868757367134094,1.4522463083267212,2.071510076522827,1.4251980781555176,0.03707830235362053,-2.943678140640259,1.6099215745925903,-0.5839167833328247,1.1178587675094604,0.016416553407907486,-1.2564653158187866,-0.8995457291603088,-0.8037038445472717,1.5028303861618042,0.4575759172439575,-0.10927507281303406,-0.8683691620826721

Slice 12
0.1297789067029953,-0.6669219136238098,1.1044957637786865,-0.9218668937683105,1.783265233039856,0.6368905305862427,0.7046638131141663,-0.4447701573371887,0.3566228747367859,0.6575546860694885,-0.6108585596084595,-1.0686224699020386,1.0645443201065063,0.36790382862091064,0.6172463297843933,0.027356432750821114,0.26943644881248474,1.2038702964782715,-0.36183884739875793,-0.08593790233135223,-0.16887475550174713,-0.6752684712409973,-0.38620471954345703,1.7475495338439941,-1.554764747619629,-0.2652074694633484,-1.14936363697052,0.1550259292125702,-0.46100014448165894,1.4936834573745728,-0.8990671634674072,-0.2004552185535431,1.5262049436569214,0.07295577973127365,0.7854585647583008,-0.16024377942085266,-0.5168710947036743,-0.9029959440231323,-1.537554383277893,0.5446465015411377,0.676224946975708,-0.19260329008102417,-0.31806111335754395,0.1046871468424797,-0.9615501761436462,1.06184720993042,1.2201123237609863,0.04451021924614906,0.2276454120874405,1.7294082641601562,0.6639409065246582,-0.8774234056472778,-1.0550203323364258,-0.7982794046401978,-1.0779964923858643,1.1707197427749634,-0.7075569033622742,0.3160786032676697,0.715921938419342,-1.5368961095809937,1.3353461027145386,-0.8478700518608093,0.0065327296033501625
0.26436561346054077,1.5019290447235107,0.09971876442432404,0.7415614128112793,-0.2536531984806061,0.42914023995399475,0.27283427119255066,-0.1438431590795517,0.07085953652858734,0.3831745982170105,-1.2294665575027466,-0.175254225730896,1.57235848903656,-0.10024171322584152,0.5386049151420593,-0.8130221962928772,0.6940740942955017,-0.724195122718811,0.9828956127166748,-0.3330552577972412,-0.28656575083732605,0.41290730237960815,-0.9083251953125,1.0290014743804932,0.01482969056814909,-0.7102882266044617,0.006209604442119598,0.8986451029777527,-0.23172011971473694,-0.586772084236145,0.0008285338990390301,0.01946074515581131,0.23455075919628143,1.7326874732971191,1.2476540803909302,-0.41656044125556946,-1.3429771661758423,-0.2841583490371704,-0.3000771999359131,-1.3176852464675903,1.3163821697235107,0.5663716793060303,-1.6463264226913452,-0.2435544729232788,-0.22689665853977203,-1.0300869941711426,1.6845088005065918,0.025200221687555313,0.3156816065311432,0.9054366946220398,0.27249786257743835,-1.5373753309249878,1.406280279159546,-1.2592909336090088,-1.864666223526001,0.345779687166214,-1.1471688747406006,-0.36046862602233887,-0.7214044332504272,-0.6801595091819763,1.3864731788635254,-1.471109390258789,-0.5846289396286011
0.1464858502149582,-0.4036124646663666,1.685168743133545,0.5901592969894409,-1.01992928981781,0.8727008104324341,1.354263424873352,0.2953351140022278,0.7604153752326965,0.2708003520965576,-1.9711402654647827,-0.06497535109519958,0.2782844007015228,-0.2937451899051666,0.44682908058166504,-0.7834398150444031,-0.9320457577705383,-0.23448212444782257,-0.8385108113288879,1.2190788984298706,-0.9346117973327637,-0.6949535012245178,0.6534226536750793,-0.19497570395469666,-1.1187005043029785,-1.0003609657287598,0.7782459259033203,0.6450985074043274,-2.6717262268066406,1.180307149887085,-2.366124391555786,1.01459538936615,0.6265756487846375,-0.6388034224510193,-0.451572448015213,-2.079131841659546,-0.29582205414772034,1.3805497884750366,-0.6832140684127808,-0.2029128074645996,7.475013262592256e-05,-1.0746006965637207,0.13190075755119324,-1.529242992401123,1.1003339290618896,-0.24281403422355652,-0.6794179677963257,-0.9559357166290283,1.2768419981002808,0.9910340309143066,1.598408579826355,0.9355844259262085,-1.1307599544525146,0.9762965440750122,-1.322722315788269,1.3751245737075806,0.2806957960128784,-0.1099235862493515,0.029491828754544258,-1.0178066492080688,0.9540046453475952,-0.02861468680202961,1.0428839921951294
-0.7146168351173401,-1.7453018426895142,-1.2111645936965942,1.3719003200531006,0.2143460065126419,-0.6587806940078735,1.6626183986663818,-0.4313804805278778,2.679663896560669,-0.7102670669555664,0.30218079686164856,0.14695298671722412,-0.7354646921157837,-0.3550703227519989,1.2546805143356323,-0.6768059134483337,1.8903062343597412,-0.35008177161216736,-0.3303329050540924,-1.0883586406707764,-0.6075354814529419,0.8267314434051514,0.9570514559745789,-1.222079873085022,-0.4728096127510071,1.6994668245315552,1.5755594968795776,-1.508164882659912,0.277578741312027,0.23298600316047668,1.5190365314483643,-1.4964442253112793,1.1903809309005737,-2.141819715499878,-2.009887933731079,0.4622747600078583,1.707490086555481,0.19299821555614471,-0.9649832844734192,0.23277518153190613,-0.33844515681266785,1.5283327102661133,0.6469592452049255,-1.2170149087905884,-1.3659979104995728,-0.0025210543535649776,-1.9882181882858276,-0.3772773742675781,-1.499193549156189,-1.2563118934631348,-0.9922209978103638,-0.2545478045940399,-0.6707016229629517,-1.1582574844360352,1.0042400360107422,-1.1558177471160889,1.0460582971572876,1.2355475425720215,-0.524150013923645,0.19092659652233124,0.6111135482788086,-0.527016282081604,1.6059210300445557
-0.6057993173599243,0.41128382086753845,-0.06778780370950699,-0.23525431752204895,-1.4795660972595215,1.3554133176803589,-1.4481964111328125,0.1469973772764206,1.0190162658691406,-0.5309296250343323,0.24420660734176636,-1.2006031274795532,0.5355462431907654,-0.25987932085990906,-0.5754583477973938,0.17299926280975342,1.914443850517273,0.5979226231575012,-0.8458130359649658,0.16133445501327515,1.319200038909912,1.1345118284225464,-0.5105648636817932,0.6057897210121155,-1.060505986213684,2.5716211795806885,-0.19059720635414124,1.4374754428863525,-0.004095408599823713,-1.2304143905639648,-0.4978850185871124,-1.8027750253677368,0.8728172779083252,1.1346484422683716,0.7181507349014282,-1.0724259614944458,-1.476630449295044,0.12164579331874847,-1.633670449256897,1.483675241470337,-0.4193141758441925,-1.6306065320968628,0.5154134631156921,0.676666796207428,0.4157997667789459,-0.6617556214332581,0.2899942100048065,1.8609578609466553,0.014459342695772648,0.3784721791744232,0.1471313089132309,0.9487683773040771,1.8065783977508545,-0.1602242887020111,-0.06808735430240631,-0.2376859188079834,-1.0201793909072876,1.168234944343567,-0.26837435364723206,0.33835023641586304,0.05701976269483566,0.9017089605331421,1.5114226341247559
1.6411117315292358,0.43095165491104126,0.7497657537460327,2.0603702068328857,-0.1316850334405899,-0.5603047013282776,-0.760198712348938,0.8668861985206604,0.3826344311237335,-1.426798701286316,0.265922486782074,-0.8148080706596375,-1.6154570579528809,0.9290896654129028,0.06009725108742714,-0.6449050307273865,0.25490453839302063,-1.203526258468628,-0.4355548918247223,0.31043189764022827,-1.0351742506027222,-0.4738897383213043,1.1781325340270996,-0.9068074226379395,0.2283426821231842,-0.8590554594993591,0.5005204677581787,-1.0816539525985718,0.5676109790802002,1.1023976802825928,-0.21814477443695068,0.5449831485748291,0.9816824197769165,0.14560194313526154,0.9210357666015625,-0.2697438895702362,-0.7210707664489746,-1.4353033304214478,0.16744188964366913,-0.31516003608703613,1.568995714187622,0.24807356297969818,0.6690455675125122,-0.3583777844905853,-0.09791067242622375,-0.7344573736190796,0.6773793697357178,-0.690342903137207,0.12704560160636902,0.16059096157550812,0.4131462872028351,0.19805946946144104,0.06403744220733643,-0.4144587814807892,-0.15531767904758453,-1.0490927696228027,-0.17999665439128876,-0.533868134021759,-1.293389081954956,0.5984390377998352,-0.30875879526138306,-1.9432992935180664,-0.23500096797943115
1.074811339378357,-0.2962791919708252,-0.23943090438842773,0.3442701995372772,0.04750734195113182,0.8428234457969666,-1.4218083620071411,-1.6057785749435425,0.24422450363636017,-1.3566707372665405,0.24643374979496002,1.1927428245544434,-0.9982191920280457,1.106412649154663,2.1746487617492676,-1.710357427597046,-0.006132509093731642,0.5637568235397339,-0.8706197142601013,-0.1669350415468216,-0.9033920168876648,-2.299933910369873,-0.07631659507751465,1.2864607572555542,0.8516738414764404,0.9135699272155762,-1.2811760902404785,0.7879633903503418,-1.9837530851364136,-0.30296432971954346,-0.08539737015962601,-0.014303646050393581,-0.3856346607208252,-0.5052838921546936,-1.3806345462799072,-0.5611080527305603,0.9431970119476318,0.9065250754356384,0.37897706031799316,1.2629436254501343,1.5768766403198242,1.176438808441162,-2.1037821769714355,1.031627893447876,-0.19643792510032654,-0.9198104739189148,0.29884493350982666,-0.13851776719093323,-1.640979290008545,-1.0338587760925293,-1.2679314613342285,-0.47872573137283325,0.3742012083530426,-0.49066516757011414,-1.0744423866271973,-0.36249446868896484,-1.604393720626831,-0.9970661401748657,1.3792533874511719,-1.4538443088531494,-2.3213768005371094,-0.24614274501800537,-0.08924143016338348
0.348891943693161,0.09218133985996246,-0.34974735975265503,-0.7676246166229248,-0.020076487213373184,-0.04630623385310173,-0.09827364981174469,1.5857969522476196,-0.382388174533844,0.942013144493103,1.1859467029571533,0.2974306643009186,-1.4866726398468018,-1.2729183435440063,0.8718444108963013,0.4928217828273773,-0.30947086215019226,0.766624391078949,0.8853777050971985,0.5566712617874146,1.525357961654663,-0.28273218870162964,-0.693239688873291,0.2999243140220642,1.2619986534118652,-0.14030905067920685,-0.9340094923973083,-0.1771770864725113,0.5026276111602783,0.8047513961791992,-0.9655393958091736,-0.8863202929496765,-0.3699362576007843,0.8943105340003967,1.1700469255447388,-0.873671293258667,-0.47017523646354675,0.5740577578544617,1.083520531654358,-0.23088978230953217,0.23831398785114288,-1.461065411567688,1.8590611219406128,0.2608470618724823,1.1381932497024536,1.561326265335083,-0.04199927672743797,0.4117131531238556,0.9021730422973633,-0.17102523148059845,0.5696927309036255,2.0579206943511963,-0.3841038644313812,0.8415003418922424,0.9648408889770508,0.03305569291114807,0.10249314457178116,-0.5436643958091736,0.55795818567276,1.080636978149414,-1.1481428146362305,0.6214219331741333,-0.628013551235199
1.3660632371902466,0.4576103985309601,-2.219496965408325,0.41527968645095825,-1.6007236242294312,-1.8776371479034424,0.5986455082893372,1.8972020149230957,-1.4031755924224854,1.300541639328003,0.9683829545974731,0.773009717464447,1.0963287353515625,-0.48214632272720337,0.1331971287727356,1.6393840312957764,-0.5313060879707336,-1.3653905391693115,0.7954596281051636,-0.8007562160491943,0.5121229887008667,0.7142818570137024,2.0178282260894775,0.7736436724662781,0.4610888957977295,-0.03444284200668335,1.4279847145080566,-0.5574154853820801,-0.8113006949424744,-0.9200795888900757,-0.29766613245010376,-0.6802722811698914,-2.0718576908111572,-1.9932713508605957,-2.250939130783081,-0.2304818481206894,1.1126112937927246,0.3353826105594635,0.6168800592422485,-0.7903790473937988,-0.9523069262504578,0.882110595703125,-0.21381084620952606,-0.5609736442565918,-1.1848117113113403,1.1796704530715942,-0.2272699773311615,-1.4320337772369385,-2.199201822280884,-1.9757442474365234,1.0487353801727295,1.0590258836746216,-0.7754562497138977,-0.22941024601459503,-0.2492312788963318,1.2765005826950073,0.45653581619262695,-0.5671272873878479,-0.9061464667320251,-0.42381641268730164,-0.020145652815699577,0.3538045287132263,-1.2958590984344482
-0.25763559341430664,-0.3497459590435028,-0.40710121393203735,-0.5638986229896545,0.23885034024715424,-0.7267730236053467,0.6449410319328308,0.43551042675971985,-0.45833903551101685,0.7945257425308228,-0.9625990390777588,0.7209082841873169,-0.5097500681877136,1.7092500925064087,-0.9459040760993958,-0.7383607029914856,-1.0191508531570435,0.5953313708305359,1.520512580871582,-1.6657347679138184,2.3968966007232666,-1.210978627204895,0.15186238288879395,-0.28921058773994446,2.0246524810791016,-0.34579750895500183,0.322679728269577,-1.663228988647461,-0.10076325386762619,-1.8089818954467773,1.0362999439239502,0.6025764346122742,0.08995918929576874,-0.04929996281862259,-0.6965140104293823,-0.19797787070274353,0.742725670337677,0.6413803696632385,1.8589065074920654,0.6765917539596558,-0.3146463632583618,0.5637081861495972,-2.1873700618743896,2.6680636405944824,0.9151620268821716,-1.1552619934082031,-1.2819480895996094,-0.13647425174713135,-1.1796278953552246,-0.40936538577079773,0.13542033731937408,-0.436738520860672,0.5143916010856628,-0.7181729674339294,-0.06490596383810043,-0.18159472942352295,-1.4273593425750732,2.5197560787200928,1.4036686420440674,-2.1518311500549316,0.016776636242866516,-1.2252081632614136,-0.6532344818115234

Slice 13
1.705337643623352,1.448552131652832,1.3063126802444458,-0.41147440671920776,0.5444283485412598,-1.7048753499984741,0.06151305511593819,0.9923214912414551,-1.4946097135543823,-0.9728724956512451,1.9625123739242554,-1.6187453269958496,0.062169115990400314,1.0593445301055908,1.2475988864898682,1.8773703575134277,-0.6232655048370361,-1.1180753707885742,-1.820356011390686,0.2227083295583725,-1.2318577766418457,1.4336246252059937,1.572409987449646,2.007490634918213,-0.022004693746566772,0.15457472205162048,0.10693059861660004,0.4869433641433716,0.9633233547210693,0.36333978176116943,-1.3081525564193726,0.07779258489608765,-0.4851614236831665,0.09197615087032318,1.2162697315216064,-1.3546935319900513,0.8712179660797119,-0.36631810665130615,-0.46151214838027954,-0.21832114458084106,0.2731989920139313,0.08938006311655045,-1.656951904296875,0.5788910388946533,-1.9940835237503052,-0.18987733125686646,1.388718843460083,0.6526929140090942,0.32860442996025085,-0.7856085896492004,-1.5019781589508057,-1.0490175485610962,0.9667802453041077,0.8344162106513977,1.421188235282898,0.9480157494544983,1.7241277694702148,1.9369137287139893,0.3380360007286072,-0.030840368941426277,0.7164230942726135,-0.754298985004425,0.05493557080626488
1.143203854560852,-1.0318390130996704,-0.5567790269851685,0.1449841409921646,0.14858035743236542,-1.0338265895843506,0.5298871397972107,0.3190101981163025,1.8280600309371948,-1.0951826572418213,0.2563455104827881,-0.8575455546379089,2.5970494747161865,0.5029467344284058,-1.3053041696548462,-1.8088148832321167,1.1949042081832886,0.6718139052391052,-0.7135711312294006,0.21598461270332336,0.5744976997375488,-1.589513897895813,-1.3548558950424194,-0.2900128662586212,0.062485452741384506,-0.6405394077301025,-0.1418975591659546,-0.4879208505153656,-0.09961199015378952,-0.515285849571228,1.3714168071746826,-1.3443354368209839,-0.9916083812713623,0.667660117149353,0.5809754133224487,0.2101118564605713,-2.1615254878997803,0.3389345705509186,-0.7338027954101562,-0.7743309140205383,-0.8029415607452393,-0.5116062760353088,-0.8700986504554749,1.1662282943725586,-0.78009033203125,0.3957105576992035,0.7050434947013855,0.14524269104003906,-0.22608530521392822,-0.7614493370056152,-0.8373379707336426,0.3938453793525696,-0.2679450511932373,-0.7575715184211731,-1.8637990951538086,-1.064587950706482,-0.3702338635921478,-0.7583425641059875,-2.593458652496338,1.2754038572311401,0.7602556943893433,0.9859402775764465,-1.449569582939148
-0.42143183946609497,0.08294390141963959,-0.12332941591739655,-1.027748703956604,-1.2078156471252441,-1.0603803396224976,0.3344934284687042,-1.4224762916564941,0.1790638417005539,1.0956498384475708,-0.7108299136161804,-0.1382186859846115,1.4099905490875244,-0.39664897322654724,0.7292690277099609,-0.6066622138023376,-0.6409512162208557,-0.47584018111228943,-1.0161538124084473,0.46328237652778625,1.2062737941741943,0.39500144124031067,1.0686564445495605,0.8767472505569458,0.635166347026825,1.1185719966888428,-0.24417535960674286,1.1843687295913696,-1.290929913520813,1.4810174703598022,1.254442811012268,-0.4152148962020874,1.1616368293762207,0.9165474772453308,1.0253733396530151,0.754351019859314,0.21405275166034698,-1.546811580657959,0.11912405490875244,-0.7043095231056213,1.2648741006851196,0.9446320533752441,-0.17672298848628998,0.4212460517883301,-1.3226879835128784,0.4956950545310974,-0.4756731688976288,0.3074384033679962,0.8932664394378662,0.7530060410499573,-1.242012858390808,0.0992363840341568,0.27466875314712524,0.9186156392097473,0.12873521447181702,0.563986599445343,-0.5257174372673035,1.632216453552246,-0.6384707093238831,-1.063517689704895,0.47255077958106995,0.7412583231925964,0.004673467483371496
1.3237383365631104,-0.24317525327205658,-0.9942139387130737,-1.98659086227417,0.687175989151001,1.7742120027542114,-0.9349768757820129,0.6448320746421814,0.7410540580749512,0.1414884328842163,0.6627784371376038,1.1710559129714966,1.1516821384429932,-0.7841953635215759,-1.287472128868103,0.9880227446556091,-0.7591168880462646,-0.9233701825141907,0.13636255264282227,0.9835147857666016,0.2178909182548523,-1.2089680433273315,-1.7322752475738525,-1.2602272033691406,0.09293460100889206,-0.06574124097824097,-0.7077715396881104,0.5695974826812744,0.6465448141098022,0.7865399718284607,-0.027987420558929443,0.6697215437889099,1.0738680362701416,0.3783925771713257,0.6237727999687195,1.9328877925872803,-0.5695316195487976,0.2456841915845871,-1.5885794162750244,0.6445468068122864,1.1901674270629883,0.7987310886383057,1.0018736124038696,-0.5124253630638123,-0.8475637435913086,-1.0336133241653442,-0.6836020946502686,-0.37619176506996155,0.7445175051689148,1.2770500183105469,0.3112245202064514,-0.3853447139263153,-0.20057836174964905,-1.3548626899719238,0.4013877511024475,-0.8903762102127075,-1.0591626167297363,0.6193585991859436,-1.054985523223877,0.005398213397711515,0.5493723154067993,0.04383973404765129,1.2721765041351318
-0.8276772499084473,0.8315786719322205,0.11153021454811096,-1.0721527338027954,0.534218966960907,-1.6508313417434692,0.7119635343551636,-2.6478188037872314,0.6504009962081909,-0.9565624594688416,-0.46481141448020935,-0.7023038268089294,1.0092213153839111,-1.3827776908874512,1.0601751804351807,-0.8572372794151306,1.1767427921295166,-0.6867122650146484,-0.9386411905288696,0.9689697623252869,-2.0875608921051025,-0.768775463104248,0.5732204914093018,2.073570966720581,-1.8938701152801514,0.07595841586589813,-0.8386572599411011,0.7558692693710327,-0.6736655235290527,0.9821146726608276,-0.4179719388484955,0.519247829914093,-0.7425222992897034,-0.960152268409729,1.4871673583984375,-0.6398499011993408,1.091782569885254,0.6858651041984558,-0.08639604598283768,-0.40644922852516174,0.7354100942611694,0.894026517868042,-1.7344202995300293,0.20248372852802277,-0.07792887091636658,0.30832797288894653,0.08360444009304047,1.076494574546814,-0.6041026711463928,-0.5472096800804138,0.023726077750325203,-0.32727760076522827,0.25644683837890625,0.03597433865070343,0.1563633680343628,0.6370415091514587,0.11305821686983109,0.8338273167610168,0.002080991631373763,-1.873313546180725,-0.7209605574607849,-0.6239726543426514,1.07852303981781
1.1914067268371582,-0.92469322681427,-0.594524621963501,0.4897420406341553,-1.3386949300765991,-0.4586605131626129,-1.3921617269515991,0.3881312310695648,0.00711431447416544,1.170122742652893,0.9685800075531006,-0.5851069092750549,0.7955593466758728,0.5249976515769958,0.5461183190345764,-0.2640917897224426,0.6295170187950134,0.23550717532634735,0.3570411503314972,0.03741595521569252,1.5061930418014526,0.7883396744728088,0.38482046127319336,0.936623752117157,-0.03855045884847641,1.2126795053482056,0.04378272965550423,-0.5631875395774841,2.011035680770874,-0.37184831500053406,0.3198119103908539,-0.00499415909871459,0.6945185661315918,-0.8081494569778442,0.2108018696308136,-0.24472151696681976,0.6031793355941772,0.37718304991722107,0.9050793647766113,-2.1568453311920166,0.08792830258607864,0.138722226023674,1.0484675168991089,-0.6660335063934326,1.0409927368164062,1.289028525352478,-0.5951252579689026,-1.2126991748809814,1.785317063331604,-0.18277202546596527,0.08811796456575394,-0.25222650170326233,-1.9199528694152832,0.48100611567497253,-0.8622295260429382,-0.2555595934391022,0.7190353870391846,-0.252032071352005,0.8188945055007935,0.8179493546485901,-0.48460134863853455,-0.859287679195404,0.473014771938324
0.16360735893249512,0.04757547378540039,0.23929256200790405,-1.465988278388977,-1.1014207601547241,-0.8527852296829224,1.3642994165420532,0.14610731601715088,-0.10523463040590286,-0.8999316096305847,0.6765224933624268,-0.08729825168848038,0.31151333451271057,0.7189139127731323,-0.3572908341884613,-0.6890603303909302,-0.6063703894615173,-1.3901863098144531,-0.4320979416370392,-1.338172435760498,-0.09586542099714279,0.3250786364078522,0.7384490966796875,0.9545796513557434,-0.6068345308303833,0.7330284714698792,-1.6593587398529053,0.8460748791694641,-1.218817114830017,0.1588044911623001,-0.810903787612915,-0.29104548692703247,-1.2059063911437988,0.36509865522384644,0.06844259798526764,-0.07630244642496109,-0.39844584465026855,0.42837968468666077,-0.4763597249984741,-0.08923085033893585,-0.09366367012262344,-1.150513768196106,-0.5496575236320496,-1.7752965688705444,-0.7208905220031738,-1.0577538013458252,0.9367191195487976,0.13255782425403595,-0.1442086547613144,0.2652954161167145,0.65817791223526,0.7258903980255127,0.12802307307720184,0.15646949410438538,-0.4259139895439148,-0.22420312464237213,0.7256132364273071,0.7201804518699646,-0.8399618268013,0.3925667405128479,-0.9909072518348694,-0.9037135243415833,-1.380011796951294
-1.5722808837890625,-0.9117355346679688,0.3251952826976776,1.3012510538101196,-0.5893347859382629,-0.30157291889190674,-1.9212324619293213,1.3106844425201416,-0.26865649223327637,-0.7130357027053833,-1.2627893686294556,-0.6876738667488098,0.4370734393596649,-0.5591137409210205,-2.023852586746216,-1.9055482149124146,-0.25386732816696167,0.887204110622406,-0.3939305543899536,-0.542056143283844,-1.4732282161712646,1.184659481048584,-0.2229117900133133,0.07028017938137054,0.8951839208602905,1.1968162059783936,0.7140366435050964,-0.2189566045999527,-1.207128643989563,0.27253106236457825,-0.7961101531982422,-0.8349876403808594,0.22619670629501343,1.0791739225387573,-0.5000301599502563,0.4142829477787018,-0.019800500944256783,0.38471129536628723,0.8309656381607056,-0.9082322716712952,0.21529456973075867,-0.5831384062767029,0.7103975415229797,-1.1485681533813477,-1.0350701808929443,-1.0226725339889526,0.8259166479110718,-1.6546446084976196,1.0361930131912231,-0.7546642422676086,-0.008606752380728722,1.0340907573699951,-0.327627569437027,-0.30778321623802185,0.4590587615966797,-0.1372290700674057,-0.46409842371940613,0.4493480920791626,-0.29416677355766296,0.2613249719142914,-1.6875343322753906,-1.0440493822097778,-1.3530871868133545
0.04821823537349701,-1.1839547157287598,0.629664957523346,-1.4072757959365845,0.3124407231807709,0.8227711319923401,-0.5210841298103333,1.68294095993042,-0.7197022438049316,1.382935643196106,0.49621373414993286,-0.08715502917766571,-0.18048754334449768,-1.5584481954574585,0.7654607892036438,0.21798865497112274,-0.6471177935600281,-0.6045569777488708,-0.8050512075424194,-0.16735471785068512,0.023953115567564964,1.3068766593933105,1.2863634824752808,0.13253477215766907,-0.6263685822486877,-0.22075645625591278,-0.36259910464286804,-0.5549365282058716,1.2451306581497192,-0.108319491147995,-0.31129658222198486,-1.2339891195297241,-0.1286962330341339,-0.2652212977409363,0.910545289516449,-0.5677397847175598,-0.22745181620121002,-1.5377620458602905,-2.0214498043060303,0.12259408831596375,-0.029438557103276253,0.13623809814453125,-0.6321107745170593,0.7261868119239807,-0.8658826947212219,-1.1637765169143677,-1.1700383424758911,0.05834788829088211,0.8772985339164734,-0.8978211879730225,-0.8811975717544556,-1.4795684814453125,0.47202175855636597,-0.8651765584945679,0.18160805106163025,-1.2748045921325684,0.2474624663591385,0.2775858938694,0.17437204718589783,1.9455803632736206,1.0309311151504517,0.37403953075408936,0.3324057459831238
-1.0100241899490356,0.4360092878341675,0.6879883408546448,-0.6041260957717896,0.28730180859565735,0.6663927435874939,-0.2824751138687134,0.6666014790534973,0.6205974817276001,-0.9417238235473633,-0.8728216886520386,-0.33361876010894775,0.6161911487579346,-0.0035057191271334887,-0.19456316530704498,-1.3909968137741089,-1.3626543283462524,-0.5502350330352783,-0.22671379148960114,0.6615706086158752,-1.1422988176345825,0.7415286302566528,0.5671406388282776,0.04031873866915703,-0.6895524263381958,-0.7708033323287964,-1.7976614236831665,0.26330870389938354,-2.2533044815063477,0.54121994972229,-2.1566460132598877,-0.9916839003562927,-1.9407156705856323,-0.6575942039489746,0.7091649770736694,0.42916569113731384,-0.28397560119628906,-0.003374897874891758,-0.5975232720375061,0.4458344578742981,1.2730779647827148,0.5118488073348999,0.6647401452064514,-1.1603161096572876,0.08643635362386703,-2.804347038269043,-0.8480136394500732,-0.48362746834754944,-0.5786652565002441,0.1736883819103241,0.39392638206481934,0.4253982901573181,0.36638444662094116,-1.255197286605835,1.9306122064590454,-1.3248355388641357,-1.0701090097427368,1.6789077520370483,-0.6489464044570923,1.04991614818573,-1.013205885887146,-1.7321012020111084,0.942754328250885

Slice 14
-0.0014594309031963348,0.7326400876045227,0.3882528245449066,0.9405362606048584,-0.31017446517944336,-1.049336314201355,1.7703286409378052,-0.1653311550617218,0.7305039763450623,1.4773181676864624,0.025174224749207497,-1.8942975997924805,0.037584349513053894,2.5629143714904785,0.4863772690296173,-0.2275734543800354,-0.32703784108161926,-1.123271107673645,0.563709557056427,0.1668735295534134,0.9423561692237854,1.2602455615997314,-0.6160722374916077,-0.2389211505651474,0.5166752338409424,-2.143343210220337,-0.0804937407374382,-0.26663708686828613,0.882922351360321,0.8595410585403442,0.9792577028274536,1.0345710515975952,0.18966710567474365,0.21123500168323517,0.13578008115291595,0.35005977749824524,-0.11783447861671448,-0.13315676152706146,-1.2830146551132202,0.9905359745025635,-0.3822626769542694,0.3450102210044861,-1.339302897453308,0.8724325895309448,0.559763491153717,0.660646378993988,0.7201900482177734,1.7734241485595703,0.43379151821136475,0.5327340960502625,0.04715424031019211,-0.3405713438987732,0.19118155539035797,-0.8072745203971863,0.6796036958694458,-0.4529569149017334,-1.1540307998657227,1.1421557664871216,1.8140206336975098,0.021566281095147133,0.37652653455734253,-0.36834120750427246,-1.7966052293777466
-0.9816789031028748,0.7645678520202637,-0.18315160274505615,0.24895258247852325,1.3989518880844116,0.8036459684371948,0.021378882229328156,0.35212093591690063,0.8859915137290955,-1.0206873416900635,1.130916714668274,1.049355149269104,0.8906635642051697,0.13752365112304688,0.5092737674713135,-1.1269930601119995,1.1079809665679932,1.0518665313720703,-0.47879305481910706,-1.4415242671966553,0.6364946365356445,0.8773568868637085,-0.17041531205177307,0.5730893015861511,0.23157528042793274,0.1601632684469223,-0.056655753403902054,-1.3320995569229126,-0.8530892729759216,0.9681896567344666,1.1023151874542236,0.33580970764160156,0.6857895255088806,1.047351360321045,1.1223853826522827,-0.5352967977523804,-1.7658063173294067,0.0825577974319458,1.1914101839065552,0.1317392885684967,0.42572855949401855,-1.1222622394561768,-0.41089895367622375,-1.7792456150054932,-1.9154937267303467,-0.6891039609909058,-1.886862874031067,-0.4456692636013031,1.0663474798202515,1.0656251907348633,-0.5487339496612549,1.5294151306152344,-1.6322071552276611,-0.07805650681257248,-1.5325042009353638,-0.7377632856369019,1.1024125814437866,0.6493889689445496,1.5203392505645752,1.048620581626892,1.6473063230514526,0.03548666089773178,0.15878106653690338
-0.3724117577075958,1.8560192584991455,-1.0894858837127686,0.3284776210784912,-0.23658932745456696,1.1252479553222656,-0.3670922517776489,-0.6362167596817017,-0.1337875872850418,-0.5588495135307312,-1.2404931783676147,-0.1664353311061859,1.3026158809661865,1.3792736530303955,-0.9318041801452637,-0.3599575459957123,0.36412161588668823,-0.09080223739147186,-0.3314574062824249,0.37656930088996887,-0.2911755442619324,0.3337540924549103,0.14647386968135834,-0.6014471054077148,-0.39499998092651367,0.3562979996204376,1.2291083335876465,-1.3769816160202026,0.40436747670173645,0.10852646827697754,0.2533908784389496,0.5659802556037903,-1.4130200147628784,0.47032949328422546,-0.4228549897670746,-1.385977864265442,-0.9849303364753723,-1.4076812267303467,-0.060712870210409164,0.7209594249725342,0.21688923239707947,-0.2725535035133362,-1.0422347784042358,0.7218105792999268,0.556587278842926,1.4644243717193604,-0.6262453198432922,0.09642276912927628,-0.7181887626647949,0.8101634979248047,0.27846935391426086,0.534956157207489,-0.6088507175445557,-0.227699413895607,0.6891843676567078,0.46774956583976746,-0.5171064734458923,-1.1047166585922241,-0.9172864556312561,-0.6955735683441162,0.735856294631958,-0.13657094538211823,-0.6056861281394958
-1.899850606918335,1.044514775276184,0.09286592900753021,-1.0746780633926392,0.9027673006057739,0.6679321527481079,0.20250242948532104,1.515897274017334,0.37009692192077637,0.22185340523719788,2.0323266983032227,-0.16748717427253723,0.8997392654418945,-0.9922650456428528,0.7844710350036621,0.4224790930747986,0.6103127002716064,-0.24272269010543823,0.3041703402996063,-0.5729420185089111,1.0076347589492798,0.39296072721481323,-1.82004976272583,-0.6750637292861938,-1.0761362314224243,1.2834144830703735,0.39720824360847473,-1.044581413269043,0.7588707208633423,-0.2050628960132599,-0.9442589282989502,-0.2765516936779022,1.9163782596588135,-0.5319815278053284,-0.20766669511795044,-1.3087292909622192,0.339982271194458,1.0958813428878784,0.00946439802646637,-1.2213650941848755,0.18765944242477417,0.9946953654289246,-1.000780701637268,-1.2748435735702515,-0.0696394294500351,-0.40308406949043274,0.6620756387710571,0.2596895098686218,0.08593461662530899,0.1699027419090271,-0.09032323956489563,1.260651707649231,-1.4886300563812256,1.5681713819503784,-0.04181188717484474,-0.35311898589134216,0.7862918376922607,1.65695321559906,-0.15190348029136658,0.5567598938941956,-0.3046940863132477,-0.29661425948143005,0.9128217697143555
0.22113314270973206,0.37521249055862427,-1.1294275522232056,-1.1900566816329956,-2.370164632797241,-0.06442241370677948,-0.3082670271396637,-1.1469415426254272,0.46396252512931824,-1.929479718208313,0.7330383658409119,-1.5792979001998901,-0.6157578229904175,-0.9216644763946533,1.3432989120483398,-0.2841492295265198,0.7234316468238831,-0.661312997341156,0.8832314014434814,0.2013818472623825,-0.15291030704975128,-0.8604544401168823,-1.5650652647018433,-0.008477634750306606,1.1119599342346191,-0.5036876201629639,1.077282190322876,0.1749008148908615,-0.4918794631958008,-0.43574005365371704,0.6471622586250305,-1.6449711322784424,0.3523247241973877,0.123041532933712,-0.9180518388748169,-0.06435035914182663,-1.2241560220718384,0.2887140214443207,0.6535450220108032,1.138877034187317,0.21594740450382233,0.41389939188957214,-0.09735358506441116,0.2723516821861267,-1.1963834762573242,0.216164693236351,1.823732614517212,-1.3686232566833496,1.2387112379074097,1.1813031435012817,-0.9046660661697388,0.921227753162384,0.2619279623031616,-0.985195517539978,0.21834108233451843,-1.480916142463684,-1.278210163116455,0.2927725911140442,-0.8440014123916626,-0.2641313672065735,0.9921513795852661,0.933950662612915,-1.3846423625946045
0.7349002361297607,0.7806680798530579,1.514504313468933,-0.38749247789382935,0.11186966300010681,1.2052028179168701,-0.6788855791091919,1.440596103668213,0.41263648867607117,0.8782501220703125,-1.2259490489959717,-0.6166473627090454,-2.436851978302002,-0.050290774554014206,-3.0656394958496094,2.1471667289733887,0.7175792455673218,-0.31090086698532104,1.5518893003463745,-1.8727411031723022,-0.18428796529769897,1.187835931777954,0.3243820071220398,1.3113036155700684,-1.5189716815948486,0.08625050634145737,1.516521692276001,0.9428204298019409,-0.4011877775192261,0.8116857409477234,1.7327160835266113,0.129673570394516,-0.3308616876602173,-0.48633134365081787,1.7904045581817627,0.8148158192634583,-1.6712476015090942,0.05880119279026985,0.31380337476730347,-0.6944179534912109,-0.9020810127258301,-0.1625579595565796,-0.6953129768371582,-1.1434301137924194,0.2222791165113449,-0.26719966530799866,1.1058838367462158,0.4678006172180176,-0.2838227152824402,-0.19941025972366333,-0.9337932467460632,0.7051658630371094,1.017865538597107,0.9658419489860535,1.0472580194473267,-0.07612188905477524,0.223683699965477,-1.6165568828582764,-1.203531265258789,0.4814095199108124,-0.35197585821151733,0.450039267539978,-0.27567553520202637
0.6843491792678833,1.7079294919967651,0.5504796504974365,2.173304796218872,-0.044454026967287064,1.0521296262741089,0.8904114961624146,-1.2466754913330078,-0.3807990550994873,-0.8819178938865662,-0.3149717152118683,0.04592227190732956,0.36830395460128784,1.3247226476669312,0.9180353283882141,-0.2855623662471771,-0.837581992149353,-0.351945698261261,-0.27240991592407227,-1.392348051071167,0.11587996780872345,1.3589643239974976,0.9411353468894958,-1.284320592880249,-1.2042955160140991,-1.672427773475647,-0.48965662717819214,0.9952349066734314,-0.30782991647720337,0.7418659925460815,0.7143979668617249,1.7332634925842285,-0.4539421796798706,-0.3399471640586853,-1.0049827098846436,0.5827595591545105,-0.39281749725341797,-0.18879440426826477,0.5608575940132141,-1.2092511653900146,-0.862844705581665,2.5581130981445312,-1.3512632846832275,-0.45535555481910706,0.15328603982925415,0.775823712348938,0.5467514395713806,-0.0886082723736763,-0.05802486464381218,-0.19410833716392517,-0.999350368976593,-2.1177988052368164,-0.2430408000946045,-1.1639176607131958,1.3887965679168701,-1.5575674772262573,0.126553013920784,-0.36314207315444946,0.056792326271533966,-0.32969844341278076,-0.41488224267959595,-0.2569430470466614,0.8440328240394592
1.3943172693252563,0.4296274483203888,-0.03737206757068634,0.2317889779806137,-0.5810306668281555,1.0719674825668335,-1.6339668035507202,1.294862151145935,-1.477033257484436,1.9735174179077148,-0.16793930530548096,-1.8116055727005005,-1.747273564338684,-0.28379908204078674,-0.10134891420602798,0.5682896375656128,0.5456692576408386,1.053309440612793,-0.3942379355430603,-0.9894605278968811,-2.030830144882202,-0.4959924817085266,0.20226716995239258,0.9565341472625732,-1.1076537370681763,-1.7303661108016968,0.8786621689796448,1.0779180526733398,-3.0994036197662354,0.5423198342323303,0.05403648689389229,0.1324402391910553,0.9292499423027039,-0.5829517245292664,-0.20499219000339508,1.237752914428711,-0.604586660861969,-0.38046592473983765,-0.44074949622154236,-1.3661569356918335,-1.5314784049987793,0.02082808129489422,-0.1517724245786667,1.3283034563064575,-0.002097993390634656,-0.20900170505046844,-1.3704984188079834,1.765235185623169,0.8219649195671082,-1.1405527591705322,-1.6640028953552246,-0.33406177163124084,1.169898509979248,1.6193979978561401,0.35334619879722595,-0.022256286814808846,-1.1688144207000732,1.1044392585754395,0.33721908926963806,2.511422872543335,-0.8222779035568237,0.43709835410118103,0.4489017128944397
-0.5367953777313232,0.15406650304794312,-0.049525193870067596,-0.6436742544174194,0.8648296594619751,-0.490847110748291,0.2851039171218872,0.5327590703964233,1.5123708248138428,-0.27457764744758606,0.9747937321662903,-0.6429547667503357,-1.5650362968444824,-1.8114572763442993,0.25966352224349976,0.02835940755903721,-1.739465594291687,-0.26920899748802185,-0.03249811381101608,-0.5816904902458191,-0.3717344105243683,1.2090929746627808,-0.890588641166687,-1.7998738288879395,-1.1345202922821045,1.1834540367126465,0.6435428261756897,-1.467418909072876,0.9906532764434814,0.3079451322555542,-0.5762459635734558,-1.4115666151046753,1.2648082971572876,0.15765860676765442,-1.3265478610992432,-1.3471957445144653,-0.23438388109207153,1.2576764822006226,-1.5310865640640259,-0.8099103569984436,1.0122889280319214,-0.04221433028578758,-0.3457944095134735,0.9758588075637817,-1.010660171508789,1.6939823627471924,-0.3121980130672455,-0.49140307307243347,-0.9613885879516602,-2.032871723175049,-0.43145981431007385,1.478066086769104,-1.5883983373641968,0.3181512951850891,-2.039090871810913,-1.3103727102279663,-0.8696167469024658,0.7842236161231995,-0.0498344711959362,0.4201212525367737,0.5915080308914185,0.885164201259613,-0.15787078440189362
0.8128021359443665,0.9775152206420898,0.8034622073173523,-0.3343947231769562,0.5694870948791504,0.1731855273246765,-1.270362377166748,-1.2193752527236938,-0.7984411120414734,-1.0160801410675049,-0.9887572526931763,-0.1832127422094345,1.6086984872817993,0.7978166341781616,1.7376023530960083,-0.517403244972229,-1.2382413148880005,-0.4745279848575592,-0.2223181128501892,-0.543373703956604,2.1495485305786133,1.2474337816238403,0.5974473357200623,-0.2532411813735962,-0.208593487739563,-0.5015666484832764,0.3047327697277069,-0.25864022970199585,-0.21504448354244232,-1.8341368436813354,0.52504563331604,-0.6514211297035217,-2.077204942703247,-1.2920466661453247,0.204784095287323,-0.41161179542541504,-0.6157076358795166,-2.0665297508239746,1.7450759410858154,-0.6065189242362976,0.23837654292583466,-0.1066189780831337,-0.4309517443180084,-0.16076786816120148,-1.486933708190918,1.7553155422210693,0.9786679744720459,-0.7893655896186829,-0.406068354845047,1.298747181892395,1.1487116813659668,-1.3111786842346191,0.2568095624446869,-1.0794283151626587,-0.0724516436457634,0.3639378845691681,0.9876691699028015,-0.9528324007987976,0.0319630391895771,-0.7822514176368713,0.269275039434433,-0.8644366264343262,0.012808963656425476

Slice 15
-0.3678150773048401,-1.3217206001281738,-0.7997006773948669,-0.6064519882202148,1.6499007940292358,-0.43699055910110474,-1.2978280782699585,-0.30695101618766785,-0.9379552602767944,0.4825092852115631,-0.8848884701728821,0.11106318235397339,0.047558192163705826,0.16170437633991241,1.2441500425338745,-0.12373501062393188,0.5597151517868042,0.9086481332778931,-0.273993581533432,1.1189465522766113,-1.0981603860855103,0.06075749546289444,-0.6972550749778748,-0.5921722054481506,0.021252961829304695,0.3664949834346771,-1.0422650575637817,0.8447276949882507,2.284050941467285,2.2889249324798584,1.4764604568481445,0.09469568729400635,-1.4513009786605835,-0.8723806738853455,-0.15481266379356384,0.44855740666389465,0.3425910770893097,0.6749578714370728,1.4108494520187378,-1.525336503982544,0.9203128814697266,0.37742066383361816,-0.25956135988235474,-0.15048888325691223,0.3385637700557709,1.4656355381011963,-0.7701168656349182,0.30248457193374634,-1.5021511316299438,1.839840292930603,0.5942694544792175,-0.9334357380867004,0.9275158643722534,-0.4105553925037384,-0.3279666304588318,-0.3079512417316437,-1.0872877836227417,0.2726602554321289,-1.3576573133468628,-1.6135931015014648,-1.0196921825408936,-1.4737869501113892,-0.8225588202476501
-1.982662558555603,1.280626893043518,0.8371871709823608,-0.030753254890441895,-1.3675806522369385,2.001702070236206,0.42156103253364563,0.805202841758728,0.05841297283768654,0.3929653763771057,-0.9318599104881287,0.40645715594291687,-1.1092365980148315,1.0132417678833008,-1.4069048166275024,-0.9491515755653381,1.251323938369751,-1.219746470451355,1.1599490642547607,0.8212267160415649,-0.8168166875839233,-0.29140475392341614,0.6213025450706482,0.6035709381103516,-0.1623765081167221,1.2204828262329102,-0.5493872761726379,0.7671938538551331,-1.0876277685165405,-1.1731678247451782,-1.3178973197937012,0.9162266254425049,0.41711100935935974,-0.263517826795578,0.294362872838974,-0.3153533935546875,-0.4490323066711426,-0.16858184337615967,0.5289427042007446,-0.43766486644744873,0.7168118953704834,1.0740784406661987,-1.70177161693573,0.01976177655160427,-0.9321457743644714,1.515517234802246,-1.7753639221191406,-0.9890338778495789,-0.1278529018163681,0.018911870196461678,-1.9488697052001953,-0.03851265460252762,-0.19452856481075287,0.6622796654701233,-0.5453171730041504,-0.23305310308933258,-0.5530768036842346,-0.3297542333602905,-0.5861870646476746,-0.6399200558662415,1.7997386455535889,-0.1278781145811081,0.308731347322464
-0.07634761929512024,-0.5018800497055054,0.41478562355041504,-0.7721214890480042,-0.9442999958992004,-1.6960532665252686,-0.5350221395492554,-0.8924145698547363,0.05583956092596054,-0.4995444715023041,-1.6935114860534668,-0.33219438791275024,-0.02222285233438015,-0.8914849758148193,-0.6170409321784973,-0.45809483528137207,-0.23407118022441864,-1.3472243547439575,0.5784894824028015,-0.4972999095916748,0.19482430815696716,-0.8225464224815369,-0.7237069010734558,-1.1611328125,-0.6263861656188965,0.5311173796653748,0.5639535188674927,-0.9685872197151184,0.14814728498458862,-1.3991390466690063,-1.0639479160308838,-0.9365385174751282,-2.1181516647338867,-1.3805556297302246,0.4872708022594452,-0.20288468897342682,-0.5864899754524231,-0.525862991809845,0.814378559589386,0.6906177401542664,0.3738412857055664,-0.19378536939620972,0.04366106167435646,0.8748692274093628,-0.577620267868042,-1.774337887763977,1.339245080947876,-0.16215208172798157,1.3398391008377075,-0.17399175465106964,0.35216525197029114,-1.0847182273864746,1.2817548513412476,0.8690387010574341,0.35636740922927856,-1.345503568649292,-2.272077798843384,-1.210210919380188,2.051175355911255,1.2438242435455322,-1.2418287992477417,1.9636298418045044,0.9707818627357483
-0.7978481650352478,1.8610260486602783,-0.4466567039489746,-0.9058771729469299,-0.16807417571544647,-1.158963918685913,-0.2504648268222809,0.07218464463949203,-2.3015880584716797,-0.3105558454990387,-1.5726675987243652,1.4341378211975098,0.8776848912239075,-1.3906426429748535,-0.8175831437110901,-0.47290322184562683,0.13580872118473053,-2.252922534942627,-0.8163283467292786,-0.421565979719162,-0.4635581374168396,-1.1088225841522217,2.23482608795166,-0.6262786984443665,-0.9175202250480652,-1.4597500562667847,-0.20317041873931885,0.18037772178649902,-1.0667942762374878,0.0759183019399643,0.4218776524066925,-0.23639477789402008,-0.6362981200218201,-1.7596876621246338,0.5706061124801636,0.19225943088531494,-0.9185420870780945,0.007662666495889425,-1.759746789932251,-2.2011406421661377,-1.3754228353500366,1.0444397926330566,-1.2041747570037842,1.0707908868789673,-0.09490692615509033,-0.6432697772979736,-1.0181690454483032,-0.1034020408987999,-0.22706227004528046,-0.029699821025133133,-0.3243979513645172,0.6194465160369873,-0.25231635570526123,-0.9703777432441711,-1.9981107711791992,-0.16696032881736755,-0.33360278606414795,0.07766187191009521,-0.337064266204834,-1.0949074029922485,1.5565149784088135,0.7568396925926208,0.8444786071777344
1.0288841724395752,-0.7277796864509583,1.3946775197982788,0.18943651020526886,-1.347486138343811,-1.343967080116272,0.4368595778942108,0.5208045244216919,-0.2680354714393616,-0.3954312205314636,0.08991172164678574,-0.9103742241859436,-0.50807124376297,0.41466060280799866,0.006662494502961636,1.1893596649169922,-1.1528962850570679,-0.3633434474468231,-0.3204405903816223,0.31875887513160706,-0.0610310323536396,0.3685095012187958,-1.1059191226959229,0.22458219528198242,1.5815551280975342,0.3998163640499115,-1.387894630432129,-1.055070400238037,1.1942508220672607,-0.6502585411071777,-0.1900327354669571,-1.3342684507369995,-0.2860792875289917,-1.0251375436782837,0.40413838624954224,0.7028875350952148,1.0264034271240234,0.331670343875885,-0.1795080155134201,-0.38182583451271057,0.027961380779743195,0.41017600893974304,1.0028579235076904,-0.7295038104057312,-0.1312553435564041,-0.9692782759666443,0.6948767304420471,1.1266727447509766,0.4421769976615906,0.5019571185112,0.03801369294524193,0.19551299512386322,-0.1626833975315094,0.5985961556434631,0.6039242148399353,0.32987990975379944,-0.9095482230186462,1.0258684158325195,-0.06022431701421738,-0.22800232470035553,-0.5218294262886047,0.3641486167907715,1.3370033502578735
1.7929799556732178,0.21190233528614044,-1.324420690536499,-1.2400356531143188,0.8996542692184448,1.744791030883789,0.9277999997138977,0.6211004257202148,0.2754758894443512,1.274491310119629,1.7060890197753906,0.6299926042556763,-1.8282947540283203,-0.5805526375770569,0.9146191477775574,-2.05145001411438,1.5622265338897705,1.0007567405700684,-0.12336385250091553,-0.22308143973350525,-0.2678840160369873,0.6934155225753784,-0.8798602223396301,-1.9647622108459473,0.6910746097564697,0.4772101938724518,0.38766807317733765,1.2472823858261108,-1.652289867401123,-0.8857356905937195,-0.819940447807312,-0.033056315034627914,0.5110499858856201,0.721918523311615,0.686777651309967,-1.3982793092727661,1.0040435791015625,-2.288545608520508,1.6258161067962646,0.336936354637146,0.9304147958755493,0.49871665239334106,1.0529981851577759,-0.5814943909645081,-0.4422701597213745,1.3224678039550781,-0.43236106634140015,-1.1462280750274658,0.8825370073318481,-1.5243943929672241,0.9888879656791687,0.6991078853607178,0.0029462738893926144,0.4006219804286957,0.9890769720077515,-2.1039512157440186,-0.5860570669174194,0.23316022753715515,-1.6085199117660522,-0.8112332820892334,0.42990806698799133,0.01968490146100521,-0.09564962238073349
0.2725938856601715,-1.7855795621871948,0.5336297154426575,-1.6937751770019531,2.369358777999878,0.2801394462585449,0.3096705377101898,1.257227897644043,-0.5632504224777222,1.9261698722839355,-0.6156420111656189,-0.4219230115413666,-0.30323004722595215,0.6986689567565918,-1.4585942029953003,-1.7868995666503906,-0.3216434419155121,-0.22958338260650635,-1.5274629592895508,-0.132371187210083,-1.3679534196853638,1.3323893547058105,-1.2093662023544312,0.18855887651443481,-0.7290451526641846,-1.0904923677444458,-0.9400147795677185,2.262287139892578,-0.9130716919898987,-0.36279726028442383,0.48018866777420044,-1.3973721265792847,-0.15272435545921326,0.8857120871543884,1.1743950843811035,-2.229790687561035,1.2855920791625977,-1.9818298816680908,0.052756424993276596,-0.5050389766693115,-1.6174570322036743,-0.04688400402665138,-2.0427863597869873,-1.6086927652359009,0.028088875114917755,-0.7465627193450928,-0.39554688334465027,0.05739939212799072,-1.7953845262527466,-1.5196053981781006,-1.2678979635238647,-0.3205472528934479,-0.4315357804298401,0.2077907770872116,-0.26500803232192993,-0.20908792316913605,-0.57233726978302,0.24632979929447174,0.15279647707939148,-0.3629121780395508,-0.14427527785301208,0.7323176264762878,-1.248134732246399
0.4710523188114166,-0.17072086036205292,-0.8355913758277893,0.8222337961196899,1.3110541105270386,1.4385032653808594,0.7695614099502563,-0.9520645141601562,0.11466120928525925,-0.7870945334434509,1.542929768562317,1.1590601205825806,-0.23235318064689636,0.2794458568096161,0.2690191864967346,-0.8124719262123108,2.00374436378479,-0.5093298554420471,0.991073727607727,-2.0312869548797607,1.479927659034729,-0.7466731071472168,-0.3645511269569397,-0.7619721293449402,1.2094948291778564,0.16114619374275208,-0.17800810933113098,-1.7973442077636719,-0.034443024545907974,-1.2399544715881348,0.3348183333873749,0.24134013056755066,1.2105845212936401,0.516232430934906,-0.6418956518173218,0.2875860035419464,-0.3894962966442108,-0.517401933670044,0.2705138027667999,-0.5982521176338196,0.10748568922281265,-2.3775453567504883,1.37930428981781,-1.1034691333770752,-1.7122282981872559,0.08380752056837082,0.19753220677375793,-0.7135499119758606,1.1361943483352661,-0.17084240913391113,-0.3740644156932831,-0.5814314484596252,0.4626357853412628,0.6976543068885803,-0.0065390984527766705,-1.658850073814392,0.14918267726898193,1.1945452690124512,-0.8384720087051392,-0.8595889806747437,-1.889464020729065,-0.8681707978248596,-0.29496681690216064
0.3523939549922943,-0.3203696608543396,1.1512436866760254,-0.951212465763092,-0.7450167536735535,0.7556032538414001,-0.6594067215919495,0.6053088903427124,-0.2534118592739105,-0.48332738876342773,0.40590739250183105,0.5281514525413513,-0.6235650777816772,0.33584341406822205,0.009094218723475933,-0.06810519099235535,0.6613249778747559,1.101738691329956,0.4123436510562897,0.534044086933136,0.32304489612579346,1.8062771558761597,-0.005838094744831324,-0.2790851593017578,0.37608495354652405,-1.3805568218231201,0.5483166575431824,0.6889294385910034,-0.6592936515808105,-0.12195239216089249,1.3226033449172974,0.48069512844085693,-0.6705334782600403,-0.531697690486908,-1.8692805767059326,0.4574492573738098,1.1836364269256592,-0.043689191341400146,-0.7392323017120361,-0.1771690845489502,-1.1658426523208618,-1.6878914833068848,0.20388704538345337,0.6888922452926636,2.903324842453003,-0.4133725166320801,0.3026706874370575,2.2938456535339355,-0.7983108758926392,0.45916134119033813,-0.37008604407310486,1.0882335901260376,-0.11021706461906433,-1.447057843208313,-0.30994999408721924,-0.2935599386692047,0.26172786951065063,-0.30990564823150635,-1.5383551120758057,0.031703416258096695,0.6394420266151428,-2.02925181388855,0.018463123589754105
0.27340149879455566,0.20093418657779694,-0.8900028467178345,-0.8534929156303406,-0.4512875974178314,-0.34230291843414307,-1.2934322357177734,-0.793242335319519,1.0357277393341064,0.7540614008903503,0.9877957701683044,1.351171612739563,-0.30443134903907776,-0.1965373009443283,0.11681810766458511,-0.527260422706604,0.550733208656311,0.03617122024297714,0.5290305614471436,-0.24445322155952454,0.9953792691230774,-0.3734704554080963,-0.05997484549880028,-0.18266041576862335,1.7951968908309937,0.19687992334365845,1.6250660419464111,-0.8870198130607605,0.18055903911590576,1.106652021408081,0.557665228843689,-0.8459388613700867,-0.9244846105575562,0.4539172649383545,1.7430285215377808,-0.24548089504241943,0.24627940356731415,-0.24737979471683502,-0.0066460189409554005,1.6238481998443604,-0.7567187547683716,0.004019996151328087,-0.32781705260276794,0.3952365517616272,-0.7043147087097168,-0.8295820951461792,0.35053738951683044,-0.39639273285865784,-0.6922308802604675,0.4167686998844147,-0.3441474735736847,0.6654856204986572,1.4175513982772827,-0.45270541310310364,1.4884239435195923,0.44188371300697327,1.167094349861145,2.370988607406616,-0.8164361715316772,0.8248777985572815,-0.31432563066482544,-0.2361600250005722,-1.2808245420455933

Slice 16
-0.09336940199136734,0.16699090600013733,-0.1283806711435318,2.3386189937591553,-0.42346927523612976,0.38463354110717773,-0.912259042263031,1.7827479839324951,0.23992396891117096,0.5367437601089478,0.26432284712791443,-1.134018898010254,0.374248743057251,-2.057945489883423,-0.7204776406288147,-1.1261461973190308,1.8729766607284546,0.4879549741744995,-0.483134925365448,-1.3909380435943604,-0.45698899030685425,1.1870404481887817,2.46014142036438,0.14251521229743958,-0.08582819998264313,1.5585907697677612,0.9183855652809143,-0.05011087283492088,0.33469563722610474,-0.0887712687253952,-0.7485559582710266,1.68604576587677,0.4202711880207062,0.19859132170677185,1.3392030000686646,-0.10983338952064514,1.1632251739501953,0.4171099364757538,-1.1675795316696167,0.03631005808711052,0.527932345867157,-1.3362425565719604,-0.3087374269962311,0.643485963344574,-0.11399465054273605,-0.5251941084861755,-2.0265281200408936,-1.7039680480957031,0.0600317046046257,-1.7372186183929443,1.247118592262268,0.4255636930465698,0.4258999526500702,0.7820580005645752,0.10223636776208878,0.37368112802505493,1.8293774127960205,0.8226410150527954,0.4778865873813629,-0.05585639178752899,-0.5395373106002808,-0.7272591590881348,-0.1519509255886078
-0.21919648349285126,0.9842159748077393,-1.1440776586532593,0.6251697540283203,-0.7190227508544922,1.8493024110794067,-1.6640257835388184,-0.9075823426246643,1.167121171951294,0.4562893509864807,-0.11580367386341095,1.5051583051681519,-1.0528730154037476,-0.29228103160858154,0.8883671164512634,0.5624745488166809,0.44552209973335266,-1.4118049144744873,1.2278355360031128,-0.22817367315292358,-0.4245304763317108,0.6538998484611511,0.7301119565963745,-0.933580219745636,-0.151022270321846,-0.44736722111701965,-1.718716025352478,0.27692797780036926,0.07664787024259567,0.9793872833251953,-0.2294127643108368,0.17809925973415375,0.8703756332397461,0.3746824860572815,0.9046282172203064,-0.8526929020881653,-1.8212604522705078,-0.6862872838973999,0.8518562912940979,0.9871450066566467,0.8496506810188293,0.4234052300453186,0.089080810546875,0.49538710713386536,0.3732447326183319,0.5838886499404907,-0.6607017517089844,0.7656438946723938,-0.1412041187286377,-0.690496027469635,0.6462351083755493,0.8072307705879211,1.3333388566970825,-0.08425330370664597,-1.0569796562194824,-0.4448811113834381,-1.1231064796447754,0.2630058526992798,-0.9597349166870117,0.3328333795070648,-0.38246938586235046,-0.532503068447113,-0.3730071783065796
-0.14576409757137299,1.1687108278274536,-0.8139183521270752,-0.25399887561798096,0.29781654477119446,0.9277873635292053,0.46940889954566956,-0.40767741203308105,0.7225958108901978,0.9643263220787048,0.7850874066352844,-2.4471428394317627,0.4569852352142334,0.9366526007652283,-0.27353042364120483,1.1227855682373047,0.48334261775016785,1.1455010175704956,-1.011413812637329,-2.443652868270874,1.0845637321472168,-0.0768812745809555,1.1957347393035889,-0.13720287382602692,0.225075826048851,-0.4953196346759796,0.18165066838264465,1.8325096368789673,0.4655139446258545,-1.7965402603149414,1.233918309211731,-1.3543787002563477,-1.958855390548706,0.6237896084785461,-1.0456430912017822,0.7858005166053772,0.5262259840965271,-1.0135610103607178,-1.4007755517959595,1.5547044277191162,0.16748078167438507,0.4643726944923401,-0.25301310420036316,-1.7298154830932617,0.40737488865852356,0.09956960380077362,1.1813584566116333,2.5840392112731934,0.5120261311531067,1.9678672552108765,-0.9661524295806885,-0.28398507833480835,-0.004291017539799213,-0.13119156658649445,0.16644752025604248,-1.0766425132751465,-1.0334022045135498,1.3575056791305542,1.104988694190979,-0.38145217299461365,0.5272632837295532,0.7975640892982483,0.41935357451438904
-0.8570919632911682,-0.0922374278306961,0.8747226595878601,1.3916947841644287,-1.7281205654144287,0.9350743889808655,-1.8274420499801636,1.052864909172058,-0.5719982981681824,-0.7527103424072266,0.02994987554848194,-0.20677533745765686,-0.4601306915283203,2.037245273590088,0.4365367889404297,0.6919538378715515,-0.6299389004707336,0.3949280381202698,0.2801191210746765,-1.345186471939087,-0.13122928142547607,0.3770575523376465,-0.29434922337532043,-0.7811377048492432,-0.6965121626853943,-1.1937886476516724,0.7751204967498779,0.467336505651474,-1.1072195768356323,-0.08371245115995407,0.4660937786102295,-0.3935436010360718,0.5645846724510193,1.690759301185608,0.8370382189750671,0.9905499815940857,1.6490315198898315,-1.7538795471191406,1.6596078872680664,0.3591565191745758,-1.4379534721374512,-0.50307697057724,1.069126844406128,-1.4358798265457153,-0.5254054665565491,-1.8889954090118408,-0.8509640097618103,0.4071190059185028,-0.17220814526081085,-1.6478004455566406,-1.737170934677124,0.07325031608343124,-0.20214144885540009,1.4806591272354126,1.649247407913208,-0.47774943709373474,-1.207640290260315,0.053431008011102676,-0.9328708648681641,-0.5063267350196838,1.4411320686340332,-0.2976812720298767,-0.6141409873962402
-1.2707903385162354,0.3894204795360565,-0.7518709301948547,0.6152205467224121,-0.6683674454689026,-0.8884083032608032,0.23834314942359924,2.0870957374572754,-1.822444200515747,-0.48109203577041626,0.09193798154592514,-0.5256066918373108,-0.9133495688438416,-0.8045867085456848,1.1384007930755615,-0.9533784985542297,1.0154850482940674,0.8712117075920105,-1.8341866731643677,0.48223963379859924,-0.863380491733551,1.5664328336715698,-0.7285080552101135,-1.0402626991271973,0.586993396282196,-0.8401769399642944,0.5383201241493225,-0.3346288800239563,0.06126444786787033,-0.4265119135379791,-0.7336708307266235,0.4307687282562256,-0.031125741079449654,-1.9849140644073486,1.4117599725723267,-0.045310959219932556,0.6176169514656067,-0.23046888411045074,-1.1533164978027344,0.8255607485771179,1.38764488697052,-0.040241390466690063,-0.362082302570343,-1.5446847677230835,-0.22671854496002197,1.3084417581558228,0.3738322854042053,0.8013100028038025,-1.3400746583938599,1.6000901460647583,-0.22148221731185913,-1.530348539352417,1.915140151977539,0.9283387660980225,-1.222855806350708,-0.49389851093292236,0.15999338030815125,-0.5496858358383179,0.5101619958877563,-0.9448556303977966,-0.7782186269760132,-2.031254768371582,-1.05564284324646
-1.3557803630828857,1.5834805965423584,0.2705865800380707,0.04318605363368988,0.9903635382652283,0.9976028800010681,-0.8691513538360596,-0.9403036832809448,-1.5752164125442505,-0.5674640536308289,0.4437350332736969,-1.1373234987258911,-1.8884419202804565,-0.41770997643470764,-0.41725873947143555,0.7430073022842407,0.04022092744708061,-1.6883331537246704,-0.8199825286865234,-0.12958571314811707,-0.8047891855239868,-1.1539721488952637,-2.2098870277404785,1.7362854480743408,0.20888002216815948,2.3246684074401855,0.3590257465839386,-0.478286474943161,-0.23726826906204224,-1.8837262392044067,0.9946559071540833,-0.6872620582580566,-0.9193553924560547,0.1930025964975357,-0.4546898305416107,0.6241623163223267,-0.24624212086200714,0.5602192282676697,-1.1966960430145264,-0.8280879855155945,-1.2125121355056763,0.47165387868881226,-2.009934663772583,-1.1339157819747925,0.5646210312843323,-0.7772926688194275,-2.627485752105713,-0.8917891383171082,-1.8964259624481201,-1.3763562440872192,-2.56490159034729,-1.2488378286361694,-1.3078181743621826,-0.8518776893615723,1.2586536407470703,-2.767876625061035,-0.594892144203186,0.7142375111579895,1.0736656188964844,1.8092552423477173,-2.3745017051696777,0.9051180481910706,0.3096490800380707
1.7669928073883057,-0.02712811343371868,0.1513049602508545,0.41670432686805725,0.8948295712471008,1.4351575374603271,0.7554227113723755,-1.0920286178588867,-1.6609256267547607,1.053820252418518,1.3771936893463135,-0.9454382658004761,-1.009630560874939,0.4566541612148285,1.2520878314971924,-0.9784640669822693,-1.3559373617172241,-0.18948455154895782,-0.4405609965324402,1.0023401975631714,0.8855896592140198,-2.9924750328063965,0.12861639261245728,0.7896761894226074,0.6514573097229004,-0.08644280582666397,0.5958086848258972,0.30384331941604614,0.8224205374717712,-1.0571695566177368,0.5818474888801575,0.36316603422164917,-0.0548076368868351,0.5498665571212769,-0.7705198526382446,0.9662158489227295,-0.47290608286857605,0.664481520652771,-0.31773269176483154,0.19931340217590332,1.7631542682647705,0.7351526021957397,-0.5884497165679932,-0.10193821042776108,1.000758171081543,-0.360103040933609,0.03302118182182312,0.7281216382980347,-1.3813025951385498,-0.9035900235176086,-1.4041779041290283,-0.23717300593852997,0.6331209540367126,-1.8331612348556519,0.3281216025352478,-0.38233062624931335,0.45023709535598755,1.3356549739837646,0.450417160987854,0.22525055706501007,-1.4460686445236206,0.2687322795391083,0.8074564933776855
-0.33484596014022827,0.6978535652160645,0.30010971426963806,-0.4616195261478424,-0.14109201729297638,-0.14553473889827728,0.4947584569454193,-0.23885013163089752,-0.5397396087646484,0.5948283672332764,1.4764224290847778,0.5443882942199707,-1.0648832321166992,0.06563691794872284,0.6519842743873596,0.9313015937805176,0.8268336057662964,0.1685175597667694,0.8449199199676514,-0.8904805779457092,1.3842906951904297,1.5043442249298096,1.0459699630737305,1.0673108100891113,1.1559271812438965,-0.3752985894680023,0.6829413771629333,1.5198408365249634,1.3124442100524902,0.16587862372398376,-0.49904489517211914,-1.6355412006378174,-0.9624592065811157,1.6601402759552002,-2.253878593444824,1.7564291954040527,0.010319887660443783,-0.1662793755531311,0.9644123315811157,1.818578839302063,0.18123531341552734,-0.5119253396987915,-0.4778759479522705,-0.7643698453903198,1.1802995204925537,-1.4178051948547363,-0.007198593579232693,-0.4227147698402405,-0.5804412364959717,-0.1494135558605194,-0.2515000104904175,1.6839900016784668,-0.34808802604675293,1.0456914901733398,0.7036622166633606,-0.8779800534248352,-0.7124384045600891,1.2526878118515015,0.807466983795166,0.9399939775466919,-0.904033362865448,1.3247590065002441,0.989151120185852
0.280173659324646,-0.27143004536628723,-0.49136650562286377,-1.7201361656188965,1.5068438053131104,0.3801060616970062,0.10615954548120499,1.3436543941497803,0.8804813027381897,-0.9056288003921509,1.5121188163757324,-0.6944688558578491,-0.8319851756095886,-1.121837854385376,1.875735878944397,0.05449172854423523,-0.1456805318593979,0.955481231212616,-0.060588669031858444,-0.35685276985168457,-1.3549927473068237,0.46556681394577026,0.8417422771453857,1.0522080659866333,1.2490899562835693,1.5381300449371338,-0.3958551287651062,-1.014922022819519,-0.5398057103157043,-0.45826032757759094,2.422483205795288,-0.3288898169994354,-1.194287657737732,0.6950401663780212,0.17935702204704285,-0.1287146657705307,1.3521690368652344,1.3283401727676392,-1.7347452640533447,-1.4944109916687012,1.1042802333831787,0.5783987641334534,-2.0612809658050537,0.03185112401843071,1.7684273719787598,0.5258306264877319,0.48652318120002747,0.9684814810752869,-2.375711441040039,1.1313176155090332,-0.37439414858818054,-0.581117570400238,1.7175323963165283,0.44297075271606445,2.001727342605591,0.6635810732841492,-0.07465507090091705,-1.8484418392181396,1.2036901712417603,2.0507891178131104,-1.7451151609420776,-0.20640739798545837,-0.1945076882839203
-1.8382084369659424,0.983792245388031,1.183500051498413,-0.7900469899177551,0.12439980357885361,-0.6225368976593018,0.7824257612228394,1.0101099014282227,0.36047953367233276,-2.425157070159912,0.552998423576355,0.6863521933555603,0.9223994016647339,0.8179972171783447,-0.62733393907547,-1.1695985794067383,-0.20996908843517303,0.6190406084060669,0.13995128870010376,0.04868679121136665,-2.0396370887756348,1.092331886291504,0.872826874256134,0.09629044681787491,-0.7566342353820801,-0.4559566080570221,-0.04618721455335617,-1.2541260719299316,-1.4288691282272339,1.0591830015182495,0.7029615044593811,0.8369089365005493,-0.0882158875465393,0.12927719950675964,1.8470220565795898,-0.49527761340141296,-0.7162936329841614,-1.1864652633666992,0.29617372155189514,0.26667889952659607,-0.2662796676158905,0.6536082625389099,1.4929594993591309,-0.6234461665153503,0.5870875716209412,-0.40298935770988464,0.09159313142299652,-0.4491301476955414,0.31753093004226685,0.4079170227050781,0.23760636150836945,0.14054124057292938,0.1606793850660324,0.34458601474761963,-0.31370243430137634,-0.24396485090255737,-0.11279403418302536,0.19637879729270935,2.182589292526245,0.4206496775150299,1.4478816986083984,-0.2983682453632355,-1.4248204231262207

Slice 17
-1.2827038764953613,-1.2153782844543457,0.43555042147636414,-1.2274842262268066,-1.7218022346496582,-1.2543994188308716,-0.8690385222434998,0.25041505694389343,0.4026116132736206,-0.5396680235862732,0.09362416714429855,0.32314932346343994,-0.16823211312294006,0.6824862957000732,1.1305460929870605,0.3985191285610199,-1.0739326477050781,-0.857358992099762,0.64803147315979,-0.6691025495529175,0.641373872756958,0.2572169899940491,0.08403399586677551,-0.5342758297920227,-0.17297042906284332,-0.07342293113470078,2.209104299545288,0.4832846522331238,1.0802744626998901,0.7528289556503296,1.1357057094573975,-0.36457744240760803,0.5074938535690308,-1.3401930332183838,0.1697542369365692,-0.05610797554254532,-1.3797844648361206,0.7884012460708618,0.9403314590454102,0.2114548534154892,0.10044196993112564,-0.13735400140285492,1.041214108467102,0.43558910489082336,0.6535775065422058,0.35516729950904846,1.0666184425354004,-0.2050430327653885,-0.5877216458320618,0.3362641930580139,0.21051627397537231,0.4372691810131073,-0.20353010296821594,-0.7224167585372925,1.121557593345642,-1.627373218536377,-0.7999677062034607,-1.1007968187332153,0.7499627470970154,-0.5171651244163513,1.3175042867660522,1.6724741458892822,0.022203916683793068
-0.3360127806663513,-0.5785325765609741,0.23199047148227692,-1.1011366844177246,-0.3100285232067108,-0.0809653028845787,-1.8155174255371094,2.0778322219848633,0.09423616528511047,1.5132933855056763,0.617948591709137,1.3490086793899536,0.8922266364097595,-0.5165368318557739,0.42981165647506714,0.542485773563385,0.026513678953051567,-2.0823352336883545,0.8140847086906433,0.9566472172737122,0.9556788206100464,0.8816744685173035,-1.221195936203003,-0.6037185788154602,-0.6846644282341003,1.2284196615219116,0.8039910793304443,-0.6746443510055542,0.35308292508125305,2.419023275375366,-0.7908244729042053,0.18902921676635742,0.2244933694601059,-1.7251611948013306,1.969206690788269,1.494752287864685,-0.7113913297653198,0.7066065073013306,-0.8520492911338806,0.9091812372207642,-0.15841522812843323,-0.6582647562026978,0.6142308115959167,1.5210412740707397,0.629477858543396,-0.7391510605812073,0.2705844044685364,-1.193702220916748,-0.5091866850852966,-0.4803653359413147,1.1179068088531494,-0.40988075733184814,0.497448593378067,0.20237836241722107,0.42080989480018616,-0.9481762647628784,-0.6006160974502563,-0.8588188290596008,-0.7015202045440674,0.007211977615952492,0.9031108021736145,0.022397058084607124,1.0803210735321045
-0.6642565131187439,-0.7616180181503296,0.626439094543457,0.35745060443878174,0.8766734004020691,-0.40651237964630127,-0.6188346743583679,-0.03483087196946144,-0.48063042759895325,0.03199531137943268,-0.19049954414367676,-0.3808622360229492,-0.3825225234031677,1.0563560724258423,0.10040424764156342,-0.8566360473632812,-0.2938922941684723,0.2590513229370117,-0.0006990563124418259,-0.3108501434326172,1.1077601909637451,-1.989890694618225,0.21126845479011536,1.0906860828399658,-1.2911829948425293,-1.5215140581130981,-0.9649420380592346,0.3718332052230835,0.9481143355369568,-1.1338106393814087,-0.659749448299408,0.8382036089897156,0.07664047926664352,-0.5515297055244446,0.44776156544685364,-0.15114857256412506,-0.476714164018631,-0.4267154633998871,0.6900976300239563,-0.043460942804813385,1.3651714324951172,-0.31936120986938477,-1.1199536323547363,1.2857835292816162,-1.5878673791885376,0.7576332688331604,-0.5078873634338379,0.061397552490234375,-1.946966290473938,0.2360147088766098,-0.3564513325691223,-0.06532421708106995,-0.08394701778888702,0.4378686249256134,-0.3056773245334625,-0.5863775610923767,-0.0611555278301239,-1.1738957166671753,1.4896340370178223,-2.280442237854004,-1.288193941116333,1.1747121810913086,-1.5098483562469482
-1.518531084060669,0.37097012996673584,-0.20904791355133057,0.4794260263442993,-1.045320749282837,0.2442881464958191,0.0027929525822401047,-0.05028781294822693,-1.395965814590454,1.0005124807357788,0.8752018809318542,0.32297253608703613,-1.1137571334838867,0.7141231894493103,0.265496164560318,0.28468745946884155,0.3394854962825775,-0.7101602554321289,-0.13960203528404236,0.9229182600975037,-1.0953606367111206,0.22959180176258087,1.1585736274719238,1.2646056413650513,-0.28038012981414795,0.29536452889442444,-0.2738000750541687,-1.2358009815216064,0.6626445055007935,-1.2211735248565674,0.6889748573303223,0.3960438072681427,0.9055848717689514,-1.139817476272583,-1.251700758934021,0.8285228610038757,1.16288161277771,0.6188688278198242,1.5575324296951294,-1.3810957670211792,1.0692414045333862,0.7672193646430969,0.17796045541763306,-1.1267142295837402,0.8309820890426636,-1.9466822147369385,0.1889638900756836,-1.096701741218567,-0.38093501329421997,0.5150012373924255,1.1083537340164185,0.021141700446605682,0.8265922665596008,-1.5571622848510742,0.6763803362846375,-1.1749876737594604,1.299112319946289,-0.9420808553695679,-0.07922354340553284,-0.4764989912509918,-1.354657530784607,-1.3796448707580566,0.3541690409183502
0.5115844011306763,1.4843989610671997,0.3569752871990204,1.3437690734863281,0.35621076822280884,-1.1141327619552612,-1.090789794921875,1.846366047859192,-1.1582459211349487,0.7207860946655273,-0.8999273777008057,-1.5875886678695679,-3.214820623397827,0.14885902404785156,1.501344919204712,0.7831581234931946,-1.8881337642669678,0.7662308812141418,0.943794310092926,-0.41148102283477783,-1.0198901891708374,-0.5103410482406616,0.06927203387022018,-0.4871576428413391,-0.6428580284118652,0.8672240972518921,0.130393847823143,0.2962482273578644,-0.6991219520568848,0.17174343764781952,-1.5282020568847656,-1.644044280052185,0.5290843844413757,-1.3348807096481323,0.5914522409439087,-0.430528849363327,1.5499438047409058,-1.5697740316390991,0.6500167846679688,-0.15008747577667236,1.1906559467315674,-1.0494773387908936,-0.6402280926704407,-0.8138468861579895,-1.2527751922607422,-0.611061692237854,-0.055961403995752335,0.7698527574539185,0.7611839771270752,1.4601171016693115,0.3088585436344147,1.030029535293579,1.359513282775879,-0.9696293473243713,-2.0823237895965576,0.21032707393169403,1.3845032453536987,0.8336434364318848,-0.8673374056816101,0.062021490186452866,-0.6472603678703308,0.3772587478160858,-0.5222039222717285
-0.642728328704834,-1.2228236198425293,-1.6966811418533325,0.6933537125587463,-1.1543108224868774,-0.9974020719528198,-0.6749192476272583,0.8984010219573975,0.9925393462181091,0.6199638247489929,-0.9273412823677063,-1.3957072496414185,-0.14301006495952606,0.2821727991104126,1.878915786743164,-1.0554845333099365,-0.3439912497997284,-0.1552959531545639,-0.22845211625099182,1.203998327255249,-0.07330521941184998,-0.4212646484375,-0.67979896068573,-1.1818259954452515,0.4032774269580841,-0.6199353933334351,0.3338484466075897,1.0197690725326538,0.8409952521324158,0.4241085350513458,-0.5760545134544373,-1.131818175315857,-0.6135167479515076,0.6895118355751038,0.8456869125366211,0.47781822085380554,-1.3984500169754028,1.5669159889221191,-0.26311060786247253,-0.3469691276550293,-0.2950311601161957,-0.6023038029670715,1.2364296913146973,0.11954262852668762,-0.896783173084259,1.5597327947616577,-0.7385531663894653,1.2219653129577637,-0.06181620433926582,0.9856104850769043,0.011190497316420078,0.7254460453987122,0.0687512755393982,0.39448288083076477,-0.5244479179382324,-0.9022307991981506,-1.2295321226119995,-0.7353711724281311,1.2141342163085938,0.5805794596672058,0.33459413051605225,1.7026035785675049,0.6856091022491455
-1.0954350233078003,-0.961795449256897,0.9203620553016663,-0.14005941152572632,0.08651332557201385,0.20571543276309967,-0.5883443355560303,0.9295099377632141,0.4425809979438782,-0.6770386695861816,0.19424107670783997,0.0550389438867569,0.06614058464765549,-0.20334458351135254,0.6125320196151733,0.12747497856616974,-0.5625320672988892,-0.12941314280033112,-0.1611693650484085,-1.631217122077942,-1.0740617513656616,-1.2413997650146484,0.5009613037109375,0.1645973175764084,0.5644105076789856,-0.4053605794906616,-0.7147886157035828,0.5815504193305969,-0.3176596164703369,0.05331072956323624,-0.40303099155426025,0.5310792326927185,0.26584455370903015,0.34084630012512207,-2.0192902088165283,0.9813745617866516,-0.8013492822647095,0.44696933031082153,-0.0028234818018972874,-0.4583621323108673,0.7639565467834473,-0.7799515128135681,-0.009663873352110386,-0.6415493488311768,0.1688062846660614,0.8267472982406616,0.18335634469985962,1.5250155925750732,-0.9604597091674805,0.3838367462158203,0.4291682541370392,0.6595575213432312,0.24440549314022064,0.04224683716893196,-0.9265297055244446,0.9635390043258667,-0.7413738369941711,-0.7372902035713196,-0.4897848069667816,-1.216863989830017,0.6228861808776855,0.7294862270355225,-0.5278772711753845
1.042775273323059,-1.0053181648254395,-0.4620593786239624,-0.6934674978256226,0.028560245409607887,0.5032678246498108,-2.052640914916992,0.9045801162719727,1.7199403047561646,0.38780903816223145,0.614945650100708,0.6676115989685059,0.9923456907272339,-0.1818181425333023,0.9510217905044556,-1.4475781917572021,0.37080082297325134,0.4739806652069092,-1.7414932250976562,0.619225025177002,-2.149204969406128,-0.16616946458816528,-0.2875666916370392,-0.6482411623001099,0.17989499866962433,0.02594033256173134,0.17111007869243622,2.2279529571533203,0.5367132425308228,0.25192639231681824,-1.6940653324127197,-0.18155373632907867,-0.8465906977653503,-0.5672293305397034,-1.5973734855651855,0.33556464314460754,-1.5568851232528687,0.9508891105651855,0.10759018361568451,-0.44443073868751526,1.0212370157241821,-0.9044034481048584,0.5628090500831604,-1.736015796661377,-0.8398246169090271,0.17370682954788208,-1.5947133302688599,1.0523816347122192,0.3771161139011383,0.7898404598236084,-0.7640407681465149,0.2892698049545288,-0.9619076251983643,-0.8177922368049622,0.8155103921890259,0.07941098511219025,-0.943919837474823,0.653828501701355,-0.9569329619407654,-0.19994357228279114,-0.01547481119632721,0.8941667675971985,0.378767192363739
1.3938238620758057,0.5180484056472778,1.1334763765335083,0.1292209029197693,0.6087924838066101,-0.10253652930259705,-0.5081495046615601,-0.37909749150276184,-1.201999306678772,-0.47911280393600464,0.4691254794597626,-0.5757258534431458,0.43922197818756104,-0.37231680750846863,-0.5477346777915955,-0.37766870856285095,-1.0680769681930542,-0.46696457266807556,-0.025354573503136635,-0.6307337284088135,-1.557403802871704,1.6151680946350098,-1.4604136943817139,0.3045194745063782,0.5426892638206482,0.035676009953022,-0.7373648881912231,0.36957183480262756,-0.23997434973716736,1.3195459842681885,1.1542749404907227,0.4857127070426941,-0.5244311094284058,0.5732570290565491,-1.0486788749694824,-0.1296815723180771,-0.1713409274816513,-1.184455156326294,-0.5178088545799255,-1.0082265138626099,-0.13068988919258118,1.567471981048584,0.31523454189300537,-1.631911277770996,-0.3164103627204895,-1.0383700132369995,0.4311746060848236,0.20490729808807373,1.7048277854919434,-0.564978837966919,-0.7236396670341492,0.22554051876068115,-0.6364905834197998,-0.5115984082221985,1.3990838527679443,0.21302342414855957,-0.6117498278617859,0.9496675133705139,-0.05066881328821182,1.7154531478881836,-1.4585262537002563,0.45693185925483704,1.2076380252838135
0.3069307506084442,-0.08447237312793732,0.16525492072105408,-0.5836814641952515,1.858755111694336,-1.176539659500122,0.208886057138443,1.1582539081573486,-0.1257857233285904,1.6769989728927612,0.6885944604873657,-1.9153529405593872,-0.3941872715950012,-1.2071294784545898,1.3589144945144653,0.8258064389228821,-0.415811151266098,0.5453912019729614,0.38368940353393555,1.0857188701629639,0.6433346271514893,-0.7024838328361511,0.35562655329704285,1.6814689636230469,1.1362082958221436,-0.9571380019187927,0.8913469314575195,-0.08501528203487396,-1.3542242050170898,-1.1905543804168701,0.7330969572067261,0.3061642646789551,-0.1541507989168167,0.6207774877548218,0.3360828459262848,0.9820963144302368,1.1617634296417236,0.8256043791770935,-0.868980884552002,1.0939801931381226,1.301238775253296,0.8087209463119507,0.2866779565811157,-0.015411067754030228,0.727256715297699,-0.17709341645240784,1.1444636583328247,-0.6566397547721863,0.8899989724159241,0.5783346891403198,0.4713313579559326,-1.546439528465271,0.6393086910247803,0.24467767775058746,-0.7923389673233032,-0.16948409378528595,0.581400990486145,0.8558270335197449,1.9747394323349,0.29825353622436523,-1.321202278137207,1.1506564617156982,-0.3074440062046051

Slice 18
-0.5657178163528442,0.82940673828125,1.2105578184127808,0.5408135056495667,0.6347591876983643,0.4569583237171173,1.9384511709213257,0.09183473885059357,1.4698874950408936,0.7125501036643982,-0.1259986311197281,-1.4951472282409668,-0.18459565937519073,1.4746315479278564,-0.40575072169303894,-1.1892366409301758,0.8706375360488892,0.04166244715452194,0.19763803482055664,1.2584985494613647,0.0037019357550889254,-1.3014370203018188,0.19040514528751373,-0.9647310972213745,-1.7745813131332397,0.8180232644081116,1.3329099416732788,-0.40245816111564636,1.7370338439941406,-0.1238197609782219,0.4477726221084595,-1.490139365196228,1.3879425525665283,0.7592902183532715,0.5453266501426697,0.3524666726589203,-1.7978394031524658,1.3453340530395508,0.7947012782096863,0.13890939950942993,0.14448679983615875,1.8411524295806885,1.1969938278198242,0.2301207184791565,0.35781949758529663,-0.20646479725837708,0.34085020422935486,1.0026829242706299,-0.07689075917005539,0.5798749327659607,0.6857450604438782,-0.8120095133781433,0.37137359380722046,-0.7134425640106201,0.41257742047309875,-0.2666509449481964,0.2523006200790405,-1.3129959106445312,1.8832647800445557,0.6343442797660828,0.791406512260437,0.03968210518360138,1.0279767513275146
-1.1272733211517334,-1.4787122011184692,0.9228439927101135,-0.24479030072689056,0.7105242013931274,2.0947606563568115,-0.4859505593776703,-1.4442843198776245,-1.9406208992004395,0.7954857349395752,0.9870087504386902,-1.4186806678771973,-0.3129690885543823,-1.07949697971344,-2.553135633468628,1.3476923704147339,0.2784792184829712,0.9207397103309631,0.680396556854248,0.5816541910171509,-0.33669307827949524,-0.8495541214942932,0.42353588342666626,-0.10631222277879715,0.46441319584846497,0.09592925012111664,0.24321898818016052,0.7215980887413025,1.093178391456604,0.6443319916725159,-1.2416880130767822,0.5162025094032288,-0.6976346373558044,-0.8398081660270691,0.15866924822330475,0.6811320781707764,0.4516012668609619,-1.6602591276168823,0.6516143083572388,0.4439181089401245,0.8378236889839172,1.3376625776290894,-1.072501301765442,1.1791054010391235,-1.5205940008163452,1.647505760192871,0.26109790802001953,0.8438252806663513,0.9996979236602783,0.24981817603111267,0.4932158291339874,0.3321651220321655,-0.29982873797416687,-0.2633891999721527,-0.3161764442920685,0.9867371320724487,0.16629913449287415,1.1129133701324463,-0.16273589432239532,0.22722654044628143,-0.9084387421607971,0.004650366958230734,0.03943820670247078
0.5589105486869812,-0.20876312255859375,-0.8623690605163574,1.2683433294296265,-0.9459157586097717,1.1658647060394287,-0.6015593409538269,0.7026211023330688,1.1602375507354736,-1.2435333728790283,-0.5828844904899597,-1.2804819345474243,-0.5606352090835571,1.0437266826629639,0.10260994732379913,-0.3718334436416626,0.23056574165821075,-0.4115443527698517,-0.38048845529556274,-1.3032814264297485,-0.24434156715869904,-0.7281774282455444,1.0137590169906616,0.23183873295783997,-0.31301748752593994,-1.6085656881332397,-0.3967973291873932,0.15939617156982422,-0.050595253705978394,1.3565155267715454,-1.5798970460891724,-1.8226381540298462,-0.9830906391143799,-0.9877509474754333,-0.533424437046051,0.7530650496482849,-0.9714630246162415,0.5782124400138855,1.8078339099884033,0.20799918472766876,-1.1624345779418945,1.2294018268585205,1.0029492378234863,-0.42377230525016785,-1.7406145334243774,-0.23466536402702332,-1.2094424962997437,0.7822980284690857,0.9559793472290039,-1.1110869646072388,-0.669183611869812,0.43315389752388,0.777476966381073,0.5448492169380188,0.7135700583457947,1.4365040063858032,-1.1964792013168335,1.5715513229370117,0.22349146008491516,-2.107851982116699,-1.2496066093444824,0.7279450297355652,-1.188984751701355
0.3438626229763031,-0.2820802330970764,-0.6834540963172913,-1.284164309501648,0.21977262198925018,1.842665195465088,-0.49108731746673584,1.7534780502319336,1.084633708000183,0.49482372403144836,-1.6220088005065918,-0.9934078454971313,-1.2336015701293945,0.22105590999126434,0.5937978625297546,1.3475476503372192,-1.0115424394607544,-2.1593613624572754,1.5936301946640015,0.3683152496814728,1.317313313484192,1.579588532447815,1.8372267484664917,1.5664710998535156,-1.0120209455490112,-0.9193148612976074,-0.5785209536552429,0.9146639108657837,0.3398972749710083,-0.5501686930656433,0.22281266748905182,0.3515207767486572,1.1196422576904297,0.4635828137397766,0.7934083938598633,-0.5481288433074951,-0.8753591775894165,0.7566449642181396,-1.7071322202682495,-1.2120485305786133,-1.5433417558670044,-0.08031125366687775,-0.10328108817338943,0.03416583314538002,0.3667878210544586,0.19048765301704407,1.3678754568099976,2.997141122817993,-0.12768401205539703,-1.4514131546020508,0.9195036888122559,1.169049620628357,0.978177011013031,0.7989679574966431,-1.1317138671875,-0.1603337675333023,1.206544280052185,1.048614740371704,-0.8035954236984253,0.8240143656730652,-1.4541590213775635,-0.8432695269584656,0.8912043571472168
-0.40648338198661804,-0.09302564710378647,-0.0980520024895668,0.64625084400177,0.32549718022346497,-0.36156997084617615,-1.050713062286377,0.37718647718429565,0.026485400274395943,0.316324919462204,1.0558011531829834,0.7549780011177063,-0.25238093733787537,0.4994109272956848,0.4548369348049164,2.7821977138519287,0.945575475692749,-0.5541243553161621,0.05097126588225365,-0.23878872394561768,0.3117922246456146,-0.4170912802219391,2.0770556926727295,-0.29415562748908997,0.5059319138526917,-0.31737467646598816,-2.474700689315796,-1.10399329662323,0.14286112785339355,-0.6097098588943481,0.061634600162506104,0.432486891746521,-0.6649259328842163,-0.8398116827011108,1.9978601932525635,0.07275255024433136,-0.07932201027870178,0.46081703901290894,0.14134900271892548,3.3626270294189453,0.5040279030799866,1.5501599311828613,-0.5428285598754883,0.8802282810211182,-0.5162246823310852,0.7995626926422119,-0.12380361557006836,0.6690478920936584,0.20931807160377502,1.0243581533432007,0.8162271976470947,1.0314812660217285,-0.6089332699775696,2.1418349742889404,0.2803974747657776,1.641845703125,0.4268243610858917,0.35439324378967285,-1.031590461730957,-1.0640898942947388,-0.2177322655916214,-1.0302093029022217,0.5044050216674805
0.8305108547210693,-1.8262368440628052,-1.355100393295288,-1.5967652797698975,-1.285180687904358,-1.7777997255325317,0.31408730149269104,1.018172264099121,-0.026371164247393608,-1.1980087757110596,0.7943572998046875,-1.2519630193710327,0.11659114807844162,-1.7957011461257935,1.321804404258728,0.15125486254692078,-1.04096257686615,0.15512801706790924,1.7987945079803467,-1.502722978591919,-0.772278904914856,1.393890619277954,-0.7502315640449524,0.41066333651542664,-0.6932110786437988,-0.07673425227403641,0.9365764856338501,0.04423755407333374,-0.026978105306625366,1.6439173221588135,-0.4734936058521271,-0.3450290262699127,0.018282582983374596,-0.08299384266138077,-1.3000000715255737,1.2344088554382324,-1.1313221454620361,-0.35679560899734497,0.5532839298248291,0.45000001788139343,-0.5722609162330627,-0.7562615275382996,-0.7519831657409668,1.8098416328430176,-0.6980094909667969,-0.7074565291404724,-0.7518271803855896,-1.347129464149475,-1.409637689590454,1.8796417713165283,-1.742576003074646,-0.2966287434101105,1.1102087497711182,-0.14672143757343292,-0.8821631669998169,-1.3867199420928955,1.02586030960083,-0.970905065536499,0.0672423467040062,-1.2684801816940308,-1.6914836168289185,0.42205554246902466,-0.2830113172531128
1.5733973979949951,-0.42944782972335815,-1.0998367071151733,-1.115188717842102,0.6670721769332886,0.9883092641830444,1.2915798425674438,-0.09044122695922852,0.8661942481994629,0.6400033831596375,1.34856116771698,1.4843999147415161,-2.1778719425201416,-1.0244377851486206,1.5210981369018555,-0.9130394458770752,0.4449751079082489,1.1048306226730347,-0.09517401456832886,-0.4919903576374054,-1.030008316040039,-0.9765791893005371,-1.0610047578811646,-0.5952330827713013,1.0426055192947388,-1.3650048971176147,0.96659916639328,-0.9450863599777222,-0.7501369118690491,-0.27115729451179504,0.33666273951530457,0.5422045588493347,-0.5394123196601868,-0.6607846617698669,0.5675441026687622,-0.5865744352340698,0.8569287061691284,-0.07519954442977905,-0.7305196523666382,1.242258906364441,1.0119749307632446,0.3511536419391632,-0.35665982961654663,-0.786908745765686,0.7030313014984131,-0.8884732723236084,-1.3479588031768799,0.4465135335922241,2.4231035709381104,0.5749122500419617,0.806272566318512,1.8151249885559082,-1.6432543992996216,0.7591187953948975,-2.4340734481811523,-0.7821214199066162,1.469693660736084,-0.25897642970085144,0.27337023615837097,0.4445412755012512,-1.5363260507583618,0.3368965983390808,1.9488717317581177
-1.5594114065170288,0.18191418051719666,-0.725313663482666,0.3122960329055786,1.8401204347610474,-1.0880446434020996,-1.413588285446167,-1.5008546113967896,1.2411249876022339,2.1818809509277344,0.9407267570495605,0.08525776863098145,1.3103444576263428,-0.6031397581100464,-0.4467688202857971,-0.055639978498220444,1.6356492042541504,-2.7013211250305176,-0.3313905596733093,-1.2999212741851807,-0.7459693551063538,-0.18646645545959473,0.5729150176048279,-0.8863496780395508,1.2867122888565063,1.0767781734466553,0.9958139657974243,-0.12177043408155441,0.8456739783287048,0.003366382559761405,1.7628800868988037,1.4986302852630615,-0.30425551533699036,-0.4229291081428528,-0.35485807061195374,0.039443884044885635,-0.3340742290019989,-0.9965720772743225,0.7735660076141357,0.7519028186798096,1.397290825843811,-1.0260812044143677,0.48359182476997375,-0.3488532304763794,-0.6600409746170044,1.0118364095687866,-1.1244537830352783,0.23477070033550262,0.6731146574020386,0.5379565954208374,-1.351220726966858,0.9709540605545044,-0.9916810989379883,1.0388849973678589,0.33653610944747925,0.29300016164779663,0.6012200117111206,-0.6771464347839355,-0.46425485610961914,0.06307999044656754,1.4563804864883423,1.6176282167434692,1.872328281402588
0.6983992457389832,0.6409671902656555,1.676917552947998,1.7069652080535889,-1.3808879852294922,-1.433419942855835,-1.1420875787734985,-0.26894235610961914,0.8655328750610352,-0.030342163518071175,0.8814104199409485,0.3132472634315491,0.12203054875135422,1.6883549690246582,1.2709711790084839,-0.5144289135932922,-0.21840877830982208,-0.09924264997243881,-0.4881545603275299,0.2842670679092407,1.480806827545166,-0.11439196765422821,-1.7639118432998657,0.8383580446243286,-1.0357811450958252,1.3061447143554688,0.0077565317042171955,0.2656036913394928,-0.3074701428413391,1.0824331045150757,-0.4553280472755432,-0.9203019738197327,0.10044463723897934,0.7704569101333618,-2.190789222717285,-1.2071702480316162,0.8061070442199707,1.1898081302642822,0.515640377998352,0.044726211577653885,-0.009087340906262398,-0.4453164041042328,0.3845740556716919,-0.6763233542442322,0.4288657605648041,-1.232193946838379,1.3913228511810303,-1.1844794750213623,-1.1815086603164673,0.7679163217544556,-1.506766438484192,0.9612084627151489,-0.36778926849365234,0.031160738319158554,0.3945833146572113,0.5508421659469604,-1.5460225343704224,0.8150807023048401,-0.5731406211853027,1.383670449256897,1.7725436687469482,-0.47332963347435,-1.1502923965454102
0.5997869372367859,0.35473084449768066,0.8375973701477051,-1.0390419960021973,-0.9210434556007385,0.7358744740486145,-0.7698976993560791,1.2520904541015625,2.0108554363250732,0.9519864916801453,-0.7848478555679321,-2.0989255905151367,-0.7268205881118774,-0.2256898581981659,0.5358344316482544,-1.355279564857483,-1.9905396699905396,1.3899344205856323,0.8880050182342529,-0.7101727724075317,-0.7053791880607605,0.8699776530265808,-0.8354445695877075,-0.38657063245773315,0.12087949365377426,-1.2032819986343384,0.11425532400608063,0.4756910502910614,-0.20371639728546143,-1.2917975187301636,-1.3663231134414673,-1.1701407432556152,-0.24364440143108368,-1.1806764602661133,-1.5201518535614014,-0.020880209282040596,-0.0013423510827124119,0.3168281316757202,-0.8520075678825378,0.5542531609535217,-1.4003551006317139,-0.7796328663825989,1.4622925519943237,0.146127387881279,-0.8791524767875671,-2.4028818607330322,1.4846651554107666,0.4155128300189972,-3.0569417476654053,-0.47362974286079407,-1.0991926193237305,0.30455920100212097,0.2864774465560913,0.7129740715026855,0.19663949310779572,0.35705339908599854,0.5648592114448547,0.42177388072013855,-1.3502339124679565,1.4158432483673096,1.1782653331756592,1.1580636501312256,-0.3540026545524597

Slice 19
0.8353117108345032,0.34749093651771545,-0.11902947723865509,0.6046031713485718,1.3913613557815552,1.420718789100647,0.5616006255149841,-0.7985413074493408,-0.8654006123542786,-1.3881006240844727,-1.0423321723937988,-0.6793848276138306,-0.33045586943626404,-0.7134037613868713,0.5128247737884521,-0.8052336573600769,-2.0374555587768555,-0.05566958710551262,1.2893767356872559,-0.373433381319046,1.073584794998169,-0.8378016948699951,0.6194261908531189,-0.9796684384346008,-0.45705538988113403,1.6099202632904053,-1.7105185985565186,0.23308733105659485,-0.2626529932022095,0.4685106575489044,-1.5385912656784058,-0.6533513069152832,-0.23373332619667053,-1.8181637525558472,-0.2829827666282654,0.5519663691520691,0.10764043778181076,-0.12686941027641296,-0.7050967216491699,0.7992558479309082,0.17962299287319183,0.32981765270233154,-1.7652868032455444,0.16055835783481598,1.522128939628601,-0.9756649732589722,0.8524789810180664,-1.6539307832717896,0.38684576749801636,-0.17900587618350983,-0.07016102969646454,0.9799917936325073,-0.9365021586418152,-2.2375237941741943,2.0711019039154053,-0.8557807207107544,0.8596330285072327,-0.1682938188314438,-1.241390347480774,1.1247470378875732,0.8423094749450684,1.4845726490020752,-1.5238515138626099
-0.12447539716959,-0.3217264711856842,-0.8186095356941223,1.2777917385101318,-0.2421823889017105,-1.3797663450241089,0.5799264311790466,-0.49018847942352295,-0.8562105894088745,1.215305209159851,-1.1646784543991089,-1.150904893875122,0.17635577917099,-1.139285922050476,-0.8572758436203003,-0.047259144484996796,-0.7384405732154846,0.5533314943313599,0.3043020963668823,1.5328572988510132,-0.19673633575439453,-0.3418750762939453,-1.6891673803329468,-1.241182565689087,0.7848065495491028,1.2857837677001953,-0.9284641742706299,0.8810535073280334,0.12908947467803955,0.10435497015714645,-0.07291541993618011,-1.2909326553344727,0.3007737696170807,-0.08494612574577332,0.4118497967720032,1.3643865585327148,-0.6758280396461487,0.0715513601899147,-0.7018775343894958,-0.4778814911842346,0.6088384389877319,-0.8402498364448547,-0.41998714208602905,-0.04558371752500534,2.0691909790039062,-0.42746660113334656,0.974308431148529,1.2537500858306885,-0.5125839114189148,-0.7048759460449219,1.12887704372406,0.5409467220306396,-0.24143140017986298,-0.1902381181716919,0.5118806958198547,0.08932198584079742,1.0593103170394897,1.8729772567749023,-1.0277070999145508,-0.11379890143871307,1.0667532682418823,0.9236887097358704,-1.3892312049865723
0.7738751769065857,-0.22487379610538483,0.6943275332450867,0.060798775404691696,-0.31817173957824707,0.43201854825019836,0.9322903752326965,-0.8426766991615295,1.1939588785171509,0.9167516827583313,1.2808297872543335,-0.8068621754646301,1.5684497356414795,-0.3463476598262787,0.3843851089477539,-1.145357608795166,-0.27988192439079285,-0.3331048786640167,-0.3344188332557678,-0.9284877181053162,0.33269718289375305,0.2806547284126282,-0.15179193019866943,-0.3581297993659973,-0.11674819141626358,-0.5667555332183838,0.24018636345863342,0.9323195815086365,-0.3331950604915619,0.4491710364818573,-0.40827396512031555,-0.19375663995742798,-1.9846221208572388,0.6422808766365051,-0.12003979831933975,-0.3850718140602112,0.4441497325897217,0.618838369846344,0.20505015552043915,-0.016442837193608284,-0.8632110953330994,-0.5597566962242126,-0.9087134003639221,0.20109246671199799,-0.4018985629081726,-0.4827028810977936,-1.0689706802368164,0.8003536462783813,-2.015321731567383,1.0557347536087036,-0.7203927636146545,-1.1981364488601685,-0.68567955493927,0.5248900055885315,-1.1587435007095337,1.5394846200942993,0.15726007521152496,1.0996649265289307,0.890312671661377,-0.28558647632598877,0.4116828739643097,-0.4104946553707123,-0.5017125606536865
-0.7964820265769958,0.22016359865665436,-1.7654664516448975,-1.5261330604553223,0.8664235472679138,-0.0364670529961586,-0.37589070200920105,-0.3553309738636017,-0.27995097637176514,0.6598674058914185,2.700392723083496,0.20534475147724152,-1.0780203342437744,-0.18864871561527252,1.0346598625183105,-0.9334670305252075,-0.04336237162351608,2.1405069828033447,-0.6129757761955261,1.9051356315612793,-0.4980813264846802,-1.5877904891967773,-0.5794159770011902,-0.6732027530670166,-1.1924461126327515,-0.3721696734428406,-0.9394854307174683,-0.6630644798278809,-0.7065714597702026,0.43161725997924805,-0.6041713953018188,0.08975165337324142,0.8555974364280701,-1.0199315547943115,0.08349334448575974,-0.10515734553337097,0.29413601756095886,1.6042426824569702,-0.7757608294487,0.39219900965690613,0.5421725511550903,-0.4614650011062622,-0.46143192052841187,-0.694164514541626,0.5187598466873169,-0.15346340835094452,2.476282835006714,0.25200986862182617,-0.3876238465309143,-1.005927324295044,-1.3749347925186157,-0.8163999319076538,-1.185673475265503,-1.0151269435882568,1.215004563331604,-0.055317990481853485,1.5868486166000366,0.1501605361700058,0.7934142351150513,1.065075397491455,-1.0500812530517578,-1.0173097848892212,-1.6184451580047607
-1.466762661933899,1.247876524925232,-0.6544642448425293,0.357247918844223,0.04847785830497742,-0.19938646256923676,0.7697548866271973,-0.4903058707714081,0.45993974804878235,-0.11868415772914886,-0.6780106425285339,-0.3139333128929138,-0.42560485005378723,0.3492860496044159,1.0244072675704956,0.8316786885261536,0.5982968807220459,-0.026931356638669968,0.8975135087966919,0.2731011211872101,0.5599347352981567,2.1752829551696777,-0.93293696641922,0.41553953289985657,-0.7871415615081787,-1.8570702075958252,-0.3562084138393402,1.661245584487915,-0.6621465682983398,-1.4637563228607178,-0.7802202105522156,-0.7377017140388489,0.20792503654956818,0.8457852005958557,0.7281224131584167,-0.02128513902425766,1.4069035053253174,-0.19158115983009338,-0.6638879776000977,0.5886845588684082,0.2640305459499359,0.8188216090202332,0.46384525299072266,0.7566593289375305,-2.116591215133667,1.3071314096450806,-0.41510769724845886,-0.30804377794265747,-0.5188959836959839,0.8616732954978943,0.09180105477571487,-0.618829607963562,0.7940348386764526,-0.6300000548362732,0.5084495544433594,1.166622519493103,-0.5786467790603638,0.2845005691051483,-0.7542315125465393,0.7278502583503723,-0.6302025318145752,-0.5546572208404541,0.6305384635925293
0.2834358513355255,1.0473589897155762,0.8713486790657043,0.3838614821434021,-0.7448176741600037,-0.6490386724472046,-0.9473982453346252,0.05185660347342491,1.0059762001037598,-0.12549564242362976,-1.4910597801208496,-0.45632755756378174,-0.7711310982704163,-1.6553597450256348,-0.7097903490066528,1.0689527988433838,0.6789259314537048,-0.48442333936691284,-0.035519979894161224,-0.034851521253585815,-1.300573468208313,-0.5417366623878479,0.29248979687690735,0.129592627286911,1.9469401836395264,0.8776445984840393,0.5680081248283386,2.170830249786377,0.4572443962097168,2.240948438644409,1.3304792642593384,0.36232441663742065,0.880816638469696,0.8375350832939148,-2.291726589202881,1.3822693824768066,1.2700480222702026,0.19858334958553314,0.36204424500465393,-1.786607027053833,0.598902702331543,0.4963860809803009,-0.06776007264852524,1.0946354866027832,0.4574944078922272,-1.7014691829681396,-0.007197086699306965,0.8233201503753662,-0.4980686604976654,0.2939645051956177,1.8086620569229126,-0.2683930993080139,-0.3177230954170227,1.2685046195983887,0.8560248017311096,-1.2635666131973267,0.01622769609093666,-0.2807166278362274,-1.070091724395752,-0.8028969168663025,-0.39500758051872253,1.4826769828796387,-1.2418785095214844
1.429898977279663,0.025420716032385826,-0.823682427406311,-0.7132588028907776,0.2524604797363281,-0.7203843593597412,0.20006786286830902,-1.058389663696289,-0.14524053037166595,1.3052451610565186,-0.706128716468811,-0.10971624404191971,0.1725953370332718,-0.9128954410552979,-1.6666690111160278,-0.8856711387634277,1.4218696355819702,0.44678768515586853,-0.7832810878753662,1.1227138042449951,-0.18648628890514374,-0.7140505313873291,-0.21001113951206207,-0.168010875582695,0.31457921862602234,-1.179658055305481,0.2946752607822418,1.0399161577224731,0.9037763476371765,1.7226368188858032,0.7765494585037231,0.9270381331443787,0.523407518863678,-1.5140421390533447,0.4409621059894562,-0.08418697863817215,1.1539103984832764,1.258617639541626,-1.8984016180038452,-0.6972164511680603,0.7458648085594177,-0.21749567985534668,0.010045219212770462,-0.8117894530296326,-0.17693278193473816,-0.7788323163986206,-0.2923801839351654,0.31549015641212463,-0.8229416012763977,0.6120218634605408,0.19987793266773224,0.7781462669372559,-1.0759238004684448,0.3540518581867218,-0.47772401571273804,-0.8042312860488892,1.9350312948226929,1.2844487428665161,0.300589919090271,0.8675947189331055,1.3129262924194336,-0.44854244589805603,-0.17814850807189941
-1.391125202178955,1.6417816877365112,-0.9572360515594482,0.6932936906814575,0.888582706451416,0.9128504991531372,0.41286471486091614,-1.443177342414856,-0.7020454406738281,-0.9954254031181335,0.7723708748817444,1.017500638961792,0.06317131966352463,1.5504313707351685,1.5042551755905151,0.45835772156715393,-0.4173676073551178,-0.7888064980506897,-0.13916371762752533,-1.5616589784622192,1.3043628931045532,0.07749051600694656,-1.230350375175476,1.9189586639404297,1.0339453220367432,-0.08373758941888809,0.12474507093429565,-0.30480191111564636,-1.435688853263855,-0.8421434164047241,-0.8790264129638672,1.7561593055725098,1.535280704498291,-0.48596805334091187,0.22039632499217987,-2.283156394958496,1.0563509464263916,0.0213445033878088,-0.6880881190299988,1.0597797632217407,0.7242069244384766,1.2968432903289795,-2.010563850402832,-0.7177874445915222,-0.16315004229545593,1.5745041370391846,-0.7837372422218323,-0.15788444876670837,-0.8271957635879517,0.7946377992630005,0.45212891697883606,-1.533431887626648,-1.49716317653656,-0.3356148600578308,-0.45216530561447144,0.7753362059593201,0.29395318031311035,1.2592154741287231,0.11887703090906143,1.1197328567504883,-0.8665575981140137,-0.07053253054618835,-0.393375039100647
-0.400930255651474,-1.0284522771835327,0.4446680545806885,1.7463935613632202,-2.940655469894409,-1.326574444770813,-1.5389986038208008,-1.9088891744613647,0.946283757686615,0.6870148777961731,1.3299006223678589,-0.16945002973079681,0.8628289103507996,-0.2975054681301117,-0.9357670545578003,-0.411491721868515,-0.4638429582118988,1.7990492582321167,0.7497244477272034,0.4988815486431122,-0.875886082649231,0.6777437925338745,0.37525394558906555,0.36774441599845886,0.6081625819206238,-0.12538650631904602,0.22050420939922333,-0.9921087622642517,-0.363707035779953,0.6719418168067932,-0.9572620987892151,0.7304407358169556,-1.442209243774414,-0.5194721221923828,-0.7195478677749634,-1.8346524238586426,-0.26974985003471375,1.6465095281600952,-0.8644051551818848,2.1033735275268555,-0.6286198496818542,0.19726885855197906,-1.0023952722549438,1.0148767232894897,-0.2639419734477997,1.2409985065460205,1.660512089729309,-0.09844313561916351,-0.2648291289806366,0.6230891346931458,0.6040002703666687,-0.7892469763755798,0.15322516858577728,-1.5843501091003418,-0.2668086290359497,1.750152826309204,0.28681087493896484,1.0800285339355469,2.734755516052246,0.21170900762081146,1.7431488037109375,0.7528765201568604,-0.420310378074646
1.5063225030899048,-0.11297097057104111,-0.3262381851673126,1.1846009492874146,0.37893232703208923,-1.2673217058181763,1.0980333089828491,-0.3474688231945038,0.22817754745483398,-1.0329779386520386,1.4429402351379395,1.4887747764587402,3.1134843826293945,-0.7737393379211426,-0.6711634993553162,-1.1033190488815308,-0.9260244369506836,1.135450005531311,0.015333892777562141,0.674824059009552,1.3276106119155884,0.07066736370325089,1.0973522663116455,-1.600338101387024,-0.8309663534164429,0.3899543285369873,1.6434662342071533,-1.3646825551986694,0.5675968527793884,0.9205140471458435,0.7340404987335205,0.12147960811853409,-0.26757702231407166,0.009936854243278503,-0.6011363863945007,-0.1988229602575302,-0.8229045271873474,1.9450620412826538,-0.397717148065567,-0.890265166759491,1.999916672706604,-1.106604814529419,0.7572125792503357,0.11454109847545624,-0.05647872015833855,-0.996033251285553,-0.4567936360836029,-2.1100847721099854,-0.010698954574763775,0.9731878638267517,-0.21315450966358185,1.1935622692108154,-0.7951501607894897,-1.1926441192626953,-0.6820940971374512,1.2375224828720093,-0.7884887456893921,1.4781277179718018,-0.3475419282913208,-1.3116263151168823,-0.44296708703041077,1.1278537511825562,0.3855714797973633

Slice 20
-0.20283260941505432,-1.1937533617019653,-0.23748105764389038,-0.8241965174674988,-0.38511335849761963,0.05792912840843201,0.16906560957431793,-0.41565990447998047,-0.22497011721134186,1.4311579465866089,2.388157367706299,-0.030304988846182823,-0.04632310941815376,-0.47510483860969543,0.39939337968826294,-0.88889479637146,-1.357166051864624,0.21065665781497955,1.0673538446426392,-1.6672039031982422,0.007467774674296379,-0.44096294045448303,0.6305316090583801,-0.19358941912651062,-2.310800552368164,-0.18491363525390625,-1.2885690927505493,-0.33953821659088135,0.27570730447769165,-1.35361647605896,0.4666668474674225,1.3199965953826904,-0.1454715132713318,0.5301979184150696,-0.20449037849903107,0.6549833416938782,0.903601884841919,-0.4674144387245178,1.1725001335144043,-1.4046779870986938,-1.283679723739624,1.3612327575683594,0.12339989095926285,1.8841372728347778,-1.1001112461090088,-0.6071557402610779,-0.44792118668556213,0.8356966376304626,0.603965163230896,-0.8890786170959473,0.8823902010917664,1.1567513942718506,1.3384506702423096,-1.9652193784713745,-0.3342856466770172,0.41253548860549927,0.7305370569229126,1.0435280799865723,-1.5255483388900757,0.314423143863678,-1.3817027807235718,-2.113607168197632,-0.6088396906852722
0.38984236121177673,-0.6960008144378662,-1.9140758514404297,1.0948255062103271,-1.1656663417816162,0.05313529074192047,-1.1407831907272339,-0.2671034336090088,1.4350720643997192,-0.28174591064453125,-2.010091543197632,-0.16259941458702087,0.9083600044250488,1.815696120262146,-0.4330897927284241,0.24371591210365295,-0.4848543703556061,0.8236556649208069,-0.4478183090686798,-0.845026433467865,1.10739266872406,-0.026013102382421494,1.4643477201461792,1.0105648040771484,-1.0359605550765991,0.9293992519378662,0.14568080008029938,0.5926989912986755,-0.42737528681755066,0.5937371253967285,0.5732550621032715,0.401754230260849,-1.4381171464920044,1.0483324527740479,0.5431963801383972,1.2823079824447632,1.0439101457595825,1.144056797027588,-1.7993494272232056,1.2632988691329956,1.5837589502334595,0.6206684112548828,-1.9405239820480347,0.3364056348800659,-1.2534152269363403,-0.6055411696434021,2.6705963611602783,-0.5948075652122498,1.1048259735107422,0.22165843844413757,1.7396067380905151,-1.1199848651885986,1.2505664825439453,-1.015419363975525,-1.2168937921524048,0.09733382612466812,1.4495887756347656,1.4749979972839355,0.2886698246002197,0.6116822361946106,0.1356358677148819,-0.039670947939157486,-0.09140978753566742
0.9599596858024597,1.1501173973083496,-1.0199177265167236,-1.5515655279159546,1.4904228448867798,1.2128947973251343,-0.3341023325920105,-0.4270727038383484,1.377150058746338,0.523349404335022,-0.11035484820604324,-1.7191050052642822,-0.14044225215911865,-1.15074622631073,-1.605067253112793,-0.36136355996131897,0.38842669129371643,-0.5002034902572632,-0.7742395997047424,1.3933535814285278,-0.6384246945381165,2.2299911975860596,0.9041197896003723,-1.4266372919082642,-0.4261663854122162,-0.7882703542709351,1.6873902082443237,-0.3720710575580597,-0.1498381644487381,0.24788697063922882,-0.8619401454925537,-0.9080289006233215,1.5995049476623535,0.2653183341026306,1.323167085647583,-1.7583861351013184,0.6515348553657532,-1.4781423807144165,0.879096269607544,-1.4961323738098145,0.6578404903411865,0.3729460835456848,-0.5288469791412354,-0.11732429265975952,0.3470725119113922,-1.5516376495361328,0.5784011483192444,-0.8774951100349426,-1.715407133102417,-1.9986066818237305,-0.224933922290802,0.3334256708621979,-1.1016823053359985,-0.7130932211875916,-2.349776029586792,-0.827528715133667,0.10520509630441666,-0.7754787802696228,-0.20779244601726532,-0.3165557384490967,1.9415347576141357,-1.9739431142807007,1.0594568252563477
2.041029214859009,-0.97471022605896,0.6668612957000732,-1.4813058376312256,-2.248746395111084,0.21220165491104126,-0.2496408224105835,-1.55256187915802,1.3838309049606323,-0.25628912448883057,1.1051368713378906,1.521501064300537,0.7467972636222839,0.45447805523872375,-1.0148555040359497,-1.7181708812713623,-1.2757021188735962,-1.4547585248947144,-1.480334997177124,-0.2863406240940094,-0.9873294830322266,-0.25759896636009216,-0.32233941555023193,-0.5695478320121765,-1.1174241304397583,1.2071599960327148,0.7033848166465759,-1.0013078451156616,0.08941570669412613,1.917125940322876,1.0700128078460693,-0.8630876541137695,-0.9373582601547241,-1.793070912361145,-0.06948891282081604,-0.9192801713943481,0.27159902453422546,-1.758378267288208,-1.0599379539489746,-0.8403216600418091,0.9807007908821106,0.2604283094406128,-0.7450717687606812,-3.2733957767486572,-0.9859259724617004,1.4692318439483643,-0.8211109638214111,-1.6364223957061768,1.286887764930725,0.5321385264396667,-1.4303184747695923,0.6002713441848755,0.9086596369743347,-1.9262776374816895,0.9527578949928284,-0.03937835246324539,0.09949301928281784,-0.14795511960983276,-0.47193196415901184,-0.19218356907367706,-1.7642611265182495,0.6257232427597046,-0.6959789395332336
-0.7997340559959412,0.20723702013492584,-0.8758782744407654,-1.1135828495025635,1.3065460920333862,-0.49167579412460327,1.7386586666107178,0.24566639959812164,-0.4750869870185852,0.20772340893745422,-0.3017978370189667,1.5843743085861206,-0.7522581219673157,0.21218331158161163,0.9280090928077698,-0.5884736180305481,0.3225444555282593,1.5990233421325684,-0.811072051525116,-0.5564989447593689,-1.044052243232727,-0.8209309577941895,2.034723997116089,-1.2705389261245728,-1.0323009490966797,0.29499420523643494,-0.17847108840942383,-0.5461632013320923,0.461549311876297,0.7090440392494202,-0.25084829330444336,1.6335350275039673,1.1464332342147827,-1.2132174968719482,0.9773477911949158,0.8566998839378357,0.4103999733924866,1.7463129758834839,-0.4199436902999878,-0.39923587441444397,0.5623835325241089,1.3293377161026,-0.6436092257499695,0.8284317255020142,-0.4488353133201599,0.8882370591163635,-0.09803043305873871,0.4766847491264343,-1.1787774562835693,0.7706354856491089,0.6905251145362854,-0.40482673048973083,-0.12596234679222107,-0.4703594148159027,0.09662293642759323,0.5973672270774841,0.3981005549430847,0.6012660264968872,-1.6004241704940796,-0.265163779258728,0.9196588397026062,0.7490600943565369,0.038229502737522125
1.1946121454238892,0.5450350642204285,-0.3130911886692047,0.1215229332447052,0.7397054433822632,1.8045495748519897,0.24898332357406616,1.7240997552871704,-1.466415286064148,-0.5819898843765259,0.08154670894145966,0.44673359394073486,-0.7867860794067383,-0.2557316720485687,-0.4231514036655426,-1.57998526096344,1.222824215888977,-0.23729878664016724,-0.27057164907455444,1.098099946975708,0.0920955017209053,-1.2809978723526,-0.2812153398990631,-0.15192356705665588,0.12459103018045425,-0.14886684715747833,0.5215365290641785,-1.1478962898254395,-1.5101492404937744,1.100589394569397,0.5686908960342407,-0.04399488493800163,-0.10350336879491806,0.9984185099601746,1.5353964567184448,-0.30040791630744934,-0.7713358998298645,1.4133665561676025,-0.711738109588623,0.3443494141101837,-1.008040189743042,0.5560960173606873,-0.3184782862663269,0.6405457854270935,-0.06627207249403,-0.04582538828253746,-1.8729426860809326,1.001106858253479,0.8800123929977417,-0.19978268444538116,0.15069107711315155,0.5397596955299377,-1.0295456647872925,0.7828904390335083,0.1192115917801857,1.6005504131317139,-0.7152811884880066,-0.8618586659431458,-0.9500691890716553,-0.20711788535118103,0.7292453646659851,-0.21723707020282745,-0.6638814806938171
-0.4733768403530121,2.173793315887451,0.6747462749481201,0.6602687239646912,-0.3020753562450409,1.5226249694824219,-0.048292599618434906,-0.41238006949424744,0.05593162775039673,1.2152117490768433,0.47503432631492615,-0.7949515581130981,-1.4752156734466553,-1.240120530128479,1.8483515977859497,0.5762401223182678,0.23630400002002716,1.753053069114685,-0.02740294486284256,1.5236668586730957,-0.9848356246948242,0.15057559311389923,-1.6843398809432983,0.5492768883705139,-0.38400182127952576,-2.3543922901153564,-0.9432311654090881,1.0698847770690918,-0.18625712394714355,-0.16907963156700134,0.47525084018707275,-0.6806877851486206,0.359752357006073,0.3188701868057251,1.9908746480941772,-0.5422394871711731,0.8817403316497803,-0.4546944200992584,1.6666555404663086,0.7814277410507202,-0.7488241791725159,-0.11855129897594452,-0.3343944847583771,1.0327308177947998,-0.28953683376312256,-0.32770517468452454,-0.4558092951774597,1.3420817852020264,0.9826421141624451,0.14848902821540833,-0.7618563771247864,0.9249491095542908,-0.41357138752937317,0.7851503491401672,0.6055974960327148,-0.0897175595164299,-1.0802284479141235,-1.2482235431671143,-1.0306342840194702,-1.3924634456634521,0.6041571497917175,0.3186875283718109,0.060042232275009155
0.46016666293144226,-0.5751193165779114,1.0138734579086304,-1.5325117111206055,-0.5787304639816284,-0.6874937415122986,0.5052711963653564,-1.8844712972640991,0.6523330211639404,-0.33063817024230957,0.2554303705692291,0.28555071353912354,-1.711556077003479,-0.2799777388572693,-1.3589446544647217,-0.6008495688438416,-1.5085161924362183,-0.6292093992233276,-0.04832947626709938,-0.950701117515564,-0.7083518505096436,-0.5834499001502991,1.024060606956482,0.29545271396636963,0.142536923289299,-0.4766886532306671,0.08975063264369965,2.38757061958313,-0.8691266179084778,1.238481044769287,-0.0006237202906049788,-0.9528557658195496,0.4603441655635834,-1.5732802152633667,0.335735023021698,-0.724295973777771,0.3139372169971466,0.38537779450416565,0.6046231985092163,-0.7902966141700745,-0.47200196981430054,-0.5174199938774109,-0.9457736611366272,-1.0575698614120483,-0.36980751156806946,-0.8134241700172424,1.511936902999878,-0.7035131454467773,0.22436834871768951,-0.09279591590166092,-0.10165408253669739,-0.24652177095413208,-1.3831650018692017,1.017934799194336,0.5540398359298706,-1.2456271648406982,0.17550843954086304,-1.356359839439392,0.6504583954811096,-2.2707207202911377,-0.3150804340839386,-1.2442768812179565,-0.29439035058021545
0.041065435856580734,0.1103522926568985,-0.8334230780601501,0.25345292687416077,0.0774577260017395,-0.6746803522109985,-2.085418701171875,-1.282507300376892,0.4756821393966675,-0.6932858228683472,0.08780777454376221,1.5098158121109009,1.474265694618225,-0.7784948945045471,0.40410199761390686,-0.7471495866775513,-2.0909652709960938,-0.9588924646377563,-0.2197953462600708,-1.1053773164749146,-0.1522846668958664,0.14126211404800415,1.7573426961898804,-0.7702469229698181,-0.22386008501052856,-1.1612389087677002,-2.1926393508911133,-0.5739984512329102,-1.7595703601837158,0.7390903234481812,-1.2503876686096191,0.3732088506221771,-0.6375072598457336,-0.20662790536880493,0.21680547297000885,1.7309011220932007,-1.060151219367981,-1.1752429008483887,-0.6036850214004517,-0.6110321283340454,-0.08776558935642242,1.9137855768203735,-1.4853695631027222,1.1428316831588745,-0.06252045929431915,0.20975612103939056,0.890504002571106,-0.9829310178756714,0.05887439846992493,1.3349542617797852,1.786366581916809,-1.463963270187378,1.125366449356079,0.20908696949481964,0.12662266194820404,1.0613147020339966,1.0344520807266235,1.147971272468567,0.6789061427116394,0.23456427454948425,-1.415107011795044,0.8748542070388794,-1.8889484405517578
1.06496000289917,0.9312489032745361,-0.5250890851020813,0.21036556363105774,-0.8909620642662048,1.7734547853469849,-0.04250821843743324,-0.3346354365348816,-0.6752558350563049,1.2760485410690308,-0.7525963187217712,-0.5690958499908447,1.3194829225540161,0.3799402117729187,-1.2463951110839844,1.2423999309539795,-0.3578016757965088,0.261082261800766,-1.0121879577636719,0.6529682278633118,-0.6522983908653259,0.7439041137695312,-0.6566827893257141,0.11165958642959595,-0.49097007513046265,0.3966708481311798,-0.10718996822834015,0.734065055847168,0.5736076831817627,-0.6465439796447754,2.2256717681884766,0.22206343710422516,0.07346943765878677,-0.7444766759872437,0.5716017484664917,0.3671870231628418,-0.002225917298346758,-0.31506186723709106,0.4871861934661865,-1.2403528690338135,-0.2547650635242462,0.4100528061389923,1.2462114095687866,0.5634565353393555,1.5742014646530151,-0.6031339764595032,0.9401006698608398,0.2254689484834671,0.18559908866882324,0.5894591808319092,0.015667468309402466,0.12602214515209198,-0.7543330192565918,0.971832275390625,-0.5531631708145142,2.2407453060150146,0.11475929617881775,-0.412043035030365,0.42116066813468933,-1.4111601114273071,0.6564146876335144,-1.088890552520752,1.1576536893844604

Slice 21
-0.661142110824585,-0.49522751569747925,0.3281022012233734,0.7066656351089478,0.6496601104736328,0.23554229736328125,-1.7678736448287964,0.003963201306760311,0.8406791687011719,-1.7030115127563477,0.19209980964660645,-1.4646450281143188,0.47049495577812195,-0.40198999643325806,0.2470349222421646,0.9925336837768555,0.38830533623695374,-1.154720664024353,-0.5885764956474304,0.7416158318519592,0.4913173019886017,0.09316378086805344,0.829395592212677,0.449116051197052,0.019452370703220367,-0.6186612248420715,-1.442418098449707,-0.13658371567726135,-1.4178612232208252,-1.1000844240188599,-0.6453838348388672,-0.016779914498329163,0.27013206481933594,1.1409523487091064,-0.6780128479003906,-0.7682327032089233,-0.22252708673477173,-0.16800089180469513,-0.1193285807967186,-0.0886944904923439,0.7954652309417725,1.332956314086914,0.7886167168617249,-0.4458850920200348,1.2667278051376343,0.9071915745735168,-1.1631125211715698,-0.17994937300682068,-0.9849329590797424,0.2870601415634155,-0.12044505774974823,0.024169739335775375,0.9811343550682068,-0.4823247492313385,-0.37811726331710815,0.015670545399188995,2.250983715057373,-1.1200892925262451,-0.7262431979179382,-1.0616284608840942,1.7031816244125366,-0.6808395981788635,0.4338146448135376
-1.1177641153335571,0.9089644551277161,-0.8542216420173645,1.1906826496124268,0.6748711466789246,-0.12431402504444122,0.8127932548522949,2.0037648677825928,-0.04556729272007942,0.7443878650665283,0.8067057132720947,1.1495745182037354,1.3914858102798462,-0.1302177757024765,0.009592673741281033,-0.957607626914978,2.7466094493865967,0.1390247941017151,0.09277309477329254,-2.1543939113616943,-0.1827443242073059,0.3326077461242676,-0.7234429121017456,0.7912760972976685,1.2320612668991089,1.6662676334381104,1.1298868656158447,-1.241928219795227,1.6431970596313477,1.4754894971847534,-0.9159989953041077,0.3617415428161621,-0.03978113830089569,0.6650375723838806,1.332034945487976,-0.5321498513221741,1.4605157375335693,1.2005081176757812,0.485954612493515,-1.302173137664795,0.7597905993461609,-1.0408921241760254,-1.5373984575271606,0.2973494827747345,1.343243956565857,0.014982381835579872,-0.30617284774780273,-0.6687639951705933,-0.38251927495002747,1.779160499572754,0.47480908036231995,-1.0179264545440674,-1.0860077142715454,-0.08082467317581177,-1.5925933122634888,-0.6477808952331543,-1.278624176979065,0.5566912293434143,2.4319705963134766,1.4512815475463867,-0.2896818518638611,0.06335695087909698,0.7946659922599792
-1.5373191833496094,1.0483665466308594,-1.0928200483322144,0.37945979833602905,0.14142967760562897,0.8715642690658569,-1.0065473318099976,1.0922014713287354,1.1976524591445923,-1.4727201461791992,0.6063443422317505,-0.40178877115249634,-1.4603605270385742,-0.7985907793045044,1.097912311553955,0.5858559012413025,0.7406752109527588,-1.3355984687805176,0.634063184261322,1.3748067617416382,0.14749109745025635,0.042343366891145706,1.1825404167175293,1.3198187351226807,0.6807529330253601,0.8408027291297913,-0.06135345622897148,-2.0343456268310547,-0.9731804728507996,0.9288522601127625,-0.8710346221923828,2.1455423831939697,0.06727663427591324,0.5268517136573792,-0.4903595447540283,-1.7573617696762085,0.33037108182907104,1.5168272256851196,0.4985392987728119,1.8386262655258179,0.05664193630218506,1.070495367050171,-0.39377424120903015,0.45814573764801025,0.40834811329841614,0.009797138161957264,-0.7594040632247925,1.5556687116622925,-0.8484679460525513,-0.32175442576408386,-0.7119903564453125,-0.46910127997398376,-1.5506762266159058,0.623868465423584,0.5919420123100281,1.110303521156311,0.47329360246658325,-2.061248779296875,0.839996337890625,0.576861560344696,-0.25242117047309875,-1.1060585975646973,0.7401317358016968
0.2109605073928833,-0.9246677756309509,2.128715753555298,-0.5092611312866211,0.13086390495300293,-0.3244369924068451,0.8244493007659912,0.345407098531723,-0.6137155294418335,-1.2274580001831055,0.3762955963611603,-0.7402702569961548,-0.5861027240753174,-0.4237797260284424,-1.127484917640686,-0.36067941784858704,-0.4554138481616974,-0.9656485915184021,-1.4240784645080566,1.1872525215148926,1.6586756706237793,-0.36703890562057495,-1.2804574966430664,-0.6483281850814819,-1.1682590246200562,-1.3983994722366333,1.4140350818634033,-0.805994987487793,0.4727039635181427,0.3609623908996582,-0.0066873845644295216,-0.6946039199829102,0.6485075950622559,-0.14575372636318207,-1.040869116783142,-1.083806037902832,0.9200649857521057,-0.8182395100593567,-0.20622046291828156,-0.6642822027206421,0.2161237895488739,-1.1497029066085815,1.1127370595932007,-1.3934904336929321,0.3063774108886719,-0.595201849937439,-0.4480608105659485,-1.3495104312896729,0.8590483069419861,0.02761167474091053,0.25281137228012085,-0.7956945300102234,-0.6698882579803467,-0.0005096847307868302,0.15582020580768585,0.2482738345861435,0.38343676924705505,1.4617949724197388,-0.9319117069244385,-1.0274162292480469,-0.5940185189247131,-0.8584347367286682,1.2519429922103882
-0.9927082657814026,0.006827622652053833,-0.6924996376037598,1.0199302434921265,0.24648675322532654,0.4776058793067932,0.5531898736953735,-0.424658864736557,0.43135708570480347,0.17569123208522797,0.3044408857822418,-0.8444551229476929,0.14111195504665375,1.1227672100067139,0.6754278540611267,-1.3000634908676147,-0.5069943070411682,0.5980545878410339,1.181259274482727,-0.15251463651657104,-1.1522635221481323,-1.1523321866989136,-0.18703235685825348,0.06241023540496826,0.06788870692253113,-0.6029680967330933,1.3094671964645386,0.021982233971357346,1.6672581434249878,0.2725991904735565,-1.114569067955017,-0.14372597634792328,0.60041344165802,-0.40987318754196167,0.5018490552902222,0.6840516924858093,0.2659434676170349,0.773200273513794,-0.4320627748966217,-0.21989703178405762,1.3797821998596191,1.231437087059021,-0.1588074266910553,0.9663699865341187,0.10090628266334534,-0.2851693630218506,0.5541358590126038,-0.014331676065921783,0.9476172924041748,1.8973534107208252,0.9075027704238892,1.0466527938842773,-0.16879859566688538,1.7646334171295166,-0.43983983993530273,0.5991883277893066,-0.7038486003875732,0.5823696255683899,-0.17494529485702515,-0.8086732625961304,0.8445693254470825,1.2622184753417969,-0.43215540051460266
-0.08999012410640717,-1.8990529775619507,0.8224969506263733,-0.1518988013267517,0.37150633335113525,-0.5057824850082397,1.2044703960418701,0.3589800298213959,1.073836088180542,1.2522811889648438,-1.4713573455810547,0.8941632509231567,2.0429468154907227,1.9620387554168701,-0.35730963945388794,1.4018933773040771,-0.6884449124336243,-0.25237542390823364,-0.7538585662841797,-0.17728157341480255,0.7140185832977295,-1.0489710569381714,2.4469985961914062,0.9439027309417725,-0.9974534511566162,0.42423662543296814,-0.3012058138847351,0.1782720535993576,-0.6411492228507996,0.18189667165279388,-1.1611069440841675,-1.0621342658996582,1.4206293821334839,-1.6389559507369995,-0.8877062201499939,-1.6800508499145508,2.0023810863494873,1.1403040885925293,1.0258283615112305,-0.3022928237915039,-1.7137846946716309,1.2203847169876099,0.7163644433021545,-0.8191515803337097,0.6251504421234131,-0.5755484104156494,0.45487111806869507,-0.6423386335372925,-0.38444405794143677,-0.5087047219276428,-0.8421579003334045,-0.4641513526439667,1.4474573135375977,0.5588287115097046,-1.0327829122543335,-0.3069373071193695,0.7563261985778809,1.4551554918289185,-1.2725576162338257,1.512326955795288,0.6967602372169495,1.5257165431976318,1.486236572265625
-0.5824906826019287,-0.7721693515777588,1.815317988395691,0.09186387062072754,1.2419482469558716,0.2560274600982666,-0.8217750191688538,-0.4169824719429016,-0.33634519577026367,-1.5284087657928467,0.3374398648738861,0.4491538405418396,-1.428045630455017,-0.522159993648529,-0.419729083776474,-0.5890689492225647,-0.10976076871156693,0.30023202300071716,-0.6090195178985596,0.4947400391101837,1.0469582080841064,-1.465897560119629,-0.8086516857147217,0.3268586993217468,0.10680513828992844,-0.12103857845067978,0.8077836632728577,-0.5011688470840454,1.080201268196106,1.7749372720718384,-0.15687978267669678,-1.3203809261322021,1.156741738319397,1.1469495296478271,-1.0228792428970337,-1.2426263093948364,-1.0291574001312256,0.6167446970939636,-0.054836150258779526,-1.0708364248275757,0.9989284873008728,-0.1338566392660141,0.6070252656936646,-0.8533552289009094,-1.1886688470840454,-1.905216932296753,-0.05362025275826454,-0.22911576926708221,1.5977821350097656,0.9414639472961426,2.071594476699829,0.21254262328147888,-1.5983178615570068,0.6632813811302185,0.8514533042907715,1.1767479181289673,-1.8391484022140503,0.30407965183258057,1.5825830698013306,0.5896522998809814,0.9542669057846069,0.7357658743858337,0.5346678495407104
0.9163792729377747,0.9401013255119324,1.6910274028778076,-1.0613609552383423,-1.283562183380127,-0.4027865529060364,-0.8333434462547302,1.8861273527145386,0.919079601764679,-1.1598100662231445,-0.5648297071456909,-0.39604154229164124,-0.3489092290401459,0.2537662088871002,1.8800472021102905,1.1262561082839966,1.1354424953460693,-1.8183436393737793,1.2688082456588745,-0.14631116390228271,-1.2302489280700684,0.5139293074607849,1.0974684953689575,-1.9186153411865234,-1.0394859313964844,0.21540696918964386,-1.3632004261016846,1.5135538578033447,-0.595007061958313,0.945469319820404,-1.330424427986145,1.5233187675476074,0.09260333329439163,-0.8869220018386841,0.9365028738975525,-0.27536287903785706,0.8911923170089722,-0.538425624370575,1.1468499898910522,0.6266047358512878,0.4199698567390442,0.05358519405126572,0.16118550300598145,1.6821695566177368,0.9396428465843201,-0.8412565588951111,-1.9256327152252197,-0.8714027404785156,-0.8519163131713867,-0.6143198609352112,1.0654323101043701,-0.800957977771759,0.26896926760673523,-1.049122929573059,-1.0394855737686157,-1.3449041843414307,0.42206862568855286,1.4081437587738037,-0.4930560886859894,0.056311145424842834,-1.1945407390594482,0.8874815106391907,-0.4041758179664612
-0.16716864705085754,0.7611847519874573,-0.36576828360557556,-1.1826326847076416,1.2486521005630493,-1.289544939994812,-0.1008668914437294,0.7858941555023193,1.3795806169509888,0.32966360449790955,1.128010869026184,0.6680495142936707,-0.8449951410293579,-2.0074527263641357,-0.5525804758071899,-0.8470562696456909,0.2164853811264038,1.94642174243927,-0.8002406358718872,0.043834127485752106,-0.8021416664123535,0.15415480732917786,-0.8754141330718994,-0.3201065957546234,0.6114765405654907,2.0137267112731934,1.0228667259216309,-0.10266425460577011,0.36645182967185974,0.450169175863266,0.11215654015541077,0.8480400443077087,-0.20847035944461823,-0.08343353867530823,-0.1760963499546051,-0.23405399918556213,1.2714786529541016,-0.573222815990448,1.5254007577896118,-0.05383244529366493,-0.4666323661804199,1.9114227294921875,0.7432534098625183,-0.1171763688325882,-1.3620496988296509,-1.0227380990982056,-0.11138250678777695,-0.7402260899543762,0.6307273507118225,0.6656590700149536,-0.7212136387825012,-0.23479746282100677,-0.7485449314117432,1.6524955034255981,-0.8682867288589478,-0.018272196874022484,-0.7320156693458557,-0.24988232553005219,1.4079921245574951,-0.35082685947418213,1.7787293195724487,-1.1053786277770996,0.7426043152809143
-0.24307751655578613,-0.5054998397827148,1.0097986459732056,-0.07269352674484253,2.265709161758423,0.7770146131515503,-0.8779629468917847,-0.7961439490318298,1.1122536659240723,-0.859294056892395,0.43463319540023804,-0.6157398819923401,-1.1954846382141113,0.5453466773033142,0.3803161680698395,0.8387506604194641,0.08933860063552856,0.12527364492416382,0.23287354409694672,-0.15850265324115753,0.47700342535972595,1.0722862482070923,1.840288758277893,1.0648908615112305,-1.2947841882705688,-1.2660739421844482,0.06554016470909119,0.11214575171470642,0.6389201283454895,0.5792680978775024,2.459960699081421,-0.38645467162132263,0.100396528840065,0.14548391103744507,-0.10121352970600128,0.5611302852630615,-0.6423729062080383,-0.07925573736429214,-1.5425690412521362,-0.04257619380950928,-1.638254165649414,1.0468151569366455,1.1473246812820435,0.019577521830797195,-0.47739413380622864,-0.7513166666030884,0.8837088942527771,1.9712210893630981,-0.27627885341644287,0.05328528210520744,-1.5877411365509033,-0.9021437764167786,0.9320209622383118,0.3062020540237427,1.0028594732284546,0.006167992018163204,-0.4019070863723755,-2.048037052154541,0.5421736836433411,-0.2694013714790344,1.209188461303711,0.20049850642681122,-0.1636655181646347

Slice 22
0.31156042218208313,0.6882604956626892,1.0082156658172607,0.04929438605904579,0.6375815868377686,-0.8477749228477478,-1.1466292142868042,0.5354024171829224,0.7003684639930725,0.19319984316825867,0.3748018145561218,-0.25631678104400635,0.39020323753356934,-0.8891348838806152,0.48718056082725525,-0.30915650725364685,0.4852825999259949,0.378171443939209,1.0158522129058838,0.73879474401474,0.22781561315059662,-1.302272081375122,-0.056282855570316315,0.11757660657167435,0.13934314250946045,-1.1335151195526123,-1.7502151727676392,0.6790128350257874,-0.4153558909893036,0.6678066253662109,-1.9076083898544312,0.2896808087825775,1.2885063886642456,-0.8519156575202942,1.0457948446273804,0.7568327784538269,-1.3428317308425903,-1.079206109046936,0.09179843962192535,1.4474409818649292,-0.6020303964614868,0.22107717394828796,0.1179535910487175,0.09253253787755966,-1.196730375289917,-0.3895529806613922,1.0010240077972412,1.1300512552261353,-0.014967578463256359,-0.1551738977432251,-0.24007293581962585,1.021624207496643,1.574052095413208,-0.03507077321410179,0.5399383902549744,0.1964346468448639,0.8552853465080261,0.14700770378112793,-1.1321260929107666,0.19022813439369202,0.20260611176490784,-0.5604825019836426,0.024331239983439445
-0.7540552020072937,-0.5465331077575684,0.014790497720241547,0.2042446881532669,-0.36749380826950073,1.7254716157913208,0.9365288615226746,-0.950030505657196,0.7191319465637207,1.0187668800354004,0.46322283148765564,-0.8403915166854858,0.9500516653060913,1.268471598625183,0.8188334703445435,1.058855652809143,-0.6131543517112732,-0.8070630431175232,0.0720929205417633,1.0468554496765137,-1.0557748079299927,-0.11994582414627075,0.35614490509033203,0.2305186688899994,-0.3488711714744568,0.4971780776977539,0.5744643807411194,-0.6326479315757751,0.6563093066215515,-0.9698176383972168,-0.792248547077179,0.28982800245285034,0.7081210613250732,-0.857089638710022,0.5770657658576965,-0.24576061964035034,-0.09030638635158539,-1.0695199966430664,-0.8564035296440125,1.3108566999435425,-0.8996036648750305,-0.7082229852676392,-0.7869285941123962,-0.7832291722297668,-1.3276811838150024,-1.4595452547073364,-0.574520468711853,0.8615576028823853,-0.7963870167732239,0.6795990467071533,-0.9354840517044067,-0.8270071744918823,-0.3636210262775421,0.17121173441410065,0.04910887032747269,-0.3048098683357239,-0.7663735747337341,0.3588578701019287,-1.2425566911697388,-1.0229241847991943,-0.06530702859163284,-1.2876805067062378,0.7007519602775574
1.0857383012771606,-0.8554163575172424,2.3384861946105957,1.1485726833343506,0.057771917432546616,-1.8126274347305298,-1.3505570888519287,-0.2557027339935303,0.05475921183824539,0.2737639546394348,0.25419577956199646,-0.5119588971138,0.18147359788417816,0.5114613175392151,0.842599093914032,-0.9328078031539917,-0.8365177512168884,-0.5271852016448975,0.06726334989070892,1.3434243202209473,-0.13784323632717133,-1.7753807306289673,1.8083137273788452,-0.34164193272590637,2.595273017883301,-2.176501750946045,-1.9674688577651978,0.5576347708702087,-2.0876893997192383,0.6557657718658447,-1.1038470268249512,0.3413544297218323,0.7102233171463013,-0.40215206146240234,0.2630298137664795,0.275410532951355,0.7825407981872559,-0.4755384624004364,0.2098505198955536,-0.5202442407608032,-1.0403354167938232,-1.378416895866394,0.5107240080833435,0.03023482859134674,0.4519785940647125,-0.5835488438606262,-1.3142645359039307,-0.3344050645828247,-0.20524877309799194,0.659439206123352,-0.8852258324623108,0.45968177914619446,0.4152076244354248,1.5555055141448975,-0.04620485007762909,1.5910457372665405,0.6570612788200378,1.6475456953048706,-0.3712332248687744,0.8449693322181702,0.08211106806993484,-0.5422622561454773,0.3986620008945465
0.3347783088684082,0.16373181343078613,1.6626067161560059,0.7058886885643005,-0.5562556982040405,1.4066663980484009,-0.7771555781364441,-1.1742769479751587,-0.8501712083816528,-0.9381683468818665,0.2984901964664459,-0.44959089159965515,0.6632654666900635,0.7485752105712891,-1.2938913106918335,-0.020719829946756363,1.365821123123169,0.43583792448043823,-1.1127021312713623,-1.8110485076904297,-1.414648413658142,-0.08030237257480621,-0.10156097263097763,0.3960316479206085,0.5629842281341553,0.355563223361969,1.653531789779663,-1.0217410326004028,1.078616738319397,-1.745561957359314,-0.3956403136253357,-0.2946226894855499,2.377190113067627,-0.10265496373176575,-1.1065311431884766,0.8948678970336914,0.0917399674654007,0.5976468920707703,-0.45209619402885437,-1.2738155126571655,-0.977505624294281,-0.2947564125061035,-0.15754081308841705,-0.24522274732589722,0.10829521715641022,-0.46417325735092163,-0.09036184102296829,0.8358696103096008,-0.7937095761299133,-0.690583348274231,-1.0372774600982666,1.575333595275879,2.1940929889678955,0.605201780796051,-0.3797966241836548,-0.29586517810821533,0.6786447167396545,-0.488301545381546,-0.5322040915489197,1.3879249095916748,-1.3343390226364136,0.2789907455444336,1.0413950681686401
-0.5113509893417358,-0.3732377290725708,0.14372937381267548,-0.8053458333015442,0.22224371135234833,0.32006585597991943,-1.2998329401016235,-1.6159592866897583,0.21370549499988556,-2.40287184715271,-0.8438094854354858,-1.1664769649505615,-0.7227616906166077,-0.20339712500572205,-1.2901545763015747,-0.3425440788269043,0.13936978578567505,0.46169841289520264,0.5803740620613098,0.06719812750816345,0.008640964515507221,-0.1771487444639206,0.24042685329914093,0.3496462106704712,0.20059074461460114,0.4237808883190155,0.1523122489452362,1.29268479347229,-1.0878913402557373,0.369375079870224,1.1872198581695557,-0.4104042947292328,0.4535372257232666,0.9253903031349182,-0.39808395504951477,-1.1766512393951416,0.39816394448280334,-0.5005728006362915,0.030464882031083107,-1.5669001340866089,0.6859848499298096,-0.873791515827179,0.8176702857017517,1.2124791145324707,0.0682649239897728,-0.5073667168617249,-1.1262233257293701,0.022003447636961937,0.7653948664665222,-0.34101882576942444,-1.2881715297698975,-1.0257658958435059,0.9229543209075928,-1.5216625928878784,-0.38743364810943604,-0.6266418099403381,1.0033921003341675,-0.028402775526046753,-1.0635066032409668,-1.2401500940322876,0.8758623600006104,0.24403627216815948,2.425449848175049
2.388258218765259,1.5111517906188965,0.34676551818847656,0.12103592604398727,1.2651703357696533,-0.7274875044822693,-0.6484299898147583,1.2656974792480469,-1.3427801132202148,1.4766945838928223,-1.4141637086868286,1.774032473564148,-0.5320298671722412,0.8956007361412048,2.0557501316070557,0.33199647068977356,0.16503235697746277,0.30758315324783325,0.012309394776821136,0.42169851064682007,0.753996729850769,-0.7705410718917847,-1.0998414754867554,-0.07184748351573944,-0.32992300391197205,-1.0044556856155396,0.08279513567686081,-1.3713364601135254,0.9591808915138245,1.5535361766815186,0.3613271117210388,-0.8124536275863647,-0.27251729369163513,0.585029661655426,0.9935848712921143,-0.764354944229126,1.4499454498291016,-0.05166884511709213,-0.61470627784729,0.2256404012441635,-0.027453195303678513,1.7000644207000732,-0.5721248984336853,-1.2561196088790894,1.6592615842819214,-0.25819435715675354,1.842179536819458,-1.0570095777511597,-1.5695488452911377,1.8900408744812012,0.33111846446990967,0.5288492441177368,0.34061145782470703,-0.8943904042243958,-0.08250162750482559,-1.5400242805480957,1.0912175178527832,0.789703905582428,-0.5481131076812744,0.6165048480033875,-1.5225781202316284,1.5827417373657227,-0.3059978187084198
-0.7427797913551331,0.46262121200561523,-0.34743809700012207,1.6663717031478882,0.11039205640554428,0.6670954823493958,1.3508046865463257,0.8579411506652832,-0.8723951578140259,-0.6786694526672363,-0.014805545099079609,0.8547781109809875,-0.10355105251073837,0.28080835938453674,0.4003063142299652,-0.14686176180839539,-0.17119285464286804,-2.061392068862915,0.7570356726646423,1.282042384147644,0.17775005102157593,1.4359182119369507,-0.06987600773572922,0.7771307826042175,-0.8197983503341675,1.2982271909713745,-0.8061383962631226,-0.0003577304305508733,0.3887661397457123,1.6852821111679077,-0.06000426039099693,0.5055133104324341,0.4127865433692932,2.267467975616455,-0.23442970216274261,0.8672749996185303,1.6774338483810425,0.17269524931907654,2.324979543685913,-0.15877461433410645,-0.15855614840984344,0.08472184836864471,0.5751273036003113,-0.1467975676059723,0.38178950548171997,0.07957076281309128,-0.43367016315460205,-1.0589536428451538,-1.3525135517120361,0.7788594961166382,1.5542391538619995,-0.8664863705635071,0.47598278522491455,1.2131333351135254,-1.5102792978286743,0.7770564556121826,1.3417179584503174,-0.283139169216156,-0.02715633250772953,0.6860119700431824,-0.36256474256515503,-1.8616434335708618,0.3333132863044739
-1.8812448978424072,1.983860969543457,-1.6761078834533691,-0.8004748821258545,1.3706427812576294,-1.0373895168304443,0.04838981851935387,-0.8839975595474243,-1.6429206132888794,-0.16917189955711365,0.7760593295097351,0.6639057397842407,0.18322865664958954,-0.7657676935195923,0.007988110184669495,1.797093152999878,1.3137246370315552,-1.4482662677764893,1.9055033922195435,1.1736892461776733,-1.3797913789749146,0.8198454976081848,0.031169461086392403,-0.6777327060699463,-2.0373568534851074,0.24039800465106964,-0.8682994246482849,-0.9692080616950989,-0.07370632886886597,0.9990426898002625,0.31755149364471436,1.5627799034118652,-0.5406397581100464,1.0708924531936646,-0.07010290771722794,-1.2856775522232056,0.41992682218551636,0.2902539372444153,-0.3302907645702362,1.036564826965332,-0.7240870594978333,1.2016301155090332,1.5173509120941162,-0.9266559481620789,0.8372783064842224,2.0068371295928955,1.026727557182312,0.10094045847654343,-0.6227468252182007,1.4810484647750854,-0.16723191738128662,-2.201524257659912,1.292481780052185,-1.1232208013534546,-1.7872849702835083,-0.10499007254838943,-0.5685194730758667,1.1757763624191284,1.298575520515442,-0.8105473518371582,1.6595407724380493,0.9511030316352844,0.663732647895813
-2.1296136379241943,1.1585439443588257,-0.7761706113815308,-1.273607611656189,-0.5861892700195312,-1.1604243516921997,0.5895321369171143,0.47390204668045044,0.5266355872154236,0.9369682669639587,-1.1332018375396729,1.8665916919708252,2.5644962787628174,-0.6556549072265625,0.9517871737480164,-1.4635071754455566,1.5866637229919434,-0.3482847213745117,-1.5969318151474,0.08503788709640503,-0.974083662033081,-0.7414355278015137,-1.7225581407546997,-0.7109326720237732,-1.1801080703735352,-0.2438310980796814,-0.7025232315063477,1.0424425601959229,0.4426405131816864,0.7468035221099854,0.7801238894462585,1.3884958028793335,-1.0799916982650757,0.032047469168901443,-1.6565065383911133,0.8078715205192566,-0.1665460765361786,-1.5184364318847656,-0.7406567335128784,-0.07608256489038467,2.2847485542297363,0.5655438303947449,0.152467280626297,1.3169870376586914,-1.6612498760223389,-0.5840603709220886,0.018438592553138733,0.553169310092926,1.7011594772338867,1.2272448539733887,0.08935508131980896,0.037211012095212936,0.2107473760843277,-0.8595350980758667,-0.89115309715271,-1.3004143238067627,0.9727948307991028,1.2693836688995361,-0.4809650480747223,-0.5726656317710876,1.2056829929351807,1.1461564302444458,1.4082908630371094
-1.0782005786895752,0.8653640747070312,-0.3174091577529907,0.8063562512397766,1.0747841596603394,-1.3453820943832397,-1.4822998046875,-2.4593214988708496,0.18364232778549194,-0.08181688189506531,-1.0242271423339844,0.1405978798866272,0.8219400644302368,-1.751141905784607,-1.3583093881607056,0.13362760841846466,0.8617966175079346,0.15492424368858337,-0.08714538812637329,1.0427906513214111,-0.10274837911128998,-2.0500688552856445,0.2946127653121948,0.08435136079788208,-1.3418090343475342,-1.35465669631958,-1.6689049005508423,-0.5757179260253906,-2.5922791957855225,0.49264222383499146,-1.4200698137283325,-0.759345531463623,0.20869310200214386,0.2381337732076645,0.35693809390068054,-0.4542071521282196,0.8630900382995605,-0.23477137088775635,0.5770291686058044,-0.5605494379997253,-0.3525979518890381,0.17046435177326202,0.4708433747291565,-0.5772089958190918,-0.07636120915412903,-0.4835764169692993,-0.4155416190624237,-1.5325837135314941,-0.2736113667488098,0.4722294807434082,-1.43967604637146,0.8322193622589111,0.14039455354213715,0.45117154717445374,0.22500872611999512,0.4188612997531891,1.740518569946289,-1.6228562593460083,-0.4633537530899048,1.4456113576889038,-1.669656753540039,0.8816575407981873,0.7148855328559875

Slice 23
1.170082688331604,-0.24336904287338257,-1.28888738155365,0.8646654486656189,0.9019162654876709,0.8371977210044861,0.9218859076499939,0.7755727767944336,0.9948729872703552,-0.6213735938072205,-1.6677993535995483,-0.7131526470184326,1.8755098581314087,1.405840516090393,-1.214307427406311,-0.44697877764701843,0.6507663726806641,0.8324858546257019,-1.7129055261611938,-0.9275465607643127,-0.44242995977401733,-0.738350510597229,-0.9263972043991089,-0.5075502395629883,0.7965801358222961,0.42602643370628357,-0.6558529138565063,0.25841373205184937,0.31175369024276733,-0.5967710614204407,-0.5085905194282532,-0.3604087829589844,0.17372749745845795,-0.12321726232767105,-0.5442224740982056,-0.27635207772254944,0.8513430953025818,-0.4024585783481598,0.33884474635124207,1.0157614946365356,-1.410849690437317,-0.32717299461364746,-2.081897497177124,-1.388703465461731,-1.2698900699615479,-1.5421732664108276,0.027132464572787285,0.9608738422393799,-0.46383777260780334,-1.0186069011688232,1.6202154159545898,-2.0846076011657715,-0.8624364733695984,0.7129466533660889,-1.6314599514007568,1.4361720085144043,-0.8211024403572083,1.1849066019058228,0.9631239771842957,0.45744654536247253,1.3607795238494873,0.7482253909111023,0.32290807366371155
-0.07775509357452393,0.5282188653945923,-0.09068130701780319,0.008563262410461903,0.5674012303352356,1.0469907522201538,0.597653329372406,0.8032098412513733,0.1699998378753662,0.1710941344499588,-0.6943899393081665,-0.12936685979366302,0.3493993878364563,-0.3624868094921112,0.6015048623085022,0.46261081099510193,0.3820878267288208,0.922776460647583,-1.8171273469924927,0.3577045798301697,0.08746222406625748,-1.7316710948944092,-0.3413449227809906,0.6940948367118835,0.6597582101821899,0.9770088195800781,-1.3713585138320923,1.1280406713485718,1.5105912685394287,1.3270529508590698,0.44433507323265076,-0.5626345872879028,-0.4485803544521332,-1.7635078430175781,0.9681581854820251,0.3104707896709442,0.7888721823692322,0.7236500382423401,1.1846942901611328,0.9509139060974121,-0.027144886553287506,-0.7945680618286133,0.5566133856773376,0.6624220013618469,-0.4647420048713684,-1.505153775215149,-0.5811995267868042,0.41604241728782654,0.26829928159713745,0.5400927066802979,1.1632678508758545,0.6997454762458801,0.5151989459991455,-1.2942206859588623,0.673288881778717,1.2430602312088013,0.07219366729259491,0.4186967611312866,0.6450024843215942,0.9959621429443359,-1.0517799854278564,1.1173559427261353,1.7458646297454834
1.0741115808486938,0.2736967206001282,0.14022229611873627,1.06415855884552,0.6897415518760681,-0.12216975539922714,0.16356715559959412,0.18286481499671936,0.11013305187225342,1.2584222555160522,0.8307275176048279,0.8454610109329224,-0.6764060854911804,-1.0123517513275146,1.04543936252594,0.5486111640930176,1.1094108819961548,-1.2235139608383179,-0.560328483581543,-0.14603179693222046,0.9087159037590027,0.5486834645271301,0.43958666920661926,0.438841849565506,0.00493573397397995,0.9333363771438599,-0.48271477222442627,0.9060431718826294,-0.9192172288894653,-0.35825279355049133,0.08368663489818573,1.1043225526809692,0.2005680948495865,1.2857176065444946,0.15747006237506866,-0.7386371493339539,0.931359052658081,1.7290959358215332,-1.645065426826477,-0.1405390501022339,0.5216407775878906,-0.5941628813743591,0.08285058289766312,0.37664663791656494,0.8734534978866577,0.5418538451194763,-0.14169050753116608,-1.0195608139038086,1.9228289127349854,0.3595093786716461,-0.41280224919319153,-1.2408559322357178,1.0784116983413696,1.699528455734253,1.2372500896453857,1.394500970840454,-0.49324068427085876,-0.003755553625524044,0.2644678056240082,-1.0840694904327393,-0.1361764669418335,1.8458614349365234,-0.2075180858373642
1.0386953353881836,-0.27747902274131775,-1.1414543390274048,0.33588191866874695,0.41725239157676697,0.4239893853664398,0.7425362467765808,0.12064061313867569,-0.1896829903125763,-0.3158891797065735,-0.23025929927825928,-0.2960216999053955,-0.01639498770236969,2.417565107345581,0.4420998990535736,1.3146058320999146,-0.31310153007507324,-1.1889535188674927,1.0675084590911865,0.2549703121185303,0.6221976280212402,0.3206450641155243,1.0579912662506104,-1.4322599172592163,0.6226858496665955,-0.614861786365509,0.5555551052093506,0.6644970178604126,1.6464827060699463,-1.5423632860183716,0.7300518155097961,0.24298237264156342,1.7234474420547485,-0.6803791522979736,-0.6605739593505859,0.6866083145141602,-1.1424832344055176,-0.002454263623803854,0.7257997393608093,-1.3844599723815918,-0.007564115803688765,-0.060794997960329056,-1.3233264684677124,0.29263901710510254,0.2138649970293045,-0.00822195690125227,-1.2320873737335205,-1.082348108291626,0.8006742596626282,1.0995213985443115,0.8254057765007019,0.4526248872280121,0.9323171377182007,0.6105993390083313,-1.9222612380981445,-0.8279710412025452,1.2053844928741455,-0.7114900350570679,-0.619925856590271,0.7449350357055664,-1.2353107929229736,-0.5710315704345703,-0.1279577612876892
0.8480020761489868,0.999200701713562,1.065764307975769,-0.8059751987457275,0.5399940609931946,-0.44832077622413635,-0.6762596368789673,-0.4723389744758606,-1.285445213317871,-1.1129146814346313,1.0088502168655396,-0.09830603003501892,0.03521284461021423,-0.8334180116653442,-1.908848524093628,-0.09106270223855972,0.9256573915481567,0.788505494594574,-0.2783755958080292,0.5816593766212463,0.8728542327880859,0.9798873662948608,-1.078790307044983,0.8296875357627869,-0.04510818421840668,-1.083695650100708,1.1973360776901245,-0.7814932465553284,-0.24123437702655792,-0.8280794024467468,-0.03765963017940521,-0.1626448631286621,-0.5312087535858154,0.9162784218788147,-0.7088196873664856,-0.20162923634052277,-0.35215115547180176,-0.37265241146087646,-0.0069013116881251335,0.4177095293998718,1.0541616678237915,-0.07665784657001495,1.1329058408737183,-1.9550682306289673,1.1877765655517578,0.33617261052131653,0.4590534269809723,-0.2336890548467636,-0.19241882860660553,-0.11053188890218735,-0.5293102264404297,0.23490220308303833,-1.9386138916015625,0.1841595470905304,-1.098288893699646,-0.49387234449386597,-0.33005088567733765,-0.1695290505886078,-1.3888270854949951,0.2776939570903778,0.5824005603790283,0.8801298141479492,-1.2954909801483154
-1.5762715339660645,-0.8470898270606995,0.810322642326355,0.06156295910477638,-0.816450297832489,-0.8937305808067322,-0.9646490812301636,-0.35486099123954773,-0.9206609725952148,1.1218324899673462,0.37893953919410706,0.931808590888977,0.4743143916130066,-0.0696517676115036,-0.35694101452827454,0.4545516073703766,-1.604178547859192,-1.4134228229522705,0.4314654767513275,-1.6251693964004517,-0.8453194499015808,0.47836750745773315,0.7145677208900452,-0.4128156006336212,-0.7738796472549438,-0.9028850793838501,0.406182199716568,-0.4487416446208954,0.449093222618103,-0.5656588077545166,0.18911314010620117,0.589938759803772,0.4618757367134094,-0.25163742899894714,0.620171070098877,1.89004647731781,-0.8659897446632385,-0.22976958751678467,1.3039865493774414,-0.2352360486984253,1.0741099119186401,-1.7890417575836182,-0.9886234998703003,-0.5645958781242371,0.1559436321258545,0.4278354048728943,-0.6585578918457031,-2.5663950443267822,0.14017078280448914,-1.2776808738708496,-0.06722504645586014,-1.4698970317840576,-0.4157775044441223,0.9334410429000854,1.1970300674438477,-0.9056065678596497,-1.3327871561050415,0.3377581834793091,-0.664697527885437,1.070125937461853,-0.6572343707084656,0.37763699889183044,0.468538761138916
-1.6279871463775635,1.5152196884155273,0.6814978718757629,1.1561468839645386,-0.38091427087783813,0.02234555035829544,0.2207656055688858,0.38750627636909485,-1.5706056356430054,0.23631761968135834,0.6609607338905334,-0.21384258568286896,-0.0770079717040062,-1.0483345985412598,-0.17236889898777008,-0.9052080512046814,-1.2265886068344116,-0.23912683129310608,-0.45027610659599304,1.6619013547897339,1.7000572681427002,-0.7516604661941528,-0.5421582460403442,0.8225744366645813,0.14186614751815796,0.3555920422077179,1.0770803689956665,-1.2673450708389282,-1.3028961420059204,-0.22892989218235016,0.3815358281135559,0.9961116313934326,-1.1322838068008423,-0.25150296092033386,-0.8376962542533875,-0.07067076116800308,0.05517084151506424,0.9681010246276855,0.11954677850008011,0.3549042344093323,0.62154620885849,-0.565497636795044,-1.9768813848495483,0.0034824267495423555,1.5334292650222778,-1.191382884979248,0.1866396963596344,-0.31912586092948914,0.7936956882476807,0.5619648098945618,0.6797704100608826,0.4322986602783203,0.02806643769145012,-1.0719228982925415,-0.03957138955593109,-0.21148179471492767,0.5279967188835144,-0.11632796376943588,0.39191094040870667,0.49584314227104187,-0.7685983180999756,-0.2809445858001709,0.5231497883796692
-0.4302297830581665,0.48459193110466003,-1.2701740264892578,1.5002135038375854,-0.5297132134437561,-0.8891139030456543,-0.5832668542861938,-0.5694776177406311,0.07312027364969254,1.0034427642822266,0.04188528656959534,1.3697036504745483,-1.066020131111145,0.02033429965376854,0.48422423005104065,-1.5443339347839355,-0.42192786931991577,1.5242801904678345,-1.7487266063690186,-0.7275962829589844,0.9471379518508911,-1.2119390964508057,-1.2744654417037964,-0.14151820540428162,-0.31794479489326477,-0.505388617515564,-0.08730761706829071,0.2538275718688965,0.9899945259094238,-0.5730807185173035,-0.09404825419187546,-0.7950195074081421,0.05323898419737816,0.4701966345310211,1.168910026550293,1.2902929782867432,-0.1432645618915558,1.081865906715393,-0.08656532317399979,-0.6714239716529846,0.24643853306770325,-0.16688738763332367,0.3078157305717468,-0.00036661128979176283,0.012443517334759235,0.47816598415374756,-0.15341252088546753,-0.8570655584335327,1.3903560638427734,0.17188195884227753,-0.08275307714939117,0.7276519536972046,0.5191051363945007,-0.34704384207725525,-1.1201220750808716,-2.2751123905181885,-0.20027747750282288,-2.825645923614502,-0.5639174580574036,0.06405140459537506,0.7370496988296509,-1.0416929721832275,-0.38898950815200806
0.11605571955442429,0.5636686682701111,-0.7408458590507507,-0.26116013526916504,-0.9005696177482605,-0.947929322719574,0.07698842883110046,0.26380065083503723,-0.5188904404640198,-1.0173062086105347,0.18234094977378845,-0.763415515422821,0.16134272515773773,0.38666534423828125,0.25973811745643616,0.2561788856983185,-0.26947182416915894,-0.5403797626495361,0.3131643533706665,0.6462988257408142,0.27676138281822205,0.11065953969955444,-0.3702455461025238,1.023464322090149,1.0650674104690552,1.0213987827301025,-1.277827501296997,-0.3019459843635559,-0.6085072159767151,-1.3270388841629028,-0.5914214253425598,-0.3876565098762512,-0.9900834560394287,-1.7291563749313354,-0.9982728958129883,-0.16382010281085968,0.46350178122520447,0.5288817882537842,-0.5015212893486023,0.6406866312026978,-1.1446551084518433,1.1003836393356323,1.4987103939056396,-0.7665417194366455,-1.2576829195022583,-0.043756626546382904,0.20308317244052887,0.37853822112083435,0.23073925077915192,0.3667503595352173,-0.20017507672309875,0.8139014840126038,0.8938104510307312,0.4150177240371704,0.30644938349723816,1.894102692604065,2.0530855655670166,0.13507814705371857,0.45937058329582214,-0.6780552268028259,-0.5552841424942017,-0.011703344993293285,-0.4331803321838379
0.2552446722984314,-0.2409316897392273,-0.8850293159484863,-0.375861257314682,-1.3720251321792603,-1.565359354019165,-1.7752528190612793,-1.696117639541626,0.9881271123886108,0.12092841416597366,0.9179973602294922,1.7336480617523193,-0.516855776309967,-0.7624754309654236,-0.9734736084938049,-0.6716818809509277,0.005038275383412838,-0.5649768710136414,0.5843057632446289,1.5366742610931396,-0.8386959433555603,0.6633195877075195,-0.25166571140289307,-1.1089229583740234,-1.344897985458374,-1.646344542503357,0.3123202323913574,0.7652943730354309,0.2550804316997528,-0.9580813646316528,-1.6143152713775635,-0.4618891775608063,-1.3360915184020996,-1.1057178974151611,-0.33985283970832825,0.6911944150924683,-1.5076649188995361,-1.9437193870544434,-0.4840896427631378,-1.0002710819244385,0.29494619369506836,-1.2729544639587402,0.7766715884208679,0.7598494291305542,-0.899695634841919,-0.19899433851242065,-1.6931405067443848,-0.5388625264167786,-2.1936278343200684,-0.5354706048965454,-1.0442695617675781,0.8983339071273804,-1.0591703653335571,0.29135051369667053,0.1129557266831398,0.6102812886238098,1.0873104333877563,-0.10274074226617813,-1.4945378303527832,1.2411727905273438,-1.8683393001556396,-0.7880743741989136,-0.07377582788467407

Slice 24
-0.3579137623310089,-0.3437875211238861,-1.0331658124923706,-2.035750389099121,0.6349982619285583,-1.0574780702590942,3.016423463821411,0.48405560851097107,-0.2520640790462494,-0.473520964384079,0.5758174061775208,1.3069579601287842,0.9609929919242859,0.3897629976272583,-0.19523605704307556,-1.0744619369506836,-2.7203993797302246,-0.5226370096206665,0.4070214331150055,-0.6682300567626953,1.7760182619094849,-0.5858254432678223,-0.04596483334898949,-1.0813343524932861,0.6285126805305481,0.5600174069404602,-4.241788387298584,1.4980167150497437,-0.27933573722839355,-0.7745778560638428,-2.129410982131958,-0.10460875928401947,-0.18028977513313293,-1.3308860063552856,0.28669998049736023,0.964288592338562,2.1734654903411865,0.061729464679956436,-0.3028007745742798,-0.8280419707298279,2.041503667831421,1.5496629476547241,1.0237685441970825,-1.649173378944397,1.3041068315505981,-0.5422362089157104,0.1744285672903061,-1.0038676261901855,0.08425349742174149,2.149169445037842,0.6546074151992798,0.5364078879356384,1.0566262006759644,0.35780277848243713,-0.8534203171730042,1.6904973983764648,0.4862472712993622,-0.10998515784740448,0.9901072382926941,0.5635769367218018,-0.03567640110850334,-0.8993028998374939,0.5878490209579468
-0.32750579714775085,1.199053406715393,-0.29174771904945374,-1.061522364616394,0.2862884998321533,-0.007396674249321222,-0.0584319606423378,-0.2045280933380127,-1.6229873895645142,0.8192530870437622,0.2580875754356384,0.6648116707801819,-0.42739978432655334,0.7291942834854126,-0.9391281008720398,0.6498216986656189,-1.220511555671692,0.06571916490793228,0.4394865036010742,-0.23104512691497803,0.9574024081230164,0.5644881725311279,0.02765819989144802,-1.319400668144226,-0.6340106725692749,0.0682242140173912,-0.2317790389060974,2.26924729347229,0.7638286352157593,1.2898476123809814,-0.15820267796516418,-0.2329988032579422,-1.9266477823257446,-1.6035881042480469,-0.7524356245994568,0.6761569976806641,-0.6681163311004639,0.2197851985692978,1.669532299041748,1.7081804275512695,-2.381513833999634,-0.09070000052452087,1.0554559230804443,-1.3195030689239502,1.1460083723068237,1.915079951286316,-0.9562928676605225,0.7790732383728027,0.9388471245765686,0.7356531023979187,1.6704890727996826,-0.571071982383728,-1.311936378479004,0.36993667483329773,-0.8966187238693237,-0.8256200551986694,0.4854818880558014,-0.366220623254776,0.34982478618621826,1.2455602884292603,-0.33218955993652344,0.27217456698417664,0.5586794018745422
1.736667513847351,0.3004462718963623,-0.723981499671936,0.34039679169654846,-0.3904723525047302,1.217963695526123,0.42334628105163574,0.9153636693954468,-1.1381281614303589,1.5898815393447876,-0.4021487832069397,-0.4460171163082123,0.08973713964223862,0.10611747950315475,-0.535240650177002,-0.5127761363983154,0.2940365672111511,0.19928868114948273,-0.19290906190872192,0.10038430243730545,0.031384147703647614,0.8888568878173828,-0.5060388445854187,1.1711572408676147,0.3256385922431946,0.6938079595565796,-0.17846797406673431,0.3917146623134613,-1.6928305625915527,0.4506864845752716,0.646924614906311,0.2632390558719635,-1.1635860204696655,0.09835074841976166,1.8686552047729492,-0.7278549671173096,2.0326457023620605,1.123505711555481,0.5672875642776489,-1.4284158945083618,-2.159513235092163,0.9758252501487732,-0.37293434143066406,-2.013777017593384,-0.13335518538951874,0.11356253921985626,-0.911506175994873,0.3137965500354767,1.245426058769226,0.52407306432724,-0.9849088788032532,1.2537837028503418,0.6838528513908386,1.894834041595459,0.7925001382827759,-0.34954920411109924,0.4719966948032379,-0.20343232154846191,0.8836636543273926,0.5206611156463623,0.42615097761154175,0.014079625718295574,0.37698426842689514
0.8070046305656433,-0.06985756009817123,0.17706267535686493,-0.2443137764930725,0.6662486791610718,0.8632299900054932,-1.0141438245773315,0.5455304980278015,0.4199705719947815,1.1707721948623657,0.373886376619339,0.5447148084640503,-0.2228330820798874,-2.0114591121673584,-0.4788443446159363,-0.570907473564148,-0.5143649578094482,-2.314803123474121,-1.669571042060852,-0.022402221336960793,0.5987645983695984,0.45753777027130127,-1.5613433122634888,-0.17183518409729004,1.103446125984192,-0.13207697868347168,-0.23953312635421753,-1.0419925451278687,0.6215881705284119,0.9632999897003174,-1.2576708793640137,0.07744984328746796,-0.20887881517410278,-0.1146441400051117,0.10335826128721237,-0.787739634513855,-0.8625074625015259,0.4793630838394165,0.45233550667762756,-1.8945425748825073,-1.4028939008712769,-0.6034133434295654,-1.0859417915344238,-0.027840113267302513,1.0211325883865356,-0.21433207392692566,-0.02372557856142521,0.008689701557159424,1.7276896238327026,0.8283620476722717,1.1056348085403442,0.20529550313949585,0.013139990158379078,0.9251121878623962,0.5919747948646545,0.6525075435638428,1.2234939336776733,0.911254346370697,-2.0782036781311035,0.7371947765350342,1.9744888544082642,-1.1607176065444946,-0.07477230578660965
-0.9196774959564209,-0.692253053188324,0.7321799993515015,0.13839735090732574,1.1923929452896118,-0.27098605036735535,-0.9164019823074341,-0.9359445571899414,0.5224432349205017,-0.5704319477081299,1.2382060289382935,-0.3231086730957031,-1.4479509592056274,0.023561153560876846,1.2000868320465088,1.1788510084152222,0.38185304403305054,-0.37747639417648315,-0.6549383401870728,1.460915446281433,1.5209048986434937,-0.0783088281750679,-0.6713991761207581,0.6414458155632019,-0.31493258476257324,1.0956097841262817,0.2865465581417084,0.37540534138679504,1.572558045387268,0.3406343460083008,-0.45764482021331787,-0.5991919040679932,0.2519095540046692,0.8051804900169373,-0.8280956745147705,-0.7380354404449463,1.438543677330017,-1.8584556579589844,-0.5127401947975159,0.14961494505405426,-0.007118356414139271,-1.1570417881011963,0.13341204822063446,0.9449418783187866,2.195615530014038,-0.25733888149261475,0.9576482176780701,-0.6100100874900818,-0.3856218755245209,-0.9668894410133362,0.41641291975975037,1.7667932510375977,0.49968916177749634,-0.8679980635643005,-0.20703387260437012,-1.1811860799789429,-0.6357430219650269,0.12207047641277313,-0.5686018466949463,-0.8510262370109558,-0.1300455927848816,-0.37748193740844727,1.0647590160369873
1.4107990264892578,-1.3341350555419922,0.3980712890625,0.8135004043579102,-0.6809844970703125,0.917529284954071,-1.3426681756973267,-0.16988135874271393,1.2372816801071167,0.7192731499671936,0.09198379516601562,0.7692092657089233,-0.8817501068115234,1.175818920135498,0.2284969985485077,-1.8101636171340942,0.21214301884174347,0.4468826353549957,0.806336522102356,1.359846591949463,1.4579318761825562,-1.185972809791565,1.1704723834991455,1.7221167087554932,-0.4748775362968445,0.009481438435614109,-0.6369358897209167,0.5212164521217346,-1.123587727546692,-0.7158981561660767,-0.6926484704017639,-2.086691379547119,0.8467902541160583,0.6686587333679199,1.3348650932312012,1.1625487804412842,0.41803407669067383,0.5348267555236816,0.6648178100585938,0.49448269605636597,-0.5363819599151611,-1.0276390314102173,-0.767641544342041,-1.0636382102966309,0.3729518949985504,-0.5636919736862183,1.0092805624008179,-0.4691501557826996,0.8414310812950134,1.2765140533447266,-1.3929166793823242,0.054132696241140366,-0.8442836403846741,1.3874543905258179,1.2281454801559448,-0.386004239320755,0.2912312150001526,-1.948542833328247,0.202401265501976,-0.9791962504386902,1.7115912437438965,0.0492914654314518,0.9151808619499207
-0.7686581611633301,-0.4824054539203644,1.4070212841033936,1.0257261991500854,-0.5054792761802673,-0.7255892157554626,-0.02903452329337597,0.27961239218711853,-0.7591865658760071,-0.8389753103256226,-0.2045019418001175,1.8642810583114624,0.7039898037910461,-0.5306680202484131,0.5332874655723572,0.5648537874221802,-0.6283073425292969,0.2767895460128784,-0.016106359660625458,0.22250941395759583,-0.752589762210846,-0.5747740268707275,-0.12460635602474213,-0.7629466652870178,0.12112163007259369,-0.23251082003116608,-0.29597681760787964,0.35841673612594604,-1.3153537511825562,-0.9617542028427124,-0.23457439243793488,0.22120535373687744,-0.7685061097145081,-1.9832018613815308,-0.3648080825805664,1.3404794931411743,-1.0326054096221924,-0.09361446648836136,-0.008100660517811775,2.129674196243286,-0.006161875557154417,-1.4488691091537476,0.9152953028678894,0.5332377552986145,0.22083157300949097,-1.0747486352920532,-0.711841881275177,0.7037851214408875,-0.42796993255615234,-1.1358273029327393,-1.4190789461135864,-0.06865767389535904,-0.09078936278820038,-0.5936726331710815,-1.4650280475616455,0.24593380093574524,-0.5080403685569763,0.008542324416339397,-0.7901157736778259,-0.9486685395240784,0.11320704221725464,-0.8094723224639893,0.21724092960357666
0.0005294912261888385,-0.06537429988384247,-0.4798967242240906,-0.6641197800636292,-2.045520305633545,1.7996686697006226,-0.4690837264060974,-1.9177676439285278,1.090146780014038,0.04407622292637825,0.2587674856185913,0.8743943572044373,0.605061411857605,0.6063085794448853,1.1754509210586548,-0.2521095871925354,-0.003804402193054557,-0.5874077677726746,-1.2993097305297852,0.6944450736045837,-0.5527998805046082,-0.10388631373643875,0.40464356541633606,0.575786828994751,-1.0743499994277954,1.464697003364563,-0.020350296050310135,1.2591512203216553,0.18186543881893158,1.1609134674072266,0.05989667773246765,-1.6130156517028809,0.6951718926429749,2.0777578353881836,-1.3305546045303345,0.4976407587528229,-0.6471776962280273,-0.3642873167991638,0.6622048020362854,-0.5535441040992737,-0.7653617262840271,-0.5265079736709595,0.3334347903728485,0.05158120393753052,-1.1141986846923828,0.6829404234886169,1.0565356016159058,0.25155124068260193,-0.3093218207359314,-0.5499973297119141,0.34782835841178894,-1.5167540311813354,-2.0665571689605713,-0.2054091840982437,1.6234577894210815,-1.633395791053772,1.072606086730957,-1.6853755712509155,-1.0729724168777466,-0.09584369510412216,0.8587985634803772,-0.18026567995548248,-0.9120254516601562
0.22628287971019745,0.47257357835769653,-0.9610802531242371,-1.3893171548843384,-0.4695817530155182,1.5453485250473022,-0.949769914150238,-0.3533206880092621,-0.6524374485015869,1.9089962244033813,-1.6822415590286255,-1.152086853981018,-0.19885893166065216,-0.1910845935344696,0.819397509098053,1.0855213403701782,-0.7066248655319214,-0.6917323470115662,1.906144380569458,0.15096381306648254,1.0483766794204712,-0.34349972009658813,0.7152507901191711,-0.7623975872993469,0.34831392765045166,-0.8157219886779785,0.2065894603729248,-1.211007833480835,-0.44648277759552,-0.2486150711774826,0.3087482154369354,-0.43257611989974976,-0.12610094249248505,-0.31191545724868774,-0.6664023995399475,-0.872606635093689,1.3491476774215698,0.719420850276947,1.1533595323562622,1.2039954662322998,0.31672918796539307,0.038895610719919205,-0.8140445351600647,-0.7729907631874084,0.5633049011230469,1.9678819179534912,-0.3829222619533539,0.24863509833812714,1.1881519556045532,-0.13722051680088043,2.8463871479034424,-2.7401885986328125,-0.6738376021385193,0.39470961689949036,1.3668739795684814,-0.5729273557662964,1.9571000337600708,-0.08151338249444962,2.071840524673462,0.34888631105422974,-1.6741195917129517,1.0993916988372803,-1.7610931396484375
-0.9275018572807312,0.8110954761505127,1.1982840299606323,-0.01076486799865961,1.245742917060852,0.20531828701496124,0.6591408848762512,-1.1270989179611206,0.23444661498069763,0.09892231225967407,-0.5933489203453064,0.7978542447090149,1.120121717453003,0.7006029486656189,-1.3013416528701782,1.0353138446807861,0.17250359058380127,-0.10317205637693405,-0.4316769540309906,0.31834152340888977,0.07022948563098907,0.4777505099773407,-0.5186883211135864,-0.13833770155906677,-0.8874172568321228,0.8779946565628052,-0.5322895050048828,0.4334545135498047,0.8607524037361145,0.5939925312995911,0.03927096724510193,-0.3121597468852997,-0.5422700047492981,-0.2343987077474594,-1.269769310951233,0.7523766160011292,0.9952408075332642,0.7484697103500366,-0.8561250567436218,0.10597722232341766,-1.1964377164840698,-0.2267959862947464,0.8756344318389893,0.7966873049736023,-1.0160733461380005,-0.4444431662559509,-0.9674610495567322,1.1176114082336426,-0.36982259154319763,0.47067520022392273,-0.22340275347232819,0.17189468443393707,-0.06710323691368103,0.27784138917922974,0.931253969669342,-0.10586397349834442,0.6983295679092407,0.8363654017448425,0.13082407414913177,1.1910542249679565,1.1074789762496948,-2.27056622505188,-1.7086753845214844

Slice 25
-0.45868054032325745,-0.17671088874340057,1.075419306755066,1.466989278793335,0.8957425355911255,0.09445550292730331,1.049052357673645,-0.29504120349884033,0.1152297854423523,-1.1928483247756958,-1.1887397766113281,0.11760704219341278,-1.755535364151001,0.9256929159164429,-1.1522361040115356,-0.6574618220329285,-1.1982582807540894,2.190035343170166,0.08104348182678223,-0.3332430124282837,-1.9963065385818481,-0.8484436869621277,-1.6592016220092773,-0.4198565185070038,0.19680950045585632,1.0845108032226562,1.5279045104980469,-0.26703330874443054,1.9486526250839233,-1.2548331022262573,1.4418559074401855,0.1956946849822998,0.36876407265663147,0.5500040650367737,-0.8888061046600342,-1.6081607341766357,0.7535291910171509,-0.8887885212898254,-0.29121720790863037,-0.03072272427380085,-1.1002439260482788,-0.8539711236953735,-1.2646183967590332,-0.31937041878700256,-0.6316494345664978,0.4231555163860321,0.4619773030281067,0.6694146990776062,0.14996612071990967,1.5492841005325317,-0.7907376289367676,0.4853030741214752,-0.2393343299627304,1.0921814441680908,-1.2481920719146729,-0.25451499223709106,0.8746119141578674,0.16874273121356964,0.5391595959663391,0.9450323581695557,-0.5170798301696777,-0.08918576687574387,0.5197337865829468
0.6414684653282166,-1.6294288635253906,0.5368693470954895,-0.6718632578849792,-1.5162423849105835,-0.20785628259181976,-0.2026006132364273,2.070103406906128,0.7038718461990356,0.8233006000518799,-1.8362804651260376,1.1597403287887573,-0.29357290267944336,-1.2360285520553589,1.9873902797698975,1.4063701629638672,-1.092088222503662,-0.746770977973938,0.6993740797042847,0.10998250544071198,0.704879879951477,0.9221389293670654,0.8041447401046753,-0.8772487640380859,0.5079408288002014,-1.2109460830688477,1.0263770818710327,0.05604422464966774,0.517984926700592,1.2886312007904053,0.6709845662117004,-0.7006957530975342,1.1492304801940918,0.7356896996498108,0.3742595911026001,-1.1575608253479004,1.3817521333694458,2.0118250846862793,0.6713536381721497,0.3510202169418335,0.19066311419010162,-0.7753307223320007,-1.0182772874832153,-0.49298056960105896,0.09980813413858414,0.7294536232948303,-0.3206285834312439,0.1468048244714737,-0.4386235773563385,-0.35657352209091187,0.032153043895959854,-1.338342547416687,-0.22626559436321259,-0.6918780207633972,-0.5874918699264526,1.2779555320739746,0.09090506285429001,-0.4298113286495209,-1.9679913520812988,0.1436501145362854,0.08266054838895798,-0.7567018866539001,0.19848400354385376
1.4842429161071777,0.3516150116920471,0.16788770258426666,0.21403487026691437,-1.2366867065429688,0.9773693084716797,0.1733522266149521,0.11868655681610107,1.1852920055389404,-1.1906646490097046,1.6278250217437744,1.2447750568389893,0.18680335581302643,1.0046570301055908,-1.1607391834259033,-0.6484272480010986,1.046981692314148,-0.15796224772930145,-1.2309021949768066,0.07796171307563782,-0.2780877947807312,0.032412704080343246,0.08473700284957886,0.5232035517692566,1.0098876953125,-0.6061097383499146,0.16000916063785553,-0.10220605134963989,-1.2722070217132568,-0.6808844208717346,-0.9754101037979126,-2.2633883953094482,-0.10384344309568405,-0.14164486527442932,-1.3517930507659912,-1.3481998443603516,0.03186294436454773,-0.14521169662475586,0.7986469864845276,0.5228761434555054,-0.6001167893409729,-0.7832465171813965,-0.4087896943092346,1.2495818138122559,-0.6663734912872314,0.0923566073179245,-0.7803860306739807,0.6930011510848999,-0.4250171184539795,0.33470869064331055,-0.18245479464530945,1.448671579360962,0.4360988438129425,-0.08432071655988693,-1.0036698579788208,-0.7822843194007874,0.4818156957626343,0.25182682275772095,0.9416248202323914,0.2801118493080139,1.8335119485855103,0.36451229453086853,-2.156735420227051
0.6185241937637329,-0.587787926197052,-1.0064209699630737,0.3378077447414398,-0.6511024832725525,0.03504720330238342,0.6170980334281921,1.4420512914657593,2.2522127628326416,-0.505950391292572,1.775298833847046,0.8608459234237671,-0.9643927216529846,0.46909835934638977,-0.20746830105781555,0.37985244393348694,0.9298802614212036,-0.17086288332939148,1.3462167978286743,-0.8824067115783691,0.5238482356071472,1.2270725965499878,-0.20704858005046844,0.5845409631729126,1.5989683866500854,0.6526932120323181,-0.7709674835205078,-1.314888596534729,-0.49721288681030273,0.07214269042015076,-0.8303265571594238,-0.06456504017114639,0.2873190641403198,-0.31613099575042725,0.2674100399017334,-0.43587610125541687,0.29234904050827026,1.8676811456680298,1.871572494506836,0.11957308650016785,0.8030401468276978,-0.29945260286331177,0.6547953486442566,0.9024069309234619,0.8298013806343079,-0.0708475336432457,-0.47032612562179565,0.24809826910495758,-0.2638086676597595,-1.6066200733184814,0.9293762445449829,0.8164210915565491,1.63735830783844,0.4039672911167145,-0.055593010038137436,2.5722248554229736,-1.5093722343444824,0.9923802614212036,1.083215594291687,-0.9940629601478577,2.123577356338501,-0.4985547959804535,0.5284254550933838
-0.7962061166763306,-0.37371623516082764,-1.2913941144943237,1.3209689855575562,0.4697924852371216,1.0283949375152588,-1.1922794580459595,-0.35096386075019836,-0.92368084192276,0.15859010815620422,-0.8871630430221558,0.282403826713562,1.7000724077224731,-0.8814802765846252,1.5519038438796997,0.3692896068096161,1.0244218111038208,-0.1256876140832901,-0.5093594193458557,-0.2214045524597168,1.579712152481079,-2.370854377746582,-0.02111462876200676,-0.5385022759437561,1.174686074256897,-0.1670469492673874,-1.296750783920288,0.7749732136726379,0.6649020314216614,-0.15423515439033508,1.248181939125061,-0.3323056995868683,-0.7368165254592896,1.9239778518676758,1.9609116315841675,2.5028035640716553,-0.1353352814912796,-0.36065006256103516,-0.658534586429596,-1.326332449913025,-1.3682408332824707,-0.07255081832408905,-0.5497019290924072,-1.1589818000793457,-1.44124174118042,0.30664825439453125,0.2300579696893692,0.5453813672065735,1.3903228044509888,-0.4721638262271881,1.032638669013977,-0.4007483124732971,0.47297772765159607,1.1251333951950073,-0.6273533701896667,-1.2377158403396606,-0.6152689456939697,-1.1942261457443237,-1.0197380781173706,0.1311812549829483,-1.923707365989685,1.2337875366210938,0.25194382667541504
0.17367084324359894,1.0689213275909424,1.1776134967803955,0.3811705708503723,1.071183443069458,0.8537282943725586,0.1853075623512268,0.8656913042068481,1.0179179906845093,0.3346679210662842,-0.4067757725715637,-0.5529800653457642,0.9903926849365234,-0.529008686542511,0.31989604234695435,0.7850993871688843,-1.1670664548873901,1.281801700592041,0.3845057487487793,-0.11193627119064331,0.8965969085693359,0.05059780925512314,0.7959745526313782,1.7096214294433594,-0.16558685898780823,-0.9940550327301025,1.0405193567276,0.07668841630220413,-0.8803679943084717,-0.5060858130455017,-0.823443591594696,-0.42793041467666626,0.44324421882629395,-1.0104483366012573,0.3760822117328644,2.1410932540893555,1.394492268562317,-0.9021312594413757,-0.6146127581596375,-0.017388904467225075,-0.8774406313896179,-0.004131882451474667,-1.105621576309204,0.9773622751235962,-0.7060390710830688,0.18198862671852112,-0.2646218538284302,-1.489839792251587,-0.9012796878814697,-0.7647541165351868,-1.431308627128601,0.21994268894195557,0.4646986722946167,-0.21024976670742035,-0.07877329736948013,0.03308857977390289,-0.7466888427734375,0.28138819336891174,-0.19790714979171753,0.9795944094657898,-0.18697206676006317,-1.4475898742675781,1.0345447063446045
1.8595963716506958,-0.8921300172805786,-0.6281117796897888,1.4086323976516724,1.8681378364562988,-0.38206520676612854,-0.11517355591058731,1.250585913658142,0.5111803412437439,1.03615403175354,-0.6096128225326538,-0.031123610213398933,1.3913835287094116,-0.04760275036096573,0.6578359603881836,-0.9019942879676819,-0.06856846809387207,0.4561074376106262,-1.4157613515853882,1.9472122192382812,0.7306434512138367,-2.7187981605529785,1.39504873752594,-0.9056356549263,-0.47488489747047424,2.19657301902771,-1.0900344848632812,1.9430248737335205,0.6283347010612488,-0.5320720672607422,0.025746425613760948,-0.6267374157905579,-1.4107906818389893,0.024261735379695892,-1.0493443012237549,-0.6218712329864502,0.06385308504104614,-1.1887385845184326,-0.71764075756073,-1.4232534170150757,0.3600766360759735,-1.2021104097366333,-1.6825820207595825,1.651281476020813,0.4414397180080414,-0.614766001701355,-0.7056029438972473,-0.22156044840812683,-0.6585811376571655,-0.6666833162307739,-0.6702582240104675,0.6724056005477905,0.9970110058784485,0.7747490406036377,1.154660940170288,0.5353910326957703,-0.5284278988838196,0.2028653621673584,0.7606825828552246,-0.022892124950885773,-0.0725884884595871,0.7158351540565491,-0.5396974682807922
-1.3243407011032104,1.076615571975708,1.5056991577148438,0.8350249528884888,-1.6742421388626099,2.242779493331909,1.7776623964309692,-0.5252158045768738,1.4319144487380981,0.3604486584663391,-0.18882203102111816,0.17810571193695068,-0.658288300037384,1.5469067096710205,-0.19620096683502197,-1.6283825635910034,0.5334891676902771,-0.48044025897979736,-0.6630139946937561,-1.6638485193252563,1.6646392345428467,0.043984461575746536,-1.8673532009124756,0.8444444537162781,-1.6690425872802734,0.5108632445335388,2.1049187183380127,-1.9344589710235596,0.11289214342832565,-1.6312775611877441,-0.03596968576312065,-0.7185348868370056,0.11400282382965088,0.9683780670166016,1.6406025886535645,-0.5826534032821655,1.6375144720077515,-0.37975141406059265,-0.6278161406517029,-0.3452567160129547,-0.5631576180458069,0.08588205277919769,-0.023607606068253517,-1.533385157585144,0.5788319706916809,-1.8579206466674805,-1.794023871421814,-1.10067880153656,0.3344344198703766,-0.6024079322814941,-0.4680909216403961,1.3265172243118286,1.6566911935806274,0.9285621047019958,-0.6556016206741333,0.4873359501361847,0.21379801630973816,1.875415563583374,-0.6848465204238892,0.5233362913131714,0.411342591047287,0.5010975003242493,-0.6228444576263428
-0.3089085817337036,-0.21452637016773224,0.6494661569595337,-0.6979366540908813,-0.9911902546882629,1.4437897205352783,-1.6564345359802246,-0.3705620765686035,-0.5258287191390991,-0.5444347262382507,-0.7222715616226196,-0.7326024174690247,-1.5242915153503418,0.20653431117534637,0.44140955805778503,0.9238309264183044,0.86428302526474,0.7734683156013489,-0.6149214506149292,0.28094080090522766,0.5602121353149414,-0.6855841875076294,0.936469316482544,1.050113558769226,-1.0409700870513916,-1.2780207395553589,0.9112126231193542,-0.5185036063194275,-0.9533159732818604,0.5940796136856079,-1.4111788272857666,-1.1489243507385254,0.9067221879959106,-0.753341555595398,0.25992250442504883,-0.44056108593940735,0.2392374724149704,1.9134773015975952,1.4330763816833496,0.01770157366991043,0.6419441103935242,2.2847695350646973,0.9081903696060181,0.23872898519039154,0.005929821636527777,0.5308219790458679,0.4720574617385864,0.9281742572784424,1.8051468133926392,1.2388461828231812,0.4526425004005432,-0.5680105686187744,-0.3089897632598877,-0.08793537318706512,0.2152225822210312,0.643891453742981,0.9583760499954224,0.6602259278297424,-0.8009980320930481,-0.323872834444046,1.124643325805664,-1.0305503606796265,-0.7098214030265808
1.5934665203094482,-1.2909561395645142,-0.3081306517124176,-0.18163153529167175,-0.7322864532470703,0.18948616087436676,0.0707356184720993,-0.8642391562461853,1.1485391855239868,-0.9907995462417603,-0.07187049835920334,0.2644230127334595,-1.3112993240356445,-1.931488275527954,-1.2605334520339966,1.0425708293914795,-2.815700054168701,0.5252343416213989,-0.6884229779243469,1.3287091255187988,1.2670961618423462,-0.5960522294044495,0.29516032338142395,0.11835634708404541,-0.040232960134744644,-2.2993805408477783,-0.14813782274723053,1.0745763778686523,-0.39404645562171936,0.5583558678627014,0.3725863993167877,-0.3711579144001007,1.274609088897705,-0.5740207433700562,0.037040285766124725,-1.9057632684707642,0.437610000371933,0.020638521760702133,1.1057268381118774,1.2071512937545776,1.2159762382507324,-0.6280521750450134,0.7840235233306885,-0.30140531063079834,1.6957539319992065,1.4568684101104736,0.8261336088180542,-0.30989840626716614,1.2795464992523193,1.1890584230422974,-0.21829624474048615,0.49516648054122925,0.18627791106700897,0.6643880605697632,-0.9668043255805969,-0.14034660160541534,-0.10487592965364456,-0.4968653619289398,-0.26889920234680176,0.611638605594635,-0.8084765672683716,0.31079551577568054,-1.1875386238098145

Slice 26
-0.8671435117721558,-2.066417932510376,-0.2819574773311615,1.7865309715270996,-0.9489088654518127,-0.17299523949623108,1.2502249479293823,0.046686265617609024,-1.0587888956069946,-1.307862639427185,0.03227446973323822,1.5227739810943604,1.115338921546936,-0.011272944509983063,0.18470881879329681,0.41612040996551514,-2.280984878540039,0.657674252986908,0.1386716216802597,0.2444991022348404,0.46672871708869934,0.12241771072149277,-0.661374568939209,1.8487870693206787,-0.3111419379711151,-0.08044751733541489,-1.687211036682129,-1.1290686130523682,0.4439212679862976,0.4833543598651886,-0.3340570330619812,0.08308147639036179,-0.27423328161239624,0.363442987203598,0.8155267834663391,0.086976058781147,1.0731706619262695,-0.09022141993045807,-1.0737961530685425,-0.9789397120475769,0.8732051253318787,-1.5802937746047974,-0.10346506536006927,-0.524707019329071,0.7641791105270386,-0.24217520654201508,-0.44666776061058044,-0.5181150436401367,0.6418824195861816,0.9266303777694702,1.2655071020126343,-1.6035702228546143,0.03784343600273132,-0.8383031487464905,-1.0231503248214722,-0.6800357699394226,-0.2058263123035431,-0.9101908802986145,-0.4037454128265381,-1.0763150453567505,0.1604318469762802,-2.468858003616333,0.8170403242111206
-0.8238956332206726,-0.06203313544392586,-1.2598594427108765,0.9112392067909241,1.7760283946990967,0.1384553164243698,-1.6889277696609497,-1.2087129354476929,-0.575689971446991,0.9999995827674866,1.0969898700714111,-0.3253119885921478,-1.105883240699768,-1.4327964782714844,0.6009330153465271,-0.37854793667793274,-0.4242752492427826,-0.39927220344543457,-0.13460810482501984,0.6400907635688782,1.1400797367095947,-1.2486001253128052,-0.9088457822799683,0.7727823853492737,0.7456778287887573,0.1929466873407364,0.08978539705276489,0.35746505856513977,0.5920193791389465,1.3708256483078003,1.3065450191497803,-1.2537184953689575,0.8122765421867371,-1.0999835729599,0.24692073464393616,0.1793178915977478,0.7698030471801758,0.6483862996101379,1.2681933641433716,0.47221460938453674,-0.051053352653980255,0.8334962725639343,-0.126519113779068,-1.5017614364624023,0.837541937828064,-0.1847793608903885,-0.5385894179344177,0.7812891602516174,-1.1554585695266724,-0.012129727751016617,0.8288053870201111,0.17075645923614502,1.8446162939071655,-0.8013941645622253,-0.6098881959915161,0.7079916000366211,-0.7830346822738647,1.465464472770691,-0.49075475335121155,1.0346260070800781,0.4625305235385895,1.3289151191711426,-0.8171991109848022
1.0846400260925293,-0.3216271996498108,-1.024382472038269,-0.6050000190734863,-0.042689818888902664,-0.6831620335578918,2.8167946338653564,-2.0135748386383057,0.22508877515792847,1.011164665222168,-0.8320740461349487,-0.26085782051086426,-0.9665091633796692,0.27451759576797485,-0.2512967884540558,3.018312931060791,-0.1378496289253235,0.7936406135559082,-1.2843273878097534,0.9402962923049927,0.14650721848011017,-1.5758752822875977,0.3055419921875,0.7006512880325317,0.7467875480651855,-1.8459681272506714,-0.3505980670452118,0.1469474881887436,0.37023502588272095,-1.6774067878723145,1.5889220237731934,0.5335705280303955,1.5551403760910034,0.5063610672950745,-0.1849743276834488,0.29948824644088745,1.0734840631484985,-1.0424423217773438,-0.722885251045227,-1.3144701719284058,-2.724198341369629,0.22975730895996094,1.9839352369308472,-0.42809078097343445,-0.7097612619400024,0.06514393538236618,1.0530463457107544,0.49062439799308777,0.4912663698196411,0.350359708070755,0.24606628715991974,0.5794312953948975,-0.6813685297966003,0.9006362557411194,-0.48529672622680664,-0.8266105055809021,0.27260011434555054,-1.418743371963501,-1.4604464769363403,1.4954255819320679,0.5005254149436951,-0.15520112216472626,-0.31185850501060486
-0.4694073498249054,-1.174721360206604,0.2729603946208954,1.3799594640731812,-0.2521671652793884,-1.1806280612945557,-0.7017186880111694,-0.17137151956558228,0.36932963132858276,0.22776611149311066,-0.4313947260379791,1.959511637687683,-0.2159816324710846,-0.6028376221656799,-0.1575649529695511,-0.4623965919017792,1.1544615030288696,0.6650183200836182,-0.15119104087352753,0.865958571434021,0.35188034176826477,-1.1261759996414185,1.7568655014038086,0.8419736623764038,-0.578819215297699,-0.3598509132862091,0.4600224494934082,0.5650588870048523,-0.3306424021720886,-0.13670365512371063,-1.3121132850646973,0.4336850643157959,0.11391960829496384,1.4706915616989136,-0.31379956007003784,1.8040887117385864,-0.22537122666835785,0.9838632941246033,1.0039082765579224,-0.7671907544136047,-0.13491152226924896,-0.6604447364807129,-0.8570302128791809,0.8866791129112244,0.325204461812973,1.2519543170928955,1.2497107982635498,1.8063100576400757,-1.423186182975769,0.06579797714948654,1.086410403251648,-0.07809913903474808,1.0875248908996582,-0.48654720187187195,0.9855336546897888,-0.6237923502922058,0.6476954221725464,-1.27018141746521,0.7787870168685913,-0.030344266444444656,-0.33342328667640686,-1.7893542051315308,0.1717107594013214
1.4384573698043823,0.34960007667541504,1.6691666841506958,-1.444985270500183,1.4627882242202759,0.6360555291175842,-0.6352789402008057,1.532278060913086,-1.2880223989486694,-1.1536561250686646,1.3060628175735474,0.35261070728302,-0.6750634908676147,0.6779277920722961,-0.45524901151657104,-0.34053105115890503,0.4666641056537628,-1.413124918937683,0.8152378797531128,-0.4458606243133545,-0.25060999393463135,-1.2314404249191284,1.892561435699463,0.4105108678340912,0.429898202419281,1.1374170780181885,0.017068127170205116,0.9265285134315491,-0.46564435958862305,0.8698766231536865,-0.8340288996696472,1.9806395769119263,0.843737006187439,0.026777910068631172,0.39670124650001526,0.2858017683029175,0.05825672671198845,0.8201003670692444,-0.14190241694450378,1.096116304397583,0.7597817778587341,-1.0313009023666382,0.07120432704687119,0.7340211272239685,-0.47903943061828613,0.7328398823738098,1.219184160232544,0.4469657242298126,0.31440308690071106,-0.2116922289133072,-1.124393343925476,1.841089129447937,1.1136120557785034,0.8346538543701172,0.8247311115264893,0.590017557144165,0.928956151008606,-1.453319787979126,1.132476806640625,1.0336703062057495,0.027274375781416893,0.5530819296836853,-0.6365090608596802
0.374382346868515,0.9435818195343018,0.11559121310710907,-1.60984206199646,-0.1454152762889862,0.9466261863708496,-0.1851274073123932,-0.49705469608306885,1.536352276802063,-0.49038612842559814,-0.7803658843040466,-0.4643566906452179,-0.8945270776748657,0.8434242010116577,-0.39799487590789795,0.7142360806465149,-0.36251962184906006,1.1927741765975952,1.043464183807373,0.9162850975990295,-1.716456413269043,-1.4589083194732666,1.244874358177185,-0.3099218010902405,0.2100013792514801,-0.01141436118632555,0.4294552803039551,1.86577570438385,-0.8842757940292358,-0.969209611415863,-0.0635724663734436,1.1939319372177124,-1.3446455001831055,0.26149222254753113,-0.47493258118629456,-0.11276529729366302,-0.6211122870445251,1.1845002174377441,-0.8851151466369629,0.9744517803192139,-0.2347070276737213,1.4659383296966553,-0.40731003880500793,0.8064298629760742,0.819359302520752,-0.4856167733669281,1.7690942287445068,-0.19909261167049408,-0.43732503056526184,-0.1825568974018097,-0.09961463510990143,0.6844836473464966,0.14787176251411438,-0.996390700340271,0.8243518471717834,-0.43277859687805176,-0.06602732837200165,-0.20988880097866058,1.26248300075531,-0.9797735810279846,-0.36551931500434875,1.0783324241638184,-1.5456392765045166
0.6968026757240295,-0.9647611975669861,-0.6171895265579224,-0.4269821047782898,-0.6777021884918213,-1.8637726306915283,0.2202008068561554,-0.9909310936927795,0.6910309195518494,-1.368241786956787,0.10014928877353668,-0.2813113331794739,1.7612323760986328,-0.30991798639297485,1.6856757402420044,0.7977506518363953,-0.8850235939025879,1.05924654006958,-0.5449920892715454,0.8078428506851196,-0.9951043128967285,-1.3145614862442017,-0.19428978860378265,0.08216438442468643,0.33358532190322876,-0.4727630019187927,0.8080630898475647,-1.1526426076889038,-2.0751378536224365,0.43053245544433594,1.0871944427490234,-0.30574339628219604,0.22226887941360474,-0.09951787441968918,-1.3388638496398926,-0.7359635829925537,-0.5484525561332703,-0.15062350034713745,-0.9528306126594543,-1.2406567335128784,0.22025075554847717,0.04896038770675659,0.6421088576316833,-0.6725257039070129,0.5097252130508423,1.2904318571090698,1.489480972290039,0.2992900013923645,-0.4532564878463745,-0.39976370334625244,0.7605485320091248,0.3482360541820526,-0.2948777973651886,0.9915508031845093,-0.06767399609088898,0.7827801704406738,-0.05484534800052643,1.4318901300430298,0.5471742153167725,0.29007479548454285,1.3312727212905884,-0.6532212495803833,-0.572742760181427
0.7785289287567139,0.05305173248052597,0.12625321745872498,2.4660544395446777,-2.4388809204101562,0.847778856754303,0.2043565809726715,0.6465753316879272,0.8051846623420715,-0.5120378732681274,-1.9714001417160034,0.9869869351387024,1.3651202917099,0.9875081777572632,0.5483425259590149,-0.5122517347335815,0.9283021092414856,1.625893235206604,0.982912003993988,1.5925670862197876,-1.0639339685440063,-0.992192804813385,1.0419957637786865,-0.5837311744689941,0.032143671065568924,0.02151179127395153,-0.9830705523490906,0.1981673389673233,0.25143498182296753,-1.3952395915985107,-1.2288012504577637,0.9983189702033997,0.3892771899700165,1.1123578548431396,-1.0592912435531616,0.20267969369888306,-0.6983374953269958,0.6127053499221802,1.7437951564788818,0.4839436709880829,-0.23632372915744781,1.0565125942230225,0.31000784039497375,2.0187458992004395,0.025526002049446106,0.9423453211784363,1.0959876775741577,1.3606332540512085,0.4511619210243225,-0.013870934024453163,-1.2669563293457031,0.46974679827690125,-0.24205084145069122,-0.253624826669693,1.2628363370895386,-0.5718908309936523,1.9416985511779785,-0.25480955839157104,2.327160596847534,0.411766916513443,0.7093162536621094,-0.8590993881225586,-0.6291734576225281
-1.825066089630127,-2.765998363494873,-0.00776968989521265,1.7359540462493896,-0.9624434113502502,0.06644395738840103,-0.8132386803627014,0.14419588446617126,-0.3031418025493622,1.7044799327850342,0.21401181817054749,-0.43596428632736206,-0.7446338534355164,1.0210156440734863,-0.6490492820739746,-0.6161831021308899,-1.4227395057678223,-0.6207390427589417,-0.2690489888191223,-0.639579713344574,1.0411287546157837,2.052527904510498,0.6209454536437988,-0.3334198296070099,1.026776909828186,-2.043935775756836,-1.5134217739105225,0.8250107169151306,1.9589853286743164,0.2222866714000702,-1.7897686958312988,-0.16289487481117249,-0.0008562564617022872,2.292038917541504,0.17142866551876068,0.16790331900119781,0.2751942276954651,-0.5821245908737183,1.2211966514587402,-2.0651307106018066,2.093367099761963,-2.1812784671783447,0.4856882691383362,0.547835648059845,-1.0198971033096313,1.0178061723709106,0.30346888303756714,0.166044682264328,1.5667370557785034,0.802932620048523,-0.7535569071769714,-1.8738698959350586,0.31495267152786255,-1.7532232999801636,1.800220012664795,-1.1242326498031616,-1.7600915431976318,-1.259464144706726,-1.0608218908309937,1.3407096862792969,1.5264642238616943,0.6689784526824951,1.44826078414917
-0.197021946310997,-0.3326551020145416,0.9165459275245667,-0.3285166621208191,0.10725406557321548,-0.2723548412322998,0.0028179206419736147,0.6582633852958679,0.3832800090312958,-0.9492274522781372,-0.21878111362457275,1.0182234048843384,-0.26196494698524475,0.6875468492507935,0.08729594200849533,0.431303471326828,-0.8645133972167969,0.4728650450706482,0.8185222148895264,0.7334027886390686,-0.8631500005722046,0.3332729935646057,0.7595680952072144,-0.9921607375144958,-1.5340924263000488,0.20295053720474243,0.33171015977859497,0.21649838984012604,-0.8970975279808044,0.10830044746398926,1.1272345781326294,1.8523662090301514,1.3660202026367188,-0.19396190345287323,0.7467408776283264,-1.4086613655090332,-0.751221239566803,0.992597758769989,-0.6929159164428711,-1.2425799369812012,-0.6602418422698975,0.6458512544631958,-0.1643976867198944,-0.20144131779670715,-1.2282100915908813,-0.14526541531085968,-0.4455048143863678,0.32267484068870544,0.625274658203125,-0.8753979802131653,0.6271451711654663,0.5969840288162231,0.8978665471076965,-0.42389580607414246,-0.8815963864326477,-0.9506429433822632,0.14964023232460022,0.3630357086658478,-1.0542218685150146,-0.6192139983177185,-0.6225872039794922,-1.0185983180999756,0.9789586067199707

Slice 27
-0.16306711733341217,-1.2129876613616943,2.2116873264312744,2.225487470626831,0.0021328977309167385,0.8922364711761475,-0.6118401288986206,-0.6999276876449585,-0.979414701461792,-0.1643148809671402,-0.11621012538671494,0.040665656328201294,-1.4300892353057861,0.4301427900791168,-1.5543107986450195,-1.5937955379486084,-0.7502982020378113,-0.17601117491722107,-0.9771354794502258,-0.25894346833229065,0.05567864701151848,-1.2990927696228027,-0.28495311737060547,-0.06876938790082932,-0.40591540932655334,-0.5415136814117432,-1.1560134887695312,-0.991204559803009,-2.1419425010681152,0.1889958679676056,0.27762171626091003,1.7169735431671143,0.013236047700047493,-0.1975070834159851,-1.6104360818862915,-1.5885452032089233,2.1168668270111084,-0.05611779913306236,1.846221923828125,1.594832181930542,0.23584234714508057,0.3251469135284424,1.0878626108169556,3.14078688621521,-1.3096588850021362,-0.4987797141075134,2.0155258178710938,-1.1703847646713257,0.462728351354599,2.343888998031616,-2.4029476642608643,1.4985564947128296,-0.2068922221660614,-0.09410633146762848,2.163137674331665,0.6755192279815674,1.055833101272583,-0.42042019963264465,0.8025404214859009,-1.2408519983291626,1.1210697889328003,0.3140857219696045,1.320630431175232
0.11787731945514679,-1.8521846532821655,-0.014329440891742706,0.02979806438088417,-0.6776552796363831,-0.9299750328063965,-0.3123131990432739,1.318644642829895,-0.4942217767238617,0.8240254521369934,1.483626365661621,0.9226770401000977,1.0021766424179077,-0.04036005958914757,-1.479941725730896,1.2862732410430908,0.6804012060165405,1.9512920379638672,-0.0057032001204788685,-0.33588284254074097,1.334641933441162,0.7034333944320679,-1.2353317737579346,1.0801893472671509,0.03090609423816204,-1.6477445363998413,0.3693283200263977,0.7693873643875122,-1.7625548839569092,1.080993890762329,0.43755465745925903,0.16160281002521515,0.4432896375656128,1.3602029085159302,-0.63364177942276,0.6616403460502625,-0.3189859390258789,1.0358589887619019,-0.3801971673965454,0.5842964053153992,0.2501303255558014,-1.3359427452087402,0.13296818733215332,-0.9146901965141296,-0.2535952031612396,-1.0013490915298462,0.6050875782966614,-0.6540405750274658,0.4466836154460907,0.3587474226951599,-1.1180754899978638,-0.48907211422920227,-0.7950412034988403,-1.1650162935256958,0.3527098000049591,-0.8300248980522156,0.38926979899406433,-1.2690155506134033,1.197590708732605,-0.7190329432487488,-1.1404354572296143,-1.1455031633377075,1.2770081758499146
-1.6211838722229004,1.891126275062561,1.2656935453414917,0.47760581970214844,0.44992759823799133,-0.4190715253353119,-1.0449435710906982,0.4677770733833313,-0.9513929486274719,0.27299413084983826,-0.2969212532043457,1.0599942207336426,-1.1001039743423462,-1.677420735359192,-1.6752303838729858,-0.4518820345401764,-1.9707777500152588,-0.7927867770195007,-1.5876545906066895,-0.7945616245269775,-1.953581690788269,-1.8330376148223877,-0.6759265065193176,-1.293026089668274,0.12704922258853912,0.6301286816596985,-1.2185814380645752,2.3820719718933105,0.7864099740982056,-0.6123406887054443,1.757717490196228,0.9499894976615906,-0.26892709732055664,0.6886682510375977,0.497803658246994,0.9311664700508118,0.09806876629590988,-0.5138190388679504,0.19194956123828888,-0.10105471312999725,0.11857136338949203,-1.3885992765426636,0.10975900292396545,0.47310543060302734,0.7882528305053711,-2.115662097930908,-1.1662263870239258,0.4084990322589874,0.8112483620643616,0.34652912616729736,1.4562618732452393,0.3902110159397125,0.8974533677101135,1.6737699508666992,-0.715149462223053,0.6972067356109619,0.42922326922416687,-0.5604294538497925,0.08008449524641037,-0.22239618003368378,1.4167637825012207,-0.33319368958473206,0.6932731866836548
0.8794456720352173,-0.5958662629127502,-0.7123044729232788,0.5679093599319458,-0.7150443196296692,-1.4903937578201294,1.1498390436172485,0.09309746325016022,0.7128698229789734,0.13645188510417938,1.665865182876587,0.02496751770377159,0.7003388404846191,-0.5994208455085754,-0.036495331674814224,-1.4763590097427368,0.7988405227661133,-0.6072157025337219,1.056653380393982,1.0708489418029785,0.24827201664447784,-2.0928006172180176,-0.27217793464660645,0.47017908096313477,1.8498480319976807,1.0316998958587646,1.5898423194885254,-1.454217553138733,0.9337828159332275,0.05122752860188484,-0.20443202555179596,-0.05108070746064186,-0.35617247223854065,-1.1974523067474365,1.493857741355896,1.5279982089996338,0.9346425533294678,1.312828779220581,0.3501375913619995,-1.8895429372787476,-0.21736040711402893,-0.9301738142967224,-0.14532440900802612,-0.4836778938770294,1.080906867980957,-0.4128885567188263,-0.9685269594192505,-0.38936084508895874,0.2077363282442093,-0.4052619934082031,-0.3923870325088501,-0.8800422549247742,1.416562795639038,1.5128389596939087,-0.6154131889343262,1.770723819732666,0.0518011674284935,-0.6130880117416382,-0.5335367321968079,-0.6837368011474609,-0.12803220748901367,0.561369776725769,0.8661738038063049
-1.3056315183639526,-0.07315177470445633,-1.6062312126159668,1.3474355936050415,0.47196581959724426,-0.7002986073493958,0.0034754935186356306,-0.5715096592903137,1.4254063367843628,-1.711330533027649,-0.7243443131446838,-1.3458613157272339,0.12826111912727356,-0.4482385218143463,-0.34289780259132385,0.32645830512046814,0.24633684754371643,0.4224732220172882,-0.16148406267166138,-1.1183948516845703,0.006223028525710106,1.138056993484497,1.5624507665634155,-0.050165075808763504,0.1363343596458435,-1.298930048942566,0.9428554177284241,-0.017140161246061325,0.7835900783538818,0.6551913619041443,0.7394872307777405,-0.4930448830127716,0.1785026490688324,0.33589476346969604,-1.0910606384277344,-1.2266498804092407,-0.1517091989517212,0.1664520800113678,0.4376324415206909,-0.7709635496139526,1.227765440940857,-0.29571473598480225,0.3138394057750702,0.33657222986221313,-1.0488275289535522,-0.8318069577217102,0.6428868770599365,1.0972261428833008,0.5953546166419983,0.552106499671936,0.03147680312395096,0.9105589985847473,1.180184245109558,0.25208887457847595,0.33229362964630127,-0.5619860291481018,0.7773505449295044,1.7311210632324219,1.8107444047927856,-0.5960745215415955,0.42450016736984253,-0.5908790826797485,-1.787460446357727
-0.5652590990066528,0.24063743650913239,0.45202165842056274,-0.42118215560913086,1.6319339275360107,-0.35440072417259216,-0.9543187022209167,-0.7477493286132812,-0.23492804169654846,0.8577215075492859,1.3635666370391846,0.24680472910404205,-1.243706464767456,-0.9846808910369873,-0.7618082761764526,3.2252376079559326,-1.0736932754516602,-0.6691230535507202,-1.319976806640625,-0.852472722530365,0.5058251619338989,0.8023772835731506,1.9235128164291382,1.0181176662445068,-0.29211190342903137,-2.1432363986968994,-1.5875108242034912,-0.6765052676200867,0.09301742166280746,-1.9430869817733765,-1.423048496246338,0.31980180740356445,-2.1502511501312256,-2.1346755027770996,-0.7989665269851685,-0.7546156048774719,-0.3384438753128052,0.9039222002029419,0.4137253165245056,0.9825952649116516,1.4646899700164795,0.5703747868537903,0.9363420009613037,-0.786141037940979,0.7389233708381653,-1.0977517366409302,-0.4791862368583679,0.6743860840797424,-0.2768738567829132,-0.14878875017166138,0.3490685224533081,-0.4274917244911194,-1.4529354572296143,-0.8753602504730225,1.1883713006973267,-0.0823732390999794,0.24838632345199585,1.4178730249404907,-1.3300079107284546,3.1075377464294434,-0.7606289386749268,-1.2070540189743042,0.09404730796813965
-1.2788896560668945,0.08586317300796509,-0.05546967685222626,-0.17479568719863892,-0.8522663712501526,-0.5454054474830627,0.3161725699901581,-0.687186062335968,2.2286479473114014,1.2138481140136719,-0.13273802399635315,0.5375312566757202,0.28106316924095154,-1.6962218284606934,-0.7553120851516724,0.36395350098609924,-0.7443859577178955,0.1957610547542572,1.1180473566055298,1.1190000772476196,0.029900819063186646,1.8858877420425415,0.31009384989738464,0.34975048899650574,-0.030612848699092865,-0.49238261580467224,-0.45975548028945923,-0.7659172415733337,0.7998416423797607,0.9603387713432312,-1.4798716306686401,-0.42992648482322693,0.3684264123439789,0.06433728337287903,-0.20412622392177582,-0.40160804986953735,1.129296064376831,-0.33047863841056824,-1.2393492460250854,-0.6617252826690674,-0.827100932598114,-1.5905035734176636,-0.7205203771591187,-0.902829110622406,-1.2423548698425293,-1.066495656967163,0.4718514680862427,1.4330341815948486,1.589104175567627,0.41878485679626465,0.5431488156318665,0.5211859941482544,0.08886490762233734,0.2604067623615265,-0.09277483075857162,0.6296007633209229,-0.23259760439395905,-0.4757266938686371,0.06911022216081619,0.6593366861343384,-1.443845510482788,0.691360592842102,2.2690296173095703
0.1501726508140564,-1.3484688997268677,1.3697450160980225,-0.7025107145309448,0.02671224996447563,-2.1899900436401367,1.2439422607421875,-2.0392518043518066,0.6387653350830078,0.9337886571884155,0.9267224669456482,0.5500648021697998,0.46401309967041016,-0.9462352991104126,-1.1754915714263916,0.7011181712150574,0.36820533871650696,-0.5618506073951721,0.7628031969070435,-0.03340180963277817,-0.5854812860488892,0.25558990240097046,-0.10168283432722092,-0.1451396495103836,1.2040003538131714,-0.11890238523483276,0.1201661080121994,0.5406768321990967,0.442661315202713,-1.3734382390975952,0.29394859075546265,1.5483372211456299,2.152919292449951,-1.289677381515503,-0.5552051663398743,0.5065553188323975,-0.48523128032684326,-1.0306181907653809,1.5985254049301147,-1.0083439350128174,0.24657203257083893,-1.598719596862793,0.25255173444747925,-0.5928832292556763,2.0271925926208496,0.03523612394928932,-1.4844878911972046,0.5503038763999939,0.8319977521896362,-0.8337425589561462,1.130037546157837,-0.8064393997192383,-0.5992743968963623,0.5530524253845215,-0.8951754570007324,-1.165462851524353,2.0713067054748535,-0.8744070529937744,0.6803352236747742,-0.913914144039154,1.0492305755615234,-1.8655567169189453,-0.2884865403175354
1.7678661346435547,0.16598846018314362,2.4278087615966797,-0.4670758843421936,-0.9302735924720764,0.700039803981781,1.4160466194152832,0.22972558438777924,-0.34417223930358887,0.7797279357910156,0.2789665460586548,1.2414942979812622,-1.6656463146209717,-0.01607506535947323,0.26765093207359314,-0.3457816541194916,2.1633057594299316,0.5061187744140625,-0.2381567806005478,0.17363786697387695,1.5009092092514038,-1.0597003698349,-0.4553227126598358,1.1730318069458008,-1.8794041872024536,0.8449843525886536,1.7455775737762451,0.23804011940956116,0.9323683977127075,-0.5325747132301331,0.32976096868515015,2.090094566345215,-0.11854705214500427,0.34324580430984497,-0.43463134765625,0.28380286693573,-1.6919924020767212,0.4804847836494446,-0.49591636657714844,0.8388334512710571,-0.9322875738143921,1.1388123035430908,-1.469788670539856,-1.0083028078079224,1.5291072130203247,0.512645959854126,-0.7540222406387329,1.4314090013504028,1.0199127197265625,-0.42508742213249207,0.5988081693649292,-0.05913306027650833,0.28461241722106934,0.4617844820022583,0.6857909560203552,-0.7237715125083923,-1.7320016622543335,-0.21444767713546753,-0.25163301825523376,-1.087268352508545,-0.2985745072364807,-0.024676278233528137,0.8509739637374878
0.4293084442615509,0.34055331349372864,-0.5168144702911377,-0.6268950700759888,0.9412201046943665,-0.848616361618042,1.1752238273620605,-0.5962939858436584,-0.3466217815876007,0.30479952692985535,1.0460803508758545,0.6935226917266846,1.8566275835037231,1.3168095350265503,-0.12607063353061676,1.2668710947036743,-1.1715036630630493,-1.1139028072357178,0.08602619171142578,1.744012713432312,-0.8330916166305542,-1.5832171440124512,-0.9515153765678406,0.5861993432044983,0.3323945701122284,-0.5406616926193237,-0.3702651262283325,-1.551306128501892,-1.1757224798202515,-0.5224795341491699,-1.502068042755127,-0.3730451762676239,0.1270914524793625,-1.2763274908065796,0.998370349407196,-0.36480340361595154,0.10833730548620224,1.569143295288086,-0.1908426582813263,-1.020477294921875,-0.8569738268852234,1.1330296993255615,-1.3813366889953613,-0.4739428758621216,-0.21704909205436707,-1.4501234292984009,1.7302509546279907,-2.1246814727783203,1.663563847541809,1.1224324703216553,-1.1657347679138184,1.6977207660675049,-1.2436800003051758,0.1246202141046524,0.35373377799987793,0.41934508085250854,-0.6082971692085266,0.46956467628479004,1.6824153661727905,-1.1731791496276855,0.8737792372703552,1.105422854423523,0.8553842306137085

Slice 28
0.4124392569065094,1.3811030387878418,-0.7984736561775208,-0.4585636258125305,0.6229439973831177,-1.0954060554504395,-0.6706978678703308,0.598288893699646,-0.35639163851737976,-1.6570898294448853,0.953535795211792,-1.2217432260513306,-0.30241838097572327,1.0848814249038696,0.6946958899497986,1.4898525476455688,-0.8963761925697327,-1.0737109184265137,0.06073839217424393,-0.1755775362253189,0.43115708231925964,-0.45812296867370605,-2.735074996948242,0.6166729927062988,0.86761075258255,0.1627901792526245,0.19427838921546936,-0.7971423268318176,0.4996224045753479,-1.9718847274780273,-0.554334819316864,-1.3140850067138672,0.17520591616630554,-1.3047083616256714,1.5998814105987549,-0.5698286890983582,-0.8798588514328003,0.23663026094436646,0.27261680364608765,0.5597168803215027,-0.8150939345359802,-0.8770219683647156,1.3769478797912598,1.0582480430603027,2.103909969329834,0.3509672284126282,0.574772834777832,0.24443668127059937,-2.317829132080078,-0.4572073221206665,0.5245842933654785,2.000645875930786,0.8847082853317261,0.3113548457622528,1.6268640756607056,0.1472567915916443,-1.5226467847824097,0.5654799938201904,-1.877955436706543,1.1066480875015259,-0.2727954089641571,0.9910258650779724,0.07153061032295227
0.5535018444061279,0.7986078262329102,-0.009995264932513237,1.9524883031845093,-1.5788915157318115,-1.9159131050109863,0.7303419709205627,0.8222045302391052,0.39984363317489624,-0.2551943361759186,-0.36364901065826416,-1.6459482908248901,-0.59682697057724,-0.15203170478343964,-0.8729468584060669,-0.2166939675807953,0.9819386601448059,-1.3111859560012817,0.028265614062547684,-0.28987032175064087,0.5426648259162903,-1.0866695642471313,0.5417452454566956,-1.1107312440872192,0.5107507109642029,0.05431846156716347,1.6729557514190674,0.21205876767635345,-0.7236682772636414,-0.6699151992797852,-0.13081465661525726,-0.07465097308158875,0.18964602053165436,-1.570845603942871,-0.7940170168876648,0.2887006103992462,1.4351484775543213,-1.070467233657837,1.2501132488250732,0.0728270411491394,0.34197908639907837,-0.5273925065994263,-0.35768091678619385,-0.9118367433547974,0.2526912987232208,-0.7638745307922363,-0.2941341698169708,0.40130606293678284,-0.5516819953918457,-1.063191533088684,0.734311044216156,-0.0401465967297554,-0.5522693395614624,0.9214879870414734,0.03622773289680481,0.8042179942131042,-0.4125315546989441,-1.4390008449554443,-0.05125970020890236,-1.233128309249878,0.032350800931453705,-1.1356818675994873,-0.7762116193771362
0.7846231460571289,-0.5114949941635132,-1.0071333646774292,-1.4100550413131714,1.5612506866455078,-0.6220242977142334,0.2975592315196991,-1.2486172914505005,0.8607347011566162,-1.212899088859558,0.0858970582485199,1.4253044128417969,1.3668289184570312,-1.1265225410461426,2.509185791015625,-0.38434910774230957,-0.09316715598106384,-0.9906598329544067,1.4389585256576538,1.4350618124008179,0.9794649481773376,0.30635595321655273,-0.3013705909252167,1.6429128646850586,-0.2644101083278656,-1.1162821054458618,-1.588704228401184,-0.1053304672241211,-0.9655569791793823,-0.475358784198761,0.058153197169303894,-0.3507674038410187,-1.6343291997909546,-0.863484263420105,0.14367829263210297,0.11014284938573837,-0.2735205292701721,-1.2548822164535522,0.04009966924786568,-2.6222784519195557,-0.4837678074836731,-1.0716915130615234,-1.1155282258987427,-1.3339884281158447,-0.25485607981681824,1.2038249969482422,1.6272507905960083,-1.2198985815048218,-1.3572407960891724,0.6238897442817688,-0.8233299851417542,0.10105191916227341,-0.745218813419342,-0.1633591204881668,-1.1070702075958252,-1.7730028629302979,0.7989316582679749,1.8625500202178955,-0.9432119727134705,1.72451651096344,-1.5450782775878906,0.18119361996650696,1.2146023511886597
-0.3261066973209381,0.5843411684036255,-0.0005606504273600876,0.12148726731538773,0.20026858150959015,-1.7371469736099243,-0.2589593827724457,0.10293354839086533,-1.5860363245010376,0.2010357826948166,-0.3475207984447479,0.43828967213630676,-0.3373066484928131,0.7111976742744446,2.179088830947876,0.13525812327861786,-0.955172598361969,-1.608953595161438,-0.7348583340644836,-1.3479024171829224,0.13640479743480682,1.1661030054092407,-0.36075565218925476,1.2236310243606567,-1.76873779296875,1.6990934610366821,-0.7380000352859497,-0.6617997288703918,-0.6667746305465698,-1.0855709314346313,-0.1910453885793686,-0.13087406754493713,0.8997448086738586,-1.4767320156097412,-0.3104131519794464,-2.005625009536743,-0.9835965633392334,-0.11374103277921677,-0.9655889272689819,-0.6378358602523804,-0.5234854817390442,-1.6393591165542603,-0.8017315864562988,0.3037419617176056,-0.16527771949768066,-0.22467461228370667,0.0027389719616621733,-0.726773738861084,-0.32647570967674255,-1.6653977632522583,0.041555505245923996,-0.5986915826797485,1.2256882190704346,1.268423080444336,1.3471271991729736,-0.6120172739028931,0.2943926155567169,0.11845900863409042,0.18626359105110168,1.18718421459198,1.251079797744751,0.20773997902870178,0.26197144389152527
1.4458152055740356,-0.9217414855957031,1.5758188962936401,-0.4165630638599396,-0.14505234360694885,-1.7120578289031982,-0.1531323790550232,-0.0694790780544281,-0.11650222539901733,1.9501668214797974,0.44934484362602234,-0.38114404678344727,-0.3275916576385498,0.48375794291496277,-0.6555700302124023,1.2546359300613403,0.4495522081851959,-1.0727277994155884,0.004439349751919508,0.5789540410041809,-0.9440628886222839,0.4282647371292114,-1.2847212553024292,-0.519174337387085,-0.39954403042793274,0.10169636458158493,0.21289755403995514,0.42090240120887756,1.9536036252975464,-0.5128214955329895,1.1371963024139404,-0.1528407782316208,1.0203869342803955,-1.8923141956329346,-0.8357173204421997,-0.9872429370880127,-0.9561436176300049,-1.073065996170044,0.985476553440094,-0.7320693731307983,-0.1927572637796402,-1.3106944561004639,1.0195765495300293,-0.31588122248649597,-0.34523558616638184,1.259689450263977,1.9168543815612793,0.6322301030158997,-0.7356605529785156,0.340053528547287,-1.7446843385696411,-0.5947706699371338,-1.9990438222885132,0.6542718410491943,-0.3087586462497711,-0.1423579901456833,-2.838494300842285,-0.3191906809806824,0.19212666153907776,0.14320503175258636,-0.5856833457946777,0.06066466495394707,-0.18760806322097778
0.7285889387130737,-0.4149882197380066,0.4261660575866699,-0.35261106491088867,1.808775544166565,0.13799497485160828,-0.13386943936347961,-0.6764248013496399,-0.4257415533065796,-0.3157345950603485,-0.008954455144703388,0.6172966957092285,1.0401846170425415,0.34013402462005615,-1.6084529161453247,0.6141979694366455,-0.7604519724845886,-1.2192388772964478,-0.08001803606748581,-0.19250871241092682,-2.009279727935791,-1.7902199029922485,-0.1472369283437729,-1.4845727682113647,-0.30680564045906067,0.6450526714324951,-0.49143028259277344,-2.0396203994750977,-0.20043450593948364,0.14810362458229065,0.04645249992609024,-0.6219510436058044,0.1960693746805191,-0.3815641701221466,0.09766415506601334,-0.8839932084083557,-0.7662864923477173,-0.44990280270576477,-0.8336148262023926,-0.5943869948387146,-1.7371450662612915,-0.9387314915657043,0.44505178928375244,0.22272953391075134,0.6902251839637756,-1.6989763975143433,1.4230319261550903,-0.4641802906990051,0.7871862053871155,0.6943269968032837,-0.7760027050971985,1.1903131008148193,-1.0942531824111938,0.3784478008747101,-0.03010552190244198,-0.256000816822052,1.3244678974151611,-0.5878214836120605,1.563251256942749,-1.4573713541030884,0.6767246723175049,1.1427899599075317,1.1847542524337769
0.39197683334350586,0.41756609082221985,-0.6453329920768738,-1.582732915878296,-1.0783175230026245,0.3804485499858856,-0.2588113248348236,0.6554664373397827,-0.6562947630882263,-0.3025485873222351,1.5963855981826782,-0.884437084197998,-0.5746418237686157,1.382041573524475,0.5616366863250732,-0.16181650757789612,1.008776068687439,0.7837058901786804,0.13517816364765167,0.640666127204895,2.144716262817383,1.3427116870880127,0.5391685366630554,0.5006688833236694,-0.7812988758087158,1.5225021839141846,-0.22371836006641388,0.1327982395887375,-0.9175775647163391,0.9632861018180847,0.06543982028961182,-1.185186505317688,0.5177580118179321,-0.26845160126686096,-1.2132830619812012,0.2498127669095993,-0.4327473044395447,2.0252928733825684,-0.45507073402404785,-0.7634262442588806,0.9347201585769653,-0.1406032294034958,-1.4087183475494385,0.619752824306488,-0.8081791996955872,0.3978408873081207,0.7579450011253357,-0.9038285613059998,0.8455443978309631,-0.014750821515917778,0.7886009812355042,-1.0124341249465942,1.8349474668502808,0.7220844030380249,1.4538220167160034,0.17854684591293335,-0.033818092197179794,-0.19999635219573975,0.4787781536579132,0.33488279581069946,1.504159927368164,-2.0409178733825684,-0.34636202454566956
1.4926483631134033,-0.4893338084220886,1.1935336589813232,-0.857979416847229,-0.13165049254894257,1.0010273456573486,-2.9840497970581055,-1.0026077032089233,1.8568708896636963,0.41054385900497437,0.9064995050430298,-1.3977800607681274,-1.2437748908996582,0.4451497793197632,-0.626072883605957,0.775173544883728,0.9471182823181152,0.9188475608825684,1.2401788234710693,-0.9898087978363037,-0.9479225873947144,-1.2565585374832153,0.777182400226593,0.8484590649604797,-1.6555217504501343,0.4353480935096741,-2.118727207183838,0.09836789965629578,0.1750408262014389,-0.11428233236074448,-0.22309890389442444,0.7922165393829346,1.8308733701705933,0.7800626754760742,-0.4869209825992584,-0.269599586725235,-0.19168828427791595,1.7786133289337158,-1.2026723623275757,-0.6756041646003723,-1.0095566511154175,-0.3649180829524994,0.19670893251895905,0.47455522418022156,-0.777199387550354,0.4674159586429596,0.4330527186393738,0.016495121642947197,-0.006300198379904032,-0.5211947560310364,-0.07200692594051361,0.41425666213035583,-0.37883004546165466,0.3717508018016815,1.0862290859222412,-0.7018340826034546,1.5206737518310547,1.5803340673446655,-1.1579480171203613,-0.34623831510543823,0.6459391713142395,-0.028249040246009827,-1.0407257080078125
-0.2211490124464035,1.060321569442749,0.1680884063243866,-0.49577537178993225,-2.0284111499786377,0.302337646484375,0.28426408767700195,1.6268929243087769,-1.0773346424102783,-0.2411600649356842,-0.015469823032617569,-1.0732651948928833,0.5714399218559265,0.37330079078674316,-0.3586612343788147,1.0524797439575195,-0.9235416054725647,0.753517746925354,0.7089734673500061,-0.7110625505447388,-0.30408331751823425,0.8602780103683472,-0.9366245865821838,-0.5510191321372986,0.7879700660705566,0.239907905459404,-0.11673643440008163,-0.9499918222427368,-0.2761691212654114,0.883748471736908,0.6290739178657532,0.12879912555217743,-1.8489563465118408,0.11826150864362717,0.910812258720398,0.7241937518119812,0.9529017806053162,-1.0112942457199097,-0.943923830986023,-1.0371407270431519,0.6841623783111572,0.6119937896728516,0.28271687030792236,-0.28300991654396057,0.6876204013824463,-0.7782524228096008,0.461861252784729,-0.5090149641036987,0.7128307819366455,-0.5766611099243164,0.9405148029327393,-0.08551224321126938,-0.1510661095380783,-0.0778777077794075,-0.37588441371917725,-0.288634717464447,-1.0252529382705688,-1.086611270904541,1.1884831190109253,-0.15866054594516754,-0.6320945024490356,0.26532551646232605,1.7876912355422974
-1.368801236152649,-0.6213931441307068,-0.9938485622406006,0.10497217625379562,-0.4654771387577057,0.6255415678024292,1.2159043550491333,0.189830020070076,1.5205894708633423,-0.6463433504104614,-0.898368775844574,-0.3858872950077057,0.81122225522995,-0.19855357706546783,0.6251878142356873,-0.5491600036621094,-0.4369611144065857,-0.03992556408047676,1.6882843971252441,-0.12376367300748825,0.2464972287416458,0.6390880942344666,-0.3488418161869049,0.7540010809898376,1.2335939407348633,0.7370821833610535,1.235412836074829,0.9217346906661987,-0.3024483025074005,-0.17668268084526062,-0.9296854734420776,0.23772524297237396,0.36868545413017273,0.14361141622066498,0.7620332837104797,1.2188720703125,1.2052336931228638,0.09460369497537613,-0.9442697167396545,1.458146572113037,1.4290982484817505,1.069492220878601,0.11551827937364578,0.15286320447921753,2.2073569297790527,1.6344939470291138,-0.0030068180058151484,-0.11733444035053253,-0.5815237164497375,-0.6306483149528503,0.47138816118240356,1.941275954246521,-0.9882432818412781,-0.7108069062232971,-0.29142996668815613,-0.8007786273956299,0.4247843623161316,1.0663830041885376,0.6637631058692932,-0.261728435754776,-0.6079919338226318,0.6575020551681519,1.158888578414917

Slice 29
-0.8520588278770447,-0.11582306772470474,0.08381721377372742,0.11652104556560516,0.795825183391571,-0.5718457698822021,0.5919657349586487,-0.35446855425834656,-2.1778275966644287,1.9664682149887085,-0.030586468055844307,1.0928943157196045,-0.6955680251121521,1.451757788658142,1.6579937934875488,-0.3884606659412384,-1.414027452468872,0.39883139729499817,-0.35057783126831055,0.08068685978651047,-0.5479323267936707,-0.5458738803863525,1.235182762145996,-0.45335015654563904,-2.287860870361328,-1.348310112953186,0.5588392019271851,0.09022092074155807,0.4258030951023102,0.888017475605011,-0.9999366402626038,-0.5760848522186279,0.41648557782173157,0.13674986362457275,0.23090478777885437,-0.9143086671829224,-0.8432596325874329,0.5501164793968201,0.4325343370437622,-0.3282797038555145,-0.46601298451423645,-1.4410045146942139,0.0356820784509182,1.5737677812576294,0.6503565311431885,0.6726040840148926,-0.6391881704330444,-1.0596222877502441,-1.6777315139770508,-1.8530070781707764,-1.2213317155838013,-0.10966476052999496,-0.2467181384563446,-0.8489683270454407,-0.8833427429199219,-0.9801735281944275,0.8618903756141663,0.9669579267501831,-0.028578490018844604,-0.754358172416687,0.8239297270774841,-0.16868920624256134,-0.3646503984928131
1.8026782274246216,0.175252765417099,-0.9233149290084839,-0.9280561208724976,-1.9048800468444824,0.9864859580993652,0.7692634463310242,0.7938947677612305,-0.18269653618335724,-0.8579387664794922,1.6700451374053955,-1.1030933856964111,-1.4268133640289307,-1.6162348985671997,1.428696870803833,-0.014116927050054073,-1.0887776613235474,-0.37655109167099,0.617875874042511,2.0428669452667236,0.5808704495429993,-0.575533926486969,1.2264147996902466,1.65056312084198,1.25027334690094,1.70486319065094,-0.19618046283721924,0.0365421324968338,-1.1723777055740356,-0.6002727150917053,-1.1598223447799683,0.5288352370262146,-0.6455824971199036,1.055154800415039,0.9579943418502808,0.07814808189868927,-0.5418981313705444,1.8630139827728271,0.06535942107439041,0.587800145149231,-0.5126965641975403,0.24046224355697632,0.6666399240493774,0.023089222609996796,0.8366879820823669,-0.40387624502182007,-1.1692509651184082,-0.6721661686897278,-0.4278854727745056,1.0456373691558838,0.03688467666506767,1.3952182531356812,-1.587727427482605,0.6388241648674011,-0.4317474663257599,-0.16348044574260712,-0.775763988494873,0.8145445585250854,-0.35508203506469727,-0.09413232654333115,-0.8989684581756592,1.0451122522354126,1.1040329933166504
-1.4625635147094727,0.7567349076271057,0.7222294807434082,-0.6775704622268677,-0.07216908782720566,2.0499143600463867,-1.4532872438430786,-0.3758849799633026,0.8096175193786621,-0.06344196945428848,0.27022647857666016,-0.45088592171669006,2.1501760482788086,-0.7917649745941162,1.0899810791015625,-0.3835901916027069,0.8357025384902954,-0.970111072063446,0.14508192241191864,0.9239840507507324,-0.07311207056045532,0.26750507950782776,2.3384830951690674,-1.4849048852920532,-0.9246606230735779,-0.5139438509941101,-0.3984591066837311,1.0251336097717285,-0.01118908729404211,-0.7230785489082336,1.4910378456115723,0.3239913582801819,-1.3664008378982544,0.5133124589920044,-1.3555779457092285,0.07575249671936035,0.8895920515060425,1.4373605251312256,0.8473696708679199,-0.5929538607597351,0.12797211110591888,1.0454435348510742,1.1574029922485352,1.7544039487838745,0.9539205431938171,0.6686172485351562,1.2882187366485596,0.9431656002998352,-1.811658263206482,1.3374346494674683,1.901275634765625,-0.2566344738006592,-0.6251769065856934,2.2962145805358887,0.007539772428572178,0.45858970284461975,0.8589803576469421,2.0078470706939697,0.5656745433807373,-0.14103998243808746,-1.078739881515503,-0.8583999276161194,-0.38181620836257935
-0.2878987491130829,-0.41495952010154724,0.7171371579170227,-0.5387876629829407,0.3048357665538788,1.2818800210952759,-1.058579921722412,-1.416041374206543,1.9135791063308716,2.000344753265381,0.07598260045051575,0.7249147295951843,1.8858189582824707,1.353682041168213,-0.240810826420784,1.489478588104248,0.11163655668497086,-0.1361781507730484,-0.12171432375907898,-0.22882264852523804,0.22263745963573456,-0.5624880194664001,0.9112196564674377,0.07898776233196259,0.8755635023117065,-0.9290288090705872,-1.6501736640930176,0.07523556053638458,-0.2112034112215042,0.34188112616539,1.2998818159103394,-1.0667792558670044,-0.7700989246368408,-0.4975548982620239,0.814602255821228,2.4658143520355225,-1.0663352012634277,-0.623191773891449,-0.5905193090438843,-0.5976609587669373,1.9185326099395752,-0.7816509008407593,-0.23312172293663025,-0.45358267426490784,0.36080414056777954,0.21172066032886505,-0.492612361907959,-0.6501170992851257,1.0980777740478516,0.5048068165779114,1.5457998514175415,-0.5614787936210632,0.7836019396781921,1.3045804500579834,-0.7954857349395752,-0.6157568693161011,-0.6030400991439819,-0.8031839728355408,-0.7089404463768005,1.1162669658660889,0.7405672669410706,0.6180704236030579,0.5992549657821655
1.3997408151626587,0.3143795430660248,-0.09752029180526733,-1.4000569581985474,-1.044623851776123,-0.6052436232566833,1.164649248123169,-0.03963395953178406,-1.3169434070587158,0.5214500427246094,-0.14911459386348724,0.4971003532409668,-1.3315434455871582,-0.08307471126317978,1.201013207435608,-0.34580349922180176,-0.8294575214385986,0.3063601851463318,0.0549028217792511,0.11443421989679337,0.8884592056274414,-0.38450369238853455,0.934355616569519,1.1862328052520752,0.13079461455345154,1.1874581575393677,1.4624109268188477,0.9645400643348694,-0.9000164866447449,-0.9015092849731445,-1.339523196220398,0.799629807472229,0.278713196516037,-1.5331019163131714,-0.8393371105194092,0.9970603585243225,-0.22561536729335785,-2.264674186706543,1.2921116352081299,-0.5407969951629639,0.8929632902145386,-1.1671680212020874,0.44290825724601746,-0.3084371089935303,-0.5971055626869202,0.1187007874250412,-0.5905925035476685,0.9438467025756836,0.7696596384048462,0.921648383140564,-1.3184704780578613,-0.8502674102783203,2.2135097980499268,-0.310255229473114,-0.377673476934433,-0.4370633065700531,-0.7011948823928833,-1.1248708963394165,-1.5581018924713135,0.5959879159927368,-0.5426323413848877,1.6032168865203857,-0.28719189763069153
-1.1826903820037842,-1.4201328754425049,1.763505458831787,1.5015904903411865,1.6112055778503418,-0.5604638457298279,-0.6199716329574585,-1.373952031135559,-0.9236962199211121,2.6422183513641357,0.8921480178833008,1.233025074005127,-0.6634708046913147,0.18108758330345154,0.986812174320221,0.7583022117614746,-1.0931651592254639,1.9046329259872437,-1.2847228050231934,-1.2266690731048584,-1.0435506105422974,1.1327333450317383,-0.7256353497505188,-0.20819580554962158,-0.18925990164279938,0.353758841753006,-1.0445725917816162,1.5031869411468506,-0.8406710028648376,-0.30046597123146057,0.5898743867874146,-1.620165228843689,1.8169529438018799,-0.24822679162025452,0.8021514415740967,0.5339954495429993,0.09041310101747513,0.1178751140832901,-0.8683280944824219,-1.6571877002716064,0.6755611300468445,0.015228836797177792,-0.8275437951087952,1.7018440961837769,0.21476414799690247,-0.9931985139846802,0.3468436300754547,1.061526894569397,1.0471141338348389,0.4925547242164612,-0.7353066205978394,-0.7522352337837219,0.5283046960830688,-0.18700096011161804,1.5271406173706055,0.7805675268173218,1.470280647277832,0.7876877784729004,0.19754822552204132,-0.477364182472229,0.7346667051315308,-0.7475162744522095,0.6772574782371521
-0.04276404529809952,-1.9771124124526978,-1.8590787649154663,-0.11082565784454346,1.1203429698944092,0.46559929847717285,-0.49200439453125,-1.0969865322113037,-0.7707934379577637,-0.46415016055107117,-0.30315279960632324,-0.19790276885032654,-0.6814234852790833,0.045258473604917526,-0.38524746894836426,0.32360103726387024,-0.5177959203720093,-1.5738122463226318,-1.6761399507522583,-0.10625199228525162,1.441605806350708,-2.6478464603424072,-0.3395775258541107,0.2349865883588791,0.48124322295188904,-0.007311356253921986,-0.294079065322876,-1.1182491779327393,-1.2111685276031494,0.1957480013370514,-2.0478250980377197,-0.239676833152771,-0.6037216782569885,-0.701192319393158,0.0834270492196083,0.15813587605953217,-2.1873397827148438,1.3590738773345947,1.1747421026229858,-0.6012452244758606,-0.6759335398674011,1.2166930437088013,-1.1198331117630005,-0.01965831220149994,0.816003143787384,-0.6975280046463013,0.78404700756073,-0.7212167382240295,0.7912648916244507,0.9765414595603943,-1.0807263851165771,-1.1504780054092407,0.13227790594100952,0.2489510178565979,-0.9701284766197205,-1.4756184816360474,0.9143361449241638,0.2726777493953705,0.8297987580299377,-2.0635552406311035,0.1321372389793396,0.0425754114985466,-0.8432047367095947
-0.3184047341346741,-0.7042931318283081,1.7142459154129028,-1.5947673320770264,-1.524465560913086,-1.3186362981796265,-1.8970869779586792,-1.509921908378601,0.2961157560348511,0.7113281488418579,-1.4628381729125977,0.6743821501731873,-0.8067381978034973,-0.4543987810611725,0.8303291201591492,-0.9479851126670837,-0.3378027081489563,-1.6892931461334229,0.4808862805366516,1.788915753364563,1.2930212020874023,-0.27020832896232605,-0.788472056388855,-0.547906219959259,-0.21536506712436676,1.6809709072113037,0.2680182158946991,0.7527068853378296,0.6218211650848389,-0.663741946220398,-1.6881792545318604,1.0767111778259277,-0.11271228641271591,-1.6933399438858032,-0.5832438468933105,-0.24962776899337769,-1.6109644174575806,-0.454113632440567,-0.08946970105171204,-0.028815537691116333,1.0575685501098633,-0.9300619959831238,-0.22472937405109406,-0.6788615584373474,0.5354285836219788,-0.8044455051422119,-0.11688738316297531,0.732694149017334,0.14760129153728485,-0.2556554675102234,-1.0904885530471802,-1.947984218597412,0.8029234409332275,-1.9684815406799316,0.2106507271528244,-1.0672459602355957,-0.8442203402519226,0.5937232971191406,-1.6493525505065918,0.6651467084884644,-0.05025460198521614,0.5802410244941711,-1.8705036640167236
-1.9181597232818604,-1.0967411994934082,-0.8732262849807739,-0.2946399450302124,-0.18934768438339233,1.11386239528656,-0.8917966485023499,-0.6408585906028748,0.5961223244667053,0.402653306722641,-0.5554761290550232,-0.12237748503684998,-0.780589759349823,-0.6612019538879395,2.1461422443389893,1.4831757545471191,-1.0594688653945923,-0.7349129915237427,-0.7496113181114197,0.9378820061683655,-0.6484140753746033,-1.802795171737671,0.9293608069419861,-2.1876909732818604,-1.6290651559829712,-0.5743266940116882,0.010895646177232265,-0.39414113759994507,-0.7724520564079285,-0.510798990726471,-0.5290918350219727,1.6399599313735962,-0.8417684435844421,-1.089451789855957,-0.6722789406776428,-0.5874037146568298,-1.1616871356964111,-3.048368453979492,0.39545154571533203,-2.135185718536377,-0.573723316192627,-0.8174442648887634,1.4994794130325317,0.6177792549133301,1.8537836074829102,1.402925729751587,-0.7496380805969238,-1.4216041564941406,-1.0795243978500366,-0.02214258909225464,0.11474985629320145,-0.5116952061653137,0.07965971529483795,-1.8221603631973267,0.3498871326446533,0.33692434430122375,0.6278563141822815,-0.3183586895465851,0.26317915320396423,-2.016684055328369,-0.9908814430236816,-1.5304946899414062,-1.4616177082061768
-0.29287418723106384,1.4975506067276,0.30655771493911743,-0.2661474645137787,-0.5854870080947876,0.3718199133872986,-0.5232839584350586,-0.5114599466323853,1.6879916191101074,-0.6982622742652893,-2.267145872116089,-1.3636552095413208,-0.19764263927936554,-1.811760663986206,-0.5556194186210632,0.011274994350969791,0.2544676959514618,0.6720812320709229,1.3178328275680542,1.344774603843689,-1.0233352184295654,-0.6363049745559692,0.11987077444791794,1.1362310647964478,0.2084866613149643,-0.27238646149635315,0.6904298663139343,-0.058724723756313324,-0.9092956781387329,-1.97527277469635,0.3130529820919037,1.5203428268432617,0.05019620060920715,-0.9126902222633362,1.0096216201782227,-0.028851764276623726,1.31633460521698,-0.4769870340824127,1.371819257736206,-1.3949984312057495,0.29329174757003784,0.6630311012268066,0.701059877872467,-0.7754470109939575,-0.574913501739502,0.8339056968688965,1.38307785987854,0.6203025579452515,-1.289320707321167,-0.4795691668987274,0.4522862732410431,-0.8437231779098511,1.3943908214569092,0.6808258891105652,1.861776351928711,1.2733973264694214,-0.3369987905025482,1.0886942148208618,-0.3703082501888275,0.7509035468101501,-2.029597759246826,-1.9179266691207886,-0.07722103595733643

Slice 30
-1.3877266645431519,-0.656851053237915,1.2208940982818604,0.2417956292629242,-0.13064967095851898,-0.442322701215744,-1.5382918119430542,-0.4878820478916168,0.9030947089195251,0.6479315757751465,0.8630694150924683,-0.47302716970443726,-0.2344835251569748,0.9335712194442749,-0.0696965828537941,-0.9508526921272278,-0.6070668697357178,-0.37568581104278564,0.06632429361343384,1.0714951753616333,0.09486846625804901,1.2367019653320312,0.5928059220314026,-0.7790364623069763,1.5226991176605225,0.5078955292701721,0.17230941355228424,-0.864815354347229,0.9611312747001648,2.2038276195526123,-0.7256602644920349,0.08076313138008118,-0.6439756751060486,0.6997673511505127,-0.665178120136261,-0.6091298460960388,-0.5085176825523376,-0.004539941903203726,1.6811270713806152,-1.0754982233047485,0.3982168436050415,-0.9012349247932434,-1.5171939134597778,-1.1923692226409912,-0.7098186612129211,1.600591778755188,-1.3183766603469849,-0.6480206251144409,0.11910698562860489,0.1459546983242035,-0.5206262469291687,0.7492281198501587,0.2152515947818756,-1.3684810400009155,-2.855875253677368,0.4840329587459564,0.0669906958937645,-1.4699119329452515,-0.3060804009437561,-0.49064287543296814,-0.4859924912452698,2.2928009033203125,-0.6937204003334045
-1.4155402183532715,-1.106632113456726,-1.0110825300216675,0.2635815441608429,-1.0314037799835205,0.24617443978786469,1.6407356262207031,2.0444834232330322,0.3548053205013275,-0.1271367371082306,-0.09347392618656158,-0.7595904469490051,1.4171556234359741,-1.2745695114135742,-1.0899204015731812,-0.5623887181282043,-0.8627170920372009,-2.0422542095184326,-0.19644467532634735,-0.7320426106452942,-0.9833197593688965,0.17799299955368042,-0.5159642696380615,-1.4177122116088867,-1.2220224142074585,-0.3625129163265228,-1.4354872703552246,0.18319453299045563,0.6697485446929932,-0.5790888071060181,0.12107022106647491,-1.7596595287322998,1.667708396911621,0.6991456151008606,0.6555331945419312,-0.12472603470087051,-1.4190082550048828,0.3781071603298187,0.45386433601379395,-1.220496654510498,0.35012999176979065,-0.02739652432501316,1.0284394025802612,-0.5801697969436646,-0.22915871441364288,0.13883070647716522,1.4990577697753906,0.19957569241523743,1.6869035959243774,-1.6749327182769775,-0.46469107270240784,0.6717878580093384,0.4490630030632019,1.7964937686920166,0.7941159605979919,1.013203740119934,-0.609081506729126,1.0491223335266113,0.3925708830356598,-1.9139866828918457,-0.26670899987220764,1.3198962211608887,-0.6596919298171997
-0.3819041848182678,1.1797764301300049,-1.7068109512329102,-0.37422922253608704,0.5194145441055298,0.4598584771156311,0.06037035956978798,1.6749615669250488,1.9180470705032349,-0.8962044715881348,1.2298585176467896,1.8023121356964111,-0.9102453589439392,-2.912229299545288,-0.11809727549552917,-0.03289395943284035,0.8190298676490784,-0.8824955821037292,-1.0026401281356812,0.6831761598587036,-0.02011779323220253,0.49825912714004517,-0.8363823294639587,-0.5092214941978455,0.10176286846399307,0.7318471670150757,0.033834151923656464,1.2365325689315796,-0.5423682928085327,-0.8023558259010315,0.2441958338022232,-1.361735463142395,-0.4332403838634491,-0.1690569669008255,0.5454234480857849,-1.7019879817962646,-0.5668451189994812,-1.8394182920455933,-0.841484546661377,0.799495279788971,-0.5666989088058472,-0.3051084578037262,0.5617888569831848,-2.137685775756836,0.952491819858551,1.0895987749099731,0.7929494976997375,1.056607723236084,0.9862192869186401,0.4473477005958557,-0.3552275598049164,-0.8142691850662231,0.051368825137615204,-0.45127493143081665,0.5356813669204712,-2.1990652084350586,1.4232689142227173,0.29772141575813293,1.1735273599624634,-1.1730356216430664,-1.094745397567749,0.8959106802940369,0.8241273164749146
0.48242297768592834,-0.022265128791332245,-0.11084625124931335,-0.21772027015686035,0.0897461473941803,-1.7367275953292847,0.8885011672973633,-0.6816844344139099,-1.5827876329421997,0.8411997556686401,0.02266288921236992,-0.5403020977973938,0.0399300754070282,0.18541991710662842,-1.405693531036377,0.14450594782829285,1.0091038942337036,-1.3058137893676758,-0.8779618144035339,1.753435730934143,-1.0109529495239258,-1.2428470849990845,-0.41156014800071716,-1.0201467275619507,1.2244391441345215,-0.03336378559470177,-1.2747745513916016,-1.0039700269699097,-0.4675760865211487,-0.09209393709897995,0.9397669434547424,0.08489828556776047,1.3853471279144287,0.02943660505115986,0.6336871981620789,-0.8639946579933167,-0.3604833483695984,0.21002362668514252,-1.1063573360443115,1.1303147077560425,-1.268937587738037,1.3030225038528442,-0.3017730414867401,-0.2904443144798279,0.30906879901885986,1.062241554260254,-0.5684462785720825,0.043229568749666214,0.2216789722442627,0.80882328748703,1.0957280397415161,-0.3198661804199219,-1.1748367547988892,-0.21406368911266327,0.5352577567100525,0.12677712738513947,1.455182671546936,-0.601717472076416,-0.8282378911972046,-0.3702740967273712,-1.0941400527954102,-0.8318153023719788,0.9142239093780518
-0.5629289150238037,-1.9758166074752808,0.9822965264320374,-0.9069339632987976,-0.16741999983787537,0.2200152426958084,-0.22279922664165497,-0.7719232439994812,-0.22727707028388977,-0.6780533194541931,0.5241015553474426,-0.31082043051719666,1.2199501991271973,-0.5403974056243896,1.5467826128005981,-1.1432828903198242,0.13280868530273438,0.8137312531471252,-0.49965834617614746,-0.37650543451309204,-1.6638352870941162,-0.73394376039505,0.8693044781684875,-0.2617826759815216,-1.514893889427185,-1.7366960048675537,-0.051210153847932816,0.5611099004745483,0.3498191237449646,-2.1592016220092773,1.0374350547790527,-0.7662578225135803,0.4804389178752899,-0.24896325170993805,-1.7168673276901245,0.04968622699379921,0.6869553923606873,0.8810332417488098,-1.409564733505249,-0.18683186173439026,-0.34006044268608093,-0.9052248597145081,-0.14371339976787567,0.43165406584739685,-1.563638687133789,-0.29003262519836426,1.1155441999435425,-0.6935566067695618,-0.37451547384262085,-0.7450201511383057,1.25905179977417,0.12418072670698166,-0.19146497547626495,0.9710347652435303,-0.9898508787155151,0.5432005524635315,-0.65181565284729,0.6118696928024292,-1.081681489944458,0.39132407307624817,-0.46253395080566406,-0.6650328636169434,-0.76703280210495
-0.2297532707452774,-0.1623673439025879,0.6453313231468201,0.043978169560432434,0.9414783716201782,-0.8013393878936768,1.2682676315307617,-0.23659181594848633,-0.18139159679412842,-0.35205891728401184,1.767459511756897,0.41133832931518555,-0.04897782951593399,-0.8046889305114746,0.19723209738731384,0.8756272196769714,-1.7325133085250854,0.48407626152038574,-0.6530178189277649,0.5379990339279175,0.6668762564659119,-0.3530692160129547,0.7714548707008362,0.14192841947078705,-0.5603179335594177,0.20622216165065765,-1.2507888078689575,-0.5152239799499512,0.3795545995235443,0.8632842302322388,-0.7260666489601135,-0.2547658681869507,0.6774309873580933,-0.3944152295589447,-0.45492151379585266,-0.5039099454879761,-1.8778021335601807,0.1379309892654419,-0.9960781931877136,-0.8314163088798523,0.5442490577697754,0.32779258489608765,0.921023428440094,-0.26138144731521606,0.402770072221756,-0.49353253841400146,1.22254478931427,1.7751888036727905,-1.3349108695983887,0.741198718547821,-1.0978400707244873,0.2718586325645447,0.8785996437072754,-0.816599428653717,-0.4202141761779785,0.03688259422779083,-0.5228855609893799,0.8379902243614197,-0.3793603181838989,0.44330599904060364,-0.9462181329727173,0.12987123429775238,-0.9227766990661621
0.23976686596870422,-0.8928162455558777,-1.172106385231018,0.16690488159656525,-0.25498828291893005,1.0058979988098145,0.06204387545585632,-0.5147339105606079,0.5973491668701172,-1.0527012348175049,0.03909410163760185,1.8632482290267944,-0.6962795853614807,0.2191840559244156,0.5373454093933105,-1.8133798837661743,-0.8694613575935364,0.9667180180549622,1.0493505001068115,0.6497957110404968,-0.4108871817588806,0.8024089932441711,1.054214596748352,-1.966886281967163,-1.2893269062042236,-0.4856020212173462,1.083626627922058,0.6770060658454895,-0.4535284638404846,-1.1481724977493286,0.6995712518692017,0.4163145422935486,1.2654281854629517,1.1058156490325928,0.22034020721912384,0.06189754605293274,0.6449127197265625,2.0272774696350098,0.7812376618385315,1.0211849212646484,-0.5462563633918762,0.7989541292190552,0.46887028217315674,0.4307158589363098,-1.767268180847168,-0.819269597530365,0.5536597967147827,-0.8520206212997437,-1.6962298154830933,0.5829424858093262,1.2737150192260742,-0.3811756670475006,1.0026239156723022,0.28603237867355347,0.36611539125442505,0.5851335525512695,0.8256400227546692,0.9103311896324158,-0.0630655512213707,-1.4460455179214478,0.8128979206085205,-0.9049124717712402,1.2408803701400757
-1.4079715013504028,0.7298430800437927,-0.13357339799404144,-1.0191997289657593,1.6865077018737793,0.08590472489595413,1.446638822555542,1.0612337589263916,-0.8306904435157776,-1.4728063344955444,-1.0325977802276611,-1.4201576709747314,-0.22449110448360443,0.7217778563499451,0.4020787179470062,0.2569575309753418,-0.7015225887298584,1.1242738962173462,0.1366092562675476,-1.1421771049499512,0.9999921917915344,1.277255654335022,1.1134850978851318,1.084297776222229,-0.12713131308555603,2.38433837890625,-0.43095290660858154,-0.7803751230239868,0.9664149284362793,0.6858115196228027,-1.5819627046585083,1.1512455940246582,-1.2751652002334595,2.0773496627807617,-0.3027609884738922,1.5098917484283447,0.6398634910583496,1.5223027467727661,0.6165691018104553,0.16260825097560883,-1.7030401229858398,1.8014113903045654,-0.05814668908715248,1.3914783000946045,0.26613369584083557,-0.21932527422904968,-0.3542775809764862,-0.08552782982587814,-0.6186898350715637,1.1222634315490723,0.4241965711116791,0.6266398429870605,-2.195347547531128,0.28928515315055847,0.6316773295402527,-1.3584420680999756,-0.22048617899417877,-0.12028878182172775,2.2386598587036133,-1.1602360010147095,1.722223162651062,-0.15352368354797363,-0.4912714958190918
0.6885387897491455,-0.9677806496620178,-0.31922653317451477,1.6229910850524902,-0.652990996837616,-1.4463955163955688,-0.7621726393699646,1.177915334701538,0.08943959325551987,-0.6666644811630249,0.4199760854244232,-0.9207912087440491,-0.5941659212112427,-0.28647926449775696,-0.4775030016899109,-0.36755579710006714,1.5812509059906006,0.8425686359405518,0.5679590702056885,-0.44236963987350464,-0.5487477779388428,-0.1923431158065796,0.005548238754272461,1.8998323678970337,1.480351209640503,-0.40033259987831116,0.7639079689979553,-0.244081512093544,-0.39081844687461853,-1.1675444841384888,0.6401565670967102,-0.5978734493255615,0.2088509202003479,0.6187731027603149,0.764395534992218,-0.6165204644203186,-0.20703667402267456,1.07139253616333,1.8236017227172852,-0.37198784947395325,-0.36510562896728516,-0.5078228116035461,-1.240449070930481,-0.6880151629447937,-1.303235411643982,0.6410146951675415,0.4299405515193939,-0.914276659488678,0.8014882206916809,0.23632149398326874,-1.2596302032470703,-1.3994947671890259,0.01993647776544094,-2.06613826751709,-0.03648698329925537,-0.4812624752521515,-0.08427265286445618,-0.835163414478302,1.8631868362426758,1.8769372701644897,0.02712400257587433,-0.07379664480686188,-0.5775517821311951
-0.2098189741373062,-0.10957981646060944,0.8550639152526855,-2.3597941398620605,-0.870159924030304,1.0471993684768677,-1.0764260292053223,-0.37228474020957947,0.5034040212631226,0.3071780800819397,0.8606072664260864,1.0804774761199951,0.4983821511268616,-1.5176955461502075,1.0328567028045654,-0.11246878653764725,-0.7092267870903015,0.10818446427583694,0.5650107860565186,1.1668351888656616,-1.4282822608947754,0.9390920996665955,0.6860247850418091,-0.5427713990211487,-0.4335334002971649,-0.3378153443336487,0.5587535500526428,-1.9906853437423706,-0.6221308708190918,1.2904105186462402,1.5258326530456543,-0.43645012378692627,0.17129118740558624,-0.641390323638916,0.5109798312187195,1.5134292840957642,-0.5538288950920105,-0.06116644665598869,0.5445435643196106,0.19653980433940887,0.009240756742656231,-0.4522090256214142,0.869621753692627,0.15885499119758606,-0.29733750224113464,-1.0830605030059814,0.30010369420051575,0.6946440935134888,-1.7141252756118774,-1.0798286199569702,-0.6575214862823486,0.6327692270278931,-0.7226952910423279,-0.7297753691673279,0.21546156704425812,1.257391095161438,-0.3415500521659851,0.5097925662994385,-0.6565378308296204,-0.460620254278183,-0.9858865141868591,-0.016711004078388214,0.8354536294937134

Slice 31
0.8323752284049988,-0.7226530909538269,0.5393229722976685,0.07105343788862228,-0.3137470483779907,-0.7469706535339355,-0.3758915960788727,0.6185159683227539,-0.34701618552207947,2.5235233306884766,1.1817642450332642,1.09916090965271,0.3331248462200165,-0.17920735478401184,-0.618874728679657,0.48831599950790405,1.5278481245040894,1.485158920288086,-1.2507461309432983,0.8787213563919067,2.248711347579956,-1.154319167137146,2.037766933441162,-1.286969780921936,0.9486460089683533,-0.30292344093322754,-0.23057523369789124,1.687350869178772,-1.4067062139511108,-1.3152687549591064,0.11809159815311432,-0.645776093006134,0.7139126658439636,-0.15882596373558044,0.7463168501853943,-0.6653945446014404,0.0024913542438298464,-1.157860279083252,0.00034594585304148495,-0.3769913911819458,1.2266322374343872,-0.3947320878505707,1.5217249393463135,-0.5117687582969666,0.2985358238220215,0.5862561464309692,-0.7962687015533447,-1.1358791589736938,0.07709198445081711,-0.9766718149185181,1.0218397378921509,-0.21097473800182343,-0.14002445340156555,1.2883164882659912,0.7696400284767151,0.1798381507396698,0.39642423391342163,-1.221684217453003,0.042631398886442184,0.42628413438796997,0.5974019169807434,-0.42052897810935974,1.9081681966781616
-0.5512064099311829,-1.6452171802520752,-0.6989102959632874,-0.24901935458183289,0.8293344378471375,0.6580643653869629,-0.3204635977745056,-0.8006552457809448,-1.170925498008728,0.8567784428596497,-1.3143973350524902,-0.04911511018872261,-0.06169072166085243,0.17906469106674194,1.1054011583328247,-0.48713064193725586,-1.6731516122817993,-1.2208629846572876,1.945033311843872,-0.8382860422134399,0.8251211047172546,1.8732481002807617,0.0740276649594307,1.7509381771087646,0.2460402250289917,-0.2711637318134308,1.0322294235229492,0.6457685828208923,-0.055365800857543945,-0.8322628736495972,0.47809892892837524,0.8667671084403992,-0.32827019691467285,0.5443431735038757,0.5814034938812256,1.4842925071716309,-2.2561416625976562,0.7009187340736389,-0.4341542422771454,0.07763031870126724,-0.5214115381240845,-0.5015144348144531,-1.1953318119049072,-0.061566311866045,0.26813679933547974,0.9980229735374451,-1.257044792175293,0.10741232335567474,0.5863224267959595,-1.7188657522201538,-1.4304479360580444,1.0772790908813477,-1.910892128944397,-0.09311803430318832,-1.05717134475708,0.16435857117176056,-0.27732136845588684,-0.4241642653942108,-0.14463268220424652,1.323307752609253,-1.508135437965393,0.9523667097091675,0.2359210103750229
1.3987059593200684,0.1452120542526245,-0.986355721950531,0.8912167549133301,1.3026682138442993,1.2188280820846558,-0.273282915353775,-0.24978984892368317,-1.1708699464797974,1.0985839366912842,1.6968058347702026,0.2540031373500824,-0.3081568479537964,-1.5449488162994385,0.1836031824350357,-1.190023422241211,-1.347981572151184,1.0942957401275635,-0.7442429065704346,1.864621639251709,0.6357767581939697,-0.6562877893447876,0.1502581089735031,-2.284442186355591,0.9466331005096436,-0.0025402011815458536,0.35044747591018677,1.1651514768600464,0.739073634147644,-0.2151104211807251,-1.97666335105896,0.4441958963871002,-1.3021918535232544,-0.06054989621043205,0.8514178395271301,-0.29213762283325195,0.52701336145401,0.6511582732200623,1.339135766029358,-0.13573555648326874,-0.7942169308662415,0.5051695704460144,-0.11773163825273514,0.5406827926635742,-0.9316400289535522,-1.6901605129241943,1.351577639579773,-0.03262865170836449,1.078597068786621,-1.2106423377990723,1.6826258897781372,0.6476518511772156,0.4597471058368683,0.0980348065495491,1.160773515701294,-0.1085239052772522,1.4437434673309326,0.1109483540058136,-0.4485968053340912,-1.3185840845108032,0.33872276544570923,-0.1655399054288864,-0.8459728956222534
0.02283674292266369,-0.3632490038871765,0.0010547180427238345,0.8961568474769592,1.3256915807724,1.0869152545928955,-0.10691186040639877,1.200842022895813,0.42420488595962524,0.7316418886184692,-0.39667630195617676,0.17752531170845032,-0.16494573652744293,1.4781981706619263,0.5878830552101135,1.338984489440918,-2.137988805770874,-1.4447582960128784,0.7872924208641052,-1.6418578624725342,1.0570542812347412,0.9290673136711121,-0.6299905776977539,0.4399459958076477,-0.683967649936676,-1.0398238897323608,0.2878820598125458,0.3541289269924164,-0.8748947381973267,-0.3114438056945801,-1.8640048503875732,1.0523040294647217,-2.1641902923583984,-1.0046064853668213,-0.35800403356552124,0.5259495973587036,0.09700615704059601,-0.4284246265888214,-0.25144320726394653,0.6014258861541748,-1.3020352125167847,0.9727361798286438,-0.29135584831237793,0.6899397969245911,0.0664060190320015,0.12766994535923004,-1.0019152164459229,0.2101290225982666,-0.24353483319282532,-0.0776883065700531,1.0966788530349731,1.0885343551635742,0.3141651451587677,-1.212168574333191,-1.1288588047027588,1.3873876333236694,2.134608745574951,-0.5769029259681702,0.07274363189935684,2.357715368270874,1.3768924474716187,-0.4972532391548157,0.3317415118217468
-0.23285792768001556,1.394208550453186,-0.6046186089515686,1.3031922578811646,1.5960814952850342,-0.318270742893219,0.7400251030921936,0.4950449466705322,-0.9728106260299683,0.015036337077617645,1.4019784927368164,-0.8392668962478638,0.7394002079963684,-0.9029284119606018,0.34204569458961487,-1.3797621726989746,1.566872000694275,0.3194088041782379,-0.5111489295959473,-0.1700422763824463,-0.031316082924604416,-1.3127492666244507,0.4892067015171051,-0.6844578385353088,-0.3958473205566406,1.855773687362671,-0.26805293560028076,-0.4573343098163605,1.1209217309951782,0.8181476593017578,-1.8558269739151,0.4194568991661072,1.659730315208435,-0.6576409935951233,-0.8556317687034607,-1.8299520015716553,-1.013299584388733,1.2718777656555176,1.3465338945388794,-2.062767744064331,1.4727747440338135,1.9397854804992676,1.4183093309402466,1.7824170589447021,2.502711534500122,0.8618980646133423,0.7204132676124573,-0.9840793609619141,0.33357030153274536,0.51169353723526,0.43064084649086,0.37660789489746094,-1.084533452987671,-0.13251766562461853,0.1547524780035019,1.0774462223052979,1.3200082778930664,0.7196733951568604,-1.1755956411361694,0.24876192212104797,-0.0002411094174021855,0.6224439144134521,-0.9691494703292847
0.536687433719635,-0.551628053188324,0.20682983100414276,1.423487901687622,0.8151754140853882,-1.3656270503997803,1.5656088590621948,-1.0179851055145264,0.754416823387146,-0.7317615747451782,0.6179569959640503,-1.2100378274917603,-0.22380055487155914,-2.280322313308716,-0.060759298503398895,-0.8240249156951904,-1.4915823936462402,-0.057928625494241714,-0.9668735861778259,0.6593829393386841,-0.17337046563625336,-1.103127121925354,-0.4239267408847809,-0.9533855319023132,0.4711562991142273,1.1093010902404785,-0.6188478469848633,0.4239681363105774,-0.16369284689426422,-0.13786862790584564,-1.170007348060608,-1.0153459310531616,-0.11142729967832565,-0.0025349510833621025,0.6979347467422485,0.5700777173042297,0.14803826808929443,-0.9541856646537781,-1.0667365789413452,-0.18618619441986084,-0.3503881096839905,0.2544923722743988,0.19248749315738678,0.9225002527236938,0.49729111790657043,-1.0633301734924316,0.9804455041885376,-0.48020851612091064,0.24372628331184387,0.9378774166107178,0.042860813438892365,-0.46503815054893494,0.41330859065055847,-0.3378050923347473,-0.07742036879062653,0.5176558494567871,0.9544152021408081,0.337986022233963,-0.01494142971932888,0.4728950560092926,-0.30439260601997375,1.112563133239746,-0.48641490936279297
0.42609018087387085,1.278918743133545,-1.263822317123413,0.6576001048088074,0.8152315020561218,1.2028363943099976,-1.991996169090271,-1.244322657585144,-0.5807797908782959,0.7962254881858826,0.3105013072490692,1.7946738004684448,1.4713313579559326,0.2699488401412964,1.1990387439727783,-0.039775799959897995,1.3785383701324463,0.28876206278800964,0.9026263952255249,-0.43951666355133057,0.37292852997779846,-0.22325076162815094,0.348497599363327,1.7096909284591675,0.7883235216140747,-0.0622367262840271,1.651984453201294,0.33034855127334595,-0.1655011624097824,0.8592848777770996,1.3903168439865112,-0.21475055813789368,0.8675107955932617,-0.19914236664772034,-0.05396663397550583,-0.40307357907295227,0.03311821073293686,0.08790222555398941,0.4768114984035492,0.6695588231086731,0.7749717831611633,1.529606819152832,0.4489644169807434,0.12385080009698868,1.0765479803085327,-1.1186535358428955,-1.0741970539093018,-0.6811234951019287,1.4573227167129517,-0.42009788751602173,-0.7777440547943115,1.3170347213745117,-0.43091875314712524,1.3654859066009521,0.5978952646255493,0.8287230134010315,-0.7137623429298401,0.11578870564699173,-2.938941240310669,0.9325931668281555,0.8258335590362549,0.076377734541893,1.8740359544754028
0.21790377795696259,0.6349301934242249,-0.09622067958116531,-0.5539790987968445,-1.6389631032943726,0.10287034511566162,0.15386423468589783,0.7521861791610718,0.5508251786231995,-0.633700966835022,-0.10241758823394775,0.8756413459777832,1.9668402671813965,-1.1444742679595947,-1.121288776397705,0.31511449813842773,0.345278263092041,0.8778542280197144,-0.39655473828315735,-1.4402318000793457,-0.25085413455963135,-0.5504034757614136,-1.1353501081466675,-0.07073262333869934,0.7510179281234741,0.649185061454773,-0.18624304234981537,0.9587334990501404,0.5697821974754333,0.8879316449165344,-1.617197871208191,0.1666276603937149,-2.114220142364502,0.06736430525779724,-0.4038725197315216,-0.26104164123535156,-0.35314664244651794,-0.8877407312393188,-0.9904412627220154,-0.414052277803421,0.26270565390586853,0.4371062219142914,0.9092951416969299,1.1075477600097656,0.03418431431055069,0.28069624304771423,1.9261798858642578,0.06154194474220276,-0.43992599844932556,0.3609767556190491,-2.0461254119873047,-1.1527246236801147,0.3190487027168274,-0.9137852191925049,-0.40255025029182434,1.771021842956543,1.9058263301849365,2.8918070793151855,-1.9674421548843384,-1.0463944673538208,-1.5572500228881836,-0.897379457950592,0.3332539498806
-1.9113590717315674,0.40606820583343506,-0.2921305298805237,0.15963365137577057,-1.0046279430389404,-0.14963915944099426,-0.21683546900749207,-1.1039451360702515,-0.32695209980010986,-0.6005217432975769,-1.2808514833450317,-0.9901993870735168,1.8795185089111328,-0.9302300810813904,-1.1563773155212402,-0.0722944438457489,-0.9385145306587219,-0.2010376751422882,-1.381367564201355,-0.04420177638530731,-0.2664870321750641,-0.7147849798202515,-1.4577810764312744,0.1874883770942688,-0.38320741057395935,0.2469329684972763,-1.688843846321106,-0.5514776706695557,-0.43206408619880676,1.2574409246444702,0.29099756479263306,-1.9337164163589478,-0.15120059251785278,-1.9720605611801147,-0.8791695237159729,-0.6259096264839172,0.3152712881565094,-0.24576446413993835,1.3576360940933228,0.6484933495521545,-0.9254478216171265,1.8694405555725098,-0.6212945580482483,0.9850903749465942,-0.20595583319664001,-0.798478901386261,-0.1354130208492279,1.671311616897583,-0.07709132879972458,0.6954293847084045,0.27764570713043213,-1.0228569507598877,1.411031723022461,0.4669843316078186,-0.09375175833702087,1.7403298616409302,0.10590417683124542,0.8547518849372864,1.3735071420669556,1.7175828218460083,2.0122971534729004,-1.1728605031967163,-0.1775665283203125
-1.3957477807998657,0.9936769008636475,0.5540965795516968,1.5674145221710205,-0.5802523493766785,1.1938598155975342,-0.707497239112854,0.6743733286857605,-1.4328763484954834,0.7431992888450623,0.7812317609786987,-1.302416443824768,0.0788794532418251,-0.1830058991909027,-0.7634221315383911,-0.8659186363220215,1.4219224452972412,-0.5987876653671265,-0.8152340650558472,0.7244908809661865,1.3839621543884277,-0.1611458957195282,-0.6536988019943237,-0.42604339122772217,0.1395864486694336,-0.5061707496643066,-1.7018719911575317,-0.4485786259174347,-1.454178810119629,-0.3165053427219391,1.5907543897628784,0.0021815600339323282,0.5477221608161926,-1.205535650253296,0.13926002383232117,-0.37638139724731445,0.8211337327957153,-0.5156711935997009,0.15356528759002686,0.9277021288871765,1.6185290813446045,-0.025462556630373,0.945302426815033,0.8320909738540649,1.0422132015228271,-0.6153963804244995,-0.4378422498703003,0.8837401270866394,1.1396852731704712,1.0021947622299194,0.1382407546043396,-0.6377439498901367,0.4249884784221649,-0.5908728837966919,-0.9571430683135986,-0.4238944947719574,0.030543098226189613,0.11103948950767517,0.4990971088409424,-0.31742778420448303,0.2577116787433624,-0.9733206033706665,-1.4950915575027466

Slice 32
1.7663172483444214,-1.6077476739883423,-1.0939722061157227,-0.5029776096343994,-1.3373363018035889,0.7087346911430359,0.18939444422721863,0.8124048709869385,0.10485656559467316,-0.47582170367240906,-0.46367350220680237,-0.08945182710886002,-0.8821654915809631,0.8341794610023499,1.010151743888855,-1.3570175170898438,-0.49245592951774597,-1.3598164319992065,-0.5055952072143555,-0.3244817554950714,1.8868683576583862,0.9936879277229309,-1.1620465517044067,-0.24452762305736542,1.871857762336731,0.7395579814910889,1.2824547290802002,1.3213140964508057,-2.417897939682007,-0.7176862955093384,0.278435617685318,-0.7561375498771667,-1.245456337928772,-0.9887316226959229,2.4102182388305664,0.5273609161376953,-0.1021338477730751,-1.1952646970748901,-1.2842270135879517,-0.45624399185180664,0.9418630599975586,-0.19241414964199066,-0.29108354449272156,1.2388744354248047,-0.7570337653160095,-1.8669230937957764,-0.9669772982597351,-1.0875834226608276,-0.22169362008571625,-0.2045261412858963,0.9653863310813904,2.2149527072906494,2.043032169342041,-0.07574304193258286,0.6784290075302124,0.4059746563434601,-0.9189715385437012,-0.7425035834312439,2.8616886138916016,-0.013763651251792908,0.9944159984588623,1.625529170036316,-1.2736867666244507
1.6154541969299316,-1.6523035764694214,0.5152899622917175,-0.7726867198944092,-1.619149923324585,-0.7006533741950989,-1.992988109588623,1.03355872631073,0.3571486473083496,-0.5718424320220947,0.511908233165741,2.5137133598327637,-1.6089873313903809,-0.5540039539337158,1.7600549459457397,-0.48400163650512695,-0.8418503999710083,-0.4154793918132782,-1.1658105850219727,1.489012360572815,0.4339398741722107,0.748833954334259,-0.6517044901847839,0.3468624949455261,0.1433594524860382,-0.9369430541992188,-0.2412967085838318,0.7498070597648621,-1.6141129732131958,0.20870304107666016,-0.5098000764846802,-1.2215884923934937,-1.3083196878433228,0.18817667663097382,0.6778425574302673,-0.7699407339096069,0.8794437050819397,-0.9656428694725037,0.7463691830635071,1.2295442819595337,0.12001733481884003,1.3933460712432861,-0.4647655189037323,-1.1364145278930664,0.6376169919967651,0.7135266065597534,-0.127257838845253,-0.08008536696434021,-0.5546680092811584,-1.3226929903030396,1.1271371841430664,0.7165099382400513,0.9355233907699585,-0.9317480325698853,0.6364684700965881,-0.5943800806999207,-0.9250639081001282,-1.5486116409301758,-1.3490345478057861,-0.8188995718955994,1.4166868925094604,0.29879987239837646,-0.3489789366722107
-0.23986488580703735,-1.0738226175308228,-1.0754283666610718,-0.5538478493690491,-0.527642548084259,0.9529620409011841,-0.0562751367688179,-0.24036775529384613,-0.9968575239181519,-0.2863771915435791,-0.3797317147254944,0.07757757604122162,0.19412294030189514,-0.5119879245758057,0.4807167053222656,-1.3707382678985596,1.1156889200210571,-0.21128933131694794,-0.31530576944351196,-1.2877188920974731,-0.8020139932632446,0.5962769389152527,-1.763809084892273,-0.38928937911987305,-0.6134956479072571,-1.2528831958770752,-0.8052957057952881,0.6830081939697266,-0.38813602924346924,1.1183040142059326,-1.5808510780334473,0.6041005849838257,0.08455611765384674,-1.1894723176956177,-1.2997599840164185,-1.110084056854248,-1.4871355295181274,0.775281548500061,-0.6759824156761169,0.9879652857780457,-2.3671491146087646,-0.6031466722488403,-0.38266173005104065,-0.5614044666290283,-2.061507225036621,-0.385990709066391,0.1708621084690094,0.13036763668060303,0.043778881430625916,-0.40780386328697205,-0.9998425841331482,-0.727993369102478,-0.4009523391723633,-0.4620456099510193,0.1636131852865219,0.3644370436668396,0.2326783686876297,0.12743619084358215,-1.9626308679580688,0.2424827367067337,0.5408296585083008,1.1636607646942139,-1.3631764650344849
0.16730543971061707,0.9038054347038269,-0.6313344240188599,-0.2912956774234772,-0.8429009318351746,0.4432998299598694,2.9436964988708496,-1.2067699432373047,-0.03333379328250885,1.4151297807693481,-0.793190062046051,1.8851062059402466,0.0019686236046254635,0.12345387041568756,0.5636454820632935,0.7040859460830688,-0.898070216178894,-0.7468383312225342,-1.5564180612564087,0.12157227843999863,-0.4712326228618622,-1.1625663042068481,-0.9286198019981384,-0.48608776926994324,0.8915478587150574,1.2125461101531982,-0.14422805607318878,-0.7100516557693481,-1.8403161764144897,0.9552280306816101,0.45558470487594604,-0.840003490447998,-0.33123236894607544,-1.1773251295089722,0.09606757760047913,-0.8137472867965698,0.668680727481842,-1.0694512128829956,0.2898353636264801,0.4719429910182953,0.5525450706481934,0.8846793174743652,0.07626011222600937,0.6777663826942444,-0.1744338572025299,-2.143212080001831,-0.932895302772522,1.4118887186050415,-0.5926491022109985,-0.21242709457874298,1.3065040111541748,0.55754154920578,-0.6735854744911194,0.7664305567741394,-1.0783551931381226,0.1983727514743805,-1.4204763174057007,2.0935218334198,-0.16514134407043457,-1.2886292934417725,1.0381184816360474,-1.1110574007034302,-1.3901034593582153
1.242822289466858,-0.1978856325149536,0.48676401376724243,0.4166138768196106,-0.16064488887786865,0.7435500621795654,-0.6548101305961609,0.528373122215271,-0.5062534809112549,-0.2865295708179474,1.1419051885604858,0.31125375628471375,-1.0866739749908447,-0.04564657062292099,-1.6533328294754028,-1.0233497619628906,0.11038511991500854,-0.5272179245948792,0.6541550755500793,1.2882777452468872,0.7854709625244141,-0.20472607016563416,-0.7853585481643677,-0.2885541319847107,0.6555702686309814,0.44051098823547363,0.9484896063804626,0.17776967585086823,-0.547947108745575,-0.639408528804779,-1.0645438432693481,0.9100897312164307,-0.4231061041355133,1.212486743927002,-0.20843985676765442,-0.18101650476455688,0.3035333454608917,0.6619530916213989,-0.8695282340049744,-0.5942457318305969,-0.7682585716247559,1.022598385810852,-0.1461457759141922,0.5300374627113342,-0.48346126079559326,-1.6196094751358032,0.24482853710651398,0.10062947124242783,0.5174344182014465,0.14313289523124695,-0.10309344530105591,1.2792584896087646,-0.3773212432861328,0.2229435294866562,-0.444074422121048,-0.4048745036125183,0.0478283129632473,-0.8100259900093079,-0.058981750160455704,0.2776002585887909,0.5883913636207581,-1.5811470746994019,1.1966646909713745
-0.43590083718299866,-1.0889323949813843,-1.328547477722168,0.20567144453525543,-1.0033276081085205,0.5140073895454407,0.9123193025588989,1.8027833700180054,0.7267055511474609,-1.5955532789230347,-1.5614312887191772,-1.2897921800613403,-1.1628615856170654,0.7852360606193542,1.3319249153137207,-0.7706977725028992,-1.4036928415298462,-1.0611621141433716,0.18858188390731812,-1.381371259689331,1.4128972291946411,1.759705662727356,-2.5471158027648926,-0.7980336546897888,0.4282676875591278,-0.06836947798728943,-1.1891652345657349,1.3187013864517212,-0.3436006009578705,-3.455625057220459,1.1993054151535034,-1.1522719860076904,0.6756616830825806,-0.8666200637817383,0.7022916078567505,2.1859641075134277,-0.2694892883300781,-1.5284712314605713,-0.6554026007652283,-1.4729410409927368,0.791809618473053,-1.0087571144104004,-0.2715030014514923,-1.2705379724502563,-0.4026123583316803,-0.4676525890827179,0.47419390082359314,-0.4069226086139679,0.32402342557907104,-0.49925872683525085,-1.192832589149475,0.45599743723869324,1.5509241819381714,0.9690832495689392,1.0266249179840088,-1.379676342010498,0.21178409457206726,-0.6197039484977722,-1.184918761253357,-0.2272757738828659,-1.7895339727401733,-0.21338868141174316,-1.7029269933700562
1.2092787027359009,-1.2551801204681396,0.653367280960083,1.5035762786865234,-1.5935918092727661,0.5243247151374817,-2.000397205352783,1.1004449129104614,-0.1351134330034256,1.1341848373413086,1.123012661933899,-0.9237446784973145,1.120324730873108,-0.4241827726364136,0.4907107353210449,-1.6966959238052368,0.28630390763282776,-1.6312816143035889,-0.544726550579071,-0.35550060868263245,-1.0692932605743408,0.8280249834060669,-0.9705790281295776,-1.0576698780059814,0.2144198715686798,0.21898096799850464,1.4577842950820923,0.6424382925033569,0.9894009828567505,-0.22727526724338531,-1.1557941436767578,1.6923103332519531,-1.3163816928863525,0.6614528298377991,1.519906759262085,-0.8902678489685059,-2.0481135845184326,-0.14350351691246033,-0.10942655056715012,0.6394764184951782,0.2892955541610718,-0.8326941132545471,0.6150426864624023,1.3978004455566406,1.4006668329238892,1.0358504056930542,-0.44247451424598694,-1.3210020065307617,2.0914247035980225,1.4847086668014526,-2.53896164894104,-2.355841636657715,1.4499741792678833,-0.6774129867553711,2.2368359565734863,-0.7410035133361816,1.0586788654327393,-1.6197692155838013,1.0308623313903809,-0.19062687456607819,0.564967930316925,0.7769103646278381,0.1869715303182602
0.24661441147327423,-0.5753852128982544,-0.37918612360954285,-1.4718230962753296,-0.6303324699401855,-1.4320045709609985,0.6893044114112854,0.560552179813385,-1.0816771984100342,-0.351360559463501,2.6201324462890625,2.255436658859253,0.11745857447385788,-2.0995936393737793,1.1491634845733643,-0.7178593873977661,-0.692718505859375,-0.7628161311149597,-0.35265445709228516,1.6282730102539062,-0.580661952495575,-0.3481275737285614,0.1989796757698059,-2.07962965965271,1.1227028369903564,1.8049410581588745,-1.047312617301941,-1.9583603143692017,-0.12414097785949707,1.6748430728912354,0.19622330367565155,-0.7254257202148438,0.2528887391090393,0.0717049241065979,1.168397307395935,0.32101941108703613,-0.016874371096491814,0.19746707379817963,-0.5213987231254578,0.20785321295261383,-0.8635528683662415,1.5347936153411865,3.843938112258911,0.10383731126785278,-0.38244107365608215,1.1885700225830078,1.7409815788269043,0.877440333366394,-1.4863977432250977,0.1550757735967636,0.6147202253341675,0.049308985471725464,0.3695090711116791,0.5143934488296509,-0.9222438335418701,-0.5399985313415527,-0.5985172986984253,-0.5174337029457092,1.339821457862854,-0.8048496246337891,0.30130836367607117,2.1530680656433105,-0.6226977109909058
0.12289106845855713,0.20580388605594635,1.4285129308700562,-0.9445890784263611,-2.628607988357544,0.07703419774770737,-0.3996135890483856,0.46536239981651306,1.0713529586791992,-0.7446163296699524,-1.6675467491149902,0.8111714720726013,0.20486213266849518,-0.2142779380083084,0.6416034698486328,-0.5290626287460327,-0.5052454471588135,-2.30020809173584,-1.8229644298553467,-0.11343483626842499,0.3326009213924408,0.09686397761106491,0.9562238454818726,-0.2823171615600586,1.039268136024475,-0.7823565006256104,-0.11730492115020752,0.18327321112155914,0.6873670816421509,-0.17018353939056396,1.7929110527038574,0.660130500793457,-1.2834019660949707,0.43863463401794434,1.2213186025619507,-0.31702354550361633,1.0196574926376343,-0.2352718859910965,-1.668757438659668,-0.4669911861419678,0.4290040135383606,1.5146011114120483,0.79234778881073,-0.001682570669800043,-0.6378692388534546,0.1737445741891861,0.6076063513755798,1.41074800491333,-1.0096344947814941,-0.5591016411781311,0.16061051189899445,-0.02355736307799816,0.3109133839607239,-2.470505714416504,0.1735674887895584,-0.4286695718765259,-0.5921103358268738,0.12239350378513336,-0.9925429821014404,-2.252540111541748,1.1460063457489014,0.16858138144016266,0.3697602152824402
-0.8484429717063904,-0.09760694950819016,-1.1018469333648682,-0.9768041968345642,-0.9037126302719116,-0.8766002655029297,0.9210816621780396,0.5888722538948059,0.6125407814979553,-0.36864691972732544,-0.16380727291107178,1.0772669315338135,-1.9106777906417847,-0.11983353644609451,0.8417292833328247,-1.3248345851898193,-0.40195778012275696,-0.6554716229438782,0.20319773256778717,1.1039698123931885,0.2469847947359085,1.6958578824996948,-1.0676019191741943,-1.249723196029663,0.2835143506526947,1.2721949815750122,0.7507365942001343,0.5629574656486511,1.1761327981948853,0.5625754594802856,0.8142367005348206,-0.10916870832443237,-1.069238305091858,0.6512091159820557,-0.7090311646461487,-0.27947020530700684,-0.22973574697971344,1.6548588275909424,-1.992629885673523,-0.27583128213882446,0.8374512195587158,-0.09046604484319687,-1.1117634773254395,-0.6530900001525879,2.000584602355957,-0.981860876083374,1.471551775932312,0.5980972051620483,-1.2138968706130981,-1.34317946434021,0.4211467206478119,-0.2560631334781647,-2.861748695373535,-0.20020288228988647,0.994199812412262,-0.43152517080307007,-1.9897267818450928,-0.3567499816417694,-0.000961861340329051,0.618597149848938,0.23703397810459137,0.6031306982040405,0.937679648399353

Slice 33
0.16790276765823364,2.0258853435516357,-0.8120599985122681,-0.2397843301296234,-0.006071350071579218,-1.2994836568832397,-0.01764899678528309,0.1422504484653473,-0.2967202961444855,-1.1802209615707397,-0.46873146295547485,0.24742048978805542,1.4039735794067383,-0.2878910005092621,0.29661205410957336,-1.4421730041503906,-1.1193794012069702,-1.3135751485824585,-0.45912691950798035,-0.6058885455131531,-0.16660435497760773,0.007649791892617941,-0.0333314873278141,-1.2459861040115356,0.11224938929080963,1.2726761102676392,0.2738218605518341,0.3551088869571686,1.6584937572479248,-0.8279557228088379,-1.3726476430892944,0.34441128373146057,-1.5442417860031128,-0.6905568242073059,-0.1948012411594391,0.983568549156189,0.7810425162315369,-2.0216870307922363,-0.18572163581848145,0.2561950087547302,0.7400711178779602,0.9679750800132751,-0.44514915347099304,0.41768163442611694,0.9836819171905518,-0.43891921639442444,-1.4868797063827515,-0.6457366943359375,1.0816864967346191,-1.2370644807815552,-1.0125995874404907,-0.570806086063385,1.2946548461914062,0.6429010629653931,-0.12267747521400452,0.16945071518421173,0.5940099358558655,0.009102419018745422,0.27051404118537903,1.7625757455825806,-0.5829814076423645,-0.8705518841743469,1.0926496982574463
-0.6643699407577515,0.16219264268875122,2.219236373901367,1.5253033638000488,-0.3095930218696594,1.5255519151687622,-0.20870916545391083,-0.9121911525726318,-0.3536013066768646,1.2374171018600464,-0.7529258728027344,-0.43165960907936096,-0.4236803948879242,0.6839746236801147,0.3608897924423218,-0.14154939353466034,1.317759394645691,-1.3823508024215698,-1.5428682565689087,-0.5034043192863464,0.36342141032218933,0.27150577306747437,0.029656099155545235,-0.13539741933345795,0.2937394976615906,-1.5828555822372437,-0.6448502540588379,-0.8933690786361694,1.5470517873764038,0.7892897725105286,0.3475692868232727,0.3702426850795746,0.6207948327064514,0.7473934888839722,0.9461092352867126,0.4186142683029175,-0.17831426858901978,-0.0813409835100174,2.0890188217163086,1.0684236288070679,1.095545768737793,-0.3942120373249054,-0.6086992621421814,1.4435211420059204,0.5787246823310852,-0.6435472965240479,0.6317782998085022,1.3713778257369995,-1.5197441577911377,-0.2867755591869354,-1.3445631265640259,-1.3623483180999756,-1.1809439659118652,-1.2716779708862305,0.9943670034408569,0.9024533629417419,0.010335337370634079,-0.5436244010925293,-0.8400184512138367,-1.119825839996338,-0.8225692510604858,-0.6496265530586243,-1.844353437423706
0.1522413194179535,0.7609339952468872,-0.43898192048072815,0.13533595204353333,1.2997363805770874,-0.7823621034622192,0.42853134870529175,0.29214203357696533,1.6450167894363403,1.2713379859924316,-1.5644296407699585,-0.48498713970184326,-0.5555979609489441,-2.4321963787078857,0.16100899875164032,-0.7234242558479309,0.617350697517395,-1.0601288080215454,0.5313317179679871,-0.7524533867835999,0.8242151141166687,-1.4275000095367432,1.1939263343811035,1.3129209280014038,0.6410700082778931,-1.3033937215805054,0.357284814119339,0.45347654819488525,-0.03644203767180443,-0.387210875749588,-0.2709628939628601,0.9717068672180176,0.7027519941329956,-0.6061457991600037,2.9217681884765625,-0.04394125938415527,-0.2839970588684082,-0.19792509078979492,0.06231590360403061,2.0154945850372314,-0.9004018306732178,-0.5759643316268921,0.7132324576377869,-0.26121774315834045,1.3217841386795044,-0.44297006726264954,-1.0180326700210571,-0.9529449343681335,0.6857141256332397,0.6379498243331909,-1.0483410358428955,-1.6256567239761353,-0.5750575065612793,1.0030616521835327,1.3573729991912842,-0.29830220341682434,0.12551267445087433,-0.2985037565231323,1.3584942817687988,0.21550236642360687,-0.27815595269203186,0.281896710395813,-0.4903598129749298
1.179972767829895,1.7916240692138672,-0.21772664785385132,-0.18758004903793335,0.9114606380462646,0.8890663385391235,1.1499404907226562,0.12068376690149307,0.8791883587837219,2.2187509536743164,-1.2362958192825317,0.45654070377349854,0.23127615451812744,-1.3746137619018555,-1.3783326148986816,1.2235478162765503,-0.5109918713569641,-0.7196944952011108,0.2621116042137146,-0.41435617208480835,0.25634533166885376,2.112656831741333,0.8935210108757019,-0.6027266383171082,0.6016258597373962,-0.39950037002563477,-0.722449004650116,-0.7217733860015869,-1.5192418098449707,1.0849928855895996,1.5290144681930542,0.7412649989128113,1.6516607999801636,0.2435441017150879,0.059772416949272156,-0.9748148918151855,1.9627747535705566,-0.8447040915489197,1.1630992889404297,-0.3431774079799652,-0.190583735704422,0.7252174019813538,-0.8854829668998718,0.7529951333999634,1.3634154796600342,-1.4075720310211182,1.385216236114502,-0.42746853828430176,-0.02481534704566002,-0.08371403813362122,-1.4039561748504639,-1.0556584596633911,0.12486694008111954,-0.6837040781974792,-0.3289562165737152,-0.18260805308818817,1.1588183641433716,-0.6988149285316467,-1.5518921613693237,0.02785077691078186,-0.29968252778053284,-0.9337899684906006,0.23797860741615295
0.7639254331588745,0.3619827926158905,0.26598405838012695,0.21462880074977875,-0.9271343350410461,0.2777145504951477,-1.161194086074829,-0.014515707269310951,0.14948605000972748,1.7079882621765137,-0.8588588237762451,2.2923014163970947,-0.7429491877555847,1.2033183574676514,0.9518542289733887,-0.1696016937494278,0.9287872314453125,-2.4299352169036865,-0.4187602698802948,-2.153205156326294,0.01444705855101347,1.1424089670181274,1.443332314491272,1.0196807384490967,0.5704585313796997,0.2338150143623352,-1.1355167627334595,0.9960975646972656,-0.2293817102909088,0.852263867855072,-0.8634064197540283,-0.5824071168899536,0.3520764708518982,0.15879666805267334,-0.24603773653507233,-1.7932788133621216,-1.3732608556747437,1.3327654600143433,0.48702117800712585,0.7916848063468933,-0.11449925601482391,-0.5291100144386292,0.7541390061378479,-0.5840862393379211,-0.3938664197921753,-0.27806544303894043,1.1888022422790527,-1.784579873085022,-0.08982956409454346,-0.9202591180801392,-1.959720492362976,-1.6635620594024658,-1.1432520151138306,-0.4867248833179474,-1.354346513748169,-0.9858808517456055,-0.7503125667572021,-1.1098672151565552,-0.42186790704727173,-0.16699257493019104,0.23205424845218658,1.072084903717041,1.3743464946746826
-1.0063886642456055,-0.1313575655221939,-0.4866754412651062,-0.23857451975345612,1.4212076663970947,1.821561336517334,0.9642347097396851,-1.9503881931304932,1.5475095510482788,-0.4662910997867584,-1.2126190662384033,-1.0484353303909302,-0.21593257784843445,0.40267857909202576,-0.12597490847110748,-0.3423512876033783,0.3607533276081085,-1.6795016527175903,1.7074042558670044,-0.7999239563941956,-0.13559387624263763,0.9845504760742188,-0.3336670994758606,2.027937412261963,0.465420126914978,0.34658190608024597,1.3282546997070312,-0.15206851065158844,-0.8101665377616882,0.4921058118343353,0.524306058883667,1.757815957069397,0.9306545853614807,0.632332444190979,1.3373637199401855,0.2816452383995056,1.46303129196167,0.8309690356254578,0.8653363585472107,0.4175240099430084,0.6468806862831116,1.7173186540603638,1.5705605745315552,-0.7738876342773438,-1.325061559677124,-2.730156660079956,0.9427874684333801,-1.240250825881958,-1.4585374593734741,-0.6652155518531799,-0.47798457741737366,-1.019193410873413,-0.10187417268753052,0.33583033084869385,0.3650917410850525,-1.3892011642456055,-0.9741207361221313,-0.4433627426624298,1.0369634628295898,-0.48800474405288696,1.857028841972351,1.2281521558761597,-2.6429145336151123
0.12413237988948822,-1.2839347124099731,-0.0779184103012085,-0.9836949706077576,1.6361923217773438,-0.5317432880401611,0.28585126996040344,0.15542446076869965,-0.5474851131439209,0.24822409451007843,1.0777102708816528,-1.049890398979187,-0.9276778697967529,1.5674411058425903,-2.376925468444824,0.6387999057769775,-1.0659739971160889,1.116056203842163,0.6801434755325317,-0.2568988800048828,-0.2589254379272461,-0.44468382000923157,-1.53509521484375,-1.2244651317596436,-1.3119571208953857,-1.1448360681533813,1.0900028944015503,-2.302318811416626,0.8597869277000427,-0.5089603662490845,0.43382692337036133,-0.017320657148957253,0.6624329686164856,-1.4009729623794556,1.0977140665054321,0.886070966720581,0.46067091822624207,-1.1320257186889648,-0.7638757824897766,0.024858536198735237,0.7116135358810425,0.5402921438217163,-0.8917725086212158,-0.3508829176425934,1.2536178827285767,-0.5631178617477417,0.14449521899223328,1.0830450057983398,-0.18987751007080078,0.853783130645752,-0.3847624659538269,0.6720085740089417,1.285611629486084,1.0431182384490967,0.58375084400177,0.08881133049726486,-1.425413966178894,2.265284776687622,-0.024533245712518692,-0.14963187277317047,1.8850528001785278,0.7955853343009949,-0.8591035604476929
0.7937493920326233,-1.120336890220642,0.7594518661499023,0.6422004103660583,0.9757487177848816,0.35816216468811035,-0.8967530131340027,1.5192601680755615,0.7136258482933044,-0.9652675986289978,-0.18019846081733704,0.06569814682006836,2.0733182430267334,-0.17228318750858307,-0.2565240263938904,1.0039923191070557,-0.16775383055210114,-0.11227172613143921,-0.7671815156936646,0.2146330624818802,-0.4135715067386627,-0.28732454776763916,-0.1723295897245407,0.08053499460220337,0.3174460530281067,1.4538086652755737,0.3895283341407776,0.6103153228759766,-0.5765206813812256,-0.3951224386692047,0.5481730103492737,1.412550449371338,1.5432617664337158,1.258781909942627,0.7467424869537354,0.09002985060214996,0.5122088193893433,-0.11405420303344727,0.9193708896636963,-0.18214860558509827,-0.220399409532547,1.969198226928711,0.6522224545478821,-1.446588158607483,0.953127384185791,0.8475159406661987,-1.041395664215088,0.3906947374343872,-0.3723772168159485,1.7307569980621338,0.037230171263217926,-0.24506926536560059,0.034183476120233536,-0.9431694746017456,1.2071542739868164,-0.974827229976654,-0.931835412979126,0.6074891090393066,1.3404837846755981,-1.3258769512176514,-0.795127272605896,0.8044561147689819,-1.7868777513504028
1.3595181703567505,-0.23392775654792786,-0.3102255165576935,2.397698402404785,0.26747992634773254,1.1060655117034912,0.5051707625389099,-0.9435495734214783,-0.7688381671905518,-0.42259669303894043,1.9147847890853882,0.26735979318618774,-0.4387873113155365,0.9588944315910339,0.3061809539794922,-1.4167193174362183,1.138962984085083,0.4847530126571655,1.1559810638427734,1.4957112073898315,1.3769147396087646,0.255477637052536,1.2150877714157104,-0.06772993505001068,0.2601619064807892,-0.09939396381378174,1.3526549339294434,-1.9569041728973389,0.18559645116329193,1.2798128128051758,0.3705808222293854,-0.5004675388336182,-0.7040799260139465,0.7661763429641724,-0.015970924869179726,0.34412631392478943,0.13621161878108978,-1.6690033674240112,-1.4380974769592285,0.2831094563007355,0.8882049322128296,-0.3761043846607208,-0.2623600661754608,-0.039887797087430954,-1.7027472257614136,-1.7649407386779785,0.42966169118881226,-0.13909944891929626,1.910872459411621,-0.5977532863616943,-0.08273056894540787,-0.09717077761888504,-1.4723066091537476,-0.9485296607017517,-0.6527816653251648,0.3967744708061218,5.0163907872047275e-05,-0.24437467753887177,-0.7071449160575867,0.37665989995002747,0.8029992580413818,1.1897461414337158,-0.532243013381958
0.0974416509270668,0.5337272882461548,0.13235312700271606,-1.21902596950531,0.9625710844993591,-0.3738420009613037,0.2137768566608429,-0.741047739982605,-1.7687406539916992,0.21621203422546387,-1.0381715297698975,0.4801749289035797,0.4119117558002472,-1.1652249097824097,-1.4096759557724,0.32393673062324524,0.7872512340545654,0.3290817141532898,1.5522714853286743,0.45181211829185486,0.8348376750946045,-0.2173050194978714,-0.36994269490242004,0.7138173580169678,-2.5179262161254883,1.3477373123168945,0.48218557238578796,0.9390168190002441,0.7843671441078186,-0.40472081303596497,0.524664580821991,-1.4254721403121948,0.034651145339012146,0.06283947825431824,1.148923635482788,-0.2667442560195923,-0.44424596428871155,1.0704929828643799,-0.8047500252723694,1.2469223737716675,-0.4697415232658386,-1.5974212884902954,0.7483128309249878,-0.6656783819198608,0.09809242933988571,-0.3419833183288574,-1.1371290683746338,-0.3311886787414551,-0.4098224937915802,0.22280405461788177,-1.066719651222229,-2.3001067638397217,-1.4627665281295776,0.4521233141422272,0.18485918641090393,-0.9622948169708252,1.0615925788879395,-0.14094588160514832,1.0284159183502197,-0.6877498030662537,0.26935678720474243,0.14305482804775238,-2.0199623107910156

Slice 34
0.21172209084033966,0.27826064825057983,1.3803991079330444,-0.1927633285522461,-0.0974263921380043,-0.3886742889881134,0.8068074584007263,1.4632964134216309,-1.5831894874572754,0.6775493621826172,-1.0630910396575928,0.3235571086406708,0.2849932610988617,-1.0115211009979248,-0.36019912362098694,1.683506965637207,0.6722913384437561,-0.9069583415985107,1.30530846118927,0.7054911255836487,-1.3292319774627686,-1.1677706241607666,1.2577334642410278,-0.8086807131767273,-1.2559094429016113,-0.02449023351073265,1.014264464378357,-0.5681201815605164,0.7656280398368835,-1.146134376525879,1.2144254446029663,0.8451018333435059,0.6195476055145264,1.134495735168457,0.10478530824184418,-0.5482019186019897,0.10776486992835999,-0.668854832649231,1.0734976530075073,0.20399290323257446,-1.3613706827163696,1.086275577545166,-0.16509312391281128,-0.3121079206466675,2.587987184524536,0.32399043440818787,-0.08152298629283905,1.6794629096984863,2.2309937477111816,1.1048634052276611,-1.4699835777282715,0.1402694135904312,-1.911576271057129,-0.24993067979812622,0.029718445613980293,-1.3368549346923828,0.20445291697978973,-0.027113480493426323,-1.2551014423370361,-0.6051645874977112,-0.26932936906814575,0.6020563840866089,-0.5311297178268433
2.162569761276245,2.412482976913452,-0.06652701646089554,-0.7442888617515564,0.3918200433254242,-0.4613918662071228,-0.8568109273910522,0.1265767365694046,-0.22596342861652374,0.3414599597454071,-0.7432242035865784,0.9410643577575684,-0.5793716311454773,-0.8156224489212036,1.9500027894973755,0.9314630031585693,-2.105602502822876,-0.5235381126403809,1.7907294034957886,0.4647582471370697,0.3893834948539734,1.3103798627853394,-0.1444404274225235,-0.8264880776405334,-0.6860394477844238,-0.06970323622226715,0.6122806668281555,-1.2872695922851562,-1.6118322610855103,0.08139123767614365,-0.7956537008285522,1.5175079107284546,1.0137652158737183,-1.3657079935073853,-1.3312559127807617,-0.2066841870546341,-0.05470756068825722,-0.4265401065349579,0.5164439082145691,-0.07753544300794601,-0.26001375913619995,0.6296640634536743,-0.568557620048523,1.1334795951843262,1.278802514076233,0.7412697672843933,-0.660546064376831,0.6825257539749146,-0.4551983177661896,0.07202337682247162,0.02677728794515133,-1.5836468935012817,0.5023463368415833,-1.9599717855453491,0.8288963437080383,0.5088417530059814,-0.5394777655601501,0.27646520733833313,0.9444946050643921,0.3605051636695862,-1.4658797979354858,-0.315707802772522,-1.1702543497085571
0.928575873374939,0.8787062168121338,1.0412150621414185,-1.0632622241973877,-0.551478385925293,0.6976208090782166,-0.7260589003562927,-0.33333683013916016,0.24993683397769928,-0.2161179631948471,-0.9467384815216064,0.1469021737575531,-0.5491322875022888,1.1245570182800293,0.2817186415195465,0.2686145305633545,0.3867303729057312,-0.38896268606185913,1.9108142852783203,1.644460916519165,-2.1207032203674316,-0.7290056943893433,0.442050576210022,-0.14736486971378326,0.5107479691505432,-1.208215355873108,-0.3528088927268982,0.8790713548660278,1.0839754343032837,1.2353839874267578,-0.004368344321846962,-0.28446513414382935,0.29768598079681396,0.23460941016674042,-0.29404035210609436,1.483521580696106,0.6777098178863525,-0.41394028067588806,1.2790024280548096,0.5528318881988525,0.036821674555540085,-0.9723131060600281,0.19833441078662872,0.8933786749839783,0.6626539826393127,-0.9822941422462463,1.503813624382019,-1.5858535766601562,-1.737217664718628,1.180155634880066,0.052267249673604965,0.5137486457824707,0.9459958672523499,0.30669936537742615,1.2568110227584839,-1.304473876953125,-0.21458260715007782,1.558284878730774,-1.0307714939117432,-0.037931542843580246,0.15624766051769257,1.3588887453079224,0.8203771710395813
-1.3298134803771973,0.9027712345123291,0.7893330454826355,0.060120873153209686,0.46367716789245605,-0.026492660865187645,0.07319989055395126,-0.5913628935813904,-1.5210767984390259,0.6619427800178528,-0.46292999386787415,0.8216074109077454,0.7037607431411743,0.07737424224615097,1.804692268371582,0.6898401975631714,0.34210512042045593,1.3863625526428223,-0.7533494830131531,0.06369835138320923,-0.530785083770752,-2.1740546226501465,0.11145597696304321,-0.6298606395721436,-0.36705660820007324,-0.588078498840332,1.3823076486587524,0.12613295018672943,-0.018063250929117203,-0.5013342499732971,1.6094733476638794,0.8371843695640564,0.704350471496582,-0.2661851942539215,-0.23068100214004517,-0.7174649834632874,-1.8008469343185425,0.7833977937698364,0.016885321587324142,-0.5048747062683105,-1.119754433631897,-1.830712914466858,0.7093762755393982,0.10454566031694412,0.8807010650634766,-0.2679053544998169,-0.06165723130106926,0.05078086256980896,-0.5518227219581604,-0.07827338576316833,1.3383920192718506,0.48077207803726196,-0.547338604927063,-0.5652055740356445,-2.7296292781829834,-0.587944746017456,1.3467196226119995,-1.9002457857131958,-1.814024806022644,0.054147254675626755,0.4258125126361847,0.29776737093925476,-0.4731941223144531
0.3090227544307709,0.16074912250041962,-0.02503916807472706,-0.2206708788871765,-0.04365045949816704,-0.25435519218444824,-0.6496080756187439,-0.5366702079772949,1.0823670625686646,0.6533946394920349,0.36492496728897095,1.1876391172409058,-0.05113722011446953,-0.20053470134735107,0.06981755793094635,-0.20674492418766022,0.5367722511291504,1.4123334884643555,-1.3857353925704956,-0.21757735311985016,-0.06799785047769547,0.55445796251297,-0.4907282888889313,2.1201462745666504,1.467268466949463,-0.6024437546730042,-0.5455735921859741,-0.16870298981666565,-1.3144186735153198,1.166547179222107,-0.343578040599823,1.616621494293213,1.0861738920211792,0.26218846440315247,-0.9767343997955322,1.6933166980743408,1.8787550926208496,-0.09493745118379593,0.08080357313156128,-0.8050479888916016,0.030375123023986816,-0.43308812379837036,-0.23968897759914398,1.543527364730835,-0.6130436658859253,-0.48300015926361084,-0.3713918626308441,1.2216482162475586,-0.744259774684906,-0.27678924798965454,0.2114645540714264,-1.0249018669128418,0.27835386991500854,0.35550132393836975,0.32065919041633606,0.5013769268989563,0.02814025618135929,1.5359317064285278,-0.1830359846353531,1.0492238998413086,-0.3356678783893585,-0.5852872133255005,1.7927414178848267
-0.03188233822584152,-1.0389398336410522,-0.27342021465301514,-0.9174980521202087,1.1684420108795166,-0.2598645091056824,-1.215352177619934,-2.5754520893096924,0.5638523697853088,-1.8210920095443726,1.1740516424179077,0.24047966301441193,-0.8578696250915527,0.6315367817878723,-1.3268953561782837,-0.07561259716749191,2.102140426635742,-0.37919387221336365,0.6563788056373596,0.2866062521934509,-0.8901106715202332,-0.5832545161247253,0.1408887356519699,0.5152657628059387,0.4376167356967926,-0.883075475692749,1.3837838172912598,0.9882606863975525,-0.4918808341026306,-0.43174436688423157,1.0387076139450073,-0.11909442394971848,-0.7049649357795715,1.1228569746017456,-0.9486103653907776,0.3290390372276306,-0.038629863411188126,-0.3916996419429779,-0.5604426860809326,-0.1552952229976654,-1.5363572835922241,0.10409525036811829,1.6315526962280273,-0.9313692450523376,0.5778824687004089,0.798222005367279,1.3446866273880005,0.8073056936264038,0.12410353869199753,-1.384960651397705,-0.5091676712036133,0.30198928713798523,-0.20181089639663696,0.3240146338939667,-0.48152852058410645,-0.06589039415121078,1.3472161293029785,0.10283474624156952,-0.8026216626167297,-1.3589061498641968,0.39151638746261597,-0.9226445555686951,1.128860592842102
0.2063252478837967,0.28066563606262207,1.129951000213623,0.9410477876663208,-0.8331075310707092,-1.096803069114685,1.2659484148025513,-1.0270509719848633,-0.4822208285331726,-1.2677104473114014,-0.7721906304359436,1.704800009727478,1.1368255615234375,0.06942407041788101,0.36728256940841675,-1.3924709558486938,-0.5219057202339172,-1.2057948112487793,0.06107889488339424,-0.47000280022621155,-1.681079626083374,-0.05029313638806343,-0.19992093741893768,-0.4812096059322357,-0.47171029448509216,-0.8836109042167664,-1.4019527435302734,-0.606410026550293,-1.1678160429000854,-1.1164149045944214,-0.2827044129371643,-0.9325423836708069,0.9777794480323792,0.06090572476387024,0.4494723081588745,-0.2305537462234497,-0.6577228307723999,1.3109346628189087,-0.22810353338718414,1.0457321405410767,-0.7333868145942688,-0.8058515787124634,1.360823154449463,-1.1580685377120972,-1.3231312036514282,0.024685228243470192,-1.0927826166152954,0.5616888999938965,0.9361749291419983,-0.8773974180221558,-0.21102069318294525,1.5505086183547974,-0.3707016110420227,-1.6141607761383057,0.27369147539138794,-0.1623375415802002,0.6647626161575317,0.36748695373535156,-0.15662987530231476,-1.64409601688385,0.56080162525177,0.1339878886938095,0.11442358791828156
0.9649416208267212,0.0069274273701012135,0.5324625372886658,-0.9984005689620972,-1.5541905164718628,-1.8208452463150024,-0.07413004338741302,0.23215192556381226,0.25281623005867004,1.3504759073257446,0.20000006258487701,-0.46759721636772156,-0.48170188069343567,-0.7330446839332581,0.44854795932769775,-0.9542703032493591,-0.48891597986221313,0.008495759218931198,0.9043425917625427,-0.1910666823387146,-0.8668982982635498,-0.007132177706807852,-0.9405206441879272,0.9709246754646301,0.09655480831861496,0.7284106016159058,-2.3847179412841797,-1.6627376079559326,0.29645878076553345,-0.8153373599052429,0.45670032501220703,-0.1102866381406784,-1.1262929439544678,-0.9056053161621094,-0.8254623413085938,0.1777920126914978,0.9578685164451599,0.09670684486627579,-0.9990301728248596,-1.232130765914917,0.5226046442985535,-0.8230136632919312,-0.1373911201953888,-0.9484484195709229,-0.5415403246879578,-1.1877644062042236,-1.000382661819458,-0.9377468824386597,-0.33720967173576355,-0.7719626426696777,-0.4005279541015625,-0.12275547534227371,-0.8377512693405151,-1.1812728643417358,0.43693387508392334,-1.1255441904067993,-1.4254857301712036,0.6225672960281372,0.7202813625335693,-1.3134087324142456,-0.8823232054710388,-0.39065057039260864,0.804601788520813
-0.5951499938964844,-0.3498114347457886,-1.0750420093536377,0.2506906986236572,0.2953421175479889,0.29490503668785095,-0.397726446390152,-1.2614741325378418,1.1758984327316284,-1.0413546562194824,-1.094102382659912,-1.3166791200637817,0.3868601322174072,-1.0150617361068726,-0.6186199188232422,-1.0139468908309937,-0.08487002551555634,-0.802264392375946,-2.043048143386841,-1.1135460138320923,0.48645254969596863,0.3897951543331146,1.2807023525238037,-0.190572127699852,0.37536731362342834,1.4136301279067993,0.14960134029388428,-0.22390277683734894,-0.5189842581748962,-0.4907718002796173,0.7569527626037598,-2.112943410873413,-1.0241395235061646,0.8677501678466797,0.3322124481201172,-0.9678494930267334,-0.24452821910381317,0.3257327377796173,0.3140818476676941,0.16807666420936584,-0.5450519323348999,1.9822555780410767,-0.6519039273262024,-0.0031227748841047287,-0.8457849621772766,0.9079318046569824,-0.5649092197418213,-0.37590426206588745,-0.5985375642776489,0.03303853049874306,-0.6048774123191833,-0.7207593321800232,-0.21664990484714508,1.4218342304229736,0.6578386425971985,0.9126166701316833,0.4411942958831787,-0.25408586859703064,0.3395736515522003,-0.6542983651161194,-1.2855995893478394,-0.5754038095474243,-1.9708870649337769
-0.233123779296875,-2.0378668308258057,-1.2606256008148193,1.8033109903335571,-0.5389203429222107,0.07005287706851959,1.3161324262619019,-0.41727215051651,0.21926091611385345,0.137269526720047,0.9431926608085632,-1.359765887260437,1.3853273391723633,1.3498061895370483,-0.9649896621704102,0.4828478991985321,-2.1036431789398193,1.6309436559677124,-0.8970071077346802,1.0179479122161865,0.15346845984458923,0.953030526638031,2.2520127296447754,0.3685210943222046,-1.392898440361023,1.8827464580535889,-0.3061208128929138,1.004541039466858,1.0023629665374756,-2.5063247680664062,-0.240301251411438,-1.5539965629577637,-2.629054307937622,-0.6289234161376953,1.829859733581543,0.08804205060005188,0.4818803071975708,0.5475782752037048,-1.4230072498321533,-1.030199408531189,-0.5904372930526733,1.2597055435180664,-0.3609599769115448,-0.46828389167785645,-0.050064004957675934,1.266808032989502,-0.4675375819206238,-1.331705927848816,-0.8021605014801025,-0.41243353486061096,0.2121550589799881,0.9619554281234741,-0.5453490614891052,-1.074237585067749,0.6647961735725403,2.4123916625976562,0.06057816743850708,0.12967365980148315,1.3679327964782715,-1.6493735313415527,1.1698720455169678,0.11358846724033356,-1.086106300354004

Slice 35
-1.6603009700775146,-0.4027378559112549,-0.2519562840461731,-1.0275670289993286,1.1845579147338867,0.3437665104866028,0.268934041261673,0.22014375030994415,-1.301674246788025,0.9502193927764893,0.8660944104194641,0.5718362927436829,1.4089163541793823,0.9812546968460083,-0.5043171048164368,-0.5751376152038574,0.7571660280227661,-2.5736732482910156,0.7599750757217407,-0.7714399099349976,-0.20361237227916718,-0.15572738647460938,0.47317633032798767,-0.647953987121582,-0.0534299835562706,-1.2376831769943237,-1.9349697828292847,-0.7302675247192383,0.06031782180070877,-0.2869677245616913,-1.192002534866333,0.23197968304157257,-1.3580876588821411,-0.6015755534172058,-0.2969052791595459,-0.13627494871616364,0.98541259765625,0.17729203402996063,0.17609810829162598,-1.720471739768982,-1.0607283115386963,0.1620534062385559,0.46155980229377747,-1.3728312253952026,1.6538375616073608,0.3718589246273041,0.16419264674186707,-0.18386241793632507,-0.8052993416786194,0.18622136116027832,-0.6016346216201782,-0.230298712849617,0.29696032404899597,-0.12869003415107727,-0.6573734283447266,-0.34771281480789185,0.16339045763015747,-0.9545152187347412,-0.34229230880737305,-0.2530089318752289,-0.617769181728363,0.35258325934410095,0.15846851468086243
-0.2905634045600891,1.0020980834960938,-0.058663371950387955,-0.8929911255836487,-0.7338358759880066,-0.982414960861206,-0.2307354062795639,1.8914709091186523,-1.2449182271957397,-1.1515789031982422,0.2595173120498657,-0.0997515320777893,-1.3283499479293823,-1.0281777381896973,0.9163392782211304,0.6092016696929932,-0.24294617772102356,0.3556584417819977,-0.05772371217608452,0.4102821946144104,-0.5176801085472107,0.12580908834934235,-0.5219154357910156,-1.441701054573059,0.5073911547660828,-0.29419198632240295,-0.43981119990348816,-0.9327822923660278,0.7234933376312256,-1.0096172094345093,0.42646923661231995,-0.23119135200977325,0.08902070671319962,-2.321009874343872,-1.2946293354034424,-0.8519274592399597,-0.7410839200019836,-0.03202112391591072,-0.21238142251968384,-1.487937569618225,-0.5748401880264282,-0.9273366332054138,-0.12151181697845459,-0.0888957679271698,-0.348501056432724,0.008900327607989311,0.36632657051086426,0.7482905387878418,0.09307999163866043,-0.35881778597831726,-1.1003928184509277,0.32977399230003357,-0.19211150705814362,0.3984554409980774,-0.5764398574829102,0.7852746248245239,-0.7310290336608887,0.6004911661148071,0.09922032803297043,-1.2464247941970825,0.32393503189086914,0.17273420095443726,0.6518092751502991
1.1508480310440063,-0.07086487114429474,-0.3741890788078308,0.26168400049209595,0.0314333550632,-0.6759111285209656,-0.8400153517723083,-0.1414918601512909,-1.5029973983764648,-2.0947422981262207,-3.0919888019561768,0.0032765341456979513,0.4549887180328369,0.07263115048408508,0.9025257229804993,-0.8336359858512878,-1.1616404056549072,-0.2680620551109314,0.08633564412593842,0.7496397495269775,-0.7845160365104675,-1.4413655996322632,0.23398146033287048,-0.7096042633056641,-0.11321008205413818,0.029233336448669434,0.5185486078262329,0.2126907855272293,-1.0320374965667725,-1.0877807140350342,0.7443819046020508,0.13030889630317688,0.006125716492533684,-0.5149492621421814,-0.7286281585693359,1.0889900922775269,-0.6360002756118774,1.1973917484283447,-1.3824115991592407,-0.640657365322113,-0.6427651047706604,1.1485016345977783,0.5412682890892029,1.1246297359466553,-1.568910002708435,-0.6676686406135559,-0.8273441195487976,0.7841309309005737,0.1413077414035797,0.021466881036758423,0.353914737701416,0.7137866020202637,-0.8034515976905823,-0.2921491265296936,-0.7658869624137878,-0.5525824427604675,-1.2851945161819458,0.5734986662864685,1.2044414281845093,-0.25150811672210693,-0.43150198459625244,-0.35618454217910767,-2.3914411067962646
0.34786301851272583,0.7099421620368958,-0.6340498328208923,-0.1967763751745224,1.321397304534912,-0.31155115365982056,-0.6192536354064941,1.003856897354126,-0.20225809514522552,0.20396988093852997,0.7327600121498108,0.5939794182777405,0.7246827483177185,0.15851375460624695,-0.012544932775199413,-0.9109771847724915,0.8941198587417603,-0.7341489791870117,-0.13607026636600494,0.5469936728477478,-0.3807390332221985,-0.11547233909368515,0.6202544569969177,0.7290061712265015,0.2950665354728699,0.7830542922019958,0.6573865413665771,1.0133001804351807,0.5413796305656433,0.21578769385814667,-0.25894489884376526,0.5396403670310974,0.29898807406425476,1.252223014831543,-0.024738941341638565,0.45605823397636414,0.9760950207710266,-0.23384052515029907,-0.47891753911972046,0.4931861162185669,-0.6304283142089844,-0.15426717698574066,0.4349880814552307,0.8938590288162231,1.4797941446304321,0.8135045766830444,1.9057098627090454,0.8471101522445679,0.5644012093544006,0.7544964551925659,0.5883384346961975,-1.0866036415100098,2.55904483795166,0.22934024035930634,0.7073151469230652,0.05278848111629486,1.109734296798706,-0.8277511596679688,-0.027781646698713303,0.6246145367622375,1.3012330532073975,-0.04040950536727905,0.6480408906936646
2.0819785594940186,1.188438892364502,0.10760180652141571,-0.03295554965734482,0.03389311209321022,-1.5306073427200317,-1.2729594707489014,1.382128357887268,0.42584550380706787,-0.16444960236549377,0.015694696456193924,1.4941439628601074,-0.037456560879945755,-0.9726036787033081,0.32485684752464294,-0.8360267281532288,-0.5659123063087463,1.1869711875915527,0.6240353584289551,-0.4005844295024872,-0.9691762328147888,1.1713837385177612,-0.863014280796051,0.08310099691152573,0.002434832276776433,-0.872271716594696,1.4360452890396118,1.3969944715499878,1.170333743095398,1.2465049028396606,-1.8553738594055176,-0.41569983959198,0.6064949631690979,0.3380553722381592,0.7316526174545288,-0.9535810351371765,-0.1239716038107872,-0.863172173500061,-0.958516001701355,0.217400461435318,1.7186061143875122,-1.008310079574585,1.266239881515503,-0.33406341075897217,0.09340839833021164,0.3262040615081787,-0.9844865202903748,-0.4484817087650299,0.8500478267669678,-0.8376539349555969,0.3434385061264038,-1.0630382299423218,-0.03730841726064682,-0.41285601258277893,-0.7572227716445923,0.6652972102165222,0.3447583019733429,-0.07710213214159012,-0.48989346623420715,0.31883352994918823,0.6499284505844116,0.047685958445072174,0.6974702477455139
-0.043595511466264725,-2.037803888320923,0.12389203161001205,-0.29387009143829346,-0.23788441717624664,0.6621360778808594,0.3321361541748047,-1.1583164930343628,-0.570806086063385,0.2270067185163498,-0.9983068108558655,-1.221360445022583,-0.5706627368927002,-1.0396625995635986,0.03996029123663902,-0.4782053828239441,-1.9491828680038452,0.502843976020813,-0.3950667679309845,0.08173707127571106,0.30156049132347107,-0.8015295267105103,0.48555225133895874,0.6833088994026184,0.9248061180114746,-0.4234820008277893,0.8817112445831299,1.0585229396820068,0.3439781069755554,0.8943561315536499,-1.257643699645996,0.8072073459625244,0.12313510477542877,0.7293484210968018,1.0119255781173706,-0.441745787858963,-2.3022537231445312,1.038352131843567,0.6852013468742371,0.530392587184906,-0.7617067694664001,-0.022815104573965073,-0.48866742849349976,-0.34792932868003845,-1.960379958152771,1.2964651584625244,-0.8842176795005798,-1.8272243738174438,1.702989935874939,-0.5362040400505066,-0.7931216955184937,1.1088727712631226,-0.7783435583114624,1.5882967710494995,0.09122858941555023,-1.512858510017395,0.16963554918766022,-0.9348446130752563,1.6327540874481201,-0.7575570344924927,-0.48605701327323914,0.2419394701719284,-0.4218831956386566
0.2087232917547226,-0.9367808699607849,1.7862379550933838,-0.8018289804458618,0.2766827344894409,-0.5246976017951965,-1.4493299722671509,0.643493115901947,-0.5006486773490906,-0.05787641555070877,0.04179922863841057,0.8336670994758606,0.013601357117295265,0.4224843382835388,1.0466772317886353,-0.9602006673812866,-0.3347752094268799,-0.3344515860080719,1.2744587659835815,-1.0358469486236572,0.11509915441274643,-0.20445841550827026,-0.1222693994641304,0.6768432855606079,0.5774590969085693,-0.6800381541252136,-0.39570459723472595,0.24315553903579712,-0.41866734623908997,-0.7446974515914917,-0.4027729034423828,0.8798867464065552,0.07206879556179047,-0.06122893467545509,0.24816404283046722,0.3875202536582947,0.5589030385017395,0.5180584788322449,0.5647503137588501,-0.20064787566661835,0.3673948645591736,0.7061878442764282,0.2940860986709595,-0.4592650234699249,0.9509860277175903,0.7543477416038513,-0.6960287690162659,-0.24318085610866547,0.6393914222717285,1.2166839838027954,-1.1941055059432983,0.3261432349681854,0.5206214785575867,0.163723424077034,0.40546607971191406,-0.8252283334732056,-0.17054998874664307,-1.5758811235427856,-0.8295495510101318,-0.29962649941444397,1.3389215469360352,1.4924718141555786,0.9557904005050659
0.4945526719093323,0.35725176334381104,-0.9144690632820129,-0.8201329112052917,0.9231215119361877,-0.16996443271636963,-1.6651694774627686,-0.7192370295524597,-0.20824122428894043,1.1616300344467163,-1.052822470664978,-0.48750296235084534,0.6123310923576355,-0.8480411171913147,-1.071709156036377,-0.49170809984207153,1.4289222955703735,-0.9326372742652893,-1.1934643983840942,-2.5966720581054688,0.31360942125320435,-1.7231485843658447,-1.6714879274368286,-1.5009002685546875,-1.1709767580032349,-0.21569035947322845,0.917570173740387,0.4011135399341583,-1.7362815141677856,-0.3425435423851013,0.15065701305866241,-1.2685164213180542,-0.129342183470726,0.46911561489105225,-1.2361252307891846,0.6237597465515137,-1.1787346601486206,-1.4347708225250244,-2.7121405601501465,0.405779629945755,0.4989183247089386,0.5963653922080994,0.7886157631874084,0.17559374868869781,-0.15966154634952545,-0.691389799118042,0.33343493938446045,-0.1298607587814331,-1.4049346446990967,-0.9880542755126953,-0.08220740407705307,-0.4360470175743103,1.3688842058181763,-0.03485025465488434,1.0254318714141846,0.9559308886528015,1.8242073059082031,0.6247371435165405,-1.2399119138717651,0.3502903878688812,-1.5130419731140137,-1.4631602764129639,-1.122692584991455
0.15622060000896454,-0.8748865723609924,0.6655775904655457,-0.9246628284454346,-1.0689150094985962,1.4433598518371582,0.27593401074409485,0.9200091361999512,-1.358107328414917,-0.006389222573488951,-0.6184872984886169,1.432870864868164,0.1632225662469864,-0.4684111773967743,-1.2403119802474976,-0.6690883636474609,1.16764497756958,-0.03192847967147827,0.7031926512718201,1.0333720445632935,0.7095054984092712,-1.201651930809021,1.2678003311157227,0.08381136506795883,0.7227075099945068,-0.8233309984207153,-0.9714391231536865,-0.25798317790031433,-0.9022887945175171,-1.2260222434997559,-1.4513628482818604,-0.5390444993972778,0.7917880415916443,-0.08328971266746521,-1.276627779006958,-0.7273317575454712,-0.34821072220802307,-0.3804756999015808,0.3787862956523895,-1.2032579183578491,-1.0963548421859741,-1.0215874910354614,-0.8680223822593689,-1.611737847328186,-0.7804000377655029,-0.6434680223464966,1.0630323886871338,1.0529078245162964,-1.1496042013168335,-1.019119381904602,-0.5263164639472961,-0.8447152972221375,-0.6561532616615295,0.4419948160648346,0.006727502681314945,-1.7486287355422974,0.2580767273902893,0.6852268576622009,-0.22075827419757843,-2.162353992462158,0.24353830516338348,0.46404361724853516,-0.558032751083374
0.13324764370918274,0.7607658505439758,-0.14517563581466675,-0.7495822906494141,-0.69606614112854,0.41281670331954956,-0.05621679872274399,-0.17875465750694275,-0.5375598073005676,-0.8910727500915527,-1.5137954950332642,1.3120347261428833,-0.6574404239654541,-0.7492296099662781,0.2960926294326782,-1.2482072114944458,0.033564381301403046,-0.7690867781639099,-0.021626366302371025,1.0692675113677979,-1.1880906820297241,-0.5693737864494324,-1.1022210121154785,0.999202311038971,0.606890082359314,-1.524280071258545,1.133705735206604,1.704332709312439,-0.678243100643158,-0.12521152198314667,0.3397321105003357,-0.40043485164642334,0.3042559027671814,0.49220016598701477,0.27085599303245544,0.13764044642448425,1.3653932809829712,-0.3521207273006439,-0.42861223220825195,0.2911800146102905,-0.50214022397995,0.2017284780740738,0.7683154940605164,-0.34712326526641846,-0.6346507668495178,-0.854472815990448,1.0203239917755127,0.22515657544136047,-0.4133325219154358,-0.3943842649459839,-1.1037405729293823,-0.18975120782852173,0.37848079204559326,0.6910803318023682,0.6318002343177795,0.08931025862693787,-0.4888851046562195,0.02278488129377365,-0.9500564336776733,-0.42840468883514404,0.18834371864795685,-0.1482885777950287,-1.0683250427246094

Slice 36
0.5010730028152466,-0.36270996928215027,-1.3544827699661255,-1.4334114789962769,0.9518083930015564,-0.13464005291461945,-0.05978512391448021,2.191861629486084,0.7263118624687195,0.222308948636055,-0.38147619366645813,-0.622771143913269,0.12526296079158783,1.2713098526000977,-0.2675636112689972,0.00048470331239514053,-0.2636192739009857,-0.6853571534156799,0.4403288662433624,1.2903283834457397,0.515408992767334,-0.5716850161552429,0.261839359998703,-0.10580258816480637,-0.6713928580284119,0.9728094339370728,1.6013904809951782,-0.6656524538993835,-1.5667005777359009,0.22271369397640228,0.7681293487548828,-0.512511134147644,0.4455195367336273,0.989932656288147,-1.5134506225585938,1.2691152095794678,0.8630797863006592,0.037504348903894424,-0.5851576924324036,0.7539544701576233,0.3690457046031952,-0.6470069289207458,1.9151679277420044,0.8128105998039246,0.3128162920475006,-0.4634340703487396,1.8127061128616333,-0.12998248636722565,-0.4316655695438385,0.525829553604126,-1.0072393417358398,2.198549747467041,-0.708594024181366,-0.2721991240978241,-0.36752504110336304,0.8265663385391235,-0.011021627113223076,0.7760096788406372,-1.1562156677246094,0.7556695938110352,-1.2814507484436035,0.7011720538139343,1.760597825050354
-0.5495505928993225,0.14510788023471832,-1.1008490324020386,0.38760271668434143,-1.6087559461593628,-0.8664556741714478,-0.008926785551011562,1.4731289148330688,0.0025292085483670235,-0.7777379155158997,-0.025258095934987068,1.4336750507354736,-0.9675771594047546,-0.5233371257781982,-1.658981442451477,1.0969041585922241,-0.8331947922706604,-0.7585233449935913,0.13523900508880615,0.31920576095581055,0.5408990383148193,-1.306168794631958,0.26684990525245667,-1.1106289625167847,-0.9841382503509521,-0.34335318207740784,-0.6109449863433838,-0.2525097727775574,-1.5363719463348389,-1.1125733852386475,-0.08430102467536926,-0.14048904180526733,-1.5041451454162598,-0.9241077303886414,0.8225260376930237,1.095940351486206,-1.0983859300613403,-0.6028497815132141,0.021739544346928596,-0.6159036159515381,0.7018181681632996,-0.669887900352478,0.3951716721057892,0.898819088935852,0.31945568323135376,-0.43382635712623596,1.5090543031692505,0.37028178572654724,-0.6633447408676147,-2.3394664822262712e-05,-1.8069466352462769,0.5590662360191345,1.1073687076568604,-1.3015925884246826,-0.7832911014556885,0.8968689441680908,-1.237931728363037,-0.3797782361507416,0.6671560406684875,0.1325393170118332,0.2669890522956848,-0.7970339059829712,-0.45790430903434753
0.683051347732544,0.23892854154109955,0.11160734295845032,-1.326323390007019,0.5693312287330627,1.3057326078414917,1.5193935632705688,1.0371170043945312,0.6272543668746948,1.7293915748596191,-0.9470100998878479,1.4182757139205933,1.27541983127594,1.4492062330245972,0.6500887274742126,0.3475377559661865,1.3692201375961304,-1.1765474081039429,-1.2281479835510254,-0.06076524779200554,-0.48208916187286377,-0.7219197154045105,-0.9069888591766357,0.833279550075531,-1.6936818361282349,0.5203784704208374,1.4462097883224487,-0.1839016079902649,-0.21934771537780762,-1.6220386028289795,-0.9917083382606506,-0.17910510301589966,-1.9281110763549805,0.652800977230072,0.6360830664634705,1.2318705320358276,0.2617703974246979,-0.6866174936294556,0.5125896334648132,1.4824111461639404,-2.40046763420105,-0.6815899610519409,-0.6892312169075012,0.9676592350006104,0.3949132263660431,-0.3930290639400482,0.09323929250240326,-1.2398419380187988,-0.7164665460586548,-0.06103797256946564,-0.6719974875450134,0.5750218033790588,0.4658702313899994,-0.40881094336509705,1.1694778203964233,-0.47816458344459534,1.6076172590255737,1.209510087966919,-1.0850692987442017,-0.3301540017127991,0.5243802666664124,0.6743693351745605,1.5511354207992554
0.42437806725502014,-1.474034309387207,0.3893537223339081,-0.6418165564537048,0.6182465553283691,-0.6589887142181396,-0.9726657867431641,-0.25449445843696594,-0.7655826210975647,0.477830171585083,-0.7385736703872681,0.4409060776233673,-0.024168960750102997,-0.6379647850990295,0.8252209424972534,0.8413589000701904,0.7379987239837646,-1.397323489189148,-1.4386037588119507,-0.4308578670024872,0.2260274738073349,0.5880389213562012,-2.176772117614746,-0.5788232088088989,-0.31999433040618896,-0.31771308183670044,-1.685125470161438,1.552493929862976,0.9680018424987793,0.36297452449798584,0.03465738147497177,2.327892780303955,-0.4437166154384613,0.9546806216239929,1.4313074350357056,-0.193558007478714,-1.734148383140564,-1.159425973892212,-0.09169316291809082,-1.0890634059906006,1.2659701108932495,1.2621804475784302,-0.8510294556617737,0.26599550247192383,-1.3391778469085693,1.599826693534851,-0.5799984335899353,0.4090125262737274,-0.07614944875240326,1.3164373636245728,0.5063663721084595,0.9000948667526245,0.7559385299682617,-0.784783661365509,0.12752790749073029,-0.642975389957428,0.0006261664675548673,0.4671652019023895,-0.2627142071723938,-1.0642844438552856,1.092584252357483,-0.2163774073123932,-0.02232331596314907
0.4190855622291565,0.5553430914878845,-0.0009366958984173834,-0.9037228226661682,-0.22435010969638824,-0.15966327488422394,0.024373997002840042,-0.07659097760915756,-0.2742443382740021,0.3842598795890808,0.6511214971542358,-0.30148351192474365,1.9790905714035034,-1.0409419536590576,-0.807535707950592,0.6689715385437012,0.1463944911956787,-0.04808706045150757,0.28252241015434265,-1.0318325757980347,-0.6896892786026001,0.17515096068382263,0.5252789855003357,1.5298261642456055,-0.09240885078907013,-1.4789297580718994,0.8921996355056763,0.21702156960964203,0.2969050109386444,-0.30440524220466614,-0.9294741153717041,0.04449620097875595,0.4964406192302704,-0.11353335529565811,0.19597619771957397,-1.4813976287841797,0.8231092095375061,0.2882431745529175,1.7343324422836304,-1.509683609008789,-0.6299218535423279,1.170560598373413,0.34391987323760986,-1.4063395261764526,-1.4864692687988281,-0.004727553576231003,-0.3246966600418091,0.17367923259735107,-0.4060520827770233,-0.08414415270090103,0.3098990023136139,0.6954212188720703,-0.003469169605523348,1.062929391860962,0.7024103403091431,-1.5394243001937866,-0.010139593854546547,1.4100351333618164,0.6222153902053833,-0.6084860563278198,0.15097446739673615,-1.6854190826416016,-0.7689937353134155
1.9740859270095825,0.7529133558273315,-0.5593596696853638,-0.7140417695045471,0.24048490822315216,-0.759838342666626,-0.12951456010341644,-1.0839358568191528,-0.6701549887657166,0.8288629651069641,-0.8700910210609436,0.1381068080663681,0.9629062414169312,2.0030131340026855,0.14809741079807281,-1.901875376701355,1.9292734861373901,1.1206899881362915,0.11266512423753738,0.3157108426094055,-0.4765184223651886,1.9781171083450317,-0.13752740621566772,0.17998825013637543,0.4543234407901764,0.28223589062690735,-0.40499383211135864,-0.4606930613517761,2.2271745204925537,-0.69320148229599,0.07534646987915039,0.6933181881904602,-1.0966836214065552,-2.6054272651672363,0.8381634950637817,0.9135524034500122,0.5794276595115662,-0.9965135455131531,-0.01593552902340889,0.9175227284431458,-0.4059920012950897,-0.5629552602767944,-0.7835037112236023,0.5791373252868652,-1.1106539964675903,-0.5115118026733398,0.09134147316217422,0.3607996106147766,0.7893425226211548,-0.3117717504501343,-0.5077123045921326,-1.302700161933899,-0.9747298955917358,0.6859301328659058,0.6286421418190002,0.36220410466194153,-0.07700614631175995,0.37086400389671326,-1.2342909574508667,-0.7162957787513733,2.0087978839874268,2.492034435272217,-0.19199296832084656
-0.7063732147216797,1.0834605693817139,0.37852802872657776,-1.3925738334655762,-0.776414155960083,1.0965766906738281,1.3430336713790894,-0.4911288619041443,-0.05716579407453537,-0.27766579389572144,0.47501030564308167,-0.40851345658302307,-0.8475986123085022,-0.3429623246192932,-0.2543758451938629,-0.6568422317504883,0.5559910535812378,-0.22366680204868317,-1.4588319063186646,0.11321588605642319,0.9279454946517944,-1.2131744623184204,0.44318658113479614,-0.3855762183666229,0.9996299147605896,-1.3375195264816284,0.5160750150680542,-0.9960019588470459,0.8499940037727356,-0.15101927518844604,0.40661266446113586,-0.3701328635215759,-1.0016522407531738,-0.7330223321914673,-0.6465945243835449,-0.6435360908508301,0.49298641085624695,0.36557677388191223,-1.1207914352416992,-0.6894921064376831,-0.25454309582710266,0.21386463940143585,-1.6555137634277344,-0.6824377179145813,-0.8090530037879944,1.1918683052062988,-1.8409576416015625,-2.054387331008911,2.0770692825317383,-2.395449638366699,-0.12864802777767181,0.45535212755203247,-0.2776365578174591,-1.4468475580215454,0.9353932738304138,-0.8279544115066528,0.24787181615829468,0.27800801396369934,-0.7157437205314636,-0.3243904411792755,-0.59200119972229,-0.15887737274169922,-1.8548712730407715
-0.8011295795440674,-0.8414941430091858,0.6078279614448547,-1.084308385848999,-0.6026183366775513,0.7699129581451416,0.09675939381122589,0.41216176748275757,-0.17999675869941711,0.11511645466089249,0.7923166751861572,0.3316916525363922,0.18722352385520935,-0.010248425416648388,0.10192256420850754,-0.41159623861312866,0.2782832384109497,0.672286868095398,-0.993003785610199,-0.9010139107704163,0.0871160477399826,-1.225643515586853,0.6339704394340515,-0.645435094833374,1.0909266471862793,0.10301361978054047,0.029584990814328194,0.29350346326828003,-0.17811830341815948,-1.5182307958602905,1.790921926498413,-1.535361409187317,0.03003794327378273,-1.0648694038391113,0.8880219459533691,0.08363272994756699,-0.07938732951879501,0.061658795922994614,0.6108129620552063,0.13202129304409027,0.22598464787006378,-1.15227472782135,-0.8587428331375122,-0.21769919991493225,-1.6074562072753906,0.6290489435195923,0.013836344704031944,1.4976533651351929,0.8006410002708435,-0.8189545273780823,-1.0397971868515015,0.18374919891357422,-0.4384239614009857,0.26195183396339417,-0.007623743265867233,0.4623323380947113,0.024575168266892433,-0.5298972129821777,-1.8755643367767334,1.1849613189697266,-0.5700497627258301,-0.6208592653274536,-0.6392771005630493
1.2126237154006958,-0.06252258270978928,0.5860803127288818,0.6203341484069824,0.8638308048248291,0.8849681615829468,-0.09404920041561127,0.719726026058197,0.0910794660449028,1.7544941902160645,-0.6873079538345337,-1.046916127204895,-0.05062318220734596,-0.689127504825592,0.9126836061477661,0.7970156073570251,0.674749493598938,-1.7648899555206299,-1.1668380498886108,-1.7290042638778687,-0.5152952075004578,0.5048179626464844,-1.0374202728271484,-0.09733869135379791,-0.3690195679664612,1.0681589841842651,-0.3853020668029785,0.5941098928451538,0.8241221904754639,-0.8992931246757507,0.18166762590408325,-1.3655552864074707,-0.1127455085515976,-0.33513760566711426,-0.7603901624679565,-1.126259446144104,-0.14614832401275635,-0.6366791725158691,0.6474378108978271,-0.47994211316108704,0.8125149607658386,1.036734938621521,-0.7225260138511658,-0.9955232739448547,-0.6187308430671692,1.6877260208129883,0.1649765968322754,-1.2718466520309448,0.806130588054657,0.38410213589668274,0.02351393923163414,-0.8853967189788818,-0.35978221893310547,-0.19687198102474213,1.8823474645614624,0.061372462660074234,1.4446053504943848,-0.716528058052063,-1.456782341003418,0.019185781478881836,0.9055259823799133,-0.6964942812919617,-0.4118975102901459
0.5369120836257935,-0.7493972778320312,0.3099355697631836,-1.7539260387420654,-0.5250200033187866,-0.5287274718284607,0.7232292890548706,0.23791685700416565,1.2175874710083008,-0.8854175806045532,-0.38670027256011963,1.0177738666534424,-2.5632622241973877,-0.5509335398674011,1.002577304840088,-0.43461114168167114,-1.5550531148910522,0.02703273855149746,0.5120758414268494,0.3423802852630615,-1.2471140623092651,0.6379364728927612,0.428227037191391,-0.6333991289138794,-0.31389331817626953,-0.043699346482753754,0.4762590527534485,1.359405517578125,-1.4300729036331177,0.1943848729133606,-1.2298575639724731,-1.036279320716858,0.5218697786331177,-0.7007037401199341,1.4996497631072998,0.6809906363487244,-0.41713443398475647,-0.3825952112674713,-0.5966703295707703,-0.7820451259613037,0.02003767341375351,-1.5718634128570557,0.3300759792327881,1.6419094800949097,-0.34760671854019165,0.15663355588912964,0.30435994267463684,-0.35200929641723633,-0.6592341065406799,-1.3500312566757202,0.06061140447854996,-0.5707477927207947,1.9294122457504272,-0.8258747458457947,-0.06336692720651627,-1.0191489458084106,0.36112213134765625,-1.3893605470657349,-0.5906051397323608,-0.597403883934021,-1.0975358486175537,0.32135143876075745,-1.5699565410614014

Slice 37
0.46431347727775574,-0.06267819553613663,-0.09851757436990738,-0.10613898187875748,-0.20147962868213654,0.7134515643119812,-1.0138492584228516,-1.0153558254241943,-0.043750014156103134,-0.917788028717041,-0.22244378924369812,-1.700721025466919,-0.6144317388534546,0.8212093710899353,0.3135995864868164,-0.09234919399023056,0.4952870309352875,1.4268107414245605,1.1273382902145386,-1.3951767683029175,0.751674473285675,0.08464381098747253,2.066171646118164,-0.4774799644947052,0.26266807317733765,0.6960290670394897,-1.2159996032714844,-1.1618813276290894,-1.3712959289550781,0.10821225494146347,-0.7472124695777893,-1.8439216613769531,-0.04213164746761322,-0.3975769877433777,1.589957594871521,0.41993024945259094,0.622032105922699,-0.8906000256538391,-0.44566968083381653,-0.13566406071186066,0.0519380159676075,1.8258188962936401,0.3878116309642792,-0.029633956030011177,0.6672382354736328,-0.952992856502533,-0.8558008074760437,-0.1389988511800766,1.3801466226577759,0.4616490304470062,-1.2779327630996704,-0.6135810613632202,0.82470703125,-0.7642472386360168,0.021344518288969994,-0.874137818813324,-1.3730238676071167,-0.7070378065109253,1.0785858631134033,-0.6085077524185181,-0.31488239765167236,-0.7345823645591736,0.3502892851829529
-0.21976999938488007,0.16167347133159637,0.44413071870803833,0.2211035043001175,0.6575978398323059,-0.3056895136833191,-1.3143678903579712,-0.6616954207420349,1.6854896545410156,-0.18398109078407288,1.0400363206863403,0.8627246618270874,-1.7569347620010376,1.8131113052368164,-0.04845776781439781,2.3181378841400146,1.5483278036117554,-0.7179000377655029,0.2521267235279083,0.9940975904464722,-0.06025318056344986,-0.40556541085243225,0.12231231480836868,0.031206466257572174,-0.5167093873023987,-1.1754847764968872,-1.4701019525527954,-0.7427147030830383,-1.3498685359954834,-0.1476050764322281,-0.7921989560127258,-0.7767176032066345,-0.7587454915046692,0.30123984813690186,0.6087920069694519,0.6772857904434204,0.46510380506515503,-1.665560007095337,-0.4348732531070709,1.4700990915298462,1.3600621223449707,-0.2822357416152954,0.7695814371109009,-1.0814855098724365,0.37677237391471863,0.030550342053174973,0.7589359283447266,-0.41576191782951355,-0.8348191380500793,-0.4325660765171051,-0.7213749289512634,1.0555895566940308,-0.38070377707481384,-0.7291684150695801,2.1451241970062256,0.5550414323806763,0.34552058577537537,-0.27927297353744507,-1.0147716999053955,-0.6537202596664429,0.38821423053741455,-1.087241768836975,-0.6245791912078857
0.41649070382118225,0.15085630118846893,1.8044463396072388,0.7783091068267822,-0.6597714424133301,-0.9759668707847595,-1.5766205787658691,-1.4831159114837646,0.33413195610046387,-0.9281830191612244,-1.0764325857162476,-0.07613401114940643,-1.0539284944534302,-0.0469464473426342,-0.11788992583751678,0.1769644170999527,0.7498860955238342,0.8924815058708191,0.6614213585853577,-1.2225874662399292,-0.46912866830825806,1.4626684188842773,-0.014432421885430813,1.015112280845642,2.2447643280029297,-0.8331758975982666,-1.718565821647644,-1.334591269493103,-0.5110913515090942,2.076038360595703,0.44990402460098267,-0.9361019134521484,-1.743154525756836,-0.6656760573387146,0.09788622707128525,-1.636924386024475,-1.8362988233566284,-0.46352624893188477,-1.14543616771698,-1.1166024208068848,-0.7833488583564758,-0.2214754819869995,1.1893174648284912,1.100601077079773,-1.1302272081375122,-0.9051294922828674,1.5091140270233154,-1.4420663118362427,-0.21649669110774994,1.0552657842636108,-0.7024483680725098,-0.39123275876045227,2.114365816116333,-1.291063666343689,0.2598784565925598,-1.4196138381958008,-2.157518148422241,-0.5164791345596313,-0.3620443046092987,-1.0073243379592896,-0.0366317443549633,-0.2202109843492508,-0.2383536845445633
0.961662232875824,0.5315428972244263,1.0809837579727173,1.7971742153167725,1.8985388278961182,2.2731821537017822,1.1434128284454346,1.2013036012649536,0.7686354517936707,-1.5192079544067383,-0.27241578698158264,-0.8882019519805908,0.9510889053344727,-0.013509287498891354,-0.4291820526123047,0.49089133739471436,-1.179182529449463,-0.46706870198249817,-0.6370009779930115,-1.347078561782837,-0.4826931357383728,-0.8612298965454102,-0.2464798241853714,0.23888511955738068,0.2915163040161133,0.48963606357574463,0.7784538865089417,1.3876910209655762,0.5026414394378662,-0.5186128616333008,-0.07198009639978409,-0.13537104427814484,0.5974841117858887,0.34327319264411926,-0.6950731873512268,1.5017955303192139,1.1514008045196533,1.4968959093093872,1.4312337636947632,-0.5550858378410339,2.2170441150665283,-0.17414577305316925,0.5500966310501099,-0.44698506593704224,1.6934828758239746,-1.675872564315796,-2.0689003467559814,1.5422930717468262,-0.1421666443347931,0.02277720719575882,0.12249677628278732,1.5932742357254028,-0.9678734540939331,1.264632225036621,-0.996622622013092,-1.922178864479065,0.8007723689079285,-1.1476237773895264,-0.7342015504837036,0.9032872915267944,1.7048755884170532,-0.4790133535861969,0.9222331643104553
-1.6231783628463745,-0.25171250104904175,-1.5808887481689453,-1.7732402086257935,-1.767813801765442,-1.2981464862823486,-1.674112319946289,-1.6464605331420898,-1.2034906148910522,1.9802649021148682,-1.460080862045288,0.5898663401603699,0.876721203327179,-0.6399205327033997,1.8965039253234863,-0.7451956272125244,0.8255427479743958,-1.1862729787826538,-0.36690962314605713,2.063857078552246,-0.8842711448669434,-1.0437361001968384,0.9246619343757629,-0.26467591524124146,-0.12314080446958542,0.9732161164283752,0.4202287793159485,0.41008591651916504,0.05163130909204483,-0.5421426892280579,0.4768025577068329,1.5516372919082642,1.724867820739746,-1.3642560243606567,0.9566923379898071,0.1677204668521881,0.26553794741630554,0.7153776288032532,-0.9282375574111938,-0.10461832582950592,0.2681727707386017,-0.4586334824562073,0.0850227102637291,1.007607340812683,-1.3756686449050903,-2.2498292922973633,-0.8203866481781006,0.7501855492591858,-1.2778329849243164,0.8119486570358276,-0.15391972661018372,-1.1932523250579834,-1.4950945377349854,0.6564561724662781,1.7713059186935425,0.397987425327301,2.1042068004608154,-0.4859870970249176,-0.31403985619544983,1.199044942855835,0.14551207423210144,-1.7770220041275024,0.8466728329658508
1.2639731168746948,-2.1526072025299072,0.21755236387252808,0.09228711575269699,-0.5972390174865723,-0.20305198431015015,0.06720676273107529,0.31038421392440796,1.0737906694412231,0.28591188788414,0.20382079482078552,0.02898363769054413,-0.3691027760505676,1.3828004598617554,-0.04622848704457283,0.05350910499691963,-0.7905906438827515,-0.17219248414039612,2.1840133666992188,-0.07637377083301544,0.7606891989707947,1.0184787511825562,0.7406790852546692,0.1189328283071518,0.8469256162643433,0.6316381692886353,0.228245809674263,-1.224644660949707,-0.7605578303337097,-0.15613488852977753,-0.613394558429718,0.3610858619213104,0.09561771899461746,-0.2998775541782379,1.0042775869369507,-1.2399098873138428,-1.0505249500274658,0.6851502060890198,1.4190609455108643,1.0434284210205078,-1.3121074438095093,0.32784777879714966,-1.5511778593063354,0.5872611999511719,-1.4793343544006348,-1.2280256748199463,-0.06693927198648453,0.7820279002189636,-0.07076743990182877,-0.025252023711800575,-1.345123529434204,0.31427401304244995,-0.06997139006853104,-0.889085590839386,-0.7555950284004211,0.36582690477371216,-1.0016816854476929,0.2387576401233673,1.4284768104553223,0.21912598609924316,-1.5571123361587524,1.1239194869995117,-1.0755666494369507
0.18676301836967468,-0.030537625774741173,0.1716640591621399,0.18073874711990356,-0.09253451973199844,0.08301880210638046,1.0957961082458496,0.8723194003105164,0.3277733027935028,-0.5780516862869263,-0.24066145718097687,-1.4994369745254517,1.3873412609100342,0.4463009536266327,-0.09057661890983582,0.10238449275493622,1.6147300004959106,1.5231484174728394,-1.0984127521514893,-1.232970118522644,-1.6129001379013062,0.5004022717475891,-0.4108385145664215,1.60426926612854,0.9759249091148376,-1.0854023694992065,-0.27606818079948425,-1.67707097530365,-0.2785879373550415,1.017511010169983,0.3002365529537201,-0.5791264772415161,-0.4891375005245209,1.9781690835952759,-0.737865149974823,-0.8250542283058167,-0.6021939516067505,1.3695690631866455,0.7978544235229492,-1.7524696588516235,-0.8048008680343628,-0.05092216655611992,0.15944957733154297,-0.8401661515235901,-0.5860964059829712,-0.7716569900512695,-0.29039937257766724,-0.4612782597541809,1.1958670616149902,-2.0147147178649902,-0.649029552936554,0.18560925126075745,0.2804798483848572,1.3789818286895752,0.03937872499227524,-0.5204654335975647,-0.14660784602165222,1.0849967002868652,1.5933454036712646,0.41412216424942017,0.010453622788190842,-0.8318684697151184,1.3292067050933838
-1.6096493005752563,0.4919942617416382,1.1769521236419678,0.7346459031105042,0.7652312517166138,-1.1504542827606201,0.7978580594062805,0.003803481813520193,0.04917469620704651,0.6019356846809387,1.4645946025848389,-0.683520495891571,0.717796266078949,1.2956875562667847,-0.6443547606468201,-1.2929483652114868,0.2253378927707672,0.6103247404098511,-0.6894878149032593,1.948168396949768,-1.392469882965088,0.1414775252342224,0.2874022424221039,-0.09931858628988266,-0.8123448491096497,0.8466112613677979,-0.7051292061805725,-1.364427089691162,0.684995174407959,0.18646913766860962,0.08345537632703781,1.0131232738494873,1.6792751550674438,2.0843284130096436,-0.0946815088391304,-1.5593818426132202,-1.7623178958892822,-0.4255427122116089,1.4458909034729004,0.11669602245092392,-0.6642823815345764,-0.747688889503479,1.4412426948547363,-0.7740763425827026,1.0389155149459839,0.4131089448928833,0.1299113929271698,1.037164568901062,0.9817953705787659,-0.16172191500663757,-0.7111003994941711,0.12206888198852539,0.3655164837837219,-0.612281858921051,1.0183790922164917,0.23041394352912903,-0.06934217363595963,0.8791141510009766,-0.5213083624839783,0.4409234821796417,1.3558931350708008,-0.6225280165672302,0.5519025325775146
-1.0393997430801392,0.9857613444328308,-0.7088794708251953,0.2499050796031952,0.7637832164764404,0.24247144162654877,-1.458724021911621,0.6426412463188171,1.900803565979004,1.0445564985275269,0.5753491520881653,-0.12640006840229034,-1.286021113395691,0.15012507140636444,0.839816689491272,1.0095844268798828,1.3981589078903198,-0.9642791152000427,0.7011219263076782,0.5181984901428223,-0.8763230443000793,0.9997010231018066,2.489797353744507,-1.292791485786438,-0.15446950495243073,-0.17441441118717194,-0.5468577146530151,1.3726909160614014,-0.8288195729255676,-0.2001403123140335,-1.1209559440612793,0.05423632636666298,0.8042386770248413,0.07946639508008957,2.0598320960998535,1.1859824657440186,1.0719188451766968,-1.3152838945388794,-0.4500924348831177,-1.0201139450073242,-0.3828625977039337,0.9289615154266357,1.5466816425323486,0.8447167277336121,-0.23515301942825317,-0.8130047917366028,1.6598224639892578,-0.35000526905059814,-1.479312777519226,1.099036693572998,1.4971498250961304,1.782112717628479,-0.28635215759277344,-2.2833852767944336,-0.3193362057209015,-0.44689303636550903,-0.00450174929574132,-0.9361878633499146,0.6003767848014832,-1.2236251831054688,1.4744658470153809,-0.4726217985153198,-1.6783428192138672
1.0793039798736572,1.8639392852783203,-1.0615410804748535,-0.42409661412239075,-0.28269872069358826,1.3288134336471558,1.6235663890838623,-1.6623353958129883,0.27453717589378357,-0.8754622340202332,-2.000152826309204,0.47119396924972534,0.30525118112564087,-0.6467452049255371,-0.13590501248836517,-0.14204178750514984,0.07148496806621552,-1.0287970304489136,0.17090436816215515,-0.20151567459106445,-0.6634242534637451,0.8212383985519409,0.4313018321990967,-1.4848239421844482,-1.2673331499099731,-0.9666040539741516,-0.6333763599395752,0.6581118106842041,0.709893524646759,-0.9569506049156189,0.31503310799598694,-0.3284968435764313,0.05380595102906227,0.05715327337384224,0.22321704030036926,-0.38363218307495117,0.17245563864707947,-0.7521735429763794,1.1176674365997314,-0.22551235556602478,1.5104954242706299,0.5611863136291504,1.6297129392623901,-0.499289333820343,1.2055760622024536,-0.7792158126831055,0.8172832727432251,1.7962466478347778,-1.2908512353897095,0.7736775279045105,-0.391946017742157,0.9218863844871521,-1.8067928552627563,0.06611215323209763,0.45862796902656555,-0.9164800047874451,0.09381447732448578,1.5374356508255005,0.28642144799232483,-0.17584742605686188,-1.6857844591140747,1.4570688009262085,0.32425692677497864

Slice 38
-0.7526968121528625,-1.2891032695770264,1.5700469017028809,0.7185909152030945,0.40003272891044617,0.15419112145900726,0.549948513507843,0.4300960302352905,0.7751519680023193,-0.3766648471355438,0.9278512001037598,0.34095385670661926,-0.16516053676605225,-1.0848138332366943,0.8465755581855774,-0.7696135640144348,-1.2691210508346558,1.937605857849121,-0.5202959179878235,0.4466114938259125,-0.24770587682724,0.7742733955383301,1.0342390537261963,-1.8523445129394531,-0.5231629610061646,0.7247828245162964,-0.37348252534866333,-1.0282138586044312,-0.4022807776927948,2.4304800033569336,2.209491729736328,1.6420437097549438,-1.1531916856765747,0.2588597536087036,-1.036749243736267,-1.3810651302337646,-1.0613218545913696,-2.1940560340881348,-0.39723995327949524,-1.0231175422668457,0.3057951033115387,2.3083596229553223,-0.5463893413543701,-1.8036565780639648,-0.4005725085735321,1.893212080001831,-0.24973371624946594,0.5186747908592224,-0.6469302177429199,1.052727460861206,-0.5520846843719482,1.8175779581069946,-1.1266365051269531,0.8727749586105347,-0.8601101636886597,-0.5778159499168396,-1.2264739274978638,2.3020853996276855,0.47436028718948364,0.5353720784187317,-0.6307905316352844,-0.34099411964416504,-0.697627604007721
1.151222825050354,0.5834285020828247,-0.6410205364227295,2.0414228439331055,-1.1559109687805176,0.27865153551101685,-0.36712273955345154,0.399532288312912,-1.3394742012023926,-1.1382596492767334,0.5457971692085266,1.0531054735183716,-0.5106258988380432,-1.4067227840423584,-0.5154740214347839,-0.40308114886283875,0.7187544703483582,0.5916020274162292,-0.419590562582016,-1.4514447450637817,-1.864146113395691,-0.9634289145469666,2.005638599395752,-1.2894635200500488,-1.1235462427139282,1.7032785415649414,-1.7750252485275269,-0.19077728688716888,1.2877275943756104,0.09435976296663284,-0.9783704280853271,0.6869279146194458,-0.1165950670838356,-0.8255417943000793,0.7407816648483276,0.8857325911521912,-1.656321406364441,0.8005079030990601,-1.0629186630249023,-0.18926702439785004,-1.1849822998046875,1.7794179916381836,0.31122952699661255,-1.2838845252990723,-0.666021466255188,1.8235691785812378,0.45986834168434143,-1.1066710948944092,-1.0619893074035645,1.4576135873794556,-1.9719125032424927,-0.04387019947171211,-0.49510860443115234,1.383026361465454,0.02110198140144348,0.33772608637809753,-1.2929350137710571,0.7965022325515747,-0.25146248936653137,0.7895715832710266,-0.5470275282859802,-0.7761449217796326,0.921863853931427
0.03470286354422569,-0.42406871914863586,1.1111663579940796,0.8951503038406372,0.034284934401512146,1.386006474494934,-0.15692925453186035,0.011620556004345417,0.8602975010871887,0.5894973874092102,-0.7245796918869019,1.4673320055007935,1.3052068948745728,1.0568102598190308,-0.6840720772743225,0.03208133205771446,0.4439482092857361,-0.12120065093040466,-0.253091037273407,-0.2833164930343628,0.8543393015861511,1.0400445461273193,0.7523905038833618,1.351067304611206,0.9893539547920227,0.3292759358882904,-0.7685208320617676,-0.78244948387146,-0.48783034086227417,0.6617454886436462,-1.1647133827209473,0.7528378367424011,1.5003222227096558,0.05582442507147789,0.7810980081558228,-0.6368940472602844,-0.20374056696891785,-0.7349032759666443,0.4033476710319519,0.20162273943424225,0.42756983637809753,-2.6153512001037598,-0.09824258834123611,-0.47461995482444763,0.5600464344024658,-0.5469626188278198,1.13116455078125,1.0272800922393799,0.4566773772239685,-0.2865486145019531,0.17903932929039001,0.44103866815567017,0.8303424715995789,-0.36095449328422546,-1.9742318391799927,-0.8277472853660583,0.0640130490064621,0.025553205981850624,1.1010183095932007,0.9439048767089844,-0.17841053009033203,1.1290011405944824,0.3932359516620636
-0.7677947878837585,-0.34173768758773804,0.41714411973953247,-0.6989047527313232,0.5564602017402649,-0.31389379501342773,-1.4082471132278442,-1.903577446937561,0.39064937829971313,0.43680787086486816,-0.9651258587837219,-1.1341878175735474,-0.2244109809398651,-0.4148678183555603,-0.5353747010231018,1.7764408588409424,0.6858652830123901,-1.2776381969451904,-0.6445966362953186,-0.0667417123913765,0.5468290448188782,1.1868634223937988,-0.9341113567352295,0.3104223906993866,-1.0973716974258423,-0.887847363948822,-0.34377896785736084,-1.3429689407348633,0.5521299242973328,-1.0207382440567017,-0.12093468010425568,-0.39450323581695557,1.1326717138290405,1.0582258701324463,0.11343815177679062,0.7785540223121643,-0.10364262014627457,0.24398833513259888,-0.09264319390058517,0.45079049468040466,-0.13743828237056732,-0.61258465051651,0.27039802074432373,1.1631429195404053,-0.32660695910453796,-0.37373125553131104,0.6706188917160034,0.4940851330757141,1.0562649965286255,-0.4043906331062317,0.890728235244751,-2.2356653213500977,1.2481496334075928,-0.2761131227016449,-1.4533565044403076,0.05622600018978119,0.1961609572172165,-1.359381079673767,-1.9917676448822021,-1.1281468868255615,-1.8527251482009888,-1.2537813186645508,-0.6962413787841797
-1.0035998821258545,-0.21565796434879303,-0.5103721618652344,-1.5653635263442993,1.4398902654647827,0.4519055187702179,-0.49033406376838684,-0.05199451372027397,-0.6732533574104309,0.4888475239276886,0.8146142363548279,-1.1865555047988892,-0.10714374482631683,-0.3527875542640686,1.7306965589523315,-1.291237235069275,-0.18049438297748566,-0.714654266834259,-0.0883539691567421,-1.1885552406311035,0.5251521468162537,-0.11916910111904144,0.943128228187561,-0.6044946312904358,-0.8724976181983948,-1.1360305547714233,0.7751122117042542,-0.37714114785194397,0.40813449025154114,0.05630115792155266,1.5881690979003906,-0.6049361228942871,-0.7788756489753723,-1.8442054986953735,-1.0194653272628784,-0.4460105001926422,-0.9755814671516418,0.8272411823272705,-1.244797945022583,0.29767030477523804,-0.8759421706199646,-0.20204198360443115,-1.3495557308197021,1.1476372480392456,0.7717432975769043,-0.5707797408103943,-1.049456238746643,1.4183754920959473,-1.4049320220947266,0.30357441306114197,-1.2712290287017822,0.43301111459732056,-1.2472025156021118,0.8094012141227722,-0.455197811126709,-0.33092445135116577,-0.849273681640625,0.8002188801765442,-0.6669800281524658,-0.938211977481842,-0.5772625207901001,0.1517166793346405,-0.6814807057380676
0.0459507592022419,1.5753787755966187,0.8794189095497131,0.006762860808521509,1.009520411491394,0.7169666886329651,0.04234965518116951,0.25203782320022583,0.490079790353775,1.3885855674743652,0.6946443915367126,-0.8942219614982605,0.6693732738494873,0.15598143637180328,0.37055036425590515,1.0934340953826904,1.77782142162323,-2.3406968116760254,0.03243236243724823,-0.42052575945854187,-0.030483340844511986,0.5349841713905334,-0.22374160587787628,0.4944751560688019,0.7282138466835022,-0.9234044551849365,-1.4712367057800293,0.7666314244270325,0.5720798969268799,-1.1574386358261108,-1.9310986995697021,1.3037861585617065,0.6755030155181885,0.6409831047058105,0.25483953952789307,1.4900918006896973,0.7161560654640198,-0.4876515567302704,0.21195881068706512,2.0356099605560303,-0.979212760925293,-0.2518632113933563,0.9658700227737427,0.37632304430007935,1.2778762578964233,-0.5282312631607056,1.4424426555633545,1.372348666191101,0.24362382292747498,0.8356727361679077,0.15730570256710052,-1.1460814476013184,0.4559256136417389,-0.10352521389722824,-0.4399886727333069,-1.3828080892562866,0.9216481447219849,-0.749236524105072,0.06309202313423157,-0.3895077407360077,-0.2968548536300659,1.0092053413391113,0.1845821887254715
-1.1442290544509888,1.5454028844833374,-0.5678993463516235,-0.9332969784736633,0.6301467418670654,-0.32508713006973267,0.27215376496315,0.6035068035125732,1.4050790071487427,-0.82175612449646,1.6459075212478638,-0.36145874857902527,-2.237361431121826,-1.1178491115570068,1.7002832889556885,0.5910648703575134,0.07021763175725937,-0.998506486415863,-1.2379430532455444,-2.0925300121307373,1.2193340063095093,0.8794086575508118,-0.0006312272744253278,-0.9111672639846802,0.8997317552566528,-0.23954851925373077,-0.6352165341377258,-0.6441566944122314,0.15022356808185577,-0.41126134991645813,0.03762258216738701,0.38817298412323,1.0728390216827393,0.026624253019690514,-1.8941890001296997,0.9890556335449219,-0.8488752841949463,-0.7809760570526123,-0.3180082142353058,0.2313622236251831,-0.16477461159229279,0.08824716508388519,1.2010353803634644,-0.03840179368853569,-1.0516301393508911,-0.17100682854652405,0.6709741353988647,0.36133286356925964,0.3129810094833374,0.8720496296882629,-0.39067763090133667,-0.29182061553001404,-0.3922213315963745,-0.13328517973423004,-0.06392645835876465,-1.6790324449539185,1.385321855545044,-0.9209023118019104,-0.005626830272376537,0.4990251064300537,0.2688661813735962,-0.6365352869033813,0.8409488797187805
1.0935659408569336,0.31597572565078735,0.8299558162689209,1.5244122743606567,-0.7186398506164551,-0.3770342171192169,-0.9494892358779907,-1.7318570613861084,-0.9205518364906311,-0.8939706683158875,0.19203419983386993,-0.9513217806816101,-0.5049250721931458,-0.8818476796150208,1.4989876747131348,-0.3150339722633362,0.0756910890340805,-1.3901827335357666,-1.4345530271530151,0.9264651536941528,1.445930004119873,0.13353893160820007,-1.273058533668518,-0.030663911253213882,-1.1801623106002808,-0.4955807030200958,0.7221269011497498,0.6033744812011719,0.7282034754753113,-0.16971264779567719,-1.104543924331665,-0.28812727332115173,1.3468008041381836,0.48335981369018555,1.2302759885787964,-0.8892335891723633,0.5320371985435486,1.7201300859451294,-0.5926555395126343,-0.5312952399253845,-2.465831995010376,0.6253122687339783,0.5922995805740356,0.10819298774003983,0.15509679913520813,-1.1843270063400269,0.4657392203807831,-0.26671430468559265,1.0549732446670532,0.29812419414520264,-0.41994810104370117,0.6483306288719177,-0.27865713834762573,0.1069595143198967,0.1364971399307251,-1.3636038303375244,-0.5406234860420227,-1.6470810174942017,-1.9869415760040283,0.22793659567832947,-1.4311494827270508,-1.4029560089111328,0.5485382676124573
-1.7652541399002075,-1.7163183689117432,1.1442162990570068,-0.19507905840873718,-0.25362497568130493,-1.6698194742202759,-2.234870672225952,1.493861198425293,1.3334870338439941,-0.23059943318367004,-1.3486188650131226,-0.5134550929069519,0.15556655824184418,0.4450434148311615,-1.5285940170288086,0.4574645161628723,-0.764222264289856,0.8467147946357727,-1.622726321220398,0.06894808262586594,1.004278302192688,-1.3179622888565063,-0.24062637984752655,0.31621217727661133,-1.156591773033142,0.8256685137748718,0.5519655346870422,0.7734491229057312,-0.19037921726703644,-0.20417329668998718,0.39418095350265503,1.1044760942459106,-1.9161570072174072,1.0249378681182861,-1.228643774986267,-0.10619496554136276,-1.9154541492462158,-0.2384774386882782,-0.7873002886772156,-1.8280483484268188,0.6622974276542664,-0.01264530885964632,-0.10632088035345078,1.0540821552276611,-0.8106326460838318,0.18100237846374512,-0.6884459257125854,0.9622892737388611,-0.7423227429389954,1.2635936737060547,-0.8341152667999268,-0.3314270079135895,-1.0662978887557983,1.8085095882415771,0.5866097211837769,-0.04641500487923622,0.43520036339759827,-0.31609055399894714,-1.0039262771606445,1.4662853479385376,0.43790942430496216,-1.0234973430633545,-1.3995188474655151
1.4615683555603027,0.28813478350639343,-1.1422600746154785,-0.3372618556022644,0.8610514998435974,0.5635871887207031,0.5531584024429321,1.461870789527893,0.1693858653306961,0.43828392028808594,-1.7923153638839722,-1.192020058631897,0.1410514861345291,-0.2595461905002594,-1.8227306604385376,-2.309307098388672,-0.5106016993522644,0.38556426763534546,0.3591559827327728,0.313073068857193,-3.0639407634735107,0.23296938836574554,-0.5533328056335449,-0.014552727341651917,-0.6681454181671143,0.3507935404777527,-0.00837505329400301,-1.7397569417953491,-2.745990037918091,-1.1203256845474243,-0.22505222260951996,0.4003620743751526,-1.3100475072860718,-1.9657988548278809,0.8089033961296082,0.009244953282177448,0.26435717940330505,0.9446172118186951,0.9246969819068909,0.7407854199409485,0.10372494906187057,1.0387994050979614,-1.6480082273483276,0.5049866437911987,0.2996275722980499,0.16606765985488892,-2.4588797092437744,-0.04125506803393364,0.21542440354824066,0.9598995447158813,0.16092495620250702,0.3298061490058899,-1.0846298933029175,0.9655636548995972,-1.5215383768081665,0.2550741732120514,0.05926951766014099,0.02138458378612995,0.38836950063705444,0.3181701898574829,-0.16186009347438812,0.2930346727371216,1.9125744104385376

Slice 39
0.4322131872177124,-0.11184938997030258,0.9212968349456787,-1.5628219842910767,0.7873718738555908,-0.7162227630615234,-0.3829350471496582,-1.6663738489151,-1.8651094436645508,-1.8373719453811646,-1.079817295074463,1.5146385431289673,-0.9819518327713013,0.795436441898346,-0.6044233441352844,-0.9968283176422119,-0.08048652857542038,-0.06011601909995079,-0.20145338773727417,-1.668796420097351,1.0696322917938232,-1.3032363653182983,0.1830781102180481,-0.5693701505661011,-0.3437688946723938,0.32571327686309814,1.3079273700714111,0.1332416981458664,0.07539825886487961,-1.4584182500839233,0.11915583908557892,-0.4908151626586914,0.7911948561668396,-0.8907306790351868,-0.7973175048828125,-0.5748956203460693,0.3283593952655792,0.4070517122745514,0.10107030719518661,-0.22303169965744019,0.8980274200439453,1.8987783193588257,1.1289297342300415,0.1144423633813858,-0.7846148610115051,-0.6433426141738892,0.7120132446289062,0.4139483869075775,0.32988643646240234,1.5590434074401855,-0.7868852019309998,0.8143380284309387,0.6087534427642822,-0.9219648838043213,0.2872512638568878,0.2908824384212494,-0.740048348903656,0.3020068109035492,-1.1239416599273682,-0.42696088552474976,0.8667739629745483,-0.14102943241596222,-1.1484909057617188
-1.0461727380752563,-0.5680679678916931,-0.3063448667526245,-0.2356155812740326,-0.2739502489566803,-0.1953863650560379,-0.6185872554779053,-0.09789188951253891,-0.8878569006919861,-0.6177259087562561,0.319500207901001,-0.6884150505065918,0.3556780517101288,0.9996082782745361,0.5398396849632263,0.07391979545354843,0.8355789184570312,1.934217929840088,0.0011577395489439368,-1.4356212615966797,-0.9406287670135498,0.8507413268089294,0.9776133298873901,-2.330125570297241,-1.413012981414795,-0.855317234992981,-1.1142185926437378,0.8261387944221497,0.24645651876926422,0.8101359605789185,-0.11555036902427673,-0.27612242102622986,1.210142731666565,-0.6017870903015137,0.04301612824201584,0.05471716821193695,0.39494600892066956,0.26096808910369873,-0.034948404878377914,-0.7243155837059021,1.8917889595031738,-0.4982362985610962,-0.4636891186237335,-1.4409089088439941,-0.663379430770874,-0.24169258773326874,-1.5374476909637451,0.05393112450838089,-1.3790943622589111,-0.13167276978492737,-0.22157937288284302,-0.4189232885837555,0.7994041442871094,0.22433343529701233,0.20148539543151855,1.4255110025405884,0.8962083458900452,-0.7335618734359741,1.2187186479568481,0.029580483213067055,0.6811447143554688,1.0085333585739136,0.40474700927734375
-0.5457454919815063,1.2132576704025269,-0.06294713169336319,0.11251246929168701,-1.6225124597549438,1.582432746887207,0.9846640825271606,0.9044365882873535,0.6922582387924194,-0.268143892288208,0.6210262179374695,0.9421499371528625,1.6866440773010254,0.42350292205810547,-1.3069063425064087,1.2833369970321655,1.9331755638122559,-0.5145531296730042,-0.44082093238830566,0.8733159899711609,0.7803716063499451,0.6148832440376282,0.7337031960487366,0.9878904819488525,0.9068360328674316,0.6672333478927612,1.3959071636199951,-1.4823721647262573,0.7861680388450623,-0.7919560670852661,1.9025118350982666,1.6038285493850708,-1.718321442604065,-0.02359822206199169,0.7362567186355591,-0.5362240076065063,0.8931275606155396,0.3175604045391083,1.5684140920639038,-0.4295116066932678,-0.2750023603439331,-0.1121230348944664,2.009516716003418,0.5463241338729858,0.25135090947151184,-0.7908790111541748,0.7687082886695862,0.3298158049583435,-0.9645231366157532,0.36136332154273987,0.6298922896385193,2.2145838737487793,0.5170598030090332,0.18619297444820404,0.24203261733055115,0.9510136246681213,-0.20680633187294006,0.8541557788848877,1.528085470199585,1.8733116388320923,-1.86232590675354,-0.1659979522228241,1.4350005388259888
1.2906674146652222,0.048410821706056595,-0.46920663118362427,1.343993067741394,0.5612691640853882,-1.0767168998718262,0.44486868381500244,-1.496407389640808,-0.2847541570663452,1.206382393836975,-0.4663386642932892,-0.3224548399448395,-1.5591942071914673,-0.5370885729789734,-0.8117964267730713,-0.7552601099014282,-1.4071276187896729,-0.8906460404396057,-0.25130966305732727,-0.4869735538959503,0.4980648458003998,0.7708907127380371,-0.9984716176986694,0.11105915158987045,0.6249991655349731,0.028752276673913002,-0.050280336290597916,0.6382565498352051,2.586635112762451,-0.6425624489784241,-1.443019986152649,0.4259985387325287,-0.2861683964729309,-0.6638336777687073,-0.42357197403907776,0.9950674772262573,-0.324007511138916,-0.510296642780304,-0.5549744963645935,0.33140113949775696,0.2676836848258972,0.4706542193889618,-1.4015429019927979,-0.8238024115562439,-0.21756315231323242,1.4091694355010986,-0.467471182346344,0.26937758922576904,-0.9397176504135132,-0.025429464876651764,-0.3076184391975403,-1.8005473613739014,0.22101955115795135,0.7376894354820251,-1.4911460876464844,-0.42141756415367126,-0.7682556509971619,1.2463219165802002,-0.21654699742794037,-0.932655930519104,-0.13713841140270233,-2.320228338241577,0.5875133872032166
-0.6363306045532227,1.4864381551742554,0.5007668733596802,0.6844968199729919,1.5766701698303223,0.46139073371887207,1.3551113605499268,0.442890465259552,0.6729926466941833,-1.7150808572769165,0.807901918888092,-1.1983771324157715,-1.5217695236206055,0.7578126788139343,-0.6325981616973877,-0.9946761727333069,1.8439610004425049,1.1562151908874512,0.6066245436668396,-0.2700037360191345,0.2310134619474411,1.0305265188217163,-0.14893077313899994,-0.6662654876708984,-0.6688745021820068,0.731201171875,-0.7042630910873413,1.3485610485076904,0.5865514278411865,0.8412638306617737,0.9599877595901489,0.7977169752120972,0.9313029050827026,1.0771621465682983,-1.0187842845916748,0.13256190717220306,-0.7309924960136414,-0.8302963972091675,1.7889089584350586,0.4206342101097107,0.3660193681716919,0.12110619992017746,-1.7586334943771362,0.24351847171783447,-1.0587317943572998,-0.18463866412639618,-0.5733004808425903,1.764807105064392,0.5476939678192139,0.6728994846343994,0.8073933124542236,0.6946172714233398,-0.9433873891830444,-0.5413822531700134,1.6163098812103271,0.17245924472808838,0.509078860282898,-0.1444716900587082,1.4949181079864502,-0.535047173500061,0.8218815326690674,0.7406611442565918,0.7174121737480164
-1.677463173866272,-0.47127726674079895,-0.027451476082205772,1.2421199083328247,0.19678960740566254,-0.8907431960105896,-2.1462533473968506,0.3672962784767151,-0.1089550033211708,0.2928532361984253,-0.46668773889541626,1.0673682689666748,0.7129324078559875,1.601129412651062,0.41484084725379944,1.771760106086731,-0.10785890370607376,0.973967969417572,-0.8072655200958252,-0.3176978826522827,-1.6209670305252075,0.7089914679527283,-0.7887870669364929,0.6078410148620605,1.0180468559265137,0.5904221534729004,1.1714829206466675,1.1400154829025269,-1.097598910331726,1.3272879123687744,0.8322765231132507,1.1210582256317139,0.6006361842155457,-0.9097689390182495,-0.7107436656951904,-0.5169761180877686,-0.5562169551849365,1.1042985916137695,0.5171098113059998,-1.618293046951294,0.9808664917945862,-0.749191403388977,0.186127707362175,0.9734088182449341,0.18108759820461273,-0.44000890851020813,-0.7679076194763184,-0.19591212272644043,-0.3864680826663971,0.07048732787370682,1.843464970588684,0.7565933465957642,-1.3978192806243896,-1.1306660175323486,0.5770131349563599,0.09111890941858292,0.6343609690666199,0.18132953345775604,2.233563184738159,-0.3380584716796875,0.5227420926094055,0.9754281640052795,1.9091144800186157
0.5925849080085754,1.1417731046676636,1.0679161548614502,1.4927104711532593,-0.8607082366943359,-0.7411348819732666,-0.4110415279865265,-0.08904661238193512,-1.2733228206634521,-1.321221947669983,0.7391223907470703,-0.13986097276210785,-2.15712833404541,-1.3442775011062622,0.13629058003425598,-0.5539699196815491,0.9763954877853394,1.1040488481521606,0.6097264885902405,-1.7676546573638916,0.2034343034029007,1.9057960510253906,0.7828422784805298,-0.5607196092605591,0.8699648976325989,0.9870951771736145,-0.15627498924732208,1.111031413078308,2.15153169631958,1.5379343032836914,1.3901176452636719,0.7437745928764343,0.8229320049285889,0.813657283782959,0.569926917552948,-1.644784688949585,0.34561702609062195,0.15287916362285614,-0.516933798789978,0.01169002614915371,-0.2608116567134857,0.09996232390403748,-0.9297285676002502,1.1473549604415894,-0.5190602540969849,0.30025678873062134,-0.18338629603385925,1.6382348537445068,0.08795730769634247,0.2861536741256714,1.6638896465301514,0.4071475863456726,0.7004168629646301,1.2164322137832642,1.0242652893066406,-0.2531073987483978,0.8285599946975708,0.6508758664131165,0.40898457169532776,-0.74022376537323,0.5245875716209412,0.45344871282577515,1.6541600227355957
-0.29389309883117676,0.20352983474731445,1.3307344913482666,0.7295112013816833,-1.1989270448684692,-0.09789732843637466,-0.5675799250602722,1.1983028650283813,-1.4245338439941406,-0.4727175235748291,0.9041827917098999,-0.13589683175086975,0.1296580582857132,-0.3163306415081024,-0.28248801827430725,0.6716293692588806,-0.6709616780281067,-0.46750226616859436,-0.289090633392334,0.1609439104795456,-1.9799015522003174,-0.5145044922828674,0.361688494682312,1.1716126203536987,0.3236333131790161,0.4348698556423187,-0.4911332130432129,0.17462822794914246,0.46180087327957153,-0.8510629534721375,1.0452115535736084,0.06676262617111206,0.4495202302932739,-0.8680175542831421,-1.6919995546340942,0.10842208564281464,-0.32306694984436035,0.7515029311180115,0.14272485673427582,0.2575046122074127,-0.30554741621017456,-1.1577295064926147,-0.5452001690864563,-0.9014875888824463,-1.8294780254364014,-0.7069441080093384,-1.9721152782440186,1.050692081451416,-0.09440663456916809,-0.7097474336624146,1.504970908164978,1.0144555568695068,-0.3588906228542328,0.30024299025535583,-1.1482243537902832,-0.9337829351425171,1.3461707830429077,-0.17259129881858826,2.0287742614746094,-0.5990646481513977,-0.10397986322641373,-2.1113076210021973,1.2628127336502075
-1.2923507690429688,-0.17539668083190918,-1.0563801527023315,-0.32542121410369873,-1.3197531700134277,-0.9634935259819031,-0.883263349533081,-1.0265138149261475,0.9475944638252258,-0.17634114623069763,-1.1827032566070557,1.3413844108581543,0.31253787875175476,-0.43002378940582275,-1.2039986848831177,0.0037821955047547817,-0.9506868720054626,-1.140505313873291,-1.2138792276382446,-0.429353803396225,-0.3347911536693573,-1.4327735900878906,-1.038837194442749,0.34444576501846313,1.3166799545288086,0.2720525562763214,-0.12108778953552246,-0.09798580408096313,-0.3953109085559845,-0.7298532724380493,-1.9670180082321167,-0.349553644657135,0.4550052881240845,-1.1775866746902466,0.48078781366348267,-0.6766746044158936,-1.5193413496017456,-0.33524301648139954,1.2294620275497437,-1.1027833223342896,0.7391229271888733,-0.001965697854757309,0.3600619435310364,0.16143909096717834,0.24760140478610992,2.4640703201293945,1.1683084964752197,-2.180718183517456,-1.7178770303726196,-0.9593324065208435,-0.9670448899269104,-1.9759020805358887,-0.06861433386802673,-0.7548211216926575,-0.7219825983047485,0.42973750829696655,-1.3011060953140259,1.9651308059692383,-1.5085879564285278,-0.6867285966873169,0.3973287343978882,-0.9174996018409729,-0.9758083820343018
0.8717398047447205,-0.8505225777626038,0.18809640407562256,0.49656185507774353,-0.13891534507274628,0.5900628566741943,0.585136353969574,-0.7471371293067932,-0.7577292323112488,-0.5478972792625427,-1.2980730533599854,0.7008312344551086,0.37940582633018494,0.6090694069862366,-0.335956335067749,0.16353386640548706,-1.1063902378082275,0.1480814665555954,-1.3907878398895264,-0.8987619876861572,-1.6340240240097046,-0.7965946793556213,0.4857616126537323,-0.830213725566864,-0.13432677090168,-0.841362476348877,-0.1549820750951767,-0.25415748357772827,0.14499011635780334,0.03773832693696022,0.689943790435791,-0.8356185555458069,0.05220647156238556,0.2735952138900757,1.676446795463562,1.5991575717926025,0.3193366229534149,1.5540649890899658,0.16864776611328125,-0.5263901352882385,0.41318729519844055,1.550789713859558,0.7764549851417542,-1.873791217803955,-0.8057337999343872,1.3657317161560059,-1.5828744173049927,0.6299378871917725,-0.21520991623401642,1.8424179553985596,-1.163567304611206,0.08003994077444077,1.148460030555725,-0.6799700856208801,-1.283601999282837,2.080268383026123,-0.3510609269142151,0.263820618391037,-0.6802221536636353,-1.4739277362823486,-0.38180550932884216,0.5677666068077087,-0.21491463482379913

Slice 40
-1.2318720817565918,2.9151833057403564,-1.4104059934616089,0.014945399016141891,-0.48243239521980286,-0.8087384700775146,-1.8992618322372437,-0.8889298439025879,0.8579222559928894,0.04134642332792282,0.9176187515258789,0.4264509081840515,0.1647006869316101,0.24140608310699463,0.1680363416671753,-0.6316787600517273,1.8243408203125,0.15009135007858276,-2.0113587379455566,1.445340871810913,-1.2004317045211792,0.38591936230659485,-0.5042109489440918,0.4226767122745514,0.048706069588661194,0.9801501035690308,1.8012524843215942,-1.3315802812576294,-1.554531216621399,0.5063645243644714,-0.9876348376274109,2.1652679443359375,0.08967343717813492,0.30133625864982605,0.49532997608184814,-0.5465959310531616,-0.3394874930381775,0.13062599301338196,0.7815730571746826,0.26447296142578125,0.5134831070899963,-2.679420232772827,-0.45790961384773254,0.3834211826324463,-0.6563390493392944,-1.4285595417022705,-0.02920476160943508,0.32992246747016907,-1.3455649614334106,0.6828605532646179,0.46169427037239075,-0.08022230118513107,-0.404452383518219,-1.0021694898605347,-1.9089683294296265,0.38623112440109253,1.0920647382736206,-0.22925151884555817,-0.22987061738967896,0.34701991081237793,-0.7142746448516846,-1.0938163995742798,1.2177544832229614
-0.5666007399559021,-0.7055935859680176,0.9224468469619751,0.7419566512107849,-0.12632368505001068,-0.2319459170103073,0.2006678581237793,0.10922656208276749,-1.274088978767395,1.2222940921783447,-0.5802206993103027,0.15045318007469177,0.7888157367706299,-0.048607926815748215,0.18371134996414185,-0.43807753920555115,0.6895999908447266,-0.31965184211730957,0.3641710579395294,-0.6057312488555908,-0.6869716048240662,0.011430332437157631,-0.6709386706352234,1.2176529169082642,0.4190799295902252,-1.1416722536087036,-0.037296850234270096,-0.5587036609649658,0.05385226383805275,-0.06182887777686119,-0.364511638879776,0.1347099095582962,-0.21968598663806915,0.23935464024543762,0.13105258345603943,0.4455323815345764,-0.6562865376472473,-0.06909467279911041,-1.1020653247833252,0.2867790460586548,-0.2383604794740677,-0.5612629055976868,0.08375973254442215,-0.3136596977710724,-1.0321671962738037,-0.09043922275304794,-0.9730122685432434,-0.6887425184249878,-0.027606280520558357,-0.19070781767368317,-1.2439769506454468,-0.3780653178691864,-1.775804042816162,-0.6155749559402466,-0.2817019522190094,0.16191622614860535,-0.8499206304550171,-0.34547996520996094,-0.18306033313274384,-1.3188972473144531,-2.469482660293579,-1.6397345066070557,-1.3772339820861816
0.12018517404794693,-0.1275072544813156,-0.28484177589416504,-1.1334978342056274,-0.3586679697036743,-0.9847542643547058,-0.8816933631896973,-1.6843215227127075,0.35492849349975586,-0.4788869619369507,-0.0333712100982666,1.1420555114746094,-1.428802728652954,-1.3080506324768066,-0.238074392080307,-0.04732389375567436,0.6849184632301331,0.7708824872970581,0.3914405405521393,-0.040817536413669586,-0.6153604388237,0.79805988073349,-0.963813066482544,-0.5623558163642883,-0.2826572060585022,0.7820855975151062,0.06317338347434998,0.4720652401447296,-1.9087755680084229,-0.12397444248199463,-1.1262476444244385,-0.3665943145751953,1.2683764696121216,-0.46773862838745117,0.5879960656166077,0.024703387171030045,0.7439229488372803,1.8929901123046875,0.712536096572876,0.4274127781391144,0.4057832360267639,-0.7140799760818481,-0.6035141944885254,-0.44534629583358765,-0.14593394100666046,-0.939525842666626,-0.4906279444694519,0.2520168721675873,-0.2932232618331909,0.22414827346801758,1.8310414552688599,0.23776139318943024,-0.7742711305618286,-0.11737833172082901,-0.7473488450050354,-1.1231166124343872,1.6504303216934204,0.18318869173526764,-0.2564350664615631,0.9102032780647278,1.2222408056259155,-0.2057911902666092,-0.7432414889335632
-0.8559211492538452,-1.9516278505325317,0.6170822381973267,0.7898094654083252,2.5301315784454346,-0.6087299585342407,0.4602486491203308,-0.6429467797279358,-0.20176291465759277,0.4165777266025543,0.19550254940986633,-1.1518969535827637,0.0007350047235377133,0.3035537004470825,0.9747247099876404,1.4171266555786133,-0.6844866871833801,-0.7162483334541321,0.6049087047576904,-0.4044803977012634,-0.3132424056529999,1.3204598426818848,1.4773359298706055,0.9080726504325867,-0.6738449335098267,-0.7532581686973572,-0.01918701082468033,-0.5366116762161255,0.11930911988019943,-1.873376727104187,-0.08866344392299652,-2.5217387676239014,0.016985468566417694,0.21617287397384644,-1.0183006525039673,1.9452546834945679,-0.2952626943588257,-0.26059409976005554,-0.5759316682815552,-0.4707314968109131,-1.1005659103393555,-0.45849308371543884,1.3845247030258179,-0.8049578666687012,-1.2461949586868286,1.9012099504470825,0.7997689843177795,0.20567438006401062,0.556667149066925,-1.4206877946853638,-0.7312958836555481,-0.135931596159935,1.4698749780654907,0.2790749669075012,-0.6402125358581543,-0.37707170844078064,0.5359023213386536,0.4465353488922119,0.41293540596961975,-0.4745737314224243,-1.029832363128662,0.763831377029419,0.5119804739952087
-0.7498921751976013,0.7123244404792786,-0.35378751158714294,-0.4132702946662903,-2.0188417434692383,1.0022826194763184,-0.3177911341190338,0.044677868485450745,-0.00448134308680892,1.485677719116211,0.03186048939824104,-1.63479483127594,-1.0916931629180908,-0.6378790140151978,-0.011511031538248062,-0.1282973289489746,-0.8732316493988037,1.0089281797409058,0.3636893630027771,2.182342052459717,1.1062266826629639,0.9533615708351135,-0.1838306188583374,-0.92822265625,1.8525232076644897,0.9881668090820312,0.7020575404167175,-1.4048106670379639,-1.1728628873825073,1.0549851655960083,-0.10714366286993027,0.14287829399108887,0.7720903754234314,0.9102387428283691,1.540681004524231,-0.5300061702728271,-0.3437020480632782,-0.8819245100021362,0.00641397712752223,-0.08582612127065659,0.4245726466178894,-1.0181208848953247,0.5297033190727234,1.1524698734283447,-0.9387722015380859,0.7226932048797607,-0.8979765772819519,2.1130290031433105,-0.2721399962902069,0.4467017948627472,0.6456044912338257,1.5686379671096802,0.1326696127653122,0.7180420160293579,-0.3213734030723572,-0.8506152033805847,-0.815264880657196,-1.0170363187789917,0.6260799765586853,-0.1943807750940323,0.7341509461402893,-0.37748515605926514,-0.22267141938209534
1.0271506309509277,-1.6463693380355835,0.08730971813201904,-1.5296121835708618,-1.2041692733764648,-1.295366644859314,-1.0226285457611084,-0.6283724308013916,1.2621028423309326,0.33347201347351074,-0.41797372698783875,1.7804137468338013,1.3853797912597656,1.7967677116394043,0.6284434199333191,-2.085608959197998,-0.9693295955657959,-0.8972480893135071,-0.43269824981689453,-0.5428834557533264,1.1521605253219604,-1.2866020202636719,-0.7845757603645325,0.3332828879356384,1.690016269683838,-1.2105094194412231,-1.3681585788726807,0.5279328227043152,-1.3218499422073364,0.16970591247081757,0.13083598017692566,-0.9782404899597168,-1.9139440059661865,0.1134280264377594,0.4159586429595947,-1.4791202545166016,-0.25194051861763,2.2874598503112793,-0.00479122344404459,1.3587194681167603,-0.2734213173389435,0.2766152322292328,-0.8220157027244568,0.9958867430686951,-0.22429540753364563,1.3988888263702393,0.5927376747131348,0.41887393593788147,0.08820705860853195,0.8823307156562805,-0.5620260834693909,-0.5303234457969666,0.7097721695899963,0.776375949382782,0.1102626770734787,0.008145935833454132,-0.09976741671562195,-1.0831016302108765,-1.0912535190582275,1.4348982572555542,0.483854740858078,-1.0488284826278687,-0.12231801450252533
1.5750513076782227,0.26337236166000366,-0.489736944437027,1.314616322517395,-1.6367641687393188,0.35447779297828674,-0.23936060070991516,1.49111008644104,-1.311819076538086,1.0906251668930054,-0.24305890500545502,-0.8939439058303833,0.9937471747398376,0.7440143823623657,1.7823665142059326,1.1345900297164917,0.5027292370796204,-0.06351948529481888,0.04980207607150078,1.1445099115371704,-1.7428172826766968,0.06435194611549377,-0.6093608140945435,1.827618956565857,0.5584637522697449,-0.7072942852973938,-1.0484600067138672,-0.23833082616329193,-0.3234332203865051,1.5627750158309937,1.641636610031128,1.0616703033447266,1.4582453966140747,-0.5401071310043335,1.9265393018722534,0.8990620374679565,-0.9150539040565491,-0.32563668489456177,-0.6590300798416138,1.1779643297195435,0.9882465600967407,0.9028639197349548,1.241565227508545,0.03820334002375603,-1.0479800701141357,0.04164566472172737,-0.39396795630455017,1.2066365480422974,0.29961976408958435,1.1084015369415283,-0.9857484698295593,-0.47925111651420593,-0.023727072402834892,1.702437162399292,0.13619348406791687,-1.6669750213623047,0.37446120381355286,-0.6270157694816589,0.4660346508026123,-0.1325991302728653,-1.3426589965820312,-0.3052123486995697,-0.997722327709198
-0.15538161993026733,1.5993285179138184,-1.0960257053375244,0.3523814082145691,-0.8184381723403931,-0.11633393913507462,-0.40893855690956116,0.01971886120736599,-0.489810585975647,-0.4831122159957886,-1.5857563018798828,0.09798320382833481,0.3234638273715973,0.3989419639110565,0.14498676359653473,0.48733198642730713,-0.5765747427940369,1.028325080871582,0.06368730217218399,-0.3221031725406647,1.3293296098709106,0.3606821894645691,-0.7237430810928345,-0.28173914551734924,1.8811616897583008,1.3013299703598022,-0.35591766238212585,-0.4507174789905548,-0.6708588600158691,-0.4357025921344757,0.9268044233322144,-0.6755262613296509,1.0170140266418457,-1.7451536655426025,-0.3555695116519928,-0.4399678707122803,1.7128273248672485,-0.4648282527923584,-1.3732149600982666,-0.9706948399543762,-0.7237985730171204,-0.7263882160186768,-0.2080107480287552,1.6758371591567993,-0.5389272570610046,-0.7731077671051025,-0.6001367568969727,-0.09617262333631516,-0.5922811031341553,-1.1361287832260132,1.544511079788208,-1.8160271644592285,0.09329082071781158,0.5866425633430481,-0.7360815405845642,-2.2429568767547607,0.9278368949890137,1.3836135864257812,-0.8916952013969421,0.3185681998729706,1.812442660331726,-0.34222546219825745,-0.7483333945274353
-1.7609049081802368,0.057278331369161606,1.0527602434158325,1.4959614276885986,-1.1347672939300537,0.8674930930137634,1.7167290449142456,-1.2137911319732666,0.9787479639053345,1.172491192817688,-0.0011043394915759563,-1.721555471420288,0.7276915907859802,0.43506917357444763,1.7146875858306885,0.2848384380340576,0.7056212425231934,-0.06837701052427292,2.5238349437713623,-0.4676424264907837,-0.1433330625295639,0.7628089189529419,-0.6080401539802551,1.2125904560089111,1.5176091194152832,-0.3947683870792389,0.19856910407543182,-1.1710842847824097,-0.3041369318962097,0.1154305636882782,-0.7824187874794006,-0.3682873249053955,1.3164303302764893,0.6564000844955444,0.6122110486030579,0.3278242349624634,-1.7453935146331787,-0.6695543527603149,-1.8183358907699585,0.6702190041542053,-0.936523973941803,-0.627787709236145,0.2717515528202057,-1.1302708387374878,-1.8046811819076538,-1.0176783800125122,1.0945582389831543,1.5786545276641846,-2.2293760776519775,-1.097567081451416,-1.9801663160324097,-0.9357728362083435,0.6985489726066589,2.242065668106079,-0.7526847720146179,-0.5862668752670288,-0.03603646904230118,-1.323438048362732,-0.8207752704620361,0.7887294888496399,-0.37051719427108765,-0.1499166339635849,0.7867984175682068
0.1129007339477539,-0.21152761578559875,0.13398481905460358,0.24287386238574982,-0.4462691843509674,0.8276738524436951,0.9078978300094604,-0.0039946637116372585,-0.2535603642463684,-1.2510632276535034,1.441780686378479,0.5584710836410522,-0.35989660024642944,1.1641327142715454,1.4462476968765259,-0.1834006905555725,-0.237448588013649,-1.8872978687286377,1.0295969247817993,1.0515270233154297,-0.4285883605480194,-0.8324154615402222,-0.42681562900543213,0.5786818265914917,1.629232406616211,-1.6200867891311646,1.4873446226119995,-0.5460194945335388,1.317254662513733,0.16902434825897217,2.531527519226074,0.40340954065322876,-1.1568918228149414,0.31062403321266174,-0.3293984532356262,-1.2793220281600952,-1.4495035409927368,0.05717253312468529,-0.02113380841910839,-1.3602977991104126,-0.29513978958129883,0.19729287922382355,-1.0257515907287598,1.9783155918121338,-0.5467583537101746,0.25607678294181824,1.5120928287506104,1.3587124347686768,-0.5461195707321167,0.7048333883285522,-0.5546255707740784,-0.7490618824958801,1.5672831535339355,0.4899938404560089,-1.1459858417510986,1.0591838359832764,-1.0229592323303223,-1.2908151149749756,-1.2199994325637817,-0.4578409790992737,-0.3596261143684387,-0.6297212243080139,1.5327850580215454

Slice 41
-1.2621121406555176,0.08046045899391174,-2.0099117755889893,0.8766691088676453,0.5406798720359802,1.9532504081726074,-0.1794857680797577,-0.5838644504547119,0.2649853527545929,1.0281288623809814,1.0502344369888306,0.6823952198028564,0.21556036174297333,-0.04242634028196335,0.46089839935302734,0.3445124626159668,-0.9291192293167114,0.630555272102356,0.10642550140619278,-1.9227339029312134,0.46691107749938965,-0.6315472722053528,-0.42069801688194275,-0.8000606894493103,0.4908430278301239,-0.8288386464118958,1.0694326162338257,0.07820375263690948,0.5489339232444763,0.4300682544708252,-0.8198169469833374,0.44246944785118103,-1.1056761741638184,-1.266800880432129,-0.1788005530834198,-0.7432740330696106,-0.5254775881767273,0.2746620178222656,-2.4513962268829346,-0.23782400786876678,0.4434599280357361,0.5976601243019104,1.3981844186782837,-0.024603504687547684,0.28774234652519226,-0.3565884530544281,1.4883480072021484,-0.14953075349330902,-0.2177843302488327,-0.26651790738105774,0.41423532366752625,0.6634414196014404,-1.748687982559204,0.22916442155838013,-1.4818768501281738,0.3828381299972534,-1.80698823928833,-0.6614728569984436,-0.5582766532897949,-1.201704502105713,-0.8231162428855896,-0.7878360748291016,-1.480475902557373
0.24383457005023956,-0.7833998203277588,0.25547847151756287,1.5600340366363525,0.4023604691028595,-1.3393504619598389,-0.8021103739738464,1.245073676109314,-1.206109642982483,0.9956764578819275,0.8875964879989624,0.5067545771598816,-0.4528229534626007,1.7134689092636108,-0.4197761118412018,-0.13115772604942322,-0.14163422584533691,1.3911391496658325,0.050219181925058365,-0.20029611885547638,-1.0573408603668213,0.07285495102405548,-0.9831310510635376,0.37119394540786743,-1.708582878112793,0.041426610201597214,1.9125087261199951,2.15616512298584,-2.2556121349334717,0.12361488491296768,-0.70136559009552,0.9305110573768616,-0.21615126729011536,1.2653688192367554,0.12934237718582153,0.14687834680080414,0.17101715505123138,1.014571189880371,-0.08957686275243759,1.234679937362671,1.3427826166152954,0.5398526787757874,0.09950925409793854,1.1090798377990723,0.9545786380767822,0.42961767315864563,-0.49589574337005615,-1.77001953125,0.06459633260965347,0.05034351348876953,-0.197518989443779,-0.45733389258384705,-0.604194164276123,1.1933342218399048,-0.11975982785224915,0.822304368019104,0.43521812558174133,0.5176734328269958,1.2952369451522827,-1.0303386449813843,0.49437084794044495,0.9183207154273987,-0.5398220419883728
1.106164813041687,-0.13268662989139557,1.8451026678085327,1.119765281677246,0.6210818886756897,0.005825950298458338,1.521620750427246,0.7546183466911316,0.7739109396934509,-0.2814435064792633,0.8159689903259277,0.6928553581237793,-1.2961002588272095,0.3105136454105377,0.5192682147026062,0.1901196390390396,1.1044235229492188,0.8999869227409363,1.3342900276184082,-0.6217405200004578,-0.7962174415588379,-0.4478268623352051,-0.2718900442123413,1.1788694858551025,1.009621024131775,-0.40852832794189453,0.6042935252189636,-0.638994574546814,0.6523985266685486,0.032548688352108,1.6517093181610107,0.738518476486206,1.4409639835357666,-0.6122943758964539,-0.9964988827705383,-1.2742607593536377,-1.0377751588821411,-0.706847608089447,1.23148775100708,-1.3907313346862793,1.8086316585540771,1.5736078023910522,-1.0228495597839355,-0.05923265218734741,0.9384063482284546,-0.05961349979043007,-0.8149269819259644,0.5622431635856628,1.8474355936050415,0.6471366286277771,-1.0382685661315918,0.9650107026100159,-0.16495782136917114,-0.08011016994714737,-0.23437048494815826,0.27193522453308105,-0.7103664875030518,0.1794610619544983,-1.5426989793777466,0.24402225017547607,0.6836185455322266,0.5219271183013916,0.43610134720802307
-1.0188064575195312,-0.6593198180198669,-0.2500019371509552,-1.048105239868164,0.9633736610412598,-0.6226004958152771,-0.586645245552063,-0.7224805355072021,-0.26333609223365784,-1.006013035774231,-0.252813458442688,-1.108679175376892,2.1122560501098633,-0.673629105091095,0.038476962596178055,1.3603904247283936,-0.5214011669158936,-0.7139445543289185,-1.0784764289855957,-0.09278654307126999,0.5988086462020874,-0.40488967299461365,-1.0065010786056519,0.21143090724945068,0.7088025212287903,1.3549110889434814,-0.3002287745475769,0.13123753666877747,1.4031951427459717,0.3654870390892029,-1.3860434293746948,-0.11299900710582733,-0.9388083219528198,0.8627967834472656,0.9443833231925964,1.3971154689788818,1.0304421186447144,1.394797921180725,-0.14536471664905548,-0.7966946363449097,-0.8753517270088196,2.3278205394744873,-0.17090420424938202,1.1278332471847534,0.6168264746665955,-1.4678895473480225,0.9236253499984741,0.6587846875190735,0.8321877121925354,-0.6639888286590576,2.17740797996521,-1.5735108852386475,-0.32363802194595337,-0.5812638401985168,0.40057989954948425,-0.1580636352300644,0.6319600343704224,0.760895311832428,1.0232772827148438,1.026307225227356,-0.40244245529174805,0.8208611607551575,-1.4559966325759888
0.1953025609254837,-0.31950825452804565,-2.2720236778259277,1.933146595954895,-0.3465026319026947,-1.094937801361084,-0.4070272445678711,-0.5383603572845459,1.2809829711914062,0.06289542466402054,-1.5799851417541504,-0.9649016261100769,-1.0995255708694458,-1.1134347915649414,-2.135972499847412,-0.34282803535461426,-3.057371139526367,-1.0140360593795776,-0.32143399119377136,0.14262618124485016,0.11652128398418427,-0.545722246170044,-0.6595906019210815,0.5595378279685974,0.454980731010437,-0.7325589656829834,-1.271159052848816,-0.5306492447853088,-0.12247519195079803,-2.3543636798858643,0.7646964192390442,-1.4507029056549072,0.524187445640564,-1.1397700309753418,-0.5362054705619812,-0.0914032980799675,1.6151775121688843,-0.6070204377174377,0.6635185480117798,-0.8533865809440613,-0.9822013974189758,0.6903020143508911,0.4000398516654968,-0.5834435224533081,0.49286866188049316,-0.045229896903038025,-0.8630611300468445,-0.8209470510482788,-0.7279154658317566,-0.7084364891052246,-0.16460539400577545,1.040364384651184,1.1622734069824219,-0.6956771016120911,-0.19743400812149048,-0.46932002902030945,-1.3529956340789795,-0.22862327098846436,-0.8926200270652771,-0.7989579439163208,-0.6188521385192871,-1.222215175628662,-1.6405593156814575
0.040082819759845734,1.479097843170166,-0.13606373965740204,-1.4991648197174072,0.5963178277015686,-0.37054213881492615,1.5504261255264282,-0.77358078956604,-0.11076929420232773,-0.020014885812997818,-1.7095394134521484,-0.22050532698631287,1.1519979238510132,-1.226211428642273,-1.802009105682373,-0.9805481433868408,-1.6248894929885864,-0.6062583923339844,1.4874769449234009,-0.1445174664258957,-0.6916207671165466,1.0716016292572021,-0.23856022953987122,0.31568557024002075,1.6391584873199463,0.33134758472442627,-0.3892940282821655,-1.379321575164795,0.04672209545969963,-1.0206435918807983,1.2366999387741089,0.5162399411201477,-0.36377787590026855,0.8748526573181152,-0.04491051286458969,2.2578675746917725,1.0250238180160522,-1.4235705137252808,0.5995194911956787,0.6332200169563293,-1.664698600769043,0.007180335931479931,-1.421542763710022,-0.3539254069328308,-0.8996742367744446,-0.2699171006679535,-0.6437833905220032,0.8681718111038208,1.4687663316726685,-0.12796735763549805,-0.9719399809837341,1.0948758125305176,0.14961522817611694,0.5488579273223877,0.3095008432865143,0.7362719774246216,1.3327745199203491,-2.056119441986084,-1.629223108291626,1.0555286407470703,0.2913151979446411,-1.9365620613098145,1.6260521411895752
1.696277379989624,0.8402562737464905,-0.002574426820501685,0.08173712342977524,0.11946570128202438,0.39157792925834656,-1.7584517002105713,0.5208377838134766,2.076777219772339,1.3269370794296265,0.33096227049827576,-0.1763378381729126,-0.6246778964996338,1.6161117553710938,-1.3171930313110352,0.25118640065193176,-0.7256034016609192,1.2718549966812134,-0.1334296613931656,-0.4912044405937195,-1.0129992961883545,0.7135331034660339,-1.3129571676254272,-1.5922943353652954,-0.5760236978530884,0.07625210285186768,0.6059219241142273,2.7481162548065186,-0.32263055443763733,0.22164516150951385,-1.3915411233901978,1.442812204360962,0.45403340458869934,0.9576876759529114,-1.9726258516311646,0.061616770923137665,-0.25737833976745605,-1.496262550354004,-1.3142831325531006,1.9284180402755737,0.6627735495567322,-1.1827336549758911,-0.009808316826820374,0.8078141808509827,-3.1822218894958496,2.0714986324310303,0.08331596851348877,0.7818602323532104,-0.856573760509491,0.6829860806465149,0.6949699521064758,0.4898141920566559,2.0698115825653076,-0.7594339847564697,0.29610785841941833,0.4688491225242615,1.4645564556121826,-0.22329330444335938,-0.11189287155866623,2.3116538524627686,0.9667868614196777,-0.6722569465637207,-0.48779603838920593
-0.2440265566110611,1.030713438987732,-0.5422837138175964,-0.5534713268280029,0.5190157294273376,1.5956103801727295,0.039244189858436584,-2.2430315017700195,0.4143950045108795,-0.012180756777524948,-0.12398889660835266,-1.6130417585372925,0.1369757056236267,-2.029902219772339,-1.5263947248458862,-0.13814041018486023,-0.5473305583000183,-0.1308514028787613,-0.060777902603149414,0.253665953874588,-0.46253928542137146,-1.8176500797271729,1.0975620746612549,0.6681499481201172,-1.0257091522216797,-1.372167944908142,-0.049182116985321045,0.17992982268333435,-0.246169313788414,-0.7170223593711853,-0.2013237178325653,0.3332623541355133,0.19711995124816895,1.13693368434906,-0.05601666122674942,-0.361272394657135,0.18938812613487244,0.215741366147995,-0.7844399213790894,-0.6017798185348511,-1.3506991863250732,-0.5627457499504089,-1.709675669670105,1.4442702531814575,-0.4553319215774536,-0.5167122483253479,-0.7911011576652527,-1.058384656906128,-1.6822304725646973,0.506232500076294,0.18287691473960876,-0.7564143538475037,-0.13889427483081818,0.7015835642814636,1.8021562099456787,-1.6354198455810547,-1.0089434385299683,0.6827651858329773,1.2921656370162964,-0.8021401166915894,0.48718005418777466,-0.914034366607666,-1.7034130096435547
-0.30592992901802063,1.4682413339614868,-0.29782187938690186,0.4944470524787903,0.3843110501766205,0.44130653142929077,-0.1005256175994873,-0.12528052926063538,1.1511273384094238,-1.9794304370880127,-1.5941781997680664,-1.3952131271362305,0.5670202374458313,-0.12991562485694885,-0.48693111538887024,0.9072332382202148,-0.8490793704986572,0.8132832050323486,-1.876806616783142,0.17423811554908752,0.09787701070308685,-0.9146504402160645,-0.12119626253843307,-2.2145462036132812,0.6548935174942017,-1.3675265312194824,-0.1766020655632019,0.6459338068962097,0.23466722667217255,-2.539746046066284,0.575876772403717,1.5796858072280884,-0.18689197301864624,0.2920089662075043,1.0652990341186523,1.272377610206604,-0.38104164600372314,1.4491714239120483,-0.12991444766521454,1.167549729347229,-0.6051915884017944,0.24295258522033691,-0.456129252910614,0.40138593316078186,-0.2478543519973755,-0.6689340472221375,1.1334244012832642,0.5074874758720398,0.1400567591190338,0.7323367595672607,-0.8328809142112732,-1.3264589309692383,0.6972853541374207,1.170898675918579,0.16934190690517426,-1.3303098678588867,-0.2589196562767029,2.0984127521514893,-0.2676437199115753,1.1435099840164185,-1.9191575050354004,-1.430007815361023,1.5515925884246826
-1.4120241403579712,-0.5361232161521912,0.10459688305854797,0.47642767429351807,1.6249278783798218,1.8003431558609009,0.144947811961174,0.2191491723060608,-0.31657397747039795,-0.7998450994491577,1.006335973739624,0.5954375863075256,0.8805326223373413,0.048052962869405746,0.9267590641975403,-1.331485390663147,0.7934465408325195,0.05690961331129074,0.42742279171943665,-1.1090097427368164,-1.4731309413909912,-0.3646514117717743,0.6454116106033325,0.68707674741745,0.579356849193573,0.6685613393783569,0.6075777411460876,-0.03276088833808899,-1.3869255781173706,-0.5377522110939026,-0.7032902240753174,0.43307000398635864,0.7699281573295593,-0.7751671075820923,1.0923216342926025,0.6681041121482849,-1.9954514503479004,1.0568076372146606,0.23111765086650848,-0.5250514149665833,0.05044509097933769,0.3852905035018921,0.016262296587228775,0.6262877583503723,1.4492138624191284,-1.0083370208740234,2.252912998199463,1.3839244842529297,0.12922348082065582,0.9955193400382996,1.382677435874939,0.13800251483917236,-1.373870611190796,-0.6450237035751343,-1.8686662912368774,-0.15267956256866455,-1.0120314359664917,-1.207728385925293,0.8911100625991821,-0.1697741150856018,-1.4747942686080933,2.0807507038116455,0.6316549181938171

Slice 42
-0.46645814180374146,-0.15636874735355377,0.47333672642707825,0.050762660801410675,-0.626831591129303,1.0072232484817505,-0.3080518841743469,0.1056109219789505,0.19119471311569214,-2.1715056896209717,1.701125979423523,0.18578043580055237,-1.625999093055725,-0.20186053216457367,-0.48311376571655273,-0.07656887173652649,-1.0544524192810059,-0.6437535881996155,-1.271575689315796,-2.04398775100708,-2.2967629432678223,0.09967837482690811,0.8759294748306274,2.1514711380004883,0.03818567469716072,2.0233583450317383,-0.6409980654716492,0.27591729164123535,0.4492311179637909,-0.5462408661842346,-0.35806912183761597,-0.44062402844429016,0.2343166470527649,0.122002974152565,-0.8605949878692627,-2.0404696464538574,-0.45533204078674316,0.5360898375511169,-0.18706020712852478,0.6589328646659851,0.6934536695480347,-0.010896245017647743,-0.2611708641052246,-1.7335141897201538,1.6092489957809448,1.2428030967712402,-0.7614811658859253,-0.15142320096492767,-0.13155074417591095,-0.44397953152656555,-0.3608437478542328,1.3620884418487549,0.7066059112548828,-1.5301085710525513,0.704513669013977,-1.2854766845703125,0.3198126256465912,-0.06051613390445709,0.4547498822212219,0.8265663385391235,-1.2295957803726196,-0.4166254997253418,1.6316511631011963
-0.1485007256269455,0.35067594051361084,0.6794775128364563,-0.24787335097789764,-2.016559600830078,0.0003682541137095541,-0.7557228207588196,0.7069180607795715,1.342347502708435,-0.3507704734802246,-0.26099953055381775,-0.4881569445133209,-0.8796411752700806,-1.4632363319396973,-0.821363091468811,-0.1545940488576889,-2.6560659408569336,0.6998006701469421,-1.7431715726852417,0.1783134788274765,0.6849337220191956,-1.8629807233810425,0.15731656551361084,-0.3984774053096771,-2.0180604457855225,0.31482332944869995,1.2314791679382324,-0.8935355544090271,0.9100880026817322,-0.8390889763832092,0.8219442963600159,-0.04368205741047859,0.004600213374942541,-0.6861468553543091,1.4384576082229614,-0.3238605856895447,0.3433213233947754,-0.11589416861534119,-0.050995782017707825,0.4813530147075653,-0.4553891718387604,0.23294666409492493,-0.361346036195755,0.274442195892334,0.2725018262863159,0.8284133672714233,-1.4277455806732178,0.24395465850830078,0.5821046829223633,0.7396852970123291,-0.47171270847320557,-0.2180057018995285,0.6981719732284546,1.017906904220581,-0.3477264940738678,0.7813847064971924,-1.3023992776870728,-0.01689600758254528,-0.1274123638868332,-0.7855985760688782,-0.14188362658023834,-0.1296139806509018,-1.1312886476516724
0.1954430341720581,0.7885814309120178,0.5914965271949768,1.6195086240768433,0.7055581212043762,-0.4418203830718994,2.0176138877868652,0.5749735236167908,-0.29265180230140686,0.32068488001823425,1.4401772022247314,0.31068602204322815,-1.4332748651504517,0.20224766433238983,-0.2978854775428772,-0.3173472583293915,1.3087351322174072,0.1605343371629715,-0.821190357208252,-0.3957118093967438,-0.01122188474982977,1.6081857681274414,-0.9503181576728821,-0.2984789311885834,-0.3414037823677063,-0.11144688725471497,0.06454738229513168,-1.821689248085022,-0.9041789770126343,1.4191358089447021,1.1830278635025024,1.6974375247955322,0.5995621085166931,-2.1194214820861816,-0.6073336005210876,-0.23907242715358734,0.7798317074775696,0.5746777653694153,0.2232998162508011,0.0161293838173151,-0.39579105377197266,1.0878549814224243,-0.3916318118572235,-0.7669252157211304,-0.6899335384368896,-1.5390602350234985,0.6933396458625793,1.128258466720581,-1.2177823781967163,0.4391745626926422,0.264437735080719,0.24888339638710022,-1.750985026359558,1.765694499015808,0.290226012468338,0.015537372790277004,-2.8008484840393066,-0.46165674924850464,-0.04835926368832588,0.7712703943252563,-0.7332540154457092,-1.2778778076171875,-0.5213320851325989
-1.335903525352478,-0.45599865913391113,0.43613508343696594,-0.34443339705467224,-0.3327140510082245,-2.7679736614227295,-0.4727852940559387,-0.1087130680680275,1.0141493082046509,1.0347257852554321,-0.6507729887962341,-0.7749902009963989,-0.16425827145576477,-0.7212749719619751,-1.6067073345184326,-0.25746387243270874,0.8070611357688904,-0.02081630937755108,0.14041054248809814,0.38057512044906616,-1.5735094547271729,-0.9679720997810364,1.31312096118927,-0.7918827533721924,-0.6738380789756775,1.1136308908462524,0.05568519979715347,1.0455036163330078,1.0550798177719116,0.14624254405498505,-1.5835217237472534,-0.4572941064834595,-1.4609088897705078,0.7362725138664246,0.38319501280784607,-0.9917363524436951,-0.6937031149864197,0.8372772336006165,-0.11652226746082306,0.5177304148674011,1.714127540588379,-1.0358836650848389,-0.2083464115858078,-0.543240487575531,0.6267203688621521,-0.49593958258628845,-0.009089088067412376,-0.5078665614128113,2.5067508220672607,-0.7480816841125488,0.6047878265380859,-0.030945969745516777,0.01822839118540287,-0.4791144132614136,0.9026711583137512,-0.05509360879659653,-1.7148072719573975,0.38720208406448364,0.9597746729850769,-0.7372137308120728,-0.14770671725273132,0.5275574922561646,-0.8052405714988708
0.370686799287796,-0.4405120015144348,0.6255195736885071,-1.120247721672058,-1.083763599395752,-0.10304439067840576,-0.9634671807289124,0.24369072914123535,-0.9321362972259521,1.1456910371780396,0.2909679710865021,1.4758059978485107,0.16151297092437744,-1.1908035278320312,-0.4264564514160156,-0.7431241273880005,0.012828603386878967,1.0243779420852661,-1.3419256210327148,-0.5913822054862976,-0.12074031680822372,-0.5169047713279724,1.5678393840789795,-0.3131237328052521,-0.6469553112983704,-1.2610684633255005,-1.3341339826583862,-0.07126551866531372,-0.2617790400981903,1.3728805780410767,1.3169816732406616,-0.36806777119636536,-2.310124397277832,0.15949024260044098,0.4471133351325989,0.5436580181121826,-0.3481155037879944,-0.5879842042922974,-0.2775929570198059,0.1014673188328743,-0.011213971301913261,-0.5846881866455078,1.199912190437317,1.804138422012329,1.2602750062942505,-2.3261702060699463,0.8363978266716003,1.039620280265808,0.19561506807804108,-0.06673974543809891,0.5774106979370117,-0.47809842228889465,-0.9633263945579529,1.335064172744751,-0.9396559596061707,2.188464641571045,-0.28351861238479614,0.658363938331604,-1.119995355606079,-0.11563697457313538,0.939805269241333,1.5152555704116821,0.8115220665931702
-1.0884826183319092,1.7532562017440796,0.42225363850593567,0.9703226685523987,0.6477190256118774,-0.7766252756118774,0.4936106503009796,2.0995306968688965,1.3627418279647827,0.33589673042297363,0.8142518401145935,-1.1743015050888062,-2.6887917518615723,-1.1325427293777466,-0.7768046259880066,1.033848762512207,0.19205118715763092,0.46794143319129944,-1.0483219623565674,0.8285584449768066,-1.1020183563232422,-0.6362022161483765,1.0860812664031982,-0.2671416103839874,0.6475697159767151,1.9772175550460815,-0.21582689881324768,-0.6527144312858582,-0.4513547122478485,-0.032990727573633194,1.0056431293487549,-0.30625271797180176,0.1256743222475052,0.44972631335258484,1.0175271034240723,0.9523994326591492,-2.037991762161255,0.6430987119674683,-0.48164281249046326,-0.6744257807731628,0.8829195499420166,-1.1724539995193481,-0.018792850896716118,-0.08520270884037018,-0.753134548664093,0.9420753121376038,-1.1839065551757812,1.2471100091934204,0.7361303567886353,-0.5671078562736511,2.123023271560669,-1.6892590522766113,0.9973471760749817,2.0915274620056152,0.8499255776405334,-0.029241733253002167,1.425811529159546,0.7122137546539307,0.09252654761075974,0.4477197527885437,0.139383465051651,-1.0324625968933105,-0.42597880959510803
-0.7810870409011841,0.814630925655365,1.470810890197754,-1.436232089996338,1.2720472812652588,0.9377841949462891,0.4134937822818756,-0.8961610198020935,1.143652081489563,-1.2153174877166748,0.6556979417800903,-0.6102081537246704,-1.8505069017410278,-0.10644260048866272,1.7804914712905884,-0.8018626570701599,1.4666085243225098,1.178066372871399,0.35267212986946106,-0.8562162518501282,0.11324594169855118,-0.7889834046363831,-1.7401646375656128,-0.577366292476654,-0.21751029789447784,0.6732072830200195,-0.7790712714195251,-0.9641537070274353,-1.495322823524475,0.8434741497039795,-0.7486713528633118,-0.37565699219703674,-0.20305916666984558,-1.0321896076202393,-0.3326754868030548,0.6238910555839539,0.1796434372663498,-0.09823896735906601,-1.075134038925171,-0.295362263917923,1.032058596611023,-0.7706006169319153,-0.2906606197357178,1.2531145811080933,-1.2169675827026367,-0.734621524810791,0.9894704818725586,2.2173190116882324,-0.5912964940071106,-1.9744505882263184,0.08448628336191177,-1.659008502960205,1.4995633363723755,-0.35272854566574097,1.9688807725906372,1.0549917221069336,-0.4599725604057312,1.087937355041504,1.0848069190979004,1.9834086894989014,-1.1476843357086182,-0.9153122305870056,-0.07402408123016357
1.4804071187973022,-1.538385033607483,-0.8240540623664856,-1.0395464897155762,-0.16211916506290436,-1.3884902000427246,-0.5928143858909607,-0.5569741129875183,0.4475752115249634,1.9064494371414185,-0.9886508584022522,-0.40015673637390137,-0.08928319066762924,1.0946425199508667,-0.7346864938735962,-0.8485164642333984,0.6410074234008789,-1.3909094333648682,0.9434374570846558,0.15968315303325653,-0.2336088865995407,0.9513097405433655,0.4228636920452118,-1.0437871217727661,-2.9859368801116943,-1.6782630681991577,-0.27598634362220764,1.0066807270050049,0.7762067914009094,0.43503665924072266,1.3647726774215698,1.1372592449188232,-0.4737111032009125,0.9206178784370422,0.2316545695066452,0.5766738653182983,-1.7238680124282837,-1.8344498872756958,1.4955806732177734,1.99124276638031,0.3593384027481079,-0.10028820484876633,-1.0633773803710938,0.4174170196056366,-0.3999994397163391,-0.6771784424781799,-0.7859312295913696,0.12015849351882935,0.3772313892841339,-0.28773871064186096,-2.653059244155884,-1.038873553276062,1.0711458921432495,0.7909964323043823,0.5509058237075806,0.023630065843462944,-1.760746955871582,-1.0686734914779663,-1.3281728029251099,-1.0385067462921143,-1.6793848276138306,-0.010761176235973835,-0.6849856376647949
-0.0964944139122963,-0.08126077800989151,-0.3961417078971863,1.5723766088485718,0.6173288226127625,1.764665126800537,1.7216328382492065,-0.3285703659057617,0.3219298720359802,1.4141110181808472,1.6052769422531128,-1.705208659172058,0.433135986328125,0.08130472153425217,-1.0170342922210693,-1.7997477054595947,0.6580523252487183,0.8643018007278442,0.4397202432155609,0.7532715797424316,-0.7556197047233582,1.0274162292480469,-0.6485814452171326,-0.22136391699314117,0.8227623105049133,-1.1089818477630615,0.8395856022834778,0.5273767709732056,1.405369758605957,0.4357229769229889,-0.05106549710035324,-1.7250374555587769,1.3130656480789185,0.6939212679862976,-2.134625196456909,-1.8323742151260376,0.28372079133987427,-0.5073566436767578,0.3518369793891907,1.8171250820159912,-0.8764113187789917,-1.7052052021026611,0.8519953489303589,-1.146533727645874,-0.8899847269058228,0.9520185589790344,-0.09491739422082901,-0.051590822637081146,0.2648332118988037,1.258371114730835,1.1829675436019897,0.7316235899925232,0.6617026329040527,1.167970895767212,0.3781118094921112,-1.3679461479187012,0.8185001611709595,0.2425474375486374,-1.2450183629989624,-0.6259993314743042,-0.4643763303756714,1.0633513927459717,-0.2194811999797821
-0.1437898427248001,-0.04323872923851013,-2.156054973602295,1.4871957302093506,0.22455188632011414,-1.178941011428833,-0.912968099117279,-1.8958877325057983,0.6691061854362488,-0.5414077043533325,0.8799249529838562,1.0468062162399292,1.890082836151123,0.16291463375091553,0.40855610370635986,-1.5458627939224243,-1.500334620475769,-0.06096546724438667,1.8582394123077393,-0.7379916906356812,-0.1989903599023819,-1.8382244110107422,-0.8306064009666443,-1.686149001121521,-1.1464831829071045,0.4690003991127014,1.6292439699172974,0.829743504524231,0.2096424698829651,-2.1752121448516846,-1.2423542737960815,-0.10515554994344711,1.8379113674163818,1.1866066455841064,0.7866728901863098,0.08906639367341995,-1.1153974533081055,1.8857367038726807,-0.07458936423063278,0.1386968344449997,0.6913520097732544,-0.661404013633728,-1.1960062980651855,0.34038370847702026,-0.5429180860519409,1.3137750625610352,-1.0224047899246216,-0.7201895713806152,-0.7423529624938965,1.5017699003219604,-0.5534805655479431,-0.6464440226554871,-0.05953114852309227,-1.4885832071304321,1.5572502613067627,0.015295189805328846,0.3715222179889679,0.46062561869621277,0.6761543154716492,0.6693389415740967,-0.5216473340988159,-0.18519510328769684,-0.9375410079956055

Slice 43
-0.8009392023086548,0.27898547053337097,-1.8549069166183472,1.4928878545761108,-0.4982609152793884,1.6255590915679932,2.2283177375793457,-0.15444858372211456,0.6954135298728943,0.036391399800777435,1.698591709136963,-1.1327279806137085,-0.09666724503040314,0.6772086024284363,1.0529570579528809,0.1260065883398056,-0.5429384112358093,1.0148615837097168,1.0817859172821045,0.48387768864631653,-0.5934208035469055,0.2970275282859802,-1.3773268461227417,-1.2066750526428223,0.4953227937221527,0.7948372960090637,0.6631835699081421,0.5115261077880859,-0.6769676208496094,0.7327300310134888,1.0760122537612915,-0.7077141404151917,0.9911237955093384,-0.303169310092926,1.5406756401062012,0.6100366711616516,-0.06013467535376549,-0.23566925525665283,-1.3934695720672607,0.27115508913993835,-0.01184549555182457,-0.3893304467201233,-0.2080187350511551,-0.8973397016525269,-0.6618168950080872,0.7956230640411377,0.9848623871803284,1.1910409927368164,-1.6468935012817383,0.4120955467224121,-0.7714860439300537,1.4709315299987793,0.24604295194149017,-1.10456383228302,-0.9934201240539551,0.4740099608898163,1.1534878015518188,1.3679864406585693,-1.100587248802185,-1.0354697704315186,0.5405974984169006,-1.4005672931671143,0.20958511531352997
-0.8509790897369385,-1.2270711660385132,1.2477011680603027,-0.28143611550331116,0.9784672856330872,-0.6025828123092651,0.2729203701019287,-0.5558086037635803,-1.1967864036560059,-0.40746405720710754,1.662729024887085,0.28224098682403564,-0.32491353154182434,1.96817946434021,-0.29833075404167175,-0.7971083521842957,-0.06578714400529861,-1.0333194732666016,1.7983999252319336,1.7644420862197876,-0.8626105189323425,0.7053420543670654,-1.5333536863327026,-0.48188140988349915,0.7220982313156128,-0.3097517788410187,-1.3358147144317627,0.3003157377243042,2.1266210079193115,-0.4512154757976532,0.5315603017807007,-0.8435680866241455,-2.2450907230377197,0.9345169067382812,0.6749776601791382,0.8164341449737549,-0.5046114325523376,1.3836196660995483,1.885768175125122,1.2919421195983887,-1.1750710010528564,-1.173707365989685,0.5099506974220276,1.130488395690918,0.06061738729476929,2.225594997406006,0.22993722558021545,0.6063168048858643,-0.17383283376693726,-0.4012191593647003,-0.3428937494754791,0.7314234972000122,-0.767188549041748,-0.8217450976371765,1.0393630266189575,0.7517082691192627,-0.07422077655792236,-0.950110137462616,-0.5641185641288757,1.969709038734436,0.7882023453712463,-1.997926950454712,-1.2792627811431885
-0.0037478029262274504,0.3326244056224823,-1.4998418092727661,-1.2243958711624146,-0.4168194830417633,-0.09865682572126389,0.18598611652851105,1.1100499629974365,0.5716960430145264,-1.2731778621673584,-0.24797798693180084,-1.3187018632888794,0.012406543828547001,-0.06435305625200272,-0.13951939344406128,-0.8381025195121765,-0.6559386849403381,0.01429480966180563,-1.1947989463806152,-1.4182683229446411,-1.4824738502502441,2.0323281288146973,0.5393580198287964,-2.7372472286224365,1.8744531869888306,0.14408619701862335,0.7508354783058167,-0.2017136961221695,-0.2926788032054901,-0.9280043840408325,0.6040380001068115,-0.9311439990997314,0.6642411947250366,0.22961194813251495,-0.5716032385826111,0.2842541038990021,-0.17031216621398926,0.0679582804441452,0.470924973487854,1.5454131364822388,-1.411665439605713,-0.09691422432661057,-0.47258448600769043,-1.1668974161148071,1.3037210702896118,0.3133600354194641,0.6551426649093628,0.9729161858558655,-1.9800481796264648,0.7580099701881409,-0.22171472012996674,0.37007245421409607,-0.34214112162590027,1.14163339138031,1.550430178642273,0.46331512928009033,0.061262842267751694,0.06453616172075272,0.48760244250297546,-0.4791813790798187,0.6805976033210754,3.017054319381714,-0.1350114941596985
-1.7236346006393433,1.995476245880127,-1.0529921054840088,-0.7205477356910706,0.1741010844707489,-1.3659052848815918,2.661729335784912,1.1494141817092896,1.3804107904434204,0.7127093076705933,-0.939298689365387,-0.22767317295074463,1.04767906665802,-0.3411003649234772,-1.1845537424087524,0.6412516832351685,-0.9881413578987122,1.4135915040969849,0.27711251378059387,0.2903074026107788,0.033925313502550125,0.034040939062833786,-0.9482916593551636,0.8050593733787537,-0.34426677227020264,-2.012645721435547,1.0746132135391235,0.3052305281162262,-0.9768502712249756,0.7187550663948059,-2.041590452194214,2.098628044128418,-2.418447732925415,1.1670359373092651,-0.8917249441146851,2.2737605571746826,-2.053542137145996,1.8192601203918457,-0.10319621860980988,0.4963700771331787,0.03312566131353378,0.5612244009971619,0.21424564719200134,-0.24733109772205353,-0.41747617721557617,0.49953415989875793,0.6370556354522705,-1.1122931241989136,2.013375759124756,-1.1107187271118164,-0.3159143328666687,1.2693248987197876,-0.321821391582489,0.9101302623748779,0.32136964797973633,-2.0132410526275635,-1.5286166667938232,-1.2315945625305176,0.3153700828552246,-0.7193552255630493,0.36205002665519714,0.6491147875785828,0.8602057695388794
0.25000396370887756,-1.924828052520752,1.783473014831543,-0.604593813419342,2.5622010231018066,-0.4840568006038666,-0.7809221148490906,1.2545535564422607,-0.6954113245010376,0.7059913873672485,-0.643616795539856,-0.3476714491844177,1.2561157941818237,0.11869051307439804,1.1007920503616333,1.5748469829559326,0.17669038474559784,-0.4952295124530792,-0.032830849289894104,-0.04128233343362808,-1.9255915880203247,-1.9679549932479858,-0.06246161833405495,0.4273371696472168,0.19205603003501892,1.4571430683135986,-0.38920459151268005,0.23834404349327087,0.05201622098684311,-2.135786294937134,1.23470938205719,0.19349277019500732,-0.4905894994735718,0.8822618722915649,0.28063246607780457,-1.0367857217788696,-0.12824532389640808,1.2267318964004517,-0.4157845377922058,1.5685067176818848,0.05214597284793854,1.4682908058166504,0.804314374923706,-0.5896195769309998,-1.8238794803619385,-1.1675677299499512,1.2581381797790527,1.3678592443466187,-0.2588995099067688,-1.1171181201934814,1.0277490615844727,-1.2057174444198608,0.10530726611614227,0.8294987082481384,-1.149448275566101,0.9762845635414124,0.07507207244634628,-1.4098695516586304,-2.260924816131592,1.3262218236923218,-1.2419466972351074,-0.8376345038414001,1.0855910778045654
0.4074511229991913,0.0461614616215229,0.9411484599113464,1.0360177755355835,1.9226876497268677,-0.598427951335907,-0.33195653557777405,-0.818281888961792,0.010614859871566296,-0.9913173913955688,-0.751723051071167,-2.285094976425171,-1.5120213031768799,-0.9218417406082153,0.01956867426633835,0.767920196056366,-0.8115888237953186,-0.342582643032074,2.1031365394592285,-0.09446272999048233,-1.7213943004608154,-0.1494406908750534,0.3101786971092224,-0.2858599126338959,-1.0188473463058472,0.7207682132720947,-0.5071450471878052,1.3609577417373657,-1.3195507526397705,0.9439398050308228,0.008997291326522827,-1.569116473197937,-0.18631067872047424,-0.8823601007461548,1.0601874589920044,0.604496419429779,1.3512376546859741,-0.6637905240058899,-1.5557825565338135,0.8821873068809509,-1.4383455514907837,0.36783644556999207,1.4145101308822632,0.19445054233074188,0.8542038202285767,0.18218518793582916,-1.1903581619262695,-0.07828143239021301,-1.814418911933899,0.18143439292907715,-0.586850643157959,0.6203179955482483,-1.7124403715133667,-0.053894247859716415,0.22520188987255096,-0.44940242171287537,0.21987980604171753,-0.9679787158966064,1.3453519344329834,1.1292623281478882,0.5246832966804504,0.13727305829524994,-1.2760846614837646
-0.12253483384847641,-0.19662483036518097,-1.340266466140747,0.0852784588932991,-1.0441864728927612,1.068880319595337,-1.6406978368759155,1.5043284893035889,0.036444034427404404,0.9147195219993591,0.10893437266349792,1.187108039855957,1.349702000617981,1.2185906171798706,-1.7247511148452759,-0.7366513013839722,-0.5116017460823059,-1.1550474166870117,-0.6621061563491821,-0.0007242612191475928,-0.08401788026094437,-0.4297473132610321,0.6977242231369019,0.2351219356060028,0.7577284574508667,-0.8118922710418701,-0.3377358019351959,-1.027286410331726,1.7573601007461548,0.6796030402183533,0.5578581690788269,0.8825408816337585,-0.1310131549835205,-1.2122557163238525,0.16604764759540558,-0.48148977756500244,0.11567731946706772,0.024599909782409668,0.09632943570613861,0.8177124857902527,-0.8906859755516052,-1.7477537393569946,-1.0851902961730957,0.982003927230835,-1.3604768514633179,-0.40675076842308044,-0.23287710547447205,0.9600862264633179,0.7557443976402283,1.0589072704315186,0.3672022521495819,0.7232949137687683,0.5081570744514465,1.3047529458999634,-1.2686851024627686,-0.008561334572732449,-0.2995380461215973,-0.6082730889320374,1.1648825407028198,1.1007678508758545,-0.7814301252365112,-0.276255339384079,1.1602061986923218
-0.19617022573947906,-0.16985571384429932,-0.3659937381744385,0.7400962710380554,-1.165539026260376,-0.044866375625133514,-1.780052661895752,-0.020373722538352013,1.7430506944656372,0.7098931670188904,-0.3828936517238617,-0.6693412065505981,0.8359672427177429,0.4485730230808258,1.5663708448410034,-0.3114204406738281,0.7544201016426086,0.747252345085144,0.6045607924461365,-1.998144268989563,-1.2667298316955566,-0.2405538707971573,0.013898955658078194,0.2125646322965622,1.4482660293579102,0.4484042823314667,1.4871184825897217,-0.41972094774246216,1.7591652870178223,-0.47904911637306213,1.5073033571243286,1.752210259437561,1.0074270963668823,-0.24823597073554993,0.9898552894592285,1.2597192525863647,-0.6599408984184265,1.5282073020935059,0.1017819195985794,-1.918724775314331,0.34973153471946716,1.0112824440002441,-1.9152628183364868,-1.5026969909667969,-0.14830835163593292,-0.8452827334403992,-0.09339726716279984,1.2475488185882568,0.8655361533164978,-1.3733702898025513,-1.6442502737045288,1.2363297939300537,0.38058605790138245,1.4347838163375854,-1.2228831052780151,1.377212643623352,1.0801736116409302,-0.49063411355018616,0.4991047978401184,1.297871708869934,1.077781081199646,0.41381874680519104,0.9723581075668335
0.06309173256158829,0.8746071457862854,1.2261207103729248,-0.8851686716079712,0.7531660199165344,-0.7844367027282715,0.013827531598508358,-1.0906542539596558,-0.2210119664669037,0.21636340022087097,1.5077965259552002,-1.4802030324935913,-1.3848949670791626,-1.630004644393921,0.28792867064476013,1.2436093091964722,1.8010950088500977,-0.7104594707489014,1.0735114812850952,1.037140130996704,0.4469947814941406,-0.1155519112944603,-1.583609938621521,-1.541715145111084,-2.1542422771453857,0.28406134247779846,-0.32702183723449707,-0.4401193857192993,1.1440988779067993,-1.8780219554901123,-0.9958381056785583,-2.105858564376831,-1.997840404510498,1.2716022729873657,0.0549539215862751,1.0494059324264526,-0.5114428997039795,0.12060943245887756,-0.30555033683776855,0.6336877346038818,-1.143136739730835,0.40647199749946594,0.354694128036499,-1.5540727376937866,0.41194412112236023,-0.34797489643096924,-0.4233865737915039,-0.7961845397949219,-2.628060817718506,-1.5170038938522339,-0.13426357507705688,0.9763426184654236,-1.7559088468551636,0.32492104172706604,0.9184848070144653,-0.3505812883377075,-0.7566104531288147,0.19238270819187164,-2.0453391075134277,1.5138721466064453,1.3064501285552979,-0.795134425163269,-1.3521840572357178
1.323509693145752,-0.3450804352760315,1.220129370689392,-1.443192720413208,-1.2636573314666748,-0.3721163272857666,-1.1610451936721802,0.8190498948097229,0.6949170231819153,0.3931468725204468,0.5487809181213379,0.348075270652771,1.335953712463379,-0.2928057312965393,0.5935052037239075,0.05642763525247574,-1.7544206380844116,1.2197353839874268,0.2138429433107376,-1.0895378589630127,-1.0739946365356445,0.32914257049560547,1.487212896347046,-0.5622509717941284,0.04314437136054039,0.014315268024802208,-0.2781946361064911,0.0022480771876871586,1.1163079738616943,1.7029800415039062,-0.9891488552093506,1.462593674659729,0.010729721747338772,-1.1810400485992432,-0.8675757646560669,-0.4985995292663574,0.3325740694999695,1.4782805442810059,-0.1299366056919098,-1.5900511741638184,0.6575955748558044,0.4428447186946869,-1.8450993299484253,0.3994518518447876,-0.4146520793437958,-2.412189245223999,-0.16542446613311768,-0.42129969596862793,1.1670308113098145,0.9426946640014648,-1.6142799854278564,-0.8229831457138062,-0.19884034991264343,-0.6552011966705322,-0.685492217540741,-0.4228830933570862,-1.8729621171951294,0.24987256526947021,0.7223562002182007,0.16235695779323578,-0.1258341372013092,-1.018212080001831,0.6171084046363831

Slice 44
1.6540061235427856,-1.1226717233657837,2.672713041305542,0.5099114775657654,0.16251754760742188,-1.624210238456726,2.1663010120391846,-0.2960030138492584,-1.3892991542816162,0.7933744192123413,0.43052351474761963,2.5404605865478516,-0.8136011362075806,1.3475807905197144,2.257563591003418,1.1962862014770508,-0.5721070766448975,0.9786708354949951,-0.2289663553237915,0.8446376919746399,1.0238717794418335,1.1242599487304688,-0.8829347491264343,0.6220154762268066,0.09356821328401566,-0.12471873313188553,-0.9595636129379272,0.9719946384429932,-0.8090518116950989,0.12356952577829361,-1.0154231786727905,0.5025720596313477,-1.0856482982635498,0.30899325013160706,0.36307474970817566,0.9783803224563599,-1.6186163425445557,-0.15320849418640137,0.9355196356773376,-0.3487089276313782,0.37158456444740295,0.3520449101924896,1.1894159317016602,-0.5861148834228516,-1.1132864952087402,-0.16627594828605652,0.5286501049995422,0.6550400853157043,-1.085990071296692,-2.4551477432250977,-0.8195340633392334,-1.3644710779190063,-1.236214280128479,-0.4362095594406128,0.6152889728546143,0.6254109144210815,-0.5716769099235535,2.4101510047912598,-0.6245851516723633,1.8222265243530273,0.5124303102493286,-0.22637298703193665,-0.4325341284275055
-0.7166692614555359,-0.3970080018043518,-0.46575525403022766,-0.8826639652252197,-0.16106252372264862,-0.8328431248664856,-0.10750771313905716,1.7833430767059326,0.4357599914073944,0.7663921117782593,0.2152109444141388,1.0489073991775513,-1.92121422290802,-0.8876997232437134,0.40183863043785095,-0.16432234644889832,-0.26319584250450134,0.4832428991794586,-0.9991796612739563,0.013507342897355556,-0.7155237197875977,0.5437967777252197,0.09250135719776154,0.13946053385734558,-1.2987322807312012,0.7228105664253235,-0.608778715133667,-0.24433691799640656,0.1754167079925537,1.237376093864441,0.24682988226413727,2.046156406402588,0.37567752599716187,-1.0705240964889526,-0.9574313759803772,0.47426190972328186,0.6427791714668274,1.3871757984161377,0.5310214757919312,-0.8665915131568909,-0.5806276798248291,0.30801334977149963,-0.2836543619632721,-0.9697805047035217,-1.0175532102584839,1.116923213005066,1.1079257726669312,-0.7490836977958679,-0.6995747089385986,-0.7708660960197449,0.364691823720932,1.3251533508300781,0.04860283434391022,0.2276960015296936,1.8542386293411255,0.26237958669662476,0.329147607088089,1.5091991424560547,-2.29736590385437,0.7027738094329834,-0.6333423256874084,-0.03290775790810585,0.06206858530640602
0.9812048077583313,-0.2702238857746124,0.8457995653152466,1.4692208766937256,0.6679782867431641,0.6571977138519287,0.5918809175491333,-2.5003397464752197,-1.892175316810608,-0.18369370698928833,-0.8901394605636597,0.7763704061508179,-0.030446799471974373,0.7664536833763123,-0.2576545178890228,0.2757061719894409,0.8411944508552551,-1.6331678628921509,0.407726526260376,0.36108657717704773,-0.3574160933494568,-1.301187515258789,-1.5624874830245972,0.9478095769882202,1.107049584388733,-0.481083482503891,-1.6387380361557007,-1.3292676210403442,-0.7467894554138184,-0.2267725020647049,0.08419770002365112,1.243712067604065,-0.6023575067520142,-0.17233651876449585,0.14594055712223053,0.028978560119867325,-0.17094331979751587,1.6355884075164795,-0.1737264096736908,-1.2465614080429077,-0.826867938041687,1.827480673789978,-0.19737805426120758,0.8361613750457764,-0.016669491305947304,1.155872106552124,-0.053933437913656235,0.04773528873920441,-1.5595024824142456,0.005941159091889858,0.7143339514732361,0.035839229822158813,1.0248651504516602,-0.8354771137237549,-0.020224757492542267,-0.27613574266433716,0.4755266606807709,1.6489025354385376,0.7823808193206787,-0.9283181428909302,0.7079602479934692,1.2751890420913696,0.29609614610671997
-0.9304214715957642,0.7429884672164917,1.0124369859695435,-0.15233322978019714,1.117716908454895,1.5150896310806274,1.3727954626083374,0.4343962073326111,-0.11274879425764084,1.7107665538787842,0.6995263695716858,1.4845001697540283,1.0983728170394897,-2.0936567783355713,-0.03724626079201698,0.5332292914390564,-0.6894604563713074,-0.5147048830986023,-0.8554220795631409,0.17669375240802765,1.8966339826583862,-1.526609182357788,-0.3392123281955719,-1.708486557006836,0.5108852982521057,-1.4021636247634888,-0.6340272426605225,1.7494821548461914,0.13362644612789154,1.726120114326477,1.6561329364776611,0.010954096913337708,-0.13057789206504822,-0.5498247146606445,1.2975116968154907,-0.9427268505096436,1.0696074962615967,0.716471254825592,-0.7919608354568481,-2.6861422061920166,1.3748234510421753,0.5432301163673401,2.7077481746673584,-0.34957027435302734,-0.2205372154712677,0.26932546496391296,0.6288589835166931,0.7348721623420715,0.805949866771698,-0.5102567672729492,-1.1175976991653442,-0.5132325291633606,0.7549772262573242,-0.42052748799324036,0.25811102986335754,1.4378536939620972,0.7212985754013062,0.5830310583114624,1.5732320547103882,0.4256966710090637,0.8120883107185364,0.10337124764919281,-0.9199236631393433
0.055777035653591156,-0.9157447814941406,0.35535162687301636,0.3243159055709839,-2.1392974853515625,0.3470628559589386,0.8689061403274536,1.802530288696289,-0.04543188214302063,0.6372556090354919,-1.038388729095459,-1.2103866338729858,1.0914376974105835,0.6187751889228821,-0.8114045262336731,-0.12565675377845764,-0.6537847518920898,-0.8324121236801147,-1.398505687713623,-2.624661922454834,1.0986346006393433,1.227980375289917,-0.8625235557556152,1.1932950019836426,-0.38212651014328003,1.2459032535552979,-1.1741715669631958,-1.2932069301605225,0.7757278084754944,0.1865783929824829,-0.012410609982907772,0.133306086063385,-1.4758861064910889,0.7826123833656311,-1.0416690111160278,-0.9356163144111633,-1.5584501028060913,0.14645664393901825,1.5490769147872925,0.7729575037956238,-0.3319014310836792,-0.9210710525512695,-1.2825024127960205,-1.2246999740600586,0.675081193447113,1.1446012258529663,-2.065804958343506,-0.016795791685581207,0.6247332096099854,0.1397865116596222,0.5875452756881714,0.8814588189125061,0.33316123485565186,0.7534310221672058,0.6397857666015625,0.5396878123283386,-0.04330426827073097,-0.04245448485016823,1.3646079301834106,-0.520165205001831,-0.37178605794906616,0.760006844997406,0.8574109673500061
-0.21601271629333496,-1.4018746614456177,-0.6384995579719543,-0.10446913540363312,-0.3981269598007202,-0.30368807911872864,-0.19852209091186523,0.628328263759613,1.6391774415969849,-0.08688866347074509,-0.038356248289346695,0.3241988718509674,-0.08079496771097183,-2.079188346862793,-1.16358482837677,1.5493072271347046,1.2902787923812866,1.4851316213607788,-1.5298219919204712,0.6722164154052734,0.8464703559875488,0.8345561027526855,0.061057042330503464,-1.1183737516403198,-1.2474994659423828,1.817665934562683,1.7918812036514282,-1.2132211923599243,-0.7044817805290222,0.5688433647155762,0.7192950248718262,0.22093942761421204,-0.4130929708480835,1.5330934524536133,0.5194776654243469,-1.3813225030899048,0.6959959268569946,2.2466399669647217,0.41750046610832214,1.2542169094085693,-0.548723578453064,-0.7795069813728333,0.28016555309295654,-0.8707523345947266,0.32427194714546204,0.5426681637763977,1.7378476858139038,-1.2660958766937256,-0.05885055288672447,0.6466900706291199,0.8621703386306763,2.2872612476348877,1.4804251194000244,-1.8866432905197144,0.7110641598701477,-0.26536300778388977,0.9715183973312378,0.22088052332401276,-0.27650517225265503,-1.3320846557617188,0.2312968671321869,-0.13590934872627258,-1.4612383842468262
-0.1573355346918106,0.40561312437057495,0.025391114875674248,1.046616792678833,-0.16976898908615112,0.374548077583313,0.6073605418205261,0.2001093477010727,-1.5767303705215454,-0.8477702736854553,0.6709082722663879,0.730236828327179,1.1021214723587036,-0.2296171337366104,-0.19097943603992462,-2.2403082847595215,0.23903204500675201,-0.12755721807479858,-0.7954290509223938,-0.663949191570282,-0.8669155836105347,0.02350700832903385,-0.3581774830818176,1.0033804178237915,-0.5826359391212463,-0.6614614129066467,-1.6619536876678467,0.3280441164970398,0.8739837408065796,-0.14273130893707275,-0.47235316038131714,0.5142364501953125,0.16959227621555328,-0.5242493152618408,1.031646728515625,0.8295592665672302,-1.6368786096572876,0.15973620116710663,1.1299275159835815,-0.4620780348777771,-0.08448463678359985,1.742727518081665,0.42771023511886597,-0.9760710597038269,-0.7261638045310974,-1.514035940170288,-0.6387905478477478,2.08526349067688,0.7697446346282959,-0.5915437936782837,1.3375847339630127,-0.17397573590278625,1.4217407703399658,0.4638071060180664,0.6732770204544067,-1.0115923881530762,1.0017257928848267,-0.9244335889816284,0.7831882238388062,1.1787948608398438,0.4920799434185028,0.7203455567359924,-1.0025386810302734
-0.26813048124313354,0.623173713684082,0.5169532299041748,0.1946564018726349,1.0225157737731934,0.9788560271263123,-0.7010625600814819,1.7576799392700195,-0.23868152499198914,-0.767530083656311,-0.5458172559738159,-0.7958790063858032,-0.785042941570282,-0.4723489582538605,0.26758477091789246,-0.14015361666679382,-0.7876303195953369,2.388190984725952,1.340291142463684,0.8755428791046143,-0.8341591358184814,-0.07997652143239975,1.9653925895690918,-0.6938275098800659,0.8095182776451111,1.6366311311721802,-1.4231106042861938,-0.5929158926010132,0.0774514377117157,-1.6456246376037598,-1.6228916645050049,-1.0448555946350098,1.6731421947479248,-0.30923885107040405,2.2063331604003906,0.2147228717803955,0.3125685453414917,-0.5067312717437744,0.08283564448356628,1.17831552028656,-0.9726447463035583,-1.2089049816131592,-0.2959640324115753,0.8452888131141663,-1.1284528970718384,1.8897428512573242,2.01812481880188,0.3095765709877014,-1.111552357673645,-1.1661348342895508,-0.4759538471698761,2.044639825820923,-0.22908435761928558,1.104712724685669,-0.699411153793335,0.09666731208562851,-1.2272741794586182,1.2872850894927979,-0.15673227608203888,0.23018504679203033,1.5047940015792847,0.26287969946861267,1.1400748491287231
-0.7691271901130676,-0.2569008469581604,-0.546052873134613,0.5156177282333374,0.09188132733106613,-0.9505425095558167,-0.5010064840316772,-0.6413772702217102,0.765161395072937,-1.0917611122131348,-0.09795428067445755,0.5423907041549683,-0.5407404899597168,-0.8700278401374817,-0.2581811845302582,0.891812264919281,0.6712972521781921,0.23883448541164398,-1.0765341520309448,0.1795017272233963,-1.037043809890747,-0.5373392105102539,-0.11787644028663635,0.9892932176589966,-1.4899009466171265,0.09076117724180222,0.8851240277290344,-1.1396945714950562,-0.5152402520179749,-0.021844282746315002,-1.2217071056365967,0.15057390928268433,-0.18001993000507355,0.6115285158157349,-0.27890676259994507,0.49399274587631226,0.6024642586708069,1.1818586587905884,1.700272798538208,-0.2805030941963196,1.0268794298171997,-0.6439961194992065,0.7002742290496826,-0.6154110431671143,1.2557743787765503,0.5733187198638916,-0.15048350393772125,-0.8337111473083496,1.031280279159546,-0.5028136372566223,0.3843986690044403,-0.13866162300109863,0.9605647921562195,0.3065042495727539,-0.016063744202256203,1.530339002609253,-0.28342387080192566,0.7583603262901306,-1.303094506263733,-1.194818139076233,1.3938031196594238,1.2145553827285767,0.12138200551271439
-0.5632580518722534,-0.04702329635620117,-0.2774063050746918,-1.5613542795181274,-0.43469953536987305,-0.14369036257266998,1.3213566541671753,1.1294130086898804,0.13034561276435852,1.7539559602737427,-1.7703200578689575,0.9788001775741577,-0.4221164882183075,-0.31429362297058105,-0.6325073838233948,-0.37271648645401,-1.6426564455032349,-0.10217271745204926,-0.1919621229171753,-0.45772433280944824,1.0453792810440063,0.3122082054615021,-0.7046906352043152,-0.8268435597419739,-0.7261428236961365,0.10035092383623123,-0.9077147841453552,-0.3651141822338104,-1.3055853843688965,-1.0322450399398804,1.190237045288086,-0.8667804598808289,-0.5078628659248352,0.12315548956394196,0.8656176328659058,1.0159482955932617,-0.11880096793174744,-0.6975221037864685,0.20205092430114746,-0.879218578338623,-1.3484808206558228,0.7206164598464966,0.06649977713823318,-1.072583556175232,0.05094068497419357,-0.7219486236572266,0.03570474684238434,-0.7730704545974731,-1.3987947702407837,-0.6932471394538879,-0.4351261854171753,-0.9982718229293823,-0.8009873628616333,0.10079565644264221,-0.7476548552513123,-0.6114913821220398,0.4177631735801697,-0.11429048329591751,-0.17959778010845184,0.18395444750785828,0.17817848920822144,-1.8332817554473877,-0.32572394609451294

Slice 45
0.054041534662246704,0.9499086141586304,-0.6687235832214355,-0.17143066227436066,0.25536027550697327,-0.455244779586792,0.18172216415405273,2.494403123855591,0.0953078493475914,0.5683585405349731,0.23287509381771088,1.2078814506530762,1.9346057176589966,0.654078483581543,0.5204574465751648,0.2442508488893509,-2.266117572784424,-0.06062516197562218,0.3622954189777374,-1.1484569311141968,1.3067702054977417,-1.7188645601272583,-0.11883331090211868,0.3777447044849396,-0.37206900119781494,-0.9026350378990173,-1.9983919858932495,0.5968443751335144,-1.0741496086120605,0.48866206407546997,-1.1949528455734253,0.8129345774650574,-0.06207562983036041,-0.1158660501241684,0.9820664525032043,0.00785884726792574,-1.0132619142532349,-0.22447597980499268,0.0949653685092926,-0.09545043855905533,0.7873345017433167,1.1494117975234985,2.238271474838257,-0.7072964310646057,0.9789502024650574,-2.0123376846313477,-0.3672631084918976,-1.1116222143173218,0.2962122857570648,0.54911208152771,0.2641254961490631,0.356916218996048,0.45130810141563416,-1.1153346300125122,1.151785969734192,1.1425520181655884,-1.3641287088394165,0.08563598245382309,1.155228853225708,-0.04189073666930199,-0.5266153216362,-0.39453157782554626,-0.30142879486083984
-0.6788540482521057,-0.62576824426651,-0.7934991717338562,0.970421552658081,1.7932173013687134,-0.6568970084190369,0.9491152167320251,0.7446656227111816,-0.5449782609939575,1.2696439027786255,1.336645483970642,0.6446108222007751,-0.4857741594314575,0.6073047518730164,-0.034767843782901764,0.042171359062194824,0.7485149502754211,-0.05459709092974663,0.8745362162590027,0.0892018973827362,1.7862368822097778,-0.13978758454322815,1.217233419418335,-0.19357998669147491,-0.2699131965637207,-0.8078171610832214,-0.257259726524353,-1.8405232429504395,-0.7366824150085449,-0.6290642023086548,-0.7796230316162109,0.009064799174666405,-0.5449695587158203,-1.9915874004364014,2.4554715156555176,-0.46169421076774597,1.071412444114685,0.2707085907459259,-1.4031100273132324,-1.0846977233886719,0.3455386459827423,-0.2554969787597656,1.094941258430481,0.250034898519516,0.9990055561065674,-0.519429624080658,0.3831312656402588,-0.10593202710151672,0.32200881838798523,-0.4089571535587311,0.8973599672317505,-0.31283536553382874,1.2209596633911133,-0.8270519971847534,0.48025548458099365,2.002234935760498,0.8752540946006775,0.3400554656982422,1.2174994945526123,-0.5088903307914734,-0.46717795729637146,-1.7282295227050781,0.722116231918335
0.6803722381591797,-0.8755778074264526,-0.42667537927627563,-0.18323051929473877,0.7531247735023499,0.21006375551223755,0.35997891426086426,0.42614975571632385,0.19246767461299896,1.2874855995178223,1.507649540901184,0.6774781942367554,0.08456577360630035,-0.12056232988834381,-0.3524067997932434,-1.4183573722839355,-0.6552156209945679,-0.754928469657898,-0.3599991500377655,0.5769097208976746,-0.6378622055053711,-0.7882139086723328,-0.5357940793037415,-0.27966228127479553,-0.2201574146747589,1.8066095113754272,-0.4277713894844055,0.14245635271072388,2.049499034881592,1.116064429283142,0.3290538787841797,1.6839793920516968,-1.701151967048645,0.9213503003120422,0.7981166243553162,0.19432306289672852,0.19208697974681854,1.3366343975067139,0.8836587071418762,2.144604206085205,-1.1546283960342407,0.10250382870435715,0.4099813401699066,-1.2189126014709473,-0.17286548018455505,-0.3079289495944977,-0.011509256437420845,-1.0670214891433716,1.7712132930755615,-0.6556631922721863,0.5152552127838135,0.12665441632270813,0.6252140998840332,1.2175828218460083,0.9274625182151794,0.647641122341156,-1.3521891832351685,-0.30226778984069824,0.7348751425743103,0.1866111010313034,1.1432502269744873,-0.7351069450378418,0.19090600311756134
-1.0667483806610107,1.4163038730621338,0.6096288561820984,-1.4730899333953857,-0.6446646451950073,-0.23004250228405,1.500671625137329,-0.03244767710566521,-0.6221606135368347,-0.6402368545532227,-0.7208781242370605,-0.7564491629600525,0.225620299577713,-1.619685173034668,1.9923268556594849,-0.23041096329689026,-0.14345717430114746,0.9922524094581604,-1.425574541091919,-0.7228968739509583,-1.1613373756408691,-1.223557710647583,-0.054613493382930756,0.25813525915145874,-0.2489115595817566,-0.06803308427333832,-0.3118104338645935,-1.6592742204666138,0.7374247908592224,-0.5948326587677002,0.5653345584869385,0.3739742338657379,0.7000675201416016,-0.4795081913471222,0.9919576048851013,0.4295397996902466,0.6672124266624451,-1.4598537683486938,-0.2428937703371048,0.15596264600753784,-1.2992562055587769,-0.6867091655731201,-0.2611091136932373,2.3688251972198486,-1.7475848197937012,-0.020145921036601067,0.5256962180137634,-0.28106215596199036,-1.3855276107788086,0.4815494120121002,-0.6717047691345215,-1.3939862251281738,-0.6253053545951843,0.15090636909008026,-0.6254786252975464,-1.500848412513733,0.6355010867118835,-0.14899572730064392,-0.695410966873169,0.9472475051879883,-1.1806244850158691,-1.1153091192245483,-0.14086125791072845
0.15767209231853485,-0.11551184207201004,-1.5621564388275146,0.41967156529426575,0.1348801553249359,-0.8382012248039246,-0.7932711839675903,-0.4706250727176666,-0.20969007909297943,-0.34761399030685425,-0.04304225370287895,-0.6536585092544556,-0.6392056941986084,-0.08912205696105957,-0.8144654035568237,0.6002950072288513,0.3189530074596405,-0.986646294593811,-0.5009878277778625,-0.5175046324729919,-0.26129093766212463,0.26059818267822266,1.914832353591919,2.167426347732544,1.9212666749954224,0.5199039578437805,0.7252704501152039,-1.1267650127410889,0.2573280334472656,-0.4923717677593231,-0.30315229296684265,-0.8092345595359802,-0.6410290598869324,0.1366143375635147,0.48410478234291077,-1.2037572860717773,0.9082486629486084,-0.29799583554267883,-0.5746086835861206,-0.16434422135353088,1.0840554237365723,0.8226824998855591,0.29089996218681335,2.322206735610962,-0.23192201554775238,0.5733582973480225,-0.3639248013496399,-1.0088592767715454,0.7118772268295288,-1.5883773565292358,1.290221095085144,0.08242341876029968,-0.05583329498767853,1.046332836151123,0.6029670834541321,0.8192441463470459,-0.8901093602180481,-1.0491243600845337,-0.7174295783042908,-0.5088741183280945,-0.16839571297168732,-0.6091466546058655,-0.2634866237640381
0.9271573424339294,-0.43715161085128784,0.7387833595275879,-1.7422780990600586,-0.8519863486289978,1.7228091955184937,0.5905932188034058,-0.32692718505859375,-1.3046927452087402,1.732277274131775,-0.7991585731506348,0.1892300397157669,-0.011526446789503098,-1.7430262565612793,0.0815623328089714,-0.5529150366783142,-0.2005128413438797,0.15050436556339264,1.2795592546463013,-0.8860523104667664,1.2232195138931274,-0.14802198112010956,1.6153627634048462,1.5058279037475586,0.5916381478309631,-0.1051417887210846,1.4716758728027344,0.5983837842941284,-0.5554779767990112,1.5464519262313843,-0.8621740937232971,-1.0519585609436035,0.4192281663417816,-0.443901926279068,-0.5945400595664978,-1.5678774118423462,1.2808611392974854,-1.0077630281448364,0.17243774235248566,-1.6324368715286255,-1.7532683610916138,0.6574479341506958,0.1028149351477623,1.788928508758545,-1.3608523607254028,-0.5507063269615173,0.22541244328022003,0.7809552550315857,0.4768444001674652,0.5654046535491943,-0.20328912138938904,1.2793997526168823,0.07244483381509781,0.6737282872200012,1.0081050395965576,0.5609580278396606,-0.5097336173057556,0.6861846446990967,-0.6188269853591919,1.5273598432540894,-2.3776190280914307,0.7273659706115723,0.9639225006103516
0.6617416143417358,0.40534448623657227,-0.059436503797769547,-0.7977544069290161,-0.021591708064079285,0.5811859369277954,-1.2344274520874023,-0.31351563334465027,-0.3505935072898865,0.6126731038093567,-0.3396387994289398,0.013713207095861435,-1.8368984460830688,-0.9480334520339966,0.07927772402763367,-0.5908077359199524,1.7151237726211548,0.3376142382621765,-0.5818431377410889,1.4085102081298828,0.010721133090555668,-1.8888789415359497,1.195409893989563,0.2608729898929596,-1.3605542182922363,0.48075902462005615,-0.38756996393203735,0.9006924033164978,1.8282920122146606,0.46327367424964905,-1.4150333404541016,0.9145150184631348,0.44151780009269714,1.6666383743286133,0.6871551871299744,-1.5537222623825073,0.2857547998428345,-0.32201284170150757,-0.849638819694519,1.8654537200927734,1.622511625289917,-0.20873908698558807,-0.5565119981765747,1.2804933786392212,-1.024672508239746,0.5753024220466614,-1.252968430519104,-0.8131036162376404,1.622448205947876,-1.3759182691574097,-1.691074252128601,-0.5084510445594788,-0.3270251750946045,0.7745504975318909,0.2306801974773407,-0.6089386343955994,-0.03409648686647415,-0.6818521618843079,-0.6152763962745667,0.06831340491771698,0.2802758514881134,-0.8579820394515991,0.3367157280445099
0.15974602103233337,0.9570608735084534,0.3450942933559418,-0.9281202554702759,-1.1921054124832153,0.9803640246391296,1.3775924444198608,-1.0609954595565796,-1.1156129837036133,-0.6953660249710083,-0.515903651714325,2.1332030296325684,0.5018954873085022,0.14588961005210876,0.09830433130264282,0.889601469039917,1.0136417150497437,-0.5337622761726379,-1.914726734161377,0.05105287581682205,-0.6528627276420593,-0.3248388469219208,-0.43584296107292175,1.1596335172653198,0.9384434223175049,-0.6875531673431396,1.613135814666748,-0.15677349269390106,-0.970637321472168,0.1755591630935669,0.19790390133857727,-0.31829410791397095,-1.2018040418624878,1.5810856819152832,0.02251005358994007,-0.5259142518043518,-0.33806028962135315,0.6465967297554016,1.2336279153823853,0.10893706232309341,1.1831039190292358,-0.25061702728271484,0.6389129161834717,1.4180418252944946,-0.7612719535827637,-1.4028986692428589,-0.4159747362136841,-0.48706498742103577,-0.5453652739524841,-0.5348848104476929,-0.0085242735221982,-0.3083220422267914,-0.6228389143943787,0.2692071199417114,-2.1454555988311768,0.9079533219337463,0.36587268114089966,-0.6317338347434998,-0.6333156824111938,0.8802251815795898,-0.7082957625389099,-0.761954128742218,-0.7891150712966919
-1.5050368309020996,-0.31462734937667847,-0.2917826473712921,-0.7249055504798889,0.9137029051780701,0.10795582085847855,1.5051647424697876,-0.8378219604492188,-1.3816115856170654,-0.8406571745872498,-0.1505376249551773,-1.0962313413619995,-0.4685725271701813,-0.35460904240608215,-0.19063523411750793,-0.8991040587425232,-0.23144623637199402,0.806666374206543,-0.1920369565486908,0.43643081188201904,-1.663622260093689,1.253774642944336,1.4768048524856567,-0.8183578252792358,0.5297240614891052,0.9898384809494019,1.065216302871704,-0.6060330867767334,-0.5704467296600342,-0.9884597659111023,0.6040041446685791,-0.4128352701663971,-1.1207174062728882,-1.279553771018982,-1.1891213655471802,0.05726046487689018,1.7682710886001587,0.044444601982831955,0.41320082545280457,-0.17791713774204254,-1.5959696769714355,-1.6963233947753906,0.4822017550468445,2.004110336303711,-0.382322758436203,-2.1759519577026367,0.11743444949388504,-0.5501635670661926,-0.03280823305249214,0.5612360239028931,1.1816655397415161,0.5534681081771851,0.9483002424240112,0.5857123732566833,-1.3691247701644897,-0.6121348738670349,0.1697644293308258,-1.0933616161346436,0.48957929015159607,1.0389760732650757,0.04641026630997658,-0.855779767036438,-2.215052604675293
1.4040416479110718,-0.9525896310806274,0.6450331807136536,-1.3469444513320923,-0.792683482170105,1.1996879577636719,2.230534553527832,-0.8068256378173828,-0.9632511734962463,0.9600411057472229,0.9502127170562744,-0.16880814731121063,1.5933294296264648,-1.2159961462020874,-0.40346673130989075,-1.937316656112671,1.0079314708709717,0.48563167452812195,-0.5743922591209412,1.0452889204025269,-0.49139565229415894,-1.3406518697738647,-0.14019358158111572,2.074570894241333,-1.4776310920715332,0.557552695274353,1.3049496412277222,-0.10811992734670639,1.3280751705169678,-0.5891326665878296,1.0933363437652588,0.8631000518798828,-0.7809184193611145,-1.6398881673812866,0.9830478429794312,1.0480375289916992,-0.3283388912677765,0.638280987739563,2.0620012283325195,0.41087982058525085,-1.2151763439178467,0.889963686466217,-1.3860409259796143,-1.2629317045211792,-0.8678726553916931,-1.1210938692092896,1.9661614894866943,1.2543611526489258,0.4758230149745941,-0.056589383631944656,0.1147097572684288,-0.1611901968717575,-1.0240256786346436,0.014608996920287609,1.2109328508377075,-0.9200724363327026,1.3082228899002075,1.4387946128845215,-0.6259827017784119,1.6892871856689453,0.4021166265010834,0.844481885433197,-0.8998095393180847

Slice 46
-0.13047172129154205,0.8748527765274048,1.057542085647583,1.0590780973434448,-0.40639549493789673,-0.15186960995197296,0.46817946434020996,1.4878417253494263,1.1943891048431396,-0.9855347871780396,-1.0017907619476318,-1.4789948463439941,0.17350782454013824,0.2392638474702835,-0.4059630334377289,0.27300435304641724,-0.1860818862915039,0.5043282508850098,-0.8401528000831604,-1.1446789503097534,-1.5146313905715942,-0.06687288731336594,2.2675187587738037,2.51639723777771,2.0428924560546875,-0.06395760178565979,0.1226213350892067,2.11832594871521,0.27901536226272583,-1.3587045669555664,-0.41164344549179077,0.16053085029125214,-1.8602056503295898,-2.162675142288208,-1.115334391593933,-0.8245162963867188,-0.902685821056366,1.3330121040344238,-0.25142809748649597,-1.0008786916732788,-1.1991990804672241,1.1037851572036743,0.5758651494979858,-0.5133233070373535,1.2086929082870483,0.4303457736968994,-0.4044947326183319,0.5478299856185913,-1.3390088081359863,-1.9749101400375366,0.36835628747940063,-2.2625279426574707,0.4479907751083374,-0.5996548533439636,-0.5413450002670288,0.05047983303666115,-2.0132787227630615,-2.320887804031372,-1.1028916835784912,-0.21857793629169464,0.22973378002643585,-1.2506316900253296,-1.458775281906128
0.0623629055917263,0.9837954044342041,-0.2691025733947754,1.506479263305664,-0.5455194115638733,0.9887215495109558,0.5863808393478394,-0.4095066785812378,-0.6794029474258423,-0.4037621021270752,-1.205336093902588,-1.164075493812561,0.12945149838924408,-1.9413700103759766,-0.2994231879711151,-0.7447857856750488,-1.0488028526306152,1.3340482711791992,0.6016303300857544,0.1758577674627304,-1.6742916107177734,-0.3821318745613098,-1.3402116298675537,1.3437014818191528,1.1371800899505615,-0.6136414408683777,-0.6850045323371887,0.34518373012542725,-0.8613466024398804,0.2278653383255005,0.9631618857383728,0.2566073536872864,1.1996980905532837,-0.9966394305229187,1.6475573778152466,-0.6778967380523682,-0.5094658732414246,-0.7659319043159485,-0.37700554728507996,0.4435849189758301,0.664090633392334,-0.035341743379831314,0.45301660895347595,1.0509982109069824,0.12373778223991394,-1.0705552101135254,0.8971786499023438,0.716917872428894,-0.1332377940416336,0.0022545126266777515,-0.058298539370298386,1.3073042631149292,1.0217492580413818,-0.020810425281524658,0.40684956312179565,1.6257355213165283,-0.3392314314842224,-0.8511921763420105,0.1870250403881073,0.9270434975624084,0.11810687929391861,-0.4756253659725189,0.48095762729644775
0.9654754996299744,0.9876618981361389,-0.7153575420379639,1.0029124021530151,0.10667159408330917,0.9549737572669983,1.7354267835617065,-0.2840014100074768,0.5848085880279541,-0.2604285180568695,1.138534665107727,-0.719441294670105,-0.575786292552948,-1.1161128282546997,1.6450682878494263,0.2447548359632492,-0.2280687838792801,0.1637730449438095,1.1069706678390503,-1.058182716369629,-0.35685810446739197,-0.7080625295639038,0.8402097225189209,0.09116940200328827,1.5518602132797241,-0.01326958741992712,-0.6721227765083313,0.6427145004272461,-0.28593751788139343,0.8318799734115601,-0.5901260375976562,1.0938193798065186,0.9930161237716675,1.2348508834838867,0.4831937849521637,0.3756726086139679,-0.5095589756965637,0.3734211027622223,1.4033547639846802,-1.7142419815063477,1.552222490310669,0.40828388929367065,-0.005093749612569809,1.0045719146728516,1.5885311365127563,0.4577886462211609,1.0752220153808594,-0.744239866733551,1.2460548877716064,0.5985039472579956,2.340986490249634,0.5836461782455444,-0.254745751619339,0.6436734795570374,1.5937811136245728,2.33266019821167,0.20055416226387024,0.5754415392875671,0.4795914590358734,0.32058218121528625,0.7406681776046753,-0.21266072988510132,-0.42729613184928894
-1.5207692384719849,0.41808950901031494,0.6456015706062317,0.15163524448871613,0.5332009196281433,-0.1819249540567398,0.4858532249927521,-0.7297110557556152,-0.35982292890548706,-1.3912789821624756,0.2531781494617462,0.578284740447998,1.296102523803711,-1.518112063407898,0.89394611120224,0.9519275426864624,0.5572810173034668,-0.8436129689216614,-0.6641977429389954,0.66098552942276,-0.49783262610435486,2.008636951446533,-0.791858434677124,-0.12836480140686035,-0.9518271088600159,-0.05005204677581787,0.21453005075454712,0.05678429454565048,1.3980474472045898,-0.1574176847934723,0.40464091300964355,0.6099666357040405,0.06348419934511185,-0.4105066955089569,-1.8627716302871704,0.7712038159370422,1.022340178489685,-0.44734999537467957,-0.17466633021831512,-0.5226553678512573,0.6001953482627869,1.6281299591064453,0.2417982518672943,-1.4584590196609497,0.01265820860862732,-0.6364237666130066,-1.1092300415039062,-0.049870721995830536,0.036330487579107285,0.10660247504711151,-1.3740644454956055,0.4685092866420746,-1.4337767362594604,0.6548276543617249,1.2376505136489868,1.098766565322876,0.43660157918930054,-0.9337267875671387,-0.49836528301239014,0.5726970434188843,2.0978643894195557,0.26065853238105774,-0.06281638145446777
-0.196463480591774,-0.629135251045227,1.0469472408294678,-0.040483176708221436,-0.17357277870178223,-0.9704763889312744,-0.7415493130683899,-0.9024354815483093,-0.5728711485862732,-1.3085103034973145,-0.22167080640792847,0.5016617178916931,-0.29880425333976746,0.050916578620672226,-1.4782190322875977,-0.16422753036022186,-0.3397292494773865,0.7685753107070923,-1.0307649374008179,-0.5688857436180115,-0.6108387112617493,-0.2632446587085724,-1.0566855669021606,0.7843062281608582,-0.13545028865337372,-1.345011830329895,-0.08435318619012833,1.1210343837738037,0.6573477983474731,-1.3260414600372314,-1.316672921180725,-0.7628457546234131,0.27029699087142944,-0.8049613833427429,1.1139720678329468,0.3547954261302948,1.207458734512329,-0.625103235244751,-2.046126127243042,-0.07426241040229797,0.811603844165802,-0.10496317595243454,-1.8770099878311157,0.9639236330986023,-1.7619729042053223,-1.0717707872390747,1.742946982383728,0.43365663290023804,-0.2905561625957489,0.7929878830909729,-1.5302921533584595,0.9124035835266113,-2.092390537261963,0.9603250026702881,-0.555513322353363,0.7133907079696655,0.7079001069068909,0.4305322766304016,-0.25789785385131836,-0.2125513255596161,-0.8061540722846985,-1.470422387123108,2.6319916248321533
0.5910170674324036,1.1618282794952393,0.711552619934082,0.030472924932837486,-1.4632816314697266,-0.3850895166397095,-0.4598943293094635,-0.9855034351348877,1.1666544675827026,-0.28974631428718567,-0.5287013649940491,-0.5776057839393616,-0.7075745463371277,1.437683343887329,-1.3824856281280518,-1.2788490056991577,-0.7684270739555359,1.0571365356445312,-0.6366517543792725,-0.5723836421966553,1.0514500141143799,-0.8642826676368713,-0.6008816957473755,1.5214561223983765,1.6708214282989502,-0.3997490406036377,-1.0980318784713745,1.5581133365631104,-0.7534806132316589,-0.44951486587524414,-0.046845048666000366,-0.5666377544403076,0.6625351905822754,-0.8637765645980835,-0.9261780977249146,-1.2347397804260254,-0.4601632356643677,0.5884524583816528,0.4271976053714752,1.580418348312378,-0.2698081433773041,0.10298482328653336,-0.5379774570465088,-0.607984721660614,1.3860119581222534,1.6409428119659424,-0.6921770572662354,0.41322293877601624,-1.2268505096435547,-0.4335821866989136,-1.304951786994934,0.5042568445205688,0.47575831413269043,0.7363748550415039,-2.1586928367614746,1.0002521276474,0.4918605387210846,0.4586866796016693,-0.450056254863739,0.13544340431690216,-0.011672166176140308,-0.410314679145813,0.25324270129203796
-1.0378246307373047,0.1606907695531845,1.1540699005126953,1.0640490055084229,-1.8202626705169678,-0.19196662306785583,0.7982775568962097,1.3116580247879028,0.021736405789852142,1.0001180171966553,-0.5696273446083069,-0.7371556162834167,-0.34579727053642273,0.8191463351249695,-0.6662434935569763,0.6264122724533081,-2.2359683513641357,-0.7935720682144165,0.8237439393997192,-1.7781494855880737,1.040375828742981,-1.7362014055252075,-0.12696360051631927,0.10229381918907166,0.14056508243083954,0.7774778008460999,-1.618247628211975,0.8396624326705933,-1.3052971363067627,-0.4360674023628235,0.29754722118377686,0.5627919435501099,0.5800696611404419,-0.35384154319763184,-1.132697582244873,0.4232161045074463,-0.30796658992767334,0.4036889672279358,-0.5681405663490295,0.3141028881072998,0.3656853139400482,-0.28164923191070557,0.07720601558685303,1.6139004230499268,-0.46070531010627747,-0.04066948965191841,-0.182675302028656,-1.8798435926437378,-1.2126208543777466,0.8260838389396667,0.022144624963402748,-0.7052425742149353,0.862093985080719,0.10516025871038437,0.16244474053382874,1.1806275844573975,1.0770409107208252,-0.23462426662445068,-2.2090930938720703,0.4097323417663574,-1.086581826210022,1.5187079906463623,0.11038999259471893
1.0980690717697144,-1.0701220035552979,1.2202677726745605,-0.5540645122528076,-0.3504733443260193,-1.6988710165023804,1.1300113201141357,-0.3786599636077881,0.16450147330760956,-1.6395349502563477,-1.1211304664611816,0.16957412660121918,-1.5562713146209717,0.5333319902420044,-0.3747154474258423,-0.7084929347038269,-0.1992342174053192,0.9529662728309631,0.8592713475227356,-1.4728848934173584,0.7784802317619324,-0.014065556228160858,-0.7325722575187683,1.036881446838379,0.07148890197277069,0.9110182523727417,0.016482137143611908,1.0066710710525513,0.49756062030792236,1.1379566192626953,0.9300375580787659,1.2048009634017944,0.9291993975639343,1.0007094144821167,-0.04848669841885567,1.1924934387207031,0.9360063076019287,-1.2941253185272217,-0.8447927236557007,0.223380908370018,0.8244421482086182,-0.26237204670906067,-0.7353692650794983,-0.9266656041145325,0.037970613688230515,-0.1297396868467331,-0.8619509935379028,-0.4261607527732849,-0.26162928342819214,1.1326290369033813,0.26501208543777466,1.0389961004257202,-0.15984243154525757,-0.16971518099308014,0.09356395900249481,1.381677508354187,-0.25799626111984253,1.4939961433410645,0.6436691284179688,-1.4828850030899048,-0.6849676370620728,0.45193570852279663,0.7731818556785583
1.8289098739624023,-1.2261751890182495,0.4553896486759186,-1.2649509906768799,-0.2550937235355377,-0.6232139468193054,0.7742872834205627,0.3374408483505249,0.4399293065071106,-0.4957636296749115,-1.001664161682129,-1.392945408821106,-0.633453905582428,0.31931379437446594,-0.8241708874702454,-0.5908543467521667,-0.2869861423969269,0.7782848477363586,0.8233566880226135,-1.52001953125,-0.42788276076316833,-0.3161236345767975,-1.225797414779663,-1.4666297435760498,-0.9028838872909546,0.07957234233617783,0.9932867288589478,-1.2232290506362915,-1.9417961835861206,-0.4246263802051544,0.5796754360198975,0.4104965627193451,0.3089219033718109,-0.11340479552745819,-0.023185037076473236,0.02883562445640564,0.4422771632671356,-1.8659348487854004,-1.1967164278030396,-1.3660904169082642,1.0914021730422974,-1.7007873058319092,-0.037512198090553284,-2.0929036140441895,-0.17386066913604736,-0.9005345702171326,-0.3396316170692444,-0.5835334062576294,0.5754271745681763,1.1490670442581177,-1.450709342956543,0.6011896133422852,0.8465947508811951,1.0087298154830933,-0.0819566547870636,-0.6166298389434814,0.12623915076255798,1.161668300628662,0.2606011629104614,-0.010654015466570854,-0.5439300537109375,-0.7248849272727966,-0.3229719400405884
-0.24295900762081146,-0.7556058168411255,0.7991167902946472,-0.8785609602928162,0.16173699498176575,0.9851881861686707,-0.11359017342329025,1.1608961820602417,1.2541530132293701,0.8807697892189026,-0.25722989439964294,-0.9218817949295044,-1.1009609699249268,0.6455532908439636,1.638812780380249,-0.3950665295124054,-0.7692330479621887,-0.0740022286772728,-0.5222395658493042,-0.753624439239502,0.3546045422554016,-0.10127674788236618,0.6184008121490479,-1.0142302513122559,-0.3130783140659332,-0.32561787962913513,0.8558472990989685,0.6842111349105835,-0.7226077318191528,-0.40181857347488403,-0.11114661395549774,0.1171640008687973,-0.34474414587020874,0.7552568316459656,-0.030198676511645317,0.6583284735679626,0.28258779644966125,1.3718340396881104,1.7487512826919556,-0.7263416051864624,0.9439945220947266,-1.4725866317749023,2.28269100189209,-1.1301331520080566,0.5043976902961731,0.051954757422208786,0.6272903084754944,-3.1052157878875732,0.5883959531784058,0.7267488241195679,2.6334593296051025,-0.4932720363140106,-0.35361447930336,0.5205281376838684,1.0007489919662476,0.06468851864337921,-1.2660536766052246,0.1110244169831276,-0.5497173070907593,-1.5895698070526123,0.028241081163287163,0.07075545936822891,-1.0208638906478882

Slice 47
1.1368675231933594,0.6216747164726257,0.04953058063983917,-0.11771075427532196,-0.09863151609897614,-0.9733874797821045,0.3916417956352234,0.8619015216827393,0.7085553407669067,-0.04531031474471092,-0.1047028973698616,1.262985110282898,-0.0997566282749176,1.4708753824234009,-0.7216276526451111,-0.2503505051136017,-0.48327475786209106,-0.5231637358665466,-0.8658624887466431,-2.1396095752716064,-0.6194939613342285,0.5218515396118164,-0.8908919095993042,0.9494332075119019,-0.9986465573310852,-0.08046204596757889,0.2543904781341553,0.36948731541633606,-0.5950451493263245,-0.5087621212005615,0.07583324611186981,-1.2098058462142944,-0.302643746137619,0.07279264181852341,0.111762136220932,-0.1789807826280594,-1.594880223274231,-1.7226061820983887,-0.6670828461647034,-0.6975225210189819,1.7655394077301025,0.09632232785224915,0.2672906219959259,-1.4621903896331787,1.2448300123214722,-0.4306148886680603,0.6445573568344116,0.2784605920314789,-0.03518662601709366,-0.021140895783901215,0.4484163224697113,0.45132696628570557,0.8984788060188293,-0.3030295670032501,0.8215218186378479,-1.5268230438232422,-0.09873007982969284,0.22829602658748627,0.10578534752130508,1.3956568241119385,-1.2673834562301636,1.7852128744125366,1.3463821411132812
0.37788838148117065,0.9284866452217102,-1.2692158222198486,-1.060028076171875,1.1735424995422363,0.5082740187644958,0.5006512403488159,-1.157846212387085,-0.5713943243026733,-0.07355821877717972,-0.029123278334736824,0.1957695335149765,0.3742101192474365,0.737926185131073,1.6463004350662231,-0.30293646454811096,1.728500485420227,-1.994752049446106,-0.6739874482154846,-0.302585244178772,0.9081833362579346,0.8988834023475647,1.971287488937378,-1.2428624629974365,0.8979926705360413,2.400212049484253,1.9582360982894897,-0.23080484569072723,2.198892593383789,-1.2804189920425415,-0.9029228687286377,-1.0419647693634033,1.8055052757263184,-0.9361297488212585,0.5569664239883423,0.006414005067199469,-1.24403977394104,-0.4544599652290344,-1.550922155380249,0.7413259148597717,-0.3289169371128082,1.6921905279159546,1.323550820350647,-1.7087384462356567,0.42188385128974915,-1.5252975225448608,-1.009212613105774,0.849201500415802,-1.7834230661392212,0.14885646104812622,0.10139986872673035,-1.03969144821167,-0.564251720905304,0.12598852813243866,1.1785693168640137,-1.2905263900756836,2.1084930896759033,-0.06961333751678467,-0.7007299661636353,0.3361474573612213,1.535665512084961,-0.41282373666763306,0.33019185066223145
-0.31419944763183594,-2.2226645946502686,1.4505418539047241,-1.4963852167129517,-0.45631250739097595,-0.4866550862789154,0.15493181347846985,-0.799412727355957,-1.066800594329834,0.9508822560310364,-1.234851598739624,1.2111927270889282,0.7290576696395874,-1.6086353063583374,0.32622548937797546,-0.6900757551193237,1.0830936431884766,0.0254141204059124,0.07649298757314682,-0.13190369307994843,-0.7930777668952942,1.3749195337295532,0.17463938891887665,0.7633824944496155,-0.724890947341919,-0.8092529773712158,0.3135116994380951,-0.1508340686559677,0.4206629693508148,-0.6547818183898926,-0.7778179049491882,-0.07790419459342957,1.0204691886901855,1.675231695175171,0.629342794418335,-0.7584657669067383,-2.3466079235076904,0.9234412312507629,0.5064920783042908,-0.18465064465999603,0.5950245261192322,0.6172597408294678,-1.3076764345169067,-0.45968326926231384,0.2646707594394684,0.9080467224121094,0.45610713958740234,1.4617723226547241,-1.1176421642303467,-1.1943589448928833,0.08890151232481003,-0.634896457195282,-0.9580360054969788,-0.5673130750656128,2.0690455436706543,0.23933571577072144,0.10140039026737213,0.06790449470281601,0.6161423921585083,-0.01187607180327177,-1.0899279117584229,0.3586094081401825,1.4796231985092163
-1.5612388849258423,1.2737877368927002,-1.813442349433899,-1.129875898361206,1.4329445362091064,-0.16449907422065735,-1.5009174346923828,-1.5889770984649658,-0.389555960893631,1.7741516828536987,-0.8952358961105347,-0.03128128871321678,-0.12818646430969238,-0.19459280371665955,1.102021336555481,-0.06836581975221634,-0.46160927414894104,-0.837480902671814,0.1418396532535553,-0.5728752613067627,-0.6589446067810059,0.0894421711564064,-0.12971915304660797,-1.0678308010101318,0.47859156131744385,1.5728365182876587,-1.4551005363464355,-1.4105393886566162,-1.7101553678512573,0.8079525232315063,1.2685081958770752,-0.9677654504776001,0.5386773347854614,0.0691884383559227,-0.8395400643348694,0.2960396707057953,-1.584502100944519,1.247266173362732,0.2655333876609802,-0.5168066620826721,-0.2890915274620056,1.354798436164856,1.2448326349258423,0.07755793631076813,-1.4756742715835571,0.1257179081439972,-0.9548152685165405,0.05103086680173874,-0.16094651818275452,0.0009927524952217937,1.769850492477417,-2.553637981414795,-3.123265504837036,2.164350748062134,0.24765238165855408,0.4088185131549835,-0.05808202177286148,-1.6837786436080933,0.21723932027816772,0.6091420650482178,0.27093738317489624,0.9991126656532288,0.20937325060367584
-0.7183703184127808,0.5862066149711609,-1.9338256120681763,-0.9424200057983398,-0.46359652280807495,1.378962755203247,0.5482696890830994,-0.9316481351852417,2.4349734783172607,-0.4318096935749054,-0.18059059977531433,0.5392395853996277,0.10091764479875565,-0.45059001445770264,1.1054587364196777,1.1789429187774658,-1.4269382953643799,1.0087332725524902,-0.9304872155189514,0.7900999188423157,0.7015573382377625,0.2536999583244324,1.3893455266952515,-1.8543200492858887,-0.3234446048736572,1.0414801836013794,-0.0727689117193222,0.9087790846824646,-0.6927868127822876,2.5852811336517334,-1.1613301038742065,-0.22124020755290985,1.0706980228424072,-0.317329466342926,-0.4210796654224396,0.7092292904853821,-0.3029986619949341,-0.6229609251022339,-0.9061031937599182,-0.5834977626800537,0.8065426349639893,1.385427713394165,1.410169243812561,-0.08088620752096176,0.4122176766395569,-0.3071783185005188,0.8934503793716431,0.3813168704509735,-0.9987310171127319,-0.8497871160507202,-0.8287087082862854,1.0243785381317139,-1.1227242946624756,0.2954990863800049,-0.7496793866157532,0.9026097059249878,-1.2680928707122803,-1.024520993232727,1.4769923686981201,1.0492231845855713,0.9001752734184265,-0.21543541550636292,-0.9352224469184875
-0.642257571220398,-0.89581298828125,-0.8341987133026123,-1.354453682899475,-1.2789491415023804,2.30802059173584,1.1577497720718384,0.23724885284900665,0.2703425884246826,-0.08990882337093353,0.9008026719093323,-0.8192993998527527,-0.3890224099159241,-1.5477110147476196,0.3860275447368622,-1.1530964374542236,0.43523505330085754,-1.3592240810394287,-3.2903974056243896,0.9011951088905334,-1.7045080661773682,-0.6559799313545227,-1.2810051441192627,1.387511968612671,0.5087059140205383,-0.16706591844558716,-1.9213716983795166,-0.22029802203178406,0.3440645635128021,1.6183881759643555,0.04175802692770958,-1.6847224235534668,0.3740001916885376,3.2844488620758057,-2.0925028324127197,2.1533091068267822,-0.8431641459465027,1.878340721130371,2.0146892070770264,1.407297134399414,-0.2866450548171997,-0.8824177384376526,-1.3731493949890137,-2.4500529766082764,-1.9698429107666016,-0.11058229207992554,1.9748165607452393,-0.19695931673049927,-1.6306581497192383,-0.43287500739097595,-1.2980787754058838,-1.1769471168518066,0.816445529460907,-1.2468050718307495,0.5311123132705688,-1.1115500926971436,-0.5194900631904602,-0.9607419371604919,0.39566707611083984,-0.45681387186050415,-0.36095401644706726,0.32203221321105957,-2.885859727859497
0.6282949447631836,-0.7254377007484436,0.4423844516277313,1.5067490339279175,-0.40032270550727844,0.43432706594467163,-2.514965772628784,1.357325553894043,-0.692533016204834,0.3814583420753479,0.3806348145008087,-0.8101673722267151,-1.3814059495925903,1.088494062423706,0.5541031360626221,1.1850852966308594,-0.10156639665365219,-0.14024664461612701,0.48528873920440674,1.0426689386367798,-0.5007998943328857,-0.018952764570713043,-2.0124123096466064,0.9836066365242004,-0.8185137510299683,0.08203721791505814,0.19924557209014893,0.6806529760360718,-1.4318439960479736,0.17476306855678558,0.6281449198722839,-0.27284005284309387,0.5428057909011841,-0.42982548475265503,0.9837863445281982,0.015608817338943481,-0.09699815511703491,-1.4375126361846924,0.5514748096466064,0.7191612720489502,-1.6653228998184204,0.46557387709617615,-0.1267785280942917,-0.03759986534714699,1.0675585269927979,2.1921136379241943,-1.8541876077651978,-0.02688450925052166,0.835104763507843,-0.0069049871526658535,-1.620641827583313,1.1531888246536255,0.3198642134666443,0.43398210406303406,-0.47967055439949036,1.8773281574249268,-0.07756146788597107,-0.7944254279136658,-1.3040783405303955,-0.3862547278404236,-1.545314073562622,-0.43699294328689575,0.5627754330635071
-1.001981258392334,-1.0241718292236328,1.9022417068481445,2.396284341812134,-1.9244557619094849,-0.4201151430606842,0.6176031231880188,-1.6509844064712524,-1.2433819770812988,0.15640892088413239,-0.9994087815284729,0.6653619408607483,-1.3946188688278198,-0.9118865132331848,-1.2595953941345215,-1.3370234966278076,0.693885087966919,0.9730542898178101,-1.1462645530700684,0.49620965123176575,-0.015409935265779495,1.747268557548523,0.17360475659370422,-0.7153401970863342,-0.07028645277023315,-0.3185398578643799,-0.27107158303260803,0.005278098862618208,0.6575161218643188,-0.1645691841840744,1.1284040212631226,-0.025824351236224174,-1.5176668167114258,-0.6970674395561218,0.32819047570228577,-0.5276296734809875,2.2855353355407715,1.2493106126785278,-0.9353673458099365,0.8127453327178955,0.1812320500612259,-0.33207792043685913,-1.516442060470581,-0.7017913460731506,1.5746378898620605,-0.7527322769165039,1.5531885623931885,-0.9263981580734253,-0.1393856704235077,0.3859783113002777,-1.1262304782867432,1.7794889211654663,-0.04646866396069527,-0.43488433957099915,-0.6645115613937378,-1.137217402458191,-1.7743966579437256,-0.35784584283828735,0.6408026218414307,-1.1178854703903198,0.1602349877357483,0.5889319777488708,-0.6008619666099548
-1.5190987586975098,1.589974045753479,-0.014911830425262451,-0.40680408477783203,1.4175461530685425,-0.3111153841018677,0.07983395457267761,0.01354617066681385,1.3070077896118164,0.42059287428855896,-0.44640445709228516,-0.11668187379837036,1.078916072845459,0.18839281797409058,1.0504703521728516,-0.5250532627105713,-0.9776761531829834,-1.19110107421875,0.6526987552642822,0.7941305041313171,0.6083703637123108,0.8976309895515442,0.6037907004356384,-1.4228309392929077,-0.037497058510780334,0.18042875826358795,-0.18363992869853973,-0.48915812373161316,1.1599100828170776,-0.4439529776573181,1.0106369256973267,0.8677792549133301,0.822218656539917,0.27433398365974426,-1.4138416051864624,-1.5920194387435913,1.827348232269287,0.8066847324371338,-1.5679850578308105,-0.6846575736999512,-0.8752966523170471,0.04276696965098381,1.2163137197494507,0.6355656385421753,-0.7812108397483826,-1.660905122756958,-0.8525788187980652,-0.6872991919517517,-0.7692973017692566,-0.46587464213371277,2.1808197498321533,-0.623017430305481,0.04392147436738014,-0.373261034488678,-1.0439962148666382,-1.5188506841659546,-0.9767845273017883,1.707943320274353,-1.344043493270874,-0.23270390927791595,1.4273427724838257,-0.7837335467338562,0.926478385925293
-0.3053207993507385,0.5255998373031616,0.8402836322784424,0.7800058126449585,0.5007598996162415,0.42620736360549927,-0.6490779519081116,-0.20055276155471802,0.8567806482315063,-1.4378983974456787,-1.2410709857940674,0.8172812461853027,1.1671972274780273,-0.6444116234779358,-0.344958633184433,-0.5504288673400879,-0.6471477746963501,-0.18659664690494537,0.14949509501457214,-0.5089828968048096,1.457328200340271,1.2047390937805176,-0.7122097015380859,0.07457514107227325,-1.9027529954910278,0.6471610069274902,-0.43303027749061584,-1.5033721923828125,-0.35569027066230774,-0.9576318860054016,-0.4978271722793579,-1.0661901235580444,-0.06287306547164917,-0.48329591751098633,-0.7773396372795105,-0.10327944159507751,0.5861332416534424,-0.022125709801912308,-0.3059026300907135,-0.6270970106124878,0.9645053148269653,-1.1041710376739502,-0.2821919918060303,-0.28121718764305115,0.920281708240509,-0.1312979757785797,-0.4524209797382355,-0.007852399721741676,-0.7124512791633606,-0.7356916666030884,0.6717621088027954,-0.6267324090003967,-0.3969663679599762,-0.34387433528900146,-0.9821117520332336,-0.4998045563697815,0.2567497193813324,-0.9522950649261475,-0.0556689016520977,-0.012150340713560581,0.38541561365127563,1.628567099571228,-0.14244875311851501

Slice 48
0.13198740780353546,1.4695700407028198,-0.6772198677062988,1.242594838142395,0.5300031900405884,-0.03508668392896652,0.861487865447998,-0.7515057325363159,-0.7546663880348206,-1.2386651039123535,1.5526455640792847,0.17561572790145874,0.7063682675361633,0.4401928186416626,-0.11956124007701874,-1.204072117805481,0.165430948138237,-0.07625775039196014,-1.650529146194458,-1.0096760988235474,0.6131590604782104,-1.2720222473144531,-0.6193880438804626,0.4581885039806366,-1.1706135272979736,-1.8125985860824585,-0.3484458923339844,-0.9354191422462463,-1.1481817960739136,0.2947372794151306,1.1671595573425293,-0.3406441807746887,-0.3629734218120575,0.53651362657547,0.4240800738334656,0.9191060662269592,0.9374877214431763,-0.5172204971313477,1.7202802896499634,0.1953836977481842,-1.995844841003418,1.0694241523742676,0.3217419683933258,-1.6184782981872559,0.6215205192565918,1.097855567932129,0.2506697475910187,-0.04074396565556526,0.24773287773132324,-0.191256582736969,0.24925777316093445,0.9453837871551514,0.4591884911060333,-0.6994906663894653,0.0421171635389328,1.38076913356781,-0.5060985684394836,1.2711634635925293,-0.3563145697116852,0.8737015128135681,1.0265196561813354,0.23039506375789642,-0.03754264861345291
0.19402438402175903,0.7375719547271729,-0.3457058072090149,-1.4883912801742554,-0.492687463760376,0.9822665452957153,0.5552492141723633,-1.4574384689331055,1.4280108213424683,-0.8585037589073181,-0.4186156690120697,0.21443656086921692,1.0907771587371826,0.4152200222015381,-0.4908568859100342,-0.07311056554317474,-0.8227787017822266,-0.24912431836128235,0.550965428352356,-0.7085504531860352,-0.8270218968391418,-0.9925156831741333,-0.5918778777122498,0.0846799686551094,-0.5744283199310303,0.16072526574134827,0.9309267401695251,0.37794187664985657,-0.5384706258773804,-0.14344529807567596,0.4988816976547241,1.0479322671890259,-0.9268712997436523,-0.7721196413040161,0.7150813937187195,-1.3991291522979736,-0.06384827941656113,0.23832909762859344,-1.4733830690383911,-1.011923909187317,0.3376118242740631,-1.3618642091751099,-0.6605477929115295,-1.4103623628616333,-0.7211909294128418,2.777758836746216,1.1316198110580444,0.21271361410617828,1.3343684673309326,0.5092851519584656,0.49697205424308777,-1.6452335119247437,0.17818798124790192,1.0377483367919922,-2.1754648685455322,1.7054680585861206,-1.9324026107788086,1.0228912830352783,-0.17160600423812866,0.28539416193962097,2.0206549167633057,-0.2997913360595703,-0.21762202680110931
-1.5822449922561646,0.14760515093803406,0.02502811700105667,0.004812332801520824,-1.707854986190796,-1.3957850933074951,1.2539719343185425,-0.2298768311738968,0.7140098214149475,-0.22092531621456146,0.9992948174476624,-1.4760210514068604,-0.1354040801525116,0.7276721000671387,0.9148238301277161,-0.4556077718734741,0.8713662624359131,-1.4590994119644165,-2.4016964435577393,-1.6273863315582275,0.6872249245643616,-0.5034092664718628,0.1356237381696701,1.3060022592544556,0.13714639842510223,-0.38940900564193726,-1.8346314430236816,-0.304159939289093,0.2005932331085205,2.0805556774139404,0.09973502904176712,-0.4597366452217102,0.43027451634407043,1.0696581602096558,-0.4885304570198059,1.1871598958969116,0.707116425037384,-1.8691364526748657,0.6657488346099854,0.32644620537757874,-0.5434406995773315,1.6816493272781372,-0.3258521556854248,-0.9597423672676086,-0.33227264881134033,-0.6200288534164429,1.0021233558654785,-1.0198787450790405,-0.7027764320373535,-0.9905656576156616,-0.48127028346061707,-0.9416442513465881,2.087038040161133,1.1932647228240967,0.06180628761649132,1.6914294958114624,-0.02291666530072689,2.5173490047454834,-0.40369099378585815,-1.2958698272705078,-0.19441324472427368,-0.3135729432106018,-0.8815454244613647
0.10425549745559692,-0.5484426617622375,0.18701939284801483,3.0191681385040283,-1.872841477394104,1.6019163131713867,-0.05876569077372551,1.1011438369750977,-0.7626594305038452,-0.9978388547897339,1.6653929948806763,-1.5243005752563477,-0.5034065246582031,2.0181758403778076,0.3153206706047058,1.4092813730239868,0.917847216129303,-0.4469525218009949,1.0135890245437622,-0.0073164463974535465,2.6558728218078613,0.43807393312454224,1.1411024332046509,1.3038678169250488,1.1180331707000732,0.6409791111946106,-0.24643050134181976,0.7578834891319275,0.638725996017456,-0.32092607021331787,-0.7833361029624939,0.05618266388773918,-0.6521186232566833,-0.46265190839767456,0.6614813208580017,-1.2246813774108887,-1.4178760051727295,-0.6951568722724915,1.8869149684906006,0.9589707255363464,-0.9224621653556824,1.6345956325531006,1.3015234470367432,0.5294835567474365,1.7418785095214844,-0.8313429355621338,0.04525969550013542,0.6599777936935425,-0.047481078654527664,-1.1192249059677124,1.5773162841796875,-0.7544748187065125,-0.33010348677635193,-0.7438907027244568,1.7146666049957275,-0.18720819056034088,0.522990882396698,-1.8948415517807007,-0.9221402406692505,0.7565264701843262,-0.3011817932128906,-2.1517529487609863,-2.1893537044525146
0.7825813293457031,0.1904774308204651,1.9943076372146606,-0.30982422828674316,-0.14234822988510132,1.9443145990371704,-0.5675022006034851,0.3771851360797882,-1.0525504350662231,-0.22290252149105072,0.5008306503295898,0.3491882383823395,0.7779650688171387,-1.4505010843276978,-1.1950948238372803,-0.07306678593158722,1.1051421165466309,1.2837053537368774,1.1113084554672241,0.7767356634140015,-0.8720202445983887,-0.3152913451194763,0.5413292050361633,-1.2297399044036865,0.392659068107605,1.2665139436721802,0.6930755376815796,-0.46987220644950867,-1.033385157585144,0.05478927493095398,1.7537012100219727,1.13522207736969,-1.8526066541671753,-0.8691543340682983,1.594758152961731,0.5648536682128906,0.4575375020503998,1.0798778533935547,-1.5354901552200317,1.280195951461792,-0.5045739412307739,0.7877705097198486,0.4392677843570709,-0.288187712430954,0.5539953708648682,-0.10077551007270813,-1.2746331691741943,0.7561406493186951,1.2604566812515259,-0.36950528621673584,1.15941321849823,0.39532262086868286,-0.1839911937713623,-0.8672856688499451,-0.13028588891029358,-0.6032453775405884,0.474696546792984,-0.39805278182029724,0.4279204308986664,0.13365647196769714,-0.6465116739273071,0.4911627769470215,-1.5638000965118408
0.5376319289207458,-0.36221373081207275,-0.16986314952373505,-1.429023265838623,-0.1473206877708435,-0.4331657886505127,0.552310585975647,-1.284077525138855,0.059723928570747375,1.3997368812561035,-1.4455705881118774,-0.0942268893122673,0.8619603514671326,1.0411434173583984,2.1039581298828125,-1.1248276233673096,-2.0923664569854736,-1.1501823663711548,0.0676397755742073,-0.6158531308174133,-0.10213305801153183,0.7916655540466309,-1.667938470840454,1.7599366903305054,-1.1561708450317383,-1.6007360219955444,0.5141072273254395,-1.0803561210632324,-0.6985183954238892,0.14965249598026276,0.6211875677108765,0.49675655364990234,0.30467379093170166,0.3235403299331665,-0.6516228318214417,0.37824878096580505,0.4788251221179962,-0.7900710701942444,-1.4278991222381592,-0.4716818630695343,0.9452561140060425,-0.7514825463294983,-1.3775014877319336,0.0665641501545906,-0.8277378082275391,0.4537491202354431,-0.046772509813308716,-1.105844497680664,0.2544628381729126,0.5375525951385498,0.06790357083082199,-0.2466275990009308,-1.4277331829071045,1.607973575592041,-0.6911217570304871,0.3040986955165863,-0.2242199033498764,0.203944131731987,-1.230791687965393,-0.8815083503723145,0.24096962809562683,0.22750785946846008,-0.23284004628658295
0.6904965043067932,-1.6494057178497314,0.4036436080932617,0.2831535339355469,0.2944345474243164,1.5416312217712402,1.04708731174469,-0.8109287023544312,0.9166070222854614,1.4197183847427368,0.3721187114715576,-0.688278317451477,-1.6433775424957275,1.1028618812561035,-0.17698071897029877,0.017023542895913124,-0.40950673818588257,-1.4653122425079346,0.47912636399269104,-0.0625632256269455,0.5183892846107483,0.5517875552177429,-1.8029643297195435,0.341358482837677,-1.2274194955825806,-0.4113326668739319,0.26631540060043335,-1.674965739250183,-2.2280988693237305,1.088013768196106,-2.4208688735961914,1.0454542636871338,-0.8323920369148254,-2.5665690898895264,1.6453111171722412,0.2137635350227356,-1.8888376951217651,-0.72842937707901,1.6371181011199951,1.6193947792053223,-0.6273868680000305,0.5005398392677307,-0.33356213569641113,-0.6908792853355408,1.2156332731246948,0.027276089414954185,-2.255936861038208,0.7774399518966675,1.3970420360565186,0.5200760960578918,-0.18473286926746368,0.7212368249893188,-0.759952962398529,1.1188445091247559,-0.4439958930015564,0.31933456659317017,0.08920148760080338,-0.7682619094848633,-1.0437872409820557,-0.43531322479248047,0.5730593204498291,0.026139454916119576,0.012220385484397411
-0.19604836404323578,0.6631630063056946,0.1023312509059906,0.5006744861602783,-0.5748862028121948,0.8079623579978943,-0.9807788729667664,-0.18568550050258636,1.202264428138733,0.842090368270874,-0.8881524205207825,1.4849200248718262,0.9146280288696289,-0.3664790689945221,0.04796691611409187,1.6845450401306152,-1.319491982460022,-0.1288180649280548,0.6423200368881226,-0.22634141147136688,-0.7813410758972168,-0.5680385828018188,0.39300692081451416,0.4291420578956604,1.0309690237045288,-0.33949166536331177,1.2627886533737183,1.2027482986450195,-0.34085726737976074,0.957923948764801,-0.4631791114807129,0.024228204041719437,0.7884384989738464,0.8080248236656189,1.1467301845550537,0.7845761179924011,0.07569796591997147,0.686042308807373,-2.065962314605713,0.2805846631526947,-0.09572786092758179,-1.545967936515808,1.6571823358535767,-0.006519158836454153,-1.9706515073776245,-0.7992069125175476,0.3398006558418274,1.7230461835861206,0.42894378304481506,0.025185035541653633,1.0425093173980713,-0.3475430905818939,-0.9078905582427979,-1.208258867263794,-1.408260703086853,-1.4806573390960693,-0.9073478579521179,-0.36786890029907227,0.6315535306930542,0.1484643667936325,0.3825702965259552,0.9606156945228577,-1.2593849897384644
1.1644537448883057,-0.7937774658203125,-0.10103990882635117,0.8452921509742737,2.225804090499878,-0.03166668489575386,1.0827338695526123,0.6855463981628418,0.2582933008670807,-1.0535310506820679,-0.08810710906982422,0.297692209482193,0.7576789855957031,-1.2384412288665771,-0.2918034493923187,1.3280024528503418,-0.5552858114242554,1.2428420782089233,0.9911746382713318,1.851080060005188,0.48506006598472595,2.0325772762298584,0.8901039958000183,0.6127926707267761,1.095102071762085,0.15238481760025024,-0.07522664964199066,-0.7900022268295288,-0.7115197777748108,-0.3569692373275757,0.0052311234176158905,0.8190349340438843,2.4857521057128906,1.8800441026687622,0.7296933531761169,-0.8934620022773743,1.0163098573684692,1.064346194267273,-0.5653271079063416,-0.700996458530426,0.8390918970108032,-0.22757753729820251,0.8957845568656921,-0.8832042813301086,-1.3187700510025024,0.14270733296871185,-1.0326060056686401,0.693832516670227,0.5762243866920471,-0.22924497723579407,-0.0716283768415451,1.5044403076171875,-0.8599950075149536,-0.1267821192741394,-0.7985617518424988,0.19464795291423798,-0.6109341979026794,0.5391083359718323,0.9337769150733948,-1.0896536111831665,0.08390626311302185,-0.5243563652038574,1.8943817615509033
0.19660000503063202,0.04775821417570114,-0.9968239068984985,0.9521968364715576,-0.4635671079158783,1.959589958190918,-1.1135445833206177,-1.1817870140075684,-0.5291748642921448,-0.7089482545852661,1.274519681930542,0.0006050524534657598,1.4045634269714355,0.600337028503418,-0.45800209045410156,-0.8544817566871643,-0.39254191517829895,0.19755953550338745,0.6221708655357361,0.8625907301902771,-0.5263800621032715,-1.0851986408233643,-1.0623441934585571,-0.7651935815811157,-0.8782289028167725,0.4701944887638092,1.7732902765274048,-0.5723707675933838,0.0624382309615612,0.4097006916999817,0.8083239793777466,0.9966038465499878,1.4512964487075806,0.9465304017066956,0.48360446095466614,-0.9880330562591553,0.5789306163787842,-0.3933584690093994,1.7175267934799194,-0.07680077105760574,0.29394978284835815,-0.23282919824123383,0.6711130142211914,-1.2906440496444702,0.6506384015083313,-0.16191738843917847,1.0524778366088867,0.19131708145141602,0.017268897965550423,1.8701105117797852,0.7923506498336792,-0.3164141774177551,-0.6468228101730347,-1.137089490890503,-0.8229581713676453,-0.2504066824913025,-1.4941728115081787,0.8634110689163208,-0.8582653403282166,0.8968340754508972,1.9637932777404785,-0.6454764604568481,0.8695687651634216

Slice 49
0.6505421996116638,1.815041422843933,-1.606816291809082,1.8863242864608765,-2.198305130004883,-0.6151058673858643,-2.133324384689331,2.1857175827026367,2.4030890464782715,0.6120520234107971,1.8883484601974487,0.9047583341598511,-1.021156907081604,-1.2317031621932983,0.1276676207780838,-0.7395349740982056,-1.8432590961456299,-0.6338589191436768,-0.1791502833366394,0.7073908448219299,-1.7612639665603638,1.2465790510177612,0.8388715386390686,-2.223210334777832,1.6379410028457642,0.46719890832901,1.9253921508789062,-0.5196904540061951,-0.5737042427062988,1.2032808065414429,0.9350308179855347,1.2218778133392334,-2.250152587890625,-0.0038924345280975103,1.4355005025863647,-1.0188827514648438,-0.39220884442329407,-0.551211416721344,0.9337393045425415,0.7667484879493713,0.07415495067834854,-1.7947624921798706,-0.4764191210269928,-1.9627097845077515,-1.1109610795974731,-1.3154939413070679,-1.2558085918426514,-0.32640716433525085,1.5652880668640137,0.8672658205032349,-1.0167676210403442,0.3655414879322052,-1.1200461387634277,-1.1791503429412842,1.2727594375610352,-0.10569153726100922,-1.571924090385437,0.9019142389297485,-0.044459268450737,-1.3215174674987793,-1.0983489751815796,0.9509422779083252,-1.2068754434585571
0.6063125133514404,0.21821071207523346,1.8721877336502075,0.39296990633010864,-1.029079556465149,0.48216310143470764,-1.2918524742126465,0.713674008846283,-0.22725200653076172,2.9950530529022217,0.13726887106895447,0.6553921103477478,0.5055633187294006,1.7937612533569336,0.02443835139274597,1.8114373683929443,0.5673648118972778,1.8583227396011353,-1.049667239189148,-0.36482030153274536,-0.38647857308387756,-1.6953803300857544,0.7819539308547974,-0.24103905260562897,-0.9529533386230469,0.6036372780799866,1.4555410146713257,1.2389776706695557,-0.4307903051376343,-1.0657434463500977,1.7522966861724854,0.9352248311042786,1.8260321617126465,0.1179986223578453,1.5231846570968628,2.1999616622924805,2.566106081008911,1.0295827388763428,1.5578252077102661,0.4043150842189789,-1.2251347303390503,0.9897244572639465,-0.956429123878479,-0.6960504055023193,1.9272106885910034,-1.4072554111480713,2.9489612579345703,-0.18328961730003357,1.2131868600845337,-0.8554926514625549,-1.0833461284637451,0.8098285794258118,-1.0340149402618408,-0.7223951816558838,-1.2874112129211426,1.8754680156707764,-0.12930931150913239,0.2666776180267334,0.5385898351669312,2.516758918762207,-0.5235183238983154,-0.44228053092956543,-0.5138505697250366
-0.39688771963119507,-1.0880694389343262,1.0249489545822144,0.15821313858032227,0.5371410250663757,-1.1667455434799194,-2.1281659603118896,0.8363129496574402,-0.04652729630470276,-0.46076199412345886,-0.8480372428894043,-0.493295282125473,0.026861315593123436,-0.08604941517114639,-2.492582321166992,-1.3855853080749512,-2.707235336303711,1.9586349725723267,-2.1786603927612305,-1.5953718423843384,-2.1716716289520264,0.28197020292282104,-0.05824140086770058,1.2762504816055298,1.8744744062423706,0.5951040983200073,0.8829964399337769,-0.45180749893188477,-2.0768215656280518,-1.0037921667099,-0.8818495869636536,-0.4346785843372345,-1.5331400632858276,-1.4248545169830322,-1.343204140663147,0.4133320152759552,-0.6291749477386475,-0.7615795135498047,0.1279996931552887,1.036876916885376,0.19697490334510803,-1.4301166534423828,1.032057523727417,-0.0887863039970398,0.2926079332828522,-1.1729390621185303,1.3252975940704346,1.400344729423523,0.6189813613891602,0.4337013363838196,-1.042429804801941,0.2116004377603531,-0.7989988923072815,-0.6933868527412415,0.625354528427124,-0.15356189012527466,-0.8607204556465149,-0.7169380187988281,0.9630955457687378,-1.7496907711029053,0.04362843185663223,-0.45995718240737915,0.6754632592201233
0.5814036726951599,-0.6805814504623413,-0.1305459886789322,0.06806720048189163,-0.3444138169288635,1.3138846158981323,-0.09572679549455643,0.7465469241142273,0.32563701272010803,0.09003791958093643,0.8499470949172974,-0.923981785774231,-0.17829446494579315,0.004560932517051697,0.25245141983032227,-1.579566478729248,1.030535340309143,-0.4813469350337982,0.6075594425201416,-0.5539018511772156,-0.522453248500824,-1.4372121095657349,0.5687509775161743,-0.1636117547750473,-1.0436803102493286,0.648499608039856,0.29907312989234924,1.8379038572311401,-0.36155086755752563,0.10337075591087341,1.2854713201522827,-0.5365216135978699,-1.2806106805801392,0.21020770072937012,0.5144733190536499,0.5683799982070923,0.9337164163589478,1.191435694694519,-0.24647651612758636,-1.7251479625701904,-0.7484087347984314,0.014628304168581963,-0.5780688524246216,-1.4135799407958984,0.8069054484367371,-0.4634045958518982,0.4344455897808075,-0.947559118270874,0.9550783634185791,-1.5310232639312744,-1.3486838340759277,1.089618444442749,-1.6079176664352417,0.8280825018882751,-1.1183533668518066,-1.048944115638733,0.9817031621932983,0.8654897212982178,0.47084707021713257,0.14855080842971802,0.13867124915122986,0.5596360564231873,0.3742731213569641
-0.3214193880558014,-0.7984248399734497,-0.25455278158187866,1.2155051231384277,-0.1901417076587677,0.0538424514234066,-1.0237057209014893,1.140817642211914,-1.3693926334381104,1.0330537557601929,-0.3450048565864563,2.091649293899536,-0.04631148278713226,0.1271146684885025,0.8541079759597778,1.2794561386108398,-0.3341307044029236,-0.6705305576324463,-1.1852798461914062,-1.0811225175857544,-1.4290357828140259,0.7898493409156799,1.1575053930282593,-0.33660948276519775,1.160115122795105,0.8450916409492493,-0.3311695456504822,0.32349693775177,-0.7327497601509094,-0.8760743141174316,-0.6055446863174438,-0.1254408061504364,0.7823936343193054,-0.5509845614433289,-0.5086251497268677,0.13709257543087006,0.07662966847419739,1.0366671085357666,-1.5616514682769775,-0.2869380712509155,0.28390660881996155,0.3334179222583771,-0.5108307003974915,0.38182175159454346,0.683271586894989,-0.12979243695735931,0.1328612118959427,1.280726432800293,0.2269451916217804,0.48043712973594666,-1.4036200046539307,-1.9973653554916382,0.823054313659668,-1.3839423656463623,0.1448824256658554,0.07265894114971161,-0.05520572140812874,1.4754294157028198,0.7069817185401917,-0.3381935954093933,-1.3991055488586426,-1.3345319032669067,0.8167852759361267
-0.9072433710098267,-0.4346518814563751,0.46855872869491577,-0.056291718035936356,-1.3056633472442627,-2.31154465675354,0.07186643034219742,-0.31122663617134094,2.348616600036621,-0.07775414735078812,-0.44292715191841125,-0.2716043293476105,0.29523584246635437,-0.04153599217534065,0.3873249590396881,-1.0200543403625488,0.24066580832004547,-1.6159088611602783,0.9730972647666931,-0.1642846316099167,-0.8849411606788635,0.6335494518280029,-0.4183915853500366,-0.050972141325473785,0.2132062464952469,0.8981444239616394,0.227470263838768,1.4074416160583496,0.67257159948349,-0.33041080832481384,0.683538019657135,-0.034714557230472565,0.3888333737850189,-1.1928397417068481,-0.3813963830471039,0.007812689989805222,-0.9101595878601074,0.4950898587703705,1.616309642791748,-0.49457040429115295,-0.8172515630722046,0.5000564455986023,0.03905203938484192,0.8798094987869263,-2.0266001224517822,-0.2099398970603943,-0.42922767996788025,-1.406308650970459,0.9146401286125183,0.32544562220573425,0.2248101532459259,0.9670868515968323,0.7505484223365784,0.487854927778244,-0.8040608167648315,-0.42196300625801086,-1.080745816230774,-0.8919569849967957,-1.8750030994415283,-1.781948447227478,1.052250623703003,1.8401960134506226,-1.1552977561950684
0.7779913544654846,-0.2077721506357193,1.73557710647583,-1.3582088947296143,-0.7559140920639038,0.04063176363706589,-1.4480171203613281,-1.0624929666519165,0.3475929796695709,-0.8929206728935242,0.29474109411239624,0.9064984917640686,-1.7906184196472168,0.482970654964447,0.16497357189655304,0.5241125822067261,-1.0088746547698975,1.248857021331787,0.24013391137123108,-0.7377802729606628,1.4845472574234009,-0.21527835726737976,-1.0717535018920898,-1.5520814657211304,-1.381711721420288,0.718975305557251,-0.382004052400589,-0.4370129108428955,-0.2003086656332016,0.458674818277359,0.35279881954193115,-1.186679720878601,0.06922970712184906,-0.940180778503418,-0.1510387808084488,1.0043749809265137,-1.456810712814331,0.21304678916931152,0.9414947628974915,-0.303489625453949,0.7572959065437317,0.6926257610321045,1.0474120378494263,0.7265111804008484,0.024605564773082733,-0.45119866728782654,0.10169757157564163,-0.6518168449401855,0.22008110582828522,-1.2692499160766602,2.0670881271362305,-0.6673759818077087,1.8649742603302002,-0.9299721717834473,0.7048647999763489,0.5161803960800171,1.0994335412979126,-0.22245466709136963,-0.6382358074188232,-0.3234419524669647,0.6855537295341492,-1.3351571559906006,-0.8265578746795654
-1.5895321369171143,1.9425201416015625,-0.41913190484046936,0.9000031352043152,-0.24557697772979736,0.5183835029602051,-0.22687068581581116,0.5351766347885132,0.24174915254116058,-0.5654700398445129,-1.9696305990219116,-1.2020699977874756,0.04332250729203224,-2.3801605701446533,0.8208760023117065,1.4185651540756226,0.6767807602882385,1.1029205322265625,1.9483892917633057,0.3745409846305847,-0.18296360969543457,0.5744842290878296,0.5879417657852173,0.17946675419807434,0.2765641212463379,-3.321230411529541,-1.3807603120803833,-0.9949861764907837,-1.2576773166656494,-1.61899733543396,-0.9341997504234314,-0.15198329091072083,0.4915737211704254,-0.9174622297286987,-0.45422935485839844,0.6496798992156982,-0.1783509999513626,-1.7340818643569946,-0.2630058526992798,1.606905460357666,1.8474406003952026,-0.14461269974708557,-0.8779295086860657,0.16123993694782257,-1.3742127418518066,-0.8320534229278564,-0.07120005041360855,1.3174197673797607,0.7478522062301636,-0.1694893091917038,0.4904668629169464,-0.6351409554481506,0.21797186136245728,-0.27504071593284607,-0.6796950697898865,0.2732841968536377,0.09890400618314743,-1.71830153465271,-1.4211909770965576,-0.4777105450630188,-0.6912218332290649,-1.2238128185272217,-0.8149492740631104
1.1126550436019897,0.1940249502658844,-0.6264311671257019,2.0158116817474365,-0.23288394510746002,-0.9826347827911377,0.32680562138557434,-0.27918219566345215,-0.2521638870239258,-0.35535383224487305,-1.2732847929000854,3.022280693054199,-1.2175743579864502,-0.5833964943885803,0.23622694611549377,0.18839029967784882,0.5524033308029175,0.9225854873657227,0.5681536197662354,-0.04856150597333908,-0.05095021426677704,1.1412843465805054,1.109514832496643,-0.38212814927101135,1.715693473815918,0.9081156849861145,0.6064009070396423,1.3031201362609863,0.5066232681274414,1.0132797956466675,-2.368438482284546,-0.9983305335044861,1.3756103515625,-1.3794423341751099,-1.3907675743103027,-1.070955514907837,-0.6646659970283508,0.9544603228569031,-1.8031474351882935,0.580333411693573,-0.3623575270175934,-1.546096920967102,-0.3471314609050751,-1.1792746782302856,1.2733863592147827,1.2156345844268799,-1.8483372926712036,0.9698691964149475,0.2188744992017746,0.6751564145088196,-1.0150431394577026,0.687986433506012,1.3807464838027954,1.094403624534607,1.5655115842819214,-1.9747159481048584,-0.21205298602581024,2.033872365951538,1.9524133205413818,-1.8453865051269531,0.5193230509757996,-0.11650270968675613,0.663994312286377
0.7673114538192749,0.2642238438129425,0.05546792224049568,0.5009821057319641,1.0705020427703857,1.3407615423202515,-1.2683521509170532,0.09186248481273651,0.060426659882068634,-0.5637451410293579,-0.19520747661590576,0.3497326970100403,1.9255224466323853,-0.336073637008667,-0.9391222596168518,0.8489306569099426,0.49474772810935974,-0.11156207323074341,0.44982674717903137,0.35310691595077515,-0.20368997752666473,-0.7539002299308777,1.7596545219421387,1.1755374670028687,-0.9611881971359253,0.3461029529571533,-1.3847371339797974,-1.7971454858779907,-1.528364658355713,-1.3824965953826904,-0.593055248260498,0.7337436079978943,-0.13212354481220245,0.5397032499313354,0.4173830449581146,-0.650475800037384,0.6971101760864258,-1.8650031089782715,-0.5981335639953613,0.22213990986347198,1.5376648902893066,-0.018033171072602272,0.5979181528091431,0.6520470380783081,0.3215464651584625,-1.3718712329864502,-0.05893171951174736,0.16801631450653076,-0.29519781470298767,0.6587420105934143,-0.636754035949707,0.20212529599666595,-0.3731994032859802,-0.20651394128799438,0.029626797884702682,0.9352564215660095,1.3885997533798218,0.2539927065372467,-0.5776710510253906,0.7188300490379333,0.9381924867630005,-1.5492676496505737,1.261851191520691

Slice 50
0.8738186955451965,-2.189826011657715,-1.0974547863006592,1.4972431659698486,0.9720404744148254,-0.4415092468261719,-0.9443609714508057,-1.1509640216827393,-0.11005120724439621,-1.3527836799621582,-1.1932321786880493,0.7636527419090271,-0.9765337705612183,-0.13162830471992493,-0.24205224215984344,0.6767702698707581,0.27603140473365784,0.5677664279937744,0.4852038025856018,-0.0850604996085167,-0.1112607792019844,0.023528316989541054,0.19273847341537476,-1.3994770050048828,0.3508172929286957,-0.6540063619613647,-0.3309454023838043,0.05599500983953476,0.943611204624176,-0.13100993633270264,-0.3896019458770752,-1.6062263250350952,-1.5805734395980835,0.04137815907597542,0.7791889309883118,-0.5864328145980835,-0.20769870281219482,-0.7057188153266907,-0.7370346784591675,-1.5250873565673828,0.2925490438938141,-0.47143951058387756,-2.0961716175079346,-0.1118626520037651,1.1944043636322021,0.16355295479297638,-0.9762175679206848,0.6691209077835083,1.1092169284820557,0.4623553156852722,0.7992279529571533,1.1393495798110962,0.7873421311378479,-0.962161660194397,1.0073258876800537,-1.1236554384231567,-0.9245573878288269,-0.8623130321502686,-1.3997209072113037,1.497879147529602,1.1584739685058594,-0.8690134286880493,-0.38924965262413025
-0.07810837775468826,0.4918053150177002,0.3735993802547455,1.0895752906799316,-1.2747822999954224,-1.769854187965393,-1.680741310119629,-0.6900485754013062,0.27461856603622437,-1.418333649635315,-0.5390506982803345,-0.4532506465911865,0.7356696128845215,-1.640663743019104,-0.10034389793872833,-1.592087984085083,2.0019419193267822,-1.5094889402389526,-0.5042775273323059,2.217658519744873,-1.3684003353118896,0.2691253125667572,0.12303086370229721,-0.3508637845516205,0.009728290140628815,-0.519498884677887,1.581291913986206,-1.6644277572631836,-0.7537228465080261,0.8984432220458984,0.5810279846191406,-0.1670677810907364,0.12025666981935501,-0.2529354691505432,-1.2418301105499268,0.24286815524101257,-1.686540961265564,-0.6885278820991516,-0.1970272809267044,0.42692461609840393,0.506006121635437,-0.7926725149154663,-0.5845304131507874,0.9105474948883057,-0.4086892306804657,-0.2744198441505432,-1.3500746488571167,1.4462878704071045,1.3524224758148193,-0.8207761645317078,-0.43974143266677856,-0.33902809023857117,-0.6978459358215332,1.3496479988098145,-0.1568203717470169,0.6205769777297974,0.48270294070243835,2.3074207305908203,-0.4068898856639862,-0.4405972361564636,0.8674906492233276,0.4735810458660126,-0.5346164107322693
1.0704022645950317,-0.795062780380249,-2.479806423187256,-0.6147134900093079,-1.6794520616531372,-0.9498438835144043,-0.2274554967880249,-0.709010660648346,0.5036517381668091,-0.5032241940498352,-1.9217427968978882,1.3044697046279907,-0.0804210901260376,0.1869286298751831,-1.7542494535446167,0.7183053493499756,-0.0497608445584774,0.7607808113098145,-2.979470729827881,0.38638150691986084,-0.6168645620346069,-1.1113882064819336,-1.087950587272644,1.12662672996521,-0.5332863330841064,-1.3041572570800781,1.420606017112732,1.7695163488388062,-0.7824611663818359,-0.21574519574642181,-0.6247396469116211,0.8225569725036621,1.2517048120498657,-0.31823599338531494,1.4764654636383057,0.9072921872138977,0.6007550954818726,1.5299221277236938,0.10182725638151169,1.3382289409637451,-0.24734729528427124,0.7650174498558044,1.5836009979248047,0.2211344838142395,0.05268223583698273,0.6285480856895447,0.5304883122444153,2.480496644973755,-1.0988484621047974,-1.1732734441757202,-0.44914087653160095,-0.36067309975624084,-1.1170183420181274,-0.9669669270515442,0.19028766453266144,-1.6230742931365967,0.7795364856719971,-0.377338707447052,-1.1156882047653198,-0.4608834683895111,1.4826120138168335,-1.514217495918274,-1.347348690032959
1.0733642578125,0.2286873608827591,1.521148443222046,-0.6970720887184143,0.05471833422780037,-0.40853071212768555,0.11574652045965195,-0.1441086083650589,-0.6478198170661926,0.2099214643239975,0.08003882318735123,-1.3117491006851196,0.888668954372406,-0.28232455253601074,0.3734905421733856,0.1111244186758995,0.16464152932167053,0.7498863339424133,0.5279321074485779,1.3493661880493164,1.3487365245819092,-0.5030496120452881,1.3285565376281738,1.4252238273620605,-1.051927089691162,0.8777064681053162,0.35151174664497375,-0.71633380651474,1.3845832347869873,-1.015270471572876,-0.8186343908309937,0.6763574481010437,0.11057142913341522,-0.08493850380182266,0.5646955966949463,2.463972568511963,-0.5598440170288086,1.2846722602844238,-0.08626946061849594,-0.04622533544898033,-0.8921204805374146,-0.4135526418685913,1.507731318473816,0.2128598541021347,-0.44020435214042664,0.2120583951473236,0.5601500868797302,-0.5399938821792603,0.27690771222114563,-0.655379056930542,-0.6833271384239197,0.050346843898296356,-0.9415764808654785,-0.0464673675596714,-0.2874099612236023,0.0007956988993100822,0.8195027112960815,1.5761207342147827,1.3620575666427612,-1.9436265230178833,-0.477797269821167,0.5396881103515625,-0.2716163098812103
0.34261754155158997,-1.2396814823150635,0.30481356382369995,0.938467800617218,-0.07895686477422714,0.5261053442955017,-0.13194043934345245,-0.01444974821060896,-1.2705413103103638,-0.4590587615966797,-1.845775842666626,-0.46568894386291504,-0.49772951006889343,-1.1646093130111694,1.0374583005905151,-1.0190919637680054,-0.96591717004776,-0.318541020154953,0.19342368841171265,0.5890374779701233,0.4232407808303833,-1.7407017946243286,-0.3101772367954254,1.6276044845581055,-1.1292682886123657,0.19829753041267395,1.1109812259674072,0.4702163338661194,-0.9620366096496582,0.070647232234478,1.4225380420684814,1.5076318979263306,0.8447955250740051,-0.4596988558769226,-0.753774881362915,0.10666275024414062,0.13773556053638458,1.588213562965393,1.133495807647705,0.38820862770080566,-1.7118245363235474,0.9944445490837097,-0.5953517556190491,-0.030474716797471046,-0.8856968283653259,1.6376428604125977,-0.8644833564758301,-0.571692943572998,-0.1928633153438568,0.13980242609977722,0.9923580288887024,-0.22198167443275452,0.7536102533340454,1.632129192352295,-0.4496065080165863,0.46294206380844116,-0.6163855791091919,0.26476287841796875,0.6964102387428284,-2.0738985538482666,-0.8082419633865356,0.5462773442268372,-0.13794514536857605
0.34098362922668457,0.3666905164718628,-1.2927216291427612,1.276224970817566,1.3360801935195923,-0.30544227361679077,-0.8235895037651062,0.5635322332382202,2.346648693084717,-0.3207874298095703,-0.1834784299135208,-0.24425220489501953,0.7647430300712585,-0.8201494216918945,-0.8067429661750793,-1.3134677410125732,-0.23101097345352173,-1.6557117700576782,0.612627387046814,0.12740196287631989,-1.3778108358383179,0.6394521594047546,-1.3283978700637817,0.2158728539943695,-1.0781359672546387,2.055396318435669,0.8501111268997192,0.827821671962738,-0.7068691849708557,-0.06220615282654762,-1.3152899742126465,1.317673683166504,0.3819752037525177,-0.50652676820755,-0.9935595989227295,1.6874233484268188,-0.07670242339372635,1.9985203742980957,0.797876238822937,-0.6044481992721558,-1.0700209140777588,2.1308062076568604,-1.1486409902572632,0.09668294340372086,-1.0375044345855713,-0.7800127863883972,-1.5739022493362427,0.8778929710388184,0.6518828272819519,-0.5519232153892517,0.6552771925926208,-1.7894104719161987,-0.7972142100334167,-1.247511386871338,-0.6988905668258667,-0.471683531999588,0.6666317582130432,-2.0825257301330566,-1.0845335721969604,0.4795396029949188,0.1963043212890625,-0.9586430191993713,-0.5251118540763855
0.8118773698806763,-0.5816640853881836,0.6917537450790405,-0.5443535447120667,1.1661169528961182,-1.4965800046920776,-0.449129194021225,-0.41046032309532166,0.6669524312019348,2.3369364738464355,0.5392569899559021,-0.43226736783981323,0.6094377636909485,-0.9326830506324768,0.9729673266410828,-0.3220392167568207,-1.081351399421692,0.2860682010650635,-0.18292808532714844,-2.2240278720855713,-0.402112752199173,-0.773349404335022,-0.3290972113609314,0.23670992255210876,-1.2067358493804932,0.3197423815727234,-0.5471122860908508,0.08805444836616516,-1.1114293336868286,0.5132045149803162,0.8555624485015869,-0.6695193648338318,0.224847674369812,-1.9852486848831177,1.7503167390823364,0.6115009188652039,-0.42497718334198,-0.09308113157749176,-1.3457677364349365,1.0678714513778687,-2.096234083175659,-0.10875004529953003,0.42380255460739136,0.4130360186100006,-1.4883345365524292,1.5931613445281982,0.5034496188163757,1.2144410610198975,0.503571629524231,-0.8086705207824707,0.39944127202033997,-1.7821626663208008,-0.4333522617816925,0.9058682918548584,1.7010154724121094,0.5525614023208618,0.994469404220581,0.12326464802026749,0.2317349761724472,-1.8086835145950317,0.8625920414924622,-1.9481127262115479,2.281233787536621
-2.0692150592803955,-0.15808239579200745,-0.4689871668815613,-1.7003458738327026,0.6662476062774658,-0.46281707286834717,-0.794536292552948,0.9714401364326477,-0.285489022731781,-0.4124895930290222,0.34513798356056213,-1.3420658111572266,-0.14300082623958588,-0.32552799582481384,-1.6456270217895508,-0.4488513171672821,-1.5562721490859985,-0.6483516693115234,2.261150598526001,-1.8332679271697998,1.130216360092163,-1.2152035236358643,-0.8422190546989441,0.6496939063072205,0.9084519147872925,0.23213738203048706,-0.9757700562477112,-0.6115304231643677,0.15558800101280212,0.04577252268791199,0.9841114282608032,1.3962393999099731,1.2282443046569824,-0.10677888989448547,-0.8603441119194031,0.5026540756225586,-0.23817525804042816,0.9684724807739258,1.3630751371383667,0.3107486367225647,-0.8241829872131348,1.041923999786377,-0.23547320067882538,1.558182716369629,-1.255326271057129,-0.19762933254241943,0.524611234664917,-1.313154697418213,-2.394568681716919,1.43149733543396,-0.28245460987091064,0.12267164140939713,1.7678505182266235,0.7980635166168213,1.1503833532333374,-0.3969514071941376,0.9521240592002869,-0.6950512528419495,-0.9692869782447815,-0.30328115820884705,-0.38868653774261475,-0.46971720457077026,0.05016756430268288
-0.15193229913711548,-0.14470164477825165,-0.5346150994300842,-1.198318362236023,-1.8371350765228271,-1.3311469554901123,-1.2650896310806274,1.4547616243362427,2.3525891304016113,-1.2419341802597046,-0.830351710319519,1.5029677152633667,-1.4157707691192627,-1.00294828414917,0.08550169318914413,1.1368966102600098,-0.3004966676235199,0.6669822931289673,-1.1945242881774902,0.2284710556268692,-1.204788088798523,2.160907506942749,0.12136154621839523,0.12071821838617325,2.4984817504882812,-1.1465116739273071,-0.42989709973335266,1.5048733949661255,-1.4619873762130737,1.7555729150772095,-1.110152244567871,-0.3107518255710602,-0.7759739756584167,0.13665549457073212,0.11401347815990448,-0.1869731843471527,1.4607256650924683,-0.12401697039604187,1.135225534439087,0.7679104208946228,1.5624127388000488,0.7365050911903381,-0.02358756773173809,-0.7106414437294006,-0.7768455147743225,1.7043112516403198,0.5753814578056335,0.9021723866462708,-1.106361985206604,-0.05769478157162666,-1.4743220806121826,-0.1065966859459877,0.5502734780311584,-0.4729151427745819,1.3921058177947998,-0.3427730202674866,-0.7879893183708191,-0.26473644375801086,-0.2757170498371124,2.5567047595977783,0.3507864475250244,-1.100473165512085,-0.8711142539978027
0.7113246321678162,-0.33242130279541016,0.9508259892463684,-0.05574990063905716,1.2709039449691772,1.5050263404846191,-0.5705826878547668,-1.4613420963287354,2.5008184909820557,-0.13916556537151337,-0.3984919488430023,0.5705050230026245,-0.8933401107788086,0.4225406348705292,1.535476803779602,0.28422993421554565,-1.2461574077606201,0.2610991299152374,-0.7180086970329285,0.2977546155452728,-0.1848510056734085,-0.7887191772460938,-0.48668330907821655,1.1147288084030151,-0.7309774160385132,2.2440621852874756,0.02527403086423874,1.0443328619003296,0.7532806992530823,1.9488621950149536,0.49069854617118835,1.4995704889297485,-0.004576832056045532,1.9466238021850586,-1.1363956928253174,1.4885382652282715,1.6861754655838013,1.4751677513122559,-1.5803142786026,-0.499455064535141,0.5047318339347839,-0.588469386100769,0.2068716585636139,-2.1121609210968018,-0.46438416838645935,0.4247341752052307,0.3199548125267029,-0.31761398911476135,-0.05762384086847305,-1.690966248512268,1.316938877105713,0.26764291524887085,1.6504024267196655,-0.08082456886768341,1.6897696256637573,1.732742428779602,-0.9148903489112854,0.008834827691316605,0.9465569853782654,0.2702954113483429,0.9834126830101013,0.012419020757079124,-0.2653873860836029

Slice 51
-1.1067478656768799,0.9178109765052795,-0.345638632774353,-1.662266492843628,-0.5911890268325806,0.9870323538780212,-1.2593599557876587,-0.6304419636726379,1.1240313053131104,0.1456112265586853,-1.1772520542144775,0.9870650172233582,0.43990305066108704,-0.6983964443206787,0.8547948002815247,0.6294652819633484,0.21102608740329742,1.3275476694107056,0.5356776714324951,-0.11237386614084244,0.6467904448509216,-1.3211504220962524,0.7208653092384338,-0.46397584676742554,0.7046566605567932,1.0300469398498535,0.6455844640731812,0.1478872001171112,-0.5442153811454773,-1.4142931699752808,2.0031843185424805,-0.5941935181617737,-0.604220986366272,-0.5258511900901794,-0.3357708752155304,-1.145053505897522,-1.4544284343719482,-1.3752751350402832,-0.39703553915023804,-0.8224207162857056,0.7574899196624756,0.4438806176185608,0.24099929630756378,-0.32414641976356506,1.6803478002548218,-0.087209053337574,-0.3183991014957428,-1.176291823387146,1.1519269943237305,-1.479844570159912,-0.40615540742874146,-0.4959695041179657,-0.4145784080028534,0.5606122612953186,0.5408780574798584,0.5097476840019226,1.7152036428451538,-0.7898842096328735,-0.15406683087348938,-2.0288825035095215,-1.8787742853164673,-0.745947003364563,1.9465512037277222
0.2631557583808899,-0.17812570929527283,0.2770864963531494,-1.5522854328155518,-1.0845611095428467,0.2478344738483429,0.8940750956535339,-0.5120725035667419,0.6811143159866333,0.6170497536659241,0.80998694896698,-0.11179010570049286,-0.6051771640777588,0.6051433086395264,-0.2874866724014282,-0.16609442234039307,0.5375688672065735,-0.8820111155509949,1.2110682725906372,0.8860421180725098,1.3133606910705566,0.40278977155685425,-0.23575443029403687,0.4127219021320343,0.26025888323783875,0.9448979496955872,1.643165946006775,0.7596042156219482,1.2635672092437744,-0.8484386801719666,0.6078708171844482,0.30460813641548157,-1.9524656534194946,-0.4663252532482147,-0.8708525896072388,0.2851986885070801,0.23764289915561676,-0.6562650799751282,-0.3163721263408661,0.6188068389892578,2.091871738433838,-0.35437893867492676,0.17381134629249573,-2.4610466957092285,0.011350688524544239,-1.6606301069259644,-0.8124220967292786,-0.827610433101654,0.5700765252113342,-0.09792625904083252,-0.8252680897712708,1.0632590055465698,0.013583836145699024,-0.7327576875686646,0.9053352475166321,0.7936069369316101,0.3432633876800537,0.9382385611534119,-1.5681264400482178,-0.8055592179298401,0.3388388752937317,1.605037808418274,0.5052468776702881
0.9302772879600525,1.0074503421783447,-0.293891042470932,-1.5495320558547974,1.1035045385360718,0.5079767107963562,-1.8766061067581177,-2.081883668899536,0.2340857982635498,-0.9560548067092896,0.5200394988059998,0.08541635423898697,-0.6889423131942749,0.27588772773742676,0.4659960865974426,-0.46232807636260986,-0.6363099813461304,1.4641481637954712,1.5151842832565308,-1.2967426776885986,-0.2258211374282837,-1.1063323020935059,-0.9351996779441833,0.33589810132980347,-0.46129903197288513,1.1091476678848267,1.1843057870864868,-1.2477161884307861,0.7719217538833618,-0.6233401894569397,-0.4392862021923065,-2.7314035892486572,0.25893375277519226,0.6851199865341187,-0.25520452857017517,0.20319011807441711,-0.2325930893421173,0.34332162141799927,1.891066074371338,-1.6214772462844849,0.011310010217130184,1.5926111936569214,-1.565344214439392,-0.6782382726669312,0.8861657977104187,-1.0575051307678223,1.4316350221633911,1.0677117109298706,0.37672004103660583,0.2482384741306305,-1.1074424982070923,-0.7284057140350342,0.6386420726776123,-0.7447449564933777,0.30746325850486755,-1.5833663940429688,0.10554371029138565,1.745318055152893,-0.8808435201644897,-0.37235692143440247,-0.9978216886520386,-1.3346552848815918,0.8095372915267944
-1.0904104709625244,-0.3998826742172241,-0.5609239339828491,-0.22014497220516205,0.872966468334198,0.5066367387771606,-0.8839693665504456,0.07039333879947662,-1.7347238063812256,0.30344468355178833,-0.2113354504108429,-0.49885329604148865,-0.890744686126709,-1.118484377861023,1.4937878847122192,-1.2702746391296387,0.8172723054885864,1.057766079902649,-0.7897121906280518,0.06846828758716583,0.5508193969726562,-0.057428374886512756,0.1439322829246521,1.2699801921844482,0.8147777915000916,-2.267115592956543,-0.4166290760040283,-1.08347749710083,-0.5872120261192322,-1.091898798942566,-0.7068300843238831,-0.6691226959228516,-0.3126005530357361,-0.522365391254425,0.5540043115615845,0.6917716264724731,1.3834079504013062,-0.4527328312397003,0.8689577579498291,1.4541627168655396,-0.7314475178718567,-0.1154123991727829,0.8027148842811584,-0.891252338886261,-0.29715654253959656,0.4407539367675781,-0.21986190974712372,0.8432087302207947,-1.4259469509124756,1.283548355102539,-0.12263017147779465,-0.1229349672794342,1.6876357793807983,0.4569024443626404,-1.0768001079559326,0.39921027421951294,-1.2390496730804443,-1.042006015777588,-0.47671160101890564,0.7252316474914551,0.7984780669212341,2.1995670795440674,-0.9183657169342041
-0.9478670358657837,0.33811983466148376,-0.7141337394714355,-1.3489898443222046,0.3679388761520386,0.46385839581489563,-0.8726683855056763,0.05282922834157944,0.07236122339963913,1.2527216672897339,-1.4795767068862915,0.6722358465194702,-0.9047284126281738,-0.11433682590723038,1.7267550230026245,-1.0071383714675903,1.3782461881637573,0.4941232204437256,-1.9344879388809204,0.22769679129123688,1.3172796964645386,-1.104598879814148,-1.2176413536071777,-0.3017250597476959,0.81061190366745,0.5500429272651672,0.9747722744941711,-0.9546638131141663,-1.5027583837509155,-0.7079988718032837,0.2946735918521881,-0.49071332812309265,0.6112294793128967,-0.49621084332466125,-1.892058253288269,0.3628327548503876,-1.7446646690368652,-0.4418603181838989,0.4980453550815582,-0.9113397002220154,-0.12686146795749664,-0.18987220525741577,-0.5597619414329529,0.04646676406264305,-0.39776021242141724,-0.16848011314868927,0.16975989937782288,-0.7214264869689941,0.44551947712898254,-0.6427500247955322,-0.239616259932518,1.1158199310302734,0.27216365933418274,0.6582810282707214,1.602690577507019,-0.8795036673545837,-0.07134652137756348,0.6743915677070618,-1.1012643575668335,-0.48004063963890076,-1.1450676918029785,-0.20335297286510468,0.4343840777873993
-0.5235235691070557,0.5740956664085388,1.4554449319839478,0.4830273389816284,1.1464579105377197,-1.4353028535842896,1.1301220655441284,0.2867574989795685,0.27626192569732666,2.0095489025115967,-1.3283705711364746,-0.6109651327133179,-1.0570156574249268,0.04019111022353172,-0.05346585810184479,-0.2277531772851944,2.1996490955352783,-0.4915178418159485,0.16582344472408295,-1.2447761297225952,0.07628563046455383,-0.05529986321926117,-0.7769240736961365,-0.6218900084495544,-1.2983202934265137,1.5631636381149292,-0.1610802859067917,-0.6468737125396729,1.4939907789230347,0.6761274933815002,-0.7561246752738953,0.6409853100776672,0.5999505519866943,-0.6124634742736816,0.997658371925354,0.9897198677062988,0.7918741106987,0.7037990093231201,-0.05140551179647446,1.4593650102615356,-0.3842489421367645,0.5057883262634277,0.8981704115867615,0.9960838556289673,-0.8346025943756104,1.650285005569458,-0.20464465022087097,-0.5896553993225098,0.3996376395225525,0.9571177363395691,0.3911740779876709,0.32378071546554565,-0.5571930408477783,-0.6080510020256042,0.6700496077537537,-0.4372694790363312,0.6339574456214905,-1.4940844774246216,1.6817899942398071,0.856449544429779,0.31841549277305603,0.32081636786460876,0.9309160709381104
-0.6907166242599487,0.8440781831741333,1.6781470775604248,0.395577609539032,0.37315496802330017,0.26646092534065247,0.3404659628868103,1.4432952404022217,0.8369157314300537,-0.3206806778907776,-0.7374107241630554,-0.6886740326881409,-0.92159104347229,-0.8983955979347229,0.22441160678863525,1.2756963968276978,0.03085397183895111,-0.9667559862136841,-1.5491455793380737,0.7352806329727173,1.799566388130188,0.7500113844871521,-0.43884119391441345,1.5626574754714966,0.07973326742649078,1.56132173538208,-0.5322991013526917,0.08143796771764755,-1.3901801109313965,1.5275944471359253,-1.474504828453064,1.342179298400879,-0.08412600308656693,-1.2289422750473022,-0.19383056461811066,-1.1661988496780396,-0.7972413301467896,-0.012080024927854538,-0.2207161784172058,0.6967840194702148,1.6566957235336304,0.46157342195510864,-0.06606981158256531,-0.38089433312416077,-1.8249891996383667,0.06638840585947037,0.04748847335577011,1.3244819641113281,-1.1783944368362427,-1.305369257926941,1.8128756284713745,-0.5772104263305664,-1.0848455429077148,0.4297957122325897,0.20197793841362,0.1378541886806488,0.6371424794197083,0.6965864896774292,0.33850616216659546,-0.3272184729576111,0.21470561623573303,0.30835357308387756,-0.010090069845318794
-0.38959529995918274,0.9677022099494934,1.4961289167404175,-0.24539904296398163,0.4880903661251068,0.01609092392027378,1.5323593616485596,-0.050906311720609665,0.6192943453788757,-0.4232522249221802,-2.697798252105713,-0.09681704640388489,0.9846294522285461,-0.33137911558151245,0.36935484409332275,0.41774147748947144,-0.4740229547023773,-0.1656574159860611,-0.16223345696926117,-1.2184866666793823,-0.4472179114818573,2.178173780441284,-0.6948198080062866,0.7341451644897461,1.8493564128875732,0.3760800063610077,-2.1602773666381836,0.426998108625412,-0.41183826327323914,-0.6425601840019226,-0.02141723781824112,0.3028623163700104,-0.08121246844530106,0.22461949288845062,-0.5229415893554688,-1.0328280925750732,-0.606814980506897,0.8758484125137329,0.23034314811229706,0.42437058687210083,-0.30093151330947876,0.7185559272766113,0.5644053220748901,-0.613173246383667,-0.7805131673812866,-0.506979763507843,1.0287420749664307,0.15744055807590485,1.1705303192138672,-0.6233540177345276,-0.793136477470398,-1.6074904203414917,0.27933844923973083,0.25222763419151306,-0.09288497269153595,-0.3820672929286957,-1.1138924360275269,-0.8826568722724915,-0.5023568272590637,-0.09179767221212387,0.577731192111969,-1.3585259914398193,0.13187876343727112
0.7164263129234314,-0.14060144126415253,-0.3986830413341522,-0.16008560359477997,-0.8902026414871216,-0.5810639262199402,1.31504487991333,0.167737677693367,0.7954517006874084,-0.39451339840888977,0.3331332504749298,0.369146466255188,0.8588422536849976,-0.2997184991836548,-0.24348321557044983,-0.26816484332084656,-0.1512741595506668,0.016985615715384483,0.054317962378263474,-2.400078773498535,0.08359456807374954,-0.023924358189105988,0.42992764711380005,0.995415985584259,-0.0006996020674705505,0.22844313085079193,0.2775283455848694,0.537331759929657,0.5512368679046631,-0.6441656947135925,-0.6999056339263916,0.20995715260505676,-0.2341102510690689,2.36936354637146,-0.3808603882789612,1.3596335649490356,0.08556628972291946,-0.6075328588485718,-0.16416214406490326,0.8284162282943726,0.018689852207899094,-0.23436327278614044,0.8395112156867981,0.306189626455307,-0.4837287962436676,-0.2991124093532562,-1.674760103225708,-1.2176213264465332,0.13073785603046417,0.46866974234580994,-0.7862495183944702,-0.7501842975616455,0.7049683332443237,0.5661404132843018,-1.3053168058395386,0.26671767234802246,-0.4011234641075134,0.37452733516693115,-0.4999980926513672,-0.9466246962547302,-1.8360871076583862,0.3013305366039276,0.0857207253575325
1.829430341720581,-1.2710355520248413,0.6429743766784668,0.8437836766242981,1.0818607807159424,0.7526408433914185,-1.567594051361084,-1.0401376485824585,-0.19325360655784607,-0.6442446708679199,0.4417088031768799,-1.6111745834350586,-1.0245797634124756,1.3696184158325195,-0.6610531210899353,-0.6102399826049805,-0.2594987750053406,-0.8724373579025269,0.5935702919960022,-0.30599740147590637,-0.8877366781234741,-0.00678156828507781,0.2311905473470688,0.46869465708732605,-0.6140257120132446,0.23196297883987427,-0.038147732615470886,0.421511173248291,1.2453219890594482,-1.4871357679367065,-0.7547399997711182,-0.8269866704940796,1.7346603870391846,-0.6827511191368103,1.9292141199111938,-1.2452373504638672,0.08965422213077545,1.3268413543701172,-0.056829020380973816,-0.3357146382331848,0.44708511233329773,0.337737500667572,-0.714759349822998,1.6226505041122437,-0.01768621802330017,0.6490815281867981,0.290029913187027,1.1337860822677612,-1.0215458869934082,-1.0016753673553467,-0.0151758324354887,1.0533027648925781,-0.5184527039527893,-0.8616660237312317,1.358196496963501,-0.058610428124666214,-1.0964102745056152,0.11584696918725967,0.5397871732711792,0.12669287621974945,-0.10899613052606583,-0.16754969954490662,-0.5647554397583008

Slice 52
-2.2549586296081543,-1.0563358068466187,-0.37063148617744446,-1.9405174255371094,2.167609691619873,0.16338413953781128,-1.1278976202011108,-0.8855418562889099,0.7261791825294495,0.46014925837516785,0.6010230779647827,1.5671803951263428,-0.9162259101867676,-1.0373355150222778,0.28050750494003296,-0.5001606345176697,-0.6761991381645203,-1.4229676723480225,-1.4792311191558838,-1.3972111940383911,-0.620137095451355,-0.5245023965835571,-0.2885066866874695,-1.3492863178253174,0.3219697177410126,0.9443872570991516,0.6736106276512146,0.319359689950943,0.27349406480789185,1.0277819633483887,1.8920272588729858,-0.9646545052528381,-1.586756944656372,0.6380029320716858,-0.05301438644528389,0.07762623578310013,-0.6352195739746094,0.2826367914676666,0.39126116037368774,1.921465516090393,-0.27617964148521423,-0.7714113593101501,-0.271139532327652,0.627906084060669,0.8717461824417114,-0.4800870418548584,1.0411574840545654,-0.7254302501678467,0.34755781292915344,-0.1344912052154541,-0.2573308050632477,-0.9060104489326477,-0.38789311051368713,0.8381835222244263,-0.17998787760734558,1.0432817935943604,2.1256699562072754,-0.1474560648202896,-1.5198230743408203,0.3008432388305664,-2.0422275066375732,0.11915373057126999,-0.1768900752067566
-0.5374862551689148,0.8974669575691223,-0.26372841000556946,-0.4096749722957611,-0.022450558841228485,-0.423907995223999,-0.45481133460998535,-0.8718157410621643,-0.006292684469372034,0.5061946511268616,0.4079754054546356,0.3393672704696655,1.062410831451416,0.8852640390396118,1.4123581647872925,0.3409908413887024,0.24688424170017242,-0.8729470372200012,-2.005462408065796,-1.1823533773422241,-0.7478044629096985,-1.5455236434936523,-1.3198271989822388,0.21027198433876038,1.9166440963745117,-0.3883199989795685,-0.8991731405258179,0.49310845136642456,1.3873844146728516,1.532926082611084,0.11202041804790497,-0.34842777252197266,0.7066771388053894,0.1507803350687027,1.2543694972991943,0.02478853613138199,0.0345388725399971,-0.5826129913330078,0.7895640134811401,1.392637014389038,0.9708501696586609,0.06706046313047409,1.1728341579437256,1.8579514026641846,-0.7767106890678406,0.8799960017204285,-0.4233013987541199,0.3647647798061371,0.6176954507827759,-0.6536248922348022,0.9516819715499878,-0.06576564162969589,-1.6700338125228882,-0.9835798144340515,-1.133530855178833,-0.5190172791481018,0.11203914880752563,-1.2646422386169434,0.6931059956550598,0.8858000636100769,1.916594386100769,0.6778752207756042,-0.8564216494560242
0.4746118187904358,-0.3711376488208771,1.0327006578445435,0.21914473176002502,0.726055383682251,-1.4164743423461914,-0.7408179044723511,2.2482097148895264,-0.880983829498291,-0.4109288454055786,-0.10278943926095963,0.3692922294139862,-0.9419203996658325,1.7580475807189941,-0.48338764905929565,0.9736484885215759,-0.8018811941146851,0.7981521487236023,0.05236060917377472,-1.1707180738449097,0.5036718845367432,-0.4677138924598694,0.13149161636829376,0.07272078096866608,1.2877774238586426,-0.8427980542182922,-1.4959263801574707,0.5798195600509644,-0.6088166236877441,-0.8655617833137512,0.8941853046417236,-0.7739071249961853,-1.7377114295959473,0.9788365364074707,0.3305495083332062,-0.6161016225814819,-0.5204594135284424,-1.7681416273117065,0.390584260225296,-0.41583552956581116,-0.04872514307498932,-2.1362619400024414,-0.06664090603590012,-0.7753334641456604,-0.4665684401988983,0.06361193209886551,-2.123353958129883,1.2913111448287964,-2.0679738521575928,-0.9467781186103821,-0.09512323141098022,1.3595216274261475,-1.0327024459838867,-0.8596977591514587,1.3310455083847046,-1.0279041528701782,0.8568332195281982,1.0220530033111572,1.481857419013977,0.7676688432693481,-1.0902857780456543,0.38047024607658386,-1.8167757987976074
0.1904640793800354,0.16165602207183838,0.22438521683216095,0.33791130781173706,0.13533225655555725,0.7903798222541809,0.12664450705051422,-0.7575552463531494,0.37846577167510986,0.41703689098358154,-0.7320629954338074,-0.6378939151763916,0.18479709327220917,0.48013582825660706,-1.7365753650665283,1.0952352285385132,0.728697657585144,0.29653578996658325,-0.6601957678794861,-1.8891161680221558,-1.0301017761230469,-0.33576980233192444,-0.3970186412334442,0.37174761295318604,-0.14189180731773376,-0.4079059958457947,1.1503270864486694,0.4583435356616974,0.07144828140735626,-0.00356732658110559,0.5422130227088928,0.11685629934072495,0.19522322714328766,0.34130585193634033,-0.1001056507229805,0.0015378502430394292,0.2527013123035431,1.0833916664123535,-0.8062253594398499,-1.096652626991272,-1.2205086946487427,-0.25263482332229614,0.8122020959854126,-0.8302255868911743,1.157300591468811,1.1026227474212646,0.692548394203186,-1.528800368309021,1.3600070476531982,1.6727869510650635,0.5188250541687012,-1.9926127195358276,0.4944109618663788,1.073686957359314,-0.7537093758583069,-0.46391868591308594,0.5715945363044739,-0.8848221302032471,-0.9043954610824585,-0.5517370104789734,-1.1710882186889648,-0.9737557172775269,0.15464389324188232
-0.5650820136070251,-0.3234293460845947,0.9262561798095703,0.4641420543193817,1.4834438562393188,-0.1859847754240036,1.4428101778030396,-0.039755795150995255,-0.6079715490341187,-0.5964851379394531,-0.6122010350227356,-0.38211876153945923,-0.29254043102264404,-1.6376067399978638,-0.5038366317749023,-1.2794562578201294,-0.22372323274612427,-1.0807955265045166,0.976589024066925,-0.2595885694026947,-0.2405906766653061,0.6261683702468872,0.8163028359413147,-1.9784938097000122,-0.8975518345832825,-0.7424470782279968,-0.9065948724746704,-0.6118502020835876,1.634499192237854,0.39668771624565125,0.5646007061004639,-0.26388946175575256,0.8045819997787476,0.5076686143875122,-2.2731945514678955,-0.9587336778640747,0.35209205746650696,0.006622545886784792,-1.1663882732391357,0.4805985987186432,0.5921457409858704,-1.230430245399475,0.5866348743438721,-0.7354927062988281,-0.26100924611091614,-0.38752028346061707,-0.8640128374099731,0.322329044342041,-0.287216454744339,-0.4042071998119354,-0.9683800339698792,-0.4508075416088104,0.1668851673603058,0.745690107345581,-0.004318555351346731,-1.1765899658203125,0.5206730961799622,1.5235499143600464,-0.8570882678031921,-0.6521761417388916,-0.4030461609363556,2.193232774734497,0.13227041065692902
-1.1041735410690308,-1.7515068054199219,2.5080394744873047,2.2621471881866455,-0.009090809151530266,1.0249238014221191,-1.9483590126037598,1.069583773612976,1.0897103548049927,1.4989656209945679,0.2714734971523285,0.08423008769750595,0.4676450788974762,-1.1903812885284424,-0.2268597036600113,0.1412487030029297,-0.8248342275619507,-0.6857228875160217,-0.06161893159151077,-1.6437060832977295,-1.129771113395691,-0.2100628912448883,0.4136029779911041,-1.3429588079452515,-0.10840428620576859,-0.34123894572257996,0.49374517798423767,0.7637780904769897,1.790557622909546,0.47806093096733093,0.8294264078140259,0.4767342507839203,0.1118655577301979,0.3122253715991974,-0.269390344619751,1.0415756702423096,0.22395074367523193,0.42678219079971313,-0.8529711365699768,-0.11636990308761597,0.18621106445789337,0.36402225494384766,1.601180911064148,1.07427179813385,-0.2740382254123688,-1.2193013429641724,-0.8832290768623352,1.1612515449523926,1.2538652420043945,-0.1300390362739563,-0.49722936749458313,0.4133973717689514,0.8566935062408447,-1.0575581789016724,1.3037266731262207,-0.07675478607416153,1.1753908395767212,-0.47209081053733826,-0.9947826266288757,1.0039169788360596,-1.495046615600586,0.7785147428512573,-2.331082582473755
0.6359027028083801,-1.0473963022232056,-1.2050364017486572,-0.6170734763145447,-0.24641090631484985,-1.766722559928894,-0.15305787324905396,-0.29302677512168884,-1.3879317045211792,0.9354022741317749,1.175676703453064,0.6736533045768738,-2.0551137924194336,0.03667684271931648,-0.8192963600158691,-0.006961283273994923,-0.45119452476501465,1.309346318244934,-1.1527600288391113,1.648156762123108,0.7150405645370483,-0.8098142743110657,-0.9621144533157349,0.6329351663589478,1.1481437683105469,0.16438838839530945,-0.19126713275909424,1.4929577112197876,-0.13381226360797882,0.6483294367790222,0.5257317423820496,1.0708001852035522,1.1639727354049683,1.4877787828445435,1.189143419265747,-0.873346745967865,1.3220648765563965,-1.191170334815979,1.2954050302505493,0.47863978147506714,0.21845650672912598,1.2274805307388306,-0.7994560599327087,0.0919845774769783,-0.6115347146987915,-0.6562066078186035,-0.5457483530044556,0.5335330963134766,-1.2586073875427246,-0.018677718937397003,0.01131074596196413,2.2392566204071045,-0.0020550235640257597,-0.40398499369621277,-1.881048560142517,-0.9940155148506165,-0.7216595411300659,-0.22448235750198364,-0.5796145796775818,2.015221118927002,-1.3041061162948608,0.5205793380737305,-0.21787528693675995
-0.23884066939353943,-0.6834887266159058,-0.609717607498169,-0.36702513694763184,-0.8874362707138062,-0.9995946288108826,-0.9645645022392273,-0.6553826928138733,-1.5615187883377075,0.2050682157278061,0.2703920006752014,-1.074255347251892,-0.07944746315479279,0.5128843784332275,1.7387287616729736,-0.5131695866584778,1.1166685819625854,0.00959384348243475,-0.3361867368221283,-1.211619257926941,-1.3162187337875366,-1.1831649541854858,0.2735365331172943,-1.1058101654052734,0.6013252139091492,1.1104042530059814,-0.7415816187858582,0.5255524516105652,0.430635541677475,-0.4537293016910553,0.33916011452674866,0.0072742607444524765,-0.6569868326187134,0.2355874925851822,-0.6771150231361389,0.5977239012718201,0.7378559708595276,-1.0777103900909424,-0.8028400540351868,-0.1462627500295639,1.6418838500976562,0.9786456227302551,0.5145045518875122,0.658851146697998,-0.03658265247941017,-1.1556905508041382,-0.3663720488548279,-1.2194545269012451,-0.24547037482261658,1.2084859609603882,1.1344056129455566,-0.42362502217292786,0.5772333741188049,-1.8774434328079224,-0.21409596502780914,-0.465948224067688,-0.286545991897583,-1.1521964073181152,0.2946855127811432,-0.2683303952217102,0.16378121078014374,-0.869454026222229,-0.2787353992462158
0.6375303268432617,-0.3894101679325104,0.0982351303100586,1.815905213356018,-0.3128410875797272,-0.19276390969753265,-0.2042519897222519,1.4752097129821777,0.08795195072889328,0.9229309558868408,-0.4100203812122345,-0.21809883415699005,0.3737180829048157,0.03583850339055061,-1.8602873086929321,0.09799109399318695,-0.78687584400177,0.5642107725143433,-1.5431346893310547,0.6882208585739136,-0.5089542865753174,-0.905104398727417,0.6126725673675537,0.09063778817653656,-0.6744064688682556,-0.5611531734466553,0.28627657890319824,-0.21870861947536469,-0.16286499798297882,1.6177620887756348,-1.1392847299575806,-0.37973374128341675,2.9195730686187744,-0.46547338366508484,0.4368932545185089,0.5489059686660767,-0.7847843766212463,0.5712471008300781,-0.9341766238212585,1.503308892250061,-1.791947841644287,0.5504635572433472,0.19110813736915588,-0.5579530000686646,-0.3638637959957123,0.7272658348083496,0.6629485487937927,0.5342427492141724,1.3846986293792725,-0.09614819288253784,-0.6483685970306396,-0.3237183690071106,-0.5221972465515137,-0.4757566750049591,-1.7075066566467285,-0.34752076864242554,0.18602071702480316,0.6174284815788269,1.4336594343185425,-0.150504931807518,-1.148982048034668,0.5372338891029358,0.5754647254943848
0.46517708897590637,0.42851191759109497,-0.8632264137268066,-0.5794596672058105,-0.7542940974235535,0.43499624729156494,0.1312917172908783,1.4445042610168457,0.664007306098938,-0.768821120262146,-1.4347537755966187,-0.4393138885498047,-1.0712727308273315,-1.213411808013916,-0.1158541664481163,0.7304846048355103,1.3661201000213623,0.9815563559532166,0.2614195644855499,0.10200657695531845,1.0557256937026978,0.7561455965042114,0.8899708390235901,0.483848512172699,-1.8842686414718628,1.3009165525436401,0.4836430251598358,-0.9554011821746826,-0.5880178213119507,-0.5637655258178711,-0.5533906817436218,2.390951633453369,-0.21724426746368408,0.173279270529747,-0.037215713411569595,0.036296915262937546,1.5100067853927612,0.27978429198265076,-0.8007180094718933,-0.943509042263031,0.09577354788780212,1.5861159563064575,-1.4891010522842407,1.4405238628387451,1.1113677024841309,-2.039475679397583,-0.021026572212576866,0.9666708111763,1.3252826929092407,0.4593631625175476,-0.23303250968456268,-0.8778162002563477,0.47817736864089966,-1.5182673931121826,-0.006132862996309996,-0.3868618309497833,-0.7991952300071716,1.0027616024017334,-0.3537428081035614,-1.2749958038330078,-0.2798456847667694,-0.4994266927242279,-0.8424068689346313

Slice 53
1.1271686553955078,-0.95107501745224,0.719928503036499,-0.4763711392879486,1.2515770196914673,-1.1015000343322754,0.1628950983285904,-0.7696990370750427,-0.6797971725463867,0.13163310289382935,0.6174567341804504,0.36166876554489136,-1.2329679727554321,0.4330362379550934,0.04758552834391594,1.703840732574463,-0.7834404110908508,-0.04358869791030884,-0.5519823431968689,-0.7275245189666748,0.2521415054798126,-1.2924197912216187,-1.4153498411178589,0.8618196249008179,1.8423727750778198,-0.004477757960557938,0.11892743408679962,-0.43493321537971497,-0.3405582308769226,-0.1500215083360672,-1.5923526287078857,0.6083634495735168,0.8490358591079712,-0.40393561124801636,0.6365330815315247,-0.06876015663146973,0.30086302757263184,-0.10079281777143478,-1.608510136604309,0.020457355305552483,0.12031272053718567,-0.4245332181453705,1.2934110164642334,-0.23911747336387634,-0.8196067214012146,0.5636720657348633,1.3888975381851196,0.6891520023345947,2.7753188610076904,0.8585692644119263,1.102005958557129,0.537585437297821,0.4398628771305084,-1.020032286643982,0.050502464175224304,2.530640125274658,-0.4090898334980011,-0.2131890058517456,1.514666199684143,1.406612515449524,-1.2976458072662354,-1.4258931875228882,-1.112701654434204
-0.41411659121513367,1.0145950317382812,-0.4361654818058014,-0.06425372511148453,1.7304049730300903,0.6774477362632751,0.430754691362381,-0.4546964168548584,1.0790244340896606,-0.30946141481399536,0.3041633069515228,1.661846399307251,0.5468947291374207,-2.5506668090820312,0.32204926013946533,0.4633191227912903,0.5499032735824585,0.6127267479896545,1.2184029817581177,0.8956896066665649,0.8995219469070435,0.4310360550880432,0.9377267956733704,-0.03504985570907593,0.07110577076673508,0.024413784965872765,-0.37054601311683655,0.3595377802848816,0.7892991900444031,0.3459695279598236,1.4681646823883057,-0.09254447370767593,0.4386422634124756,-0.2916131317615509,0.6407934427261353,0.0669037476181984,0.9723166227340698,-0.184606671333313,-1.0419005155563354,1.0147874355316162,1.6500427722930908,-1.4999971389770508,0.15499821305274963,-0.0837722048163414,0.8433433175086975,0.8124129176139832,-0.3329227864742279,0.8555791974067688,-0.376952201128006,0.6540574431419373,-0.020350836217403412,-0.2859067916870117,0.3056710660457611,0.23398631811141968,0.14872847497463226,-0.5378150939941406,1.398065447807312,0.887738049030304,0.5286542773246765,0.05936279147863388,0.24871134757995605,0.43971434235572815,1.7078205347061157
1.5122650861740112,-1.461574912071228,-0.15415675938129425,-0.5229758620262146,-0.32937389612197876,-0.642386257648468,-0.6487827897071838,-0.29632824659347534,-0.5083171725273132,-0.4307210445404053,-0.4841165244579315,1.244004726409912,0.09823653846979141,0.4375936686992645,-0.41149982810020447,-1.3673930168151855,0.2958764433860779,-2.190004825592041,0.9299640655517578,0.8793044090270996,0.8862003684043884,0.7328417897224426,-0.6450256109237671,-0.3822076916694641,-0.6901889443397522,0.23423433303833008,-0.4152763783931732,0.3126673400402069,-1.529711365699768,0.11065106093883514,-0.04214715212583542,0.12647020816802979,0.7116228938102722,0.36795899271965027,0.1282343715429306,0.5151715278625488,0.8086684942245483,0.31975552439689636,-0.46951964497566223,-0.05369343236088753,-0.05006922781467438,2.3427627086639404,0.580356240272522,-0.11766348034143448,-0.3317393362522125,-0.47376924753189087,-0.22707252204418182,-0.826745331287384,0.11936969310045242,0.9972699284553528,-0.8488969206809998,-1.6916323900222778,-0.22538898885250092,0.37592118978500366,-1.591126561164856,0.1242990717291832,-0.09157043695449829,1.1462059020996094,-0.15291565656661987,-0.6773971915245056,0.03476446866989136,1.060536503791809,-0.5149233341217041
-1.5399060249328613,-0.2879326045513153,-0.12359688431024551,0.503258228302002,-0.5224138498306274,-0.31599676609039307,-0.16703468561172485,-1.4783945083618164,-2.775935649871826,2.0432934761047363,-0.8128367066383362,0.0630057230591774,-0.42614856362342834,-0.34284815192222595,-0.2171875685453415,0.16036823391914368,0.9405341148376465,1.342783808708191,-0.4604804813861847,1.319657564163208,-1.3255807161331177,0.006232059095054865,0.3107188045978546,-0.5822526216506958,-0.6085638403892517,-0.0666806697845459,1.67222261428833,-1.7303003072738647,-0.28238481283187866,0.9673580527305603,-0.19424927234649658,-0.3655347526073456,1.3608452081680298,0.27977728843688965,-0.2999953031539917,2.7630774974823,-1.7750442028045654,0.8909041881561279,-1.9000041484832764,-1.146141767501831,0.8488368391990662,-1.0892283916473389,-0.43221813440322876,1.1702921390533447,1.441149353981018,-0.6260420083999634,-0.7137435078620911,-2.463602066040039,-0.9969770312309265,0.28394779562950134,-0.5638059973716736,-1.3177299499511719,1.4452980756759644,1.2932239770889282,0.30396875739097595,-1.680576205253601,1.4617664813995361,2.734614849090576,-0.3100756108760834,-0.12309212982654572,0.6541671752929688,-1.1284786462783813,0.40054604411125183
1.6106200218200684,1.867621660232544,0.45368829369544983,-2.1011829376220703,1.0034382343292236,0.14087015390396118,-0.20158864557743073,-0.5653523802757263,0.6525906920433044,-0.04193592071533203,-1.1164207458496094,-1.3448306322097778,1.5661048889160156,-0.40621569752693176,-2.4742982387542725,1.0972813367843628,-1.1539713144302368,0.5505856871604919,-0.5906347036361694,-0.4706973731517792,0.0034936475567519665,1.7844637632369995,1.8710730075836182,-1.1079442501068115,0.6676561832427979,1.9096393585205078,0.7393351197242737,0.7147175669670105,1.0329586267471313,-1.2293730974197388,0.7295764684677124,1.0578932762145996,-0.022032134234905243,-1.6024935245513916,2.22573184967041,-0.08587554842233658,-0.6619276404380798,-0.0193194430321455,1.7064051628112793,1.0226460695266724,0.2775098979473114,-0.05697382614016533,1.0194907188415527,0.22207185626029968,-0.9057002067565918,-0.05642874166369438,-1.0025291442871094,-0.16723887622356415,0.8700323104858398,0.8888735771179199,0.48023802042007446,-0.6912152767181396,-1.5170618295669556,0.17203249037265778,1.177744746208191,0.603826642036438,-0.7964051961898804,0.617232084274292,-0.29581621289253235,1.666609287261963,0.7915406227111816,1.435039758682251,1.2100813388824463
-0.34431758522987366,-0.5748443603515625,-0.4551273584365845,0.5888504385948181,-1.2267898321151733,0.7885871529579163,-0.21351678669452667,-1.2248386144638062,0.03784891590476036,-1.6181591749191284,0.8246591687202454,-0.5330268144607544,0.19427426159381866,-0.5588538646697998,0.9246772527694702,-0.7387744784355164,-0.4191387891769409,0.3936808109283447,-0.1988939493894577,-1.3049534559249878,-0.053707558661699295,-0.800673246383667,-1.2879483699798584,-0.7682014107704163,-1.3519612550735474,0.1568327695131302,-1.676903247833252,-0.26266562938690186,0.090523362159729,0.38614770770072937,-1.454439401626587,-1.0444166660308838,-0.2064695656299591,-0.6711105704307556,-0.4757367670536041,-0.7996084690093994,0.25557300448417664,-1.2083243131637573,-1.657765507698059,-1.114932656288147,0.06852401047945023,0.6827298402786255,0.4397619068622589,0.46790173649787903,-0.33674123883247375,0.5902726054191589,-0.3442232012748718,-0.9224473834037781,0.4706261456012726,0.8282475471496582,-1.0760239362716675,0.10557620972394943,0.2002902776002884,-1.4647696018218994,-1.6367799043655396,-0.12136226147413254,0.007811427116394043,0.5069982409477234,-0.491810142993927,-0.2570579946041107,2.2797176837921143,-0.697215735912323,-1.2389708757400513
-0.5903237462043762,-0.975507378578186,-0.9024171829223633,0.9539889693260193,-0.04555398225784302,1.1394596099853516,0.4237024784088135,1.0196727514266968,0.9375985860824585,-0.9974991083145142,0.39227816462516785,-0.5301843285560608,1.4455615282058716,0.42115548253059387,0.6662002205848694,-1.0190606117248535,1.3808119297027588,0.001144479145295918,0.7945660948753357,0.5583969950675964,-0.49940982460975647,-0.28150075674057007,1.4771754741668701,-0.2068244367837906,-1.0106420516967773,0.5184749960899353,-2.2451000213623047,0.2476925253868103,-0.07751990109682083,-1.1200743913650513,0.6036134362220764,-1.1055184602737427,-0.9733145833015442,1.7021175622940063,-1.5598602294921875,-1.4523431062698364,0.05983377993106842,1.2627527713775635,0.5182052850723267,-1.1627947092056274,0.617240309715271,-0.47934824228286743,-0.9562726020812988,-0.9332033395767212,0.5323264002799988,-0.47788697481155396,-0.04166943207383156,-0.6152598261833191,-0.38333025574684143,-1.1740055084228516,0.6947864294052124,1.1487363576889038,-0.5351012349128723,0.9721093773841858,0.8790678381919861,-0.5470865964889526,0.14310488104820251,-2.760996103286743,-1.210889220237732,1.0507560968399048,0.9020366072654724,0.7776603102684021,0.7574166059494019
-1.8061491250991821,-0.9486224055290222,-1.4711741209030151,-1.0092169046401978,-1.1214014291763306,1.3876407146453857,0.337068647146225,0.40526342391967773,-0.3015330731868744,0.2755287289619446,-0.14307795464992523,-0.9680987596511841,0.13883492350578308,-0.532439649105072,0.014430367387831211,-0.8845662474632263,-0.8371367454528809,-0.5072088241577148,0.5151657462120056,-0.9801908731460571,-1.8644676208496094,-0.5614121556282043,0.7022603154182434,-0.2684124708175659,-0.011332957074046135,-0.7324897050857544,-1.1678375005722046,2.0613620281219482,-1.3152010440826416,1.7845885753631592,0.209228053689003,-1.4314121007919312,-0.2294573038816452,-0.5149823427200317,-1.6185187101364136,0.019926611334085464,0.7107170224189758,-0.3852428197860718,-1.4484734535217285,-0.8364856839179993,-0.8415018916130066,0.6187376379966736,-0.6159208416938782,-0.7245583534240723,-0.38361409306526184,1.3362916707992554,0.7017723917961121,0.16500729322433472,0.19804233312606812,-0.4975122809410095,0.3971472680568695,0.05010299012064934,-0.31682291626930237,-0.9371435642242432,-0.9406284689903259,0.5746864676475525,-0.6072471737861633,-1.1008086204528809,0.47606906294822693,-0.2855284810066223,-3.681610584259033,2.308349132537842,-0.8028864860534668
0.1288449913263321,1.0554040670394897,1.7907814979553223,1.277949333190918,-0.0930672287940979,0.8572208881378174,0.689494788646698,-0.2473713755607605,0.7326499819755554,-1.705668568611145,-0.3312494456768036,-0.6171761155128479,1.1670327186584473,-0.9528127312660217,0.9401586651802063,0.3322845995426178,-0.5900434255599976,0.6838338971138,0.13155092298984528,0.2649696469306946,0.8086025714874268,0.8437906503677368,0.6725180149078369,-0.3306715488433838,-0.17773906886577606,1.5393978357315063,-0.7726160883903503,-0.26150378584861755,1.4128178358078003,-0.09849630296230316,0.4105723798274994,1.4699851274490356,0.4733677804470062,-0.21791130304336548,0.8018715977668762,-0.42686012387275696,-0.9201147556304932,-0.42448708415031433,-1.1888303756713867,0.7326478958129883,0.0783831849694252,-0.6721745133399963,1.0306742191314697,1.1174899339675903,0.6453437805175781,1.0882915258407593,0.6743093132972717,0.6638780236244202,0.020768463611602783,0.9433522820472717,0.30813443660736084,1.1517369747161865,0.8557741641998291,0.36381080746650696,0.6357685327529907,-0.4034912884235382,0.10524716973304749,-1.4631675481796265,0.5219051241874695,0.5729747414588928,-0.14125071465969086,-1.3233031034469604,0.15962477028369904
-0.10522416234016418,-0.4335746467113495,-1.2727035284042358,-0.9528297185897827,-0.11949300020933151,0.2934173345565796,1.6058226823806763,0.25550568103790283,0.21537929773330688,-0.6417951583862305,0.48807379603385925,0.6470998525619507,0.7194583415985107,0.37882205843925476,0.5495544672012329,-0.11210694909095764,0.39792707562446594,-0.2995954751968384,2.2631733417510986,0.5046886801719666,0.36620110273361206,-0.6792852282524109,1.1838138103485107,0.3826475143432617,-0.4840953052043915,0.6342371106147766,-1.4493675231933594,0.21240146458148956,0.08535461872816086,0.5009663105010986,-0.24489480257034302,0.7389988303184509,0.7239091396331787,-9.516473801340908e-05,0.5133451819419861,-0.8875676989555359,-0.7364734411239624,-0.6913650035858154,-1.0618208646774292,-1.825727939605713,0.3749430179595947,0.5418643355369568,0.48735514283180237,-1.4356024265289307,0.3149435222148895,0.024717766791582108,-0.32072731852531433,0.7040643095970154,1.4175033569335938,-0.9859906435012817,0.30921974778175354,-0.11016158759593964,1.3154091835021973,0.6249857544898987,0.6095910668373108,1.0433627367019653,0.9219085574150085,0.26376593112945557,-0.5764607191085815,-1.0045793056488037,-1.9787348508834839,0.3396027982234955,0.7567633390426636

Slice 54
0.6713057160377502,0.7317317128181458,0.10608236491680145,0.6274711489677429,1.8956719636917114,-2.0610508918762207,0.34955477714538574,-0.412723183631897,-0.11339122802019119,-0.15887315571308136,0.32679483294487,0.5795978903770447,-0.06300243735313416,-1.2387211322784424,0.4601234793663025,-0.09157659113407135,1.399466633796692,-0.7265912294387817,-0.829156219959259,0.8707924485206604,0.8314796686172485,0.8989935517311096,-0.4828222393989563,-1.6830120086669922,-2.055455207824707,-0.21387939155101776,0.9458783268928528,-1.0413432121276855,1.4029145240783691,-1.687341570854187,0.9830315113067627,-0.4231562912464142,0.9268650412559509,0.034368228167295456,1.1243737936019897,0.3969859480857849,1.2377598285675049,0.06087503954768181,0.9625242948532104,-0.0184803307056427,1.4311541318893433,-0.6872954368591309,-0.08070281893014908,-0.42661944031715393,0.37273913621902466,-0.49553924798965454,1.4264112710952759,0.6382590532302856,2.209847927093506,-0.36725255846977234,0.6261059045791626,-0.616908609867096,-0.834835946559906,0.4734034538269043,-0.8573847413063049,0.11532498896121979,0.6336818933486938,0.403891384601593,-1.8503488302230835,0.6880438923835754,-0.7155176997184753,0.2581353187561035,1.7239582538604736
0.8766557574272156,-0.890708863735199,-2.917890787124634,1.7861120700836182,0.03683307394385338,-0.7164763808250427,1.1480176448822021,-0.13215991854667664,1.6071598529815674,0.029246266931295395,1.1730873584747314,-1.5477166175842285,-1.8353912830352783,0.062082625925540924,0.3994840979576111,-0.612226665019989,-0.5266755223274231,-0.5780093669891357,1.606391191482544,-0.15523844957351685,0.07961197942495346,0.839436948299408,0.5521351099014282,0.4030950367450714,2.3527109622955322,-0.7650439143180847,-0.9735475182533264,-0.17038580775260925,2.2569732666015625,-1.384881854057312,0.5435547828674316,0.14619314670562744,-1.0722726583480835,1.1370930671691895,-0.8387709259986877,-0.3790145814418793,-0.918912947177887,2.0455198287963867,-0.4347206652164459,0.3204251527786255,-1.3298457860946655,-1.8523404598236084,-0.9569413065910339,2.699899435043335,1.075995683670044,-2.1406307220458984,0.1706179529428482,1.1106544733047485,0.026370998471975327,0.018554700538516045,-1.4943046569824219,-0.5837222933769226,-0.6767865419387817,-0.6142434477806091,-0.22077210247516632,0.5060763955116272,-1.458669662475586,-0.22041994333267212,0.4711202085018158,0.9139406681060791,-0.999707818031311,-0.28361544013023376,0.5871275663375854
-0.05885680019855499,1.2013036012649536,0.568702220916748,-0.05645005404949188,-1.4612303972244263,-0.12419228255748749,-0.9480307102203369,1.332786202430725,-0.39111971855163574,-1.0420005321502686,-1.0678144693374634,1.6808289289474487,1.1256608963012695,-0.34462490677833557,-0.21420879662036896,1.4057745933532715,-0.7114190459251404,-0.5328885316848755,-1.4965989589691162,-0.07576119154691696,-0.357854425907135,0.3574487268924713,-2.0816168785095215,0.8816288113594055,-1.2194491624832153,0.9012485146522522,0.23986001312732697,-2.4881067276000977,-0.16403625905513763,0.04002952203154564,-0.24394181370735168,-1.954290747642517,-1.1361912488937378,0.26241153478622437,2.3382019996643066,1.4139600992202759,0.3260640501976013,0.7742455005645752,0.8300312757492065,1.120923399925232,-1.7205528020858765,1.8853574991226196,-1.4483171701431274,-0.48544320464134216,0.2619510293006897,-1.1470589637756348,1.9558782577514648,0.37839293479919434,-1.4839853048324585,-2.110957384109497,0.8684400916099548,-0.6666576862335205,-0.5522672533988953,1.7359282970428467,-0.3594580292701721,1.543717622756958,-0.9728969931602478,-1.414477825164795,0.5513394474983215,-0.7541407942771912,-0.6572051644325256,0.5201725363731384,0.3826710283756256
0.36415037512779236,-1.3861788511276245,0.44793832302093506,0.13877680897712708,0.8572204113006592,-0.7970048785209656,0.5480556488037109,0.029727570712566376,-1.2776042222976685,-1.6282033920288086,1.6060305833816528,0.7259069085121155,-0.8409562706947327,0.3960302472114563,-0.8126766681671143,-0.8739355802536011,0.44010430574417114,-0.8113123178482056,0.005322130862623453,-1.2628344297409058,-0.5415503978729248,0.5868919491767883,-1.583367109298706,-0.6576411128044128,0.4963645040988922,0.27450641989707947,-1.1250795125961304,0.014644860289990902,0.5581697821617126,-0.6531731486320496,-0.11471173167228699,1.0830106735229492,0.40571191906929016,-0.06067189574241638,0.5459787249565125,-1.1338855028152466,-0.6042625308036804,0.14778530597686768,-0.383393794298172,-1.8007371425628662,0.7231835722923279,-0.100764200091362,0.9005692601203918,0.13942763209342957,0.5166563987731934,0.8729823231697083,-1.864823818206787,-0.3393647372722626,0.7689064741134644,0.31282466650009155,-0.918167233467102,0.822127640247345,1.5549941062927246,0.18421104550361633,0.8335843086242676,-0.2206859588623047,0.11427850276231766,-0.5889630913734436,-0.8849543929100037,0.6240795850753784,-1.040362000465393,1.139850378036499,0.2625807523727417
0.4881339967250824,0.03097403049468994,-0.298263281583786,0.27967995405197144,-1.40118408203125,1.5558048486709595,-0.9292454719543457,0.46409231424331665,1.7628010511398315,0.7256369590759277,-1.1829923391342163,0.2366500198841095,-0.20388127863407135,-0.12277272343635559,1.8924238681793213,0.47375601530075073,1.018546223640442,1.1160539388656616,-1.0535788536071777,0.9745352268218994,-0.008523650467395782,1.3071656227111816,-0.43471840023994446,-1.0708128213882446,1.271681308746338,1.5940345525741577,-0.36491894721984863,0.16871751844882965,-1.9322543144226074,-0.7663766741752625,-2.1691691875457764,0.3143235445022583,-1.7587242126464844,1.629920244216919,-0.037394292652606964,0.889275074005127,0.2670053243637085,1.4466334581375122,-1.5318890810012817,-0.026411501690745354,-0.8181816339492798,-0.3385593593120575,-1.0798646211624146,0.14572493731975555,1.6539084911346436,-1.1139225959777832,0.05465047433972359,0.4670608937740326,0.03882952779531479,1.557276964187622,-0.27496999502182007,-2.2399914264678955,0.33851274847984314,-0.10160534083843231,-2.4465627670288086,0.7673459649085999,-1.6376041173934937,-0.8553354740142822,0.5915265083312988,-0.8801801204681396,0.7652478218078613,2.5797159671783447,-1.2711358070373535
-0.6021029353141785,-0.571162223815918,-1.0006695985794067,0.04820157214999199,-0.014518835581839085,1.775330901145935,-0.3925653398036957,0.8578786253929138,-0.21334777772426605,-0.9347745180130005,-1.3302937746047974,-0.795042872428894,0.027034511789679527,0.6123279929161072,0.5607357621192932,0.32573142647743225,-0.4024568796157837,1.0498768091201782,-1.8986420631408691,1.2192320823669434,-1.0942223072052002,0.8945349454879761,-1.0834943056106567,-0.5235541462898254,-0.7925142645835876,0.09707605093717575,-0.028004800900816917,-0.1919761598110199,0.853901207447052,-0.17215654253959656,0.5364311933517456,-0.12600915133953094,-0.87274569272995,-0.37780460715293884,-1.9225801229476929,-0.06690768152475357,-0.5038787722587585,-0.5700723528862,-0.41657236218452454,-1.2041553258895874,-1.036133885383606,-0.2971319556236267,0.3672235310077667,0.6366782784461975,-0.0343940444290638,-0.3206869959831238,-0.6594643592834473,-0.6035992503166199,0.5074872970581055,0.06477217376232147,1.109354019165039,0.21424661576747894,-0.2503941059112549,1.6509243249893188,1.4403778314590454,-0.4065597951412201,-0.2233649343252182,-0.18285301327705383,0.1595812290906906,-2.250537633895874,2.1582229137420654,-0.16450364887714386,-1.5550379753112793
-1.3136104345321655,-1.3567593097686768,1.3889559507369995,-1.298125147819519,-1.3509204387664795,-1.4936566352844238,-1.1838175058364868,-2.516899347305298,0.675550103187561,-0.4585391879081726,1.0627444982528687,1.347952127456665,0.638933539390564,0.11913663148880005,-0.7699241638183594,-1.180333137512207,-0.06936158984899521,-0.29516303539276123,0.590152382850647,-1.459018349647522,-0.6291917562484741,1.4118858575820923,-0.4136631488800049,-0.8690088987350464,-0.1958528310060501,1.5803881883621216,-0.40532201528549194,0.37715888023376465,1.1434998512268066,-0.6762105822563171,0.14552254974842072,0.12402287125587463,-0.4410744607448578,1.1170008182525635,-0.2559364140033722,-1.028063178062439,0.2929214537143707,0.3472599387168884,-0.6971386671066284,-0.8782539963722229,-0.7888031601905823,0.4332141876220703,-1.1903117895126343,1.504833698272705,0.5479820966720581,0.8282474279403687,-0.007198088802397251,1.1344528198242188,-0.8729668855667114,-1.1101282835006714,0.22266237437725067,0.4753342568874359,-0.29783251881599426,-0.8188077211380005,-1.2053695917129517,0.492590993642807,-1.33153235912323,-0.3280840218067169,-1.3809295892715454,0.8190275430679321,-0.8716398477554321,-1.4922459125518799,1.0493186712265015
-1.3746776580810547,0.13888968527317047,-1.659752607345581,-0.7145557999610901,-0.8761177062988281,0.7950794696807861,-0.9947163462638855,0.7029061913490295,2.232173204421997,-0.5882807374000549,0.9344009757041931,0.03911451995372772,-1.157231330871582,-0.9785299897193909,1.314185619354248,-0.640916109085083,-1.4851092100143433,-0.3685336410999298,0.45422956347465515,1.1773791313171387,-2.1484179496765137,0.020308734849095345,-0.8038787245750427,0.5023265480995178,0.1437775045633316,0.588809072971344,0.5986751317977905,-0.8199481964111328,-1.4995554685592651,0.053146932274103165,-0.832915186882019,-1.2637104988098145,0.8770321011543274,1.5332549810409546,0.6502970457077026,0.47410744428634644,1.0452024936676025,1.3414766788482666,0.2769387364387512,-1.6443333625793457,-0.9543421864509583,-1.3125044107437134,0.41364786028862,-1.2226572036743164,-0.23248592019081116,-1.1169120073318481,1.015022873878479,0.3696829080581665,-0.05192285031080246,0.9012538194656372,-0.25064945220947266,0.09890181571245193,-1.3201299905776978,0.5244122743606567,-0.07330130785703659,0.4529712200164795,-0.18766629695892334,-1.1279022693634033,-0.3832656443119049,0.21969667077064514,0.8038720488548279,0.6299692988395691,-0.032493337988853455
-0.12037833780050278,-0.25786063075065613,-0.020248858258128166,1.0075007677078247,-1.493525505065918,0.8678630590438843,0.31257787346839905,0.20431536436080933,-0.7307828664779663,-0.7469889521598816,-0.6614928245544434,1.0912843942642212,-0.5197773575782776,-0.03974220156669617,-1.8830502033233643,0.4914574921131134,-1.8344556093215942,-0.4188661575317383,2.0057525634765625,-1.2545126676559448,-1.5974690914154053,-1.646348237991333,-0.6625345349311829,-0.3368123173713684,0.5588365793228149,1.0231558084487915,-1.2946476936340332,-1.3676856756210327,-0.13397054374217987,-1.9205189943313599,0.35855042934417725,0.15657511353492737,0.2268778681755066,0.06523264199495316,1.4262092113494873,-0.7204915881156921,0.21544575691223145,-0.26593947410583496,-0.8633394837379456,0.6979510188102722,-1.6384496688842773,-0.7206270098686218,0.2651926279067993,-0.0553458072245121,0.5659182667732239,-1.227970838546753,-0.23413221538066864,-1.5596387386322021,-0.9346228837966919,0.0806937962770462,-0.18457306921482086,-1.1214710474014282,-1.137157917022705,-0.8072872161865234,-0.8380721807479858,-1.7519443035125732,-0.22633568942546844,0.6387093663215637,0.5527703166007996,1.9009617567062378,0.7516082525253296,1.1944178342819214,0.2418157458305359
0.47961297631263733,-0.4244924485683441,0.3107644021511078,0.9483988285064697,-1.0314635038375854,0.19032199680805206,1.1309467554092407,0.8355005979537964,-0.4606643617153168,0.4041837453842163,-0.7404497861862183,1.3636720180511475,-0.40107864141464233,1.83363938331604,-0.6123291850090027,0.6226214170455933,-0.14209069311618805,0.36661311984062195,0.5349665284156799,0.5949175357818604,0.41327714920043945,0.12156390398740768,0.9579833745956421,0.8588210344314575,-0.9346432089805603,1.8126497268676758,-0.49212321639060974,0.7420764565467834,-0.32568538188934326,-0.1483335644006729,-0.2767162024974823,1.4104660749435425,-1.9906123876571655,-1.7444759607315063,0.06808911263942719,1.4759207963943481,-1.2926983833312988,-1.0883123874664307,-0.3992994725704193,1.1425769329071045,-0.9563419222831726,0.7206874489784241,-0.2330048680305481,0.15164479613304138,1.4609110355377197,0.6877678632736206,1.3447210788726807,0.34846100211143494,-0.333981454372406,0.608400821685791,-0.6756004691123962,-0.5691900253295898,-0.8286570310592651,0.8135611414909363,-0.30674028396606445,0.8806673288345337,-0.34852564334869385,1.5358846187591553,1.5336549282073975,0.357924222946167,0.08960084617137909,0.06394858658313751,-0.7390753030776978

Slice 55
0.5825180411338806,-0.3820897042751312,-0.5617551207542419,-0.5019150376319885,-0.528324544429779,-0.6453977823257446,-1.271652340888977,0.7371543645858765,-0.19635212421417236,1.1447021961212158,1.0611087083816528,-0.9059467315673828,-0.2909073233604431,0.7875881791114807,-0.2868046164512634,-0.29557985067367554,-1.3866506814956665,-1.4842997789382935,-1.1769890785217285,1.9936957359313965,-0.9896726012229919,0.8368856906890869,-1.6767727136611938,1.5696849822998047,-0.9628016948699951,-1.3016809225082397,-0.4396783709526062,-1.686366319656372,-1.2675957679748535,0.14360421895980835,0.1173269972205162,0.46081504225730896,0.956864058971405,-1.5332553386688232,-0.14937244355678558,0.4720824062824249,0.8058899641036987,-1.3759742975234985,0.5810399651527405,0.43322426080703735,-0.5231778621673584,-2.109652280807495,1.5129283666610718,-0.6985447406768799,0.32642805576324463,-1.3485137224197388,-0.28570595383644104,1.2077878713607788,-1.2450666427612305,-0.4439791142940521,0.6078363656997681,0.017968228086829185,-0.8870559930801392,0.3785340189933777,0.9195638298988342,1.688698649406433,-0.06650695949792862,-0.2773994207382202,0.9338690638542175,0.25957539677619934,-0.9073330163955688,0.19033043086528778,-0.34512320160865784
-1.9862478971481323,-1.3492330312728882,0.3139975070953369,-0.7438457608222961,-1.2032992839813232,0.5857871770858765,-0.8091745972633362,2.1314547061920166,-0.06317612528800964,-0.9746949076652527,-0.516601026058197,1.1839348077774048,-0.9554224014282227,1.5737751722335815,2.359006881713867,-0.1683516800403595,0.015632309019565582,-1.1940280199050903,-0.7842992544174194,-0.5803257822990417,-0.08642573654651642,0.3123646080493927,0.5238900780677795,0.7135733962059021,-0.8160136342048645,-1.489904522895813,-0.5939597487449646,-0.48495209217071533,-0.8356224298477173,0.2874447703361511,-0.4085416793823242,-0.7750356197357178,-0.641302227973938,0.10812468081712723,-0.6230384111404419,-0.6935049891471863,1.6558396816253662,0.06744430959224701,0.6782914400100708,-1.4199187755584717,1.7572846412658691,-0.4638923406600952,-0.06218305230140686,-0.6727595329284668,-0.529201328754425,0.7113639116287231,0.4583170413970947,1.3192827701568604,-1.3542643785476685,1.9643352031707764,-0.6321431994438171,-1.3083709478378296,-0.7549304962158203,0.677925705909729,-0.5199463367462158,1.1207317113876343,-0.5855701565742493,-1.1022512912750244,-0.5505255460739136,0.8370659947395325,-1.0112898349761963,0.27979448437690735,-0.44246652722358704
-0.5634835958480835,0.007703701499849558,0.9132044911384583,-0.663239598274231,-0.8751582503318787,-0.9082618951797485,0.8260030150413513,1.00808584690094,0.270324170589447,1.0784817934036255,-0.19388365745544434,0.7373722791671753,-0.4905720055103302,-0.8616157174110413,-0.8336563110351562,-0.6314331889152527,-0.09300827234983444,0.8730800747871399,-0.4781974256038666,-0.6760827898979187,0.3259820342063904,-1.0968470573425293,0.7264726161956787,-0.4370885491371155,0.7069477438926697,0.2433752715587616,1.1120928525924683,0.6322107315063477,0.0351734422147274,-1.8707606792449951,0.7851566672325134,0.3475493788719177,-0.2576913833618164,0.03126253932714462,-1.0885212421417236,-0.9997855424880981,-0.045620810240507126,-0.015010731294751167,-0.9170302748680115,-0.5192165970802307,1.4116101264953613,0.6948097348213196,1.0480518341064453,1.5280951261520386,-0.8846195936203003,0.7631381154060364,-0.18848828971385956,-0.48526203632354736,-1.1780767440795898,-0.7185767292976379,1.3632770776748657,-1.2546483278274536,-1.2167612314224243,0.5900517106056213,-0.03414079546928406,-0.3574613928794861,0.5911742448806763,0.52386075258255,-0.3893992006778717,1.124749779701233,0.7624320387840271,-1.3663480281829834,-1.6318169832229614
0.5684679746627808,-0.25337156653404236,0.0556732602417469,-2.1446917057037354,-0.8845666646957397,0.17628885805606842,-1.123214840888977,-0.483369916677475,-2.162667751312256,-0.030826004222035408,-1.0479410886764526,-0.038660284131765366,0.511023223400116,0.6351568102836609,-0.4971644878387451,0.8459251523017883,0.5663836002349854,-0.0056047928519546986,-0.21335716545581818,0.8276235461235046,0.6516628265380859,-0.2931472361087799,0.2820116877555847,0.7858142852783203,-0.9824278354644775,-1.147430658340454,-0.1118391677737236,0.6081773638725281,-0.11660727858543396,-1.1516155004501343,0.6518629789352417,-0.12968502938747406,-0.048415008932352066,-1.188838243484497,0.029905248433351517,0.153005912899971,0.34007856249809265,0.04002320393919945,-0.18615266680717468,-0.3406360149383545,-1.2089365720748901,1.4092251062393188,-0.8139180541038513,0.7898904085159302,-0.42550745606422424,-0.6930193901062012,-1.9808269739151,-0.9929648041725159,-0.8695050477981567,-0.5158509016036987,-1.691831111907959,-0.8771502375602722,-0.6162101626396179,-0.7306483387947083,0.4402460753917694,0.6871178150177002,-0.6995802521705627,-1.6239163875579834,-0.36533859372138977,-1.047452688217163,-1.2573363780975342,0.4587234854698181,0.19507552683353424
-1.70463228225708,-1.7376699447631836,-0.07668706774711609,0.5665382742881775,-0.7879412174224854,1.9075614213943481,-1.3381426334381104,-0.02734629437327385,0.23168985545635223,0.9976595640182495,-1.0953866243362427,1.5289812088012695,0.3590027093887329,-0.11218500882387161,-0.228896826505661,0.19696462154388428,0.8443901538848877,-0.9771878719329834,-0.48707735538482666,0.8137125372886658,0.5329568982124329,0.07737560570240021,1.1667269468307495,0.5740334987640381,-0.7375348806381226,0.5598617792129517,-1.3618782758712769,-0.20585304498672485,0.18210557103157043,-0.07086069881916046,-0.5022364258766174,-0.14664679765701294,-0.4931303560733795,-0.09501191228628159,-0.6930257081985474,-0.337188720703125,0.2538491487503052,0.5058237910270691,-0.4390891194343567,-2.0578572750091553,0.7724989652633667,0.3433431386947632,-0.45128560066223145,1.691886067390442,-0.09155908226966858,0.536237359046936,-0.6097313165664673,0.6889106035232544,1.2208837270736694,0.9152541160583496,0.07522127777338028,-0.3153668940067291,1.072357177734375,0.614931046962738,1.1279670000076294,-0.3342750370502472,0.5740992426872253,-0.7066236138343811,-1.310058355331421,0.5371777415275574,-1.7057418823242188,-0.5522177815437317,-0.22755298018455505
0.3614097833633423,1.441197156906128,-0.028140438720583916,1.0705019235610962,0.5540937185287476,-0.7584388256072998,0.5896320343017578,-0.10089591145515442,1.0352773666381836,0.1103450134396553,1.6264358758926392,0.6127728223800659,-0.8858872652053833,0.6760960817337036,0.1807985156774521,-1.5178402662277222,1.0626696348190308,-0.21249286830425262,-0.241921067237854,1.417277455329895,0.22055785357952118,-0.1338520646095276,0.46245938539505005,-0.0362081378698349,0.120794378221035,-0.34800273180007935,1.604503870010376,0.9037113189697266,1.1941860914230347,0.7100086212158203,0.6789346933364868,-1.52562415599823,1.5218775272369385,0.5771551132202148,0.1888749897480011,1.5378731489181519,0.3895707130432129,-1.4381303787231445,-0.47965267300605774,0.6571940779685974,0.8899043202400208,0.4441864788532257,-0.7851526141166687,-0.777471661567688,-0.6471661329269409,-0.6957534551620483,0.4274679720401764,1.3577868938446045,0.7281184196472168,0.23295453190803528,-0.9231526851654053,0.43692389130592346,0.8704604506492615,1.2372771501541138,0.9840530753135681,-0.8533512949943542,-1.5550830364227295,0.3903049826622009,-0.12336794286966324,0.040111131966114044,0.615437388420105,-0.6647927165031433,0.6343405246734619
-0.25721457600593567,2.192711591720581,-0.4261740446090698,-0.33924487233161926,-0.6540470123291016,0.10936839133501053,-0.7441375255584717,-0.8747293949127197,0.07994336634874344,1.2171845436096191,0.22407856583595276,1.8556424379348755,-0.3981405198574066,0.7689130306243896,0.33611634373664856,-0.4754263758659363,-0.6729892492294312,0.4300006628036499,-1.6829843521118164,-0.753185510635376,1.4684991836547852,-0.4136035442352295,1.605715274810791,0.34613552689552307,-0.5502707958221436,-0.11605167388916016,-0.19081804156303406,-0.4671204090118408,-0.6417343020439148,-0.7625772953033447,-0.3946830630302429,-0.7192907333374023,-2.1872732639312744,0.22357946634292603,-1.2966911792755127,0.2196582406759262,1.122443675994873,-1.5664947032928467,0.9213281869888306,0.34353163838386536,1.6286150217056274,1.545915126800537,1.6890944242477417,0.1735338419675827,1.424936294555664,0.9430000185966492,1.1166960000991821,-0.4047684371471405,-0.058253444731235504,2.120328903198242,-1.1318296194076538,-0.13618426024913788,-1.4357346296310425,1.7463302612304688,0.5374722480773926,0.03536422550678253,-1.0298174619674683,-1.3972160816192627,0.6637343764305115,1.632431149482727,-0.08567412197589874,0.7219856381416321,0.8468618392944336
-0.5623952150344849,1.0370465517044067,1.6056522130966187,-0.5730853080749512,0.8021583557128906,0.2147088497877121,1.3080132007598877,0.7208535671234131,-0.17298929393291473,-1.5637253522872925,-1.4672367572784424,1.1148152351379395,-1.8897488117218018,-1.4854766130447388,0.602994978427887,0.24696065485477448,-0.20792776346206665,0.1855333000421524,-0.7353591918945312,-0.8545485138893127,0.3794943690299988,1.712662696838379,1.6043251752853394,-0.5339429974555969,1.640502691268921,1.7164887189865112,-1.1631450653076172,0.689032793045044,-0.4259985387325287,-0.3409194052219391,-1.3533220291137695,-0.24597671627998352,-0.8912696242332458,2.0510592460632324,-1.8911114931106567,0.25301921367645264,0.738405704498291,1.4683183431625366,0.6513490080833435,-0.1944989413022995,1.7865946292877197,0.8532305955886841,1.477006196975708,1.174460530281067,-0.9663606882095337,1.61833655834198,0.0922636166214943,-0.6307638883590698,-0.3922382593154907,0.9197638630867004,0.21477626264095306,1.498395562171936,-0.7904594540596008,0.7216359376907349,-2.1248586177825928,0.4803999066352844,1.1827058792114258,0.3063623011112213,-0.0783972293138504,1.3174588680267334,0.8695810437202454,0.6069140434265137,2.0787041187286377
-0.4979744553565979,0.681151807308197,0.496415376663208,-0.21473556756973267,-0.5617896318435669,-0.2572081983089447,-0.22482965886592865,-0.5994507670402527,0.7856370210647583,0.9205686450004578,0.37614771723747253,-0.9256449937820435,0.5982304215431213,-0.012422080151736736,1.240206003189087,-0.2276885062456131,-0.9311230182647705,0.8736880421638489,-0.22117741405963898,1.208210825920105,0.7986336350440979,0.32020315527915955,-1.0955030918121338,0.2768246531486511,0.3825380206108093,-1.3371531963348389,1.233965277671814,-0.10802596807479858,-0.23356400430202484,-1.5970224142074585,1.623842716217041,-0.7077578902244568,1.0666526556015015,0.3696788549423218,-0.84381103515625,0.7293781638145447,-0.7086741328239441,0.04501719027757645,2.155268430709839,0.07661662250757217,0.3560974597930908,-0.37158432602882385,1.632616400718689,-1.334316611289978,-1.7055195569992065,-0.7929016947746277,0.608320415019989,1.137802243232727,-0.006154397036880255,0.8660696744918823,-0.25080975890159607,-1.1336346864700317,-0.058793071657419205,-0.09267040342092514,0.4093150496482849,0.8549489378929138,-1.8619416952133179,-2.068413496017456,0.4197653532028198,-1.7215012311935425,0.03044186159968376,1.3759821653366089,0.1877119243144989
0.5385114550590515,1.4379724264144897,0.8637481331825256,-0.7664397954940796,0.23571936786174774,0.020406199619174004,-0.3765283226966858,-0.6324403285980225,-0.1222410798072815,0.6231037378311157,-0.5804926753044128,0.8459823727607727,-2.2133843898773193,-0.9298421144485474,0.256043940782547,-1.6677923202514648,0.05185733735561371,0.5299476981163025,-1.132473111152649,0.9062277674674988,1.8592641353607178,-0.279391884803772,1.087571382522583,-1.8459339141845703,0.12833692133426666,-0.18642103672027588,-1.187975525856018,-1.2767382860183716,-0.8658468723297119,-0.5499886274337769,-0.21827863156795502,1.5166932344436646,-0.9249171614646912,0.8947712779045105,-0.9338221549987793,1.482776165008545,-0.3313923478126526,0.1377422958612442,1.109906554222107,-0.21661385893821716,-0.30734336376190186,1.4763697385787964,0.6241444945335388,-0.25912177562713623,-0.18029890954494476,0.6843447685241699,1.0232574939727783,-0.001254467642866075,-0.23658868670463562,0.7424878478050232,0.08233849704265594,-0.2810022532939911,-0.2804790437221527,-1.4652717113494873,0.34251660108566284,-0.9597398638725281,-0.2479529082775116,-0.08860155940055847,-0.6717846989631653,-0.17827297747135162,0.052452366799116135,0.6339132189750671,0.5285360217094421

Slice 56
1.908145785331726,0.437175989151001,-1.008848786354065,1.1779472827911377,-1.4028161764144897,-0.12044432014226913,-1.1758439540863037,1.1238429546356201,1.4097299575805664,-0.9706750512123108,0.5870612859725952,0.9991310834884644,2.3956048488616943,1.0435519218444824,-1.6741727590560913,-0.2786952555179596,1.7649950981140137,1.2923938035964966,1.3131835460662842,0.5368475914001465,-1.3391640186309814,0.907860279083252,-0.7583330869674683,-0.5236346125602722,1.3331949710845947,-0.3394671380519867,0.24003362655639648,-0.6864143013954163,-1.1363661289215088,0.7953441143035889,2.110260486602783,-0.42477482557296753,-0.9259607791900635,-0.06811826676130295,-0.2886539101600647,-1.5199130773544312,0.011459114961326122,-0.7982356548309326,1.4647001028060913,-0.6941351294517517,-0.9298920631408691,-1.45168137550354,1.4848374128341675,1.0298984050750732,-1.3565067052841187,0.04932134971022606,1.130419373512268,0.1063549667596817,-1.2871623039245605,-0.48944011330604553,-2.297102689743042,-0.8408247828483582,1.742908000946045,-0.1957254260778427,1.4026240110397339,-1.3508398532867432,-0.3682555854320526,1.2230632305145264,2.3646864891052246,-1.327940583229065,1.093022346496582,1.2047505378723145,-0.5501128435134888
-1.8632113933563232,-2.3973042964935303,-0.6487600207328796,1.4090678691864014,-0.6033124923706055,-0.9785794019699097,2.0633625984191895,-0.4894683361053467,-0.7604369521141052,-0.7545504570007324,-0.7932961583137512,1.5799720287322998,1.2652655839920044,-1.3827396631240845,0.9159657955169678,-0.975821316242218,0.027875734493136406,-0.4209478795528412,-0.3797757625579834,2.280935525894165,1.4730228185653687,1.2261866331100464,0.10517730563879013,-0.7275958061218262,0.4951919615268707,-0.6169496774673462,-0.3961735665798187,-0.03643389791250229,-0.058174461126327515,-1.1890803575515747,0.611060619354248,1.8360390663146973,0.1379348635673523,-0.05976680666208267,-0.823065459728241,-0.8806012868881226,-0.020357294008135796,1.8725311756134033,0.039151281118392944,0.6887249946594238,-0.1437489539384842,-0.15664471685886383,-2.120767831802368,-1.1853461265563965,0.11378548294305801,-2.1463146209716797,0.4882057309150696,2.6182355880737305,0.37641632556915283,-1.2081522941589355,0.4870463013648987,-0.011579887010157108,-0.8730500936508179,1.2702882289886475,-1.9936773777008057,-0.4075646996498108,0.2666676342487335,0.43782860040664673,0.3413201570510864,0.11934405565261841,0.9694796204566956,1.9312664270401,-1.2581255435943604
-1.5605236291885376,-0.21996638178825378,0.6037184000015259,-0.034983549267053604,1.4565238952636719,0.6399411559104919,1.82057785987854,1.6931079626083374,-0.313954621553421,0.45442304015159607,-1.3908417224884033,-0.13153932988643646,1.2427189350128174,0.8206965923309326,-0.3289334774017334,0.7109570503234863,0.32808005809783936,-1.1143877506256104,-1.9440784454345703,-0.17215999960899353,1.791913628578186,0.5999518632888794,0.2217596024274826,1.493510365486145,-0.8743260502815247,-0.305684357881546,-0.21954195201396942,-2.410452365875244,0.6438501477241516,-0.11033140122890472,0.488371878862381,-1.1627918481826782,0.8107098340988159,1.134263038635254,-2.0404467582702637,0.24073739349842072,0.07855653017759323,0.10029718279838562,1.299924373626709,0.610283613204956,-1.2798466682434082,-0.24356810748577118,-1.5893901586532593,-0.7403971552848816,-2.039691209793091,0.2823675274848938,-0.16906191408634186,-0.6889846920967102,-0.4440252184867859,0.27272364497184753,-0.1527058482170105,-0.264541894197464,-0.07544557750225067,0.22463183104991913,-1.0527043342590332,-0.6748438477516174,-0.4923625588417053,0.8379273414611816,0.07605135440826416,1.877162218093872,0.027497651055455208,1.2639249563217163,-1.3453145027160645
-1.0212116241455078,0.3392300307750702,-1.2424275875091553,-1.6438707113265991,-0.7949233055114746,-0.13091398775577545,0.46027249097824097,-0.4474881887435913,-0.43623650074005127,0.5970921516418457,-0.24987836182117462,-1.299884557723999,0.36481183767318726,0.6606526970863342,0.9400650858879089,0.5612032413482666,-0.33747902512550354,-0.009177506901323795,-0.7896313071250916,0.33243322372436523,0.6310973167419434,-0.17184391617774963,-0.4125705659389496,0.07478883117437363,-2.0287563800811768,1.3897929191589355,1.5848417282104492,-0.9115139842033386,-0.6019546985626221,-0.7490001320838928,0.19656458497047424,-0.8747602105140686,1.1569478511810303,-0.1855067014694214,-0.47601839900016785,-0.7176039218902588,0.1869843304157257,-2.0046515464782715,-0.2929125130176544,-0.8866227865219116,0.29358971118927,-0.9610034227371216,0.005714294500648975,-0.5714585781097412,0.04408404976129532,-0.26082098484039307,-0.5834698677062988,-0.4040969908237457,1.3202263116836548,0.29696038365364075,0.19169026613235474,0.10312043130397797,1.7129756212234497,1.2622588872909546,-0.850710391998291,0.8742192983627319,0.3441478908061981,-0.29268786311149597,-0.3072773218154907,0.06256228685379028,-1.3484375476837158,0.7449941039085388,2.135286569595337
-1.748597264289856,1.0133405923843384,-0.9845123291015625,-1.1347367763519287,0.42313045263290405,-0.4473051130771637,-0.22374340891838074,-0.3417227566242218,-1.3451447486877441,-0.6025943160057068,0.4180883467197418,0.8960381150245667,0.9716558456420898,0.775923490524292,0.9203609228134155,-1.4305555820465088,0.13837206363677979,-1.1268340349197388,-1.3079015016555786,-0.2862623333930969,0.36299654841423035,-1.006771206855774,1.549878478050232,-1.0422266721725464,1.0618164539337158,1.5544997453689575,-0.6180241107940674,-0.13880011439323425,-1.1952564716339111,-0.11172932386398315,1.4802935123443604,2.3457534313201904,-0.19220854341983795,-0.5665407180786133,-1.7494118213653564,0.20847183465957642,1.1691228151321411,0.8840400576591492,0.07021631300449371,-0.8487825989723206,0.8477588891983032,1.7903159856796265,-0.9147291779518127,0.5995867252349854,1.4960962533950806,-1.8920164108276367,-0.8300430178642273,1.2172383069992065,-2.172943115234375,-1.1707193851470947,0.5843781232833862,1.702996015548706,2.426541566848755,1.289015769958496,-0.7995039820671082,0.4824165105819702,-0.44267407059669495,1.0033596754074097,-0.3848961591720581,-0.4264812767505646,-0.01574030891060829,1.0112121105194092,-0.43911901116371155
-0.32025352120399475,-1.2213464975357056,0.6728019714355469,0.29516327381134033,-1.6510090827941895,0.5921197533607483,0.03514627367258072,1.050800085067749,0.5562660694122314,1.5243641138076782,-0.5044574737548828,-0.5806232690811157,0.5100967884063721,-1.1459389925003052,0.022687261924147606,-0.9201419353485107,0.8411412835121155,0.393340528011322,-1.4306604862213135,0.2626054286956787,-0.7245447635650635,-0.0399542972445488,-0.3038695156574249,-0.5011507868766785,0.03950771689414978,-0.2774432301521301,-1.8724708557128906,-0.6771689057350159,-0.5470563173294067,0.9414198398590088,0.03269275277853012,0.3224397599697113,0.6936461925506592,-0.21173164248466492,-1.2340377569198608,1.5204981565475464,0.014447919093072414,0.06598223000764847,1.1219004392623901,0.8040944933891296,-0.2640150785446167,-0.3445238471031189,-1.193354606628418,0.10457982122898102,1.2795538902282715,-1.6039605140686035,0.11648106575012207,0.7999220490455627,0.45321500301361084,-1.5390222072601318,-1.2589271068572998,0.1387408971786499,-1.2228550910949707,0.10490790009498596,0.942703127861023,1.2086466550827026,1.134355068206787,1.6253896951675415,1.3876914978027344,0.34118616580963135,0.2496127039194107,1.191432237625122,-1.3316991329193115
-0.10570327937602997,0.38052576780319214,0.09243360161781311,0.2608548700809479,1.3731262683868408,-1.4495903253555298,-1.0284138917922974,1.7820124626159668,0.2874402403831482,0.3167225420475006,-1.4852805137634277,1.4691082239151,1.0476453304290771,0.18974536657333374,-0.7384931445121765,0.28670787811279297,-0.2724142074584961,0.0064471117220819,-1.1794662475585938,1.40450119972229,-1.5915882587432861,0.42872869968414307,1.5415759086608887,0.2764436602592468,-2.747896909713745,-0.8819525241851807,-0.1456436812877655,-0.4438980221748352,-0.47063949704170227,-0.6598433256149292,0.04035748913884163,-0.5561418533325195,0.3888901174068451,-0.4353128671646118,0.39928513765335083,0.3344702124595642,1.3530943393707275,-1.189184308052063,0.135600745677948,0.6789313554763794,-0.9323517084121704,0.0010092825395986438,-0.7106037139892578,0.4985172152519226,-0.04959172010421753,0.5028820037841797,1.9460924863815308,-0.5547623038291931,0.61935955286026,-0.55027174949646,1.0310639142990112,0.6654871106147766,-0.30202242732048035,-1.5531542301177979,0.17283470928668976,0.1695234477519989,0.800861656665802,-0.5955724716186523,0.5767881870269775,0.19825424253940582,0.7069430351257324,-0.5582587718963623,-0.7540028095245361
0.9781026840209961,-0.6450346112251282,1.0442920923233032,-0.35168224573135376,0.6032466292381287,-0.33830708265304565,-0.6358036994934082,-0.053434789180755615,1.0464224815368652,0.7934490442276001,1.3593776226043701,1.022327184677124,1.0312397480010986,0.9224504828453064,-0.706369936466217,-0.8505242466926575,1.7246818542480469,1.0348109006881714,1.2125349044799805,0.8014248013496399,-0.4849068820476532,-0.6396888494491577,-0.6276863217353821,-0.9669727087020874,0.02127446047961712,-1.2383795976638794,-0.570239245891571,0.8734872937202454,-1.316972255706787,2.978809118270874,0.4584376811981201,0.732887327671051,0.4181493818759918,-0.2230791300535202,-0.3299363851547241,-0.13933980464935303,-0.6425744891166687,-0.6414361596107483,0.9422664046287537,-0.7017422318458557,-0.7157301306724548,-0.8288926482200623,1.3360296487808228,-0.17175474762916565,0.5052233338356018,0.08145024627447128,0.19802875816822052,-1.2793909311294556,0.5908128023147583,1.1802486181259155,0.7281215190887451,-1.6550445556640625,-0.26322492957115173,-1.8032265901565552,2.2657816410064697,0.747674286365509,0.6485894322395325,-0.015962883830070496,0.7129538059234619,1.0915756225585938,0.020576808601617813,-1.7702795267105103,-0.08607108891010284
0.13177615404129028,-0.3103179931640625,-0.34773942828178406,1.2992866039276123,0.3147437274456024,1.3453994989395142,1.4527281522750854,-1.460688591003418,1.8847543001174927,-0.624739408493042,1.2887855768203735,-0.44631949067115784,-1.4854122400283813,-0.26291948556900024,1.080246925354004,-1.147037148475647,0.2621219754219055,1.4157310724258423,0.20825043320655823,-0.39753904938697815,0.7787505388259888,0.7312577366828918,-0.534075915813446,-0.5764070749282837,1.2288672924041748,-0.8893204927444458,-1.2746269702911377,0.25969764590263367,0.021871643140912056,-0.05293462425470352,1.2988990545272827,-0.3432319164276123,-0.2317614108324051,1.598787784576416,-0.49266278743743896,-0.3953394293785095,-0.19625386595726013,0.6499594449996948,-0.34589052200317383,-0.8581647276878357,1.4828890562057495,-0.38842707872390747,1.2455435991287231,-0.4178438186645508,0.14178363978862762,-0.09353837370872498,0.9047535061836243,0.6140804886817932,-0.6705167889595032,-0.5338965654373169,0.10256073623895645,1.5624744892120361,-0.022110341116786003,-0.059117138385772705,0.3417890965938568,0.3402478098869324,-1.499277114868164,0.8270549178123474,0.874065637588501,0.12356932461261749,1.0378910303115845,0.8475549817085266,-0.4618906080722809
1.5020469427108765,0.37578874826431274,-1.8219444751739502,0.1349370926618576,-1.2151081562042236,2.1128287315368652,2.0346248149871826,-0.273864209651947,0.5437750220298767,-1.7705615758895874,-0.9322071671485901,-1.4270069599151611,-1.1940149068832397,1.2059013843536377,1.4620476961135864,-1.2737305164337158,0.34212666749954224,-0.8869607448577881,-0.48664551973342896,0.33605650067329407,0.7463939785957336,-1.3096237182617188,-0.42502060532569885,-1.6423245668411255,0.4506971538066864,0.3203991949558258,-1.8153373003005981,-1.1755528450012207,1.8995014429092407,1.435603380203247,0.23749592900276184,1.7648640871047974,1.1394989490509033,1.1674413681030273,-0.8043244481086731,-2.459325075149536,0.6802827715873718,0.8080005049705505,0.2251107394695282,-2.1521453857421875,0.13303804397583008,-0.9396435022354126,-0.04603578895330429,2.146599292755127,-0.7893141508102417,-0.7440783977508545,-0.9484606385231018,0.5596398711204529,0.6538558602333069,-0.0918058305978775,-1.290209412574768,-0.6384916305541992,0.5884304046630859,0.7034989595413208,1.5099461078643799,0.7565397620201111,1.585200309753418,0.08497312664985657,0.41327691078186035,0.6220820546150208,0.0905548483133316,0.637249231338501,0.33770081400871277

Slice 57
0.1701633334159851,-1.6458461284637451,-0.12639884650707245,-0.7133598923683167,1.2505738735198975,-0.9948112964630127,1.02052903175354,-0.7213212251663208,0.003051577601581812,-0.22035962343215942,-0.14652058482170105,-0.722636878490448,-0.41283631324768066,0.2998010814189911,-0.06247573718428612,-1.0323548316955566,1.532971978187561,-0.7283298373222351,0.12131941318511963,-0.30342599749565125,-0.472554087638855,0.7856232523918152,-1.1344470977783203,-0.7839584350585938,1.495601773262024,0.7216401696205139,0.5620562434196472,-1.3260486125946045,-0.5935115218162537,-0.9984309673309326,-0.21124310791492462,-1.114850640296936,1.1113219261169434,-0.27950602769851685,0.5342989563941956,1.5959213972091675,-0.3851718306541443,1.066009759902954,-0.5249724984169006,0.5850667357444763,0.9839887619018555,-0.8546893000602722,0.9479721784591675,-0.21987532079219818,1.7622606754302979,0.89644455909729,0.8603939414024353,-1.2130136489868164,-0.504487931728363,-0.7624302506446838,1.2429330348968506,-0.23881502449512482,-0.022579491138458252,-0.5222997069358826,-1.3508939743041992,0.08748524636030197,0.2283446490764618,-1.658465027809143,-1.6093206405639648,0.19749747216701508,-0.7905453443527222,0.39134567975997925,-0.7071635723114014
-0.04714963957667351,0.9959681034088135,0.7093280553817749,0.9306483864784241,1.702042818069458,-0.28279635310173035,1.658125877380371,-0.07626580446958542,0.022000156342983246,0.5552881956100464,0.43235576152801514,-0.6439506411552429,0.026897650212049484,-1.0537222623825073,0.18401488661766052,0.2649470269680023,-1.448063611984253,0.1926785558462143,0.33464983105659485,0.884207010269165,2.7014718055725098,0.21369892358779907,-0.5649494528770447,-1.344907522201538,-0.05246708542108536,-0.46785178780555725,0.8059540390968323,-1.179783582687378,0.2657858729362488,-1.5336247682571411,-0.8164140582084656,0.39845478534698486,-0.017131198197603226,0.7976675033569336,-1.092787742614746,0.594697892665863,-0.26965129375457764,0.8411033749580383,0.07659842818975449,-1.5133130550384521,1.1951442956924438,0.2072121948003769,-0.9268873929977417,1.19656240940094,-2.2339277267456055,-1.858599066734314,-0.43257346749305725,-1.122787594795227,0.5654205083847046,1.5176236629486084,1.499839425086975,-0.022354211658239365,0.8742448091506958,1.061836838722229,0.17808976769447327,-0.9931089282035828,-0.4308258593082428,0.4561070501804352,-0.33854177594184875,-0.08107651025056839,0.456815242767334,-0.31043460965156555,-0.14692939817905426
1.1612104177474976,0.5476347804069519,0.9127839207649231,-0.576449990272522,-3.5814433097839355,0.38693803548812866,-0.5102716088294983,1.5343064069747925,1.1202305555343628,-0.967465877532959,1.4180885553359985,-0.4018705487251282,1.210662841796875,1.0100700855255127,0.5411661863327026,-0.9413797855377197,-0.09510258585214615,-0.10241992026567459,-1.9131523370742798,-0.33579978346824646,-0.9526029229164124,0.20511028170585632,-1.0168802738189697,-0.8684655427932739,0.9261255264282227,-0.07510276883840561,0.3339787423610687,-0.3577168583869934,-0.14658422768115997,-0.4804835319519043,-0.9441470503807068,0.10577048361301422,-1.6612310409545898,-0.29994890093803406,-0.4545278549194336,-0.009290089830756187,-1.4509377479553223,1.0905545949935913,0.24042989313602448,-0.0998234674334526,-0.766398549079895,-1.3868046998977661,1.050071358680725,0.02595474198460579,0.1512477993965149,1.401615023612976,-1.9653022289276123,-0.9257208108901978,-0.3210531175136566,-0.6803064346313477,-0.17242659628391266,-1.3856953382492065,0.25889474153518677,-0.23048759996891022,-0.21954289078712463,-0.7767354846000671,2.0277669429779053,-1.6358360052108765,-0.649878740310669,-0.7953698039054871,0.2120814472436905,-1.4873652458190918,0.46800607442855835
0.01476422417908907,1.0338860750198364,1.2711358070373535,-0.8201814293861389,-1.4274895191192627,-0.11176251620054245,-1.187722086906433,-2.1462044715881348,0.3100031316280365,-0.537891685962677,1.2677011489868164,0.15855367481708527,-0.7760449051856995,-0.08188678324222565,1.6256154775619507,-1.0525306463241577,1.0062730312347412,0.3943721354007721,0.022435814142227173,-0.033074598759412766,-0.6151074171066284,1.8145655393600464,1.5817339420318604,0.9689986705780029,0.19841131567955017,1.28445565700531,-0.9946650862693787,0.9447214007377625,1.5750072002410889,0.2990230321884155,-1.4042699337005615,1.596170425415039,0.9829286932945251,-2.153733253479004,1.7405766248703003,-2.1621601581573486,-0.7407912015914917,-2.05948543548584,0.596881628036499,-0.08762959390878677,-1.1676961183547974,-0.666925311088562,-0.1358058899641037,-1.4106292724609375,-0.5716586709022522,-0.8430174589157104,0.6398928165435791,0.6087270379066467,-1.0261222124099731,-0.27480548620224,-0.8215199708938599,1.060505747795105,1.5332125425338745,-0.022137073799967766,0.7001200914382935,-1.666466474533081,-0.32227522134780884,0.062317173928022385,-2.129362106323242,0.4464333653450012,-0.860339879989624,-0.35318294167518616,-1.5420929193496704
0.9120098352432251,-0.9915945529937744,1.4190187454223633,0.381489634513855,-0.5669658184051514,2.4527945518493652,1.038748860359192,-0.2714880704879761,0.30751991271972656,1.4296774864196777,-1.0812182426452637,-1.7866216897964478,-0.26111263036727905,0.15461264550685883,-0.051944151520729065,-0.9874311089515686,1.6148021221160889,0.7071449160575867,-0.6565747261047363,-0.18848839402198792,0.4226722717285156,-1.437647819519043,-0.3383096158504486,0.34388160705566406,0.6618725657463074,-0.578380823135376,1.3264133930206299,-0.620581865310669,0.6825069785118103,-0.36726346611976624,0.43164879083633423,-0.498651385307312,-0.7689254283905029,0.4556332528591156,0.5698579549789429,-0.0008829857688397169,0.13618387281894684,0.2561556398868561,-1.4865410327911377,0.4722033143043518,-1.511211633682251,-0.8114341497421265,0.4936582148075104,-0.7632667422294617,-0.2906052768230438,1.461419701576233,-0.9861661195755005,1.4602830410003662,0.8930046558380127,-0.5470350384712219,-0.11707762628793716,-0.49906930327415466,-0.7923192977905273,1.1335394382476807,1.4705660343170166,0.6745316386222839,0.025762876495718956,-0.21206210553646088,-0.11518395692110062,-1.009827971458435,-0.8137478828430176,0.2529093325138092,-0.14945940673351288
-0.7742699384689331,-1.110234260559082,0.5375173091888428,-0.42440325021743774,0.9848691821098328,-1.0349984169006348,0.8464360237121582,0.45057517290115356,-0.48556095361709595,1.3145241737365723,0.7241812944412231,-0.864801287651062,-1.3764081001281738,-1.5905342102050781,0.7675440311431885,-1.061153769493103,-0.45519593358039856,-1.7970155477523804,0.13957466185092926,1.2057029008865356,-0.45695242285728455,1.9125727415084839,-0.33382484316825867,0.04354903846979141,2.712696075439453,-0.5153921842575073,-1.038478970527649,-0.22868913412094116,-0.924787700176239,-0.046950116753578186,0.35627973079681396,-0.27619463205337524,-1.0182933807373047,-1.4750040769577026,0.39707785844802856,-0.03703934699296951,1.5191428661346436,1.525303602218628,0.3673529326915741,-0.1407519280910492,0.3913075625896454,-0.07192175090312958,-0.08152174204587936,1.1443828344345093,0.5638984441757202,-0.3010256588459015,1.2240815162658691,0.39051035046577454,0.13738729059696198,-0.1258971393108368,-0.9035122990608215,1.3008909225463867,-0.6412750482559204,-0.6483229994773865,-0.34115105867385864,0.6182427406311035,-1.7212605476379395,-0.9308575391769409,0.0541277639567852,-0.7520896196365356,0.5560453534126282,-0.07166586071252823,0.5972498655319214
-0.5501105189323425,-0.19242948293685913,-1.287110686302185,0.8368481993675232,1.5446563959121704,-0.4385758340358734,-0.5929175615310669,1.7134424448013306,-0.9010812640190125,0.030236300081014633,0.7330738306045532,0.8408845067024231,-2.7787835597991943,-1.1839433908462524,0.9533669352531433,0.5432307720184326,1.6372044086456299,-1.8153910636901855,0.5043095946311951,0.3525893986225128,0.8996204733848572,0.5383642911911011,-0.2973620295524597,-0.5106149911880493,1.5113551616668701,0.8578963279724121,0.19864946603775024,0.25183990597724915,0.5499632954597473,0.37206655740737915,0.2616555094718933,-0.7155435085296631,1.0619786977767944,0.8893812894821167,0.5184357762336731,1.0547572374343872,0.2971948981285095,-0.00789538025856018,-0.3075702488422394,-1.4552459716796875,-1.1826130151748657,0.8511777520179749,-0.7090134620666504,-0.03258540853857994,0.31349489092826843,0.5486195087432861,-1.1841844320297241,0.17426876723766327,0.5116742253303528,0.025489473715424538,-0.09330932796001434,0.5799914002418518,0.47880038619041443,0.1830414980649948,-0.12556256353855133,0.9657682776451111,-1.668946385383606,-0.18988484144210815,0.8689700365066528,-1.3320493698120117,-0.26678746938705444,1.4560943841934204,0.9564016461372375
-0.6476359963417053,0.7399880290031433,-3.1439454555511475,-0.8881081342697144,-0.5420696139335632,-0.7293432950973511,0.1466856598854065,0.2740311920642853,-1.8863741159439087,-0.9353376030921936,1.001603364944458,0.7674524188041687,-0.9936873316764832,-0.06890249252319336,0.12456580996513367,-0.6888895034790039,-0.8625309467315674,-0.5754032135009766,0.21641619503498077,2.2214224338531494,-1.3589965105056763,0.9300916790962219,-0.9572566747665405,1.2431937456130981,0.8104201555252075,0.7216628193855286,-0.23186323046684265,1.3664182424545288,-0.13708028197288513,1.38917076587677,1.6015374660491943,0.3970184624195099,1.1244028806686401,0.18598628044128418,0.17080309987068176,0.9017075896263123,-0.5967159867286682,-0.37125882506370544,0.535184919834137,-0.6146188378334045,-1.5864406824111938,0.31044575572013855,0.8246415853500366,0.674344003200531,0.7265916466712952,0.1926857978105545,-1.4845325946807861,0.24537158012390137,-1.1261906623840332,-2.5473554134368896,-1.8784337043762207,0.9520226120948792,-0.13972534239292145,0.6310956478118896,-0.3409137427806854,0.4348994493484497,-0.9274410605430603,0.8137889504432678,1.0793266296386719,0.41672587394714355,1.3918259143829346,-0.02380877360701561,1.8878750801086426
-2.4148707389831543,-0.4814932346343994,1.7424798011779785,1.6269491910934448,-0.13411270081996918,-0.674752950668335,-0.33664464950561523,1.6855769157409668,-2.0211057662963867,-0.050424735993146896,-0.7222399115562439,0.8461570739746094,1.4475682973861694,-1.1998066902160645,0.3470207452774048,-0.06866146624088287,-0.4862775504589081,0.5725297927856445,0.7596779465675354,-0.5163791179656982,1.3925052881240845,-0.15986678004264832,-0.023288292810320854,0.18359200656414032,-0.8378194570541382,-0.4265934228897095,-1.5881226062774658,0.48087170720100403,-0.18722638487815857,1.4891045093536377,0.681535005569458,0.24039508402347565,-0.023196864873170853,0.8828409910202026,1.665450096130371,-0.375198096036911,-0.4288974404335022,2.1782824993133545,1.3875067234039307,-1.871883511543274,-0.3109719753265381,-0.10739754140377045,-0.4169822633266449,0.8064364194869995,1.0041980743408203,-0.9205734133720398,-0.5852062702178955,-0.7634193897247314,1.255191683769226,0.27714669704437256,-1.0145885944366455,-1.6540203094482422,-1.6974592208862305,0.8168366551399231,-1.2007784843444824,-1.1497617959976196,-1.1181586980819702,-1.516972303390503,-0.3915696442127228,-1.1534240245819092,2.8652355670928955,-1.4898765087127686,-0.18380244076251984
-0.3516603112220764,-0.5873708128929138,0.1765882819890976,-0.18327170610427856,-1.6540117263793945,0.5581555366516113,-0.25502073764801025,-0.2549544870853424,-0.7857947945594788,-0.387489914894104,-0.22962656617164612,0.45699045062065125,1.4383773803710938,-0.35279539227485657,1.1891274452209473,0.5364013314247131,-1.1603775024414062,1.32338285446167,1.136201024055481,-0.16474518179893494,0.16852501034736633,0.5525647401809692,0.11754566431045532,0.07674302905797958,2.62764048576355,-1.164610505104065,-0.5056271553039551,0.435720294713974,-0.10672487318515778,0.6010666489601135,0.10828922688961029,-0.16112659871578217,-0.40288403630256653,0.06742017716169357,-1.0808357000350952,-2.143462657928467,-0.5655041337013245,0.9577814340591431,0.11848995089530945,-1.3907926082611084,-0.8129648566246033,0.7837672233581543,1.0947802066802979,-0.08654677122831345,-0.04512486606836319,0.1444745510816574,0.657802164554596,-0.02593027614057064,0.7479264736175537,0.4673163592815399,-0.08095338195562363,0.5191739797592163,-1.7670516967773438,1.699692726135254,-0.09564190357923508,-0.11592581868171692,-0.09041007608175278,0.13368451595306396,0.026441268622875214,-1.3776726722717285,-0.4398479461669922,-1.420417308807373,0.7269420027732849

Slice 58
-0.9566884636878967,1.069492220878601,1.6866415739059448,0.83371901512146,0.14292894303798676,0.8367685675621033,2.0518877506256104,0.9228682518005371,-1.163950800895691,-0.10114934295415878,0.46848779916763306,-0.02884904108941555,-1.3641148805618286,1.212124228477478,-0.40788590908050537,-0.4997013807296753,1.841667890548706,1.9178478717803955,0.24572525918483734,0.6659495234489441,-1.0123844146728516,-1.338797688484192,1.233761191368103,-0.46143895387649536,-1.8000876903533936,1.5231155157089233,-0.420017808675766,-0.5841659307479858,0.1951342076063156,-0.7426012754440308,0.09632141888141632,1.6099735498428345,-0.18622532486915588,1.186814785003662,-0.5811458230018616,0.6533421874046326,-1.615608811378479,-1.0113611221313477,1.3626505136489868,1.8968411684036255,1.1519105434417725,0.17286843061447144,0.416421502828598,1.170431137084961,-0.07977471500635147,-0.1738641858100891,-0.5326268076896667,-0.009243004955351353,0.030149009078741074,-1.3621891736984253,0.31114277243614197,1.2105191946029663,1.2506871223449707,0.4348966181278229,-0.7752443552017212,-0.7722911238670349,0.8473185896873474,0.1267709881067276,-0.12175768613815308,1.7328282594680786,1.9147378206253052,-0.7804185152053833,-0.08184394240379333
0.6534503698348999,0.30001017451286316,0.6592629551887512,1.0358352661132812,0.1310778111219406,0.505789041519165,1.3950470685958862,1.9563344717025757,0.3579220771789551,1.4579079151153564,-3.416959047317505,0.9084012508392334,-0.5534473657608032,-0.7009701728820801,1.0344949960708618,-1.3255658149719238,-0.5399956107139587,1.2036556005477905,1.1730350255966187,1.3968371152877808,-0.6541416049003601,1.2420252561569214,0.7571996450424194,-0.038724977523088455,-0.38047441840171814,1.0184284448623657,1.4826977252960205,-0.42991599440574646,-2.015651226043701,-0.27283918857574463,0.9299795627593994,-0.03199177235364914,-0.8934114575386047,1.7229357957839966,-0.6524055600166321,1.541972041130066,0.416046679019928,-0.23975245654582977,1.8498746156692505,0.539672315120697,0.9432570934295654,-1.462058663368225,-0.06369684636592865,-0.6005944609642029,-0.3727494180202484,-0.5314516425132751,-1.0496304035186768,0.45727065205574036,1.1448792219161987,-0.03992224112153053,0.5486547350883484,-0.6854228377342224,1.712706208229065,1.3399677276611328,-1.658807396888733,-1.612237811088562,-0.29930126667022705,-0.21863406896591187,-1.5016380548477173,-0.4509449899196625,-0.08523889631032944,-1.8030134439468384,-0.5925613641738892
0.5763741135597229,-1.4469492435455322,1.1514180898666382,-0.7224727869033813,-0.6699084043502808,0.06850466132164001,-0.17383496463298798,0.9366333484649658,0.4689679443836212,-0.1250298023223877,-0.09143391251564026,0.001676957355812192,-0.2917313575744629,0.3880961835384369,0.4138442575931549,1.4570955038070679,-0.6495333909988403,0.12592880427837372,1.3197910785675049,-1.349714994430542,-0.15259845554828644,1.2263346910476685,0.665503978729248,1.210160255432129,0.5043253302574158,0.9590392708778381,-0.16941434144973755,-0.6901886463165283,-1.5763704776763916,-0.03143564984202385,-1.008201003074646,0.11547669768333435,0.3201899230480194,-0.49500569701194763,0.3751637935638428,0.23865894973278046,-0.435747355222702,0.7926574349403381,0.333958238363266,-0.6530210375785828,0.4464157819747925,1.201881766319275,1.602997064590454,-0.14728936553001404,-1.3477513790130615,-2.081733465194702,1.0596023797988892,0.5559192895889282,0.4143698811531067,1.5608792304992676,0.7763680815696716,1.5239776372909546,-0.8112057447433472,0.7965625524520874,-0.49834951758384705,1.987076759338379,-1.103058099746704,-0.12703478336334229,-0.4753110110759735,-1.1585357189178467,-0.725587785243988,-0.4953332245349884,0.08848284929990768
-1.0375432968139648,0.5949506163597107,1.144024133682251,0.20400796830654144,0.4504505395889282,0.9752764701843262,-0.07403238117694855,2.539050579071045,-0.5765823125839233,1.065145492553711,-0.7877645492553711,-0.7572209239006042,0.9196504354476929,0.8212560415267944,1.494274377822876,1.9172018766403198,-0.042577050626277924,-1.1909185647964478,-1.0649104118347168,0.6185666918754578,-0.31555476784706116,-0.19810442626476288,1.9840961694717407,2.2263429164886475,-0.5510135889053345,-0.5922970771789551,-0.9552218317985535,0.9611206650733948,0.17868824303150177,-2.226999521255493,-0.3561958372592926,-0.01705903559923172,0.46562618017196655,-0.7839610576629639,-1.0949618816375732,-0.23118898272514343,-0.891594648361206,-0.14495301246643066,0.2302730679512024,-0.48660576343536377,-0.4241003394126892,1.4311070442199707,0.7714002132415771,2.2365071773529053,1.3686943054199219,0.6765010356903076,-1.2979437112808228,1.5364187955856323,1.5550541877746582,-0.8962292671203613,0.8186005353927612,-1.0640895366668701,-0.8236834406852722,1.7270933389663696,-1.2637393474578857,0.27206185460090637,0.4698161780834198,0.8573966026306152,0.1691485345363617,-0.5097553133964539,0.7312368750572205,-0.845984935760498,-1.3299094438552856
1.0386661291122437,-1.7097123861312866,-0.9070451855659485,0.6903003454208374,1.4617148637771606,0.44968703389167786,0.6731169819831848,0.03476020321249962,-0.41059741377830505,-1.387087106704712,-0.16585801541805267,-1.3263877630233765,0.3891361355781555,1.057462215423584,0.7101879715919495,-1.1718300580978394,-1.4147623777389526,0.8345338702201843,2.018667697906494,-0.5141935348510742,-1.0048625469207764,-0.3483305871486664,-0.870997965335846,-2.1978070735931396,0.001957648666575551,-0.11396060883998871,0.46255549788475037,-0.47881683707237244,0.2929755747318268,-0.03889714181423187,-0.7267748713493347,-0.21877866983413696,-0.3625456392765045,-0.2504630386829376,-2.072237014770508,1.074329137802124,-0.09634456783533096,-0.5913959741592407,-1.1992154121398926,-1.085827350616455,1.1684600114822388,-2.326633930206299,0.5220144987106323,2.021892547607422,-1.9640222787857056,1.2449562549591064,1.1058223247528076,0.0265766941010952,0.4935797452926636,0.5333741903305054,-0.24722881615161896,0.014509746804833412,-0.7498480081558228,0.953480064868927,-0.6445813775062561,0.3713400065898895,0.6575896739959717,-0.14995154738426208,2.2601919174194336,3.014500856399536,1.5728415250778198,0.762046754360199,0.591771125793457
-0.5265962481498718,0.9058271646499634,0.12803444266319275,-2.0086371898651123,0.5693303942680359,1.8290960788726807,-1.490552544593811,-0.4752744436264038,-1.2567882537841797,2.1974761486053467,0.818472683429718,-1.0366127490997314,-2.226879835128784,-1.2451997995376587,-1.453675389289856,-0.7576798796653748,1.888857126235962,-0.14898662269115448,0.9932052493095398,-0.16059598326683044,0.7833508849143982,0.27824708819389343,0.6293721795082092,-0.08362656086683273,-0.5440723896026611,0.07759328186511993,0.02046656794846058,0.32707685232162476,-0.865120530128479,-1.5570142269134521,1.1509630680084229,-0.6086055040359497,-1.6708054542541504,-0.28753453493118286,-0.4839639663696289,-1.0472520589828491,0.09484118968248367,0.1023099422454834,1.7298226356506348,1.3533148765563965,1.4193085432052612,-0.5710946917533875,-1.1782221794128418,-0.9835959076881409,-0.6631985306739807,-0.9634368419647217,0.7375019788742065,-1.294500470161438,-1.3674427270889282,0.2610318660736084,-1.0093929767608643,-1.3536465167999268,-0.6096115708351135,-1.5214265584945679,-0.6129223704338074,-0.641435980796814,0.6902515888214111,0.6619962453842163,-0.9445515275001526,-0.6545556783676147,-1.337104320526123,0.2837466299533844,0.15581642091274261
0.4484206438064575,-0.1572561115026474,0.40277013182640076,-0.7796109914779663,-1.4869472980499268,0.4019761085510254,-0.6489203572273254,0.8392472863197327,-1.2934871912002563,-0.5891469717025757,0.5003324747085571,-0.11965359002351761,-0.3389334976673126,-1.4598491191864014,-0.049098946154117584,0.3390888273715973,-0.9662056565284729,0.777838945388794,1.244815468788147,0.735621988773346,0.13027948141098022,-1.0568937063217163,0.1883060485124588,-2.0343973636627197,-1.0426474809646606,0.9075687527656555,0.17948192358016968,0.17845085263252258,0.7979178428649902,0.2993825674057007,0.21363314986228943,0.6160297989845276,0.15776509046554565,1.0468354225158691,-0.4000519812107086,0.1067608967423439,-0.9098729491233826,-0.9219966530799866,0.49240773916244507,-1.7091785669326782,0.21115301549434662,-2.3360562324523926,-1.1149924993515015,0.4355127513408661,0.7111086249351501,-0.707351803779602,1.1908601522445679,0.6056606769561768,-0.25644057989120483,1.2792757749557495,-0.3753204643726349,0.6311178803443909,-0.33960437774658203,-0.24858009815216064,1.0482616424560547,1.0627591609954834,0.6379134654998779,-0.5195381045341492,-0.041971661150455475,0.5665017366409302,0.4374665915966034,-0.6561780571937561,-0.20993144810199738
0.6343563199043274,-1.0949217081069946,1.2415732145309448,1.5557225942611694,-0.4038965404033661,-0.165464386343956,0.22259022295475006,-0.6813415884971619,-1.4453843832015991,0.10396438837051392,0.1682334691286087,0.5724735260009766,0.3827351927757263,1.0572254657745361,0.08809294551610947,0.5621236562728882,0.25222107768058777,0.7611998915672302,1.1270262002944946,0.642311692237854,-2.006293535232544,-0.29531216621398926,-0.1453746259212494,0.07090441137552261,0.8935043215751648,-0.26397716999053955,-1.0157078504562378,-1.0237042903900146,0.44757723808288574,-0.8146876096725464,-0.4003889560699463,0.4289160966873169,-1.6067577600479126,-0.42515021562576294,1.1818921566009521,1.125779151916504,-1.9149304628372192,-1.3066041469573975,1.1086243391036987,0.3268675208091736,0.8211559653282166,0.9685029983520508,-1.1375361680984497,-0.022325702011585236,1.495513677597046,-0.25747841596603394,-0.3278706967830658,-0.029080457985401154,-0.22071576118469238,-0.6937775015830994,-1.9420223236083984,0.9334211349487305,-0.220571368932724,0.5756940841674805,-0.5051955580711365,2.349775791168213,1.0735541582107544,0.20165760815143585,0.572317898273468,0.5787357687950134,-0.38584229350090027,-1.0881131887435913,-1.4759527444839478
1.0920372009277344,0.007650870364159346,0.2124590128660202,0.93644779920578,0.5635138154029846,-0.7880025506019592,0.8595027923583984,-1.1912587881088257,0.13668036460876465,-0.04631613567471504,-0.7240375876426697,1.3932335376739502,-1.7812366485595703,-0.3060061037540436,-1.5249278545379639,-2.9471073150634766,-0.441728800535202,-1.064781665802002,-0.5118327736854553,-0.38786259293556213,-1.3564565181732178,-0.4456927478313446,0.6289117932319641,-0.8190473914146423,-0.36568495631217957,-0.7219110131263733,-1.043060302734375,-0.7561225891113281,-0.41062816977500916,0.36312535405158997,0.2559627592563629,-1.6124790906906128,-0.9674565196037292,-0.24306468665599823,1.4224222898483276,-0.031126171350479126,-1.041318655014038,0.42037537693977356,0.9873932003974915,-0.09265390038490295,1.114538311958313,-0.09928437322378159,-1.033552646636963,0.7357408404350281,0.17907565832138062,-0.7192304134368896,-1.1539180278778076,0.5137012600898743,-1.5461680889129639,-0.19918149709701538,-0.7683956623077393,0.03841600939631462,0.9897131323814392,0.656610369682312,-0.7858205437660217,-0.5969098210334778,-0.25358420610427856,-2.241530656814575,1.1270843744277954,0.8705755472183228,-0.8306487202644348,-1.2790815830230713,-1.74106764793396
-0.293348103761673,-0.23813194036483765,0.19866839051246643,0.7957850694656372,-1.077815055847168,0.03270028159022331,-0.4540485441684723,0.24711135029792786,-0.44113850593566895,-0.4572782516479492,-0.15544630587100983,-0.6272293329238892,0.28804829716682434,0.5719662308692932,1.0111770629882812,-0.19736219942569733,0.7538983821868896,-0.2016606479883194,1.010171890258789,1.906501054763794,0.09122079610824585,0.7023898363113403,-0.6317100524902344,0.04729383811354637,0.5873696208000183,-2.2352609634399414,1.4890004396438599,-0.40718916058540344,1.0694972276687622,-0.025574741885066032,0.9429191946983337,-0.07489757984876633,-2.259856700897217,1.0279580354690552,0.10805194824934006,0.9402552843093872,0.3570325970649719,-0.2810145318508148,0.37001752853393555,-0.38231658935546875,0.6019255518913269,-0.11025682091712952,0.1446564942598343,-0.23445159196853638,2.178781032562256,0.19795121252536774,-1.590713620185852,0.9550892114639282,1.2130894660949707,-1.7846723794937134,0.1965232640504837,1.4194905757904053,-0.39259597659111023,0.7717933058738708,1.0107148885726929,0.8439828753471375,1.6532601118087769,1.0407843589782715,-0.7282159328460693,0.07193654775619507,-0.4151014983654022,-0.5639213919639587,-0.23436535894870758

Slice 59
-0.07285508513450623,-1.0814372301101685,0.82895827293396,-0.152415931224823,0.6188920736312866,0.4947989881038666,0.7264929413795471,-0.08592529594898224,-0.5676683187484741,-0.7356732487678528,0.1532784402370453,1.3840711116790771,-0.3091670572757721,-0.4869900643825531,0.6600225567817688,-0.7806687951087952,-1.012553095817566,1.3240410089492798,0.7143872380256653,1.9201351404190063,-0.5299075841903687,1.5243942737579346,-0.5640195608139038,-0.34236422181129456,2.556647300720215,-0.8975152373313904,-0.4490450322628021,0.22173509001731873,-1.0735760927200317,0.16474498808383942,-0.28510957956314087,-0.29047688841819763,0.44884052872657776,0.27065905928611755,-0.5560275316238403,0.653778612613678,1.9685630798339844,-1.7883342504501343,-1.5752227306365967,1.6370426416397095,-0.30396097898483276,-0.6307325959205627,0.2704191207885742,0.2935623526573181,0.49669837951660156,-1.3041316270828247,1.2960786819458008,-0.9890090227127075,0.6111751198768616,1.0414758920669556,-0.5587755441665649,-1.039961338043213,-0.1498335897922516,1.601257562637329,-1.3330992460250854,0.3767785429954529,1.091041088104248,-0.2688869833946228,-1.5303328037261963,-0.8802717328071594,-0.6409317851066589,-1.750519037246704,-0.037050727754831314
-1.5426303148269653,-0.08708005398511887,-1.1178385019302368,0.9413291811943054,-0.2059219628572464,1.0880786180496216,-0.3563488721847534,1.15781831741333,0.8635179996490479,-0.8974500894546509,-1.0250248908996582,0.3438423275947571,-0.6248337030410767,-0.7584808468818665,0.5076174736022949,-0.27612653374671936,0.875077486038208,-1.2376750707626343,-1.214498519897461,-0.23549644649028778,-0.7794944643974304,0.3582116961479187,1.0555261373519897,0.9449477195739746,-1.28500235080719,-0.3184291422367096,0.16608251631259918,1.0845263004302979,1.5501493215560913,-0.40272656083106995,-0.20678097009658813,-0.638638973236084,-1.3629190921783447,1.2682596445083618,0.83868408203125,-0.9070440530776978,0.6398873925209045,0.19756275415420532,0.25859105587005615,1.0579328536987305,0.05444786697626114,-0.3677363395690918,-0.7500009536743164,0.6731240749359131,0.42693525552749634,-0.6968849301338196,0.9273789525032043,-0.31213846802711487,-1.3798682689666748,-0.4457920491695404,-1.4142240285873413,0.710838258266449,-0.655979335308075,-1.0774544477462769,-0.8607779741287231,0.44968080520629883,1.3512890338897705,-0.582330584526062,-0.4537494480609894,-0.6110082268714905,-0.25870367884635925,1.1549303531646729,-0.07902577519416809
-1.9682018756866455,-1.8882663249969482,-1.1806381940841675,-1.0007359981536865,0.9066228270530701,-1.0719926357269287,-0.6157465577125549,-0.4435567557811737,-0.8690816760063171,0.7777323722839355,1.3771737813949585,-0.8640801906585693,0.12030647695064545,-0.8021197319030762,0.8908730745315552,-0.07895398139953613,-0.7753515839576721,0.8000414967536926,0.4744616448879242,-0.26354050636291504,-0.6923325657844543,0.1660040020942688,1.2857989072799683,0.9810439944267273,0.36645206809043884,0.8072264790534973,-1.2468992471694946,2.082765579223633,0.7564793229103088,1.617074966430664,1.5176162719726562,-0.08884009718894958,-1.803497076034546,-0.08440595120191574,0.9490362405776978,0.18139848113059998,-0.46870875358581543,0.25173652172088623,-1.4042426347732544,-0.0419156476855278,-0.4052298963069916,-1.7311612367630005,1.1254361867904663,1.4652622938156128,-1.8156203031539917,0.49869921803474426,0.7587725520133972,1.9732235670089722,0.600597083568573,0.6503024697303772,-1.8642610311508179,1.4578708410263062,-0.6103715896606445,-0.6741230487823486,-0.46368369460105896,0.803799569606781,0.3521975874900818,1.2186940908432007,-2.089310646057129,-1.048462986946106,-0.9724926948547363,0.6660014390945435,0.32746824622154236
-0.21560817956924438,0.27928778529167175,-0.33232054114341736,-0.6801576614379883,-1.7101083993911743,-1.022419810295105,-2.1968061923980713,0.7221702337265015,-2.231240749359131,0.5807965993881226,-2.5261824131011963,1.2932875156402588,0.6629819869995117,0.7384154200553894,-2.3300609588623047,-0.17025434970855713,-2.4077017307281494,1.7687684297561646,0.19699931144714355,-1.1684718132019043,1.4014846086502075,1.008591651916504,2.1538197994232178,-0.13061179220676422,-2.8615593910217285,-0.48248544335365295,-0.9014045596122742,-0.784276008605957,-0.7426710724830627,-0.05637209862470627,1.8101497888565063,2.1888041496276855,-0.4054243266582489,-0.4012681543827057,1.7221839427947998,2.1420602798461914,-2.685042381286621,-1.2518707513809204,-0.056524552404880524,1.8326512575149536,-0.30546844005584717,1.300111174583435,-0.10066080093383789,1.6330913305282593,0.3215084671974182,0.1246233880519867,0.6810423731803894,-0.4979155659675598,2.4240429401397705,-0.13596698641777039,0.39572468400001526,0.02281573787331581,-0.8685957789421082,1.0048123598098755,-2.0447487831115723,2.3679654598236084,2.6229889392852783,-1.3632630109786987,-0.9242369532585144,0.8763155341148376,0.8885931372642517,1.8689231872558594,1.1451278924942017
0.4738459289073944,1.672439455986023,0.9039597511291504,-0.6972793340682983,0.05380016937851906,0.8159599304199219,-0.4497273564338684,0.4830566346645355,-1.2903985977172852,0.07207957655191422,-0.2222515493631363,-0.6757203936576843,0.09951138496398926,0.03216966241598129,-0.2932124137878418,-0.128590926527977,0.7819812297821045,-1.2005717754364014,0.22142423689365387,0.16940999031066895,1.3112764358520508,0.42739337682724,-0.7093077898025513,-1.2738151550292969,-0.00441486481577158,-0.03524618223309517,-0.7171280980110168,0.8131877183914185,-1.1088922023773193,-0.7072176933288574,-0.8608684539794922,0.25043246150016785,-0.514048159122467,1.062265157699585,1.2959498167037964,-1.0667659044265747,-0.4473252296447754,0.556144654750824,0.047228630632162094,0.36304301023483276,-0.4773544371128082,-0.3982381224632263,-1.0705262422561646,-0.5464128851890564,-0.4955350160598755,-0.7650967836380005,0.9396699070930481,1.5844714641571045,-0.45259201526641846,-1.1873713731765747,-0.12284008413553238,0.6845410466194153,-0.713721752166748,-1.1860443353652954,-0.34222525358200073,-0.3635421097278595,-0.17974457144737244,0.6644588112831116,0.4890449047088623,-0.2907179296016693,-0.2416824847459793,0.4406530261039734,0.1350882351398468
0.4121050536632538,0.15622097253799438,0.4459317922592163,0.523990273475647,0.9396971464157104,-0.7502313852310181,-0.5831995606422424,-1.7248591184616089,0.27054303884506226,-1.5185933113098145,-0.13236595690250397,2.2436161041259766,-1.2280927896499634,-1.6313879489898682,-0.9540507197380066,-0.20312100648880005,1.2300235033035278,0.037823550403118134,-1.033333659172058,0.06469842046499252,-0.12663179636001587,-0.010544291697442532,-0.8963117003440857,-0.3945658504962921,0.6767953038215637,-0.4387377202510834,-1.4181702136993408,0.9074586629867554,-0.7936208844184875,-0.9013655781745911,0.891080915927887,-1.0079281330108643,0.17234066128730774,1.0493719577789307,-1.8791913986206055,-0.19638191163539886,0.8658494353294373,-0.5422929525375366,-0.446706086397171,-0.6702688932418823,-0.2581343948841095,-1.0390762090682983,1.0556466579437256,-1.673615574836731,-0.8599821925163269,1.648107647895813,2.811401844024658,0.8075650334358215,0.3434714674949646,-0.8505488038063049,-1.7126325368881226,2.7842655181884766,1.8898613452911377,0.3734325170516968,-1.111847162246704,-1.470215082168579,1.3950347900390625,0.024379553273320198,2.744828701019287,-1.503816843032837,-0.9750658869743347,1.6915552616119385,-2.1226885318756104
-0.8575714230537415,-1.2692815065383911,-1.240697979927063,-1.7823697328567505,-0.756211519241333,-1.0192492008209229,-1.723858118057251,-0.6563687324523926,-0.34877604246139526,-0.6881839632987976,0.28182247281074524,-0.8194200396537781,0.9928196668624878,1.0112719535827637,1.0173004865646362,0.23648318648338318,-0.3162272274494171,-0.9266378879547119,0.07754559069871902,1.2608166933059692,-0.8675324320793152,1.1379632949829102,0.44364848732948303,-0.9545358419418335,1.1334587335586548,-0.21297065913677216,0.6563333868980408,0.8497008681297302,-0.5911504030227661,-0.7689591646194458,-0.3883749842643738,-0.0716094970703125,0.5525898933410645,1.846938967704773,-0.6153813004493713,-1.1392405033111572,2.3723785877227783,1.0144790410995483,-1.528505802154541,0.321304053068161,-0.015400278382003307,1.1303677558898926,-0.4062202274799347,-0.08671366423368454,0.6837969422340393,2.3155782222747803,1.2954484224319458,1.2601840496063232,-0.7032352685928345,0.27448415756225586,0.9848363399505615,2.0481815338134766,2.882931709289551,-0.16443772614002228,-1.5164791345596313,0.15514351427555084,-0.12308818101882935,0.592024028301239,-0.9185741543769836,0.7205503582954407,0.330154687166214,-0.16039542853832245,-1.1901441812515259
0.4296115040779114,0.9649614095687866,1.3523330688476562,1.7161643505096436,0.317848265171051,1.6594792604446411,-0.09856589883565903,0.9870795607566833,0.3369958996772766,1.1097716093063354,0.8145776987075806,0.5272188186645508,-0.7824015021324158,-0.23390160501003265,-1.086380958557129,-0.1033596321940422,0.17790663242340088,0.23214751482009888,-0.548970639705658,0.21792656183242798,-0.05271892994642258,1.1204428672790527,1.9246562719345093,0.05177270993590355,-0.9365184903144836,1.3884824514389038,-0.17280755937099457,1.7893177270889282,0.18944793939590454,0.21934960782527924,0.5408956408500671,1.1151870489120483,1.144842267036438,-1.0251377820968628,1.6111215353012085,-0.8268366456031799,-0.8986600041389465,-0.7293043732643127,0.4110622704029083,0.6814189553260803,-1.2715861797332764,-0.4150903522968292,0.25069189071655273,1.2079613208770752,0.41077524423599243,0.9180195331573486,0.9380735754966736,1.5394413471221924,1.0770339965820312,2.6933701038360596,-1.0339772701263428,1.1777048110961914,-0.19561921060085297,0.7918192744255066,-1.0693583488464355,1.5369166135787964,0.6631445288658142,0.5380552411079407,-0.4478917121887207,0.34782126545906067,-1.3106603622436523,-0.8930309414863586,0.8245565295219421
0.32956793904304504,-0.3182410001754761,0.48187923431396484,0.48559054732322693,-0.6313299536705017,-1.0547629594802856,0.23710526525974274,1.553007960319519,0.07795406877994537,0.4753524959087372,-0.4092101454734802,-0.18227186799049377,-0.0788322389125824,0.0462181530892849,2.291926860809326,0.9339365363121033,0.25886788964271545,-0.08951030671596527,-0.24211370944976807,-0.4786252975463867,-1.5808449983596802,-0.12545554339885712,1.447590708732605,1.7446556091308594,0.9416963458061218,-1.7386581897735596,-0.48884686827659607,-0.6102461218833923,-0.1723128706216812,-0.7816380262374878,-0.6282485723495483,1.4144400358200073,0.3863745927810669,0.2193720042705536,1.1589035987854004,-0.09369790554046631,1.1749505996704102,1.0313823223114014,-0.15274199843406677,-0.22653964161872864,1.6682281494140625,-0.49509260058403015,-0.6291885375976562,-0.26212504506111145,0.22542224824428558,-0.2662188708782196,-0.6679002642631531,-0.4215156137943268,0.8025130033493042,0.3953652083873749,-0.8193674087524414,-0.2959097623825073,0.8241457343101501,-0.21173149347305298,-0.001340048504061997,0.7289354801177979,-0.5777944326400757,-0.5417824387550354,1.1178919076919556,-0.6390402913093567,-0.46688783168792725,0.46741241216659546,1.5129787921905518
1.7696900367736816,-0.9324791431427002,0.4530511796474457,-1.093882441520691,-0.19831550121307373,0.5659266114234924,-0.8565859198570251,-1.10720694065094,-0.7456865906715393,-1.053386926651001,0.3493964672088623,0.16900256276130676,-0.3566281199455261,-0.2503194212913513,-0.00815231166779995,-3.149346351623535,-0.8627182841300964,0.4708566963672638,-1.896784782409668,-0.4765836298465729,-0.3299795389175415,0.8222518563270569,-1.4734233617782593,-1.0051405429840088,-0.11249735951423645,-0.4402082860469818,-0.9490450620651245,-0.19063134491443634,0.12554311752319336,0.6619117259979248,1.4545807838439941,-1.2105644941329956,0.5001749992370605,1.4023094177246094,-0.18201160430908203,-0.19161787629127502,-0.08174585551023483,1.431591272354126,-0.8162323832511902,0.10304457694292068,-2.1516642570495605,0.08977805078029633,0.9917559027671814,1.904956340789795,-0.7210709452629089,1.2773844003677368,0.1534571349620819,-0.07519784569740295,0.34138059616088867,-1.2253847122192383,0.27156779170036316,0.8246057033538818,0.9294222593307495,-0.3681749701499939,-0.760271430015564,-0.3608245849609375,-0.7366501688957214,0.7572283148765564,0.14191170036792755,-0.644236147403717,1.605286955833435,-0.36847323179244995,0.13869409263134003

Slice 60
0.6138819456100464,-0.18533803522586823,-0.4393211603164673,0.28442609310150146,-0.31143423914909363,1.7645846605300903,-2.329955577850342,0.2353438138961792,0.05383215472102165,0.9632446765899658,-2.402104139328003,-0.0758436769247055,-0.8707622289657593,-0.8187681436538696,0.9300183057785034,0.5884248614311218,0.19237764179706573,-0.014011241495609283,-1.4387388229370117,-1.2251883745193481,-0.9888142943382263,-1.0676473379135132,0.04054264351725578,1.1917732954025269,-0.6465309858322144,0.5521096587181091,-0.49897751212120056,-0.05552435293793678,1.128964900970459,1.08787202835083,-1.4776285886764526,-1.0136305093765259,-0.012381411157548428,-0.31656813621520996,-0.7048895955085754,-0.6482961177825928,0.9260339140892029,0.7776505947113037,1.1585999727249146,-1.8303699493408203,0.02517767809331417,0.5378392934799194,1.2001574039459229,0.2911835014820099,1.1076375246047974,-0.5853751301765442,-0.48090171813964844,0.2212410271167755,-0.3843223452568054,-0.6484292149543762,0.4861566722393036,-1.4919415712356567,-0.6271348595619202,1.6749790906906128,0.12359263747930527,-0.18353556096553802,-0.4452419579029083,-0.2403297871351242,-0.16860215365886688,0.034371256828308105,-0.21726511418819427,-1.4714394807815552,-1.0874087810516357
0.619283139705658,-0.3602021038532257,-0.011478959582746029,1.5605578422546387,-0.286395788192749,-0.236114040017128,0.34996190667152405,1.5657713413238525,-0.159150168299675,-1.7025842666625977,0.29464828968048096,1.500708818435669,1.2389992475509644,0.9238241910934448,-1.6193561553955078,-1.1417089700698853,-0.17524130642414093,0.28710150718688965,-1.2322163581848145,0.6612723469734192,0.8952778577804565,-0.25980842113494873,-0.2817910611629486,0.7363318800926208,-0.9056572914123535,0.11308598518371582,-0.43128857016563416,-2.0976130962371826,-0.7383167147636414,-1.5629982948303223,-0.1643581986427307,0.2342412918806076,-0.03967010974884033,-0.32951703667640686,-0.699768602848053,-1.518973708152771,-0.6752755045890808,-0.7040800452232361,1.232328176498413,0.48739486932754517,2.3966867923736572,-0.7507795095443726,-0.5075311660766602,-1.5518805980682373,-0.44790181517601013,-0.23212313652038574,1.7598881721496582,-0.6021192073822021,-1.1283469200134277,-1.2032922506332397,-1.2281230688095093,1.0816205739974976,-0.2122243493795395,0.24551303684711456,0.7026321291923523,-0.5366308093070984,-1.2633097171783447,-1.9043697118759155,2.283914566040039,0.2876007556915283,-0.16767098009586334,-1.0340442657470703,0.6295177936553955
0.5838946104049683,1.4909943342208862,1.0861963033676147,-1.5597048997879028,0.20516180992126465,0.5067296028137207,1.5622079372406006,0.06913503259420395,2.433236837387085,-0.7713857889175415,0.13175110518932343,-1.2982512712478638,-1.1330015659332275,0.16702617704868317,-0.8048334717750549,-0.5980828404426575,2.365102529525757,1.4946722984313965,-0.6118921637535095,-0.10971083492040634,-1.6866031885147095,1.2381941080093384,-1.4009000062942505,-1.900466799736023,-0.27956706285476685,-0.5232447981834412,-0.5713846683502197,0.7665339708328247,1.223663091659546,1.287310242652893,-1.9234946966171265,1.7408747673034668,-1.6926491260528564,0.23977190256118774,-0.006249076221138239,0.3790436089038849,-1.3691214323043823,-0.6804022192955017,0.29267871379852295,-0.016531342640519142,0.25295984745025635,1.220723032951355,0.2005610316991806,-0.3312038481235504,0.803071141242981,0.2609630823135376,-0.7933546900749207,1.4533934593200684,0.7013369202613831,-0.8658297061920166,1.3407799005508423,-0.7726737260818481,3.069056749343872,-0.2285490781068802,0.27616944909095764,0.3158028721809387,0.6110467314720154,0.17497912049293518,-0.14806680381298065,-1.4478719234466553,-2.2921433448791504,1.1018699407577515,-1.2452671527862549
-2.2375030517578125,-0.12960828840732574,-0.97736656665802,1.7426174879074097,-0.4581528306007385,0.06413842737674713,-0.5006937384605408,-0.756558895111084,0.5462236404418945,0.33746686577796936,-0.6645227670669556,1.2957032918930054,1.770792841911316,-1.2265353202819824,-0.7480921149253845,-1.02225923538208,-1.6967986822128296,0.383927583694458,1.2660781145095825,1.6633769273757935,0.3676500916481018,1.2031581401824951,-2.236555576324463,-0.30090558528900146,2.3890514373779297,0.3137570023536682,-0.8389583826065063,0.2255251109600067,-0.12804041802883148,1.3850585222244263,0.19031399488449097,0.4279131591320038,1.3418203592300415,-1.7251168489456177,-0.7009778618812561,1.875802755355835,-0.7452182769775391,-1.319970965385437,-0.07770504802465439,1.2925951480865479,2.212813138961792,0.34466657042503357,0.34456866979599,0.17823189496994019,1.133095383644104,0.9517844319343567,1.2420973777770996,-1.9974476099014282,-0.9958940744400024,-0.5065882205963135,0.052779629826545715,0.2899007499217987,-1.3542933464050293,1.269348382949829,-0.4706820845603943,-0.5520219802856445,2.0059115886688232,-1.2170997858047485,0.2362494170665741,0.5895604491233826,-2.2237069606781006,-0.8286918997764587,0.9190701246261597
0.2866246700286865,0.19016548991203308,-0.28806519508361816,0.17652051150798798,0.22505907714366913,-1.6878281831741333,-0.010790024884045124,0.23614759743213654,-1.4786895513534546,-0.3510408103466034,-0.38430264592170715,0.8739925622940063,0.3539106249809265,-1.58963143825531,1.1385656595230103,0.6679456830024719,-0.4135362207889557,0.6204400658607483,-0.7026620507240295,0.44364434480667114,0.018575958907604218,1.270216703414917,-0.13420036435127258,-0.8299375772476196,-0.46064355969429016,-1.3937599658966064,0.5097714066505432,-0.2292865514755249,1.4145466089248657,-0.8669754862785339,-0.44557464122772217,-0.4490588307380676,-0.5932759642601013,-0.21415577828884125,-1.2307803630828857,-0.630486786365509,0.7869016528129578,0.5618377327919006,0.029207943007349968,-0.8598632216453552,-0.3321387767791748,0.8702620267868042,-0.3136485815048218,-1.2437328100204468,1.2088571786880493,-0.19641880691051483,0.11842719465494156,1.0201513767242432,0.017019005492329597,-1.7538996934890747,1.161388635635376,0.363052099943161,-0.13385288417339325,0.8642386794090271,-0.3231838643550873,-0.04849792644381523,-0.6087353825569153,0.052369508892297745,0.5313645601272583,1.0878781080245972,-1.9246346950531006,-0.2651596665382385,0.7196295857429504
0.3614271879196167,-1.9730560779571533,-1.8143525123596191,1.8761111497879028,0.15292496979236603,0.30127057433128357,-1.688480019569397,1.8815724849700928,-0.7550188899040222,-0.13135190308094025,0.7991430163383484,0.3781653642654419,-0.754752516746521,-0.7394791841506958,0.11727556586265564,-0.6554614901542664,0.666427731513977,-0.5944377183914185,0.03619517758488655,-0.47707968950271606,0.46217456459999084,0.13074526190757751,-1.8289345502853394,0.3774462342262268,0.3061954975128174,0.12408740073442459,-1.5897105932235718,1.0998286008834839,-0.7711502909660339,-0.18320055305957794,-0.32856959104537964,-2.1082332134246826,0.3535625636577606,0.33431780338287354,2.1082346439361572,-0.2401842623949051,-0.3924333155155182,0.8683657050132751,-0.025710508227348328,-1.206390619277954,-1.6286996603012085,-1.0620899200439453,0.1644190400838852,1.033715009689331,-0.33776983618736267,2.6728508472442627,0.35913771390914917,0.42619994282722473,0.3268946409225464,0.7811647057533264,-0.716652512550354,-0.23338022828102112,0.47026944160461426,-0.5929327011108398,0.37850716710090637,-1.987147331237793,-1.101050853729248,1.9671176671981812,-1.882261872291565,-0.6513798832893372,0.17120066285133362,1.4494578838348389,0.6756905913352966
1.24101722240448,-0.5808252692222595,0.9080690145492554,0.059529781341552734,1.5138201713562012,-1.326918601989746,0.19894953072071075,0.0325639434158802,-1.1151747703552246,-0.1935194730758667,0.20841822028160095,-0.059967171400785446,1.3836718797683716,0.39270010590553284,0.49334263801574707,0.1494729369878769,0.22880539298057556,-1.7636035680770874,-0.9634851813316345,0.4665641784667969,0.9613701701164246,0.3460298776626587,0.2592208683490753,0.12508021295070648,-1.4368312358856201,-1.4611824750900269,-1.0904678106307983,1.3145785331726074,-0.18250645697116852,-0.7924306392669678,-0.650129497051239,-1.6194615364074707,0.16771557927131653,-1.198011875152588,-0.6737198829650879,-1.2005656957626343,1.024165391921997,0.26248350739479065,0.35118404030799866,2.0610499382019043,-0.6390640735626221,-2.6612000465393066,-1.4003887176513672,-0.7207152843475342,-0.8114652037620544,-1.040294885635376,0.8925724029541016,1.5086820125579834,1.9386149644851685,0.5045255422592163,-0.6790828108787537,-0.9914699792861938,0.3281388282775879,-0.9703498482704163,1.8086718320846558,-0.0647754892706871,-1.8041406869888306,1.3998910188674927,0.0963936448097229,-0.02420940063893795,0.028329836204648018,1.5666099786758423,-0.08654807507991791
-1.2186365127563477,-0.7315088510513306,0.19050225615501404,0.755298376083374,-0.983161449432373,0.4991028606891632,1.9220794439315796,-1.1276099681854248,0.6883498430252075,0.5328922271728516,-0.15842238068580627,0.46862179040908813,0.2968405485153198,-0.1690896451473236,-0.4000932574272156,0.4181500971317291,-0.021538684144616127,-1.51665198802948,-0.45779967308044434,0.9151303172111511,0.23263542354106903,-0.9714750647544861,0.6948999166488647,-2.3037967681884766,-1.6992194652557373,1.4042009115219116,-0.6160308718681335,1.3898206949234009,0.5685893893241882,-0.15406037867069244,0.32668831944465637,2.200223922729492,-0.2658511996269226,1.6678613424301147,-1.4625822305679321,-2.0786097049713135,-1.0782381296157837,0.7888049483299255,-0.23468253016471863,-0.5646457076072693,-0.20118394494056702,-0.2919248044490814,1.0558035373687744,1.8780977725982666,-1.947977900505066,2.316195249557495,0.23153382539749146,-0.09683911502361298,-0.4821013808250427,-1.2310787439346313,0.4754157066345215,1.472691297531128,0.09005105495452881,0.9089027643203735,0.18917539715766907,-1.1576893329620361,-1.451069712638855,-0.5034298300743103,0.47847041487693787,0.9130656719207764,0.7300211787223816,0.6200351715087891,0.7328441143035889
-0.6101040840148926,-1.2739924192428589,-0.04968150705099106,-0.24698945879936218,-0.4294443130493164,-0.06427178531885147,-0.6130443811416626,-1.1900097131729126,0.03358582407236099,-1.1767034530639648,-0.5936724543571472,-0.544783890247345,0.33191153407096863,-1.180166482925415,-0.5959876179695129,0.9707831740379333,1.1401052474975586,1.1726717948913574,1.2062629461288452,-0.22954407334327698,0.7594702243804932,-0.1221383661031723,-1.1929477453231812,-0.810943603515625,0.9348089694976807,0.9586617350578308,-1.7200828790664673,0.6562018990516663,0.569659948348999,-0.33902862668037415,0.8148676753044128,0.9763119220733643,-0.2403404712677002,-0.10336998105049133,0.8281813859939575,0.22207476198673248,-0.4776277244091034,-0.03318106010556221,0.6032288670539856,1.4608529806137085,-0.01660594530403614,0.5709224343299866,-0.1591791808605194,1.0761189460754395,-0.4409588575363159,0.7560244798660278,-0.46302878856658936,-0.13177956640720367,0.8326969146728516,-1.0087122917175293,0.44311758875846863,0.1042228490114212,0.7487749457359314,0.09026685357093811,-1.2194809913635254,-1.0004754066467285,0.5993142127990723,-0.9656481146812439,-1.24930739402771,0.09725689142942429,-1.0167768001556396,0.2813689708709717,0.3133641183376312
-0.9137775301933289,1.5838699340820312,-0.4364151954650879,-1.6008868217468262,-0.4263169467449188,1.5506709814071655,0.5377244353294373,-1.6366734504699707,2.6480934619903564,0.819912314414978,-0.6314772367477417,-1.210645318031311,-0.27040374279022217,-1.0705336332321167,-1.45475172996521,-0.28238192200660706,-1.165168285369873,-1.1021275520324707,0.6904211640357971,0.397234708070755,0.0178726427257061,-0.9195610880851746,0.6813339591026306,0.03896003216505051,0.09503829479217529,0.1737118810415268,0.31223851442337036,-0.05168179050087929,0.9194850325584412,1.502406120300293,-1.0694785118103027,0.4160781502723694,-0.5063808560371399,-0.7668275833129883,0.567772626876831,0.19379575550556183,-0.8120825290679932,-1.0464744567871094,0.5712364912033081,0.3864767849445343,-0.3528367877006531,0.9340506792068481,0.9933217167854309,-0.045423440635204315,0.8268701434135437,-0.39171144366264343,0.07579241693019867,-0.38740408420562744,0.746772289276123,1.8833593130111694,0.7961032390594482,1.7293556928634644,-0.6870789527893066,0.7808840274810791,-0.11712288856506348,0.8047281503677368,-0.6577712893486023,-0.12487566471099854,0.7452284693717957,-1.2390855550765991,2.387422800064087,-0.04835808649659157,-1.3847880363464355

Slice 61
0.7898206114768982,-0.21819378435611725,-1.4833331108093262,1.4127682447433472,1.273803472518921,1.2809503078460693,0.26214829087257385,-1.0773009061813354,0.45780643820762634,0.07659508287906647,0.25595012307167053,0.7129702568054199,0.201792374253273,0.04872733727097511,-0.9502719640731812,0.8878475427627563,-1.6922270059585571,0.2133643478155136,0.8648390173912048,0.2649676203727722,-1.230736494064331,-1.0529541969299316,-0.2887597680091858,-1.3497322797775269,0.5323564410209656,-0.905833899974823,0.46847662329673767,-0.4430605471134186,1.2055718898773193,-0.10283264517784119,0.31389468908309937,0.27330294251441956,1.237499475479126,-2.171985149383545,-0.18283970654010773,-1.604804515838623,0.09097202867269516,0.1332574039697647,0.0869661271572113,0.8120455741882324,0.6592488288879395,0.628371000289917,-0.027932124212384224,-1.5591055154800415,0.44188830256462097,0.3509853780269623,0.08198148012161255,-1.5255528688430786,-0.9492284059524536,-0.5055529475212097,0.6210048198699951,2.2067341804504395,-0.5007520318031311,-0.1879141479730606,0.8763006925582886,-1.0127615928649902,0.009016206488013268,0.8240137100219727,1.1381958723068237,0.6612823605537415,-0.5191940069198608,-1.17207932472229,-0.41212108731269836
1.0075024366378784,-0.46975177526474,-0.5017462968826294,-1.7009955644607544,1.073438286781311,-1.6544747352600098,-0.68187016248703,0.44821897149086,1.5263949632644653,2.358994960784912,0.6449912190437317,-0.4250327944755554,-0.5602752566337585,-1.3007235527038574,0.38046663999557495,0.3137526512145996,2.3916549682617188,-0.6642687320709229,1.7290109395980835,0.1946096271276474,1.1482998132705688,0.18967176973819733,-0.4181863069534302,1.5397464036941528,0.7111634016036987,-0.7431619167327881,-2.003877639770508,1.612998366355896,1.3419013023376465,-0.015891985967755318,-0.5930818915367126,-1.0702232122421265,-1.7283869981765747,0.20972111821174622,0.5089620351791382,1.9454445838928223,-0.30698174238204956,1.0567593574523926,-2.355684280395508,-0.21839872002601624,0.12906305491924286,-0.9666575789451599,-1.9252101182937622,1.091432809829712,0.9906885027885437,-0.07062659412622452,0.024576032534241676,-0.3685133755207062,0.10107871890068054,0.6920998692512512,-0.6487912535667419,1.0272836685180664,2.286139965057373,-0.7244539856910706,1.7597923278808594,2.542092800140381,1.1883164644241333,1.4246431589126587,-0.48180150985717773,0.02215457521378994,0.2366531789302826,0.9198379516601562,0.1950325220823288
2.408097267150879,-0.8756815791130066,0.20224033296108246,1.0258764028549194,-1.5003224611282349,0.35478508472442627,1.3015292882919312,-2.4255998134613037,0.42273619771003723,0.8899393677711487,0.682181715965271,-0.04168573394417763,-1.0004488229751587,1.9825724363327026,0.6597842574119568,0.6538224816322327,-1.6614834070205688,-1.4238677024841309,0.31242096424102783,0.6018749475479126,-0.8594780564308167,1.923851728439331,0.38047412037849426,-1.856850028038025,-0.24246665835380554,0.2971757650375366,0.5511847734451294,-0.06996350735425949,-0.8926125764846802,3.130242109298706,1.4702163934707642,-1.1408896446228027,-0.8840237259864807,0.7371150851249695,0.9588534235954285,0.8925476670265198,-0.3451681435108185,1.0508718490600586,1.3283518552780151,0.5454409122467041,-0.8422478437423706,1.2211604118347168,1.1736869812011719,0.4969227612018585,1.1031752824783325,-0.8898564577102661,0.805098295211792,-1.0539642572402954,0.48255783319473267,2.089144229888916,-1.4754794836044312,0.36539894342422485,0.5490683913230896,0.9677907228469849,-0.17468267679214478,0.05087358504533768,-0.6401422023773193,-0.2650870680809021,-0.7681100964546204,0.04342382401227951,1.842139720916748,-1.4500653743743896,-0.8927503824234009
0.2188103348016739,-0.3477003276348114,-1.174320936203003,-0.4744321405887604,0.6676383018493652,-0.34210261702537537,-1.048336386680603,0.27270618081092834,-0.9522789716720581,-0.35354822874069214,1.4326519966125488,0.5758612155914307,-0.9018242955207825,-0.15908406674861908,-1.0460572242736816,-1.1718753576278687,0.9544528722763062,-0.716422975063324,-0.2137443721294403,-0.11399180442094803,-0.9109813570976257,1.1451314687728882,-0.9735589623451233,0.771701991558075,0.7543182969093323,-1.0984034538269043,-0.7868284583091736,-0.08278035372495651,1.791046380996704,0.5504941344261169,-0.9642300605773926,-1.1896438598632812,-0.661691427230835,0.05125085636973381,1.256720781326294,-0.08024759590625763,-0.6268121600151062,1.735115885734558,-0.8956030607223511,0.05534443259239197,0.011479263193905354,1.514709711074829,0.596207320690155,1.3511552810668945,1.3878501653671265,-1.1521693468093872,-0.23980633914470673,-1.6082638502120972,0.48118990659713745,1.0885610580444336,0.9811643362045288,0.3762061893939972,0.3797760009765625,0.4226151406764984,0.7305462956428528,-1.1642428636550903,2.704176425933838,0.09290055185556412,-0.5591019988059998,-0.9111258387565613,-0.06037525087594986,0.4338054955005646,-0.430948406457901
-0.3474895656108856,-1.1750292778015137,-0.3654468059539795,0.9572155475616455,-0.5029077529907227,0.6067782044410706,-0.5118079781532288,-0.3590872883796692,-0.9399467706680298,-1.145416021347046,1.7278145551681519,1.8936054706573486,0.30006781220436096,-2.132791519165039,0.2089722901582718,1.1134873628616333,0.7457948327064514,0.01503237709403038,-0.3311865031719208,-0.6762167811393738,-0.5307320952415466,-2.0126185417175293,0.16719582676887512,1.1812046766281128,1.8574860095977783,-0.4451887309551239,-1.579057216644287,-1.2555060386657715,1.5015161037445068,-0.49283212423324585,0.1979590654373169,-0.6463000774383545,0.8156014084815979,-0.9217137694358826,0.42153704166412354,-1.0602396726608276,-0.9027448892593384,1.2050023078918457,0.55018550157547,-1.6684520244598389,-0.22786475718021393,0.8703087568283081,0.17601339519023895,-0.30525627732276917,1.2862956523895264,0.3148167133331299,-1.4115842580795288,-0.4054547846317291,0.15696878731250763,-0.6712071895599365,1.9671821594238281,0.3451232314109802,-0.23258942365646362,-1.049655556678772,-0.1261344999074936,-0.08228570967912674,0.9494045972824097,-1.3986760377883911,-0.5587348937988281,-1.078039526939392,-0.8990628123283386,-1.6814250946044922,-0.8956071734428406
0.9206372499465942,-0.01007127109915018,1.7145172357559204,-0.1952144056558609,0.6797470450401306,-0.7962376475334167,0.4697761833667755,-0.11644908785820007,-0.5204437971115112,-0.11541435122489929,-0.12865999341011047,-0.1030329093337059,-1.1281815767288208,0.47638139128685,0.8338197469711304,-0.6106382012367249,-0.329363077878952,-0.13297004997730255,-1.001764178276062,0.6935771107673645,-2.027376890182495,-1.0137273073196411,-0.04296417161822319,0.6948837637901306,0.8201613426208496,1.439788818359375,0.32324090600013733,-1.8224661350250244,0.3703056573867798,0.6585170030593872,-0.4867403507232666,-1.248760461807251,-0.36820048093795776,1.6001421213150024,0.38185036182403564,-0.14100582897663116,-0.09400273114442825,0.44993463158607483,-0.6810834407806396,0.09599205106496811,0.5344719290733337,-0.33929309248924255,0.10060398280620575,-1.0380117893218994,1.9849774837493896,0.4911518096923828,1.578368067741394,-1.2277483940124512,-0.9192459583282471,-0.938149094581604,0.16244618594646454,-0.15647532045841217,-0.9650978446006775,0.8398862481117249,-0.2999628782272339,0.9303552508354187,-1.3565831184387207,1.8799176216125488,-0.8124462962150574,-1.1902772188186646,-1.0458184480667114,1.5507700443267822,-0.37918972969055176
-1.3458800315856934,0.6887621283531189,-1.215010643005371,-0.3895827531814575,0.6028730273246765,0.6339259743690491,0.4733084738254547,-0.14770293235778809,1.125645637512207,-0.1586618721485138,-0.5634897947311401,0.3977089524269104,-1.046388030052185,-0.4029456377029419,0.6347889304161072,-1.0507371425628662,0.3491913974285126,0.9023352861404419,-0.4727412462234497,1.5495744943618774,-0.8508288860321045,-0.4548998773097992,0.41479191184043884,-1.1685394048690796,-0.9771172404289246,-0.5363360643386841,-0.9686676263809204,0.5488564968109131,0.8814396858215332,0.3647666871547699,1.9859459400177002,-0.4484751224517822,0.15799157321453094,-0.815036952495575,-1.149001121520996,0.4610528349876404,0.7644442915916443,-0.2000245302915573,0.8612284064292908,2.4596974849700928,-0.01704259403049946,2.6587116718292236,1.4838241338729858,1.9952526092529297,1.0258474349975586,-0.6087896227836609,1.4383289813995361,-0.6244837045669556,-2.019246816635132,-0.4331362843513489,0.22422707080841064,0.7935240864753723,0.9433397650718689,0.26533612608909607,-0.14445316791534424,-0.7266631722450256,-1.332472324371338,-1.10789155960083,0.24756906926631927,1.96592116355896,-0.4131001830101013,-0.1330437958240509,-1.2222942113876343
-1.0414798259735107,2.063490390777588,1.1684855222702026,1.3588547706604004,0.8833678364753723,0.3703247606754303,0.6938454508781433,0.9791585206985474,-0.3803175985813141,-0.4397817552089691,0.8693795800209045,-1.8548920154571533,-1.3637654781341553,0.5518510937690735,0.5459682941436768,1.1571481227874756,-0.896544337272644,-2.100085973739624,0.4842334985733032,-2.21386981010437,-0.07818374782800674,-0.9017254114151001,1.3302193880081177,0.26543229818344116,-0.6962888240814209,2.0433425903320312,-1.3214058876037598,-0.7098641395568848,0.36685964465141296,0.6207177639007568,-0.24860718846321106,-1.394309639930725,-1.016606092453003,-0.6757701635360718,0.9382148385047913,-0.7544416189193726,-2.465060234069824,-1.6446013450622559,1.1169867515563965,0.01968473568558693,1.4821951389312744,-2.2807672023773193,-1.8651553392410278,-1.114665150642395,0.05207120627164841,-1.272537112236023,-0.8412681221961975,-1.666485071182251,1.1243044137954712,-1.6677910089492798,0.06987893581390381,0.8128628730773926,-0.5281370282173157,-2.160905122756958,0.3588769733905792,0.1342007964849472,-1.0325782299041748,-0.4892891049385071,1.4874050617218018,-0.41346263885498047,-0.03774796798825264,0.1476108729839325,-0.043179702013731
-0.615369439125061,-0.7211032509803772,-0.06666336953639984,2.09089732170105,0.22984053194522858,1.1432816982269287,1.587099552154541,0.6170024275779724,1.3032540082931519,0.0849369615316391,0.0750693678855896,-0.3584938943386078,-0.7394716739654541,-0.9629122018814087,1.7185002565383911,-0.950607419013977,-0.04048696905374527,1.4874287843704224,0.04936470091342926,0.579269528388977,-1.3789945840835571,0.17353275418281555,-0.32285141944885254,1.4526060819625854,-0.5630650520324707,0.17820733785629272,-1.1410032510757446,-0.30880430340766907,-0.3855555057525635,0.3194859027862549,-0.060698069632053375,-0.998546302318573,0.31341496109962463,0.02614680677652359,1.7225797176361084,1.407305359840393,1.621455192565918,-0.4726438522338867,0.06744032353162766,1.7182743549346924,-0.34380751848220825,-0.22287210822105408,-0.4373486340045929,0.44796454906463623,0.8551585674285889,2.049773693084717,-0.3855658173561096,0.20028667151927948,-0.7921594977378845,0.7472941875457764,1.356748342514038,-0.8753653764724731,1.0217924118041992,-1.1391161680221558,0.24395537376403809,-0.21526755392551422,1.2162352800369263,-1.6173442602157593,-1.15578031539917,0.6695840358734131,1.654534101486206,-0.013676853850483894,-0.9885470271110535
-0.7690648436546326,-2.0249385833740234,-1.2519428730010986,-0.7641780972480774,-0.10494253039360046,-0.814223051071167,-1.1228041648864746,0.2740252912044525,-1.7702902555465698,1.015787124633789,-0.03482041135430336,-1.0971683263778687,1.1382033824920654,-1.632655382156372,1.7132976055145264,-1.4628500938415527,-0.2858084738254547,-1.745375156402588,1.2960752248764038,1.4775899648666382,0.40066149830818176,-0.8773227334022522,-2.359015941619873,0.45878279209136963,-0.6714255213737488,-0.947772204875946,-0.43088671565055847,0.25675588846206665,-1.6838988065719604,-0.17651672661304474,-0.9901285171508789,-0.2719980478286743,1.5893434286117554,0.928593099117279,0.4319953918457031,0.30321255326271057,2.349738836288452,-0.7932558655738831,-0.8599777221679688,-0.5127699375152588,1.754512906074524,-0.5966243743896484,-0.011984257027506828,0.6777750849723816,1.1135107278823853,1.7189892530441284,1.5634069442749023,-0.27995339035987854,0.8225483894348145,-1.003679871559143,0.44488659501075745,-0.42501768469810486,-1.806300401687622,0.4998824894428253,0.2600795030593872,-0.7343476414680481,-1.556068778038025,-0.48353111743927,-0.28366875648498535,-0.6852890849113464,0.052365805953741074,-0.24669213593006134,1.4759178161621094

Slice 62
-0.9728774428367615,0.2633209526538849,-0.7473829984664917,-1.6568723917007446,1.3609462976455688,1.3269593715667725,-0.006204213481396437,0.7193528413772583,0.553428590297699,-0.4286390542984009,-0.43514469265937805,-1.2549868822097778,-0.183055579662323,-0.7627139091491699,1.3257858753204346,-0.7463440895080566,1.46738862991333,-0.5645230412483215,-0.954840362071991,-0.35276100039482117,0.6032909750938416,0.14197461307048798,-0.8656591773033142,0.15218248963356018,-0.009746011346578598,-1.3630518913269043,1.8665528297424316,-2.312711000442505,0.15513768792152405,0.23962737619876862,-0.7223966121673584,0.24175843596458435,1.154723882675171,-1.297510027885437,0.20991267263889313,-0.4650898873806,-1.5942994356155396,0.21541327238082886,0.023025594651699066,1.1144158840179443,0.9649713039398193,0.5060069561004639,-1.416430950164795,-0.04213965684175491,1.675282597541809,0.08475211262702942,1.7092061042785645,-1.0769370794296265,-0.18319450318813324,0.7197092175483704,0.13312862813472748,-0.8809258341789246,-0.9146007299423218,0.8551627397537231,0.9551646113395691,0.7116178870201111,0.1613682508468628,0.7461457848548889,-0.08619435876607895,-1.2061560153961182,-0.3775844871997833,-1.5737740993499756,0.8692002296447754
0.6603971123695374,1.0472428798675537,-0.9111426472663879,-0.40343716740608215,-1.3694207668304443,1.285335898399353,-1.9611154794692993,-0.1781833916902542,0.7469908595085144,-0.859256386756897,1.1063839197158813,-0.7475517392158508,1.0474913120269775,1.4026802778244019,-0.3030700981616974,0.03345683962106705,1.05296790599823,1.5871607065200806,2.3167450428009033,2.2807953357696533,0.608812689781189,0.09128901362419128,-0.33448344469070435,-0.09189304709434509,1.080081582069397,-1.6859642267227173,-0.6054015755653381,0.27484044432640076,-0.9276032447814941,0.3031352758407593,-0.5608651041984558,-0.3551987409591675,0.12606383860111237,-1.0653501749038696,-0.3304431438446045,-0.32280656695365906,-0.47438475489616394,-0.3603370487689972,0.3395024538040161,0.044985610991716385,-0.9658836126327515,0.7930548191070557,0.841267466545105,-1.0678766965866089,-0.49256911873817444,0.6996987462043762,1.1846884489059448,1.593144416809082,0.12270006537437439,0.536068856716156,-0.782428503036499,0.49236786365509033,0.05736713856458664,1.1852915287017822,1.6781517267227173,-0.5015423893928528,-1.281471610069275,-1.8401612043380737,1.0968903303146362,-0.3933894634246826,0.7814457416534424,-0.4501844346523285,1.5814461708068848
-0.8104813694953918,1.3190195560455322,-1.8578544855117798,0.6710829138755798,0.1575329601764679,0.3361264765262604,-0.7422767281532288,0.8215903043746948,-0.8805866837501526,-0.9692073464393616,0.33492475748062134,1.5601011514663696,-0.33079564571380615,0.7178630232810974,-1.2813057899475098,-0.5547582507133484,-0.05175607651472092,2.1925745010375977,0.6896041631698608,-0.5406721234321594,-1.6585310697555542,-0.21629540622234344,-0.13900960981845856,-0.09546048939228058,0.40445980429649353,-1.2875744104385376,0.14449726045131683,-0.941044807434082,1.7001389265060425,0.9026822447776794,0.24906723201274872,0.5183553099632263,-0.3718273639678955,0.02053060568869114,1.255964994430542,0.009750557132065296,-1.257286548614502,-0.3805617392063141,-0.20177048444747925,-1.2814503908157349,-1.0678790807724,-1.1312998533248901,-0.29741132259368896,0.46169301867485046,0.35785186290740967,-0.27232491970062256,1.7346165180206299,0.9057098627090454,0.9150289297103882,-1.2218992710113525,0.5255414247512817,0.552800714969635,0.657095730304718,0.7559535503387451,0.2659635543823242,1.1055114269256592,-1.009834885597229,0.20211055874824524,-0.3526584506034851,0.019406655803322792,0.464752197265625,0.39973223209381104,-0.2159639149904251
-2.3331096172332764,-0.3013991117477417,0.44204527139663696,-0.5820884704589844,-0.04350396618247032,0.375018447637558,0.4346647560596466,0.9369202256202698,1.471124529838562,1.6245123147964478,-1.1405693292617798,-0.7209247946739197,0.6715867519378662,0.5387957692146301,1.3726978302001953,-1.5024995803833008,-0.0402403399348259,0.4748970568180084,0.07463035732507706,0.13430503010749817,-0.8500930070877075,-0.016606206074357033,0.05867592245340347,-0.27589091658592224,1.3674396276474,0.24341608583927155,-0.3252429664134979,0.24674786627292633,0.3341423273086548,0.3663608729839325,0.8671711087226868,0.5938820242881775,0.510046124458313,0.9143835306167603,1.0239516496658325,0.6631777882575989,-0.8208850026130676,1.5687358379364014,1.1837350130081177,0.17497248947620392,1.9231829643249512,1.7014344930648804,-0.8073295950889587,0.3952397108078003,-1.1105930805206299,0.5135128498077393,-0.2700846195220947,-0.34462907910346985,0.8379485607147217,0.44339093565940857,0.271835058927536,0.0185854472219944,-2.1114773750305176,0.2952345013618469,-1.3139042854309082,-0.8601154088973999,1.1094053983688354,0.6716137528419495,0.013959705829620361,-0.8040837049484253,0.9263659715652466,-0.07560083270072937,1.3296300172805786
-0.2753792703151703,-1.3067818880081177,0.9406232237815857,0.1802440583705902,-0.41129252314567566,-1.4275761842727661,-0.18277280032634735,-0.07833295315504074,0.5739302039146423,0.11650974303483963,-1.6652127504348755,-0.8438485860824585,-0.17158105969429016,0.7522730827331543,-0.03033946268260479,-1.0433765649795532,-0.09745264053344727,0.47391965985298157,0.9796128869056702,1.466806411743164,0.35627347230911255,1.6644625663757324,-0.433481901884079,-0.015194332227110863,-0.3973477780818939,0.037382133305072784,-1.4065351486206055,0.7009571194648743,-0.27248087525367737,0.48693302273750305,-0.13967950642108917,0.6953414082527161,-1.3194949626922607,0.12255536019802094,-0.3798387348651886,-0.4938926696777344,-0.40410274267196655,-0.7804660201072693,0.16993096470832825,-1.3297255039215088,-0.39880427718162537,-0.021693535149097443,1.2321971654891968,-0.4826444983482361,1.2899006605148315,1.3757840394973755,-0.015690451487898827,-0.9077420830726624,-0.7339537739753723,-1.1015831232070923,-0.23481746017932892,-1.2317230701446533,0.472799152135849,0.2092883437871933,-0.34697598218917847,1.2610516548156738,0.6312403678894043,0.4359469711780548,1.264378547668457,-0.7621518969535828,0.12802666425704956,-0.8883184790611267,-1.2943142652511597
0.2561259865760803,-1.1892129182815552,-0.38977235555648804,-0.6313884258270264,1.0448623895645142,-1.7794941663742065,0.6308668255805969,-1.357264518737793,1.2024660110473633,0.225486159324646,-0.44272086024284363,0.18133912980556488,-0.8809386491775513,-1.0085949897766113,0.9064255356788635,-0.03134089335799217,0.4693077504634857,0.2694472372531891,-0.18658573925495148,0.4099053144454956,0.4174196720123291,-0.054030876606702805,1.2904247045516968,-1.5186131000518799,0.38395488262176514,-0.14293380081653595,-1.1727830171585083,-1.0043672323226929,-0.4731338620185852,-0.40052199363708496,-0.7059959769248962,-0.5494999289512634,-2.514488458633423,-0.0912807509303093,-0.23970581591129303,1.096641182899475,-1.1760934591293335,0.46161848306655884,-0.9378926157951355,-0.4966208338737488,0.37242254614830017,0.19786900281906128,0.5376447439193726,0.7767871618270874,0.25829142332077026,1.3653162717819214,-1.0457547903060913,0.36274322867393494,0.12078728526830673,-2.036616325378418,1.3598861694335938,0.5898317098617554,-0.9502855539321899,-0.36879727244377136,-1.299035906791687,0.6362234950065613,-0.34185677766799927,-1.0484684705734253,1.2278157472610474,-0.8806719779968262,0.6827134490013123,0.004615509882569313,0.5878808498382568
1.4171980619430542,1.088249921798706,0.15578202903270721,1.484122395515442,0.2263503223657608,0.8069773316383362,0.43882638216018677,-1.4118541479110718,-0.5365672707557678,-0.3433188796043396,1.497351884841919,0.28172802925109863,-0.6278567910194397,0.7481979131698608,0.8501898050308228,-0.055272042751312256,0.7132816910743713,1.6530158519744873,2.7191812992095947,1.2554854154586792,-1.619715690612793,-0.5832574367523193,0.5346892476081848,0.4229300320148468,2.621507406234741,0.43653151392936707,-0.681996762752533,-0.29022321105003357,1.2123726606369019,0.5413233637809753,0.37304094433784485,-0.7776512503623962,0.8502927422523499,-0.8649198412895203,-0.27375712990760803,0.10194658488035202,-1.3429386615753174,-0.053898002952337265,-0.4023895859718323,-1.228446364402771,-0.1353888064622879,-0.34386199712753296,0.40467536449432373,1.0394706726074219,-0.9379335045814514,0.9619170427322388,0.01676366664469242,2.3007240295410156,0.8340842127799988,1.394348382949829,0.491738885641098,1.4234601259231567,0.06292755901813507,0.7838858366012573,1.117146372795105,-0.20906154811382294,-0.21272313594818115,-0.22908616065979004,0.20367927849292755,0.8189365267753601,1.2648674249649048,1.0535873174667358,0.19023780524730682
0.03012186475098133,1.4768714904785156,0.6500575542449951,-0.045421477407217026,-0.7705856561660767,-0.006545628886669874,0.28203651309013367,-0.3133348226547241,-0.8175613880157471,-0.41355061531066895,-0.3109557628631592,-1.0246938467025757,0.7181580066680908,0.5917863845825195,-0.9655920267105103,2.055061101913452,1.7330601215362549,0.8041014671325684,0.025297023355960846,0.0036972039379179478,0.4753987193107605,1.6571332216262817,1.6654932498931885,-0.37720462679862976,0.7590486407279968,1.4041025638580322,1.037487506866455,0.43557310104370117,-0.5371620655059814,-1.5258880853652954,-0.39334559440612793,2.2320480346679688,0.9756405353546143,0.34280428290367126,-0.7317425608634949,-1.5018818378448486,-0.5109748244285583,-1.3985493183135986,-0.8236382007598877,0.9428662061691284,-1.3013408184051514,0.7850232720375061,-0.007893846370279789,0.853534460067749,0.46429044008255005,0.15636073052883148,0.12329360097646713,-1.3033417463302612,-2.0870392322540283,0.38878363370895386,-0.3747212588787079,-1.0025604963302612,0.9483816027641296,1.6195570230484009,0.632120668888092,0.8716427087783813,0.2683559060096741,-0.5953496098518372,-0.017661292105913162,1.7498213052749634,-0.15001460909843445,2.5405642986297607,1.580386757850647
-0.038000818341970444,0.6198733448982239,-0.697433352470398,-0.3834325075149536,0.6561626195907593,-0.6083312630653381,-0.7904848456382751,0.8761906027793884,0.054289646446704865,-0.9926393032073975,0.1483316868543625,-0.01296279113739729,-2.433950185775757,-0.4764353930950165,-1.714424729347229,-0.9022856950759888,0.9062805771827698,0.07406403124332428,0.6663075685501099,0.07364970445632935,-1.960890769958496,-0.09331271797418594,-1.3929762840270996,-1.0072866678237915,0.46766963601112366,-0.08507003635168076,1.4717668294906616,0.5219195485115051,1.0225309133529663,-0.013985192403197289,-0.41362857818603516,0.618280827999115,-0.29752177000045776,1.565578818321228,0.034377314150333405,-0.02243032306432724,-0.703043520450592,0.14852429926395416,0.8723794221878052,-0.4824753999710083,-0.6775394082069397,0.8377916812896729,0.9410260319709778,-1.7305102348327637,0.6810263991355896,-0.7067833542823792,-0.4493774473667145,0.758518397808075,0.010647762566804886,0.21309810876846313,-0.9825264811515808,0.41204050183296204,-1.686806559562683,0.7747735977172852,0.18062488734722137,0.5649248957633972,0.5668036341667175,-0.9367263317108154,1.0049165487289429,3.086421012878418,-0.39814257621765137,0.18342718482017517,-1.013046145439148
0.9917647242546082,1.1129395961761475,0.03766283765435219,1.2554216384887695,0.6060851812362671,0.2767041325569153,0.23556175827980042,0.2444128394126892,-1.1509757041931152,0.7016642093658447,-0.4126008450984955,-0.7637961506843567,0.4129579961299896,1.3410358428955078,-0.6225681900978088,-1.1698397397994995,1.0257246494293213,0.5493142604827881,0.9784029126167297,0.11835504323244095,-1.102298617362976,-0.7682448029518127,-0.8679186701774597,-0.6537229418754578,-1.208890438079834,0.728355348110199,0.14167727530002594,0.20285093784332275,0.7161918878555298,-0.4958777129650116,2.02380633354187,-0.3467046618461609,-0.17009009420871735,-0.10826850682497025,0.7499409317970276,-0.383327841758728,-0.7682285308837891,0.2529948949813843,0.424788236618042,-0.4930417537689209,-0.38604092597961426,-0.20041419565677643,-0.17193087935447693,-1.3020738363265991,-0.46634647250175476,0.6137644052505493,0.6184685230255127,1.127988338470459,0.03428132086992264,-0.5513548851013184,-0.47805631160736084,-0.7949960827827454,-0.7307978272438049,1.0319701433181763,-0.04018692672252655,-0.5134522318840027,0.46156978607177734,-0.5166394710540771,0.395646870136261,-0.15119141340255737,0.85020911693573,-1.2710775136947632,-0.6082165837287903

Slice 63
-2.2651681900024414,-0.46058812737464905,-0.14629767835140228,-1.3405548334121704,0.7425212264060974,1.397102952003479,-0.07780906558036804,-0.8468307852745056,-0.17632660269737244,-1.6600168943405151,1.0983916521072388,-0.2996373474597931,0.6684278845787048,-1.3815208673477173,-0.4666965901851654,-0.1589459776878357,0.8046589493751526,-2.045758008956909,0.19248871505260468,0.38773438334465027,0.05478089302778244,-0.9678845405578613,0.3742845952510834,-1.9114059209823608,-0.9121684432029724,3.205134868621826,1.9488177299499512,0.049252428114414215,1.2582398653030396,0.5860709547996521,1.2746777534484863,-0.8409243226051331,0.7570641040802002,1.0949381589889526,2.0614242553710938,0.24000388383865356,-0.32089856266975403,1.0940675735473633,2.3374061584472656,0.8750686645507812,-0.6688405871391296,-0.4191848337650299,1.7918751239776611,0.023545248433947563,-0.6554994583129883,0.08663143217563629,2.1301329135894775,0.7714362144470215,0.29780200123786926,0.31761640310287476,0.06799493730068207,0.5639684796333313,0.34451043605804443,1.0668764114379883,0.09032582491636276,0.7031764388084412,-0.28156939148902893,1.5139286518096924,-0.1618737131357193,0.47534215450286865,-1.2238211631774902,0.6533717513084412,-1.4615072011947632
-0.023940596729516983,1.5523761510849,-0.20013944804668427,0.5158615708351135,-0.6331908106803894,0.5431241989135742,0.9086395502090454,-1.1701421737670898,-0.5638310313224792,-0.18077507615089417,1.0591906309127808,-1.3549156188964844,-0.9481823444366455,0.3859163224697113,0.8882854580879211,0.0695766732096672,0.11534026265144348,-0.2647099792957306,0.9193823933601379,-0.35163426399230957,0.019394801929593086,0.16883563995361328,1.4628180265426636,0.9287720322608948,-0.08951441943645477,2.139225959777832,-0.42757633328437805,-0.6654114723205566,1.0813332796096802,-1.063974142074585,1.4028809070587158,0.17121833562850952,0.6632133722305298,0.99595046043396,-0.473493754863739,-0.8430652022361755,-0.7259892821311951,-0.27530011534690857,0.6016969680786133,0.4294329583644867,-0.4405142068862915,-0.10588759183883667,0.2720181941986084,-1.1055853366851807,-0.6516068577766418,1.863629698753357,1.1076220273971558,-1.2986125946044922,0.3249618113040924,1.0836080312728882,-0.6151458621025085,1.4205350875854492,1.2543866634368896,1.6555153131484985,0.7782618999481201,-0.9427384734153748,-0.6194239854812622,-0.6993162035942078,-1.7140098810195923,0.08516708016395569,-0.13715629279613495,-0.5858340859413147,0.41413429379463196
-0.31979063153266907,-0.6320245265960693,0.651945173740387,0.18323557078838348,-2.0752968788146973,0.2688151001930237,0.680132269859314,-0.9708987474441528,-1.325046420097351,0.2582675814628601,1.5711637735366821,0.7989726066589355,-0.5016252994537354,-1.202974796295166,0.7817092537879944,-0.6663402318954468,0.3237009346485138,1.5359972715377808,-0.1449243128299713,-0.4858115315437317,-1.010040044784546,0.4148077070713043,0.05747160315513611,1.573913335800171,0.5454899072647095,0.9608644843101501,1.1880100965499878,-0.2297532558441162,1.4937697649002075,-0.008273804560303688,1.1263008117675781,-1.1388517618179321,0.017852528020739555,2.0142910480499268,0.3515240252017975,-0.08044563233852386,-1.1450905799865723,-1.2660504579544067,0.02458326146006584,0.5664534568786621,-0.5824499130249023,0.07133875042200089,-0.8772488832473755,-0.4985295832157135,-0.7550923824310303,0.05161190405488014,-0.7504761219024658,0.048683878034353256,0.789579451084137,0.27858421206474304,0.5575980544090271,2.4529976844787598,0.03565063700079918,-1.3531757593154907,-0.8945308923721313,-1.2734313011169434,-0.6868950724601746,-1.6333692073822021,0.17516250908374786,-1.1926084756851196,-1.147740125656128,1.3612719774246216,-1.3200501203536987
-0.07734689861536026,0.9067432284355164,1.051181435585022,0.09730005264282227,-0.4740712642669678,-0.5344119071960449,2.2222023010253906,-0.249464213848114,-0.25513744354248047,0.6567053198814392,-0.21981893479824066,-0.8592826128005981,1.5113900899887085,0.028556566685438156,-0.6513105034828186,0.32101380825042725,-0.8844001293182373,0.015773732215166092,-1.6526881456375122,-1.396668553352356,1.1160330772399902,0.8259037733078003,1.3738223314285278,1.2018966674804688,-0.5084259510040283,-0.4729037284851074,0.7589638829231262,1.0291471481323242,-0.4568752944469452,-1.5284919738769531,-0.4149019122123718,0.5292729735374451,-0.5879274606704712,0.8796266913414001,-0.23135939240455627,-0.21696756780147552,-0.16587863862514496,-0.5878507494926453,-0.7245761156082153,-1.5411328077316284,0.023622961714863777,-2.1503384113311768,0.5260317325592041,0.456215500831604,-1.4268356561660767,0.5964471101760864,0.4200757145881653,0.12432877719402313,-0.058953192085027695,-0.8534666299819946,1.0581003427505493,0.4965253472328186,-1.0804212093353271,0.466703325510025,-0.8429814577102661,0.4173869490623474,-2.2148189544677734,-0.6693507432937622,1.7977888584136963,-0.5721210837364197,0.21932122111320496,-0.6475503444671631,-0.5823333263397217
-1.743320107460022,0.7283692359924316,2.575472593307495,0.9553329944610596,0.6509014368057251,-0.21376600861549377,0.713273286819458,-0.26780077815055847,1.333991527557373,-0.6388011574745178,0.5201535820960999,-0.6971717476844788,0.8613615036010742,-0.08008426427841187,0.8850299119949341,0.4991748034954071,-0.40486088395118713,1.7374614477157593,-0.5372769236564636,0.39895036816596985,1.2611533403396606,0.07728367298841476,-1.0152801275253296,1.366263508796692,-0.43094828724861145,1.1120579242706299,1.4937944412231445,-1.4562548398971558,0.9856934547424316,-0.8838183879852295,0.9540246725082397,1.7191954851150513,1.343997836112976,-0.1443670392036438,-0.5429739356040955,-0.05463673546910286,0.7280628085136414,0.043246276676654816,-0.6926838755607605,1.4074018001556396,-0.12171847373247147,0.007476069964468479,1.1113072633743286,1.9950848817825317,0.30003029108047485,-0.7935779094696045,-1.9803489446640015,-2.0663373470306396,0.7827596068382263,0.14910274744033813,-0.7242707014083862,0.14181357622146606,0.7213200330734253,-1.6425762176513672,1.9208117723464966,-1.0063762664794922,-1.1453821659088135,-1.032256841659546,1.346374273300171,1.0787677764892578,0.03072459064424038,-0.13940934836864471,0.34764769673347473
-1.1138200759887695,-0.21048904955387115,0.5757911205291748,0.5484435558319092,1.1850910186767578,1.4456013441085815,-0.6980798840522766,0.09561634808778763,-1.7421427965164185,0.35265612602233887,0.13289450109004974,2.2482712268829346,0.9192264080047607,-1.3787100315093994,0.40744253993034363,-1.200900912284851,-1.0313360691070557,1.422152042388916,0.09210459887981415,-1.1314311027526855,-0.879554271697998,-0.7673774361610413,0.09728540480136871,1.1505582332611084,-0.6188716888427734,0.09922587126493454,-0.1793862283229828,-2.0793559551239014,-0.5009071826934814,0.9435339570045471,0.2526978850364685,-0.4575936496257782,-0.9588967561721802,-0.5484675765037537,-1.3992270231246948,1.9931429624557495,-1.0084760189056396,0.19438695907592773,-1.1705390214920044,-0.5384353399276733,0.03679414093494415,-0.9751236438751221,2.2849504947662354,-0.9211933612823486,0.7510355710983276,-0.822949230670929,0.8231279850006104,1.3039194345474243,1.0421217679977417,-0.5830560326576233,-1.8708606958389282,0.5101131200790405,1.439832091331482,0.2585740387439728,0.42867109179496765,-0.9205941557884216,-1.9292618036270142,0.38935258984565735,-0.05464300885796547,-1.1391549110412598,-1.1846728324890137,0.8892514109611511,-0.46567869186401367
0.2890947759151459,0.010234171524643898,0.5439226627349854,1.0074806213378906,1.2040187120437622,-2.4078853130340576,-0.6621841192245483,1.9681291580200195,0.6095080971717834,-1.9841997623443604,-0.40329182147979736,-0.3745757043361664,-0.8996554017066956,-0.03578212112188339,0.8471035361289978,0.920840322971344,1.4591064453125,0.1527707278728485,0.5991133451461792,0.49273496866226196,0.10806932300329208,1.0199733972549438,-1.2410104274749756,-0.24678955972194672,1.5055158138275146,0.17029455304145813,-0.728331446647644,0.285258024930954,-0.41244369745254517,0.8917648792266846,0.8802561163902283,1.1870983839035034,1.1657482385635376,-1.9511702060699463,-0.7655707001686096,0.1349927932024002,-0.28370264172554016,-0.5480151772499084,0.7023442387580872,1.8368321657180786,-1.117533802986145,0.6274080872535706,-0.7067196369171143,-0.00971850287169218,0.950614333152771,1.1282416582107544,-1.5820765495300293,-0.26144644618034363,-0.35436832904815674,-1.6568491458892822,1.1106173992156982,1.2445168495178223,0.8002058267593384,0.7065480351448059,0.3260112702846527,0.32706621289253235,0.9917855262756348,0.3353380560874939,-1.1665210723876953,-1.3918875455856323,-1.0613677501678467,-0.7140588760375977,1.1642855405807495
-0.5133867859840393,0.8933577537536621,-0.7710410952568054,0.10233950614929199,0.21764396131038666,0.2747421860694885,0.23898163437843323,-0.8007810115814209,-0.5008670687675476,0.23416122794151306,-0.3597501814365387,0.28787872195243835,0.33808812499046326,-0.31311723589897156,0.3392968475818634,0.5293781757354736,0.5336979031562805,-0.8398120403289795,1.9038065671920776,1.2235853672027588,1.5078519582748413,1.2017163038253784,1.391610026359558,0.04467342421412468,0.8930841088294983,0.8072801828384399,-0.13758622109889984,-1.1982091665267944,-0.8337110877037048,-0.20041945576667786,-0.1413651704788208,1.0461288690567017,0.7420617341995239,-1.0548073053359985,-0.21321766078472137,-0.8063932657241821,2.0632665157318115,0.019914165139198303,-0.17024250328540802,-1.5709097385406494,-0.013010676018893719,0.2688255310058594,0.030560432001948357,0.5190316438674927,0.8167282938957214,0.8328605890274048,-0.36922869086265564,-0.9684855341911316,-0.557062566280365,1.470917820930481,-1.3961682319641113,0.32180777192115784,0.42121440172195435,0.437847375869751,-0.5073842406272888,-1.0798149108886719,-0.7619398832321167,1.001115322113037,-0.4929346740245819,0.4297686517238617,0.8700388073921204,-0.14297136664390564,0.6118128299713135
1.5772151947021484,-1.307726502418518,-0.9713867902755737,1.435988187789917,-0.3171885311603546,-0.6432720422744751,-0.928045928478241,-0.4206632375717163,-0.15644724667072296,-0.5725939869880676,-0.29169848561286926,-1.0134105682373047,-0.1926552653312683,1.6838654279708862,1.763900876045227,-0.23934045433998108,0.59694904088974,-0.3294265568256378,1.1189182996749878,0.7909601926803589,-0.1333300918340683,0.011593129485845566,-1.2756164073944092,-0.41793039441108704,1.0955569744110107,-0.14429764449596405,0.3893051743507385,0.2829330265522003,-0.6531062722206116,0.3492633104324341,0.9603111743927002,-0.7114689350128174,1.4581336975097656,-0.35527902841567993,0.6251955032348633,-1.6225640773773193,0.6855146288871765,1.5927724838256836,0.8928064703941345,0.5386144518852234,-1.0425350666046143,0.10663311928510666,-1.1735397577285767,0.8782006502151489,0.03439033776521683,1.4228776693344116,0.08850033581256866,-0.31890466809272766,-0.5634354948997498,-0.656125545501709,0.7685045599937439,0.10012327879667282,0.7990468740463257,1.1702284812927246,-0.510631263256073,1.198201298713684,1.493601679801941,-0.6302585601806641,1.4668303728103638,-0.935955286026001,1.017981767654419,-0.5855136513710022,0.47187599539756775
-0.937580943107605,0.69691002368927,-0.40316542983055115,0.8490033149719238,0.005145194940268993,-0.14430400729179382,0.673089861869812,2.0318872928619385,1.037827968597412,-0.3251035213470459,1.2146810293197632,-1.3372758626937866,0.6543089151382446,0.5671728849411011,0.5968672037124634,-0.2600158154964447,1.3709557056427002,0.3501794636249542,-0.10513277351856232,-0.6732079386711121,1.6465646028518677,0.03352178633213043,-0.8629365563392639,0.23412206768989563,0.27483490109443665,0.4046783745288849,-0.10970273613929749,-1.1894400119781494,1.0443439483642578,-1.9580341577529907,1.1166850328445435,1.4651447534561157,0.8849669694900513,0.5249595046043396,-0.7773422598838806,-0.619878888130188,0.17687734961509705,-0.08416544646024704,-0.924040675163269,0.6415333151817322,0.6610076427459717,-0.19421589374542236,0.5785905122756958,1.855729103088379,-1.7883710861206055,0.8487683534622192,-0.10227937996387482,-0.16706781089305878,1.2323837280273438,0.12451966851949692,-0.6652904748916626,0.5762220621109009,-0.792873740196228,0.5640738010406494,1.3418574333190918,-0.6883383989334106,-0.81392502784729,0.6923927664756775,1.2071927785873413,0.06611018627882004,0.2810116410255432,-1.143270492553711,-0.4883342981338501

Slice 64
0.2400796115398407,0.2468540370464325,-0.39942044019699097,1.1629129648208618,0.35848841071128845,-1.4327747821807861,0.9084927439689636,0.9030194282531738,-2.0636887550354004,0.5985679030418396,-0.30064260959625244,-0.03540319949388504,-0.485070139169693,-0.7257550954818726,0.25596749782562256,0.12304668873548508,-0.5801917314529419,-0.011365552432835102,1.3572535514831543,-0.15418866276741028,-0.3332553207874298,-1.060974359512329,-0.5912575125694275,-1.2271394729614258,0.08105561882257462,0.3680970370769501,1.9453322887420654,0.5455469489097595,-0.24603953957557678,1.1003214120864868,1.7383686304092407,-0.7851499319076538,-0.31154701113700867,-1.9745498895645142,-1.0582295656204224,1.3313372135162354,0.65556800365448,-1.6820164918899536,1.3474109172821045,0.304586261510849,0.681578516960144,-0.8554847836494446,0.0302469152957201,-0.2732716202735901,0.7343527674674988,1.9051222801208496,-0.4482506215572357,-0.583605945110321,1.2719902992248535,0.7336897253990173,-0.1523958295583725,0.3751676380634308,-0.7606519460678101,-0.48204517364501953,-0.05459687113761902,1.1208184957504272,2.6244137287139893,-1.6443713903427124,-1.0810800790786743,0.24055731296539307,-0.761816680431366,0.8442332148551941,-1.1006730794906616
0.33524298667907715,0.8279159069061279,-1.3013355731964111,-0.43805962800979614,-0.5035474896430969,-1.1504268646240234,0.11809763312339783,-0.17522409558296204,0.7769602537155151,0.2828056216239929,-1.0737406015396118,0.12713830173015594,1.3385820388793945,0.9181090593338013,-0.8035769462585449,0.8481886386871338,-0.36861950159072876,-1.926769733428955,-0.5147196054458618,-1.2336359024047852,0.05224396288394928,-0.38601773977279663,-1.2454988956451416,-0.6219996809959412,-0.4067862927913666,-2.0475854873657227,0.7135804295539856,0.8036049604415894,-0.9761760234832764,0.09993278980255127,-1.17423677444458,-1.1309547424316406,-0.3797290325164795,-2.1290063858032227,-0.36162513494491577,-0.8625892996788025,-0.3415721356868744,-0.42666324973106384,-0.09387418627738953,-0.030981525778770447,-0.1849396526813507,-1.4335564374923706,-2.1744425296783447,0.42738035321235657,-0.771142303943634,0.37215593457221985,0.3016180098056793,-1.1836422681808472,0.02583998627960682,-1.7228940725326538,1.3236234188079834,-1.7928019762039185,0.4315342307090759,0.07745636254549026,-0.8940011858940125,-0.03652143105864525,0.39428287744522095,-1.688408613204956,0.39131826162338257,0.8515107035636902,1.7907698154449463,-0.819814920425415,-0.16797327995300293
-0.5394853353500366,1.4831994771957397,-0.8668671250343323,-1.1393604278564453,-0.426546186208725,0.878261923789978,0.5441364645957947,1.1272600889205933,0.6651111245155334,-0.16426223516464233,-1.321796178817749,-0.7089396715164185,0.9277052879333496,-0.5514510273933411,-0.27292490005493164,-0.4939478039741516,1.2704943418502808,1.2387683391571045,-0.5641205310821533,-1.1208633184432983,-1.2866997718811035,-0.15257897973060608,1.5498645305633545,-0.13532599806785583,-0.7306587100028992,0.10206803679466248,0.2131509631872177,0.006559755187481642,-1.3344190120697021,0.7745758295059204,-0.8238454461097717,-0.5929480791091919,0.7428784966468811,0.4057117998600006,-0.18487748503684998,0.8126644492149353,-0.6555784344673157,-0.6846571564674377,-0.6523559093475342,-0.22059132158756256,-0.26164713501930237,-0.16327250003814697,-0.009507915936410427,-1.7416329383850098,-0.6702300310134888,-0.5472559332847595,-0.026548875495791435,0.7844977378845215,0.6650151610374451,0.6776814460754395,1.1262233257293701,-0.8397694230079651,-0.7109516263008118,1.2086925506591797,-0.8233749270439148,-0.7673717141151428,1.868877649307251,-0.500407338142395,1.0540255308151245,0.7792897820472717,-0.15428534150123596,-0.4792045056819916,0.3470842242240906
-0.24591819941997528,0.31316235661506653,-0.4971066415309906,-0.3351522982120514,-0.6710277795791626,1.2824499607086182,0.20179304480552673,0.5081226825714111,-0.8345160484313965,-1.2372021675109863,-0.273397833108902,-0.5634792447090149,-0.1884004771709442,-1.717255711555481,0.28299620747566223,0.5157082676887512,-0.4677601456642151,-0.8761162161827087,-0.5840336084365845,0.043058473616838455,0.4032953381538391,-1.0957928895950317,-0.3207875192165375,0.508792519569397,-0.8293918967247009,0.3071778416633606,0.3686235547065735,0.8573163151741028,0.02333991788327694,0.5900730490684509,-0.5961942076683044,0.04405598342418671,1.8503226041793823,-1.1415538787841797,-1.1090571880340576,1.721222162246704,-0.5307678580284119,-0.7020025253295898,0.8241662979125977,0.4590531587600708,0.5076007843017578,2.1923165321350098,0.4414792060852051,0.39669865369796753,0.5414789319038391,-0.3149150609970093,1.6102567911148071,0.6783155798912048,0.3976391851902008,-2.071676254272461,-1.1833950281143188,-0.0882367268204689,0.10099953413009644,0.25375643372535706,1.5641019344329834,0.5839899182319641,1.4764145612716675,-0.674361526966095,-0.6392642855644226,0.9283329248428345,0.2071496546268463,0.6639042496681213,-1.4665685892105103
-0.46817031502723694,2.0373904705047607,0.3935662508010864,-0.26445135474205017,-0.055292852222919464,0.2764754295349121,1.808315396308899,2.0853402614593506,0.41885021328926086,1.4289823770523071,0.9421924352645874,0.443236380815506,0.3470796048641205,0.3816906213760376,1.0640774965286255,-1.5930976867675781,1.8894331455230713,-0.38077396154403687,-0.06494181603193283,-0.3399202823638916,-1.0207173824310303,0.14664584398269653,-0.6321616768836975,-1.0591422319412231,0.531281054019928,-0.9782738089561462,-0.13723383843898773,-0.0844711884856224,-0.32140713930130005,-1.3127830028533936,-0.43096232414245605,-0.2701994478702545,0.531221866607666,0.5217133164405823,-1.3402018547058105,1.2185981273651123,0.38746580481529236,0.4567796587944031,-0.4476023316383362,-1.488574743270874,-0.15395888686180115,0.5830656886100769,-1.6293939352035522,-1.0946284532546997,-1.3318194150924683,-0.5681283473968506,-0.7010536193847656,1.9081476926803589,-1.9064313173294067,-0.8361483216285706,0.523740291595459,1.1645981073379517,-0.9074200987815857,0.764944851398468,-0.8299362659454346,0.1631178855895996,-0.6836476922035217,-0.11626795679330826,0.6269402503967285,-0.34647777676582336,0.14502538740634918,-1.4877034425735474,-1.2838910818099976
-0.8037840127944946,0.04183269292116165,-0.16848812997341156,-2.0495574474334717,-2.0015926361083984,-0.2261698842048645,1.5048717260360718,-0.4038374722003937,-1.1697430610656738,0.4225432872772217,0.9177786111831665,0.22056671977043152,0.821663498878479,-0.8141154646873474,-0.4779677093029022,-1.2809152603149414,-0.14199651777744293,-1.1168076992034912,-1.3746165037155151,1.014821171760559,-0.9118922352790833,-1.9100803136825562,-0.7913010716438293,0.5051972270011902,-1.5350096225738525,-0.012306575663387775,0.2986994981765747,0.8667333722114563,-0.6291022896766663,-0.1468038409948349,0.04690873622894287,-0.16943639516830444,-1.5598324537277222,0.28591668605804443,-2.076087713241577,-0.7328158617019653,-1.810819387435913,-1.4165549278259277,0.01286317128688097,0.15120042860507965,0.7401677370071411,-0.9339455366134644,-0.2585756778717041,-0.4187069237232208,-1.9302895069122314,0.40497836470603943,-0.554565966129303,-0.8614532351493835,-2.5824344158172607,-0.9727743864059448,-1.08045494556427,-1.1204835176467896,-0.2829422354698181,0.15726274251937866,-1.5929503440856934,-1.7207083702087402,-1.4334867000579834,-0.20243361592292786,-1.875793218612671,1.9922913312911987,0.304313600063324,0.46104907989501953,-0.20609566569328308
1.7432377338409424,-0.21398814022541046,0.37241461873054504,0.591900110244751,0.01684604585170746,-1.7911491394042969,2.1096081733703613,-0.25990331172943115,-0.6772031784057617,-0.2961093485355377,0.512691855430603,-0.6255735754966736,-0.689911961555481,0.07093442231416702,0.22133995592594147,-1.1887617111206055,-0.8542987704277039,-0.03407192602753639,-2.3879809379577637,-1.0076512098312378,-1.1529960632324219,-0.569404125213623,-0.43149393796920776,-1.1147873401641846,2.848567247390747,-1.3439348936080933,-0.16144436597824097,-1.3869107961654663,-0.6958304643630981,0.4147326946258545,-1.1726645231246948,0.9329192042350769,0.3618716299533844,1.3624070882797241,1.3835575580596924,1.9180372953414917,1.0395435094833374,2.3029847145080566,0.0812288224697113,-1.5983411073684692,-2.003969669342041,-0.7076955437660217,-0.4011106491088867,-1.008217215538025,0.20156466960906982,-0.8251652121543884,-1.639631986618042,-0.4187648296356201,0.9123284220695496,-0.5321387648582458,0.04719527065753937,0.24450227618217468,-1.5424376726150513,0.604775071144104,1.172655701637268,-0.2734805941581726,-0.0010820821626111865,1.1007493734359741,-1.0736052989959717,0.08791293203830719,-0.08482073992490768,0.28631308674812317,-1.445252776145935
-0.5618062019348145,0.8517504930496216,0.33744218945503235,1.6912217140197754,0.4307404160499573,0.08737920969724655,0.24029913544654846,0.9269021153450012,-0.8254331946372986,-0.1292153149843216,0.4293175935745239,1.2663570642471313,-0.4110519587993622,-1.078688144683838,1.9315361976623535,0.7091750502586365,1.2018465995788574,-0.5712292790412903,0.4656270742416382,0.4932279884815216,-1.17647123336792,0.27437877655029297,0.5193611979484558,-1.5490541458129883,0.011634972877800465,1.0359612703323364,1.2741416692733765,-0.48200324177742004,1.192514181137085,-0.24750769138336182,0.8188298344612122,-1.5326858758926392,-0.6360599994659424,-0.11543072760105133,0.21943524479866028,0.8157802224159241,0.7471923232078552,-2.015817642211914,1.0051639080047607,0.5844988226890564,-0.3168600797653198,-0.9815440773963928,1.258098840713501,-0.010934331454336643,-0.3956873416900635,0.836671769618988,0.07900112122297287,0.08109217882156372,1.3101105690002441,1.5888713598251343,-0.13031630218029022,1.2455257177352905,-0.9138578772544861,-0.8806917667388916,-0.23561789095401764,1.7070574760437012,0.6627905368804932,-1.4775608777999878,0.7765512466430664,-2.048555850982666,-0.47926124930381775,-0.25606897473335266,0.07185762375593185
-0.746396541595459,0.6634619832038879,0.005398850422352552,-0.26577410101890564,2.5079946517944336,1.193007230758667,0.6279630064964294,0.5658159852027893,-0.8444705009460449,1.5900264978408813,-0.18128010630607605,1.8778334856033325,-0.9494960308074951,0.8895214796066284,1.3689898252487183,-2.447328805923462,0.7874271869659424,-1.2110016345977783,-0.03510599583387375,-0.8377339243888855,-1.4454783201217651,-1.183304786682129,2.044710874557495,-1.430766224861145,-0.05504252761602402,0.41064149141311646,-0.5433744192123413,-0.8210248947143555,-0.5315001606941223,-0.18315017223358154,0.060740187764167786,1.5667002201080322,-0.38624051213264465,0.17488378286361694,1.6467297077178955,0.8900519609451294,-0.7039921283721924,1.2551839351654053,-1.2816839218139648,-1.777847409248352,-1.1270220279693604,0.5876203179359436,-1.6271196603775024,-1.1853479146957397,-0.2110934853553772,0.31971681118011475,-0.8246857523918152,0.07091408967971802,0.8572319149971008,0.6459041833877563,-0.874180793762207,-0.44897928833961487,0.2545401453971863,1.1157034635543823,-1.962415099143982,-0.33369240164756775,1.253353238105774,0.7374327182769775,-0.5370112657546997,0.5479978322982788,0.5228816866874695,1.2091139554977417,-1.6879018545150757
-0.05517549812793732,-0.7079454064369202,1.6829487085342407,0.603678822517395,-1.8569118976593018,-0.34800952672958374,0.24178405106067657,0.008892457000911236,0.7968716621398926,0.16779309511184692,0.8981421589851379,0.05767490342259407,0.5219144225120544,1.2521036863327026,1.3529601097106934,0.01567198894917965,-1.1346904039382935,-1.125961422920227,-0.2551634609699249,0.853835940361023,0.9206020832061768,0.7110863924026489,0.9780110120773315,0.24959512054920197,-0.532139778137207,0.7155013084411621,1.3881484270095825,-0.14867323637008667,1.6368128061294556,-0.7172596454620361,0.36567890644073486,1.1675145626068115,0.985131561756134,0.3020078241825104,0.39101794362068176,0.8604758381843567,1.8338907957077026,-0.14474141597747803,1.4633009433746338,1.4971152544021606,-0.6708101034164429,-0.21803690493106842,0.28603366017341614,0.7802445292472839,-1.6525145769119263,0.8989450335502625,1.3666200637817383,0.342774361371994,-1.2032434940338135,-1.5089613199234009,0.1034477949142456,2.101186752319336,-0.6000216007232666,-1.5783690214157104,-1.3044089078903198,2.2454237937927246,-0.4580850303173065,-0.11522559076547623,-0.019140111282467842,0.034407131373882294,0.5164257884025574,0.9234195947647095,-0.35863882303237915
