64 21 21

Slice 1
0.05538242682814598,-0.0825810432434082,0.001224513165652752,0.020680654793977737,-0.003979991190135479,-0.09460821002721786,0.0181682538241148,0.004311257507652044,-0.03866724297404289,0.01004324946552515,0.06753624230623245,0.02647228166460991,0.07961221039295197,-0.026319950819015503,-0.06860210001468658,-0.017448173835873604,0.003740679705515504,-0.012373141013085842,0.014589435420930386,0.015346763655543327,-0.023236393928527832
-0.012763964012265205,0.03360506147146225,0.038243167102336884,-0.007511194795370102,-0.018882332369685173,0.16122911870479584,0.02296607941389084,0.0021519216243177652,0.015601594932377338,0.008523568511009216,-0.024417849257588387,-0.01941627822816372,-0.02509656548500061,-0.018714867532253265,-0.05243033915758133,-0.0155640235170722,-0.0028196934144943953,-0.041239090263843536,0.04169079661369324,-0.15684010088443756,-0.046978581696748734
0.006839592941105366,-0.01083521917462349,-0.004178481176495552,0.10324005037546158,0.06455536931753159,-0.04600362107157707,0.02589881420135498,0.20152536034584045,0.03840150311589241,0.024104293435811996,-0.05820039287209511,-0.03426934778690338,-0.020536215975880623,0.019355852156877518,-0.0018673655577003956,-0.035733938217163086,0.005836705677211285,0.009219363331794739,-0.02009839378297329,-0.011267401278018951,-0.026021527126431465
0.058647919446229935,-0.01776421256363392,0.0053162844851613045,0.030497437343001366,2.1277031919453293e-05,-0.004297468811273575,0.055801063776016235,-0.007367963436990976,-0.021206341683864594,-0.05643090605735779,0.07901511341333389,-0.01563205197453499,0.06879855692386627,-0.05872127041220665,0.08552201092243195,0.17142562568187714,0.06129734590649605,-0.007269956637173891,-0.0600232258439064,-0.003517800010740757,-0.07430010288953781
0.02733742818236351,0.10033808648586273,-0.031434379518032074,-0.14608606696128845,-0.007057481445372105,-0.008247212506830692,0.05072891339659691,0.09915738552808762,-0.035330336540937424,-0.042417898774147034,0.01972845010459423,-0.0041610365733504295,-0.17280720174312592,0.01615365967154503,-0.030936289578676224,-0.025496836751699448,0.001560057164169848,0.04481527581810951,0.016787877306342125,-0.03268333896994591,0.008039099164307117
-0.03149309754371643,-0.0046127294190227985,-0.026540281251072884,0.0029280788730829954,0.016388284042477608,-0.09959849715232849,0.02000526525080204,-0.011124365031719208,0.050096478313207626,-0.017541158944368362,-0.042783141136169434,-0.03808823227882385,-0.0284214299172163,-0.0572139210999012,0.058670904487371445,0.02913559041917324,0.010293150320649147,0.05718225985765457,-0.050782497972249985,0.001586928148753941,-0.033816318958997726
0.00014418120554182678,0.032705847173929214,0.052087265998125076,-0.002674120245501399,0.08432331681251526,-0.020262131467461586,-0.02414732426404953,0.007902826182544231,0.04005785286426544,-0.0014384035021066666,0.009986897930502892,0.03095105290412903,-0.04026972874999046,0.02538694255053997,0.06294462084770203,-0.0016801015008240938,0.02411336824297905,0.11006695032119751,0.004996476229280233,0.13580536842346191,-0.009606471285223961
-0.03522711247205734,-0.05217931047081947,-0.035759929567575455,0.033323340117931366,0.002508133416995406,-0.04018451273441315,0.026507653295993805,-0.05393487587571144,-0.02250884473323822,0.055291447788476944,0.050128888338804245,-0.06681401282548904,0.044107574969530106,0.14587682485580444,0.011547594331204891,0.018932372331619263,-0.11005298793315887,0.007439380511641502,-0.014652680605649948,-0.05596121773123741,0.06336966902017593
-0.013882744126021862,-0.012765354476869106,0.03741045296192169,0.03473449870944023,-0.1585303246974945,-5.5846252507762983e-05,-0.022548768669366837,0.007945192977786064,0.04202006757259369,-0.0192696675658226,0.0009406197932548821,0.05697135254740715,0.06315509229898453,-0.03678499162197113,-0.0004831497208215296,-0.040550872683525085,0.005572807975113392,0.04171909764409065,0.036432117223739624,0.04823845997452736,-0.005220396909862757
-0.01354606356471777,0.09805850684642792,-0.06411609053611755,-0.02074984647333622,-0.06283137202262878,0.0008198590949177742,-0.007317536510527134,-0.04991711303591728,-0.000527657219208777,-0.1182805523276329,-0.00029136569355614483,-0.03901173919439316,-0.026118729263544083,-0.061080098152160645,-0.016069039702415466,0.02835128642618656,-0.05735371634364128,0.003278080141171813,-0.02070198953151703,-0.07135462760925293,-0.10057134926319122
0.016593387350440025,0.046008557081222534,-0.0729968398809433,-0.026308322325348854,0.05407194048166275,-0.05010560527443886,0.018594129011034966,0.0182159673422575,0.061162520200014114,0.017514633014798164,0.03525552526116371,0.0019569918513298035,-0.0026541370898485184,0.02145395614206791,-0.0694134533405304,0.0060263266786932945,-0.04524165019392967,-0.0036325622349977493,0.05471587926149368,0.041927218437194824,-0.028353027999401093
0.04170015826821327,-0.06115110218524933,-0.010802483186125755,-0.022191384807229042,0.02402946725487709,0.05374547466635704,0.018130116164684296,-0.04206389561295509,-0.1370576024055481,-0.006779784802347422,-0.009949836879968643,-0.0016398930456489325,0.024924473837018013,-0.11290103942155838,-0.09374257177114487,-6.38262354186736e-05,-0.08583658933639526,0.046673085540533066,0.024052957072854042,-0.00912215281277895,0.01948903128504753
0.042550042271614075,0.008113455958664417,-0.008726987056434155,0.020498001947999,-0.007773560006171465,0.11226752400398254,0.18189042806625366,0.020746368914842606,0.03066745214164257,0.023698972538113594,0.05392277240753174,0.018725192174315453,0.011504855006933212,0.02000911347568035,0.020084740594029427,-0.09188821911811829,0.003244310850277543,0.14263348281383514,-0.10670936852693558,-0.04945896938443184,0.03202520310878754
0.00834727380424738,0.015199162997305393,0.025134913623332977,-0.029192224144935608,-0.04217841476202011,0.002225948264822364,0.0018757361685857177,-0.04933701828122139,-0.1409420222043991,0.10588986426591873,-0.05194784328341484,-0.010010727681219578,0.042077790945768356,-0.015802767127752304,-0.03749135509133339,-0.025240659713745117,0.012191036716103554,0.047432977706193924,0.006011573132127523,-0.15234005451202393,0.03869476541876793
0.07746464759111404,-0.053128961473703384,-0.00964422058314085,0.030584899708628654,-0.0019914282020181417,0.10242095589637756,0.041104089468717575,0.059689152985811234,0.05501876771450043,0.04112536832690239,-0.09909430146217346,-0.05587983876466751,-0.05621250718832016,0.007549459580332041,0.09151299297809601,0.042003829032182693,-0.08619703352451324,-0.008830581791698933,0.07812457531690598,-0.08752097189426422,-0.01344083808362484
-0.061282556504011154,-0.05323522910475731,0.034768830984830856,-0.01776256412267685,0.006819611415266991,-0.038009416311979294,0.08713583648204803,-0.0001848465035436675,-0.06967709213495255,0.0016518249176442623,0.05303129553794861,0.03670988976955414,-0.0752117931842804,0.032259631901979446,-0.10038741677999496,0.03496011346578598,-0.016602177172899246,0.02459966018795967,0.014521494507789612,-0.019063297659158707,0.07073759287595749
-0.014208286069333553,0.05773249641060829,-0.03998748958110809,-0.04263406619429588,0.049770940095186234,0.0013972996966913342,-0.0047548264265060425,0.0036256881430745125,-0.00014647476200480014,0.13040633499622345,-0.030580610036849976,0.15670259296894073,0.028482170775532722,-0.019936194643378258,0.002998210256919265,-0.00963541679084301,0.03243735805153847,-0.0044855717569589615,-0.04998881742358208,0.013096499256789684,0.04102195426821709
0.01816973276436329,0.009585289284586906,0.04303593188524246,-0.012550725601613522,0.10343269258737564,-0.034904953092336655,-0.05604005232453346,0.02187967672944069,0.054681189358234406,0.019488362595438957,0.10529808700084686,0.014186101965606213,-0.07039657980203629,0.020979657769203186,0.0068135629408061504,-0.01993413269519806,0.008501366712152958,-0.02275119349360466,0.05465202033519745,-0.04899531975388527,-0.00987620372325182
-0.004631802439689636,-0.04848174378275871,0.08389943838119507,0.01144094206392765,0.011783010326325893,0.008607028052210808,-0.09178988635540009,-0.047545354813337326,0.08432392030954361,0.10457723587751389,-0.0022109628189355135,0.013323875144124031,0.09234520047903061,0.006143856793642044,-0.004221871495246887,-0.1617387980222702,-0.014943032525479794,0.019299466162919998,-0.02722257748246193,-0.039653245359659195,-0.054744161665439606
0.07580067962408066,-0.015008920803666115,0.2644897997379303,-0.009273375384509563,-0.05893569439649582,-0.03038601391017437,0.039166729897260666,0.13675005733966827,0.02413005568087101,-0.03527717664837837,-0.14892615377902985,0.1194484531879425,-0.1960757076740265,-0.1399168074131012,0.039875566959381104,0.14799052476882935,0.009228717535734177,0.016561511904001236,0.09852388501167297,-0.05004694685339928,-0.15337590873241425
0.07098856568336487,0.0877457931637764,0.0612434446811676,0.04728616401553154,-0.04293254017829895,0.012519716285169125,-0.06065624952316284,-0.030379701405763626,-0.031566668301820755,0.015599854290485382,-0.060327012091875076,0.02371053770184517,-0.025900669395923615,0.0421328991651535,0.014965256676077843,-0.03910886496305466,0.016282740980386734,0.001025293255224824,-0.07245270162820816,-0.04631860926747322,0.20234070718288422

Slice 2
-0.06265998631715775,-0.08390188962221146,-0.008559737354516983,0.028942463919520378,0.000586276757530868,0.061437662690877914,-0.0014065832365304232,-0.0028939801268279552,0.06992898136377335,-0.03395029529929161,-0.2168784737586975,-0.0859246477484703,0.07129782438278198,0.041908737272024155,0.05504544824361801,0.0359233021736145,0.09020547568798065,-0.015159394592046738,-0.021117547526955605,-0.04491506889462471,0.1694308966398239
-0.06010683253407478,0.07489307969808578,-0.06499762088060379,-0.013108909130096436,-0.0022297154646366835,-0.057199619710445404,-0.05934079736471176,-0.08878060430288315,0.0062003484927117825,0.05866199731826782,-0.20717836916446686,-0.009960394352674484,0.07726559042930603,0.0003561551566235721,0.03473057225346565,-0.044709596782922745,0.08167079091072083,-0.007778834085911512,-0.06412515044212341,0.07192545384168625,0.057474568486213684
-0.002514231950044632,-0.049678485840559006,-0.04434395581483841,-0.09802517294883728,-0.029430221766233444,-0.08240743726491928,-0.1045226976275444,-0.15105968713760376,0.03019973263144493,0.12609431147575378,-0.04893624782562256,-0.005705836694687605,-0.0019049870315939188,0.035309504717588425,0.02307344228029251,0.13177917897701263,0.030111035332083702,0.06615473330020905,0.03482254594564438,-0.006236189976334572,0.010435572825372219
-0.04496452584862709,0.08305226266384125,0.030556324869394302,0.024380777031183243,-0.21982578933238983,-0.03349607437849045,0.032911188900470734,-0.022708578035235405,-0.023225096985697746,-0.03247721865773201,0.03124607354402542,-0.0015720351366326213,0.1397266387939453,0.1210177093744278,-0.0848400667309761,-0.056455355137586594,0.06824588030576706,-0.1431242972612381,-0.03319433331489563,-0.009016118012368679,-0.08908909559249878
-0.04089617729187012,-0.016877586022019386,-0.06480808556079865,0.016423532739281654,-0.04793492332100868,-0.09796244651079178,-0.02666396275162697,0.08804673701524734,-0.0960555151104927,0.002682942431420088,0.08000525832176208,0.010257868096232414,-0.01412241067737341,-0.04625774547457695,-0.05410556495189667,0.010631822049617767,0.007317584007978439,0.019580930471420288,0.04146302118897438,0.0021558955777436495,0.059918586164712906
-0.0619187168776989,0.041597623378038406,-0.025786926969885826,0.059865307062864304,-0.03493994474411011,0.14682695269584656,-0.049315452575683594,0.0015741337556391954,0.0460934080183506,0.050991401076316833,0.0988098680973053,-0.025585219264030457,0.10647701472043991,0.033518463373184204,-0.07728453725576401,-0.04373062774538994,-0.07808747887611389,0.01940128579735756,0.02354324236512184,-0.05050366744399071,-0.01927422545850277
0.04988692328333855,0.03858046978712082,0.03179432451725006,0.07339523732662201,-0.13648925721645355,-0.020850922912359238,0.016016103327274323,0.017463326454162598,-0.040378034114837646,-0.1253095269203186,-0.021126652136445045,0.0536835603415966,-0.03056231513619423,-0.03783426433801651,-0.0015199841000139713,-0.12183955311775208,-0.03036593645811081,-0.14114117622375488,0.09557858109474182,0.07334885746240616,-0.14446376264095306
-0.07565055787563324,0.0486476831138134,0.04245612770318985,-0.07914712280035019,0.007206689566373825,0.08687038719654083,-0.0367414653301239,-0.01241057738661766,-0.0042578005231916904,0.05364224687218666,0.10264212638139725,0.01356768049299717,-0.03968138247728348,-0.052806153893470764,-0.10664375871419907,-0.07075335085391998,0.03083101101219654,-0.049810539931058884,0.10009105503559113,0.023686034604907036,-0.08063507825136185
-0.002652576891705394,-0.06694159656763077,-0.06042572483420372,0.08993582427501678,0.08776610344648361,0.009845925495028496,-0.011486100032925606,0.01605510152876377,-0.1103249043226242,0.058709148317575455,-0.052289433777332306,0.029464397579431534,-0.02337108738720417,0.019385285675525665,-0.09954329580068588,-0.0768929272890091,-0.15150079131126404,-0.09303796291351318,-0.02348749339580536,-0.06127725914120674,-0.08659926801919937
0.0546584278345108,0.04890569671988487,-0.07929658889770508,-0.005042854230850935,0.0042579686269164085,0.025344934314489365,0.01260917354375124,-0.07881725579500198,-0.08707033097743988,-0.0528111569583416,-0.0355224683880806,0.07569371908903122,-0.03792130574584007,0.0018039299175143242,0.04274553805589676,-0.16635069251060486,0.1461469978094101,0.08819621801376343,0.06463697552680969,-0.01914646476507187,0.009395215660333633
0.037708863615989685,-0.031302016228437424,0.015628192573785782,0.021446969360113144,0.003999805543571711,0.13452954590320587,0.04950208216905594,-0.0012165468651801348,-0.09740976244211197,-0.018716972321271896,0.0042488169856369495,-0.041803404688835144,-0.008839286863803864,0.025456037372350693,-0.04417899623513222,-0.020247722044587135,0.0092018349096179,-0.04935908317565918,-0.02722899243235588,-0.003460934618487954,0.007808146998286247
-0.0905192643404007,-0.0257511455565691,-0.08956070244312286,0.01747293211519718,0.05724835768342018,-0.02998761273920536,0.02834172733128071,-0.021528037264943123,0.02064592018723488,0.02669183351099491,0.012349776923656464,0.0003495928831398487,-0.06875050812959671,0.0381530299782753,-0.0036223512142896652,0.0036958165001124144,-0.06019377335906029,-0.1273491382598877,0.005732275545597076,0.028492987155914307,-0.1527315378189087
0.003458983963355422,0.032495904713869095,-0.05895805358886719,0.015045082196593285,0.03591461479663849,-0.18917928636074066,0.0179970171302557,0.01785225048661232,0.011770823039114475,-0.11213231086730957,-0.16076436638832092,-0.0227317214012146,0.0021893309894949198,0.07298722863197327,-0.0059552183374762535,-0.020048953592777252,-0.017131540924310684,0.08958976715803146,-0.1865299940109253,0.0639929547905922,-0.05979803949594498
0.056042756885290146,-0.012416085228323936,0.1080356016755104,-0.008693692274391651,0.053246911615133286,-0.015245181508362293,-0.06994139403104782,-0.010874276980757713,0.004716678988188505,-0.04837216064333916,0.026233745738863945,0.0012628126423805952,-0.011065058410167694,-0.09864994138479233,0.025549698621034622,0.10725369304418564,-0.006526975892484188,-0.04827143996953964,0.0447470061480999,-0.0010894624283537269,0.021848397329449654
0.08625368028879166,-0.011446640826761723,0.07229508459568024,-0.016435863450169563,0.11844220757484436,0.01593628153204918,-0.06693209707736969,0.11304507404565811,0.035934895277023315,0.12097319960594177,-0.050522323697805405,-0.00047401798656210303,-0.25690969824790955,0.036249127238988876,0.010166103020310402,0.06534646451473236,0.00403936579823494,-0.04131630063056946,0.005674440413713455,-0.18630237877368927,-0.18281961977481842
-0.24096077680587769,-0.1059744656085968,0.03788844868540764,8.647545473650098e-05,-0.03543754294514656,-0.08583033084869385,-0.11750289797782898,0.05895790085196495,0.03218536823987961,0.03997446224093437,-0.025889860466122627,-0.12864051759243011,0.0074043055064976215,0.014940034598112106,-0.0787515789270401,-0.07004770636558533,0.022507458925247192,0.02726280316710472,-0.10056062042713165,-0.01086429599672556,0.08161725848913193
0.01513066329061985,0.08193277567625046,0.09298579394817352,0.03573308140039444,-0.10053419321775436,0.004680476151406765,0.06744418293237686,-0.003631517058238387,0.01392916776239872,0.05526970326900482,0.00659404369071126,-0.10079586505889893,0.048974744975566864,0.003305906429886818,-0.013664371334016323,-0.02648700773715973,-0.10967690497636795,0.021060200408101082,-0.10804340243339539,-0.04946340620517731,0.0537441149353981
-0.06830880790948868,-0.0035316606517881155,-0.07271315902471542,-0.0015419829869642854,-0.09651001542806625,-0.05634944885969162,-0.004280568100512028,0.013140646740794182,-0.027553552761673927,-0.0018603508360683918,0.10005556792020798,0.00795256532728672,0.047271426767110825,0.0137895243242383,-0.06345783174037933,-0.033702149987220764,-0.047860391438007355,0.033296629786491394,-0.028420818969607353,0.1027107760310173,0.009362963028252125
-0.07561885565519333,0.02605888992547989,-0.00466360617429018,0.07747136056423187,-0.002496065804734826,0.013330511748790741,0.06057385355234146,-0.04016156867146492,-0.052715566009283066,0.11899735778570175,-0.02993256039917469,-0.0367748886346817,-0.0742119774222374,0.02626676857471466,-0.014863302931189537,0.010405782610177994,0.011220654472708702,-0.04260283336043358,0.04502622038125992,-0.020791755989193916,0.002131785498932004
0.08493489027023315,0.06806996464729309,-0.16431835293769836,-0.042706653475761414,-0.053214047104120255,0.023260295391082764,-0.03534303605556488,-0.03469712659716606,-0.11632700264453888,0.16376379132270813,0.12838423252105713,0.07146768271923065,0.0058714644983410835,0.008375057950615883,-0.009135114029049873,-0.1695326268672943,-0.015159839764237404,0.023571355268359184,-0.165002703666687,-0.07052134722471237,0.10776337236166
-0.014545571990311146,-0.029075346887111664,0.014714560471475124,0.0006281849346123636,0.05051390826702118,0.049324240535497665,0.07557094842195511,-0.10887474566698074,0.14606240391731262,0.06018948554992676,0.0530463382601738,-0.006637875456362963,0.11204452067613602,0.054260220378637314,0.05697600916028023,0.003010221291333437,0.013464462012052536,-0.011525480076670647,0.09926833212375641,0.07731529325246811,0.060887910425662994

Slice 3
0.08362797647714615,0.06306333094835281,0.008763793855905533,0.04173723980784416,0.007260603364557028,-0.014547588303685188,-0.002866435796022415,-0.0283677875995636,-0.054400376975536346,0.06069047749042511,0.1650865226984024,0.07597319781780243,-0.09361615031957626,-0.03165208920836449,-0.05915985628962517,-0.028938576579093933,-0.07685980945825577,0.030181435868144035,0.023301320150494576,0.0799412727355957,-0.13821513950824738
0.05750960484147072,-0.09200013428926468,0.026604415848851204,0.023087233304977417,0.009135293774306774,-0.06676449626684189,0.07327602803707123,0.07352156937122345,-0.005830420646816492,-0.06465307623147964,0.3034515678882599,0.009590985253453255,-0.04228894039988518,0.013336913660168648,0.04120580852031708,0.014979155734181404,-0.08860600739717484,-0.0007202032720670104,0.05354801565408707,-0.028636014088988304,-0.04849616438150406
-0.039820000529289246,0.035175710916519165,0.024605588987469673,0.07633746415376663,0.02349262870848179,0.07523669302463531,0.1054529994726181,0.09845766425132751,-0.0665251612663269,-0.22654218971729279,0.08972146362066269,-0.0017975284717977047,-0.001382719725370407,-0.034190718084573746,-0.05211702361702919,-0.12354152649641037,-0.03384425491094589,-0.05003425106406212,-0.026048580184578896,-0.05996931716799736,-0.029158173128962517
0.028941845521330833,-0.10099977254867554,0.006463952362537384,-0.0060144769959151745,0.25606292486190796,0.06887668371200562,-0.04161616042256355,0.016941316425800323,0.03701455146074295,0.08808746933937073,-0.07657371461391449,-0.014108476229012012,-0.15000441670417786,-0.12899182736873627,0.002477041445672512,0.01227314118295908,-0.06515523791313171,0.20957715809345245,0.0356452651321888,-0.050357624888420105,0.03741481527686119
0.02962350659072399,-0.015847401693463326,0.06484304368495941,0.02678137645125389,0.055509112775325775,0.10044298321008682,0.007151633035391569,-0.11805076152086258,0.06776298582553864,0.0009671804727986455,-0.08143783360719681,-0.005910842679440975,0.02158416621387005,0.03543746471405029,0.0586811900138855,-0.004917372018098831,-0.00605862308293581,-0.031535033136606216,-0.04805883765220642,-0.005909033585339785,-0.05236699804663658
0.07994900643825531,-0.052750520408153534,-0.00025297427782788873,-0.03754046931862831,0.03409193828701973,-0.02291679009795189,0.04271718114614487,0.010693062096834183,-0.022745022550225258,-0.03495302423834801,-0.10864072293043137,0.041539184749126434,-0.12458106130361557,-0.0332513265311718,0.04633646830916405,0.07014715671539307,0.0980401337146759,-0.04044445604085922,0.002742593875154853,0.03089052625000477,0.004125591833144426
-0.058036789298057556,-0.043533433228731155,-0.02619292587041855,-0.05645532160997391,0.106239452958107,0.018879028037190437,0.020622344687581062,0.02683996967971325,0.051850903779268265,0.06701056659221649,0.02429467998445034,-0.07355324178934097,0.0418560653924942,0.028641894459724426,-0.0062937368638813496,0.1395416110754013,0.015083841048181057,0.09592106193304062,-0.09789229184389114,-0.10498978197574615,0.17409124970436096
0.056850615888834,-0.05533459782600403,-0.06182125210762024,0.03168443590402603,0.011129975318908691,-0.07851581275463104,0.0009194291778840125,-0.0041478886269032955,0.039803266525268555,-0.07783255726099014,-0.11853392422199249,-0.00022072214051149786,0.0655720978975296,0.08396794646978378,0.11859412491321564,0.04585797339677811,-0.0133100226521492,0.12179373949766159,-0.08096913248300552,-0.006319785490632057,0.09873791038990021
0.09669217467308044,0.10152166336774826,0.053558871150016785,-0.1311366707086563,-0.013050077483057976,-0.020010648295283318,0.013188617303967476,0.050650544464588165,0.08870771527290344,-0.056441064924001694,0.04994142800569534,-0.04977698251605034,0.03133438527584076,-0.0015396203380078077,-0.030529161915183067,0.06597915291786194,0.1582975685596466,0.10833993554115295,0.011147614568471909,0.030296556651592255,0.043248534202575684
-0.05850676819682121,-0.06929703056812286,0.09552304446697235,0.010313201695680618,0.05648840218782425,-0.020666657015681267,-0.03516220301389694,0.0833216980099678,0.08295509219169617,0.11221557855606079,0.05614781379699707,-0.09159689396619797,0.0837869793176651,0.02238650619983673,0.02802618406713009,0.13664127886295319,-0.12367012351751328,-0.13149799406528473,-0.05037224292755127,0.10437484085559845,0.07482069730758667
-0.06451234221458435,0.029423128813505173,-0.01657872274518013,-0.04507534205913544,-0.0402231365442276,-0.0810917466878891,-0.09371241182088852,-0.03013940341770649,0.0697014331817627,0.030597586184740067,-0.0053141918033361435,0.04380432516336441,0.0047097341157495975,-0.06565075367689133,0.07797887921333313,0.024995939806103706,-0.012063808739185333,0.07201502472162247,0.057212281972169876,-0.010453926399350166,-0.025290004909038544
0.08749835938215256,0.02182803861796856,0.07894808799028397,-0.0062131118029356,-0.05352596566081047,0.05219472199678421,-0.024171045050024986,0.011819741688668728,-0.03701472282409668,-0.01400528009980917,-0.010698169469833374,0.017026176676154137,0.05866508185863495,-0.025657907128334045,0.03803829476237297,0.0013802433386445045,0.09113376587629318,0.12904947996139526,-0.04571876302361488,-0.014435847289860249,0.13261814415454865
0.0639413371682167,-0.032620012760162354,0.04387447610497475,-0.013122335076332092,-0.06367941945791245,0.038947537541389465,-0.10233721882104874,-0.015581877902150154,-0.033259496092796326,0.09957524389028549,0.1800311803817749,0.007522114086896181,0.03449923172593117,-0.06593164056539536,0.012271195650100708,0.034771814942359924,0.008175104856491089,-0.15628792345523834,0.21769315004348755,-0.05132383853197098,0.11839458346366882
-0.04392955079674721,0.051008496433496475,-0.09894096851348877,0.004872457589954138,-0.026342228055000305,0.02084272913634777,0.084950752556324,0.023936767131090164,0.03551900386810303,0.006913455203175545,0.008901719935238361,-0.004755305126309395,0.024021929129958153,0.12174046784639359,0.014473646879196167,-0.18784651160240173,0.01126026175916195,0.05001090466976166,-0.050917062908411026,0.019860422238707542,-0.044242121279239655
-0.09829077124595642,0.013484697788953781,-0.0365612655878067,0.020183272659778595,-0.17374825477600098,-0.10826051235198975,0.0651111975312233,-0.10884981602430344,-0.047224532812833786,-0.08250174671411514,0.07595185935497284,0.04318762943148613,0.2327975481748581,-0.03526929393410683,0.023259500041604042,-0.07292307913303375,0.024604488164186478,0.05027803033590317,-0.03865779936313629,0.1583092212677002,0.14394831657409668
0.2277171015739441,0.16705015301704407,-0.03834424912929535,0.02863314561545849,0.04129341244697571,0.15324744582176208,0.11788769066333771,-0.05985845625400543,-0.023654086515307426,-0.03383161500096321,0.013289903290569782,0.1637701392173767,0.01568828523159027,-0.04576471075415611,0.060089804232120514,0.05579490214586258,-0.07570591568946838,-0.05925779789686203,0.10789855569601059,0.02502269856631756,-0.07241867482662201
0.0027748974971473217,-0.07402798533439636,-0.05813875049352646,-0.022745514288544655,0.09727472066879272,-0.029439259320497513,-0.05049806833267212,-0.00560994166880846,-0.011150738224387169,-0.06510230153799057,-0.022664451971650124,0.0975480005145073,-0.0550844706594944,-0.012673459015786648,-0.00023433711612597108,-0.011196738108992577,0.09396663308143616,-0.014628571458160877,0.10091399401426315,0.055072419345378876,-0.06059757620096207
0.07814225554466248,-0.001641048933379352,0.09937648475170135,-0.0020919914823025465,0.0030699954368174076,0.07207179814577103,-0.004096226766705513,-0.011342964135110378,0.024877501651644707,0.011710007674992085,-0.1119983121752739,-0.028138065710663795,-0.03570929914712906,-0.027354782447218895,0.11155378073453903,0.04012396186590195,0.03219824656844139,-0.009610963054001331,0.025334279984235764,-0.06708185374736786,-0.008721091784536839
0.0833342894911766,-0.012285815551877022,-0.03425968810915947,-0.08174439519643784,-0.05811721086502075,-0.03187961503863335,-0.03829033300280571,0.06598466634750366,0.07817075401544571,-0.11604326963424683,0.02556431107223034,0.052320223301649094,0.011178881861269474,-0.0362960509955883,0.007628904655575752,0.03549927845597267,0.006287436466664076,0.022941380739212036,-0.06548137217760086,-0.02689097821712494,0.04096337407827377
-0.09132515639066696,-0.07833614945411682,0.011682070791721344,0.0343104712665081,0.10049498826265335,-0.04467048496007919,-0.020830651745200157,-0.06520450115203857,0.09711144119501114,-0.17509323358535767,-0.056403592228889465,-0.07940441370010376,0.03828843683004379,0.007653393782675266,-0.005153631791472435,0.15589971840381622,-0.062187559902668,-0.029279431328177452,0.1138252392411232,0.0761183351278305,-0.041579436510801315
0.016875924542546272,0.01477931346744299,-0.022127753123641014,-0.0018499089637771249,-0.13383817672729492,-0.04275999963283539,-0.07214511930942535,0.12341994047164917,-0.146921306848526,-0.08807574212551117,-0.025828173384070396,0.042681217193603516,-0.08793121576309204,-0.08960916846990585,-0.055509138852357864,0.005661629606038332,-0.0019078042823821306,0.023730235174298286,-0.034107331186532974,-0.005830047652125359,0.0054700118489563465

Slice 4
-0.04008164629340172,-0.031194547191262245,0.008345887064933777,0.031445980072021484,-0.0012811649357900023,0.06254427134990692,0.011723525822162628,0.0035750865936279297,0.033434659242630005,0.04327809810638428,-0.15981918573379517,-0.06054562330245972,0.015614816918969154,0.02778482809662819,0.005168762058019638,0.03671083226799965,0.060037996619939804,-0.004725808277726173,-0.013832228258252144,-0.054478324949741364,0.1433553844690323
-0.029431791976094246,0.04519865661859512,-0.10172083228826523,-0.0030532260425388813,-0.002367802429944277,-0.07635286450386047,-0.039650652557611465,-0.05817555636167526,0.003673919476568699,0.028413759544491768,-0.08007470518350601,-0.0046960534527897835,0.046250637620687485,0.0016960689099505544,0.03704509511590004,-0.01686674728989601,0.05426311865448952,-0.00600007176399231,-0.04866299778223038,0.026648038998246193,0.04001254588365555
0.010976734571158886,-0.03903490677475929,-0.04475269466638565,-0.08539865911006927,-0.024638039991259575,-0.05139962211251259,-0.07392079383134842,-0.11153382807970047,0.03361902013421059,0.07188178598880768,-0.021389681845903397,-0.015187892131507397,0.007519497070461512,0.028792815282940865,0.019423948600888252,0.09020112454891205,0.018248887732625008,0.05775962769985199,0.024175722151994705,-0.03853198140859604,-0.013477685861289501
-0.03723839670419693,0.06912796944379807,0.037134330719709396,0.012166369706392288,-0.1396843045949936,-0.011325478553771973,0.02815970964729786,0.004081606864929199,-0.02792683057487011,0.006986647378653288,0.0053064473904669285,-0.003992980811744928,0.08216546475887299,0.07505408674478531,-0.09227653592824936,-0.06382101774215698,0.041467756032943726,-0.09675514698028564,-0.019459335133433342,-0.02912427857518196,-0.040374722331762314
-0.017873002216219902,-0.021098332479596138,-0.03949737176299095,0.0386543869972229,-0.02813463658094406,-0.05188564583659172,-0.034629177302122116,0.03558092564344406,-0.0725228488445282,-0.0067685795947909355,0.05365798622369766,0.007910641841590405,0.0020937707740813494,-0.03657972812652588,-0.037824902683496475,0.00991990976035595,0.003378281369805336,0.0028715436346828938,0.024910807609558105,-0.004155504051595926,0.027848519384860992
-0.034922681748867035,0.025427520275115967,-0.03271230310201645,0.061134450137615204,-0.03092057630419731,0.21264222264289856,-0.05378100275993347,-0.015276896767318249,0.04427744075655937,0.008664421737194061,0.06673043966293335,-0.033506620675325394,0.08257221430540085,0.020554769784212112,-0.03379678726196289,-0.027354970574378967,-0.04718635976314545,-0.00045161315938457847,0.02252565138041973,-0.0501309297978878,-0.018755344673991203
0.026543322950601578,0.024086421355605125,0.01820521429181099,0.05944875255227089,-0.09278015047311783,-0.012425966560840607,0.020004283636808395,0.03118307702243328,-0.015513218007981777,-0.06744127720594406,-0.01211318839341402,0.025224730372428894,-0.019327115267515182,-0.026731953024864197,0.0019497110042721033,-0.07941347360610962,-0.02580980956554413,-0.10625585168600082,0.061654504388570786,0.04903649911284447,-0.09539121389389038
-0.01644272170960903,0.02025110460817814,0.03384336829185486,-0.04971332848072052,0.006284166593104601,0.05824924632906914,-0.029301485046744347,-0.006102840881794691,0.03245467692613602,0.03102990984916687,0.06126316636800766,0.021499698981642723,0.0025687613524496555,-0.04671540483832359,-0.041180625557899475,-0.043046485632658005,0.035179127007722855,-0.015944240614771843,0.07118066400289536,0.014017663896083832,-0.04056229442358017
-0.016959069296717644,-0.03260590881109238,-0.047218404710292816,0.024973738938570023,0.09221144020557404,0.009837553836405277,-0.008494502864778042,0.03859727829694748,-0.09251085668802261,0.04131365194916725,-0.03473469987511635,0.017995476722717285,-0.016423802822828293,0.014199656434357166,-0.1266164481639862,-0.0538911372423172,-0.09912646561861038,-0.05762585625052452,-0.01500608678907156,-0.021340113133192062,-0.035119667649269104
0.015605848282575607,0.03173254802823067,-0.05993593856692314,-0.021121490746736526,0.012079346925020218,-0.0034873534459620714,0.018807364627718925,-0.07042746245861053,-0.07692151516675949,-0.03842562437057495,-0.022435953840613365,0.031601082533597946,0.016708439216017723,-0.003945287317037582,0.01375318132340908,-0.1276150345802307,0.08606715500354767,0.03625370189547539,0.03788100555539131,-0.005877824500203133,0.014391929842531681
0.027366625145077705,-0.021947840228676796,0.00881885178387165,0.015229826793074608,-0.0071823615580797195,0.11085911095142365,0.019224900752305984,0.014147044159471989,-0.06622718274593353,-0.01626097597181797,0.0020230591762810946,-0.025829019024968147,-0.013941164128482342,-0.00028833947726525366,-0.003485839581117034,-0.011556614190340042,0.00607552332803607,-0.025618726387619972,-0.022037474438548088,-0.011936068534851074,-0.0017237341962754726
-0.04718226194381714,-0.01897650770843029,-0.04196441173553467,0.031708456575870514,0.03181042522192001,-0.0012017599074169993,0.02636335790157318,-0.014431829564273357,0.023479729890823364,0.01915270835161209,0.010427022352814674,0.0050841872580349445,-0.03599652275443077,0.030582169070839882,0.017608800902962685,0.01048432569950819,-0.025111723691225052,-0.0809318944811821,-0.007783353794366121,0.04236559197306633,-0.09805566817522049
-0.026335272938013077,0.02105003222823143,-0.04751698672771454,-0.010360226035118103,0.01776224747300148,-0.14581647515296936,-0.02635444700717926,0.004082523286342621,-0.031330280005931854,-0.09802690148353577,-0.10179845988750458,-0.024977296590805054,-0.013713519088923931,0.04108963534235954,-0.03088030219078064,-0.01215851865708828,-0.01883194036781788,0.037125516682863235,-0.08156892657279968,0.03957890719175339,-0.03874503821134567
0.03982178494334221,0.0010584961855784059,0.07287302613258362,-0.005659060087054968,0.04507629945874214,-0.004233221057802439,-0.04078458994626999,-0.004081017803400755,0.005122204311192036,-0.04209347814321518,0.026190057396888733,0.0014950470067560673,-0.014434880577027798,-0.05949430167675018,0.021212885156273842,0.04826272279024124,-0.0016200351528823376,-0.03393583372235298,0.028343895450234413,0.012182584032416344,0.026120606809854507
0.024501893669366837,-0.005369056481868029,0.04900597408413887,-0.015823861584067345,0.08073339611291885,-0.006844094023108482,-0.039690788835287094,0.07424573600292206,0.02237475849688053,0.0907660722732544,-0.025018412619829178,0.005107586737722158,-0.14385880529880524,0.022768765687942505,0.022524576634168625,0.04482876881957054,0.00559669965878129,-0.04100566357374191,-0.0030644729267805815,-0.08327074348926544,-0.10057277232408524
-0.16172461211681366,-0.05328145995736122,0.021174274384975433,0.011135746724903584,-0.023993000388145447,-0.039317309856414795,-0.08445774018764496,0.05084126070141792,0.02663498930633068,0.022275831550359726,-0.023195479065179825,-0.0813608393073082,0.009601980447769165,0.0006566920783370733,-0.06757913529872894,-0.050359275192022324,0.005217007827013731,0.017574533820152283,-0.06624212116003036,-0.0021951289381831884,0.061800044029951096
0.028925931081175804,0.056949347257614136,0.06987803429365158,0.04694679379463196,-0.06957584619522095,-0.0022569557186216116,0.05879153311252594,0.0025932900607585907,0.010544576682150364,0.035688627511262894,-0.00012181606143712997,-0.0709417313337326,0.02504923939704895,0.002888278104364872,-0.00925512332469225,-0.032255519181489944,-0.08198943734169006,0.02268180437386036,-0.07117313891649246,-0.029378632083535194,0.04260809347033501
-0.012636815197765827,-0.004925703629851341,-0.03939249366521835,0.011419487185776234,-0.08926781266927719,-0.03176441788673401,0.0002622963802423328,0.012275520712137222,-0.01504055131226778,0.004789118655025959,0.05878600850701332,0.004139984026551247,0.05303725227713585,0.010510031133890152,-0.02434033714234829,-0.023893289268016815,-0.028163088485598564,0.03140229359269142,-0.020368563011288643,0.08474241197109222,0.004348493181169033
-0.043196965008974075,0.025249995291233063,-0.018358200788497925,0.05336000770330429,-0.020525820553302765,0.006151096895337105,0.04244378209114075,-0.025981467217206955,-0.029334308579564095,0.07076495885848999,-0.022472981363534927,-0.02185506746172905,-0.07768698036670685,0.014060134068131447,-0.013009418733417988,0.04018011689186096,0.013575284741818905,-0.03647347167134285,0.025132084265351295,-0.026899617165327072,0.004923111759126186
0.026962807402014732,0.04067413508892059,-0.12749479711055756,-0.05742038041353226,-0.010470254346728325,0.0029046954587101936,-0.0823139026761055,-0.07595278322696686,-0.10604975372552872,0.10577230900526047,0.11006185412406921,0.054540153592824936,0.020277224481105804,0.003659977810457349,-0.04785547032952309,-0.11613976210355759,-0.027863148599863052,0.009726712480187416,-0.12499692291021347,-0.004368010442703962,0.06314008682966232
-0.0025743278674781322,-0.022511117160320282,0.013020699843764305,0.021333934739232063,0.022834857925772667,0.02214066870510578,0.05229650065302849,-0.051007602363824844,0.12621162831783295,0.049098022282123566,0.04954451695084572,0.015630077570676804,0.10670779645442963,0.04728215932846069,0.06484971195459366,0.004858752712607384,0.01291274931281805,0.00958169810473919,0.08135437220335007,0.09580003470182419,0.02499481663107872

Slice 5
-0.09390515089035034,0.0020280492026358843,0.009508452378213406,0.042398273944854736,0.010246265679597855,0.1516769975423813,-0.021982038393616676,0.006719323340803385,0.08707963675260544,-0.039948053658008575,-0.2831575870513916,-0.1131117194890976,-0.043383922427892685,0.06980960816144943,0.08007264882326126,0.06038197875022888,0.09443385899066925,0.0013089784188196063,-0.032552946358919144,-0.06552305072546005,0.21936829388141632
-0.049795541912317276,0.047134581953287125,-0.1072666198015213,-0.0071420250460505486,0.011755985207855701,-0.23127028346061707,-0.08762779831886292,-0.09301621466875076,-0.006719844415783882,0.05087811499834061,-0.14552031457424164,0.010888470336794853,0.10214219242334366,0.01448366604745388,0.08969078212976456,-0.01997564733028412,0.0860213041305542,0.0256301611661911,-0.10458866506814957,0.20546871423721313,0.10970522463321686
0.021264271810650826,-0.04854682460427284,-0.05290796235203743,-0.19639939069747925,-0.10085254907608032,-0.04000290110707283,-0.11547244340181351,-0.3481617867946625,-0.010573852807283401,0.09646572917699814,0.006615140475332737,0.017350303009152412,0.01888546720147133,0.025005023926496506,0.0037570535205304623,0.17167258262634277,0.02676611952483654,0.06976696848869324,0.05404295772314072,-0.03826639801263809,0.020294347777962685
-0.0997161939740181,0.09670629352331161,0.0366097167134285,-0.009222151711583138,-0.22900377213954926,-0.024316998198628426,-0.02360382489860058,-0.0032324716448783875,-0.021121513098478317,0.010576975531876087,-0.04195595532655716,0.003256226656958461,0.07954346388578415,0.16881908476352692,-0.19509808719158173,-0.23494642972946167,0.011781856417655945,-0.15683171153068542,0.02014968730509281,-0.014772272668778896,-0.026236966252326965
-0.06066085770726204,-0.11307799071073532,-0.036997418850660324,0.16733281314373016,-0.04519490897655487,-0.079776830971241,-0.08784907311201096,-0.0007503450615331531,-0.0773315504193306,0.03697901964187622,0.06736955046653748,0.015993110835552216,0.15084895491600037,-0.06753821671009064,-0.019560523331165314,0.032600607722997665,0.0014421771047636867,-0.025030285120010376,0.02698679082095623,0.0223148874938488,0.05827439948916435
-0.017158448696136475,0.04560920596122742,-0.013618017546832561,0.06934484839439392,-0.057595979422330856,0.27573180198669434,-0.08753896504640579,-0.01951238512992859,0.013115186244249344,0.04324742779135704,0.14203676581382751,-0.01771610975265503,0.12590853869915009,0.08216168731451035,-0.12576311826705933,-0.06682957708835602,-0.08725199103355408,-0.041178181767463684,0.07651245594024658,-0.06608687341213226,0.01752474717795849
0.011520030908286572,0.010567860677838326,-0.01523918192833662,0.07317588478326797,-0.2151109278202057,-0.0045359474606812,0.041496071964502335,0.03250041604042053,-0.06810707598924637,-0.08079878240823746,-0.029310300946235657,0.01650707609951496,0.005107138305902481,-0.06842351704835892,-0.039940245449543,-0.12859494984149933,-0.05638999491930008,-0.24717973172664642,0.09484197944402695,-0.03371632471680641,-0.12618762254714966
-0.025990528985857964,0.0860886499285698,0.08796676248311996,-0.1215786412358284,0.014503062702715397,0.11563929915428162,-0.05285710468888283,0.049237210303545,0.03771482780575752,0.02997080609202385,0.06397294998168945,0.08715669810771942,-0.0359974168241024,-0.19927732646465302,-0.11813031136989594,-0.07470232248306274,0.14821456372737885,-0.026750575751066208,0.12425340712070465,0.08904816955327988,-0.11452452838420868
-0.007237125653773546,-0.05389968305826187,-0.11744958162307739,0.03583360090851784,0.25645843148231506,0.007524347864091396,0.015256284736096859,0.020117715001106262,-0.15934675931930542,0.07699201256036758,-0.055422939360141754,-0.01891392096877098,-0.06872374564409256,0.05689786747097969,-0.1220390647649765,-0.0524141862988472,-0.16579066216945648,-0.13435105979442596,-0.05281934142112732,-0.08667510002851486,-0.06827173382043839
0.05123942717909813,-0.028589460998773575,-0.030377568677067757,-0.0040596541948616505,0.07416330277919769,0.025398576632142067,0.032670967280864716,-0.0559544637799263,-0.10453388839960098,0.057416755706071854,-0.035862382501363754,0.10595452785491943,0.0006571728736162186,0.05125642567873001,0.042215533554553986,-0.21574270725250244,0.19906488060951233,0.07562757283449173,0.07927592098712921,0.044241853058338165,0.12457790225744247
0.02244364470243454,-0.07284539192914963,0.07755861431360245,0.03838419169187546,-0.05314863845705986,0.20227676630020142,0.01557091623544693,-0.009017543867230415,-0.14863215386867523,-0.0329156368970871,-0.027205972000956535,-0.04225974529981613,-0.007194832898676395,-0.014891996048390865,0.03257197514176369,-0.02640479989349842,0.04757518693804741,-0.04443713650107384,-0.08413130044937134,-0.041297197341918945,0.03685210272669792
-0.11328865587711334,0.0228289607912302,-0.07401641458272934,0.04825863614678383,0.027237040922045708,-0.05713918060064316,0.014158859848976135,0.012889851815998554,0.15509262681007385,0.02963937632739544,0.022263646125793457,0.010256937704980373,-0.09053896367549896,0.13933435082435608,0.08066701889038086,0.009533126838505268,0.021700076758861542,-0.16599301993846893,-0.01854424551129341,0.038745518773794174,-0.160863995552063
-0.019969256594777107,0.02766609750688076,-0.039465297013521194,0.014353387989103794,0.04380180686712265,-0.28444981575012207,-0.17321676015853882,0.011966831982135773,-0.017863508313894272,-0.1211789920926094,-0.2096928209066391,-0.037620704621076584,-0.007963821291923523,0.06719022989273071,-0.031566668301820755,0.07590831816196442,-0.012190384790301323,-0.0236884206533432,-0.06414873898029327,0.1027931272983551,-0.07155794650316238
0.05684124678373337,-0.015946120023727417,0.09314889460802078,0.012157056480646133,0.09763327240943909,-0.013299488462507725,-0.08002906292676926,0.03135767579078674,0.1292594075202942,-0.14438365399837494,0.07851864397525787,0.010795080102980137,-0.050515465438365936,-0.08563235402107239,0.05921370908617973,0.10877115279436111,-0.016387803480029106,-0.09450139850378036,0.04115644097328186,0.1554536670446396,0.0020392604637891054
-0.0070368568412959576,0.034348003566265106,0.03876524791121483,-0.05145743116736412,0.1264525055885315,-0.1107652336359024,-0.08268256485462189,0.062169697135686874,-0.001239316537976265,0.11321669071912766,0.03934895619750023,0.04256059601902962,-0.18870316445827484,0.03305855020880699,-0.04971172288060188,0.034879155457019806,0.07768353819847107,-0.04307175427675247,-0.06300703436136246,-0.08934234082698822,-0.17364831268787384
-0.20248262584209442,-0.056426022201776505,-0.0005272151320241392,0.022167222574353218,-0.049325186759233475,-0.04871093109250069,-0.20356664061546326,0.06236652657389641,0.09015616774559021,0.027906499803066254,-0.07926324009895325,-0.17402367293834686,0.07620881497859955,-0.022742025554180145,-0.021148689091205597,-0.11325906962156296,0.01991611160337925,0.002522324211895466,-0.11664574593305588,0.006126707885414362,0.02201371267437935
0.041525132954120636,0.03742038458585739,0.14215488731861115,0.08025173842906952,-0.15254005789756775,-0.0035483832471072674,0.0779682919383049,-0.006915419362485409,0.01667858473956585,-0.05164838954806328,0.03151727095246315,-0.2391509860754013,0.02738810144364834,0.019132088869810104,-0.010877472348511219,-0.03252410888671875,-0.1509653627872467,0.03039008378982544,-0.0720740258693695,-0.06163731589913368,0.028426583856344223
-0.06703028082847595,-0.012563341297209263,-0.08841273188591003,0.0085653867572546,-0.21874116361141205,-0.0320432148873806,0.04688103497028351,-0.0023814858868718147,-0.06762873381376266,-0.005692341830581427,0.011973606422543526,0.0036989750806242228,0.12612079083919525,-0.003125295974314213,-0.05872676894068718,-0.007562753278762102,-0.04901660233736038,0.0707302913069725,-0.07678650319576263,0.16586048901081085,0.03545042872428894
-0.07128659635782242,0.0752921774983406,-0.07633797079324722,0.07074751704931259,-0.034066833555698395,0.006263842806220055,0.13744084537029266,-0.0014780405908823013,-0.12576530873775482,0.02964247390627861,-0.031099019572138786,-0.0423298142850399,-0.17389234900474548,0.019811637699604034,-0.009656382724642754,0.1715366542339325,0.027979819104075432,-0.06767889857292175,0.06658540666103363,0.0019480783957988024,0.06564021855592728
-0.0075019970536231995,0.0815635621547699,-0.372239887714386,-0.04222474992275238,0.017245594412088394,0.04359956085681915,-0.10392779111862183,-0.1833476722240448,-0.15392406284809113,0.1693412959575653,0.27750587463378906,-0.01834995299577713,0.18669238686561584,0.12969137728214264,-0.05129958316683769,-0.3079495131969452,-0.041938479989767075,0.006556243635714054,-0.2829782962799072,-0.0010864445939660072,0.25013527274131775
-0.09326940774917603,-0.11004514247179031,-0.05025740712881088,-0.03225117176771164,0.0680089071393013,0.031267933547496796,0.16124160587787628,-0.08600936084985733,0.19012445211410522,0.04466018080711365,0.11654238402843475,-0.027275290340185165,0.15819139778614044,0.024667037650942802,0.05614243447780609,0.02949240617454052,-0.0031604706309735775,-0.019024619832634926,0.17387649416923523,0.13472221791744232,-0.27126485109329224

Slice 6
-0.012136101722717285,0.16043412685394287,0.029895110055804253,-0.03862684965133667,0.011460132896900177,0.08724944293498993,-0.014036097563803196,0.0209644827991724,0.053330231457948685,0.03425174206495285,-0.039071664214134216,-0.010230777785182,-0.05958781763911247,0.020239373669028282,0.08887124806642532,0.020870501175522804,-0.00195584399625659,0.02540147304534912,-0.0163816437125206,-0.013635874725878239,0.05140547826886177
0.00938223022967577,-0.024924203753471375,-0.028313202783465385,-0.0036963936872780323,0.012806089594960213,-0.08963559567928314,-0.02233593538403511,-0.0021026195026934147,-0.021156463772058487,-0.005939502269029617,0.05993213132023811,0.014066491276025772,0.007045666687190533,0.0093807028606534,0.017520906403660774,0.03413086384534836,0.000424393976572901,0.0340987853705883,-0.03316504508256912,0.10634616017341614,0.043768491595983505
-0.02349962666630745,0.015923211351037025,0.00983268953859806,-0.1169360876083374,-0.06286807358264923,0.033179983496665955,-0.010239669121801853,-0.17945913970470428,-0.036898139864206314,-0.008493807166814804,0.02907409518957138,0.03752415254712105,0.02209159918129444,-0.013714400120079517,-0.006548671051859856,0.02795220911502838,-0.006521698087453842,-0.010635270737111568,0.014000266790390015,0.008295153267681599,0.004528297111392021
-0.05773251876235008,0.026537291705608368,-0.029795313253998756,-0.045252639800310135,-0.04388821870088577,-0.00761119881644845,-0.059006217867136,0.011175650171935558,-0.03527029976248741,0.024242637678980827,-0.054575830698013306,0.01041995920240879,-0.05624138191342354,0.05207736790180206,-0.0724143534898758,-0.1225537583231926,-0.05641991272568703,-0.0402175709605217,0.08189176023006439,0.0257036741822958,0.06903722137212753
-0.025184955447912216,-0.06212124973535538,0.033236291259527206,0.11443255841732025,0.0028339759446680546,-0.0028246776200830936,-0.025413142517209053,-0.06986868381500244,0.031061481684446335,0.024433843791484833,-0.013835018500685692,0.006334836594760418,0.11410592496395111,-0.0098476093262434,0.02951548993587494,0.01689578779041767,0.007983377203345299,-0.030360283330082893,-0.015198585577309132,0.03739535063505173,-0.006118410266935825
0.018935497850179672,0.012039207853376865,0.012489626184105873,-0.02859799936413765,-0.01943741738796234,0.06635534763336182,0.009421327151358128,0.00171389221213758,-0.04437413439154625,0.019480859860777855,0.049173690378665924,0.029203331097960472,0.03870649263262749,0.05536511540412903,-0.04309995099902153,-0.03446504473686218,-0.021925747394561768,-0.03473978489637375,0.029112670570611954,-0.012247730046510696,0.05169052630662918
0.02941993996500969,-0.02692314051091671,-0.04245207458734512,0.004041153937578201,-0.06934767961502075,0.012274506501853466,0.014707731083035469,0.00814196839928627,-0.010314240120351315,0.04172803834080696,-0.007209832780063152,-0.009503206238150597,0.03308335319161415,-0.014624121598899364,-0.00948200561106205,0.005014983471482992,-0.009195349179208279,-0.055953122675418854,-0.008551949635148048,-0.1043657436966896,0.013955574482679367
0.017643162980675697,0.0407702811062336,0.02011086232960224,-0.019282836467027664,-0.008910861797630787,0.03502391278743744,-0.011369064450263977,0.04516579210758209,-0.001686006784439087,-0.05345498397946358,-0.033631857484579086,0.04960481822490692,-0.04070274904370308,-0.19338595867156982,-0.0349278561770916,0.0002720979100558907,0.08967993408441544,-0.02825932204723358,0.00846201553940773,0.07650360465049744,-0.08474555611610413
0.001970223616808653,-0.0027475180104374886,-0.036362066864967346,-0.009977498091757298,0.09918130189180374,0.0037155833560973406,0.015395690687000751,-0.03020470030605793,-0.031073197722434998,0.01800142601132393,-0.003365413984283805,-0.05504511296749115,-0.0522272102534771,0.02824568562209606,0.06912785768508911,0.046168867498636246,-0.008703988045454025,-0.038753774017095566,-0.01956600323319435,-0.03799840807914734,-0.00020829970890190452
-0.005578512791544199,-0.07109697163105011,0.01803531125187874,0.0037783083971589804,0.027181819081306458,-0.008421569131314754,-0.03046458773314953,0.04170222207903862,-0.024492433294653893,0.078292615711689,-0.00841588620096445,0.036674756556749344,-0.03552159667015076,0.04107606038451195,-0.03899959474802017,-0.025805072858929634,0.040444131940603256,0.012630381621420383,0.00913021806627512,0.02240464836359024,0.02435367926955223
-0.007598112337291241,-0.04090246930718422,0.054890554398298264,0.022090453654527664,-0.035650111734867096,0.021031882613897324,0.006024656817317009,-0.014343378134071827,-0.0342484675347805,-0.027675166726112366,-0.030548593029379845,-0.00405010674148798,0.0017810511635616422,-0.020796440541744232,0.05685720220208168,-0.01248957123607397,0.037478093057870865,-0.010573766194283962,-0.08346141874790192,-0.03102540411055088,0.02658793330192566
-0.043069809675216675,0.05597785487771034,0.015738511458039284,0.0073667350225150585,-0.013137269765138626,-0.048919957131147385,-0.021425295621156693,0.032773468643426895,0.1278270184993744,0.00446197809651494,0.0076209367252886295,-0.0031002238392829895,-0.02907589264214039,0.09493941068649292,0.054848261177539825,0.0030362869147211313,0.062103450298309326,-0.044655460864305496,-0.0034987188410013914,0.010092495009303093,-0.005802927538752556
-0.051181692630052567,-0.004932650830596685,0.026995167136192322,0.00144358747638762,0.02770794928073883,-0.03642529621720314,-0.28976914286613464,-0.004668192006647587,-0.007342594675719738,-0.008559725247323513,-0.05228707939386368,-0.011910921894013882,-0.01660696417093277,-0.010412451811134815,-0.009966697543859482,0.06336559355258942,0.005018269177526236,-0.11784502118825912,0.10072343796491623,0.07465667277574539,-0.030554836615920067
-0.01528123114258051,-0.03379771113395691,-0.02460271678864956,0.030273960903286934,0.023581337183713913,-0.004831956699490547,-0.03364266827702522,0.023692112416028976,0.10205060988664627,-0.07191511243581772,0.04096592962741852,0.007395969238132238,-0.06014349311590195,0.0008878086227923632,0.009402698837220669,0.06174185499548912,-0.017242010682821274,-0.04853735491633415,-0.0017641866579651833,0.12314432114362717,-0.029455656185746193
-0.04806976020336151,0.045531854033470154,-0.01394098624587059,-0.010601155459880829,0.05158574506640434,-0.06710787862539291,-0.04715534299612045,-0.0556129552423954,-0.057537492364645004,-0.06001552194356918,0.07268615067005157,0.028619738295674324,0.08753692358732224,-0.004539258778095245,-0.12275958061218262,-0.04265512526035309,0.06187623366713524,-0.0011697702575474977,-0.05774782598018646,0.08051696419715881,0.01305294781923294
0.05728711932897568,0.02068602479994297,-0.03609912842512131,-0.004353696946054697,-0.012021499685943127,-0.02110932022333145,-0.04824172332882881,0.0020366425160318613,0.07945704460144043,0.007446362636983395,-0.04301437735557556,-0.0630764588713646,0.04946108162403107,-0.02014140412211418,0.08300413936376572,-0.024120265617966652,0.02334565669298172,-0.014891586266458035,-0.014468167908489704,0.012880594469606876,-0.10054408013820648
0.006977669894695282,-0.04809632524847984,0.03168153390288353,0.026372414082288742,-0.04207915440201759,0.012356230057775974,0.01555428747087717,0.0009615838644094765,0.0009074512636289,-0.09993872791528702,0.03705766052007675,-0.13030648231506348,-0.028429441154003143,0.019018810242414474,0.005947416182607412,0.02261422574520111,-0.045132339000701904,0.0023845871910452843,0.04724568873643875,0.005545605905354023,-0.03312724083662033
-0.016415277495980263,-0.006615144200623035,-0.04838655889034271,0.014715089462697506,-0.051931969821453094,0.022462129592895508,0.03880322352051735,-0.024249527603387833,-0.04539431631565094,-0.030438700690865517,-0.08990032970905304,-0.007690021768212318,0.06442305445671082,-0.015337146818637848,-0.011033380404114723,0.019575361162424088,0.004899660125374794,0.014525516889989376,-0.04869746416807175,0.05409220978617668,-0.0027825154829770327
-0.0025036167353391647,0.05351701378822327,-0.05815739184617996,-0.013927021063864231,0.01605340838432312,-0.004687597509473562,0.07447028905153275,0.02463102713227272,-0.09739209711551666,-0.08642394095659256,0.001764013897627592,-0.020835349336266518,-0.05895247682929039,-0.004239923320710659,9.326946747023612e-05,0.17238600552082062,0.0005761732463724911,-0.01930869184434414,0.02991519868373871,0.03832932934165001,0.03763459622859955
-0.05754895508289337,0.014212289825081825,-0.06616078317165375,0.04362742602825165,0.03719785809516907,0.017277173697948456,-0.009208106435835361,-0.08212465792894363,-0.000816117855720222,0.012762506492435932,0.10162737220525742,-0.08924531936645508,0.13230524957180023,0.13873158395290375,0.0013402969343587756,-0.11042597144842148,0.020455144345760345,-0.0071599907241761684,-0.05325266346335411,0.05260844528675079,0.14793555438518524
-0.0701046735048294,-0.06797730922698975,-0.01943364553153515,-0.031629275530576706,0.04719889909029007,-0.0007579551893286407,0.04456106200814247,0.033509694039821625,0.03931054100394249,0.018690461292862892,0.04629632830619812,-0.010524324141442776,0.024008939042687416,-0.015939006581902504,-0.0018554589478299022,0.03816286846995354,-0.012016772292554379,0.007600120268762112,0.03691118583083153,0.012592415325343609,-0.17562216520309448

Slice 7
0.0006631177384406328,0.07646169513463974,0.03431976959109306,-0.04411458969116211,0.007743992377072573,0.0013490152778103948,0.000900793238542974,0.006446585059165955,0.007270769216120243,0.03296627104282379,0.08111570030450821,0.042189061641693115,-0.03435618802905083,-0.005803325213491917,0.037777114659547806,-0.0003128998796455562,-0.03349811211228371,0.020384060218930244,0.0002523764851503074,0.015432992950081825,-0.04183538258075714
0.02894379012286663,-0.04364822432398796,0.02419443428516388,0.0014839135110378265,0.007835169322788715,0.01705576293170452,0.013268010690808296,0.03121587075293064,-0.013411767780780792,-0.030338868498802185,0.05473126843571663,0.004157959017902613,-0.0365428701043129,0.0038407586980611086,-0.01644447073340416,0.018492044880986214,-0.034640029072761536,0.016678310930728912,0.015289162285625935,0.016717372462153435,-0.018039805814623833
-0.0025875200517475605,0.038847144693136215,0.034190792590379715,0.010205579921603203,-0.02172759361565113,0.06020107492804527,0.04001108184456825,-0.006790381856262684,-0.007239065133035183,-0.020827611908316612,0.02450019121170044,0.034998275339603424,0.002874728525057435,-0.021248580887913704,0.01595858670771122,-0.03588459640741348,-0.010856871493160725,-0.04167153686285019,-0.009467966854572296,0.0376744270324707,0.021821262314915657
0.01582949049770832,-0.01649891957640648,-0.02335735782980919,-0.016555195674300194,0.07587691396474838,-0.0036314595490694046,-0.045573651790618896,0.0242780651897192,0.01298671867698431,0.026648707687854767,-0.02369057573378086,0.01602555811405182,-0.08794908225536346,-0.015756379812955856,0.0374978668987751,-0.01356514822691679,-0.0501726008951664,0.0656513124704361,0.04166502133011818,0.04080565646290779,0.10832592099905014
-0.006521996576339006,-0.014135529287159443,0.033991727977991104,0.023553932085633278,0.021688101813197136,0.02933090180158615,0.004975653253495693,-0.06304968148469925,0.06663962453603745,0.002042992040514946,-0.04159175232052803,-0.004969973582774401,0.05076581984758377,0.017516648396849632,0.035761669278144836,0.004423236940056086,0.0005934194196015596,-0.0225227028131485,-0.02218041568994522,0.033166736364364624,-0.032864488661289215
0.028515642508864403,-0.008949808776378632,0.02025270089507103,-0.06015201658010483,0.011023330502212048,-0.07537128031253815,0.02990095689892769,0.016253942623734474,-0.06215187534689903,-4.434440052136779e-05,-0.020553909242153168,0.039143264293670654,-0.011455551721155643,0.009625290520489216,0.008856261149048805,-0.004566597752273083,0.01566840335726738,-0.006070484407246113,-0.004008457530289888,0.02043083868920803,0.033507563173770905
-0.0021986449137330055,-0.029152248054742813,-0.030247313901782036,-0.028596598654985428,0.03179112821817398,0.014506245963275433,-0.01404034998267889,-0.029334621503949165,0.02090572379529476,0.048361342400312424,0.0037770571652799845,-0.02508462965488434,0.031650833785533905,0.015011954121291637,0.008234277367591858,0.057573601603507996,0.01821265183389187,0.03712090104818344,-0.04066950082778931,-0.06030963733792305,0.07131505757570267
0.015537909232079983,0.00525642978027463,-0.026714101433753967,0.019815294072031975,-0.01095137745141983,-0.021001825109124184,0.010258657857775688,0.022682445123791695,-0.03865453228354454,-0.04678119719028473,-0.05797295644879341,0.002492582658305764,-0.03618638589978218,-0.060644686222076416,0.0022219056263566017,0.018476752564311028,0.008869055658578873,-0.020574862137436867,-0.04479824751615524,0.0014542036224156618,-0.04730433598160744
0.008508769795298576,0.01735134981572628,0.03722761198878288,-0.007755303755402565,-0.028600363060832024,5.789814531453885e-05,0.024114351719617844,-0.023169057443737984,0.04453591629862785,-0.006838129833340645,0.021670006215572357,-0.04021546244621277,-0.019913330674171448,-0.0015561056789010763,0.10723559558391571,0.061508260667324066,0.05994817614555359,0.028483694419264793,-0.001133430632762611,-0.01688336953520775,0.04797862470149994
-0.021862851455807686,-0.05674665421247482,0.04140747711062431,0.007353577762842178,0.00141986645758152,-0.005900241434574127,0.0005756596801802516,0.056331735104322433,0.024721413850784302,0.02871001325547695,0.00853540375828743,-0.008771420456469059,-0.020453523844480515,0.013867752626538277,-0.03668059781193733,0.06958086043596268,-0.04519396275281906,-0.028343122452497482,-0.020292259752750397,0.0061025479808449745,-0.020843006670475006
-0.015953412279486656,-0.005249788984656334,0.02146012708544731,0.00534235592931509,-0.006596292369067669,-0.06713899970054626,-0.0033412512857466936,-0.02418399415910244,0.030293375253677368,-0.016112951561808586,-0.016442131251096725,0.011820314452052116,0.006195549387484789,-0.0046064467169344425,0.028156297281384468,0.0005655301501974463,0.0168299563229084,0.0045834993943572044,-0.023925965651869774,-0.00140297575853765,0.009955472312867641
0.01694115437567234,0.04248690977692604,0.03242678940296173,-0.017016112804412842,-0.017638273537158966,-0.023218004032969475,-0.029792839661240578,0.021777667105197906,0.04806290939450264,-0.012585972435772419,-0.002440741518512368,-0.008836748078465462,0.01650821790099144,0.03229247033596039,0.01103307120501995,-0.002903403015807271,0.04576423391699791,0.02236258238554001,0.004430676810443401,-0.010862640105187893,0.058047935366630554
-0.02275591716170311,-0.016957338899374008,0.02245420590043068,-0.00226378720253706,0.0012318029766902328,0.06417804211378098,-0.0640476867556572,-0.00894206203520298,0.0004052905715070665,0.04647643491625786,0.04241226986050606,0.006430031731724739,-0.008732014335691929,-0.03890926018357277,-0.00020697955915238708,0.03262633457779884,0.010708445683121681,-0.08464450389146805,0.08963698893785477,-0.006155567243695259,-0.0007199590909294784
-0.033290158957242966,-0.02275734953582287,-0.05745925381779671,0.01994059421122074,-0.019542373716831207,0.0004232923383824527,0.007449374999850988,0.01778647117316723,0.0435604490339756,-0.007568498607724905,0.005209165159612894,0.0028877269942313433,-0.017412059009075165,0.038909971714019775,-0.015536132268607616,0.010690516792237759,-0.0077990698628127575,0.0007811640971340239,-0.01928246021270752,0.0451241061091423,-0.021218055859208107
-0.04111702740192413,0.02548230066895485,-0.009751735255122185,0.009699082002043724,-0.018775908276438713,0.005662078503519297,0.011141015216708183,-0.06633081287145615,-0.043134480714797974,-0.08934362977743149,0.049996476620435715,0.014596824534237385,0.12447432428598404,-0.019362710416316986,-0.0708768367767334,-0.04891986399888992,0.029310964047908783,0.02886681817471981,-0.02553054317831993,0.0902869775891304,0.1080707311630249
0.1427098512649536,0.041788142174482346,-0.02098143845796585,-0.004104934632778168,0.013265297748148441,0.0167593564838171,0.03427112475037575,-0.024781612679362297,0.014123293571174145,0.0012115204008296132,-0.0036040854174643755,0.03185988590121269,0.011386842466890812,-0.004495557397603989,0.07835458964109421,0.023192277178168297,0.011074311099946499,-0.015620818361639977,0.034552302211523056,0.006338265724480152,-0.06469788402318954
-0.013404807075858116,-0.060539763420820236,-0.028424909338355064,-0.004406745545566082,0.025461426004767418,0.01037913653999567,-0.02675192803144455,0.0025441606994718313,-0.007520207203924656,-0.06360547244548798,0.021401822566986084,-0.020670291036367416,-0.037860311567783356,0.010441720485687256,0.005112719256430864,0.03303307667374611,0.03426254913210869,-0.014677694998681545,0.07434289902448654,0.01880636252462864,-0.036987416446208954
-0.011311285197734833,-0.0009517435682937503,-0.010983551852405071,-0.003808086272329092,0.047806888818740845,0.026186218485236168,0.017369672656059265,-0.02881353162229061,-0.02332473173737526,-0.027839064598083496,-0.08769752085208893,-0.010326758958399296,-0.011335265822708607,-0.016958463937044144,-0.0006409278139472008,0.01084902323782444,0.017041923478245735,-0.025797337293624878,-0.01205485686659813,-0.04731808230280876,-0.025094930082559586
0.02700386568903923,0.004662647377699614,-0.017192445695400238,-0.04294365271925926,0.036787085235118866,-0.004889637231826782,0.003172561526298523,0.020439382642507553,-0.03713563457131386,-0.0959269180893898,0.015390870161354542,-0.002489530248567462,0.01892208494246006,-0.010835080407559872,0.009065864607691765,0.03890615329146385,-0.013138044625520706,0.011868037283420563,-0.001607896527275443,0.04123867675662041,-0.006443370599299669
-0.054505329579114914,-0.019333265721797943,0.01298668421804905,0.03503650054335594,0.015565306879580021,-0.0005854698829352856,0.008915835991501808,0.016922110691666603,0.06001860648393631,-0.07459833472967148,-0.0268358513712883,-0.07478656619787216,0.05580061674118042,0.06495428830385208,0.018924694508314133,0.016228483989834785,0.02769366465508938,-0.0036570304073393345,0.061190661042928696,0.0354948528110981,-0.03692382201552391
-0.02141539193689823,-0.01627444475889206,-0.009256608784198761,-0.024690251797437668,0.011606304906308651,-0.01427656039595604,-0.0059737591072916985,0.04693898558616638,-0.05007076635956764,-0.0352168008685112,-0.012856737710535526,-0.009548109024763107,-0.05158678814768791,-0.03005947545170784,-0.032544028013944626,0.021561427041888237,-0.011288786306977272,0.0032396402675658464,-0.036172058433294296,-0.054536137729883194,-0.09614738076925278

Slice 8
0.0832819789648056,0.02960473671555519,0.0025957569014281034,-0.002217436209321022,0.008918247185647488,-0.06702112406492233,0.017770439386367798,0.001507292501628399,-0.05275534465909004,0.03047914057970047,0.18337181210517883,0.07640282064676285,-0.029177948832511902,-0.03215569630265236,-0.03907327726483345,-0.02744620479643345,-0.06164136528968811,0.014878207817673683,0.024881942197680473,0.06437589228153229,-0.15147840976715088
0.040362052619457245,-0.057789698243141174,0.06165138632059097,0.009446457028388977,0.00017122473218478262,0.05093264579772949,0.05680408701300621,0.07106975466012955,-0.0046949549578130245,-0.05030764266848564,0.1582602560520172,0.0029421173967421055,-0.06039312481880188,-0.0018752061296254396,-0.02747214213013649,0.017519189044833183,-0.07090871036052704,-0.004527338780462742,0.06108015403151512,-0.07778771966695786,-0.06403561681509018
-0.022290842607617378,0.03484032675623894,0.02382706105709076,0.10945156961679459,0.04085937514901161,0.048351336270570755,0.08958330005407333,0.1681111603975296,-0.025589721277356148,-0.13068385422229767,0.038036659359931946,-0.008275719359517097,-0.00975259579718113,-0.027947649359703064,-0.018200308084487915,-0.11982715129852295,-0.026768604293465614,-0.05564131587743759,-0.031230922788381577,-0.015020879916846752,-0.0014469658490270376
0.04758421331644058,-0.08140382915735245,-0.024287013337016106,-0.008977772668004036,0.1983085572719574,0.03358441963791847,-0.012605641968548298,0.009910628199577332,0.029576361179351807,0.028782133013010025,-0.01708444207906723,-0.004604816436767578,-0.1077040433883667,-0.11718489974737167,0.08350110054016113,0.07615702599287033,-0.03869872912764549,0.14292994141578674,0.009493955411016941,0.007738878950476646,0.04416539520025253
0.04613671824336052,0.02513202652335167,0.04697476327419281,-0.04062507674098015,0.04232866317033768,0.07730592042207718,0.023047370836138725,-0.05818411707878113,0.06401080638170242,-0.00356962694786489,-0.06327223032712936,-0.008910033851861954,-0.021796762943267822,0.039806753396987915,0.03396380692720413,-0.014232144691050053,-0.006176941562443972,-0.008775158785283566,-0.031231025233864784,-0.005317613482475281,-0.03778497502207756
0.04573216289281845,-0.04010864719748497,0.01171200629323721,-0.041350554674863815,0.03387724980711937,-0.12895146012306213,0.054575204849243164,0.008969350717961788,-0.015952160581946373,-0.036553703248500824,-0.09781444072723389,0.02442890591919422,-0.11400371789932251,-0.038930829614400864,0.07557673007249832,0.04573271796107292,0.07247252017259598,-0.009475063532590866,-0.023704683408141136,0.03384922444820404,-6.180893979035318e-05
-0.03266912326216698,-0.025442443788051605,-0.0036348802968859673,-0.043558407574892044,0.12455916404724121,0.010918844491243362,-0.011639752425253391,-0.009749840013682842,0.040398433804512024,0.0679817870259285,0.017355438321828842,-0.035437073558568954,0.0164567232131958,0.04109833762049675,0.0032375864684581757,0.10305038094520569,0.02678428404033184,0.12671302258968353,-0.07788100838661194,-0.0429309643805027,0.1394820362329483
0.04089433327317238,-0.04897758737206459,-0.05000726506114006,0.05941923335194588,-0.004343601409345865,-0.08277144283056259,0.02750951424241066,-0.013875155709683895,0.008133982308208942,-0.041723571717739105,-0.07942945510149002,-0.027153287082910538,0.06214848905801773,0.10150984674692154,0.09066649526357651,0.05010678619146347,-0.05253968760371208,0.058935340493917465,-0.08199398219585419,-0.032943107187747955,0.07734191417694092
0.031858231872320175,0.060413908213377,0.05974197015166283,-0.08181494474411011,-0.09047766774892807,-0.012398113496601582,-0.0012512647081166506,-0.001014192821457982,0.10082349181175232,-0.0508771613240242,0.043731316924095154,-0.009521937929093838,0.04085899144411087,-0.02292044274508953,0.04004900902509689,0.05558186396956444,0.13156966865062714,0.08640433847904205,0.020366201177239418,0.04782196879386902,0.046846192330121994
-0.05192609131336212,-0.026926271617412567,0.06227247044444084,0.025043493136763573,-0.008892462588846684,-0.014471378177404404,-0.0007119479705579579,0.05643352493643761,0.08812497556209564,0.036953750997781754,0.034520018845796585,-0.07654798030853271,0.05612577125430107,0.0006061885505914688,-0.0073711685836315155,0.1426374465227127,-0.1291937232017517,-0.08121319115161896,-0.051334403455257416,0.022388318553566933,0.02351011522114277
-0.037086229771375656,0.03640395775437355,-0.028202315792441368,-0.031130431219935417,-3.3899319532793015e-05,-0.11183402687311172,-0.051134467124938965,-0.0035240708384662867,0.07601869851350784,0.02434631809592247,0.0038480146322399378,0.034546252340078354,0.0029646791517734528,-0.02212890051305294,0.013227292336523533,0.018516739830374718,-0.020484689623117447,0.04744407534599304,0.04892442747950554,0.009164705872535706,-0.01929030567407608
0.07740400731563568,0.004364152438938618,0.07189839333295822,-0.022865505889058113,-0.04448331519961357,0.035525139421224594,-0.02239956147968769,0.004879466723650694,-0.06246214359998703,-0.022952372208237648,-0.011884167790412903,0.005254171788692474,0.05336605757474899,-0.05789394676685333,-0.013578257523477077,-0.005206219386309385,0.034096673130989075,0.11469977349042892,-0.011772538535296917,-0.02799677848815918,0.12321498245000839
0.02581322006881237,-0.026108304038643837,0.03676878288388252,-0.002035340992733836,-0.042047224938869476,0.1403806358575821,0.025518080219626427,-0.015511130914092064,0.0067969621159136295,0.08982543647289276,0.1504347324371338,0.02281896583735943,0.0010985106928274035,-0.0532011054456234,0.02645057626068592,0.0012189821572974324,0.011994810774922371,-0.057325806468725204,0.12138357758522034,-0.08103140443563461,0.08355095237493515
-0.045056186616420746,0.027953896671533585,-0.08355588465929031,-0.0009987830417230725,-0.04623747617006302,0.013540834188461304,0.07092107832431793,0.003973654471337795,-0.026303889229893684,0.04933123663067818,-0.027960872277617455,-0.004265107214450836,0.024220889434218407,0.08570217341184616,-0.01858539879322052,-0.11945794522762299,0.01061746384948492,0.05295276641845703,-0.03781807795166969,-0.03382885456085205,-0.02262936346232891
-0.04362906888127327,-0.0031165240798145533,-0.03914501890540123,0.025845209136605263,-0.13133132457733154,-0.01519731990993023,0.06723876297473907,-0.0797109454870224,-0.0217234306037426,-0.08829696476459503,0.027004698291420937,-0.0029548450838774443,0.1884772926568985,-0.029220813885331154,0.027157727628946304,-0.04134294390678406,-0.011917388997972012,0.034712158143520355,0.00569827388972044,0.10981295257806778,0.13136817514896393
0.1693163812160492,0.09054838865995407,-0.027915356680750847,-0.011416124179959297,0.03240107372403145,0.08012459427118301,0.10904169827699661,-0.05326395109295845,-0.05413182079792023,-0.03720693290233612,0.030396871268749237,0.12580403685569763,-0.028195276856422424,-0.01830371282994747,0.04028747230768204,0.058076512068510056,-0.03566063940525055,-0.028207695111632347,0.08736755698919296,0.002540449146181345,-0.05726633965969086
-0.020325304940342903,-0.05480926111340523,-0.08623254299163818,-0.04529527947306633,0.0923018753528595,-0.01471397839486599,-0.061500128358602524,0.0010544996475800872,-0.01824621856212616,-0.02502092905342579,-0.019399935379624367,0.11675609648227692,-0.040412772446870804,-0.01393362507224083,-0.00018227382679469883,0.007254746276885271,0.09922947734594345,-0.02071893960237503,0.07374843955039978,0.043007977306842804,-0.048853132873773575
0.05520041286945343,0.004298941697925329,0.0757405012845993,-0.004946381784975529,0.07978114485740662,0.04414118826389313,-0.0054883589036762714,-0.005319827701896429,0.03130830079317093,0.011778642423450947,-0.058324992656707764,-0.013689848594367504,-0.03846778720617294,-0.011709735728800297,0.057276345789432526,0.02083689719438553,0.030515361577272415,-0.027349473908543587,0.03664937615394592,-0.08841376006603241,-0.011554590426385403
0.058688387274742126,-0.03341582790017128,0.010688496753573418,-0.06416474282741547,-0.012158747762441635,-0.014118493534624577,-0.06955000758171082,0.03227868303656578,0.06966990977525711,-0.07717422395944595,0.02366998977959156,0.03735871613025665,0.06502190977334976,-0.02388095110654831,0.003336641937494278,-0.04926102235913277,-0.007773171178996563,0.03940727561712265,-0.04805101826786995,-0.0021709343418478966,-0.0036319014616310596
-0.0400458462536335,-0.06081248074769974,0.11756297200918198,0.040075164288282394,0.04504505544900894,-0.021863602101802826,0.02520432509481907,0.04541999474167824,0.10047291219234467,-0.1286730319261551,-0.12150343507528305,-0.04022540524601936,-0.02612343616783619,-0.03554816171526909,0.0057354639284312725,0.16882817447185516,-0.003062955103814602,-0.012347686104476452,0.14415611326694489,0.05502571165561676,-0.08871812373399734
0.03735443204641342,0.039505455642938614,-0.002344985958188772,-0.0062780785374343395,-0.0646105632185936,-0.017786666750907898,-0.08005759119987488,0.07889242470264435,-0.13742634654045105,-0.056474655866622925,-0.053035054355859756,0.019284522160887718,-0.1165834367275238,-0.05301106721162796,-0.0362129732966423,-0.007614699192345142,-0.0029773302376270294,0.010688252747058868,-0.0798676460981369,-0.059195201843976974,-0.007142634131014347

Slice 9
-0.11663076281547546,-0.028444528579711914,0.011685148812830448,-0.04174505174160004,0.000932675669901073,0.08393974602222443,-0.006011574529111385,0.060367804020643234,0.10594838112592697,0.003037472255527973,-0.26193711161613464,-0.11383174359798431,0.06920163333415985,0.061898745596408844,0.11061827838420868,0.05397890880703926,0.10529561340808868,-0.008365081623196602,-0.03704819455742836,-0.08956649154424667,0.2549861967563629
-0.060657937079668045,0.10125777125358582,-0.07284008711576462,-0.025388026610016823,-0.00591241056099534,-0.021549329161643982,-0.111501045525074,-0.10888805985450745,-0.0013026248198002577,0.06512503325939178,-0.29835474491119385,-0.0035183010622859,0.07183481752872467,-0.006759996991604567,-0.015048811212182045,-0.0023662459570914507,0.11615249514579773,0.015283615328371525,-0.09346450120210648,0.11266684532165527,0.0802200585603714
0.007720841094851494,-0.04508107528090477,-0.04310700669884682,-0.17843350768089294,-0.07196284085512161,-0.09140614420175552,-0.13173477351665497,-0.2495451718568802,0.0297552403062582,0.21397465467453003,-0.08567063510417938,0.024796970188617706,-0.004537810571491718,0.025157181546092033,0.016109973192214966,0.16898874938488007,0.028595494106411934,0.05966063216328621,0.04423178359866142,0.047981467097997665,0.028426308184862137
-0.06950736790895462,0.13892492651939392,0.01842701993882656,0.005876275710761547,-0.33533722162246704,-0.07559879124164581,0.019119396805763245,0.0017389204585924745,-0.053944189101457596,-0.06858407706022263,0.04377720504999161,0.02258405089378357,0.15746445953845978,0.1985841691493988,-0.08259102702140808,-0.11487385630607605,0.05291952192783356,-0.27427709102630615,-0.01690601371228695,0.03972667455673218,-0.021952563896775246
-0.03811072185635567,-0.032567936927080154,-0.0721888467669487,0.044275324791669846,-0.06515521556138992,-0.12498027086257935,-0.036294158548116684,0.08763758093118668,-0.07158030569553375,-0.000448714941740036,0.09866440296173096,0.01065912377089262,0.061271268874406815,-0.05685202777385712,-0.03890979662537575,0.02309909276664257,0.009807886555790901,0.015988467261195183,0.05321676284074783,0.028337402269244194,0.06780771911144257
-0.07937085628509521,0.07066122442483902,0.004257147200405598,0.05353417247533798,-0.059701066464185715,0.13740159571170807,-0.050358500331640244,-0.016449308022856712,0.015762099996209145,0.038899268954992294,0.16518522799015045,-0.04505040496587753,0.18539251387119293,0.07203753292560577,-0.09402547776699066,-0.10368265211582184,-0.1301233321428299,0.024196265265345573,0.026802515611052513,-0.057612523436546326,0.01643478311598301
0.056891798973083496,0.039300836622714996,0.01718899793922901,0.07608908414840698,-0.1696544885635376,-0.021234693005681038,-0.011621247045695782,-0.007448155898600817,-0.07010120153427124,-0.09424643963575363,-0.03303571045398712,0.0677158311009407,-0.02311755158007145,-0.0543762743473053,0.004797936417162418,-0.17929738759994507,-0.03888988122344017,-0.18400341272354126,0.1261136829853058,0.08105101436376572,-0.19244880974292755
-0.07966908812522888,0.09098771959543228,0.07571722567081451,-0.08866625279188156,-0.01641405187547207,0.11821603775024414,-0.03937822952866554,0.01679605431854725,-0.03147226944565773,0.057244397699832916,0.12748506665229797,0.02850278839468956,-0.09673338383436203,-0.1950569897890091,-0.1651846170425415,-0.07441377639770508,0.0753818154335022,-0.13564017415046692,0.11852770298719406,0.01686178334057331,-0.19187504053115845
-0.10663545876741409,-0.12581075727939606,-0.07435870170593262,0.1483614146709442,0.11068402230739594,0.02600971795618534,-0.014617578126490116,-0.022502612322568893,-0.1472853124141693,0.12159135937690735,-0.06672235578298569,0.0355345793068409,-0.06896965205669403,0.028577107936143875,0.009134359657764435,-0.06619544327259064,-0.20547807216644287,-0.1475449502468109,-0.033236581832170486,-0.0806828960776329,-0.05427621304988861
0.04222557321190834,0.04338827729225159,-0.11474725604057312,-0.021322309970855713,-0.023811401799321175,0.024597948417067528,0.025608882308006287,-0.10391020029783249,-0.10096602886915207,-0.05161595344543457,-0.06732367724180222,0.11195459961891174,-0.07549196481704712,-0.0031435969285666943,-0.018573272973299026,-0.21453113853931427,0.19074521958827972,0.14344829320907593,0.07451634109020233,-0.1023024469614029,-0.04733571037650108
0.07880387455224991,-0.061647649854421616,0.0541314035654068,0.06458817422389984,0.015622086822986603,0.14788593351840973,0.10517480224370956,0.022438548505306244,-0.12269910424947739,-0.060251761227846146,-0.010922152549028397,-0.058398958295583725,-0.006679006852209568,0.060396380722522736,-0.04015853628516197,-0.033966075628995895,0.039387259632349014,-0.09288792312145233,-0.10464080423116684,-0.00991599541157484,0.038003452122211456
-0.13309210538864136,-0.0007824349449947476,-0.09330490976572037,0.033933162689208984,0.05659354105591774,-0.08397535234689713,0.027822472155094147,0.0012241126969456673,0.12105716019868851,0.025036143139004707,0.02093525230884552,-0.005624006036669016,-0.08986789733171463,0.09841001778841019,0.006658286787569523,0.014503839425742626,-0.06543362885713577,-0.19135454297065735,0.04044200852513313,0.0482013113796711,-0.16192272305488586
-0.06755305081605911,0.03939374163746834,-0.057601198554039,0.014020751230418682,0.08267413079738617,-0.12322884798049927,0.012049868702888489,0.009084269404411316,0.016153061762452126,-0.15520651638507843,-0.26103639602661133,-0.02742804028093815,-0.03552858904004097,0.0807381346821785,-0.022421516478061676,0.0106155751273036,-0.014339044690132141,0.10180288553237915,-0.20108455419540405,0.0938674584031105,-0.13063140213489532
0.06529596447944641,-0.06428124010562897,0.12579619884490967,0.00846238061785698,0.06227488070726395,-0.022911712527275085,-0.11431382596492767,-0.00240527605637908,0.026735926046967506,-0.06124243140220642,0.023973600938916206,0.011145137250423431,-0.053310975432395935,-0.14617237448692322,0.0018705723341554403,0.23399266600608826,-0.017832355573773384,-0.08564678579568863,0.06309850513935089,0.05634591355919838,0.0381508395075798
0.06401904672384262,0.009100258350372314,0.045610733330249786,-0.0448971763253212,0.2158517688512802,0.06461015343666077,-0.11582638323307037,0.12702932953834534,0.02185494266450405,0.11743243783712387,-0.04781576618552208,-0.020758381113409996,-0.27098971605300903,0.04038424789905548,-0.07229596376419067,0.0738770142197609,0.01416496466845274,-0.056578900665044785,0.007893139496445656,-0.1601441651582718,-0.18734629452228546
-0.2548912763595581,-0.17311835289001465,0.03569706156849861,-0.015301035717129707,-0.060979269444942474,-0.16559283435344696,-0.17834091186523438,0.07946021854877472,0.0648537129163742,0.05085945129394531,-0.04951055720448494,-0.22329989075660706,0.03156027942895889,0.04196872189640999,-0.0521540567278862,-0.09268614649772644,0.09061131626367569,0.06211366504430771,-0.14573930203914642,-0.0108810905367136,0.07032205164432526
0.02061406709253788,0.07530481368303299,0.11469127982854843,0.05759590119123459,-0.15298479795455933,0.034889474511146545,0.08777756243944168,0.0005123976152390242,0.012935834005475044,0.020588310435414314,0.04445474222302437,-0.20240552723407745,0.06030937284231186,0.025915319100022316,-0.008696280419826508,0.008201411925256252,-0.1474897861480713,0.023478398099541664,-0.11156116425991058,-0.07022862136363983,0.06862553209066391
-0.12679420411586761,-0.005060154944658279,-0.1392606943845749,0.0021075920667499304,-0.07771547138690948,-0.07931400835514069,0.017000552266836166,0.002206315053626895,-0.05721094086766243,-0.023070717230439186,0.09469516575336456,0.025944851338863373,0.07867171615362167,0.020901169627904892,-0.1409865915775299,-0.03531264141201973,-0.045074813067913055,0.03395257145166397,-0.06398899108171463,0.10534445941448212,0.0001853557041613385
-0.09620822221040726,0.04579166695475578,-0.005531837698072195,0.10238386690616608,0.05773535370826721,0.03276897221803665,0.09512170404195786,-0.06978045403957367,-0.14471518993377686,0.08908823132514954,-0.03446067497134209,-0.07185595482587814,-0.0720459371805191,0.043615132570266724,-0.01006906945258379,0.05851093307137489,0.0032325834035873413,-0.049543336033821106,0.09487416595220566,0.04309410974383354,-0.022406864911317825
0.11803290992975235,0.10791169106960297,-0.1522534340620041,-0.04291904345154762,-0.09126279503107071,0.0646439865231514,-0.0011484678834676743,-0.021991174668073654,-0.13151957094669342,0.24052973091602325,0.1658211499452591,0.052093617618083954,0.05664895847439766,0.071378193795681,0.018340880051255226,-0.27382892370224,0.05561995878815651,0.02937297150492668,-0.20703959465026855,-0.020291445776820183,0.1613624542951584
-0.07335946708917618,-0.06527203321456909,-0.013611068949103355,-0.006026488728821278,0.18118855357170105,0.05332865193486214,0.1370205581188202,-0.14920245110988617,0.203464075922966,0.10098280757665634,0.06772059202194214,-0.05495511367917061,0.12933732569217682,0.09355820715427399,0.0606403574347496,0.003493165597319603,-0.006490613333880901,-0.03308553248643875,0.09343178570270538,0.055540233850479126,-0.1831207275390625

Slice 10
0.046323053538799286,-0.11742884665727615,-0.020415669307112694,0.044581107795238495,-0.008538742549717426,-0.0690903514623642,0.004632985685020685,-0.00428098626434803,-0.031920500099658966,-0.026379365473985672,-0.024236010387539864,-0.003559913020581007,0.0846894234418869,-0.014711989089846611,-0.08659370988607407,-0.011315626092255116,0.02523723989725113,-0.0100510623306036,0.01327092107385397,0.02402113564312458,-0.0018767621368169785
-0.024022124707698822,0.049404896795749664,0.004833318293094635,-0.0001402386842528358,-0.01742681674659252,0.08398362249135971,0.00960308127105236,-0.024993188679218292,0.019409503787755966,0.027250153943896294,-0.04570196196436882,-0.018348194658756256,0.011899271048605442,-0.011733715422451496,-0.012004349380731583,-0.03826681524515152,0.021205198019742966,-0.043236490339040756,0.0160970501601696,-0.10085111111402512,-0.019148090854287148
-0.009903925471007824,-0.0363420769572258,-0.03714694455265999,0.056191977113485336,0.07510645687580109,-0.07241620868444443,-0.02101071923971176,0.14107058942317963,0.029762953519821167,0.004127440508455038,-0.044810857623815536,-0.05075261369347572,-0.013506684452295303,0.031162133440375328,0.0028455147985368967,0.007177019491791725,0.014982623979449272,0.03843154385685921,-0.005177375860512257,-0.03874333202838898,-0.01247101929038763
0.027465535327792168,-0.007432211190462112,0.017461800947785378,0.039239831268787384,-0.045098863542079926,5.261966725811362e-05,0.06657419353723526,-0.02478562481701374,-0.016855362802743912,-0.062497373670339584,0.05864711105823517,-0.021142710000276566,0.12713995575904846,-0.032412637025117874,0.01726241409778595,0.12771457433700562,0.07784661650657654,-0.03247327730059624,-0.07200509309768677,-0.0527101531624794,-0.16008661687374115
0.02886147052049637,0.07381103932857513,-0.039545293897390366,-0.1063532680273056,-0.017345955595374107,-0.018828656524419785,0.025267204269766808,0.0984477624297142,-0.07792951911687851,-0.02907753922045231,0.043079525232315063,0.0009629258420318365,-0.16603145003318787,-0.0004572427715174854,-0.05319580063223839,-0.017262466251850128,0.002461252035573125,0.040275219827890396,0.026493873447179794,-0.043848320841789246,0.03733912110328674
-0.032892052084207535,0.0010134137701243162,-0.03350236639380455,0.04555473476648331,0.0006066188798286021,0.002023031236603856,-0.017162682488560677,-0.012470914050936699,0.073896624147892,-0.014029315672814846,-0.020530641078948975,-0.04745148494839668,-0.0112760029733181,-0.05122066289186478,0.01825697347521782,0.03629631549119949,0.0035882152151316404,0.03151406720280647,-0.028294898569583893,-0.01681383326649666,-0.059556107968091965
-0.001396085019223392,0.042955949902534485,0.05626402795314789,0.03207692876458168,0.02611415646970272,-0.011772209778428078,0.0029761032201349735,0.033875517547130585,0.013412799686193466,-0.0412851944565773,0.007011931389570236,0.03605310991406441,-0.06847961246967316,0.010224743746221066,0.026218518614768982,-0.032338615506887436,0.004830205347388983,0.04845798388123512,0.03070053830742836,0.1364496648311615,-0.035051971673965454
-0.04204486683011055,-0.04190010577440262,-0.011650065891444683,0.00046787879546172917,0.010182127356529236,-0.014811400324106216,0.0077271731570363045,-0.06291745603084564,0.013283510692417622,0.0592290423810482,0.07023350894451141,-0.04660680145025253,0.04309484735131264,0.15320831537246704,0.003520648693665862,-0.013202068395912647,-0.0852762833237648,0.02334417589008808,0.024028355255723,-0.03242238983511925,0.08114000409841537
0.002967393258586526,-0.01056008692830801,0.0030607308726757765,0.014488949440419674,-0.08891846984624863,-0.003536369651556015,-0.013971935957670212,0.053453147411346436,0.006768815219402313,-0.007858028635382652,-0.015456580556929111,0.06687729805707932,0.05973963439464569,-0.02208251878619194,-0.08849409222602844,-0.07437533140182495,-0.0363609679043293,0.018746700137853622,0.024514304473996162,0.03808046877384186,-0.042968250811100006
0.04485080763697624,0.1020902693271637,-0.048380296677351,-0.009265047498047352,-0.030074523761868477,0.0052086408250033855,0.005222716368734837,-0.07061667740345001,-0.012610347010195255,-0.07558874785900116,-0.0014709023525938392,-0.02474309131503105,0.02428716979920864,-0.04536459222435951,0.029827693477272987,-0.02711126022040844,-0.0004936941550113261,0.021316755563020706,0.005840812809765339,-0.01849808730185032,-0.06000281497836113
0.023447565734386444,0.03640544041991234,-0.06192673742771149,-0.02367549203336239,0.03690904751420021,0.022800762206315994,0.003251581219956279,0.020727306604385376,0.01229085773229599,0.02702782303094864,0.036594223231077194,-0.007256300188601017,-0.011317775584757328,0.01533390861004591,-0.06648147106170654,0.003827410750091076,-0.04445807263255119,-0.0007919434574432671,0.06354409456253052,0.02792087197303772,-0.029612449929118156
0.011583172716200352,-0.0750410184264183,-0.03260529413819313,-0.005586063023656607,0.03559303283691406,0.06309223175048828,0.03190799057483673,-0.04414784163236618,-0.12573793530464172,0.01548665389418602,-0.004554194863885641,0.005641840863972902,0.011051272042095661,-0.10045410692691803,-0.054928455501794815,0.008403654210269451,-0.08742928504943848,0.02006792649626732,0.0037133076693862677,0.0008331541903316975,-0.03074764274060726
0.06987004727125168,0.018736716359853745,-0.0071762423031032085,0.0010694146621972322,-0.005681457929313183,-0.003765492234379053,0.1588965803384781,0.02603551745414734,0.011579356156289577,0.00348277622833848,0.014700080268085003,0.003127496689558029,0.02404981665313244,0.037633299827575684,0.010410812683403492,-0.09134303778409958,-0.009678120724856853,0.15765468776226044,-0.1360086053609848,-0.021625617519021034,0.02061685547232628
0.030721377581357956,0.03646712377667427,0.06013249233365059,-0.034162841737270355,-0.011488517746329308,0.0019171495223417878,0.006163387559354305,-0.04316193610429764,-0.11801160871982574,0.07895680516958237,-0.035307981073856354,-0.007713390979915857,0.05412111058831215,-0.033261142671108246,-0.004030824638903141,-0.04289120063185692,0.01628226600587368,0.03744933381676674,0.016192805022001266,-0.13676613569259644,0.036954399198293686
0.06899542361497879,-0.058331944048404694,0.0061757224611938,0.011472837999463081,-0.011306898668408394,0.049443040043115616,0.02871052734553814,0.09310458600521088,0.07065557688474655,0.09426238387823105,-0.10501998662948608,-0.04155178368091583,-0.13619355857372284,0.0175061896443367,0.14327694475650787,0.05831527337431908,-0.0755363255739212,-0.01844332180917263,0.06301029771566391,-0.13372094929218292,-0.07945932447910309
-0.14369487762451172,-0.05327350273728371,0.033421073108911514,0.0022987965494394302,0.0017128412146121264,-0.019733622670173645,0.037187494337558746,0.017082152888178825,-0.059916090220212936,-0.0003430537472013384,0.041393257677555084,0.012373759411275387,-0.05484256148338318,0.02290378324687481,-0.11940602213144302,0.00765599962323904,-0.029728403314948082,0.016542932018637657,-0.012229783460497856,-0.024661308154463768,0.10169097036123276
0.0064636170864105225,0.08287538588047028,-0.006042748689651489,-0.020358435809612274,0.01905173435807228,-0.013647307641804218,0.015284871682524681,-0.0064507946372032166,0.005313263274729252,0.12658827006816864,-0.045652031898498535,0.12620225548744202,0.04631294310092926,-0.020896654576063156,-0.005197394639253616,-0.034514665603637695,-0.0019831242971122265,0.0038174474611878395,-0.09129597991704941,-0.008195685222744942,0.05418543890118599
0.034496430307626724,0.006051739677786827,0.041800159960985184,-0.005759567487984896,0.017357399687170982,-0.04246028512716293,-0.052385058254003525,0.03277584910392761,0.04453602805733681,0.029811589047312737,0.1336975395679474,0.009212237782776356,-0.038233451545238495,0.022983368486166,0.0012801194097846746,-0.02600770629942417,-0.012564809061586857,0.002063145162537694,0.04747745022177696,0.00125402701087296,0.0003493245458230376
-0.01817682571709156,-0.03518524020910263,0.055408086627721786,0.03916412964463234,-0.026157699525356293,0.008132262155413628,-0.062463872134685516,-0.04222319647669792,0.09401896595954895,0.14604800939559937,-0.01310544554144144,0.01282512117177248,0.03118644468486309,0.009671113453805447,-0.01315293088555336,-0.13376423716545105,0.0024327558930963278,0.0013733532978221774,-0.02294030599296093,-0.06942054629325867,-0.021291278302669525
0.05410584434866905,-0.0013884382788091898,0.13325738906860352,-0.03625980764627457,-0.04600946977734566,-0.022762058302760124,0.0023776397574692965,0.04979885369539261,-0.028212526813149452,0.02411293238401413,-0.0726267620921135,0.12685748934745789,-0.17943638563156128,-0.16117209196090698,0.006798997987061739,0.07678034901618958,-0.0333823561668396,-0.0007164108683355153,0.014430493116378784,-0.08021214604377747,-0.06281199306249619
0.045452285557985306,0.07039368897676468,0.032981596887111664,0.05045096576213837,-0.06341268122196198,0.0136284613981843,-0.04355858638882637,-0.04817623272538185,0.014242863282561302,0.02441912516951561,-0.03075074777007103,0.027210857719182968,0.022526109591126442,0.041576795279979706,0.04238582402467728,-0.03682318329811096,0.023218490183353424,0.00024638447212055326,-0.01350695826113224,0.003696371102705598,0.2502359449863434

Slice 11
-0.06666002422571182,-0.08364287763834,-0.008630560711026192,0.001155008329078555,-0.009038076736032963,0.01978457160294056,0.04349604249000549,0.015728270635008812,0.055056698620319366,-0.040704481303691864,-0.24579474329948425,-0.09800494462251663,0.1031806468963623,0.03806379809975624,0.02159232087433338,0.02633744105696678,0.09873843938112259,-0.03192201629281044,-0.024755628779530525,-0.07310440391302109,0.23462888598442078
-0.07875484228134155,0.12143558263778687,-0.0497446283698082,-0.02234042063355446,-0.013046419247984886,0.03747623786330223,-0.08707022666931152,-0.10425203293561935,0.011231530457735062,0.09099055826663971,-0.2553452253341675,-0.019550776109099388,0.07732852548360825,-0.014064794406294823,-0.018230224028229713,-0.01824960857629776,0.11707906424999237,-0.01933516561985016,-0.06895197182893753,0.02767758257687092,0.06362328678369522
0.006574908271431923,-0.06701373308897018,-0.06847096979618073,-0.13239941000938416,-0.027963897213339806,-0.1431817263364792,-0.12281250208616257,-0.12318234145641327,0.05513545870780945,0.19706851243972778,-0.11047065258026123,-0.016783399507403374,0.0008266649092547596,0.050847332924604416,0.02993215247988701,0.15045630931854248,0.03283653035759926,0.08669647574424744,0.033716876059770584,-0.0022732685320079327,-0.030009984970092773
-0.022438326850533485,0.11165603995323181,0.026458458974957466,0.028630798682570457,-0.32947084307670593,-0.06138229742646217,0.06055167317390442,-0.02629842609167099,-0.07121922820806503,-0.11241880059242249,0.07854338735342026,-0.002174757421016693,0.23351706564426422,0.14862790703773499,-0.045676808804273605,0.003642462892457843,0.10728389024734497,-0.27311083674430847,-0.053156401962041855,0.0023028601426631212,-0.12899254262447357
-0.01892252452671528,0.030762752518057823,-0.09003984183073044,-0.02666112594306469,-0.06728966534137726,-0.12018096446990967,-0.007094309199601412,0.16574041545391083,-0.126262366771698,-0.015816394239664078,0.12152671813964844,0.010042190551757812,-0.09067223221063614,-0.04691046103835106,-0.08902771770954132,0.01175735704600811,0.015744507312774658,0.05040925741195679,0.06335093826055527,-0.012130243703722954,0.08080685138702393
-0.08722414821386337,0.06295038014650345,-0.02933471091091633,0.07628052681684494,-0.043788496404886246,0.1109924241900444,-0.0722585916519165,-0.02973456121981144,0.07465610653162003,0.03902268409729004,0.1338423192501068,-0.07853182405233383,0.15802767872810364,0.031010400503873825,-0.06589999049901962,-0.05754850059747696,-0.11020585894584656,0.036965128034353256,0.0022698398679494858,-0.03649870678782463,-0.03603681921958923
0.029974687844514847,0.06444375216960907,0.048796724528074265,0.06706959754228592,-0.1440703421831131,-0.03295126184821129,-0.005071315448731184,0.0029751681722700596,-0.06344883888959885,-0.11265456676483154,-0.025544995442032814,0.07801613956689835,-0.07189276069402695,-0.05056450143456459,0.0018396541709080338,-0.18282154202461243,-0.03515636920928955,-0.13858230412006378,0.129837766289711,0.1549461930990219,-0.23185914754867554
-0.08771763741970062,0.04246005415916443,0.06533554196357727,-0.06567060947418213,0.0050161778926849365,0.10148805379867554,-0.0229991115629673,-0.015346777625381947,-0.012986518442630768,0.10039608180522919,0.17666052281856537,0.0004318278515711427,-0.04161931946873665,-0.06994848698377609,-0.1389857530593872,-0.06279870867729187,0.010166732594370842,-0.08675713837146759,0.12286137044429779,0.011773764155805111,-0.06392652541399002
-0.06583563983440399,-0.1075633242726326,-0.08001948148012161,0.13573391735553741,0.032321568578481674,0.02722316049039364,-0.009866053238511086,0.006218644790351391,-0.11830343306064606,0.08332215249538422,-0.07260824739933014,0.0804307758808136,-0.01499512605369091,0.01161794364452362,-0.032556742429733276,-0.11274895817041397,-0.20531430840492249,-0.10515603423118591,-0.00605682423338294,-0.037639956921339035,-0.08794647455215454
0.0993446409702301,0.11780671775341034,-0.1406322866678238,-0.03339073061943054,-0.02915935032069683,0.01787412352859974,0.016887178644537926,-0.11548803001642227,-0.10253351926803589,-0.09416117519140244,-0.05524022504687309,0.10269147157669067,-0.07699310034513474,-0.03078366443514824,0.019125379621982574,-0.2013014256954193,0.16803288459777832,0.15810254216194153,0.06549552828073502,-0.08367285132408142,-0.04543175920844078
0.07597249746322632,-0.026402393355965614,-0.0011583678424358368,0.03390268236398697,0.044968947768211365,0.14930884540081024,0.0890744999051094,0.038521211594343185,-0.08877987414598465,-0.02954689972102642,0.018939010798931122,-0.0569390207529068,-0.010655977763235569,0.05086684226989746,-0.08292972296476364,-0.02778255194425583,0.0026386966928839684,-0.07728422433137894,-0.05410095304250717,0.011432673782110214,0.010480818338692188
-0.1096222773194313,-0.05455079302191734,-0.11070907860994339,0.025781048461794853,0.07891956716775894,-0.017458386719226837,0.051698844879865646,-0.03267400711774826,0.011588661931455135,0.036690935492515564,0.014250935055315495,-0.004035234916955233,-0.07146932184696198,0.011970482766628265,-0.04269799590110779,0.01707836613059044,-0.116373211145401,-0.15174520015716553,0.037620026618242264,0.03612196445465088,-0.1829988807439804
-0.011007800698280334,0.04784529656171799,-0.04472322016954422,0.02981390617787838,0.06559422612190247,-0.1159796416759491,0.05742063373327255,0.035464249551296234,0.030676309019327164,-0.1206444501876831,-0.21245642006397247,-0.02669248916208744,-0.01678554341197014,0.10831034928560257,-0.015745200216770172,-0.07467611879110336,-0.01810641586780548,0.20052553713321686,-0.25498679280281067,0.06526678800582886,-0.10386117547750473
0.07406245917081833,-0.029177244752645493,0.1503097414970398,-0.0200445968657732,0.04607561230659485,-0.020683640614151955,-0.11108748614788055,-0.043039754033088684,-0.06576748192310333,-0.008046962320804596,0.0026839941274374723,0.002677241573110223,-0.013466098345816135,-0.15640045702457428,0.005763007793575525,0.16675932705402374,-0.00551250297576189,-0.05248863250017166,0.06624455749988556,-0.0533582977950573,0.06572943180799484
0.120571568608284,-0.031919997185468674,0.048287004232406616,-0.026869380846619606,0.21250706911087036,0.08370652049779892,-0.07088994979858398,0.1806500107049942,0.08138250559568405,0.17601561546325684,-0.11604562401771545,-0.04221358522772789,-0.32014957070350647,0.05037449672818184,0.04280392825603485,0.10053538531064987,-0.041282445192337036,-0.05946587771177292,0.05227281153202057,-0.22482052445411682,-0.22470960021018982
-0.34451863169670105,-0.1905752420425415,0.04351978749036789,-0.008288203738629818,-0.05662926658987999,-0.17200399935245514,-0.1339045912027359,0.08204099535942078,0.018373463302850723,0.0455988310277462,-0.014254714362323284,-0.20049917697906494,-0.01392264012247324,0.048696368932724,-0.14503543078899384,-0.07952556759119034,0.04829860478639603,0.059109728783369064,-0.13371431827545166,-0.02998214401304722,0.11480925232172012
0.016662247478961945,0.12830832600593567,0.09210238605737686,0.034958288073539734,-0.11756157130002975,0.022338110953569412,0.07816373556852341,0.000871242256835103,0.015861118212342262,0.12495516985654831,0.007620260585099459,-0.07574350386857986,0.09175290167331696,0.006327390670776367,-0.004242852330207825,-0.01804240606725216,-0.14089380204677582,0.026692088693380356,-0.16150574386119843,-0.05929004028439522,0.09653197973966599
-0.07342419773340225,0.00041095505002886057,-0.09746576100587845,0.00010250930790789425,-0.05356300249695778,-0.09637729823589325,-0.029353171586990356,0.03543391078710556,-0.014582573436200619,-0.009447915479540825,0.18172834813594818,0.0313013531267643,0.037881623953580856,0.03888234496116638,-0.09726440906524658,-0.046010714024305344,-0.045996055006980896,0.03428582102060318,-0.01997371017932892,0.11285996437072754,0.026102028787136078
-0.10136235505342484,0.01987186074256897,0.040416572242975235,0.1175614669919014,0.03153998404741287,0.03219503164291382,0.03958635777235031,-0.08273319154977798,-0.05594605207443237,0.2010132074356079,-0.03897349536418915,-0.053365278989076614,-0.03747386857867241,0.044313058257102966,-0.021027736365795135,-0.02244933694601059,0.006273304577916861,-0.04334103688597679,0.06386850774288177,-0.02303251065313816,-0.029574137181043625
0.13573479652404785,0.0912744477391243,0.06124946102499962,-0.024118924513459206,-0.1099340096116066,0.0456964336335659,0.01109648123383522,0.03155244141817093,-0.13177546858787537,0.2407197803258896,0.09326312690973282,0.1520361751317978,-0.0965038612484932,-0.04079819098114967,-0.00645051384344697,-0.1484307199716568,0.03934070095419884,0.04587982967495918,-0.16276586055755615,-0.08094135671854019,0.11537744849920273
-0.055198632180690765,-0.005460468586534262,0.0198465958237648,0.0007316626142710447,0.08594129979610443,0.048605673015117645,0.06169950217008591,-0.17921775579452515,0.17030301690101624,0.08282843232154846,0.033800579607486725,-0.031426623463630676,0.13841772079467773,0.09920899569988251,0.06453517079353333,-0.03518353030085564,-0.0018455603858456016,-0.04338537156581879,0.06951378285884857,0.04438863322138786,0.022354982793331146

Slice 12
0.056751858443021774,-0.09100224822759628,-0.06137004494667053,0.06707470864057541,-0.0003123258356936276,-0.07789499312639236,-0.001634074724279344,-0.019628796726465225,-0.08619391918182373,-0.049086809158325195,0.03547303378582001,0.03341783955693245,0.03018330968916416,-0.037396788597106934,-0.13959522545337677,-0.028815044090151787,-0.005276640877127647,-0.014629952609539032,0.02372312918305397,0.025522666051983833,-0.062311336398124695
-0.0053685326129198074,0.01432457659393549,0.01629759557545185,0.009438917972147465,-0.013325545005500317,0.049649544060230255,0.04422824829816818,0.011072809807956219,0.021280113607645035,0.001671559875831008,0.09127659350633621,-0.015769125893712044,0.007618849631398916,-0.007396033965051174,0.014674623496830463,-0.02287881262600422,-0.014289811253547668,-0.04971541836857796,0.0395033024251461,-0.11802072077989578,-0.03274410218000412
-0.029474271461367607,-0.029063034802675247,-0.031398724764585495,0.10330913215875626,0.08183687925338745,-0.057989079505205154,0.005029391031712294,0.19277827441692352,0.01449955627322197,-0.09986743330955505,-0.005772884469479322,-0.05554747208952904,-0.00930462870746851,0.029631396755576134,-0.01779458113014698,-0.04889696463942528,0.0001347769284620881,0.03425365313887596,-0.016088327392935753,-0.08768045157194138,-0.05383351817727089
0.04748333618044853,-0.05892900750041008,0.026784319430589676,0.028230078518390656,0.0618879534304142,0.03517698869109154,0.0725615844130516,-0.02120102010667324,-0.006341949570924044,-0.020027773454785347,0.031362734735012054,-0.032635871320962906,0.06457271426916122,-0.09617797285318375,0.006845744326710701,0.13700248301029205,0.061587855219841,0.04654917120933533,-0.06134117394685745,-0.08075457066297531,-0.16222357749938965
0.05819582939147949,0.06581157445907593,-0.018350886180996895,-0.09300119429826736,0.005660439375787973,0.033116210252046585,0.022684486582875252,0.05742797255516052,-0.06230262294411659,-0.025720590725541115,0.012284945696592331,-0.003705566981807351,-0.1595599502325058,0.011671303771436214,-0.03066951408982277,-0.01944170705974102,-0.00015717942733317614,0.027908693999052048,0.008422176353633404,-0.05759809538722038,0.026904219761490822
0.015386166051030159,-0.022884506732225418,-0.03474287688732147,0.04499379172921181,0.01347072422504425,0.0028901819605380297,0.008477962575852871,-0.010774361900985241,0.09014979004859924,-0.033562034368515015,-0.0687786266207695,-0.05365396663546562,-0.0636458471417427,-0.06594491750001907,0.04661862924695015,0.07658008486032486,0.05250071361660957,0.011206312105059624,-0.022010888904333115,-0.0015391483902931213,-0.05944489687681198
-0.02214081585407257,0.028746623545885086,0.05766207352280617,0.014819040894508362,0.07182839512825012,-0.009985702112317085,0.02074102871119976,0.0572824589908123,0.02470226213335991,0.009371287189424038,0.0149678410962224,0.010504703037440777,-0.04733426123857498,0.021084032952785492,0.00783491600304842,0.016926685348153114,0.006323834415525198,0.09336334466934204,-0.007376477587968111,0.100853830575943,0.019458554685115814
-0.0020841583609580994,-0.0725594013929367,-0.025177616626024246,0.00714914919808507,0.023148465901613235,-0.05562208965420723,0.0040430002845823765,-0.08093252032995224,0.045355506241321564,0.01855463720858097,0.026814794167876244,-0.051733724772930145,0.0964590460062027,0.2068372517824173,0.0694471225142479,0.004292795434594154,-0.09564775228500366,0.10394736379384995,-0.0024663300719112158,-0.02310836873948574,0.1433865875005722
0.04154814034700394,0.03343699499964714,0.038719292730093,-0.060521338135004044,-0.09360366314649582,-0.022090252488851547,-0.004225283861160278,0.06405921280384064,0.03355766087770462,-0.04273584112524986,0.0014632457168772817,0.05384525656700134,0.08564094454050064,-0.024247026070952415,-0.1855095624923706,-0.06705515831708908,0.0283419918268919,0.057253964245319366,0.03017088770866394,0.06976092606782913,-0.02649819292128086
-0.001823590137064457,0.08365023881196976,-0.03231149911880493,-0.014594469219446182,-0.00526882940903306,0.008674979209899902,-0.027262838557362556,-0.054531875997781754,0.023865286260843277,-0.055665094405412674,0.02462860569357872,-0.07638227194547653,0.04690973088145256,-0.03671052306890488,0.05158538371324539,0.02073623053729534,-0.055113647133111954,-0.0433439239859581,-0.017201900482177734,0.018614046275615692,-0.005956245586276054
-0.004660873673856258,0.0526239350438118,-0.07887709885835648,-0.05077717453241348,0.018636547029018402,0.007963989861309528,-0.045403480529785156,0.01998770609498024,0.03948354348540306,0.043035492300987244,0.037304043769836426,0.00947088748216629,-0.00712769478559494,-0.02357245236635208,-0.037854429334402084,0.017431054264307022,-0.05606183409690857,0.036498475819826126,0.09922812134027481,0.024984803050756454,-0.040529828518629074
0.055633656680583954,-0.0853934958577156,0.0028569544665515423,0.001411400968208909,0.008422366343438625,0.09186309576034546,0.02872072346508503,-0.04155809059739113,-0.15795543789863586,0.017405204474925995,-0.008212302811443806,0.01775459013879299,0.033011119812726974,-0.12156903743743896,-0.04543176665902138,0.006632650271058083,-0.05370490625500679,0.0829121544957161,-0.023021269589662552,-0.0006546697113662958,0.017373591661453247
0.09580453485250473,0.004888087045401335,-0.002763839205726981,-0.010956109501421452,-0.044632356613874435,0.025943076238036156,0.10531637817621231,0.019162913784384727,-0.01384565606713295,0.02538316510617733,0.0907931700348854,0.001836251001805067,0.036463264375925064,0.00895961094647646,0.00660953763872385,-0.08382847905158997,-0.01312918122857809,0.0930337905883789,-0.039399854838848114,-0.05786503106355667,0.07958638668060303
0.027992455288767815,0.07349542528390884,0.02749336138367653,-0.03782915323972702,-0.015930088236927986,0.011837031692266464,0.044268131256103516,-0.03628367930650711,-0.11348869651556015,0.08032002300024033,-0.028736328706145287,-0.007661255542188883,0.07108720391988754,0.01813052035868168,0.009690400213003159,-0.14188152551651,0.028039608150720596,0.06178214028477669,-0.0026864996179938316,-0.1311071217060089,0.03637790307402611
0.029164941981434822,-0.05626864358782768,-0.0037655900232493877,0.02186070941388607,-0.10501611232757568,-0.02401084639132023,0.06899385154247284,0.05250757560133934,0.06486126035451889,0.08227312564849854,-0.07599685341119766,-0.031243523582816124,-0.049492813646793365,0.004797439090907574,0.2080567330121994,0.03046029806137085,-0.07182984799146652,-0.0006931201787665486,0.05260429158806801,-0.05744897201657295,-0.04207565262913704
-0.07569979131221771,0.019116127863526344,0.020222432911396027,0.014249872416257858,0.013947364874184132,0.03894101455807686,0.07389918714761734,0.005547606851905584,-0.07156631350517273,-0.01103411614894867,0.0469948910176754,0.08344902098178864,-0.04323633760213852,-0.001978309126570821,-0.11787427216768265,0.029861491173505783,-0.06917645037174225,-0.00497386185452342,0.0304859708994627,-0.012169224210083485,0.0691007673740387
0.01641499437391758,0.0626029297709465,-0.031172990798950195,-0.027031073346734047,0.0541226789355278,-0.035416990518569946,-0.010478310286998749,-0.00530278729274869,0.006362143438309431,0.11654815077781677,-0.06386703997850418,0.18146876990795135,0.031033286824822426,-0.030151182785630226,-0.007910865359008312,-0.057188767939805984,0.03523016348481178,0.002408168511465192,-0.07040569931268692,0.012923894450068474,0.03253304958343506
0.061742719262838364,0.005984068848192692,0.08996514976024628,-0.00799390859901905,0.001007290557026863,-0.020612068474292755,-0.0662621557712555,0.04246705397963524,0.05811498314142227,0.037687916308641434,0.10285349190235138,-0.0051193274557590485,-0.06451836973428726,0.011198368854820728,0.05642731487751007,-0.01377677172422409,-0.006247292272746563,-0.0002045117726083845,0.063571035861969,-0.01207604818046093,0.0034425200428813696
0.018536031246185303,-0.040074851363897324,0.044151682406663895,0.010710992850363255,-0.06749222427606583,-0.0030318356584757566,-0.08364942669868469,-0.009683843702077866,0.15096569061279297,0.11067809164524078,-0.005344703793525696,0.04061680659651756,0.042553432285785675,-0.007068570237606764,-0.011551961302757263,-0.1157950684428215,0.009434017352759838,0.010970240458846092,-0.055830053985118866,-0.09721091389656067,0.010805870406329632
0.05174751952290535,-0.03410397097468376,0.1465034782886505,-0.009665202349424362,0.004860325250774622,-0.02205139957368374,0.002169183222576976,0.011284376494586468,0.01988000050187111,-0.015728512778878212,-0.09286046773195267,0.10647383332252502,-0.13518188893795013,-0.15786460041999817,0.008650397881865501,0.17100466787815094,-0.0732913538813591,-0.016543593257665634,0.04753608629107475,-0.04430697113275528,-0.0424819253385067
0.061962760984897614,0.08285190165042877,0.03184201568365097,0.052044495940208435,-0.12121722102165222,-0.009641306474804878,-0.07014722377061844,0.0021546077914536,-0.03720922768115997,0.021904760971665382,-0.03814256936311722,0.061257120221853256,-0.010339419357478619,0.00939028337597847,0.04328029230237007,-0.0417892262339592,0.02532777190208435,0.01808120682835579,-0.014990695752203465,0.025739897042512894,0.23553183674812317

Slice 13
0.13184241950511932,-0.01788121648132801,-0.033540260046720505,0.07205112278461456,-0.0008463624399155378,-0.09317731112241745,0.017623184248805046,-0.01846969686448574,-0.08937408775091171,0.012843466363847256,0.21112430095672607,0.10398652404546738,-0.013360475189983845,-0.056513287127017975,-0.09240568429231644,-0.04621915891766548,-0.07814019918441772,0.029532624408602715,0.0388331264257431,0.09685000032186508,-0.18380583822727203
0.044973794370889664,-0.06703724712133408,0.06045779213309288,0.019281916320323944,-0.002460331888869405,0.045077163726091385,0.09877178817987442,0.082700714468956,0.008191242814064026,-0.05271398276090622,0.24653790891170502,-0.009469054639339447,-0.056813497096300125,0.002210178878158331,0.00431415531784296,-0.006224789656698704,-0.09187300503253937,-0.034525103867053986,0.08911854028701782,-0.14790229499340057,-0.08241324126720428
-0.01051123347133398,0.022130150347948074,0.02230571210384369,0.1910172700881958,0.09354538470506668,0.03321997821331024,0.10015366971492767,0.2714863121509552,-0.006217744201421738,-0.1998349279165268,0.05364365130662918,-0.038995105773210526,0.005624540150165558,-0.003748160321265459,-0.006548290140926838,-0.15019482374191284,-0.02088591828942299,-0.03714855760335922,-0.0411728136241436,-0.06342341750860214,-0.04124234989285469
0.06084325537085533,-0.12456368654966354,-0.006798082031309605,0.009193941950798035,0.264784038066864,0.06038789078593254,0.01565513014793396,-0.010242242366075516,0.03218298405408859,0.026992609724402428,-0.011389811523258686,-0.027684949338436127,-0.08586157113313675,-0.19065481424331665,0.07791079580783844,0.1583227813243866,-0.010764773935079575,0.21320007741451263,-0.01718529313802719,-0.050762686878442764,-0.047068703919649124
0.04279112443327904,0.06304873526096344,0.028983095660805702,-0.10103349387645721,0.047779884189367294,0.10067697614431381,0.0353388637304306,-0.03947335109114647,0.016272563487291336,-0.02896706759929657,-0.06735129654407501,-0.01683621294796467,-0.14562736451625824,0.043354280292987823,-0.001568569685332477,-0.03606487810611725,-0.014343169517815113,-0.0030367630533874035,-0.035705555230379105,-0.05517355725169182,-0.061069145798683167
0.05549221485853195,-0.06100655347108841,-0.021136732771992683,-0.01643090881407261,0.057361338287591934,-0.1147075667977333,0.04908819496631622,-0.0024643142241984606,0.016059502959251404,-0.05449249595403671,-0.15133987367153168,0.014327313750982285,-0.15754301846027374,-0.08351823687553406,0.0918886587023735,0.10207171738147736,0.11766933649778366,-0.015693580731749535,-0.03617902472615242,0.05948173627257347,-0.040413230657577515
-0.0393754243850708,-0.01495890412479639,0.023572582751512527,-0.0446532666683197,0.1639770120382309,0.01090227160602808,0.01373521238565445,0.025702953338623047,0.06895425170660019,0.05068506672978401,0.031874362379312515,-0.04126614332199097,-0.0023296091239899397,0.05374058336019516,0.0028398281428962946,0.14206591248512268,0.034079719334840775,0.17987582087516785,-0.0949568822979927,0.0016726949252188206,0.15665410459041595
0.04540620371699333,-0.10098238289356232,-0.07041340321302414,0.07639066129922867,0.015047263354063034,-0.1014585942029953,0.02681547962129116,-0.048848289996385574,0.022470179945230484,-0.03385638818144798,-0.08021050691604614,-0.04854083061218262,0.09970143437385559,0.23020397126674652,0.12136035412549973,0.060509875416755676,-0.10474920272827148,0.12550263106822968,-0.09198610484600067,-0.04193725436925888,0.2321685552597046
0.10117924213409424,0.10020004957914352,0.09214331954717636,-0.12012848258018494,-0.12442024797201157,-0.02610483206808567,0.020246369764208794,0.06640896201133728,0.1456107199192047,-0.0827820748090744,0.05274712294340134,0.003979019820690155,0.09682919830083847,-0.03225724771618843,-0.031498126685619354,0.03611224144697189,0.17190837860107422,0.15879003703594208,0.038991112262010574,0.08940257877111435,0.020778363570570946
-0.059941697865724564,0.007814796641469002,0.06985416263341904,-0.009331783279776573,0.006054325494915247,-0.027245482429862022,-0.018083080649375916,0.04911885783076286,0.059226375073194504,-0.007267957087606192,0.05758942291140556,-0.11205087602138519,0.05814694985747337,-0.03208991885185242,-0.009090250357985497,0.1665775328874588,-0.17401349544525146,-0.12358644604682922,-0.06644827872514725,0.05626782029867172,0.003932931460440159
-0.059929315000772476,0.07092481851577759,-0.08205954730510712,-0.07257193326950073,0.003972405567765236,-0.12200719863176346,-0.09476424753665924,-0.013883872888982296,0.11085309088230133,0.0581955760717392,0.0252671055495739,0.04238414391875267,-0.0034580230712890625,-0.051022086292505264,-0.002600925276055932,0.029764192178845406,-0.0552588626742363,0.07929560542106628,0.1166599914431572,0.016904683783650398,-0.056218817830085754
0.10675211995840073,-0.03310956805944443,0.0678890272974968,-0.03055891953408718,-0.03211716189980507,0.09894350916147232,-0.015628274530172348,-0.026689359918236732,-0.17008377611637115,-0.026203207671642303,-0.020176425576210022,0.009166070260107517,0.07101649791002274,-0.13264614343643188,-0.040018241852521896,-0.011829109862446785,0.018588541075587273,0.17580053210258484,-0.034658074378967285,-0.038412097841501236,0.12511011958122253
0.0867893174290657,-0.026032881811261177,0.035324905067682266,-0.015015501528978348,-0.07498105615377426,0.1092146560549736,0.04980543255805969,-0.005710147321224213,-0.007897714152932167,0.11972300708293915,0.2326606959104538,0.022352084517478943,0.03547557443380356,-0.054583337157964706,0.015466905198991299,-0.055426113307476044,0.005232588853687048,-0.02823225036263466,0.12260610610246658,-0.06944336742162704,0.12359511852264404
-0.04214036837220192,0.07340653240680695,-0.08501513302326202,-0.02323206141591072,-0.056884631514549255,0.019707150757312775,0.10181335359811783,-0.016079166904091835,-0.07170983403921127,0.09008995443582535,-0.03321373090147972,-0.01456485502421856,0.06566750258207321,0.1143890991806984,0.0038031882140785456,-0.23223227262496948,0.023781441152095795,0.09231410175561905,-0.04746534675359726,-0.11754021048545837,-0.018455935642123222
-0.022064222022891045,-0.033196382224559784,-0.020117178559303284,0.04677147790789604,-0.1951063573360443,-0.03479103744029999,0.11623414605855942,-0.05855977535247803,0.011106063611805439,-0.033300288021564484,-0.004032013472169638,-0.0023024387191981077,0.17097699642181396,-0.025946615263819695,0.1317143589258194,-0.038791000843048096,-0.04393025115132332,0.04561769217252731,0.023819129914045334,0.07927855849266052,0.11106536537408829
0.16000913083553314,0.12712348997592926,-0.013836966827511787,0.013936744071543217,0.052748408168554306,0.13242076337337494,0.16889934241771698,-0.06154067814350128,-0.08224622160196304,-0.04652002081274986,0.06084819883108139,0.1984565407037735,-0.03969131410121918,-0.02353000082075596,-0.014648106880486012,0.08810636401176453,-0.09297645092010498,-0.04214460775256157,0.12055428326129913,0.0004945785040035844,-0.019995326176285744
-0.009225642308592796,-0.026890316978096962,-0.10144586116075516,-0.06299126893281937,0.14152467250823975,-0.041442036628723145,-0.0751664862036705,-0.0047870115377008915,-0.010945998132228851,0.03207039833068848,-0.05639319866895676,0.2461112141609192,-0.025666886940598488,-0.03355584666132927,-0.0014640220906585455,-0.030779462307691574,0.12658125162124634,-0.018527185544371605,0.056462980806827545,0.055825039744377136,-0.04364674910902977
0.12139075994491577,0.006630688440054655,0.14697296917438507,-0.00718390429392457,0.07078671455383301,0.05404263362288475,-0.04705297574400902,0.013787150382995605,0.058704741299152374,0.030022166669368744,-0.02028653211891651,-0.02247472293674946,-0.09467502683401108,-0.01030266284942627,0.09813140332698822,0.024612391367554665,0.036413442343473434,-0.028402961790561676,0.07605128735303879,-0.0960506796836853,0.009231215342879295
0.08015994727611542,-0.05540464073419571,0.02471575140953064,-0.07638068497180939,-0.06040457263588905,-0.026353757828474045,-0.11654356122016907,0.03966597840189934,0.17031612992286682,-0.013303060084581375,0.023800406605005264,0.0649297907948494,0.07502926141023636,-0.03367406502366066,0.0004886610549874604,-0.10713071376085281,-0.0006934820557944477,0.04194112867116928,-0.09614928066730499,-0.07208576798439026,0.0019786194898188114
-0.04647643491625786,-0.09380244463682175,0.1757984459400177,0.0203997902572155,0.05894303694367409,-0.057113293558359146,0.004460308700799942,0.035786207765340805,0.11439791321754456,-0.1506672501564026,-0.16628174483776093,0.019598616287112236,-0.12472259998321533,-0.1261748969554901,0.03692910447716713,0.27784615755081177,-0.06734133511781693,-0.026564685627818108,0.19216449558734894,-0.012439914979040623,-0.1613224595785141
0.08963697403669357,0.08869602531194687,0.031508367508649826,0.043665703386068344,-0.17475011944770813,-0.03264608979225159,-0.12249135971069336,0.10982861369848251,-0.1595885455608368,-0.048724520951509476,-0.07520672678947449,0.06349528580904007,-0.09478875249624252,-0.05143812671303749,-0.025819549337029457,-0.02259908989071846,0.017700359225273132,0.03302028775215149,-0.08659199625253677,-0.046478934586048126,0.29291340708732605

Slice 14
0.03999842330813408,-0.05847182497382164,-0.002872197888791561,0.00016850870451889932,-0.0032080491073429585,-0.1083487868309021,-0.006045160815119743,-0.009016255848109722,-0.05887410417199135,-0.004277400206774473,0.1512128859758377,0.06274180114269257,0.04353773221373558,-0.038703542202711105,-0.0670863538980484,-0.035522542893886566,-0.04087485373020172,6.939025479368865e-05,0.024426138028502464,0.05292801931500435,-0.12225338816642761
0.024689210578799248,-0.025479359552264214,0.06963396072387695,0.007776213809847832,-0.010686264373362064,0.10990037769079208,0.050727784633636475,0.04244683310389519,0.008298777975142002,-0.03768095001578331,0.053601447492837906,-0.009916161186993122,-0.050655581057071686,-0.006031783297657967,-0.036446984857320786,-0.01643187925219536,-0.05243600159883499,-0.027911441400647163,0.06233450397849083,-0.11701589822769165,-0.07098698616027832
0.0040506478399038315,0.01971329189836979,0.0283111110329628,0.15642200410366058,0.06812407076358795,0.013596643693745136,0.06024184823036194,0.21767209470272064,0.006210788618773222,-0.05565348267555237,0.006853667553514242,-0.02652660198509693,-0.020638171583414078,-0.007028082851320505,-0.010074498131871223,-0.08805704116821289,-0.002555759623646736,-0.03270217776298523,-0.02978282980620861,0.0016580522060394287,-0.013463553041219711
0.0667266771197319,-0.07015415281057358,-0.01899656467139721,0.012640176340937614,0.15499365329742432,0.02101314626634121,0.019888537004590034,-0.0036361957900226116,0.03706399351358414,0.01986018382012844,0.025340883061289787,-0.01450009923428297,-0.042285189032554626,-0.114190973341465,0.10010997951030731,0.13235877454280853,0.001929622725583613,0.1327487826347351,-0.03149061277508736,-0.02642814628779888,-0.005370785482227802
0.042885396629571915,0.06003222241997719,0.014772290363907814,-0.10764875262975693,0.022422246634960175,0.05115247890353203,0.037071965634822845,0.010710527189075947,0.032818473875522614,-0.022144077345728874,-0.039952438324689865,-0.01103113777935505,-0.08450226485729218,0.03891294449567795,0.010843035764992237,-0.025042973458766937,-0.007444354705512524,0.016698773950338364,-0.013527894392609596,-0.02671664021909237,-0.028309961780905724
0.013978060334920883,-0.033398572355508804,0.011829364113509655,-0.020318154245615005,0.03602779656648636,-0.14993463456630707,0.05053599923849106,0.0028903207276016474,0.0007236702367663383,-0.04000231996178627,-0.09731265902519226,0.023886729031801224,-0.0937541127204895,-0.05686042085289955,0.06322409212589264,0.05557558313012123,0.062003083527088165,0.015508166514337063,-0.03794758766889572,0.043971769511699677,-0.02175697311758995
-0.012767407111823559,-0.0021416444797068834,0.00927328784018755,-0.032426051795482635,0.1255950629711151,0.007253567688167095,-0.021549541503190994,-0.014679119922220707,0.038280997425317764,0.0437953919172287,0.017982278019189835,-0.00992916151881218,-0.016724608838558197,0.04056917503476143,0.011937086470425129,0.0750734731554985,0.028284205123782158,0.13487160205841064,-0.05170616880059242,0.02811831794679165,0.07187598198652267
0.005652253981679678,-0.054607219994068146,-0.04240299016237259,0.056576620787382126,-0.0010417974554002285,-0.07029739022254944,0.027074970304965973,-0.03832029551267624,-0.006541695911437273,-0.018395330756902695,-0.0343826599419117,-0.053946126252412796,0.042414452880620956,0.17971573770046234,0.09397672116756439,0.03680071234703064,-0.09403280168771744,0.04166042432188988,-0.06419256329536438,-0.04469078779220581,0.10764022916555405
0.009065944701433182,0.03654196485877037,0.048993125557899475,-0.041820917278528214,-0.13607384264469147,-0.017888236790895462,-0.013218780979514122,-0.0027020086999982595,0.08144941180944443,-0.05731990188360214,0.0321635901927948,0.019660815596580505,0.060864489525556564,-0.03736930713057518,-0.007269897032529116,0.01109884213656187,0.09162799268960953,0.07523701339960098,0.026675712317228317,0.046446409076452255,0.021692058071494102
-0.017879098653793335,0.020835014060139656,0.03193814679980278,0.007177719846367836,-0.03506855666637421,0.0025668474845588207,-0.006702315527945757,0.0311471838504076,0.08053551614284515,-0.03704894334077835,0.026787493377923965,-0.07117161154747009,0.044336918741464615,-0.02887880802154541,0.030629422515630722,0.12501072883605957,-0.10532665252685547,-0.05266658589243889,-0.03867487609386444,-0.009446934796869755,-0.03725987300276756
-0.01858147233724594,0.04882977157831192,-0.05451786145567894,-0.032791826874017715,0.022572670131921768,-0.10582688450813293,-0.034701474010944366,-0.004810186102986336,0.0754518136382103,0.02252303995192051,0.019136471673846245,0.022007610648870468,0.001716850558295846,0.00592138571664691,-0.03217887878417969,0.016180705279111862,-0.03827476128935814,0.030823899433016777,0.08539076894521713,0.022845076397061348,-0.031390897929668427
0.05993755906820297,-0.027513902634382248,0.03609606996178627,-0.03406824544072151,-0.01355283334851265,0.044368863105773926,-0.004789264872670174,-0.025513015687465668,-0.1342279314994812,-0.024202629923820496,-0.015505030751228333,-0.0019165510311722755,0.04253968596458435,-0.1001436784863472,-0.05641762539744377,-0.011186878196895123,-0.02071736380457878,0.0957036241889,-0.0016366756753996015,-0.0250257421284914,0.07242704182863235
0.02790803089737892,-0.01594395935535431,0.024583932012319565,-0.00902381632477045,-0.040139682590961456,0.12049451470375061,0.17814435064792633,-0.0006099154124967754,0.0063077183440327644,0.07142138481140137,0.1321260929107666,0.01935593970119953,0.010872911661863327,-0.03711012750864029,0.03678020089864731,-0.04463880881667137,0.005292376969009638,0.035978320986032486,0.0035035156179219484,-0.07369673997163773,0.045706674456596375
-0.030006950721144676,0.0322275273501873,-0.05410321056842804,-0.019438661634922028,-0.053660906851291656,0.006940421648323536,0.06558369100093842,-0.016151681542396545,-0.07991757243871689,0.0849570482969284,-0.0470002107322216,-0.010833730921149254,0.04250795394182205,0.05013600364327431,-0.027989396825432777,-0.10773468762636185,0.012257075868546963,0.0612456239759922,-0.025179939344525337,-0.11068359762430191,-0.006711599417030811
0.02926020137965679,-0.028242936357855797,-0.03210118040442467,0.032989222556352615,-0.11588605493307114,0.03969443216919899,0.0638393983244896,-0.026722785085439682,0.01974276266992092,-0.02591969259083271,-0.023068124428391457,-0.02419333904981613,0.07360692322254181,-0.013365679420530796,0.06824423372745514,-0.0014244373887777328,-0.043506767600774765,0.03057345375418663,0.03812888264656067,0.00994288083165884,0.07070858776569366
0.08515992760658264,0.04228683188557625,0.004622157663106918,-0.009880623780190945,0.02806209772825241,0.05356841906905174,0.1131536066532135,-0.040260788053274155,-0.07708267122507095,-0.0253837238997221,0.04893931746482849,0.11678735911846161,-0.05077270790934563,0.002926790388301015,-0.005969153717160225,0.058081306517124176,-0.0328049398958683,-0.009303675033152103,0.06725098192691803,-0.0037149079144001007,0.0032514361664652824
-0.025354400277137756,-0.012854141183197498,-0.08253628015518188,-0.05302216857671738,0.08652640134096146,-0.012070968747138977,-0.048547953367233276,-0.006120465695858002,-0.012532618828117847,0.028730090707540512,-0.03342524170875549,0.15516163408756256,-0.015643898397684097,-0.02135862596333027,-0.006423378363251686,-0.000822393863927573,0.10413169860839844,-0.020712876692414284,0.019731495529413223,0.02823590859770775,-0.020118363201618195
0.04301862418651581,0.008047755807638168,0.07991669327020645,-0.01375189982354641,0.10018891096115112,0.018866293132305145,-0.03163522854447365,0.006053402088582516,0.04533566161990166,0.00874309428036213,0.011931353248655796,-0.006567352917045355,-0.06855340301990509,0.0005059153772890568,0.04468459635972977,0.003610632149502635,0.02070942521095276,-0.03462720662355423,0.05403034761548042,-0.09323468059301376,-0.006193224340677261
0.043587516993284225,-0.05304015055298805,0.04321194440126419,-0.03588414564728737,-0.00851463247090578,-0.0034685307182371616,-0.09086397290229797,0.0075163887813687325,0.0986558347940445,-0.012190667912364006,0.015003431588411331,0.033435624092817307,0.08782830089330673,-0.012625168077647686,0.0014964350266382098,-0.14534926414489746,-0.011771397665143013,0.035571664571762085,-0.049534834921360016,-0.022774547338485718,-0.02927909418940544
0.01931547373533249,-0.04967372119426727,0.13622087240219116,0.020294180139899254,-0.002244000555947423,-0.01652877777814865,0.04719441384077072,0.09226137399673462,0.08739747107028961,-0.10363934934139252,-0.15636800229549408,0.035020627081394196,-0.11139299720525742,-0.09993819892406464,0.02123863995075226,0.17803917825222015,-0.006997871212661266,-0.00905685592442751,0.14286737143993378,-0.020741868764162064,-0.14847838878631592
0.09659074991941452,0.06919892877340317,0.034149378538131714,0.032358940690755844,-0.047867339104413986,-0.021390939131379128,-0.07671325653791428,0.06025724485516548,-0.10103877633810043,-0.012874883599579334,-0.06309396028518677,0.027401700615882874,-0.09494692087173462,-0.014589895494282246,-0.0027561108581721783,-0.020211199298501015,0.00952497124671936,0.0186090599745512,-0.07859783619642258,-0.039103128015995026,0.21234539151191711

Slice 15
-0.08815611898899078,0.029719213023781776,0.024367250502109528,-0.048805348575115204,0.016439879313111305,0.06739915907382965,0.009131948463618755,0.015742840245366096,0.06245318800210953,-0.007415724452584982,-0.08415438234806061,-0.03367472067475319,-0.03809216991066933,0.035895831882953644,0.09333141893148422,0.03413460776209831,0.025751831009984016,-0.004957220051437616,-0.016430478543043137,0.023941922932863235,0.08222790062427521
-0.0084339939057827,0.0024365202989429235,-0.018038813024759293,-0.01291245874017477,0.006303615402430296,-0.0608125738799572,-0.04767035320401192,-0.02258610911667347,-0.01533705648034811,-0.00011974147491855547,-0.1301676332950592,0.010844607837498188,0.013361148536205292,0.004886927083134651,-0.0008558024419471622,0.002795044332742691,0.02395225688815117,0.03601163625717163,-0.040977541357278824,0.09451476484537125,0.023335784673690796
0.03204695135354996,0.013708832673728466,0.023544425144791603,-0.07127149403095245,-0.05293239280581474,0.041478481143713,-0.025828346610069275,-0.1447470784187317,0.004349872004240751,0.11284831911325455,0.004595019854605198,0.03665211796760559,0.021590933203697205,-0.013393707573413849,0.02262919396162033,0.06397490203380585,0.006460142321884632,-0.006627952214330435,0.018923867493867874,0.06101427227258682,0.05538676306605339
-0.020736319944262505,0.05170423164963722,-0.02183852344751358,-0.006151685956865549,-0.0698736235499382,-0.028812676668167114,-0.02326017990708351,0.012235903181135654,0.02263103984296322,0.028058074414730072,-0.018921010196208954,0.02196929231286049,-0.03314672037959099,0.08929004520177841,-0.014009523205459118,-0.11797089874744415,-0.029704999178647995,-0.04718971252441406,0.029234856367111206,0.04740139842033386,0.10755331814289093
-0.0392029732465744,-0.06354931741952896,-0.0061376504600048065,0.061435017734766006,-0.015759723260998726,-0.03688518702983856,-0.03744279593229294,-0.031263433396816254,0.016846803948283195,0.013774286955595016,0.0008134839590638876,0.0006940221064724028,0.13198117911815643,-0.022141892462968826,0.005637561436742544,0.007701862137764692,-0.005639532580971718,-0.020615318790078163,0.0008513195789419115,0.0223255455493927,-0.01750134862959385
-0.0016792166279628873,0.021497733891010284,0.037476662546396255,-0.019440101459622383,-0.017360948026180267,0.029081130400300026,-0.011779320426285267,0.00854458473622799,-0.05701668560504913,0.03326372802257538,0.06301937252283096,0.03142520412802696,0.05880880355834961,0.052246227860450745,-0.049683861434459686,-0.057727690786123276,-0.045213643461465836,-0.003811591537669301,0.026392146944999695,-0.006699986290186644,0.06121113896369934
-0.0039125485345721245,-0.0157473124563694,-0.05050576478242874,-0.007349809631705284,-0.0820644348859787,-0.003335778834298253,-0.022745629772543907,-0.04474843665957451,-0.04756427928805351,-0.05014435574412346,-0.02270473539829254,-0.007210060954093933,0.028901180252432823,-0.030353980138897896,-0.036961715668439865,-0.050717294216156006,-0.023580025881528854,-0.11649283021688461,0.02128475345671177,-0.1085466742515564,-0.07122758030891418
-0.0060013532638549805,0.06472893059253693,0.04324189946055412,-0.02930556610226631,-0.007501975167542696,0.04249437153339386,-0.02154741995036602,0.045288294553756714,-0.02755926363170147,-0.02299501746892929,-0.003254990791901946,0.03944283723831177,-0.06880386173725128,-0.13908278942108154,-0.05800376832485199,-0.02121405489742756,0.075591079890728,-0.065345399081707,0.02083105780184269,0.022122055292129517,-0.1344337910413742
-0.021962126716971397,-0.03743010386824608,-0.026126882061362267,0.06211745738983154,0.09403932839632034,0.00393208721652627,0.007286389824002981,-0.05348964035511017,-0.033193670213222504,0.04419218376278877,-0.008411421440541744,-0.02666902169585228,-0.05796006694436073,0.028363913297653198,0.06412289291620255,0.028221096843481064,-0.04178687185049057,-0.06834973394870758,-0.04234019294381142,-0.03935588523745537,0.03459438681602478
0.022079065442085266,-0.06045656278729439,0.0015275380574166775,0.020244961604475975,0.012972923927009106,0.009566264227032661,0.02468044124543667,0.03242935985326767,0.0046002669259905815,0.04968397319316864,-0.01912863180041313,0.062234509736299515,-0.017576169222593307,0.03649740293622017,0.007623355835676193,-0.032010093331336975,0.07176674902439117,0.04958466812968254,0.028874216601252556,0.0034260202664881945,0.01213779579848051
0.010652849450707436,-0.043506890535354614,0.06732341647148132,0.03558492287993431,-0.019110918045043945,0.022377919405698776,0.029710223898291588,-0.013322126120328903,-0.06259112060070038,-0.03881492838263512,-0.02889152616262436,-0.014799397438764572,0.003595275804400444,0.02130611054599285,0.012461265549063683,-0.015527983196079731,0.04197962209582329,-0.03015751950442791,-0.05450603365898132,-0.030833406373858452,0.02128218300640583
-0.05676254257559776,0.04860105738043785,-0.0016647587763145566,0.01166151650249958,-0.0026365984231233597,-0.08532360196113586,-0.009145740419626236,0.025862950831651688,0.11519356817007065,0.009563115425407887,0.009781965985894203,-0.007019087206572294,-0.030309852212667465,0.09920068085193634,0.043946683406829834,-0.0012916040141135454,0.03454913944005966,-0.08331096917390823,0.009251107461750507,0.008017470128834248,-0.02844460867345333
-0.0669693648815155,-0.0010548881255090237,-0.007752129342406988,0.002789457095786929,0.02379493974149227,-0.05375978723168373,-0.03697342425584793,-0.02191997319459915,-0.004771527834236622,-0.06578051298856735,-0.09418938308954239,-0.013629445806145668,-0.024357737973332405,-0.001540999859571457,-0.029912086203694344,0.06403988599777222,0.0001497890625614673,-0.06061484292149544,-0.008250477723777294,0.010778426192700863,-0.09003672003746033
0.006639884784817696,-0.04423080012202263,0.0005623539909720421,0.025635678321123123,0.02346428669989109,-0.0129466000944376,-0.026961347088217735,0.040968578308820724,0.09030866622924805,-0.07053010910749435,0.027387524023652077,0.008935265243053436,-0.04952852427959442,-0.02726396732032299,0.0008213969995267689,0.11107376962900162,-0.015973282977938652,-0.05309180170297623,0.009281035512685776,0.09303191304206848,-0.017983490601181984
0.01733773574233055,0.038678742945194244,0.034242257475852966,0.003679524175822735,0.06493942439556122,0.00844037439674139,-0.051119375973939896,-0.019159238785505295,-0.012446342036128044,-0.01967313140630722,0.056700531393289566,0.03188048675656319,-0.013114253990352154,0.016054896637797356,-0.0662335604429245,0.005402300972491503,0.06912598758935928,-0.002217784058302641,-0.03811078146100044,0.028048455715179443,0.04569236561655998
0.013638547621667385,-0.026189573109149933,-0.005767610855400562,-0.00851271953433752,-0.01559425238519907,-0.026381095871329308,-0.08480174839496613,0.008956887759268284,0.05931500717997551,0.020660150796175003,-0.03899349644780159,-0.07459154725074768,0.03671547397971153,0.0018098880536854267,0.08922970294952393,-0.03283868357539177,0.05584796890616417,0.006445738021284342,-0.04267235845327377,0.02961363084614277,-0.008179082535207272
-0.010504824109375477,-0.032758090645074844,0.03272346407175064,0.03003072924911976,-0.06329301744699478,0.02300746738910675,0.014913982711732388,0.003869046922773123,0.0006674114847555757,-0.0769144743680954,0.040167562663555145,-0.15616507828235626,-0.012612137012183666,0.020560048520565033,-0.001860972959548235,0.02546168863773346,-0.03393799811601639,0.0034068136010318995,0.021896470338106155,-0.022630231454968452,-0.005312121473252773
-0.07264664769172668,-0.005165561102330685,-0.06544829905033112,-0.0011123219737783074,-0.019554397091269493,-0.00321954395622015,0.047474686056375504,-0.023097965866327286,-0.052658747881650925,-0.01813904009759426,-0.05290234833955765,0.004393782000988722,0.05920127034187317,-0.008023870177567005,-0.06094174087047577,0.0013123477110639215,-0.009199602529406548,0.010285159572958946,-0.05004793778061867,0.027598058804869652,-0.01959938183426857
-0.02801297791302204,0.030677618458867073,-0.0320136621594429,0.003716481849551201,0.036115605384111404,0.006800743285566568,0.06473258137702942,0.014857414178550243,-0.11330975592136383,-0.07015322893857956,-0.002867353381589055,-0.03246834874153137,-0.040774501860141754,0.007296671625226736,0.0019457688322290778,0.07106896489858627,-0.0018452371004968882,-0.009033232927322388,0.04601924493908882,0.05471877008676529,-0.010333029553294182
-0.04029950499534607,0.0376456193625927,-0.3055885434150696,-0.007889192551374435,-0.02127113938331604,0.051141202449798584,-0.015238345600664616,-0.02622181363403797,-0.04737875238060951,0.049740590155124664,0.0966457948088646,-0.08223161101341248,0.12205135077238083,0.10235120356082916,-0.02371048741042614,-0.1870042234659195,0.019427597522735596,0.013878467492759228,-0.07692328095436096,-0.0060699316672980785,0.05344369634985924
-0.0741046816110611,-0.06947501748800278,-0.03420068696141243,-0.048262763768434525,0.15756377577781677,0.008295784704387188,0.0825444906949997,-0.03439519181847572,0.03364846110343933,-0.02177867852151394,0.032996565103530884,-0.050242822617292404,-0.0025235877837985754,-0.01034765038639307,-0.019013505429029465,0.022319016978144646,-0.021117916330695152,-0.025518039241433144,0.044238507747650146,-0.004989498760551214,-0.20793142914772034

Slice 16
0.03238435834646225,0.08975085616111755,0.05151927471160889,-0.028687139973044395,0.008031588979065418,-0.019392212852835655,0.011187314055860043,-0.0061231981962919235,-0.01520554255694151,0.07061983644962311,0.203902930021286,0.07158557325601578,-0.07616274058818817,-0.01572589762508869,0.05129246041178703,-0.02722371183335781,-0.08207343518733978,0.020876862108707428,0.01204953994601965,0.0584990456700325,-0.12515179812908173
0.047877658158540726,-0.08813241869211197,0.05310778692364693,0.001865329104475677,0.00912264734506607,0.005866016261279583,0.04261301830410957,0.08220205456018448,-0.016882292926311493,-0.06239064782857895,0.1291102021932602,0.016260631382465363,-0.07551106810569763,0.0056444862857460976,-0.03175007924437523,0.018514370545744896,-0.0812743678689003,0.029652994126081467,0.04674183577299118,-0.015766814351081848,-0.056046709418296814
0.023850787431001663,0.0640399381518364,0.07387475669384003,0.08412237465381622,0.0006122019840404391,0.13702449202537537,0.13012631237506866,0.06764001399278641,-0.026294037699699402,-0.08526606857776642,0.059593360871076584,0.03424429893493652,0.009278686717152596,-0.041543230414390564,-0.011738241650164127,-0.1046290248632431,-0.025099150836467743,-0.08599798381328583,-0.022222032770514488,0.11060725152492523,0.042833320796489716
0.025844762101769447,-0.05957525596022606,-0.03424225002527237,-0.025634586811065674,0.21733911335468292,0.019094742834568024,-0.07168032974004745,0.021107051521539688,0.04776287078857422,0.07189399749040604,-0.0456007719039917,0.012994660064578056,-0.1779685765504837,-0.0770275816321373,0.08604492992162704,-0.01423408929258585,-0.09237509220838547,0.1716494858264923,0.05358201265335083,0.040653157979249954,0.17495965957641602
-0.0008225069032050669,-0.0198248028755188,0.06674735993146896,0.021561769768595695,0.04756755381822586,0.073529452085495,0.012946340255439281,-0.11512719839811325,0.12312829494476318,0.01743214763700962,-0.08971725404262543,-0.00657397136092186,0.0892421305179596,0.039957620203495026,0.05609087273478508,-0.007206426002085209,-0.010690283961594105,-0.03292815014719963,-0.04693927243351936,0.025905262678861618,-0.09009617567062378
0.04389467090368271,-0.035403892397880554,0.042995475232601166,-0.09294722229242325,0.03268292918801308,-0.14876314997673035,0.053779877722263336,0.026920367032289505,-0.08952805399894714,-0.005956295412033796,-0.07644116133451462,0.0779089704155922,-0.0855448767542839,-0.0052269212901592255,0.04743971303105354,0.00645716255530715,0.05770426243543625,-0.016620373353362083,-0.011042479425668716,0.03533386439085007,0.045106712728738785
-0.021270951256155968,-0.0544169656932354,-0.0683186873793602,-0.07735399156808853,0.09634116291999817,0.014372383244335651,-0.031119951978325844,-0.04353485628962517,0.02664627879858017,0.07336847484111786,0.011624034494161606,-0.05794906243681908,0.06602734327316284,0.030109627172350883,-0.015374577604234219,0.12164069712162018,0.029050301760435104,0.08628793060779572,-0.09445904195308685,-0.14114531874656677,0.12266936153173447
0.07067583501338959,-0.009340045973658562,-0.03430014103651047,0.06297942250967026,-0.009319078177213669,-0.055894885212183,0.023949306458234787,0.05418698489665985,-0.027860159054398537,-0.06204787269234657,-0.12114731967449188,0.0021913049276918173,-0.014451374299824238,-0.01814994029700756,0.07379096001386642,0.060786664485931396,0.003405264113098383,0.0071956985630095005,-0.10497509688138962,-0.02038569375872612,-0.00751093914732337
-0.01883729360997677,0.05668416619300842,0.0540764145553112,-0.06179996207356453,-0.03467849642038345,-0.0024959833826869726,-0.005001772660762072,-0.04843604564666748,0.10166403651237488,-0.05516792833805084,0.053221095353364944,-0.07280229032039642,-0.017870012670755386,-0.012459767051041126,0.1583709567785263,0.115595243871212,0.144517183303833,0.06453384459018707,0.002863852307200432,0.011486852541565895,0.09753738343715668
-0.046377550810575485,-0.10011538863182068,0.11616939306259155,0.03316860646009445,0.003803141647949815,-0.011330990120768547,0.0028534193988889456,0.11072971671819687,0.07097800076007843,0.06558618694543839,0.02940397895872593,-0.03415217995643616,0.024795273318886757,0.02548404224216938,-0.039053503423929214,0.16996274888515472,-0.11978951841592789,-0.07835163176059723,-0.04829929396510124,0.021617844700813293,-0.010076775215566158
-0.05689522251486778,0.007216683588922024,0.02026640810072422,-0.0077386642806231976,-0.020587963983416557,-0.14201121032238007,-0.034798022359609604,-0.02900603413581848,0.07131209224462509,-0.0001060916983988136,-0.022805361077189445,0.037853870540857315,0.012057607062160969,-0.016279665753245354,0.04402060806751251,0.01096989307552576,0.014755479991436005,0.03561040014028549,-0.006317607592791319,-0.01566716842353344,-0.003351374762132764
0.05687844380736351,0.06694372743368149,0.07978036999702454,-0.02446622960269451,-0.06923847645521164,-0.02113572508096695,-0.052959851920604706,0.04341137409210205,0.03912017121911049,-0.023411674425005913,-0.009977344423532486,-0.010384544730186462,0.049856942147016525,0.021875878795981407,0.02247791737318039,-0.012502893805503845,0.09107790887355804,0.09130829572677612,-0.002301448490470648,-0.03766081482172012,0.13984414935112
0.03785755857825279,-0.03619739040732384,0.029973721131682396,-0.009138233959674835,-0.018590983003377914,0.12036384642124176,-0.03797561675310135,-0.027624014765024185,-0.002643551677465439,0.08159904927015305,0.12810754776000977,0.023656155914068222,-0.013075540773570538,-0.07879797369241714,0.0062689706683158875,0.06330656260251999,0.024439310654997826,-0.14436137676239014,0.17776016891002655,-0.02893754281103611,0.022407982498407364
-0.08507464826107025,-0.020593665540218353,-0.12736201286315918,0.02463376335799694,-0.042565617710351944,0.004453959874808788,0.05650598555803299,0.031267352402210236,0.0623435378074646,0.00469170743599534,-0.008566881529986858,0.0006719589582644403,-0.013365896418690681,0.09902001917362213,-0.023962002247571945,-0.04291160777211189,-0.006455525290220976,0.02188725210726261,-0.04760029539465904,0.04811962693929672,-0.0554448664188385
-0.1193874403834343,0.03623763471841812,-0.06724246591329575,-0.0036957524716854095,-0.09522758424282074,-0.01998206414282322,0.01991306059062481,-0.15176689624786377,-0.08327564597129822,-0.19450172781944275,0.09038711339235306,0.015830745920538902,0.23635701835155487,-0.048688292503356934,-0.10670512914657593,-0.08744233846664429,0.03476288169622421,0.036974504590034485,-0.0391189381480217,0.16946399211883545,0.20327956974506378
0.2777400612831116,0.10818423330783844,-0.03350421041250229,-0.0003144281799905002,0.03250855952501297,0.09225588291883469,0.08883260935544968,-0.06739712506532669,0.00487596495077014,-0.022173238918185234,0.005012477282434702,0.11054462939500809,0.011946705169975758,-0.018019787967205048,0.1551009863615036,0.05802958458662033,0.0031526123639196157,-0.033876609057188034,0.08937542885541916,0.016261285170912743,-0.10110682994127274
-0.028064658865332603,-0.11536826938390732,-0.08116219192743301,-0.02371189184486866,0.07800901681184769,0.011168913915753365,-0.06819073855876923,0.0045908354222774506,-0.012375676073133945,-0.11207813769578934,0.01980145461857319,0.017576657235622406,-0.06460042297840118,0.00756140798330307,0.012734882533550262,0.045758698135614395,0.1003815308213234,-0.024439318105578423,0.17313766479492188,0.0355706624686718,-0.0781816616654396
0.02880087122321129,0.0005062053096480668,0.031980376690626144,0.00041928052087314427,0.09467370808124542,0.07419633120298386,0.04109036549925804,-0.03641305863857269,-0.006240245886147022,-0.012609206140041351,-0.1552487313747406,-0.012737717479467392,-0.020520303398370743,-0.025974266231060028,0.04673732817173004,0.03913949802517891,0.040906067937612534,-0.03733900189399719,-0.0025687713641673326,-0.10973239690065384,-0.025119798257946968
0.05663244053721428,-0.011791441589593887,-0.02476927638053894,-0.09619191288948059,0.02394852600991726,-0.019285107031464577,-0.02506234683096409,0.05248619616031647,-0.02161489613354206,-0.1758813112974167,0.033267129212617874,0.022449703887104988,0.04052077233791351,-0.027662089094519615,0.010207477025687695,0.022666901350021362,-0.016955725848674774,0.03872312977910042,-0.02336203306913376,0.05394217371940613,-0.015473572537302971
-0.1122719869017601,-0.05440477654337883,0.011863699182868004,0.05250822752714157,0.04670015722513199,-0.01292304415255785,0.025306666269898415,0.03226006403565407,0.09652794897556305,-0.1643994003534317,-0.07738300412893295,-0.12727613747119904,0.06403747946023941,0.06818671524524689,0.003996637184172869,0.07988299429416656,0.02956555038690567,-0.00945285428315401,0.141324982047081,0.07311015576124191,-0.1447436660528183
0.007256894838064909,-0.011276224628090858,-0.01926317811012268,-0.02239881083369255,-0.013967588543891907,-0.022013621404767036,-0.02049567736685276,0.10655844956636429,-0.13113702833652496,-0.09547600150108337,-0.030615458264946938,-0.01386401616036892,-0.131092369556427,-0.06853356957435608,-0.08440320193767548,0.02901478484272957,-0.015474132262170315,0.008788234554231167,-0.07634219527244568,-0.058712780475616455,-0.041576728224754333

Slice 17
-0.030361736193299294,-0.04589603468775749,-0.0028340083081275225,0.008504297584295273,-0.011474724858999252,-0.0001518291828688234,0.007867258973419666,0.030289217829704285,0.029062267392873764,-0.04248320683836937,-0.14238469302654266,-0.05879666283726692,0.08357972651720047,0.017758511006832123,-0.003760971361771226,0.014228410087525845,0.06527586281299591,-0.022332342341542244,-0.01139217708259821,-0.058555807918310165,0.11999104171991348
-0.058655716478824615,0.08753878623247147,-0.03811800107359886,-0.021324899047613144,-0.01379814650863409,0.055512435734272,-0.04900794476270676,-0.060305919498205185,0.007960543036460876,0.054305918514728546,-0.13326521217823029,-0.01515949610620737,0.04517631605267525,-0.01894420012831688,-0.03188879042863846,0.01861191913485527,0.07414554804563522,-0.020564662292599678,-0.03578297048807144,-0.00968842301517725,0.03107323870062828
0.002609085291624069,-0.046591173857450485,-0.05351909250020981,-0.07948995381593704,0.003674516687169671,-0.11453026533126831,-0.09326274693012238,-0.034549959003925323,0.03924740478396416,0.10644257813692093,-0.07983069866895676,-0.019673645496368408,-0.014410843141376972,0.034912604838609695,0.019661152735352516,0.08176316320896149,0.021569617092609406,0.06735099107027054,0.015675274655222893,-0.0089845210313797,-0.022754808887839317
0.0006003104499541223,0.06779259443283081,0.030568651854991913,0.021907586604356766,-0.21199564635753632,-0.030210914090275764,0.04815997555851936,-0.011195851489901543,-0.05955685302615166,-0.06745969504117966,0.062060754746198654,-0.0009060982265509665,0.17355220019817352,0.08379235118627548,-0.022477176040410995,0.04172477498650551,0.0836963802576065,-0.219185471534729,-0.046818893402814865,-0.024883907288312912,-0.11371862888336182
-0.0012277431087568402,0.03654890134930611,-0.0584062822163105,-0.049325600266456604,-0.04355676844716072,-0.07409392297267914,0.009354361332952976,0.11152640730142593,-0.09300770610570908,-0.017584946006536484,0.07991298288106918,0.005291108042001724,-0.07720392197370529,-0.032997000962495804,-0.05720091983675957,0.007574304006993771,0.01182967983186245,0.03519703820347786,0.04435114189982414,-0.014842190779745579,0.06702177971601486
-0.060002412647008896,0.03769862279295921,-0.043737318366765976,0.050829943269491196,-0.027478693053126335,0.0683998242020607,-0.04098721966147423,-0.023612812161445618,0.06156933307647705,0.007758399471640587,0.0778270736336708,-0.11456923186779022,0.08796846121549606,0.004439492244273424,-0.0256912000477314,-0.03388727828860283,-0.0681317076086998,0.027569293975830078,-0.006679232232272625,-0.0365750677883625,-0.030772889032959938
0.03627529367804527,0.04931983724236488,0.08565359562635422,0.045032694935798645,-0.06673093885183334,-0.004989059176295996,0.0030907730106264353,0.013847722671926022,-0.026435265317559242,-0.050505105406045914,-0.013774397782981396,0.06880106031894684,-0.042919572442770004,-0.023199744522571564,0.01811196468770504,-0.11879266053438187,-0.017795594409108162,-0.05493173375725746,0.08417464792728424,0.138871431350708,-0.0984649807214737
-0.04792425408959389,0.012537500821053982,0.021488221362233162,-0.035903919488191605,-0.006774902809411287,0.04476092383265495,-0.01395060308277607,-0.033208075910806656,-0.006533416919410229,0.06084747239947319,0.11293025314807892,-0.016573049128055573,-0.013655000366270542,-0.027696684002876282,-0.09244626015424728,-0.038431841880083084,-0.016032051295042038,-0.056191518902778625,0.07728776335716248,-0.01896839775145054,-0.018070779740810394
-0.03971803933382034,-0.06899884343147278,-0.026755336672067642,0.07631997764110565,-0.0009331954643130302,0.015125226229429245,-0.016753656789660454,-0.004430197179317474,-0.07733657211065292,0.043340012431144714,-0.04376659914851189,0.0807328075170517,0.00396205298602581,0.0038000396452844143,-0.025432955473661423,-0.08556849509477615,-0.12945279479026794,-0.06330826133489609,0.0037429097574204206,0.0070182327181100845,-0.03791002556681633
0.061565887182950974,0.0985160544514656,-0.09209832549095154,-0.02081303857266903,-0.030628986656665802,0.003116495441645384,0.029834022745490074,-0.1035795584321022,-0.05343814939260483,-0.06438549607992172,-0.03562372922897339,0.043560177087783813,-0.04073115065693855,-0.030181853100657463,-0.013076824136078358,-0.13161227107048035,0.08444542437791824,0.09705212712287903,0.035855259746313095,-0.058849867433309555,-0.04923814535140991
0.054215509444475174,-0.0072508943267166615,-0.018483314663171768,0.01313411258161068,0.036577194929122925,0.0875639021396637,0.06087368354201317,0.04622196778655052,-0.04946652427315712,-0.012628334574401379,0.018383106216788292,-0.035506900399923325,-0.006602784153074026,0.029886847361922264,-0.05769084393978119,-0.014553084038197994,-0.00877376925200224,-0.049152031540870667,-0.029535701498389244,0.020079458132386208,0.005189809482544661
-0.0556577630341053,-0.05362989008426666,-0.07360485941171646,0.014223890379071236,0.04710390791296959,-0.003688181284815073,0.03487038612365723,-0.032259177416563034,-0.008048875257372856,0.01912117376923561,0.009108386933803558,-0.0007855951553210616,-0.03834114223718643,-0.018756145611405373,-0.030610565096139908,0.009167487733066082,-0.09488231688737869,-0.08450155705213547,0.02618318609893322,0.031303443014621735,-0.10255873203277588
-0.01963214948773384,0.032158058136701584,-0.04621225222945213,0.0037228106521070004,0.03897600248456001,0.014612273313105106,0.0675748959183693,0.02716337889432907,0.021007424220442772,-0.0671289935708046,-0.1281622350215912,-0.020420582965016365,-0.012964696623384953,0.06595424562692642,0.00013213613419793546,-0.052606213837862015,-0.013390016742050648,0.1478227972984314,-0.15150290727615356,0.013333640992641449,-0.0513935349881649
0.057974882423877716,-0.009020501747727394,0.1050611212849617,-0.01519056223332882,0.024223173037171364,-0.009590694680809975,-0.06529649347066879,-0.03626985475420952,-0.07358499616384506,0.026739001274108887,-0.011969303712248802,0.001392506412230432,-0.0019554072059690952,-0.0956040546298027,0.001436687889508903,0.0877118706703186,0.001330894767306745,-0.02274157851934433,0.047051917761564255,-0.054354261606931686,0.05275310203433037
0.09917838871479034,-0.030443422496318817,0.048531945794820786,0.004409571178257465,0.11840269714593887,0.0636289119720459,-0.023663533851504326,0.12145113199949265,0.06036017835140228,0.13873262703418732,-0.09628748893737793,-0.032152675092220306,-0.1896643489599228,0.041130371391773224,0.06569671630859375,0.07270698249340057,-0.04614778980612755,-0.049753397703170776,0.05205617845058441,-0.12232126295566559,-0.14253385365009308
-0.24606594443321228,-0.1282268762588501,0.022342970594763756,-0.017575347796082497,-0.03562886640429497,-0.12123999744653702,-0.07958602905273438,0.06536377221345901,-0.006231846287846565,0.019932912662625313,-0.00192425143904984,-0.11746060848236084,-0.020547566935420036,0.0339285284280777,-0.1161152571439743,-0.0484757237136364,0.028256863355636597,0.053229738026857376,-0.08196306228637695,-0.01082557998597622,0.07543284446001053
0.0036858993116766214,0.09311394393444061,0.04617904871702194,0.011994435451924801,-0.06693300604820251,0.00549183739349246,0.04856467992067337,0.0016396716237068176,0.0023646375630050898,0.1045454666018486,-0.004933118354529142,-0.017871495336294174,0.06299932301044464,-0.003261003876104951,-0.007418691646307707,-0.017771678045392036,-0.08411379903554916,0.017889678478240967,-0.12141954153776169,-0.03553537279367447,0.06478220224380493
-0.05343245714902878,0.0015997574664652348,-0.06383169442415237,0.0013533590827137232,-0.03415811434388161,-0.07345596700906754,-0.03416839614510536,0.02804933488368988,-0.0063440995290875435,0.0016326445620507002,0.14000670611858368,0.01720556616783142,0.00604619923979044,0.024891532957553864,-0.07787935435771942,-0.03686528652906418,-0.030902709811925888,0.016543405130505562,-0.0018196330638602376,0.0549054816365242,0.0002188084472436458
-0.07016285508871078,0.0036283517256379128,0.03375346586108208,0.07248092442750931,0.01375096570700407,0.02135220728814602,0.01071297749876976,-0.06141262128949165,-0.011499159038066864,0.1473223865032196,-0.026431916281580925,-0.03120516985654831,-0.004684677347540855,0.025694873183965683,-0.016540760174393654,-0.030612953007221222,0.00341866840608418,-0.023848002776503563,0.03638904541730881,-0.014509309083223343,-0.03079674392938614
0.10826118290424347,0.05504019930958748,0.07717031240463257,-0.018278855830430984,-0.07210231572389603,0.02286214753985405,0.0366562157869339,0.06398117542266846,-0.06316021084785461,0.1625104695558548,0.031969763338565826,0.12257260829210281,-0.08843758702278137,-0.04854755848646164,0.007620466407388449,-0.056343380361795425,0.030359141528606415,0.03760844096541405,-0.08965543657541275,-0.05686255171895027,0.07396125048398972
-0.032874252647161484,0.013848632574081421,0.01907728798687458,0.03453261777758598,0.08079110831022263,0.026734089478850365,0.012461275793612003,-0.11687494814395905,0.10352202504873276,0.04865265637636185,0.010835312306880951,-0.0054808915592730045,0.07859622687101364,0.08809061348438263,0.04243623465299606,-0.034178227186203,0.008416653610765934,-0.019223622977733612,0.0282138641923666,0.029913200065493584,0.005319396965205669

Slice 18
-0.07178102433681488,0.010201241821050644,0.0017303870990872383,0.02345927432179451,-0.0024400493130087852,0.1173015907406807,0.0024814254138618708,0.011305857449769974,0.07509171217679977,0.0038420886266976595,-0.2546718418598175,-0.0948973298072815,0.036258354783058167,0.05366537347435951,0.062101323157548904,0.04178380221128464,0.08394734561443329,-0.016031896695494652,-0.03185232728719711,-0.10401979088783264,0.21264275908470154
-0.05626453831791878,0.07132722437381744,-0.09547745436429977,-0.0144911278039217,0.003071152837947011,-0.10978327691555023,-0.0758403092622757,-0.08988993614912033,-0.00033792268368415534,0.06764043867588043,-0.13698123395442963,-0.0008385691908188164,0.08424965292215347,0.00265326420776546,0.04408003017306328,0.0028206929564476013,0.09449604898691177,0.01090371422469616,-0.08732426166534424,0.122820183634758,0.09752168506383896
-0.014659926295280457,-0.0522427074611187,-0.06973757594823837,-0.20871466398239136,-0.07466437667608261,-0.08821182698011398,-0.11812018603086472,-0.2595577538013458,0.0015807138988748193,0.08848334103822708,-0.04321768134832382,0.01031319610774517,-0.004158091731369495,0.03050120174884796,0.0022733809892088175,0.15154071152210236,0.023085499182343483,0.07342410087585449,0.043270621448755264,-0.014892928302288055,-0.018245618790388107
-0.05402921140193939,0.10329508781433105,0.03620154783129692,0.01276744157075882,-0.27068498730659485,-0.03554736077785492,0.015807468444108963,-0.0006755233043804765,-0.05504799261689186,-0.04489651694893837,0.003970901947468519,0.006924728862941265,0.13631190359592438,0.16210344433784485,-0.13832801580429077,-0.11661583185195923,0.04823600873351097,-0.22251677513122559,0.0045650070533156395,-0.002078529680147767,-0.061890650540590286
-0.05369747057557106,-0.04688192903995514,-0.05376327782869339,0.09300866723060608,-0.04753727838397026,-0.09296784549951553,-0.03859322890639305,0.06039337441325188,-0.09944770485162735,0.009481891989707947,0.08587842434644699,0.012104037217795849,0.040915194898843765,-0.057255346328020096,-0.04045002534985542,0.024295305833220482,0.011484292335808277,0.005558498669415712,0.03783615306019783,0.012568540871143341,0.06795051693916321
-0.05359264090657234,0.05558716505765915,-0.029295574873685837,0.06695887446403503,-0.05493220314383507,0.22022569179534912,-0.07369401305913925,-0.022748619318008423,0.03630239516496658,0.03689327836036682,0.1384992152452469,-0.05363436043262482,0.13270768523216248,0.06069672480225563,-0.09860604256391525,-0.06216464191675186,-0.09530683606863022,-0.000623106025159359,0.03947066143155098,-0.06995754688978195,-0.007451237179338932
0.03546375408768654,0.030227798968553543,0.023081697523593903,0.0728752613067627,-0.17645397782325745,-0.011788791045546532,0.03382449597120285,0.03191949427127838,-0.05038483440876007,-0.07656769454479218,-0.022362299263477325,0.042898260056972504,-0.01456135418266058,-0.05447249114513397,-0.007345398422330618,-0.13287511467933655,-0.038826651871204376,-0.17740122973918915,0.101780965924263,0.05087210610508919,-0.13272514939308167
-0.03613830357789993,0.060471609234809875,0.09059213846921921,-0.08666445314884186,0.0050292122177779675,0.11015493422746658,-0.04330103099346161,0.03039647452533245,0.017259038984775543,0.058434292674064636,0.10065222531557083,0.05024079978466034,-0.04059707373380661,-0.1785513460636139,-0.1232050433754921,-0.06377766281366348,0.09132130444049835,-0.049781281501054764,0.11602894216775894,0.046130117028951645,-0.10513345897197723
-0.02002027817070484,-0.06914465129375458,-0.09542026370763779,0.0785408616065979,0.15419599413871765,0.017901163548231125,0.003002752084285021,0.02585601806640625,-0.1316032111644745,0.08024338632822037,-0.06219078600406647,0.01999080739915371,-0.05189374089241028,0.04129892960190773,-0.058953240513801575,-0.07011400163173676,-0.17106086015701294,-0.11083947122097015,-0.02749934047460556,-0.062992163002491,-0.07702513784170151
0.1034230887889862,0.031895771622657776,-0.04966253042221069,-0.00017246854258701205,0.027318336069583893,0.01066239271312952,-0.00675608403980732,-0.06933917105197906,-0.11461949348449707,0.013504375703632832,-0.04291025176644325,0.08694726973772049,-0.04816924408078194,0.0181873869150877,-0.0019927772227674723,-0.2082817703485489,0.17184825241565704,0.10725873708724976,0.06341253221035004,-0.025252141058444977,0.033673245459795
0.04071114584803581,-0.052788179367780685,0.03958703950047493,0.03673411160707474,-0.012008142657577991,0.17797650396823883,0.05565971881151199,0.01595350168645382,-0.11078566312789917,-0.03020738810300827,-0.007803833577781916,-0.04585157334804535,-0.005490622483193874,0.005059402901679277,0.003260468365624547,-0.026791345328092575,0.03115704283118248,-0.05435781553387642,-0.09003058075904846,-0.01928287371993065,0.030238790437579155
-0.11116284877061844,-0.004767736420035362,-0.09743397682905197,0.03383716195821762,0.04805435240268707,-0.0403253436088562,0.02790657989680767,-0.0035969007294625044,0.10372833907604218,0.0259108729660511,0.018009372055530548,-2.3414406314259395e-05,-0.08337156474590302,0.08630931377410889,0.027680551633238792,0.013992286287248135,-0.03128410875797272,-0.15234822034835815,0.00629605446010828,0.04922231659293175,-0.17074936628341675
-0.04680052772164345,0.035614386200904846,-0.049503590911626816,0.001033411710523069,0.05442649871110916,-0.18913766741752625,-0.12188407778739929,0.01226671040058136,0.0035911109298467636,-0.13159401714801788,-0.20142780244350433,-0.03175899758934975,-0.01264385785907507,0.07783721387386322,-0.019074633717536926,0.01286848820745945,-0.012604331597685814,0.034994978457689285,-0.10241494327783585,0.11565284430980682,-0.0735391229391098
0.06468098610639572,-0.027358554303646088,0.11017782986164093,0.006726294755935669,0.07254822552204132,-0.011748945340514183,-0.10023107379674911,-0.003113963408395648,0.046676672995090485,-0.0873982310295105,0.05096592754125595,0.0064765457063913345,-0.038666997104883194,-0.10582718998193741,0.0342111699283123,0.13837938010692596,-0.011942535638809204,-0.07539000362157822,0.05029485002160072,0.07940997928380966,0.031349893659353256
0.025053545832633972,0.010054580867290497,0.0361681766808033,-0.04480455815792084,0.17475123703479767,-0.040409237146377563,-0.09080430865287781,0.10570299625396729,0.02175821177661419,0.12772445380687714,-0.025434009730815887,0.012424776330590248,-0.20108753442764282,0.03577016666531563,-0.030745649710297585,0.04561227187514305,0.02194736897945404,-0.04791322350502014,-0.01770077645778656,-0.1131497249007225,-0.1870417296886444
-0.2549414336681366,-0.10517974197864532,0.0004296149709261954,0.0005667401710525155,-0.05063953250646591,-0.11474087089300156,-0.15921618044376373,0.06530334800481796,0.06049574911594391,0.027857566252350807,-0.05254789814352989,-0.18891692161560059,0.040216632187366486,0.0009828334441408515,-0.08979708701372147,-0.0960908979177475,0.029979173094034195,0.02238434925675392,-0.11542337387800217,-0.014928614720702171,0.03411844000220299
0.02923428639769554,0.07118096947669983,0.11842606216669083,0.05576782673597336,-0.13094258308410645,0.007931412197649479,0.08117473125457764,-0.0009974852437153459,0.007301333360373974,0.01653805375099182,0.024459749460220337,-0.17073848843574524,0.04366292431950569,0.012717900797724724,-0.010716241784393787,-0.022749032825231552,-0.1658988893032074,0.028255891054868698,-0.09972458332777023,-0.05337107926607132,0.044782135635614395
-0.054953888058662415,-0.007620334625244141,-0.0827348604798317,0.020052677020430565,-0.1429125815629959,-0.04753764346241951,0.010366440750658512,0.018330082297325134,-0.043106187134981155,-0.0038028699345886707,0.06866239011287689,0.011824916116893291,0.08629260957241058,0.013806712813675404,-0.06538339704275131,-0.018511634320020676,-0.039224542677402496,0.058653805404901505,-0.05501770228147507,0.1434183567762375,0.017120612785220146
-0.0795598104596138,0.06240766867995262,-0.03421761095523834,0.08346150815486908,-0.000934602168854326,0.015275259502232075,0.10304706543684006,-0.038433466106653214,-0.09842906147241592,0.10303915292024612,-0.031529441475868225,-0.04693256691098213,-0.1092505007982254,0.027400556951761246,-0.01216048002243042,0.13387060165405273,0.01705119013786316,-0.05792418494820595,0.06374263018369675,-0.006095255725085735,0.0314309224486351
0.06575492769479752,0.08013753592967987,-0.11214625090360641,-0.041385941207408905,-0.01845948025584221,0.03526485711336136,-0.051293179392814636,-0.10640568286180496,-0.1259085237979889,0.1896941065788269,0.19738678634166718,0.04970972239971161,0.07209528237581253,0.0728861391544342,-0.011900470592081547,-0.21692365407943726,0.0020050788298249245,0.020420586690306664,-0.2097652405500412,-0.009146545082330704,0.22758640348911285
-0.09971421957015991,-0.06337152421474457,-0.02094264328479767,-0.022912731394171715,0.06842997670173645,0.03416496515274048,0.09838782995939255,-0.11816076189279556,0.17754320800304413,0.08022309839725494,0.0815700888633728,-0.009829675778746605,0.14734986424446106,0.053577668964862823,0.05671760067343712,0.006564253941178322,-0.0007226411253213882,-0.0242295041680336,0.11966077983379364,0.11260487139225006,-0.1368933916091919

Slice 19
-0.0948057621717453,0.031111836433410645,0.04205292835831642,-0.019930170848965645,0.011926163919270039,0.1506977528333664,-0.01041526347398758,0.009773669764399529,0.11732055246829987,-0.03288489952683449,-0.24209733307361603,-0.09170898795127869,-0.0127228032797575,0.07111255079507828,0.13050293922424316,0.07170043140649796,0.09202507138252258,-0.0034064322244375944,-0.04129078611731529,-0.08974046260118484,0.2164599895477295
-0.042163144797086716,0.04371141642332077,-0.08774757385253906,-0.014852303080260754,0.011095866560935974,-0.1643831431865692,-0.0864008218050003,-0.08587782084941864,-0.014549905434250832,0.03998251259326935,-0.1894807517528534,0.009316391311585903,0.07475823163986206,0.010981384664773941,0.04934484884142876,-0.011696320958435535,0.08083546906709671,0.03867960348725319,-0.10452243685722351,0.20155850052833557,0.09849841147661209
0.017984794452786446,-0.027624035254120827,-0.047996506094932556,-0.20256353914737701,-0.11296591907739639,-0.03449944034218788,-0.11736346036195755,-0.3809865713119507,-0.010207966901361942,0.13496433198451996,-0.00835559330880642,0.035608645528554916,0.00685610668733716,0.009545774199068546,0.02109614573419094,0.15143097937107086,0.012823992408812046,0.038607291877269745,0.04867054894566536,0.009371350519359112,0.034330058842897415
-0.07910691201686859,0.10843954980373383,0.02733951061964035,-0.006756914779543877,-0.2365414798259735,-0.0435001365840435,-0.03600015118718147,0.008477236144244671,-0.010263669304549694,0.007602464873343706,-0.029144151136279106,0.027551909908652306,0.051707856357097626,0.19121740758419037,-0.1389586329460144,-0.21350015699863434,-0.004674843512475491,-0.1669331192970276,0.03844187781214714,0.03567620366811752,0.04237668588757515
-0.06897533684968948,-0.10473243147134781,-0.03368999436497688,0.159156933426857,-0.04802015423774719,-0.08813595026731491,-0.06232204660773277,-0.004278679843991995,-0.03204049542546272,0.033047545701265335,0.056077368557453156,0.013750744052231312,0.17062559723854065,-0.05357921123504639,0.0006579270120710135,0.03357319533824921,0.0066515179350972176,-0.02268623560667038,0.023425117135047913,0.04288240522146225,0.04550297558307648
-0.03778040409088135,0.052801575511693954,0.012101189233362675,0.03540492430329323,-0.05400313064455986,0.19283851981163025,-0.06977122277021408,-0.011810444295406342,-0.021616490557789803,0.048969533294439316,0.15096133947372437,0.0011336460011079907,0.14776964485645294,0.09488915652036667,-0.12936271727085114,-0.08722352981567383,-0.10188712924718857,-0.021768789738416672,0.062416207045316696,-0.037611208856105804,0.029888303950428963
0.032379258424043655,0.002625365275889635,-0.03126823529601097,0.053660422563552856,-0.21498022973537445,0.0020808649715036154,0.02362729236483574,-0.0011122815776616335,-0.0629977285861969,-0.06963294744491577,-0.029456568881869316,0.017302613705396652,0.02127087488770485,-0.06111985817551613,-0.017220059409737587,-0.11906681209802628,-0.04525405913591385,-0.22461964190006256,0.08747560530900955,-0.04410935938358307,-0.121422678232193
-0.019369157031178474,0.10151968896389008,0.0856427252292633,-0.08858034759759903,0.004493918269872665,0.11863762140274048,-0.045422740280628204,0.06565383076667786,0.01136896200478077,0.023417558521032333,0.057180747389793396,0.0836893692612648,-0.08043795824050903,-0.2441781759262085,-0.11794073134660721,-0.06653919070959091,0.1480928212404251,-0.08123936504125595,0.1022455170750618,0.07498516887426376,-0.16462066769599915
-0.02042721025645733,-0.0699380487203598,-0.08824451267719269,0.08520477265119553,0.2230881303548813,0.018291838467121124,0.007092134561389685,-0.024815090000629425,-0.1466870903968811,0.10318499058485031,-0.048173535615205765,-0.02166840061545372,-0.09092386066913605,0.05302925780415535,-0.02029186487197876,-0.01875133067369461,-0.1584196835756302,-0.1327437162399292,-0.04995282366871834,-0.09253101795911789,-0.06684721261262894
0.06947514414787292,-0.04360351338982582,-0.013510112650692463,0.0019641071557998657,0.04414908587932587,0.015573106706142426,0.018903736025094986,-0.037044357508420944,-0.07932774722576141,0.03605535253882408,-0.044822655618190765,0.12792064249515533,-0.0350838229060173,0.052943430840969086,0.027126749977469444,-0.17232505977153778,0.21281416714191437,0.10052821040153503,0.0716056078672409,-0.003132689045742154,0.0940064862370491
0.032930150628089905,-0.08028236031532288,0.08759889751672745,0.0582379586994648,-0.03916967660188675,0.15053611993789673,0.056711871176958084,-0.012493453919887543,-0.13401556015014648,-0.054255519062280655,-0.034613773226737976,-0.04250100627541542,-0.001251658657565713,0.014228886924684048,0.02751568704843521,-0.03362995386123657,0.059400271624326706,-0.05958445370197296,-0.11236865818500519,-0.036164604127407074,0.04560185968875885
-0.12705515325069427,0.04913681745529175,-0.08279722183942795,0.03450572118163109,0.02935577929019928,-0.08834294229745865,0.0036186077632009983,0.022561293095350266,0.18580742180347443,0.006675487384200096,0.02045479044318199,-0.006582228932529688,-0.09285662323236465,0.1553603708744049,0.0661921352148056,0.002699937904253602,0.02114914357662201,-0.17557097971439362,0.004997772164642811,0.024225842207670212,-0.16125382483005524
-0.10605926066637039,0.022497471421957016,-0.045927003026008606,-0.010246595367789268,0.05796470120549202,-0.2194240242242813,-0.15561546385288239,-0.012307718396186829,-0.028827013447880745,-0.13800375163555145,-0.22877103090286255,-0.036902908235788345,-0.034980978816747665,0.03959963843226433,-0.04958837479352951,0.06797701865434647,-0.016306497156620026,-0.049324050545692444,-0.06999307870864868,0.11021161824464798,-0.11970503628253937
0.037751346826553345,-0.051071152091026306,0.07853209972381592,0.02389335259795189,0.07949251681566238,-0.019235922023653984,-0.08912171423435211,0.02970990724861622,0.14055980741977692,-0.14371830224990845,0.06637528538703918,0.012569583021104336,-0.0685708224773407,-0.09086630493402481,0.03128175437450409,0.16330388188362122,-0.026420798152685165,-0.10184022039175034,0.040403101593256,0.17197072505950928,-0.00955287180840969
0.012566045857965946,0.047726258635520935,0.05352934077382088,-0.04700607433915138,0.16618573665618896,-0.03698715940117836,-0.1172240823507309,0.04347539693117142,-0.024899842217564583,0.09405511617660522,0.04553147405385971,0.04625863954424858,-0.14537565410137177,0.02451292797923088,-0.13659557700157166,0.026577932760119438,0.08379053324460983,-0.02412630245089531,-0.05835249274969101,-0.05318530276417732,-0.13602344691753387
-0.14779534935951233,-0.07821004092693329,-0.00035876285983249545,0.0029918123036623,-0.04555252939462662,-0.08673522621393204,-0.1920120269060135,0.052604056894779205,0.09641308337450027,0.03611154854297638,-0.0787372887134552,-0.18612736463546753,0.07770127803087234,-0.005442452616989613,0.022285403683781624,-0.10114344954490662,0.060274675488471985,0.01570657454431057,-0.11454073339700699,0.002008688636124134,0.0016111634904518723
0.021301377564668655,0.013169859535992146,0.13208669424057007,0.07041343301534653,-0.14830192923545837,0.01910525932908058,0.07158728688955307,-0.003991643898189068,0.008738849312067032,-0.08280758559703827,0.05382127687335014,-0.26748037338256836,0.015295417979359627,0.029111692681908607,-0.009775602258741856,0.0040211002342402935,-0.14002132415771484,0.022444158792495728,-0.04510784521698952,-0.05641655623912811,0.02240985631942749
-0.08930929005146027,-0.011510813608765602,-0.1238458976149559,0.015804598107933998,-0.14942055940628052,-0.028900617733597755,0.058040376752614975,-0.01920822262763977,-0.06523789465427399,-0.033742744475603104,-0.01393922045826912,0.008807548321783543,0.11751658469438553,0.002850653138011694,-0.07031137496232986,-0.0062341573648154736,-0.03323529660701752,0.048051197081804276,-0.08754623681306839,0.13181070983409882,0.027392711490392685
-0.07250937819480896,0.07348459959030151,-0.07216908782720566,0.0592251718044281,0.016931049525737762,0.010770398192107677,0.1600572019815445,-0.007684977259486914,-0.16763433814048767,-0.013672765344381332,-0.024992475286126137,-0.06154788285493851,-0.13450026512145996,0.022818515077233315,-0.0022230837494134903,0.1620774120092392,0.012524431571364403,-0.058144114911556244,0.08468633890151978,0.04949643462896347,0.03796135634183884
0.0023694292176514864,0.08592539280653,-0.298697829246521,-0.01922917366027832,-0.011134644970297813,0.048821426928043365,-0.048355914652347565,-0.10705744475126266,-0.11949789524078369,0.1715613305568695,0.24457132816314697,-0.05748569965362549,0.18609017133712769,0.16278257966041565,-0.027779392898082733,-0.30267399549484253,0.02078494429588318,0.015961728990077972,-0.2326810508966446,-0.002194128930568695,0.23943886160850525
-0.13730502128601074,-0.11721811443567276,-0.060284294188022614,-0.05005956441164017,0.11123684793710709,0.029648547992110252,0.128245547413826,-0.07848745584487915,0.14849908649921417,0.08906110376119614,0.09871289134025574,-0.06238783895969391,0.10880807787179947,0.02015584707260132,0.012184358201920986,0.030870938673615456,-0.021105622872710228,-0.02835535630583763,0.13902384042739868,0.08284153789281845,-0.3179553151130676

Slice 20
0.09105823934078217,-0.00886392593383789,-0.007669971324503422,0.038540247827768326,-0.0032149015460163355,-0.07941056787967682,0.00942960474640131,-0.012269840575754642,-0.03122410550713539,0.010720135644078255,0.14255093038082123,0.06867724657058716,-0.013187529519200325,-0.022192521020770073,-0.050425734370946884,-0.030252797529101372,-0.04649515450000763,0.003752894466742873,0.024080291390419006,0.06139364838600159,-0.12081634253263474
0.022563638165593147,-0.034736957401037216,0.04216942563652992,0.00748469727113843,-0.005361468996852636,0.06498304754495621,0.053307972848415375,0.053014617413282394,0.0020555099472403526,-0.03171608969569206,0.12120453268289566,-0.004517613910138607,-0.0394723154604435,-0.0045509557239711285,-0.025890707969665527,0.00023774229339323938,-0.055075205862522125,-0.01908842846751213,0.058003947138786316,-0.09991880506277084,-0.05354732275009155
-0.02894609235227108,0.018610641360282898,0.024934448301792145,0.10945576429367065,0.056643396615982056,0.030180662870407104,0.07228526473045349,0.1857253462076187,-0.0004983976250514388,-0.0973748192191124,0.017832428216934204,-0.023249268531799316,-0.009076057933270931,-0.01087747048586607,-0.017305150628089905,-0.10084228217601776,-0.01662222295999527,-0.03091820701956749,-0.027976365759968758,-0.031195316463708878,-0.02941073849797249
0.053395964205265045,-0.06645534187555313,-0.005270869005471468,0.0019089446868747473,0.14932122826576233,0.03364264592528343,0.021319333463907242,-0.0019087764667347074,0.010065621696412563,-0.0009523930493742228,0.004047459922730923,-0.005403483752161264,-0.049703486263751984,-0.11144174635410309,0.07930157333612442,0.11029862612485886,-0.00605458440259099,0.11473920196294785,-0.01324005052447319,-0.014111627824604511,-0.005414335522800684
0.0332106351852417,0.0471755787730217,0.026129990816116333,-0.07401837408542633,0.0312472116202116,0.05397733673453331,0.02986767888069153,-0.014286290854215622,0.024493390694260597,-0.019677143543958664,-0.04011647030711174,-0.007743173278868198,-0.07859843969345093,0.03085377812385559,0.006744131445884705,-0.01756099984049797,-0.005234409123659134,0.004073427990078926,-0.01821155846118927,-0.010156202130019665,-0.027103528380393982
0.022401785477995872,-0.03289555758237839,-0.015609673224389553,-0.028050433844327927,0.03791140019893646,-0.0955081358551979,0.03892398253083229,0.01708200015127659,-0.0009668053826317191,-0.023762620985507965,-0.08686938136816025,0.005757741164416075,-0.0894736796617508,-0.0524909645318985,0.05905008316040039,0.048496127128601074,0.05999588221311569,0.012295344844460487,-0.03061756305396557,0.02853360027074814,-0.022481005638837814
-0.015978295356035233,-0.008082875981926918,0.010122560895979404,-0.03280920907855034,0.11319155246019363,0.0023029802832752466,-0.005704314913600683,-0.0022382938768714666,0.033035147935152054,0.04182709753513336,0.01651054434478283,-0.01885141246020794,0.004930379334837198,0.03242090344429016,0.002076022559776902,0.08009985834360123,0.025712493807077408,0.1175106018781662,-0.05574954301118851,0.01853843219578266,0.08092589676380157
0.037965718656778336,-0.05736662447452545,-0.05406396463513374,0.04362009838223457,-0.0006641018553636968,-0.07005392760038376,0.019598854705691338,-0.027700750157237053,0.0057415892370045185,-0.009876136668026447,-0.04477455094456673,-0.03827879577875137,0.04348493739962578,0.12929575145244598,0.08144859969615936,0.03948461636900902,-0.07732192426919937,0.05601358041167259,-0.06148001179099083,-0.03591486066579819,0.09989441186189651
0.011023237369954586,0.048504788428545,0.052463412284851074,-0.06178296357393265,-0.10566713660955429,-0.0074449204839766026,-0.005572670605033636,0.010624163784086704,0.07952995598316193,-0.050236426293849945,0.02975562773644924,0.002423628233373165,0.04891389608383179,-0.030715787783265114,0.0008388455025851727,0.019359160214662552,0.10001572966575623,0.07935623824596405,0.025002604350447655,0.03649335354566574,0.028507549315690994
-0.03148527443408966,0.009314993396401405,0.032337285578250885,-0.007853171788156033,-0.018937280401587486,-0.014391392469406128,-0.01578395627439022,0.03438422083854675,0.045975107699632645,0.008800544776022434,0.029238615185022354,-0.07042527198791504,0.02578805759549141,-0.026214800775051117,-0.0108406450599432,0.11764969676733017,-0.10913863778114319,-0.06651106476783752,-0.04325411096215248,0.005088580772280693,-0.03374645859003067
-0.030023131519556046,0.042962104082107544,-0.047596365213394165,-0.038628771901130676,0.011243276298046112,-0.08868227899074554,-0.040976375341415405,0.0008894450729712844,0.07369277626276016,0.030192233622074127,0.014911246486008167,0.026850886642932892,0.0050539011135697365,-0.0206596776843071,-0.010878696106374264,0.01619473285973072,-0.032034821808338165,0.03832099586725235,0.06104067713022232,0.01950564980506897,-0.025515133515000343
0.06211310997605324,-0.01828814670443535,0.04141958802938461,-0.02159946970641613,-0.018826453015208244,0.04860227182507515,-0.005957594607025385,-0.014760780148208141,-0.10104356706142426,-0.020195478573441505,-0.01269404124468565,0.00029491580789908767,0.04701494053006172,-0.08221182227134705,-0.02935810200870037,-0.0092260567471385,-0.0007115580374374986,0.09941410273313522,-0.00796595774590969,-0.0184453334659338,0.08791765570640564
0.0656307190656662,-0.0157746821641922,0.023250775411725044,0.007132187020033598,-0.04092532396316528,0.10484948754310608,0.06396745890378952,0.0015407619066536427,0.011272556148469448,0.07548409700393677,0.13627949357032776,0.019232098013162613,0.02003786899149418,-0.0241929292678833,0.01838991418480873,-0.030662942677736282,0.007513608783483505,0.010120722465217113,0.06178268790245056,-0.05913654714822769,0.0805654376745224
-0.029628101736307144,0.03129161149263382,-0.05046001076698303,-0.011021152138710022,-0.04353834316134453,0.013235324062407017,0.05673300847411156,-0.012875511310994625,-0.05859040841460228,0.06837764382362366,-0.031384073197841644,-0.0057105110026896,0.03840607777237892,0.0603891983628273,-0.01401229202747345,-0.10960647463798523,0.013124818913638592,0.05447354540228844,-0.027476750314235687,-0.08827728778123856,-0.0036772722378373146
-0.02754364162683487,-0.020873626694083214,-0.036963995546102524,0.023574741557240486,-0.10896552354097366,0.00956511590629816,0.06475609540939331,-0.045050278306007385,0.00023956484801601619,-0.04335837438702583,-0.011832648888230324,-0.015627773478627205,0.10357846319675446,-0.020756889134645462,0.05981983244419098,-0.021153084933757782,-0.03355693444609642,0.01542037632316351,0.021710632368922234,0.03890707343816757,0.08251865208148956
0.09987527877092361,0.060101136565208435,-0.004272975027561188,0.005466872360557318,0.03295831009745598,0.0614955835044384,0.10679925233125687,-0.03132844716310501,-0.05361884832382202,-0.021258605644106865,0.04113645851612091,0.11181162297725677,-0.03535132110118866,-0.003952890634536743,-0.0022373313549906015,0.05375373363494873,-0.04015009477734566,-0.012960840947926044,0.07011004537343979,0.001103003742173314,-0.0050737326964735985
-0.01427693385630846,-0.018866224214434624,-0.06823588162660599,-0.038586460053920746,0.08779129385948181,-0.0137168625369668,-0.044784191995859146,0.0017065348802134395,-0.008554528467357159,0.024165330454707146,-0.028930189087986946,0.14240194857120514,-0.015111756511032581,-0.0162945706397295,0.002408945234492421,-0.0058737569488584995,0.08027380704879761,-0.013127965852618217,0.03827087581157684,0.03696640953421593,-0.0172417052090168
0.07001519948244095,0.005516718607395887,0.07410720735788345,-0.011810965836048126,0.07446684688329697,0.02320043370127678,-0.029292399063706398,0.0017747895326465368,0.038317687809467316,0.015427241101861,-0.010353927500545979,-0.0050322385504841805,-0.0647614374756813,-0.004534206818789244,0.058260027319192886,0.009008451364934444,0.021709825843572617,-0.027245478704571724,0.04645109176635742,-0.06980918347835541,-0.007908801548182964
0.040616828948259354,-0.038334887474775314,0.025764100253582,-0.044407449662685394,-0.017933886498212814,-0.01145142037421465,-0.07973432540893555,0.013646210543811321,0.08593180030584335,-0.013969427905976772,0.015504391863942146,0.03574557602405548,0.0701041892170906,-0.01838664524257183,-0.0004836772568523884,-0.08015067130327225,-0.0074996924959123135,0.031071333214640617,-0.04987543076276779,-0.02335798740386963,-0.011149583384394646
-0.02445914037525654,-0.05319763720035553,0.1441863477230072,0.012434037402272224,0.024781331419944763,-0.04043221101164818,0.016305699944496155,0.04886188730597496,0.06686488538980484,-0.11954953521490097,-0.12453470379114151,0.00730422418564558,-0.08174271881580353,-0.08029396831989288,0.024147778749465942,0.18451566994190216,-0.010850368067622185,-0.01319507509469986,0.13221462070941925,0.012995288707315922,-0.11573950201272964
0.06402908265590668,0.057072654366493225,0.040149491280317307,0.0403314046561718,-0.06955575197935104,-0.003950643353164196,-0.06484709680080414,0.06439285725355148,-0.08283163607120514,-0.03825550153851509,-0.04827579855918884,0.030779851600527763,-0.07273175567388535,-0.01689397729933262,-0.021342748776078224,-0.013367192819714546,0.011094196699559689,0.02484944835305214,-0.07156451046466827,-0.05263796076178551,0.14102217555046082

Slice 21
-0.041315242648124695,-0.09082618355751038,-0.010841351933777332,0.03588904067873955,-0.012502532452344894,0.0436236746609211,0.012112794443964958,-0.0017720754258334637,0.055109117180109024,-0.03851889446377754,-0.21728533506393433,-0.0866350457072258,0.07686491310596466,0.03494153171777725,0.007039704360067844,0.045026615262031555,0.09333337098360062,-0.025036048144102097,-0.02068091183900833,-0.0567389614880085,0.22399108111858368
-0.059334613382816315,0.08907388895750046,-0.05829092860221863,-0.012861926108598709,-0.006813347339630127,-0.023589394986629486,-0.06674441695213318,-0.09073738008737564,0.005990218371152878,0.07608171552419662,-0.20104162395000458,-0.010697590187191963,0.07036280632019043,-0.005733504891395569,0.018818965181708336,-0.037906255573034286,0.09225951880216599,-0.01636119931936264,-0.06017472594976425,0.039274368435144424,0.0581325925886631
-0.019209006801247597,-0.061172664165496826,-0.08408962935209274,-0.11413101851940155,-0.030427133664488792,-0.11256331205368042,-0.1710788756608963,-0.14160124957561493,0.01211575511842966,0.08074075728654861,-0.06599067151546478,-0.022484341636300087,-0.012762214057147503,0.03253190219402313,-0.005029761232435703,0.11929482221603394,0.022371763363480568,0.06854792684316635,0.02920536696910858,-0.06568911671638489,-0.057547636330127716
-0.04852640628814697,0.07879837602376938,0.024497516453266144,0.020729634910821915,-0.24932317435741425,-0.0473477765917778,0.04859181120991707,-0.02626035362482071,-0.0533139668405056,-0.07061180472373962,0.04612432420253754,-0.01597580499947071,0.16872981190681458,0.10396382212638855,-0.08979705721139908,-0.023654764518141747,0.07565062493085861,-0.18247605860233307,-0.04363736882805824,-0.029575902968645096,-0.13957847654819489
-0.013370276428759098,0.006002036854624748,-0.0770750492811203,-0.009528877213597298,-0.0620218962430954,-0.08484794944524765,-0.013823047280311584,0.1150568500161171,-0.11011592298746109,-0.00757073238492012,0.09364689886569977,0.013751372694969177,-0.06462299078702927,-0.0452314056456089,-0.06667836010456085,0.00915166549384594,0.011300449259579182,0.02999480813741684,0.04820539802312851,-0.005533349700272083,0.07543569803237915
-0.054960280656814575,0.042788367718458176,-0.033982716500759125,0.08977464586496353,-0.03862918168306351,0.13689027726650238,-0.08349040895700455,-0.019537078216671944,0.06999769806861877,0.02524176985025406,0.09802931547164917,-0.054585050791502,0.11383248120546341,0.023922912776470184,-0.06275346875190735,-0.03200719133019447,-0.0727200135588646,0.021252000704407692,0.013943875208497047,-0.051503732800483704,-0.029615849256515503
0.040873393416404724,0.04979867860674858,0.0671207383275032,0.08609671890735626,-0.12102311104536057,-0.02194875106215477,0.01677495241165161,0.03315586596727371,-0.038102954626083374,-0.089743971824646,-0.014406117610633373,0.06256256252527237,-0.04397314041852951,-0.03657631203532219,0.024271730333566666,-0.12965801358222961,-0.024575313553214073,-0.11233747750520706,0.10318877547979355,0.12267296761274338,-0.14715732634067535
-0.07279019802808762,0.03094291128218174,0.07082874327898026,-0.05819034203886986,0.014311130158603191,0.0864415168762207,-0.014609083533287048,-0.014258144423365593,0.02355586364865303,0.0938415601849556,0.12436781078577042,0.013170014135539532,-0.022719455882906914,-0.021713951602578163,-0.07795292884111404,-0.060397904366254807,0.017551109194755554,-0.04204173386096954,0.10884500294923782,0.03857459872961044,-0.04998951405286789
-0.03214429318904877,-0.07199297100305557,-0.09191392362117767,0.08004719018936157,0.051554515957832336,0.011730021797120571,0.008487499319016933,0.01832488738000393,-0.12142298370599747,0.04144377261400223,-0.05893993005156517,0.04197988659143448,-0.009981047362089157,0.011823885142803192,-0.10528803616762161,-0.10739707201719284,-0.16963441669940948,-0.09582062810659409,-0.011699971742928028,-0.04869936406612396,-0.09994888305664062
0.08372288942337036,0.08335878700017929,-0.08100348711013794,-0.015523603186011314,0.008416999131441116,0.019351202994585037,0.009098595008254051,-0.08480911701917648,-0.09190007299184799,-0.028995376080274582,-0.036496758460998535,0.07837703824043274,-0.03733553737401962,-0.014366663992404938,0.046641942113637924,-0.17128346860408783,0.17080822587013245,0.12442509829998016,0.06284172832965851,-0.014006687328219414,0.014770042151212692
0.05269227549433708,-0.02104671485722065,-0.0018659328343346715,0.0154582429677248,0.018618065863847733,0.14422237873077393,0.045717738568782806,0.014806033112108707,-0.08989229798316956,-0.0054247695952653885,0.015153085812926292,-0.03949107974767685,-0.014517767354846,0.022707141935825348,-0.06112423911690712,-0.020664479583501816,0.0009236676851287484,-0.0481160543859005,0.005411605816334486,0.005546984262764454,0.009336305782198906
-0.07557976245880127,-0.04580075666308403,-0.09037167578935623,0.02608194760978222,0.11821366846561432,-0.005226935259997845,0.03629850223660469,-0.03250989690423012,0.004105937201529741,0.02310522086918354,0.012749207206070423,0.0030904836021363735,-0.057562075555324554,0.016540896147489548,-0.010210894979536533,0.012876744382083416,-0.07904886454343796,-0.11544352769851685,0.011567234992980957,0.02281908318400383,-0.16369007527828217
0.006360180210322142,0.03792959451675415,-0.052393049001693726,-0.008117873221635818,0.05816506966948509,-0.16371716558933258,0.01983099989593029,0.02886943146586418,0.0033927324693650007,-0.10782557725906372,-0.15555453300476074,-0.02176414243876934,-0.003772252006456256,0.07701187580823898,-0.02039065770804882,-0.045516833662986755,-0.019826805219054222,0.1586443930864334,-0.21243716776371002,0.0768216997385025,0.0012747092405334115
0.05607190728187561,-0.0051261056214571,0.13456861674785614,-0.02105587162077427,0.04607328400015831,-0.012651772238314152,-0.07952350378036499,-0.022470509633421898,-0.037962738424539566,-0.02319098450243473,0.016943434253335,-0.0007105797994881868,-0.004797779023647308,-0.1132364347577095,0.0169256329536438,0.07944807410240173,-0.002682310063391924,-0.042613402009010315,0.05075448378920555,-0.03469664230942726,0.034894540905952454
0.1004362478852272,-0.026608247309923172,0.04349614679813385,-0.02825535647571087,0.119597427546978,0.024904629215598106,-0.04958353936672211,0.13602057099342346,0.05250859260559082,0.14835448563098907,-0.0835578516125679,-0.0258996170014143,-0.2652460038661957,0.03866998106241226,0.03607788681983948,0.06728100031614304,-0.031464941799640656,-0.05405956879258156,0.02468494139611721,-0.21663080155849457,-0.22392676770687103
-0.2754417359828949,-0.122977614402771,0.03679734095931053,-8.9611581643112e-05,-0.04415654391050339,-0.10858824849128723,-0.11583451181650162,0.0690687969326973,0.01493905670940876,0.026576649397611618,-0.015139171853661537,-0.13713648915290833,-0.009083464741706848,0.02177053689956665,-0.13437889516353607,-0.06892435997724533,0.015020939521491528,0.03718257322907448,-0.10571642220020294,-0.02289247140288353,0.09747158735990524
0.027541976422071457,0.10781387239694595,0.09255078434944153,0.0285782590508461,-0.09808796644210815,-0.0028309158515185118,0.06552495062351227,-0.0035308152437210083,0.013915305957198143,0.09178051352500916,-0.002159157069399953,-0.06492279469966888,0.0643487349152565,-0.0007506066467612982,-0.007045197766274214,-0.03061527945101261,-0.113707534968853,0.026979833841323853,-0.13841982185840607,-0.05442061275243759,0.07011891156435013
-0.051903288811445236,-0.0016962086083367467,-0.04270584136247635,0.008431144058704376,-0.09192455559968948,-0.07072869688272476,-0.012990784831345081,0.033465489745140076,-0.0038431978318840265,0.015699272975325584,0.13968393206596375,0.01630062237381935,0.03495243564248085,0.028266608715057373,-0.03729706257581711,-0.03490142151713371,-0.03932274132966995,0.03893185406923294,-0.010519232600927353,0.11484106630086899,0.01965794526040554
-0.07481228560209274,0.02061673253774643,0.014131695963442326,0.0902051106095314,-0.0017595675308257341,0.018981078639626503,0.03932436183094978,-0.043348152190446854,-0.035792794078588486,0.16860464215278625,-0.033392321318387985,-0.03212651610374451,-0.06323828548192978,0.02883877418935299,-0.022479433566331863,-0.015991346910595894,0.013280397281050682,-0.0430058091878891,0.038094643503427505,-0.05056595429778099,-0.0029215291142463684
0.09818117320537567,0.06668701767921448,-0.06031122803688049,-0.03870528191328049,-0.06075674295425415,0.025134587660431862,-0.0044915820471942425,-0.029171640053391457,-0.10026590526103973,0.1693747639656067,0.10555904358625412,0.11858360469341278,-0.03652050718665123,-0.023522373288869858,-0.012931810691952705,-0.13045169413089752,-0.006687469780445099,0.02294069342315197,-0.1558099240064621,-0.057898588478565216,0.10761034488677979
-0.007568351924419403,-0.010427704080939293,0.030348513275384903,0.03338806331157684,0.025071218609809875,0.031778912991285324,0.05393662676215172,-0.11515311896800995,0.17065182328224182,0.09049133956432343,0.04040547087788582,-0.0030387169681489468,0.14224019646644592,0.0813952311873436,0.0792764350771904,-0.010692140087485313,0.017299192026257515,-0.011299974285066128,0.0843254029750824,0.07232899218797684,0.034983549267053604

Slice 22
0.20493371784687042,-0.004272542893886566,-0.03626347333192825,0.0012354232603684068,-0.003812027396634221,-0.1780604124069214,0.009192068129777908,-0.01987575925886631,-0.1283128261566162,0.029186461120843887,0.3605847954750061,0.14798526465892792,0.027314331382513046,-0.08526824414730072,-0.13064998388290405,-0.0755731612443924,-0.11589121073484421,0.0187056977301836,0.04844314977526665,0.11693338304758072,-0.24919643998146057
0.0519433468580246,-0.06995383650064468,0.11745885014533997,0.011800535954535007,-0.010502547957003117,0.19964733719825745,0.10873984545469284,0.11724421381950378,0.011450561694800854,-0.07042912393808365,0.2722409963607788,-0.013417529873549938,-0.10361183434724808,-0.013650919310748577,-0.06510314345359802,0.019042707979679108,-0.114555723965168,-0.04212214797735214,0.12811312079429626,-0.22905874252319336,-0.12183541059494019
-0.008771544322371483,0.046010542660951614,0.04963541403412819,0.26486116647720337,0.12806372344493866,0.04627447947859764,0.16928786039352417,0.4202573597431183,0.00042367581045255065,-0.18007680773735046,0.022631941363215446,-0.028952546417713165,-0.004930804017931223,-0.01403734739869833,-0.012565609067678452,-0.20821358263492584,-0.02459230273962021,-0.06329268217086792,-0.06247731298208237,-0.01090982835739851,-0.042827535420656204
0.1075868159532547,-0.1448088139295578,-0.03444427624344826,0.011644238606095314,0.3159758746623993,0.06230970472097397,0.03849899768829346,0.0019024723442271352,0.021830301731824875,0.009947211481630802,0.022424351423978806,-0.0178961381316185,-0.09318166226148605,-0.23475021123886108,0.18054227530956268,0.2591126561164856,-0.013648278079926968,0.2240060567855835,-0.025747524574398994,-0.03580735623836517,-0.04045788571238518
0.07562802731990814,0.12138911336660385,0.059291038662195206,-0.17101900279521942,0.06024230644106865,0.12621399760246277,0.08352785557508469,-0.022285396233201027,0.0708664208650589,-0.04192414507269859,-0.08379048854112625,-0.013564012013375759,-0.18981514871120453,0.07964886724948883,0.020282063633203506,-0.03587367758154869,-0.002195044420659542,0.01968775875866413,-0.038084182888269424,-0.04236677289009094,-0.060530103743076324
0.046892665326595306,-0.06799190491437912,-0.0019449517130851746,-0.066352978348732,0.06669048964977264,-0.26868465542793274,0.10124191641807556,0.0265213456004858,0.0014447204302996397,-0.06305845826864243,-0.1926618069410324,0.006229803431779146,-0.16200166940689087,-0.11432737112045288,0.14490586519241333,0.10689987987279892,0.12852199375629425,0.024959370493888855,-0.07637858390808105,0.061253830790519714,-0.03627588599920273
-0.05989668518304825,-0.013712062500417233,0.02469055913388729,-0.07965879142284393,0.2577270269393921,0.005108929704874754,-0.025810623541474342,0.003561207093298435,0.09309155493974686,0.12134676426649094,0.04082298278808594,-0.029599804431200027,-0.023968501016497612,0.08145701885223389,0.04303032532334328,0.16956734657287598,0.060254424810409546,0.3254319429397583,-0.12269110232591629,0.03823861479759216,0.17540264129638672
0.04460480436682701,-0.1222192645072937,-0.10739108175039291,0.11792626976966858,-0.0009353049681521952,-0.15841466188430786,0.05229480564594269,-0.06979663670063019,0.00047558435471728444,-0.037901245057582855,-0.08899499475955963,-0.09782365709543228,0.07334381341934204,0.27945953607559204,0.1668408066034317,0.08765935897827148,-0.17161566019058228,0.09938973933458328,-0.13893383741378784,-0.07947766035795212,0.19691620767116547
0.05502544716000557,0.0952419564127922,0.133398175239563,-0.0983845442533493,-0.27620622515678406,-0.016539141535758972,0.0007416240987367928,0.02066895179450512,0.1997101753950119,-0.08641038835048676,0.06888483464717865,0.015419268980622292,0.10055509954690933,-0.05600099265575409,0.06738072633743286,0.04713655263185501,0.21528686583042145,0.17635595798492432,0.06529691815376282,0.10695880651473999,0.07768508791923523
-0.11230103671550751,0.032589979469776154,0.037523332983255386,-0.006832471117377281,-0.05040508136153221,-0.024581560865044594,-0.0465988889336586,0.04829726368188858,0.10918789356946945,-0.047764264047145844,0.05726730450987816,-0.1564401239156723,0.021918999031186104,-0.05899561569094658,-0.040426068007946014,0.2427264153957367,-0.250830739736557,-0.1415662318468094,-0.09854216873645782,-0.017426304519176483,-0.09881626069545746
-0.05692651867866516,0.09478402137756348,-0.10226684808731079,-0.07108325511217117,0.03966321051120758,-0.2109881192445755,-0.07671329379081726,0.006138170138001442,0.17291124165058136,0.05104982852935791,0.037212297320365906,0.0575653538107872,0.0030451493803411722,-0.018857093527913094,-0.020295480266213417,0.03864273801445961,-0.06760343909263611,0.07469215244054794,0.12578779458999634,0.0475764125585556,-0.052954286336898804
0.16107001900672913,-0.04132600128650665,0.09464884549379349,-0.05226949602365494,-0.03629858046770096,0.10543403774499893,-0.015588484704494476,-0.0237530916929245,-0.2095155119895935,-0.029032614082098007,-0.027326464653015137,0.003471595235168934,0.1125493124127388,-0.18702179193496704,-0.08189618587493896,-0.007265210617333651,-0.00907979067414999,0.22371269762516022,-0.006466328166425228,-0.04302900657057762,0.21399332582950592
0.07098165899515152,-0.033529601991176605,0.057657890021800995,-0.008242149837315083,-0.07118862122297287,0.2807581126689911,0.14213471114635468,-0.0006333311903290451,0.01618552953004837,0.17289592325687408,0.28675007820129395,0.04956204816699028,0.04226653277873993,-0.07375198602676392,0.044967759400606155,-0.08601658791303635,0.014754774048924446,0.020474785938858986,0.12328781187534332,-0.1174449548125267,0.1476214975118637
-0.064126156270504,0.0585273839533329,-0.1111183613538742,-0.024578899145126343,-0.10364707559347153,0.026501471176743507,0.11225223541259766,-0.035251062363386154,-0.14115729928016663,0.16138577461242676,-0.08579121530056,-0.01468233298510313,0.07685082405805588,0.12545837461948395,-0.04389743506908417,-0.22770720720291138,0.02790103852748871,0.12300734966993332,-0.05614614859223366,-0.18006420135498047,-0.004517741035670042
-0.013209253549575806,-0.047314271330833435,-0.06245790049433708,0.05988470837473869,-0.2147582471370697,0.06006968766450882,0.13840654492378235,-0.08281297981739044,0.013679825700819492,-0.09283606708049774,-0.03898099064826965,-0.04497338831424713,0.23395979404449463,-0.04000706225633621,0.12268584221601486,-0.0443497858941555,-0.09133540093898773,0.04528336226940155,0.06199830025434494,0.10141816735267639,0.17612788081169128
0.24041207134723663,0.11359117180109024,-0.00882673915475607,-0.0021317475475370884,0.06261352449655533,0.10526429861783981,0.24661041796207428,-0.07502518594264984,-0.11390119045972824,-0.03628472983837128,0.09295744448900223,0.2436363399028778,-0.0831388384103775,0.005963183473795652,-0.005073723383247852,0.13171903789043427,-0.07014746963977814,-0.021975262090563774,0.15570466220378876,-0.00513365538790822,-0.024458393454551697
-0.030383294448256493,-0.037654321640729904,-0.15303783118724823,-0.09006161987781525,0.19234029948711395,-0.02304169535636902,-0.09431169182062149,0.006884386762976646,-0.011774901300668716,0.07623141258955002,-0.05773593485355377,0.31974101066589355,-0.03481253609061241,-0.030036384239792824,0.018114253878593445,0.009236916899681091,0.18262585997581482,-0.029245907440781593,0.07512851059436798,0.08054948598146439,-0.0338670052587986
0.11637595295906067,0.013069859705865383,0.1590818613767624,-0.01188892126083374,0.18999888002872467,0.04403581842780113,-0.07238174229860306,0.009944858960807323,0.09704232960939407,0.02266092225909233,-0.013421119190752506,-0.012690817937254906,-0.1610722541809082,0.0013066207757219672,0.11347831040620804,0.017437394708395004,0.05336052551865578,-0.06818121671676636,0.10294267535209656,-0.1668274998664856,-0.02259012497961521
0.08861701190471649,-0.08706970512866974,0.07470373064279556,-0.09350533038377762,-0.013596872799098492,-0.01615602895617485,-0.17741309106349945,0.016579044982790947,0.1966729462146759,-0.030604224652051926,0.035791411995887756,0.06875759363174438,0.1679668426513672,-0.03532342612743378,0.005809827707707882,-0.1826915591955185,-0.019655505195260048,0.07207251340150833,-0.1022321954369545,-0.04442484304308891,-0.03658078610897064
-0.02175888605415821,-0.11466005444526672,0.41574373841285706,0.04873625189065933,0.02699526958167553,-0.058218829333782196,0.07127898931503296,0.14411517977714539,0.1652081459760666,-0.24039514362812042,-0.3142951726913452,0.030772900208830833,-0.2171829640865326,-0.1730009764432907,0.030090495944023132,0.3938596248626709,-0.013146182522177696,-0.023239674046635628,0.3068194091320038,-0.004616147372871637,-0.2660027742385864
0.14935731887817383,0.13610228896141052,0.05025321617722511,0.04027220606803894,-0.15914210677146912,-0.05943932756781578,-0.18199877440929413,0.12457497417926788,-0.24922890961170197,-0.11979910731315613,-0.12903663516044617,0.04916269704699516,-0.12720414996147156,-0.055474355816841125,-0.06018041446805,-0.03381633386015892,0.016820546239614487,0.027908913791179657,-0.1835416853427887,-0.11912290751934052,0.30138787627220154

Slice 23
-0.0675131231546402,0.018037687987089157,0.02274196967482567,0.0557645708322525,0.004018199630081654,0.13898013532161713,-0.007532787509262562,-0.014398646540939808,0.020199017599225044,-0.024100514128804207,-0.150523841381073,-0.07301882654428482,-0.10230886936187744,0.03532356396317482,0.02121896669268608,0.029585476964712143,0.03541769087314606,0.01904919557273388,-0.01898530311882496,-0.0333077572286129,0.10485848784446716
-0.02378261461853981,-0.014491571113467216,-0.07373973727226257,0.004531920421868563,0.017258740961551666,-0.2361920028924942,-0.035961925983428955,-0.03399564325809479,-0.01093662902712822,0.0031947887036949396,-0.03365110233426094,0.016296662390232086,0.06311896443367004,0.020816516131162643,0.10356685519218445,-0.02028965763747692,0.024346789345145226,0.031260956078767776,-0.0625682845711708,0.16380183398723602,0.06958480179309845
0.013497885316610336,-0.014604195952415466,-0.010860290378332138,-0.11724785715341568,-0.08345240354537964,0.0291249118745327,-0.04024675488471985,-0.26027408242225647,-0.050975654274225235,-0.010050512850284576,0.061261892318725586,0.01960192620754242,0.009995280764997005,-0.011056349612772465,-0.025721970945596695,0.0789639875292778,-0.0026405910030007362,0.016739824786782265,0.03313872218132019,-0.03584251180291176,0.040139682590961456
-0.07847482711076736,0.029002707451581955,0.027666276320815086,-0.012673496268689632,-0.05247115343809128,0.014323905110359192,-0.036347366869449615,0.008917982690036297,0.010456847958266735,0.06583147495985031,-0.0732894241809845,0.0047233630903065205,-0.04200221970677376,0.07735883444547653,-0.1588527113199234,-0.19877982139587402,-0.030427923426032066,0.010747602209448814,0.03630668297410011,-0.020246058702468872,0.048289522528648376
-0.07529269903898239,-0.13422538340091705,-0.022728202864527702,0.14941257238388062,-0.013605305925011635,-0.02436087839305401,-0.08009745925664902,-0.07476238906383514,-0.024563636630773544,0.019626565277576447,0.004138496704399586,0.003244117833673954,0.1737269163131714,-0.045666687190532684,0.013966759666800499,0.01671118102967739,-0.008832866325974464,-0.05675942823290825,-0.005404080264270306,0.006515261251479387,-0.0014201330486685038
0.01335787121206522,0.01156175322830677,0.0014015116030350327,0.033130742609500885,-0.027556652203202248,0.184746652841568,-0.05142808333039284,0.002255225321277976,-0.01789397932589054,0.01876720041036606,0.06322556734085083,0.02860046923160553,0.04332161322236061,0.06208397448062897,-0.07837402820587158,-0.03146473318338394,-0.01981182023882866,-0.050543513149023056,0.07072430849075317,-0.014072992838919163,0.03510089963674545
-0.021128056570887566,-0.021016046404838562,-0.0473245345056057,0.028476331382989883,-0.12436417490243912,0.008043495938181877,0.041058145463466644,0.03535512834787369,-0.03586690127849579,-0.032831594347953796,-0.010765014216303825,-0.02305440790951252,0.040417395532131195,-0.04369562491774559,-0.036188337951898575,-0.032674044370651245,-0.04043537750840187,-0.17214643955230713,0.026127928867936134,-0.11830926686525345,-0.01886560022830963
0.03469861298799515,0.05765216425061226,0.062153302133083344,-0.08185315132141113,0.0143142594024539,0.06257355213165283,-0.0428568460047245,0.04675763472914696,0.06988579779863358,-0.01916242018342018,-0.018811196088790894,0.08766857534646988,-0.002253624377772212,-0.1291218101978302,-0.03701774403452873,-0.04024261236190796,0.12649540603160858,0.028366409242153168,0.0559513121843338,0.06812386959791183,-0.04383385553956032
0.07206011563539505,0.003436765866354108,-0.0514114610850811,-0.0156705304980278,0.23000407218933105,-0.014016395434737206,0.017050791531801224,0.02066800743341446,-0.07782800495624542,0.035860296338796616,-0.015788013115525246,-0.04607066512107849,-0.058611754328012466,0.055258605629205704,-0.11925223469734192,0.009798451326787472,-0.04529248923063278,-0.06617171317338943,-0.0439407117664814,-0.04188494384288788,-0.03240947797894478
0.05556739494204521,-0.07856345176696777,0.04280881583690643,0.013008646667003632,0.08190005272626877,0.011233903467655182,0.0029750114772468805,0.0029960533138364553,-0.019971881061792374,0.10457982867956161,-0.004524365067481995,0.05389423668384552,0.06285809725522995,0.07451905310153961,0.06389950215816498,-0.0891081690788269,0.111488476395607,0.0014047911390662193,0.04623876512050629,0.09474185109138489,0.1219574362039566
-0.031082062050700188,-0.05305122584104538,0.05845247209072113,0.010686129331588745,-0.07640162855386734,0.12456388771533966,-0.03027530573308468,-0.029698694124817848,-0.10082738846540451,-0.015300161205232143,-0.032579049468040466,-0.01535338256508112,-0.0005363891250453889,-0.04271766170859337,0.06014331802725792,-0.013687443919479847,0.03942853584885597,-0.00043639205978251994,-0.04391294717788696,-0.05237973481416702,0.01742279715836048
-0.05699770525097847,0.04338298365473747,-0.028768885880708694,0.03636278212070465,-0.007426376920193434,-0.03933621197938919,-0.006292965263128281,0.0326954685151577,0.13005821406841278,0.027838770300149918,0.014095256105065346,0.009408652782440186,-0.05125114321708679,0.12018915265798569,0.0941629409790039,-0.0024497564882040024,0.07405644655227661,-0.07388604432344437,-0.035939306020736694,0.018271075561642647,-0.07312574237585068
-0.010683353058993816,0.0032745942007750273,0.005044016987085342,-0.003544905688613653,0.003007381921634078,-0.21029643714427948,-0.15721005201339722,-0.007974810898303986,-0.03330046311020851,-0.05307219922542572,-0.08534198999404907,-0.016825774684548378,-0.00019856818835251033,0.01468120887875557,-0.021752940490841866,0.10565735399723053,0.0001599923853063956,-0.10952456295490265,0.05087488144636154,0.05817973613739014,0.0017465490382164717
0.01575666293501854,0.0040392703376710415,0.016969924792647362,0.01488806027919054,0.07041262090206146,-0.002875490579754114,-0.012205562554299831,0.050047148019075394,0.1409343034029007,-0.14792200922966003,0.073781318962574,0.006776421796530485,-0.03245158866047859,-0.005862594582140446,0.0596347339451313,0.014317404478788376,-0.010570903308689594,-0.058875635266304016,0.0060006482526659966,0.16099774837493896,-0.025670671835541725
-0.029417119920253754,0.04438105598092079,0.030731307342648506,-0.010995917022228241,0.011723306030035019,-0.15995217859745026,-0.060519520193338394,-0.023655734956264496,-0.019576657563447952,0.033037830144166946,0.09066475182771683,0.06368254870176315,-0.03564128279685974,0.014258088544011116,-0.04038648307323456,-0.008560080081224442,0.09709141403436661,-0.004367128014564514,-0.08209609240293503,0.010037633590400219,-0.05362025275826454
-0.027954164892435074,0.04672561213374138,-0.014027274213731289,0.024283237755298615,-0.014632484875619411,0.04113981872797012,-0.10916811972856522,0.020776458084583282,0.06635276228189468,-0.0009078042930923402,-0.06455440074205399,-0.06386775523424149,0.07494156807661057,-0.04685206711292267,0.04557953029870987,-0.06392727792263031,-0.006813161540776491,-0.030881673097610474,-0.0432058647274971,0.027799250558018684,-0.02175290696322918
0.024784643203020096,-0.02341040037572384,0.07596682012081146,0.049485545605421066,-0.08191129565238953,-0.016174623742699623,0.039723996073007584,-0.00462784618139267,0.003417388303205371,-0.11452401429414749,0.022336328402161598,-0.17694756388664246,-0.014920814894139767,0.007829386740922928,-0.017054308205842972,-0.022300085052847862,-0.07111745327711105,0.013511033728718758,0.00604720413684845,-0.027352845296263695,-0.018778517842292786
-0.029046980664134026,-0.011790418066084385,-0.042377810925245285,0.00571001973003149,-0.18711458146572113,0.017375735566020012,0.051890868693590164,-0.014642743393778801,-0.05353773012757301,-0.0005445771967060864,-0.06683522462844849,-0.01307772658765316,0.10019771754741669,-0.023126868531107903,-0.0029429744463413954,0.011773485690355301,-0.026251912117004395,0.04994841665029526,-0.05839644744992256,0.09522924572229385,0.033502597361803055
-0.0290962103754282,0.05690319091081619,-0.09415963292121887,0.008231744170188904,-0.05007221922278404,-0.012890375219285488,0.10528029501438141,0.043638925999403,-0.07147208601236343,-0.06545782089233398,-0.010355889797210693,-0.012388079427182674,-0.1329066902399063,-0.004701373632997274,0.00318959541618824,0.15241529047489166,0.024082545191049576,-0.04044419527053833,0.025274507701396942,-0.006425727624446154,0.07070853561162949
-0.053444188088178635,0.031191062182188034,-0.4527633786201477,-0.024315690621733665,0.0608590729534626,0.009008817374706268,-0.0968180000782013,-0.1836889684200287,-0.057624660432338715,0.03990434110164642,0.21104824542999268,-0.08539044857025146,0.2146781086921692,0.1408863663673401,-0.02672664076089859,-0.20391248166561127,-0.05162663012742996,-0.021028317511081696,-0.1865946352481842,0.029705677181482315,0.18110258877277374
-0.08479802310466766,-0.09812325984239578,-0.041333913803100586,-0.048533178865909576,0.007328173611313105,0.02039150707423687,0.07144217193126678,-0.0230255164206028,0.09349323064088821,0.024019010365009308,0.08384324610233307,-0.002962353639304638,0.05438563600182533,-0.03332612290978432,0.01582271233201027,0.03000354766845703,-0.012439885176718235,-0.015203893184661865,0.12846136093139648,0.11291228234767914,-0.3001590073108673

Slice 24
0.04413620010018349,0.0007772382814437151,0.030932778492569923,0.03594266623258591,0.005623826291412115,-0.029284045100212097,-0.012450729496777058,-0.009173695929348469,-0.02628297731280327,0.016739044338464737,0.16300040483474731,0.07065419852733612,-0.05928143486380577,-0.0202434454113245,-0.024968910962343216,-0.015876125544309616,-0.05573419854044914,0.01517697423696518,0.02182820253074169,0.07716456800699234,-0.13868284225463867
0.03937354311347008,-0.07046347111463547,0.0388091579079628,0.008691132068634033,0.004017147701233625,-0.019150836393237114,0.06108418479561806,0.062272846698760986,-0.005908567924052477,-0.05933532118797302,0.13670143485069275,0.005844187457114458,-0.05089053511619568,0.005301004275679588,0.004904585890471935,-0.009725437499582767,-0.07678349316120148,-0.0009697290952317417,0.052852291613817215,-0.03723480552434921,-0.057356055825948715
0.002913770265877247,0.03566514328122139,0.06329687684774399,0.10918987542390823,0.0357951857149601,0.09458842873573303,0.07535888254642487,0.11525844037532806,-0.021948225796222687,-0.10708533227443695,0.0643598884344101,0.0035490402951836586,0.008434277027845383,-0.028732044622302055,-0.020916398614645004,-0.09292677044868469,-0.02054830640554428,-0.05922714248299599,-0.02286617085337639,-0.004494506865739822,0.022105462849140167
0.00684180436655879,-0.08410529047250748,-0.01433567050844431,-0.010146097280085087,0.21359698474407196,0.032544009387493134,-0.043139491230249405,-0.007296804804354906,0.053684551268815994,0.04776505380868912,-0.041263334453105927,-0.01004053931683302,-0.13774670660495758,-0.12078317999839783,0.04059584438800812,0.024365514516830444,-0.05809677764773369,0.18122905492782593,0.010140633210539818,-0.03291744366288185,0.03057907149195671
0.017635878175497055,-0.006196094211190939,0.047291241586208344,-0.016540082171559334,0.04077145457267761,0.07554804533720016,0.00692410534247756,-0.08470301330089569,0.06766746193170547,0.018112502992153168,-0.0716596469283104,-0.011189043521881104,0.007536991033703089,0.034441325813531876,0.04208679869771004,-0.01669836975634098,-0.01573329046368599,-0.02908322960138321,-0.035691242665052414,-0.01385984942317009,-0.05940074846148491
0.043383464217185974,-0.046665485948324203,0.01667075604200363,-0.039399705827236176,0.035357359796762466,-0.09437984973192215,0.03988365828990936,0.012405809946358204,-0.03603152558207512,-0.028955185785889626,-0.1023852750658989,0.056126367300748825,-0.13299734890460968,-0.033905256539583206,0.05002514272928238,0.04709741473197937,0.07874826341867447,-0.029571538791060448,-0.007357553578913212,0.05046826973557472,0.003580366028472781
-0.03891116380691528,-0.03137713670730591,-0.038739100098609924,-0.04495203122496605,0.10887466371059418,0.017405370250344276,0.0005879861419089139,-0.0030785948038101196,0.026375791057944298,0.04619545862078667,0.01901770755648613,-0.05373409762978554,0.02218560315668583,0.030769269913434982,-0.023814279586076736,0.10472933202981949,0.024305831640958786,0.09864569455385208,-0.08152802288532257,-0.08509919792413712,0.12467849254608154
0.05145164579153061,-0.03842521086335182,-0.04711250960826874,0.04756550118327141,0.00407872349023819,-0.074691042304039,0.027864381670951843,0.0073795802891254425,0.014094443060457706,-0.060282085090875626,-0.0990176722407341,-0.008936231955885887,0.04521353542804718,0.10309939831495285,0.107174351811409,0.03935796767473221,-0.03030526451766491,0.07141818106174469,-0.07722800970077515,-0.01872878707945347,0.08614290505647659
0.05022110044956207,0.07287591695785522,0.05541526898741722,-0.07709106057882309,-0.03777734935283661,-0.008066856302320957,0.0005239448510110378,0.017170699313282967,0.11188296973705292,-0.04341014102101326,0.047432247549295425,-0.023478178307414055,0.03265329822897911,-0.005364667158573866,0.01299963891506195,0.07038868218660355,0.1400136500597,0.09198446571826935,0.006817683577537537,0.026897601783275604,0.061102479696273804
-0.03778159245848656,-0.056316521018743515,0.0951683297753334,0.03413473814725876,0.02792254649102688,-0.00311801815405488,0.02147602289915085,0.07823950797319412,0.06261390447616577,0.04434744268655777,0.04250051826238632,-0.05958620831370354,0.07159709185361862,0.01744559407234192,0.008410321548581123,0.14467118680477142,-0.10804754495620728,-0.09404939413070679,-0.04076892137527466,0.07185985893011093,0.04196666553616524
-0.055497512221336365,0.029096730053424835,-0.015973147004842758,-0.03683566674590111,-0.021761825308203697,-0.10106706619262695,-0.06406034529209137,-0.023539241403341293,0.06073993816971779,0.0276831965893507,-0.0035359517205506563,0.034894246608018875,0.0011218531290069222,-0.03212319687008858,0.026629962027072906,0.019211092963814735,-0.014882168732583523,0.05257668346166611,0.05849136784672737,-0.0011042197002097964,-0.02084941603243351
0.06962206959724426,0.017562013119459152,0.0698336735367775,-0.019026650115847588,-0.051493771374225616,0.03508911281824112,-0.025455698370933533,0.009313846938312054,-0.04142213612794876,-0.02251078002154827,-0.010598373599350452,0.0032837819308042526,0.04762572795152664,-0.03506781533360481,0.019216112792491913,-0.01173715852200985,0.05810044705867767,0.10918395966291428,-0.024821193888783455,-0.02783292904496193,0.11006546765565872
0.02673637866973877,-0.02869744785130024,0.017898058518767357,-0.015644706785678864,-0.0531175434589386,0.04942610487341881,0.026954079046845436,-0.0010348594514653087,-0.0233747661113739,0.09546621888875961,0.15052881836891174,0.00862725730985403,0.01364055834710598,-0.06349262595176697,0.013826005160808563,0.015531612560153008,0.01032349094748497,-0.07199203222990036,0.12012031674385071,-0.06346096098423004,0.06612621992826462
-0.05513129010796547,0.03238361328840256,-0.08810392767190933,-0.0017412276938557625,-0.03492506593465805,0.011294640600681305,0.11039119958877563,0.025287697091698647,0.01880248449742794,0.01456975843757391,-0.013416895642876625,-0.0027350035961717367,0.01791086047887802,0.09585431963205338,0.0009586806409060955,-0.14770285785198212,0.006019116844981909,0.04177521541714668,-0.045247845351696014,-0.015193002298474312,-0.04414261877536774
-0.0381578765809536,0.0060785687528550625,-0.022371789440512657,0.031003184616565704,-0.1615862101316452,-0.03871065005660057,0.05964189022779465,-0.09193844348192215,-0.022718891501426697,-0.08078815788030624,0.056181538850069046,0.02460002340376377,0.17996826767921448,-0.020200304687023163,0.02996748313307762,-0.03798303008079529,0.02052959054708481,0.049172885715961456,-0.017914611846208572,0.09959515929222107,0.14501498639583588
0.1857253760099411,0.11651039123535156,-0.014760102145373821,0.01075351145118475,0.04081139713525772,0.18053670227527618,0.09321808069944382,-0.05301973968744278,-0.024591689929366112,-0.034055713564157486,0.021178828552365303,0.14249582588672638,-0.005630670581012964,-0.026579948142170906,0.08361795544624329,0.05821247026324272,-0.03937683627009392,-0.040438756346702576,0.08797264099121094,0.011475705541670322,-0.04589216038584709
-0.02417399361729622,-0.06844117492437363,-0.07423490285873413,-0.035003598779439926,0.08490884304046631,-0.020897151902318,-0.06214631348848343,-0.004775007721036673,-0.007767573930323124,-0.05778869614005089,-0.02128959447145462,0.09009753167629242,-0.047400470823049545,-0.014025813899934292,0.00033102952875196934,-0.00373886339366436,0.10414069890975952,-0.02157425507903099,0.0894586592912674,0.032508574426174164,-0.058160074055194855
0.053879737854003906,0.0013366944622248411,0.07651256024837494,-0.012880770489573479,0.038922976702451706,0.05163417011499405,0.009440825320780277,-0.015019088052213192,0.01647045835852623,0.004186398349702358,-0.08084806799888611,-0.02053428441286087,-0.039052531123161316,-0.02261505462229252,0.05530058592557907,0.021544449031352997,0.02356378734111786,-0.02032911404967308,0.02666330710053444,-0.08067291229963303,-0.008616392500698566
0.058455631136894226,-0.02684866264462471,-0.01839211769402027,-0.07814162224531174,-0.03637239709496498,-0.026953713968396187,-0.047758594155311584,0.045732032507658005,0.057523638010025024,-0.10521877557039261,0.022556588053703308,0.038657743483781815,0.02731696143746376,-0.030386921018362045,0.004939676262438297,-0.03701387718319893,-0.0028026204090565443,0.029786009341478348,-0.051510728895664215,-7.185389404185116e-05,0.0042553311213850975
-0.05783570185303688,-0.0615355484187603,-0.054906170815229416,0.023605667054653168,0.06875668466091156,-0.040386442095041275,-0.011434423737227917,-0.013623678125441074,0.05065701901912689,-0.15861807763576508,-0.07798216491937637,-0.08342181146144867,0.016330232843756676,-0.022854184731841087,-0.013409066945314407,0.11497081816196442,-0.03559437394142151,-0.021104659885168076,0.11775609850883484,0.030289381742477417,-0.1305437535047531
0.09319561719894409,0.022534964606165886,-0.02598089911043644,-0.001556259230710566,-0.07621265947818756,-0.03190505504608154,-0.05411083623766899,0.08284512907266617,-0.13404551148414612,-0.06366324424743652,-0.03186824172735214,0.020213423296809196,-0.06570354104042053,-0.06969919055700302,-0.0479019396007061,0.010068576782941818,-0.0011656308779492974,0.018932249397039413,-0.04817378148436546,-0.019988268613815308,0.08563674241304398

Slice 25
0.018216511234641075,0.11360909789800644,0.04351723566651344,-0.033455073833465576,0.021101094782352448,0.07818856090307236,-0.012731793336570263,-0.011839592829346657,0.01745101623237133,0.042669035494327545,0.09538305550813675,0.03492923080921173,-0.11930208653211594,0.011329726316034794,0.09478868544101715,0.01270759291946888,-0.05268818140029907,0.03468989208340645,-0.0022506543900817633,0.02617361955344677,-0.09299375116825104
0.04581687971949577,-0.09097012132406235,0.011387761682271957,0.007432241924107075,0.020170068368315697,-0.12159082293510437,0.014539706520736217,0.05096593499183655,-0.03093056008219719,-0.06540839374065399,0.09588096290826797,0.026233287528157234,-0.0372132733464241,0.01832125522196293,0.018835384398698807,0.020142728462815285,-0.06745847314596176,0.0473361536860466,0.00416607316583395,0.09545419365167618,-0.005633305758237839
-0.00159609061665833,0.05746946856379509,0.055995021015405655,-0.006137103773653507,-0.05058378726243973,0.12913592159748077,0.053062476217746735,-0.11336787790060043,-0.04952852055430412,-0.060826871544122696,0.09766113758087158,0.0537741594016552,0.007095114327967167,-0.052241552621126175,-0.00902524683624506,-0.053642213344573975,-0.02620263770222664,-0.08536449074745178,-0.004285180941224098,0.04359491914510727,0.0327085480093956
-0.0035649400670081377,-0.033987514674663544,-0.023348424583673477,-0.033559080213308334,0.16838707029819489,0.024783942848443985,-0.08837161958217621,0.03038114309310913,0.06532719731330872,0.10961636900901794,-0.08626878261566162,0.024462396278977394,-0.19967444241046906,-0.013393267057836056,0.011695361696183681,-0.13200512528419495,-0.10747916996479034,0.1657990664243698,0.08234088867902756,0.04163946583867073,0.20500855147838593
-0.026281993836164474,-0.0925622433423996,0.06164868548512459,0.11837514489889145,0.037732429802417755,0.05549035221338272,-0.038178522139787674,-0.15657365322113037,0.11673673987388611,0.04556667059659958,-0.09377247095108032,-0.0035910888109356165,0.20030522346496582,0.014569466933608055,0.07409036159515381,0.008806559257209301,-0.01246654149144888,-0.058929722756147385,-0.048829808831214905,0.04553689807653427,-0.06025753915309906
0.051095664501190186,-0.025671029463410378,0.05095473304390907,-0.07127167284488678,0.023031555116176605,-0.04457675293087959,0.026524288579821587,0.021320464089512825,-0.11259707808494568,0.00011423266550991684,-0.02558833546936512,0.09974263608455658,-0.04862555116415024,0.039695024490356445,-0.0013066971441730857,-0.01363182719796896,0.038777127861976624,-0.05008674040436745,0.031035209074616432,0.018979737535119057,0.04716992378234863
-0.030272535979747772,-0.06745785474777222,-0.09915836155414581,-0.055119939148426056,0.009071975015103817,0.023127105087041855,-0.007382059469819069,-0.033337704837322235,0.017699837684631348,0.059531185775995255,-0.0006969701498746872,-0.07233982533216476,0.07933890074491501,0.007743540219962597,-0.03286869078874588,0.09823575615882874,0.007217582780867815,-0.016057027503848076,-0.07396984845399857,-0.19633683562278748,0.10704050958156586
0.048717912286520004,0.03297369182109833,-0.015177704393863678,0.0033059334382414818,-0.009802296757698059,-0.019948475062847137,-0.0035315414424985647,0.06567191332578659,-0.022647175937891006,-0.09536397457122803,-0.1314859688282013,0.0475582480430603,-0.022470908239483833,-0.11644203215837479,0.030479419976472855,0.02502809651196003,0.08090748637914658,0.006220259703695774,-0.06253392994403839,0.0387202650308609,-0.055774006992578506
0.06027567386627197,0.049731966108083725,0.03981267288327217,-0.04394485428929329,0.09569007903337479,-0.010717335157096386,0.04045575484633446,-0.043329741805791855,0.0572420172393322,-0.02015756070613861,0.042787935584783554,-0.09016657620668411,-0.049200523644685745,0.027296077460050583,0.08627917617559433,0.11803427338600159,0.10674562305212021,0.02126961573958397,-0.02864503115415573,-0.016796883195638657,0.06980150938034058
-0.038988351821899414,-0.15408460795879364,0.10358964651823044,0.036904461681842804,0.03817061334848404,-0.0116575350984931,0.005190148018300533,0.11809150129556656,0.05850891023874283,0.09682716429233551,0.019498595967888832,-0.008625347167253494,0.037158846855163574,0.06340054422616959,-0.008182207122445107,0.09442944079637527,-0.04875468835234642,-0.06736334413290024,-0.017009500414133072,0.09375159442424774,0.054782383143901825
-0.050513651221990585,-0.0284305177628994,0.06252533197402954,0.010200082324445248,-0.059188418090343475,-0.07376651465892792,-0.04473983496427536,-0.045784227550029755,0.0024103049654513597,-0.019565947353839874,-0.04649970680475235,0.026711618527770042,0.011133326217532158,-0.030928771942853928,0.08362412452697754,0.0034722669515758753,0.0418417751789093,0.028270531445741653,-0.035263631492853165,-0.04267391189932823,0.02076774276793003
0.005137663334608078,0.0952000617980957,0.06580643355846405,-0.0032340928446501493,-0.06217557564377785,-0.05456618592143059,-0.04470610246062279,0.05094478279352188,0.11925023049116135,-0.012404801324009895,-0.00044958674698136747,-0.001738277729600668,0.014196514151990414,0.0985415056347847,0.06953771412372589,-0.009963789954781532,0.13283711671829224,0.023472141474485397,-0.022634224966168404,-0.031096898019313812,0.0885530337691307
-0.033617906272411346,-0.03510284796357155,0.05718298628926277,-0.0026672761887311935,-0.0171271450817585,-0.002580312080681324,-0.14237600564956665,-0.039583053439855576,-0.034573934972286224,0.02826089970767498,0.057054221630096436,0.006993683986365795,-0.009237971156835556,-0.07339101284742355,-0.014352794736623764,0.11193491518497467,0.01295362040400505,-0.22356748580932617,0.2009882777929306,0.004794378764927387,-0.007778447587043047
-0.04939282685518265,-0.01905670575797558,-0.11406807601451874,0.04425420984625816,-0.002085010288283229,0.004609487485140562,0.04635467380285263,0.06614664196968079,0.1534794569015503,-0.08632603287696838,0.03709028288722038,0.009756741113960743,-0.038120754063129425,0.0897270068526268,0.00501024816185236,-0.01976730301976204,-0.014009506441652775,-0.018053291365504265,-0.0403488352894783,0.15578463673591614,-0.05926797538995743
-0.09081128239631653,0.07234989106655121,-0.0132408756762743,0.006062695756554604,-0.08574007451534271,-0.08013329654932022,0.00881913211196661,-0.15118500590324402,-0.08163922280073166,-0.16311439871788025,0.17435307800769806,0.06271427124738693,0.23126457631587982,-0.027076464146375656,-0.12250266224145889,-0.0859593078494072,0.09846235811710358,0.04840928316116333,-0.08661673218011856,0.19200386106967926,0.15961574018001556
0.25345298647880554,0.12557819485664368,-0.05160198360681534,-0.004145205952227116,0.020654361695051193,0.0921672061085701,0.0035125084687024355,-0.05558677762746811,0.04053583741188049,-0.02155408076941967,-0.03732401505112648,0.057065367698669434,0.05705215781927109,-0.04752138629555702,0.1808466911315918,0.012125843204557896,0.00813849363476038,-0.0495876744389534,0.054084740579128265,0.020737305283546448,-0.13247798383235931
-0.02463402785360813,-0.13115139305591583,-0.03593727573752403,0.004079598933458328,0.01889115758240223,0.0019981209188699722,-0.04504185542464256,-0.0011222547618672252,-0.013979228213429451,-0.17905989289283752,0.03859924152493477,-0.1089102029800415,-0.0806175246834755,0.014845739118754864,-0.005083896219730377,0.03595982864499092,0.05538481846451759,-0.01856287568807602,0.14234542846679688,0.013447972945868969,-0.08417502045631409
-0.0065156701020896435,-0.006420003715902567,-0.002667392836883664,-0.003828641725704074,-0.005582007579505444,0.07846257835626602,0.07144276797771454,-0.04968522489070892,-0.049902189522981644,-0.021220743656158447,-0.19585531949996948,-0.024010544642806053,0.04866163060069084,-0.041806600987911224,0.019027289003133774,0.04042486846446991,0.02396569401025772,-0.00912609975785017,-0.04093073308467865,-0.040051110088825226,-0.009905756451189518
0.043367814272642136,0.025995036587119102,-0.08235097676515579,-0.08119524270296097,0.005175247322767973,-0.021424833685159683,0.047964345663785934,0.07574597746133804,-0.08143381774425507,-0.22612574696540833,0.024230897426605225,0.007620162796229124,-0.03044976480305195,-0.02721085585653782,0.011195014230906963,0.12204505503177643,-0.003063501790165901,0.011719349771738052,-0.0003509719972498715,0.06935527920722961,0.035834476351737976
-0.16724464297294617,-0.030998993664979935,-0.23363067209720612,0.02621743083000183,0.07326258718967438,0.01107430923730135,-0.021082023158669472,-0.08567367494106293,0.05398094281554222,-0.11766127496957779,0.04899716377258301,-0.21739551424980164,0.20031529664993286,0.1498972326517105,-0.029409313574433327,-0.055256303399801254,0.0013186093419790268,-0.03062644973397255,0.031445249915122986,0.0852021649479866,0.00914324726909399
-0.0438232459127903,-0.07218305766582489,-0.04867412894964218,-0.0543837770819664,0.029345648363232613,-0.025814518332481384,0.020924707874655724,0.1316138505935669,-0.05197938159108162,-0.034029267728328705,0.023064566776156425,-0.02166035957634449,-0.09633611142635345,-0.0760919526219368,-0.030103161931037903,0.062383897602558136,-0.019184991717338562,0.022975223138928413,0.0037053911946713924,-0.013559645973145962,-0.17161361873149872

Slice 26
-0.04018796980381012,0.11137987673282623,0.0320703350007534,-0.1043429970741272,0.007849478162825108,0.050903547555208206,-0.016791213303804398,0.027610257267951965,0.08169159293174744,0.04769013449549675,0.0104513606056571,-0.0011417752830311656,-0.0534868985414505,0.03187588229775429,0.1552327275276184,0.0202038511633873,-0.009911518543958664,0.022938858717679977,-0.01773597113788128,-0.037155214697122574,0.008214745670557022
0.015747031196951866,-0.031227001920342445,0.004990726243704557,-0.01321817934513092,0.012063117697834969,-0.014873728156089783,-0.032572269439697266,0.010683540254831314,-0.027104629203677177,-0.02644023858010769,-0.06444741785526276,0.016133321449160576,-0.02600722573697567,0.0018346556462347507,-0.040093518793582916,0.03631093353033066,-0.006870855577290058,0.04944142326712608,-0.02395560033619404,0.09884814918041229,0.006297125946730375
0.045258864760398865,0.044525302946567535,0.045143742114305496,-0.06008155643939972,-0.06715284287929535,0.07586725056171417,0.027529768645763397,-0.14534124732017517,0.009162044152617455,0.08234301954507828,0.014647399075329304,0.06717411428689957,0.010207301005721092,-0.028101598843932152,0.04214784875512123,0.020756492391228676,-0.0038506868295371532,-0.04988325759768486,0.008659743703901768,0.1110801100730896,0.0784839615225792
-0.031626101583242416,0.04264785349369049,-0.04507531598210335,-0.04565729573369026,-0.00799209251999855,-0.03286034241318703,-0.07319597899913788,0.02470463328063488,0.0017797938780859113,0.03594425693154335,-0.033570628613233566,0.028651947155594826,-0.09713105857372284,0.0703205093741417,0.0149950897321105,-0.13351751863956451,-0.07734455913305283,-0.02121388167142868,0.0642990842461586,0.1010422632098198,0.19645681977272034
-0.04339137300848961,-0.0625937432050705,0.03301546722650528,0.08272099494934082,0.008730637840926647,-0.01753711700439453,-0.01998533494770527,-0.08180154114961624,0.09115146100521088,0.026684045791625977,-0.03336416929960251,-0.0010285102762281895,0.19144485890865326,-0.0008032499463297427,0.04689261317253113,0.019844762980937958,-0.0018334336346015334,-0.03410732001066208,-0.016456246376037598,0.06818167865276337,-0.039426833391189575
0.018245406448841095,0.016783861443400383,0.05768459290266037,-0.07299359887838364,-0.007194869220256805,-0.05203624442219734,0.02238454483449459,0.01599050685763359,-0.10590197890996933,0.02889426052570343,0.04836166277527809,0.05077095329761505,0.04355989396572113,0.0591604970395565,-0.03247017040848732,-0.06738106906414032,-0.04183937981724739,-0.010747576132416725,0.017302297055721283,0.0019865818321704865,0.07187498360872269
0.000764339289162308,-0.03849344700574875,-0.06114901974797249,-0.029913904145359993,-0.033263325691223145,0.01617131195962429,-0.034826863557100296,-0.06036866083741188,-0.025514423847198486,0.021242281422019005,-0.016787076368927956,-0.015095752663910389,0.06530143320560455,-0.008896072395145893,-0.020719097927212715,0.00755581958219409,0.0011209622025489807,-0.056150078773498535,-0.01425194088369608,-0.1235404908657074,0.0034905807115137577
-0.003579644486308098,0.06750563532114029,0.02045704983174801,0.0010585362324491143,-0.028045514598488808,0.02483418397605419,0.007051733788102865,0.07257477939128876,-0.05950525775551796,-0.035754989832639694,-0.051648225635290146,0.034809794276952744,-0.0898515060544014,-0.20903755724430084,-0.0401286818087101,0.004215902648866177,0.08426181226968765,-0.08798816800117493,-0.02208925038576126,0.028128182515501976,-0.14473271369934082
-0.049263011664152145,-0.02527294121682644,-0.00102508207783103,0.050679612904787064,0.05830897390842438,0.02722892351448536,0.01750045455992222,-0.08833123743534088,-0.015934357419610023,0.018044326454401016,0.010902997106313705,-0.058795031160116196,-0.0791592225432396,0.015225056558847427,0.16762439906597137,0.07879570126533508,0.00530378008261323,-0.048091355711221695,-0.02850005216896534,-0.05330710858106613,0.07111344486474991
-0.010503455065190792,-0.10114128142595291,0.04833030700683594,0.02963956631720066,-0.006984447594732046,0.0013692632783204317,0.017308896407485008,0.0774388238787651,0.022520761936903,0.08058207482099533,-0.016538793221116066,0.04134728014469147,-0.041654787957668304,0.046895578503608704,-0.042832791805267334,0.025991132482886314,0.01571275293827057,0.02868633344769478,0.004001603927463293,-0.009777030907571316,-0.008584961295127869
-0.0012243450619280338,-0.049632441252470016,0.07973255962133408,0.04559046030044556,-0.016207657754421234,-0.044433437287807465,0.04492851719260216,-0.02212349884212017,-0.022973639890551567,-0.05321522057056427,-0.042661264538764954,-0.003947174176573753,0.014871696941554546,0.023049265146255493,0.03900837153196335,-0.01250637136399746,0.055070701986551285,-0.033987369388341904,-0.10131578147411346,-0.02350294217467308,0.0343424491584301
-0.04613753408193588,0.08797302097082138,0.023515697568655014,-0.006222151685506105,-0.03706038370728493,-0.10338816791772842,-0.034104641526937485,0.05414479598402977,0.1618393063545227,-0.014518299140036106,0.005212619435042143,-0.01551189087331295,-0.015487851575016975,0.11638186872005463,0.04332195594906807,-0.008686375804245472,0.06614765524864197,-0.054038532078266144,0.024992333725094795,0.0059730904176831245,0.02947484515607357
-0.07100299000740051,-0.014140713028609753,0.015784088522195816,0.003379989182576537,0.03672882169485092,0.04668330401182175,-0.08533943444490433,-0.024196632206439972,0.020822932943701744,-0.006477256305515766,-0.05896014720201492,0.0021888690534979105,-0.04085146635770798,-0.029213694855570793,0.0031858496367931366,0.10392871499061584,0.019383378326892853,-0.12602156400680542,0.08108643442392349,0.03193837031722069,-0.08949080854654312
-0.03221837058663368,-0.07091543078422546,-0.0573137104511261,0.04186570271849632,0.0020303234923630953,-0.008906354196369648,-0.025758473202586174,0.03929927572607994,0.1058712750673294,-0.06514959782361984,0.02035333402454853,0.01056796032935381,-0.06693831086158752,0.0017391660949215293,-0.03462279215455055,0.15031857788562775,-0.02538548968732357,-0.05355018749833107,-0.00649661710485816,0.14121662080287933,-0.03509904071688652
-0.042670462280511856,0.06004008278250694,-0.010008258745074272,-0.006391964387148619,0.08873893320560455,0.04327746108174324,-0.04178973659873009,-0.07093589752912521,-0.07339582592248917,-0.13047538697719574,0.09111154079437256,0.03524022176861763,0.1006229966878891,-0.010125814937055111,-0.18273603916168213,-0.04418724775314331,0.0751723125576973,0.012113283388316631,-0.05233912169933319,0.11678048968315125,0.11591534316539764
0.14445018768310547,-0.0012032047379761934,-0.021994421258568764,-0.020404450595378876,-0.00700262188911438,-0.03060142695903778,-0.04762447625398636,-0.01364918053150177,0.06528902798891068,0.012437882833182812,-0.04146289825439453,-0.055191922932863235,0.04680078476667404,0.002164447447285056,0.149637833237648,-0.010154892690479755,0.07587584108114243,0.003931064158678055,-0.009200642816722393,0.0225750170648098,-0.08413279801607132
-0.02597801387310028,-0.08790544420480728,-0.0008389942813664675,0.017776625230908394,-0.036485712975263596,0.043856654316186905,-0.0038171405903995037,0.0054981946013867855,-0.008923452347517014,-0.13352103531360626,0.06584586948156357,-0.17108914256095886,-0.043345484882593155,0.030833566561341286,0.004378109704703093,0.06202919781208038,-0.006011162418872118,-0.010639873333275318,0.09203820675611496,-0.0017476308858022094,-0.045154768973588943
-0.08291603624820709,-0.004562822170555592,-0.08263244479894638,0.0009677303023636341,0.03950225189328194,0.02227030321955681,0.06555939465761185,-0.04617128148674965,-0.06224304810166359,-0.038701511919498444,-0.13851764798164368,0.0017118726391345263,0.052748121321201324,-0.02023386023938656,-0.05413028970360756,0.016052942723035812,0.012298241257667542,-0.01600300520658493,-0.060655273497104645,-0.01975618116557598,-0.024796130135655403
-0.004262066911906004,0.031646981835365295,-0.038159262388944626,-0.030531324446201324,0.07355576753616333,0.003237179247662425,0.0653962716460228,0.01229558140039444,-0.15005668997764587,-0.1573270559310913,0.01251416839659214,-0.03505374491214752,-0.011773386038839817,-0.0005612599197775126,0.007145318202674389,0.10762250423431396,-0.016779841855168343,0.002314639277756214,0.05080084130167961,0.10971174389123917,-0.020879026502370834
-0.0701894462108612,0.022172920405864716,-0.13067498803138733,0.03322102501988411,-0.01288194302469492,0.03630863502621651,0.001960097812116146,0.004231973085552454,0.01469341292977333,-0.021283946931362152,0.05412986874580383,-0.1309957355260849,0.1556471437215805,0.16156497597694397,-0.006634272634983063,-0.13151191174983978,0.07181252539157867,-0.0068367826752364635,-0.01359448954463005,0.03392001986503601,0.021978110074996948
-0.07442065328359604,-0.07679527252912521,-0.04769030585885048,-0.055570416152477264,0.1295798122882843,-0.012338276021182537,0.050821948796510696,0.028407281264662743,-0.0012241924414411187,-0.04330815374851227,0.022508542984724045,-0.06166714057326317,-0.06109160557389259,-0.020124848932027817,-0.047644902020692825,0.04023187234997749,-0.030524956062436104,-0.013011107221245766,-0.01242826133966446,-0.06527400016784668,-0.28651654720306396

Slice 27
0.01683175005018711,-0.05290582403540611,-0.023301027715206146,-0.026316126808524132,-0.006819547154009342,-0.08265171200037003,0.015275517478585243,0.02878013253211975,-0.02346855215728283,-0.009728427976369858,0.02513590268790722,0.003420033259317279,0.1013210192322731,-0.01696391962468624,-0.042903535068035126,-0.00892822165042162,0.007207345217466354,-0.015154333785176277,0.006296076811850071,-0.011902936734259129,-0.0008107766043394804
-0.010692739859223366,0.04386656731367111,0.021886099129915237,-0.008095904253423214,-0.015379910357296467,0.22034870088100433,-0.00012182631326140836,-0.0098142484202981,0.011735973879694939,0.018071381375193596,-0.06643469631671906,-0.01788904145359993,-0.017382623627781868,-0.020175011828541756,-0.060841236263513565,-0.0028902783524245024,0.016304589807987213,-0.0272377822548151,0.022141559049487114,-0.103628009557724,-0.038773152977228165
-0.01564105600118637,-0.008040727116167545,-0.006238759495317936,0.04273419827222824,0.044423993676900864,-0.03018992394208908,-0.014059161767363548,0.1611495316028595,0.04668993875384331,0.06321116536855698,-0.06918992102146149,-0.014118734747171402,-0.025239920243620872,0.017345786094665527,0.013529862277209759,-0.001071824925020337,0.019731344655156136,0.020194798707962036,-0.012906700372695923,0.014513449743390083,-0.014699756167829037
0.03290262073278427,0.012697062455117702,-0.028667468577623367,0.017659729346632957,-0.04999890923500061,-0.02120880037546158,0.037934739142656326,-0.004208088852465153,-0.018942411988973618,-0.057938311249017715,0.07077798992395401,-0.007123388350009918,0.09826328605413437,-0.011866884306073189,0.08735577762126923,0.1255422830581665,0.05258563160896301,-0.059749193489551544,-0.0467059388756752,0.003741456428542733,-0.06679758429527283
0.02444632351398468,0.08339696377515793,-0.027495859190821648,-0.12380854040384293,-0.011115917935967445,-0.02349158748984337,0.04806876927614212,0.09018585830926895,-0.02401231788098812,-0.03051671013236046,0.029455693438649178,-0.0018275970360264182,-0.12425428628921509,0.012143067084252834,-0.028567424044013023,-0.012130131945014,0.0073420703411102295,0.03934384509921074,0.02212802693247795,-0.01715749315917492,0.0078246695920825
-0.021877387538552284,0.009436597116291523,-0.011591632850468159,-0.001234078430570662,0.004109510220587254,-0.08568967878818512,0.009549454785883427,-0.006345407105982304,0.028116269037127495,-0.013489656150341034,-0.0089431656524539,-0.039259880781173706,0.00892785843461752,-0.03472255542874336,0.03562147542834282,0.004613204393535852,-0.017561601474881172,0.04498719051480293,-0.041560690850019455,0.0035889854189008474,-0.01895798183977604
0.026535147801041603,0.03223242238163948,0.047243598848581314,0.01665348932147026,0.0641275942325592,-0.01547979936003685,-0.026287952437996864,-0.012096078135073185,0.018390821292996407,0.011069371365010738,0.002726500853896141,0.043939266353845596,-0.04310719668865204,0.02147422358393669,0.04095083847641945,-0.025652607902884483,0.019814789295196533,0.07573676854372025,0.02024850808084011,0.12895101308822632,-0.03929465636610985
-0.030045419931411743,-0.02129255048930645,-0.0060040890239179134,0.042207520455121994,-0.007832681760191917,-0.019153371453285217,0.030161984264850616,-0.04856949299573898,-0.04101414605975151,0.03876543790102005,0.05604872107505798,-0.048461511731147766,-0.01312361191958189,0.08263228833675385,-0.012275056913495064,0.007120450958609581,-0.07874508947134018,-0.03227457404136658,-0.0007142735412344337,-0.028202522546052933,0.033825647085905075
-0.03510730713605881,-0.0327274464070797,0.033949971199035645,0.05009922385215759,-0.19018419086933136,0.012326710857450962,-0.018215684220194817,-0.02467602677643299,0.011990389786660671,-0.01366454642266035,-0.008954881690442562,0.050534289330244064,0.03144494816660881,-0.032667048275470734,0.030646050348877907,-0.044436100870370865,-0.027786877006292343,0.006898539140820503,0.027250168845057487,0.03337239474058151,0.01057213544845581
0.009606116451323032,0.08316318690776825,-0.057253897190093994,-9.424030577065423e-05,-0.06764120608568192,0.0038307819049805403,0.021536031737923622,-0.030067380517721176,0.015443087555468082,-0.08105631172657013,-0.013671155087649822,0.0002585998154245317,-0.03213111311197281,-0.041438303887844086,-0.0011826970148831606,0.009776872582733631,-0.02390410751104355,0.03357356786727905,-0.005924987606704235,-0.06225059553980827,-0.08322835713624954
0.03690282627940178,0.026587920263409615,-0.04913840442895889,0.0007027254905551672,0.05843161419034004,-0.03545258194208145,0.050837192684412,0.023888306692242622,0.03135577589273453,0.0022407437209039927,0.02693150006234646,-0.006974737159907818,-0.002097969176247716,0.047261737287044525,-0.060005173087120056,0.00092130625853315,-0.02729465626180172,-0.02242180146276951,0.02487391047179699,0.03340449184179306,-0.01900840550661087
0.01223814208060503,-0.048336755484342575,-0.017524056136608124,-0.03012922964990139,0.027266941964626312,0.018590519204735756,0.010659994557499886,-0.022176295518875122,-0.08353082835674286,0.004286369774490595,-0.004954678472131491,-0.007894815877079964,0.010430222377181053,-0.07884339243173599,-0.06979005038738251,-0.002183591714128852,-0.09170155227184296,0.013330033048987389,0.03245038911700249,0.006937745027244091,0.004117999225854874
0.01207789871841669,0.010738288052380085,0.051179610192775726,0.012121683917939663,0.009638948366045952,0.11447444558143616,0.1436808705329895,0.015091576613485813,0.030954034999012947,0.0032224860042333603,0.001367096439935267,0.011709215119481087,-0.010819105431437492,0.022739220410585403,0.023113196715712547,-0.06548541784286499,0.001524127903394401,0.12487150728702545,-0.11421576142311096,-0.03529033064842224,-0.019500158727169037
0.014579135924577713,-0.01054947916418314,0.02532355859875679,-0.018609413877129555,-0.03378891199827194,-0.004109575413167477,-0.01864391751587391,-0.04071878269314766,-0.11463668197393417,0.0904093086719513,-0.050238534808158875,-0.005834884010255337,0.025687284767627716,-0.038132429122924805,-0.03915872052311897,0.04492819681763649,0.005535221192985773,0.027746979147195816,0.014783786609768867,-0.11526644974946976,0.037916429340839386
0.06435990333557129,-0.04078789800405502,0.0022404473274946213,0.013295760378241539,0.032430194318294525,0.11877980083227158,0.017758719623088837,0.05532637611031532,0.0450948067009449,0.02460695616900921,-0.09465376287698746,-0.054467540234327316,-0.06970690935850143,0.008500000461935997,0.04970213770866394,0.0368012972176075,-0.0728474110364914,-0.014983540400862694,0.0655611976981163,-0.0806109681725502,-0.024785028770565987
-0.06494826823472977,-0.07586812227964401,0.02614184282720089,-0.022140422835946083,-0.0014911419712007046,-0.06786078959703445,0.03592754900455475,0.01638949289917946,-0.0395473837852478,0.014854378066956997,0.040545180439949036,-0.007284292485564947,-0.06021028384566307,0.044222693890333176,-0.0660019963979721,0.02379959262907505,0.018081657588481903,0.04221225529909134,-0.007765453774482012,-0.01319506112486124,0.059468552470207214
-0.013018078170716763,0.049213945865631104,-0.03337882459163666,-0.024349505081772804,0.020283881574869156,0.01721811667084694,0.002702075755223632,0.005637746304273605,0.0053567723371088505,0.11529158055782318,-0.014563310891389847,0.0903581827878952,0.03342880681157112,-0.005893388297408819,0.00799135398119688,0.008712422102689743,0.01136961579322815,0.0016165123088285327,-0.05464300513267517,0.006531853694468737,0.04032198712229729
-0.00590441795065999,0.008658736944198608,-7.205998554127291e-05,0.001557135721668601,0.10231448709964752,-0.047576967626810074,-0.037731897085905075,0.017957080155611038,0.03174948692321777,0.003865013597533107,0.09357424080371857,0.015603817999362946,-0.04460977017879486,0.023107169196009636,-0.026336288079619408,-0.023203130811452866,0.001027044840157032,-0.022501442581415176,0.03312530368566513,-0.03201611340045929,-0.0054052225314080715
-0.01462270226329565,-0.034991323947906494,0.05960262566804886,0.02513185143470764,0.03927239775657654,0.01702343113720417,-0.06070717051625252,-0.054945606738328934,0.039061300456523895,0.09076621383428574,-0.003819015109911561,-0.007976217195391655,0.075034499168396,0.012813767418265343,-0.0029911259189248085,-0.12147680670022964,-0.017205657437443733,0.016399316489696503,-0.00024265148385893553,-0.013147678226232529,-0.06069369241595268
0.058909822255373,0.005826510488986969,0.2294331192970276,-0.009176035411655903,-0.07385698705911636,-0.007061104755848646,0.06706800311803818,0.13253630697727203,0.006836941931396723,0.01751031167805195,-0.12729217112064362,0.09716150909662247,-0.15975652635097504,-0.1088535487651825,0.03275744989514351,0.07985441386699677,0.030797798186540604,0.0016732275253161788,0.05895331874489784,-0.059431008994579315,-0.08351349085569382
0.02319583110511303,0.06141667440533638,0.017482738941907883,0.008535691536962986,0.005330036859959364,-0.0015132819535210729,-0.03685762733221054,-0.05622923746705055,-0.020369166508316994,-0.01756097935140133,-0.05568289756774902,-0.006432316731661558,-0.019255509600043297,0.041584134101867676,0.003517861245200038,-0.04038631170988083,0.0021678388584405184,-0.017760539427399635,-0.06153646484017372,-0.08717458695173264,0.0979582890868187

Slice 28
0.0875542089343071,-0.09222494065761566,-0.05245271325111389,0.06506036221981049,-0.011913248337805271,-0.10127781331539154,0.00816599652171135,-0.019178232178092003,-0.09899161756038666,-0.03831464424729347,0.08470974862575531,0.04275770112872124,0.053655438125133514,-0.05225861445069313,-0.14070942997932434,-0.045957472175359726,-0.023848364129662514,-0.00877135619521141,0.028584979474544525,0.05176222324371338,-0.09618636220693588
-0.0019334112294018269,0.014547576196491718,0.03293711692094803,0.00623117433860898,-0.018845953047275543,0.10091773420572281,0.05262453109025955,0.025013647973537445,0.021154524758458138,-0.0048736389726400375,0.09625840932130814,-0.02225285768508911,-0.016371499747037888,-0.012504259124398232,-0.012691723182797432,-0.014923258684575558,-0.028567630797624588,-0.05464443564414978,0.058560699224472046,-0.1608188897371292,-0.048552364110946655
-0.0018142546759918332,-0.023800283670425415,-0.016385383903980255,0.1289149522781372,0.12306240946054459,-0.05806585028767586,0.029234271496534348,0.2609228491783142,0.017649808898568153,-0.07320592552423477,-0.01642998494207859,-0.05731353163719177,-0.0035327665973454714,0.025892911478877068,-0.011537345126271248,-0.0707307681441307,0.0014470370952039957,0.021534258499741554,-0.025506172329187393,-0.07279953360557556,-0.04341001808643341
0.08654993772506714,-0.06755392998456955,0.02080412767827511,0.03546259179711342,0.09109967947006226,0.04508122429251671,0.09066921472549438,-0.019155217334628105,0.005812023766338825,-0.03452900052070618,0.050371747463941574,-0.025521205738186836,0.06619206815958023,-0.12733915448188782,0.06276055425405502,0.20343393087387085,0.07367082685232162,0.0628218948841095,-0.06634955108165741,-0.06488039344549179,-0.1714927852153778
0.06763335317373276,0.09826823323965073,-0.013144433498382568,-0.1428060531616211,0.0074449628591537476,0.03880311921238899,0.04057425633072853,0.07480919361114502,-0.07078822702169418,-0.034692857414484024,0.007258051075041294,-0.0045520891435444355,-0.2209814488887787,0.023591164499521255,-0.03806958347558975,-0.023820703849196434,0.0008011017926037312,0.039558663964271545,0.006423509679734707,-0.06584788858890533,0.012935005128383636
-0.011359566822648048,-0.028618762269616127,-0.04834463819861412,0.035479120910167694,0.024094441905617714,-0.05582975223660469,0.012353735975921154,-0.00980686116963625,0.09998610615730286,-0.027037762105464935,-0.09024994820356369,-0.05180418863892555,-0.07598185539245605,-0.08250480145215988,0.07656072825193405,0.0810452327132225,0.06217452511191368,0.01430266909301281,-0.04275868833065033,0.015649637207388878,-0.07272113114595413
-4.178706876700744e-05,0.0329245999455452,0.07597609609365463,-0.003666914999485016,0.10723433643579483,-0.009763766080141068,0.008926712907850742,0.039972689002752304,0.04170314595103264,0.0017418361967429519,0.020348424091935158,0.01516994833946228,-0.05444793030619621,0.032175224274396896,0.02003045566380024,0.04194642975926399,0.020575162023305893,0.137686088681221,-0.018720347434282303,0.13868948817253113,0.04058482125401497
-0.02272355556488037,-0.08768460154533386,-0.06374190002679825,0.02785477600991726,0.013447755016386509,-0.07329293340444565,0.01948687434196472,-0.09146715700626373,0.020148735493421555,0.023585084825754166,0.027078120037913322,-0.06964725255966187,0.1018563061952591,0.24262982606887817,0.06149692460894585,0.01751362532377243,-0.13003195822238922,0.08426518738269806,-0.023214709013700485,-0.05876832827925682,0.15377652645111084
0.038591865450143814,0.038397159427404404,0.051554761826992035,-0.0449591800570488,-0.13769374787807465,-0.01586993969976902,-0.0014129456831142306,0.07322163879871368,0.07396677881479263,-0.0352972075343132,0.011370991356670856,0.0800035148859024,0.11812200397253036,-0.03173992037773132,-0.08931470662355423,-0.05594707280397415,0.054521430283784866,0.08944065868854523,0.04345642402768135,0.09675445407629013,-0.012675072997808456
-0.05555794760584831,0.10767832398414612,-0.04587738588452339,-0.016562143340706825,-0.03513897582888603,-0.015248127281665802,-0.02998250164091587,-0.05888131260871887,0.030758103355765343,-0.07995513081550598,0.022134143859148026,-0.08845838159322739,0.027507273480296135,-0.06176815181970596,0.025400707498192787,0.044108375906944275,-0.09694809466600418,-0.055188585072755814,-0.03239058703184128,-0.015072756446897984,-0.059795159846544266
-0.005703065078705549,0.06728647649288177,-0.10918034613132477,-0.05636172741651535,0.03530339151620865,-0.03531351685523987,-0.04955504462122917,0.04052197188138962,0.06872137635946274,0.05118035897612572,0.04599431902170181,0.015778617933392525,-0.011947209015488625,-0.012961868196725845,-0.052542999386787415,0.02060041017830372,-0.07829821854829788,0.0380515493452549,0.10705104470252991,0.04223577305674553,-0.042195726186037064
0.0696595311164856,-0.08664965629577637,0.006255862303078175,-0.021292664110660553,0.011496632359921932,0.10077500343322754,0.03216402232646942,-0.05709901452064514,-0.20170341432094574,-0.009667355567216873,-0.012279046699404716,0.011840339750051498,0.04655284434556961,-0.17975397408008575,-0.07846271246671677,0.0010437722085043788,-0.07242390513420105,0.10758672654628754,-0.012594299390912056,-0.010379091836512089,0.04021601006388664
0.08067887276411057,0.0031617265194654465,0.006842347327619791,0.012987093068659306,-0.03424643725156784,0.08152518421411514,0.1424902379512787,0.016940806061029434,0.015830526128411293,0.06473652273416519,0.12551729381084442,0.012922770343720913,0.0372290201485157,0.015931982547044754,0.0388568751513958,-0.11293643712997437,-0.007135061547160149,0.12476840615272522,-0.04523031786084175,-0.06731931865215302,0.11846186965703964
0.01754000410437584,0.0696103572845459,0.014542877674102783,-0.03847985714673996,-0.03638840094208717,0.018978077918291092,0.05496136471629143,-0.04821004346013069,-0.1459696888923645,0.10832203924655914,-0.04924904927611351,-0.010879105888307095,0.07799504697322845,0.02823226898908615,0.002301921136677265,-0.15186208486557007,0.02999173477292061,0.07757831364870071,-0.006867546122521162,-0.1746099293231964,0.039705805480480194
0.052058249711990356,-0.06488362699747086,-0.0019937395118176937,0.02434680424630642,-0.10791143774986267,0.01908673718571663,0.08843982219696045,0.054171085357666016,0.05589180439710617,0.05861328914761543,-0.09602025151252747,-0.05031914263963699,-0.009481847286224365,-0.003968053497374058,0.17657926678657532,0.028418224304914474,-0.09781929105520248,0.0032192000653594732,0.07122394442558289,-0.0726127177476883,-0.027545664459466934
-0.05309927463531494,0.013463671319186687,0.02858307957649231,0.009108764119446278,0.02082640491425991,0.0357041135430336,0.10685474425554276,-0.005331151187419891,-0.08914857357740402,-0.01679198443889618,0.06504131108522415,0.10590057075023651,-0.0759211927652359,0.010689450427889824,-0.12461112439632416,0.050343070179224014,-0.06761087477207184,0.0029003482777625322,0.048379071056842804,-0.019858261570334435,0.07479812204837799
0.007644248194992542,0.06615044921636581,-0.04946870356798172,-0.04450583830475807,0.08234438300132751,-0.02957494743168354,-0.02629373036324978,-0.0017348758410662413,0.0012384888250380754,0.13878269493579865,-0.06885412335395813,0.23454686999320984,0.028097935020923615,-0.032798103988170624,0.0012987724039703608,-0.04031790792942047,0.061285294592380524,-0.0018972097896039486,-0.061299968510866165,0.024454275146126747,0.03320040553808212
0.07453842461109161,0.008803707547485828,0.0863337367773056,-0.012305844575166702,0.04464159160852432,-0.012702113948762417,-0.07445374131202698,0.03554617613554001,0.0667283833026886,0.026381438598036766,0.11088251322507858,-0.00532861752435565,-0.09586178511381149,0.015029489994049072,0.055090732872486115,-0.01698259264230728,0.0029651946388185024,-0.019677795469760895,0.08861631900072098,-0.043125901371240616,-0.005001700948923826
0.021622909232974052,-0.05646488815546036,0.06247449293732643,-0.0016118712956085801,-0.05179433897137642,-0.00414894986897707,-0.11325305700302124,-0.017293326556682587,0.20512542128562927,0.11969856172800064,-0.0014460349921137094,0.03948588669300079,0.0727955624461174,-0.007978356443345547,-0.011467506177723408,-0.1589943766593933,0.0021727075800299644,0.022704938426613808,-0.06463206559419632,-0.0919594094157219,-0.008351902477443218
0.05235624313354492,-0.047246742993593216,0.2568832039833069,-0.008871516212821007,0.0018143756315112114,-0.05482751503586769,0.024319034069776535,0.06333053112030029,0.030538098886609077,-0.03203892707824707,-0.14888334274291992,0.1247568428516388,-0.21240019798278809,-0.198444664478302,-0.004131456837058067,0.21618466079235077,-0.05120985954999924,-0.004413933958858252,0.10827818512916565,-0.06845105439424515,-0.11674220860004425
0.1052885353565216,0.10691331326961517,0.06889790296554565,0.07451073825359344,-0.11860471963882446,-0.009997389279305935,-0.09956756234169006,0.013924838043749332,-0.05480526015162468,0.0091965701431036,-0.06009235605597496,0.05856519192457199,-0.00016090000281110406,0.018937358632683754,0.023991446942090988,-0.0440315306186676,0.029829470440745354,0.024743108078837395,-0.05833639204502106,-0.01042100228369236,0.3129267394542694

Slice 29
-0.032817941159009933,-0.05973169952630997,0.005298088304698467,0.004367791581898928,-0.0067105903290212154,-0.0038122760597616434,0.0033049245830625296,0.021278398111462593,0.03044247254729271,-0.002368019428104162,-0.12202616035938263,-0.05060900002717972,0.09726615995168686,0.016992365941405296,0.011309652589261532,0.021171998232603073,0.06179312989115715,-0.019070131704211235,-0.011554334312677383,-0.04232309013605118,0.12017253041267395
-0.044050686061382294,0.07754039764404297,-0.03096567653119564,-0.013141821138560772,-0.011896686628460884,0.06414717435836792,-0.04432622715830803,-0.05957399308681488,0.007369230501353741,0.05114037171006203,-0.1381016969680786,-0.013628099113702774,0.035333916544914246,-0.013023236766457558,-0.02532876469194889,-0.012553081847727299,0.06742323935031891,-0.018685273826122284,-0.03111162595450878,-0.010168376378715038,0.021615222096443176
0.0029662451706826687,-0.04187828302383423,-0.05046527460217476,-0.06211403012275696,-0.0076503148302435875,-0.08195673674345016,-0.0666918158531189,-0.026430228725075722,0.024790650233626366,0.0870891734957695,-0.07866808772087097,-0.019139794632792473,-0.007343455217778683,0.03158019483089447,0.0087666604667902,0.07934101670980453,0.022584766149520874,0.06094151362776756,0.01454760879278183,-0.004884341266006231,-0.01620987430214882
-0.013754824176430702,0.0645124614238739,0.007025228813290596,0.013315529562532902,-0.1912965476512909,-0.03351545333862305,0.03777981176972389,-0.024476349353790283,-0.051188476383686066,-0.0597781240940094,0.05858081206679344,-0.006713802460581064,0.1538388729095459,0.07358677685260773,-0.022482125088572502,0.028622359037399292,0.06519373506307602,-0.17253975570201874,-0.04299547150731087,-0.007070434279739857,-0.11434322595596313
-0.012204423546791077,0.042109038680791855,-0.04322303086519241,-0.04435959458351135,-0.03992152214050293,-0.07178589701652527,0.009277314879000187,0.10557518154382706,-0.07698289304971695,-0.012516394257545471,0.07396526634693146,0.007837199606001377,-0.08148205280303955,-0.02473055012524128,-0.05249696597456932,0.004524753894656897,0.01061723567545414,0.03523261472582817,0.04108143970370293,-0.01207173615694046,0.049998585134744644
-0.05392114445567131,0.03634997457265854,-0.018378466367721558,0.042008254677057266,-0.0296483151614666,0.05632397159934044,-0.03921010345220566,-0.016710439696907997,0.04924842715263367,0.009452132508158684,0.07006902247667313,-0.058565299957990646,0.07666905969381332,0.0037393844686448574,-0.03169776871800423,-0.02278551086783409,-0.0632815957069397,0.036400388926267624,-0.010002179071307182,-0.040565960109233856,-0.017031168565154076
0.034090954810380936,0.046851061284542084,0.052051790058612823,0.05116674676537514,-0.056269727647304535,-0.018247496336698532,-0.0016708648763597012,0.0092655960470438,-0.014401759952306747,-0.05993800610303879,-0.011076913215219975,0.061584196984767914,-0.04390256106853485,-0.016556788235902786,0.02973775565624237,-0.10246145725250244,-0.009434407576918602,-0.04252824932336807,0.0764322578907013,0.134848952293396,-0.1172020435333252
-0.052739884704351425,0.014963005669414997,0.027599798515439034,-0.02065453678369522,0.0025941533967852592,0.04382125660777092,-0.006290070712566376,-0.019825024530291557,-0.014397254213690758,0.07277914136648178,0.1053173616528511,-0.014314781874418259,-0.025681598111987114,-0.02011691965162754,-0.07477867603302002,-0.03549838066101074,-0.014524614438414574,-0.05193396285176277,0.06785165518522263,-0.00649996055290103,-0.03347398340702057
-0.05854932591319084,-0.06334816664457321,-0.0493791364133358,0.06836888939142227,-0.025405200198292732,0.014394876547157764,-0.008935261517763138,-0.002789734397083521,-0.0641493946313858,0.040790364146232605,-0.04106530174612999,0.05645198002457619,-0.002022174885496497,-0.007988988421857357,-0.017775442451238632,-0.08414867520332336,-0.12404902279376984,-0.061019595712423325,0.009252375923097134,0.008119698613882065,-0.04719587042927742
0.07127335667610168,0.09010794758796692,-0.08668682724237442,-0.010221107862889767,-0.029017817229032516,0.00723123038187623,0.0201267059892416,-0.07314137369394302,-0.04558570310473442,-0.07257052510976791,-0.032572563737630844,0.04185016453266144,-0.03319761902093887,-0.01881340518593788,0.022896161302924156,-0.11574600636959076,0.08018030971288681,0.08948539942502975,0.03304582089185715,-0.08683425188064575,-0.03458810970187187
0.04943650960922241,-0.006551580969244242,-0.01752031408250332,0.01997627690434456,0.03801560401916504,0.07404396682977676,0.06122710183262825,0.031063415110111237,-0.04122823104262352,-0.014204209670424461,0.01763588935136795,-0.031156061217188835,-0.009422010742127895,0.041078612208366394,-0.053510669618844986,-0.015032324008643627,-0.007667030673474073,-0.046758148819208145,-0.027662133798003197,0.019455011934041977,-0.0031803520396351814
-0.04683920741081238,-0.04387127608060837,-0.061430200934410095,0.013190757483243942,0.0428522527217865,0.00347392656840384,0.029231559485197067,-0.022717194631695747,-0.013225815258920193,0.015984786674380302,0.0063830153085291386,-0.0021362369880080223,-0.035395849496126175,-0.014868049882352352,-0.038305819034576416,0.01269825641065836,-0.08768045157194138,-0.0750189870595932,0.02854812517762184,0.025654776021838188,-0.09976880252361298
0.004030057694762945,0.02962336875498295,-0.04525311291217804,0.02076905220746994,0.042414210736751556,-0.041742581874132156,0.06527552008628845,0.02969861775636673,0.024973025545477867,-0.0612558089196682,-0.11491459608078003,-0.015688426792621613,-0.00878842268139124,0.06445774435997009,0.0018951988313347101,-0.05602257698774338,-0.011524081230163574,0.13898243010044098,-0.1659436672925949,0.043489936739206314,-0.07150518149137497
0.04516149312257767,-0.01608356088399887,0.0887715071439743,-0.01591445691883564,0.01867518201470375,-0.010143357329070568,-0.0623193122446537,-0.038154687732458115,-0.06845104694366455,0.025451235473155975,-0.013155215419828892,-0.00027876609237864614,-0.000930135662201792,-0.09150335192680359,-0.005634754430502653,0.10107948631048203,-0.001878896146081388,-0.020560534670948982,0.04108953848481178,-0.05162420496344566,0.03841919079422951
0.0504307858645916,-0.029655596241354942,0.013917448930442333,-0.028762128204107285,0.1154465451836586,0.070686936378479,-0.03674084320664406,0.10752861201763153,0.05399477481842041,0.09661347419023514,-0.09504099935293198,-0.040070224553346634,-0.19325388967990875,0.02181747928261757,0.02936992608010769,0.05261007323861122,-0.05120737478137016,-0.04434026777744293,0.045538656413555145,-0.1346142739057541,-0.13265737891197205
-0.21088707447052002,-0.1209506243467331,0.0240950770676136,-0.0134699996560812,-0.03108440712094307,-0.11022791266441345,-0.057166945189237595,0.04909463971853256,-0.005576182156801224,0.020979972556233406,0.0015198866603896022,-0.1060958206653595,-0.028674360364675522,0.03423391282558441,-0.10662441700696945,-0.039088714867830276,0.027195099741220474,0.04290267825126648,-0.07321220636367798,-0.020302431657910347,0.06158355250954628
0.0072404989041388035,0.0832347571849823,0.04383651539683342,0.014085889793932438,-0.05825377628207207,0.012591511011123657,0.0460018664598465,-0.0010925648966804147,0.005407839082181454,0.09251964092254639,-0.0028566913679242134,-0.015382577665150166,0.052002422511577606,0.00023847317788749933,-0.003150331089273095,-0.01197644229978323,-0.07577492296695709,0.01363465003669262,-0.10158807039260864,-0.03174273669719696,0.04969394952058792
-0.03545553237199783,0.002277911873534322,-0.047657448798418045,0.006070936564356089,-0.010229558683931828,-0.06504146754741669,-0.022974900901317596,0.027492858469486237,0.0037766231689602137,0.0016761345323175192,0.12205514311790466,0.022352909669280052,0.006165815517306328,0.027157168835401535,-0.05426216498017311,-0.03034660406410694,-0.02430758811533451,0.01302059181034565,-0.001647300086915493,0.05280984193086624,0.002398951444774866
-0.05854373052716255,0.001583792851306498,0.036504436284303665,0.0714244395494461,0.019947120919823647,0.020243706181645393,0.0068418425507843494,-0.06311140209436417,-0.01937047392129898,0.13387088477611542,-0.023321915417909622,-0.027954112738370895,-0.008070588111877441,0.02642596699297428,-0.014369345270097256,-0.04106127843260765,-9.88285755738616e-05,-0.021266333758831024,0.03472374379634857,-0.015483053401112556,-0.032752182334661484
0.08426851034164429,0.051240384578704834,0.1465781182050705,-0.03279125690460205,-0.0731717124581337,0.023382985964417458,0.012836463749408722,0.03916959464550018,-0.08456283062696457,0.1301095187664032,0.020544936880469322,0.1194874718785286,-0.08546223491430283,-0.05305842310190201,-0.005174787249416113,-0.053399115800857544,0.02996605820953846,0.021670304238796234,-0.07845263928174973,-0.06831412017345428,0.04182089492678642
0.010072694160044193,0.01728452928364277,0.013805733062326908,0.017860569059848785,0.028432177379727364,0.04071551188826561,0.019386420026421547,-0.09953330457210541,0.10993330925703049,0.05862030014395714,0.011583304964005947,-0.007345957215875387,0.08288855105638504,0.07303237915039062,0.04592768847942352,-0.01775149628520012,0.012637697160243988,-0.010715863667428493,0.021412434056401253,0.02032422088086605,0.12473158538341522

Slice 30
-0.06001542881131172,0.0664726197719574,0.02387360669672489,-0.025993334129452705,0.009574872441589832,0.07633942365646362,-0.012214976362884045,-0.011443709023296833,0.036898478865623474,0.01139453612267971,-0.08376558870077133,-0.03664720058441162,-0.061745837330818176,0.022024378180503845,0.05359720066189766,0.01793333888053894,0.008654615841805935,0.005645871162414551,-0.017907194793224335,-0.020995724946260452,0.06097237393260002
-0.005394807551056147,-0.014245673082768917,-0.03937448933720589,0.00016709374904166907,0.013210571371018887,-0.11681100726127625,-0.024366077035665512,-0.020072679966688156,-0.014459671452641487,-0.006001116707921028,-0.020875981077551842,0.014181177131831646,0.020170491188764572,0.012928973883390427,0.0399467833340168,0.007827263325452805,0.015993958339095116,0.030512819066643715,-0.04180946573615074,0.11813092976808548,0.0403531976044178
0.006196784786880016,0.005084713455289602,0.0010120824445039034,-0.09609328955411911,-0.06979788839817047,0.02873975783586502,-0.03400789946317673,-0.1880878061056137,-0.024103892967104912,0.012912721373140812,0.028057169169187546,0.03297519311308861,0.011793739162385464,-0.009163997136056423,-0.005914588458836079,0.05064205080270767,0.000697955721989274,-0.002070354064926505,0.01921636238694191,0.0012586063239723444,-0.00040343045839108527
-0.017268899828195572,0.03281232714653015,0.007668175268918276,-0.018383290618658066,-0.05508742108941078,-0.015132240019738674,-0.04238991439342499,0.025395063683390617,-0.00770680932328105,0.04232150688767433,-0.04455681890249252,0.011972818523645401,-0.034189168363809586,0.07382369041442871,-0.07094751298427582,-0.1277598738670349,-0.03493380919098854,-0.018564214929938316,0.0498143695294857,0.018058907240629196,0.08397239446640015
-0.04598183184862137,-0.07040464878082275,0.004484035540372133,0.10660383105278015,-0.005255892872810364,-0.008797284215688705,-0.0345146618783474,-0.054711878299713135,0.015137607231736183,0.02078886330127716,-0.0023311052937060595,0.008324045687913895,0.11681754142045975,-0.019569138064980507,0.024637285619974136,0.02037668041884899,0.0021563484333455563,-0.025937926024198532,-0.007400711998343468,0.03068845346570015,0.002783913630992174
0.00860784761607647,0.014251886866986752,0.018460696563124657,-0.006539792288094759,-0.02031935751438141,0.08163424581289291,-0.016185805201530457,0.004247875418514013,-0.03567839413881302,0.01718262769281864,0.05430997535586357,0.029646500945091248,0.0478801354765892,0.05343843251466751,-0.05164555087685585,-0.032195352017879486,-0.02568908780813217,-0.028211310505867004,0.03652176260948181,-0.01437306683510542,0.03803885355591774
0.004632165655493736,-0.020387977361679077,-0.04075615108013153,0.011120876297354698,-0.09061680734157562,0.02796141244471073,0.017831876873970032,-0.006407297682017088,-0.013547856360673904,-0.0186301302164793,-0.011379140429198742,-0.015457605943083763,0.033832620829343796,-0.023635167628526688,-0.011375732719898224,-0.014850884675979614,-0.017759237438440323,-0.09918875992298126,0.012876003980636597,-0.0787900984287262,-0.006536166649311781
0.015004568733274937,0.04789372906088829,0.029111653566360474,-0.03227802738547325,-0.000563999405130744,0.04589459300041199,-0.02074585296213627,0.04632846266031265,0.00529175391420722,-0.01801300421357155,-0.015671322122216225,0.051533665508031845,-0.02733909711241722,-0.14475031197071075,-0.042494963854551315,-0.018151776865124702,0.09156306833028793,-0.01939346268773079,0.025282511487603188,0.051777373999357224,-0.08946754783391953
0.024613669142127037,-0.009888654574751854,-0.014324399642646313,0.0188790000975132,0.1215231716632843,-0.004548874218016863,0.006768285296857357,-0.008402292616665363,-0.036158837378025055,0.046177055686712265,-0.009373791515827179,-0.041317444294691086,-0.04746907204389572,0.035969048738479614,0.022824140265583992,0.02896246314048767,-0.029547283425927162,-0.04675755277276039,-0.030467618256807327,-0.06240806728601456,0.006036908365786076
0.04138435050845146,-0.06421415507793427,0.020982714369893074,0.00738243805244565,0.0475100614130497,0.022222651168704033,-0.008547999896109104,0.028272204101085663,-0.01367476861923933,0.07073340564966202,-0.006244306918233633,0.05523510277271271,-0.010398371145129204,0.046337343752384186,0.018785040825605392,-0.04337382689118385,0.07040178775787354,0.026158884167671204,0.022712377831339836,0.029128551483154297,0.0765824168920517
-0.007146910298615694,-0.0420224592089653,0.05300337076187134,0.02406037412583828,-0.03450070321559906,0.048857927322387695,0.008391430601477623,-0.02752184495329857,-0.051224417984485626,-0.030438333749771118,-0.027738239616155624,-0.00628782669082284,6.71188608976081e-05,-0.013262612745165825,0.04500611498951912,-0.01135208085179329,0.04095793515443802,-0.012951796874403954,-0.057048384100198746,-0.02851271815598011,0.022749967873096466
-0.055288419127464294,0.04907069727778435,-0.004424071405082941,0.030462326481938362,0.003266506129875779,-0.05439367890357971,-0.011110905557870865,0.025714941322803497,0.11811269819736481,-0.0009317814838141203,0.009144199080765247,-0.003042888594791293,-0.022632399573922157,0.10282208770513535,0.05538158118724823,0.005874334834516048,0.06189252808690071,-0.06329131126403809,-0.010128259658813477,0.016071995720267296,-0.04075057804584503
-0.05055125057697296,-0.0006088307709433138,-0.008589529432356358,-0.013639651238918304,0.01970474049448967,-0.10995430499315262,-0.15596681833267212,-0.021428192034363747,-0.023416781798005104,-0.04692387580871582,-0.07108261436223984,-0.017864473164081573,-0.02020517736673355,-0.0067416089586913586,-0.02916714735329151,0.056860312819480896,-0.005205302033573389,-0.11431865394115448,0.0473213866353035,0.05556737631559372,-0.052260350435972214
0.004625697620213032,-0.025663059204816818,0.0007752146921120584,0.027077754959464073,0.035347308963537216,-0.009364483878016472,-0.031851813197135925,0.03270930424332619,0.10357126593589783,-0.07993080466985703,0.05018434673547745,0.008258512243628502,-0.036324869841337204,-0.006881196051836014,0.019530337303876877,0.0609082356095314,-0.013839331455528736,-0.04880351200699806,0.003701381850987673,0.12231900542974472,-0.018133405596017838
-0.03195135295391083,0.04113869369029999,0.02479693479835987,-0.020714037120342255,0.047430820763111115,-0.06488701701164246,-0.056041013449430466,-0.012084275484085083,-0.03990383446216583,-0.0018977755680680275,0.06930556148290634,0.03762553259730339,0.013794847764074802,-0.0001959442743100226,-0.0914505198597908,-0.027037855237722397,0.06267593055963516,0.006329797673970461,-0.06135286018252373,0.02006068453192711,-0.004948912188410759
0.017130203545093536,0.011709187179803848,-0.008841936476528645,0.012536387890577316,-0.010855909436941147,-0.015736181288957596,-0.07495521754026413,0.002530403435230255,0.05975496023893356,0.010229584760963917,-0.045534417033195496,-0.05489817261695862,0.0514494813978672,-0.020896324887871742,0.053123462945222855,-0.036503829061985016,0.017880557104945183,-0.01668241061270237,-0.031016139313578606,0.0072971791960299015,-0.04837802052497864
0.006913633551448584,-0.031227396801114082,0.05806054547429085,0.039297789335250854,-0.05535605549812317,0.002467809244990349,0.020332254469394684,-0.0019802902825176716,0.0006537417648360133,-0.08912940323352814,0.033815667033195496,-0.1388057917356491,-0.016033338382840157,0.018666453659534454,-0.0029717020224779844,0.012354671955108643,-0.04739036783576012,0.0050949337892234325,0.022733476012945175,-0.017264576628804207,-0.02122378908097744
-0.026173081248998642,-0.007390048820525408,-0.05318878963589668,0.007649019360542297,-0.07404140383005142,0.008772850967943668,0.04118369519710541,-0.01998329721391201,-0.04459545761346817,-0.011049725115299225,-0.07111866027116776,-0.008243155665695667,0.06938465684652328,-0.011403810232877731,-0.01634703204035759,0.01059653889387846,-0.007493887562304735,0.0236334428191185,-0.04910048842430115,0.05683894455432892,0.005123630166053772
-0.016940556466579437,0.04635024815797806,-0.06034911423921585,-0.0008934003999456763,0.007939944975078106,-0.002540062414482236,0.08680818229913712,0.024649109691381454,-0.09122233092784882,-0.07442855089902878,-0.0028128197882324457,-0.02037471905350685,-0.07453369349241257,0.0006507522193714976,0.004087540786713362,0.12593957781791687,0.008247130550444126,-0.024931829422712326,0.03015347570180893,0.029506616294384003,0.028394116088747978
-0.04999684914946556,0.02391577884554863,-0.19980153441429138,-0.008077191188931465,0.024759085848927498,0.0361139178276062,-0.029299871996045113,-0.09511066973209381,-0.03225410357117653,0.01929609850049019,0.12598179280757904,-0.08698466420173645,0.13505610823631287,0.11616234481334686,-0.009457639418542385,-0.14322562515735626,-0.007702044676989317,-0.004112706054002047,-0.08613336831331253,0.03774356096982956,0.12093222886323929
-0.09212841093540192,-0.07134245336055756,-0.05215964466333389,-0.04131103307008743,0.04192405566573143,-0.002726150443777442,0.06513360142707825,0.002670138608664274,0.04522079601883888,0.015417248010635376,0.04867718741297722,-0.02424178086221218,0.013960164040327072,-0.023662714287638664,-0.01038463693112135,0.026288211345672607,-0.01748630590736866,-0.01039204467087984,0.0661354809999466,0.05591323599219322,-0.19488368928432465

Slice 31
0.052068520337343216,-0.08540190756320953,-0.0030795016791671515,0.10190173983573914,-0.011406713165342808,-0.044438086450099945,0.02067367359995842,-0.020423607900738716,-0.029810955747961998,-0.0098736472427845,-0.06914085149765015,0.004510628059506416,0.08112011104822159,-0.01045656856149435,-0.10748501121997833,-0.004289519973099232,0.04241792485117912,-0.015140659175813198,0.009573029354214668,0.005702661350369453,0.0873105525970459
-0.030836211517453194,0.056321289390325546,-0.02354750595986843,0.004605832044035196,-0.014467255212366581,0.04325916990637779,0.00886949710547924,-0.030852027237415314,0.024753212928771973,0.04560196399688721,0.011893984861671925,-0.02451634220778942,0.03735944628715515,-0.006356881465762854,0.016671545803546906,-0.019723188132047653,0.034380216151475906,-0.04997485131025314,0.007399664260447025,-0.09729235619306564,0.0025981515645980835
-0.04024368152022362,-0.052414100617170334,-0.05172868072986603,0.01393217034637928,0.05247834324836731,-0.111964151263237,-0.04407085105776787,0.11809606850147247,0.01765199936926365,-0.03901500627398491,-0.050549592822790146,-0.052027832716703415,-0.019829794764518738,0.046879932284355164,0.00020031764870509505,0.01337143313139677,0.010883440263569355,0.06695432960987091,-0.002969991182908416,-0.12140897661447525,-0.08160433173179626
0.012168589979410172,-0.002652636030688882,0.05655829608440399,0.04012518376111984,-0.08493347465991974,0.0026441123336553574,0.08450184017419815,-0.018424203619360924,-0.05032537505030632,-0.05865781754255295,0.05375039577484131,-0.02600160799920559,0.1601625680923462,-0.025040438398718834,-0.014903304167091846,0.14670147001743317,0.09458380937576294,-0.07174674421548843,-0.06274832040071487,-0.0735916942358017,-0.19808462262153625
0.02970234304666519,0.08196646720170975,-0.05506891757249832,-0.08747430890798569,-0.022255124524235725,-0.02188602089881897,0.02330038882791996,0.12288043648004532,-0.11439968645572662,-0.017539847642183304,0.06265702843666077,-0.00019182545656803995,-0.23192699253559113,-0.008105646818876266,-0.06976739317178726,-0.010944144800305367,0.01010492816567421,0.04987918213009834,0.029844459146261215,-0.05445748195052147,0.041040122509002686
-0.013186092488467693,0.0059933895245194435,-0.08675622195005417,0.06425859034061432,-0.0030806472059339285,0.07255690544843674,-0.028123855590820312,-0.02014676295220852,0.13028307259082794,-0.013912937603890896,-0.005601889453828335,-0.07196474075317383,0.005351714789867401,-0.04734967276453972,0.013888060115277767,0.04845983907580376,0.0029021145310252905,0.025439782068133354,-0.025471525266766548,-0.027013469487428665,-0.08795277029275894
0.01892850734293461,0.052366070449352264,0.08979190140962601,0.05197298154234886,0.0025473085697740316,-0.020737862214446068,0.03580310568213463,0.06997574865818024,0.025642916560173035,-0.04098327085375786,0.012552318163216114,0.042777057737112045,-0.07241329550743103,0.0029896358028054237,0.03049960918724537,-0.036789461970329285,0.002421980956569314,0.04250632971525192,0.04568303003907204,0.17766517400741577,-0.046283118426799774
-0.053996022790670395,-0.06099063903093338,-0.02912856824696064,-0.024296099320054054,0.019344359636306763,0.0011733262799680233,-0.010737079195678234,-0.07164549082517624,0.03400154784321785,0.062296755611896515,0.09027370065450668,-0.045607417821884155,0.048906341195106506,0.1358124315738678,-0.021175889298319817,-0.024643778800964355,-0.08681311458349228,0.04152892902493477,0.04656071960926056,-0.02639528550207615,0.0823134258389473
0.018020974472165108,-0.008476737886667252,0.0008334213634952903,0.009038782678544521,-0.05891241505742073,0.0017653440590947866,-0.012861410155892372,0.10957322269678116,-0.006870749872177839,0.005460335873067379,-0.026206746697425842,0.0688118115067482,0.0749884843826294,-0.013188743032515049,-0.10169807076454163,-0.08922269940376282,-0.05348517745733261,0.023189064115285873,0.02917257882654667,0.04195920005440712,-0.040799107402563095
-1.9493934814818203e-05,0.12803097069263458,-0.10156400501728058,-0.03875258192420006,0.0011105187004432082,-0.00805665459483862,-0.043732158839702606,-0.09485120326280594,-0.07547245919704437,-0.09243328869342804,0.0007395552238449454,-0.021881045773625374,-0.008272046223282814,-0.06229771673679352,0.0038476665504276752,-0.07794645428657532,0.016901487484574318,0.019023649394512177,0.004381614737212658,-0.010586949996650219,-0.033199794590473175
0.02088141068816185,0.03805973008275032,-0.07885117083787918,-0.03135732561349869,0.03217438608407974,0.06439787894487381,-0.007215593941509724,0.028125392273068428,0.016149064525961876,0.042091332376003265,0.04647500440478325,-0.014885804615914822,-0.01163466926664114,-0.01335420273244381,-0.058182243257761,0.0043312436901032925,-0.04756373539566994,0.002568601630628109,0.06094181910157204,0.029617637395858765,-0.03356166556477547
0.018042955547571182,-0.08692209422588348,-0.0542469285428524,0.004364867229014635,0.06819313019514084,0.0900668352842331,0.038690973073244095,-0.05559512972831726,-0.14569304883480072,0.0029222839511930943,-0.002934743883088231,0.01020933035761118,-0.005078290589153767,-0.10517523437738419,-0.05720730498433113,0.014356590807437897,-0.09391062706708908,0.012680589221417904,-0.00380013813264668,0.02188209444284439,-0.06621819734573364
0.058718785643577576,0.02568131498992443,-0.032082319259643555,-0.0014584104064852,-0.012105420231819153,-0.04626202583312988,0.09414888918399811,0.028751619160175323,0.01571238785982132,-0.024959290400147438,0.002620405051857233,-0.0012214554008096457,0.04374692589044571,0.056973449885845184,0.007315815892070532,-0.13145732879638672,-0.015697265043854713,0.15235929191112518,-0.1169317215681076,-0.0063766115345060825,0.061007190495729446
0.03922654688358307,0.04658917337656021,0.08762156218290329,-0.03933554142713547,0.002376384101808071,0.0034546288661658764,-0.023539949208498,-0.05158388614654541,-0.12335345894098282,0.0731796994805336,-0.01507375854998827,-0.011431712657213211,0.04971437528729439,-0.041830338537693024,0.0177171528339386,-0.06454059481620789,0.019177239388227463,0.035062920302152634,0.023710202425718307,-0.14594204723834991,0.04775281250476837
0.057992905378341675,-0.06388375163078308,0.011564111337065697,-0.009522747248411179,0.05153372511267662,-0.0032325752545148134,0.018904760479927063,0.11705902963876724,0.06972341239452362,0.14347323775291443,-0.11892173439264297,-0.04909602180123329,-0.1546102911233902,0.014058897271752357,0.14315111935138702,0.052815794944763184,-0.09021149575710297,-0.037495166063308716,0.06270051747560501,-0.16032785177230835,-0.13299833238124847
-0.19848528504371643,-0.054635219275951385,0.03339582681655884,0.016329141333699226,-0.010146400891244411,-0.04020374268293381,0.020618878304958344,0.029915161430835724,-0.05175534263253212,0.007969752885401249,0.03637746721506119,-0.008360084146261215,-0.047335319221019745,0.018332598730921745,-0.20638467371463776,-0.0031865148339420557,-0.05315906181931496,0.015018054284155369,-0.021936684846878052,-0.027737421914935112,0.0963403657078743
0.031536489725112915,0.13042661547660828,0.030196217820048332,-0.011236120015382767,0.009753248654305935,-0.022394003346562386,0.023016318678855896,-0.00310319266282022,0.006246321834623814,0.17437408864498138,-0.04934438690543175,0.13815948367118835,0.06025296077132225,-0.023735884577035904,-0.0025374211836606264,-0.050331052392721176,-0.0370854027569294,0.016594519838690758,-0.1165357232093811,-0.006833019200712442,0.056266602128744125
0.04667040333151817,0.004425762686878443,0.03906739130616188,0.0021130533423274755,-0.02975165843963623,-0.046783946454524994,-0.08005113154649734,0.04832440987229347,0.0483805350959301,0.03229357302188873,0.1587761491537094,0.008528499864041805,-0.05025903880596161,0.02833971194922924,0.018465612083673477,-0.027242770418524742,-0.017274919897317886,0.016520455479621887,0.04907606914639473,0.04042595997452736,0.005301613360643387
-0.018378201872110367,-0.021319527179002762,0.04990706965327263,0.05436926707625389,-0.04438220337033272,0.006729360669851303,-0.055022697895765305,-0.037028130143880844,0.11179118603467941,0.21872813999652863,-0.01879354566335678,0.011243925429880619,0.012202032841742039,0.011650841683149338,-0.01712617464363575,-0.0900464877486229,0.010211448185145855,-0.01968305930495262,-0.03130168840289116,-0.11137624830007553,-0.005237440578639507
0.14420785009860992,-0.003129728836938739,0.2429841160774231,-0.026713166385889053,-0.028004439547657967,-0.03048877976834774,-0.0025003040209412575,0.006589160300791264,-0.03359546512365341,0.06259401887655258,-0.03816710039973259,0.17098015546798706,-0.19634324312210083,-0.14699427783489227,0.008843106217682362,0.10656546801328659,-0.045392051339149475,0.023604964837431908,0.0007674185326322913,-0.056917641311883926,-0.0071221692487597466
0.040458858013153076,0.07140140980482101,0.05021939054131508,0.060128383338451385,-0.0986192598938942,0.01315049547702074,-0.035469479858875275,-0.06992446631193161,0.028362035751342773,0.04285755753517151,-0.019936203956604004,0.04987272620201111,0.08714353293180466,0.04925807565450668,0.03195115551352501,-0.04903421550989151,0.02675836719572544,0.002310745418071747,0.007271334063261747,0.05004745349287987,0.2709404528141022

Slice 32
0.11612235009670258,0.03818655014038086,0.003860714379698038,-0.033714160323143005,0.004818872548639774,-0.12362934648990631,-0.006008175667375326,-0.005123758688569069,-0.06344255059957504,0.038370560854673386,0.29350534081459045,0.10522707551717758,-0.0043401396833360195,-0.0543842613697052,-0.03140827268362045,-0.05910879373550415,-0.10413529723882675,0.014764945954084396,0.03163554519414902,0.08736101537942886,-0.23093031346797943
0.05845167115330696,-0.07600930333137512,0.10504215210676193,0.0038542714901268482,-0.007062953896820545,0.16257600486278534,0.07805095613002777,0.10458280891180038,-0.002305586589500308,-0.07418013364076614,0.16296592354774475,0.0037338833790272474,-0.1061759740114212,-0.008519369177520275,-0.08602428436279297,0.028606988489627838,-0.10279044508934021,-0.009186514653265476,0.09794265776872635,-0.1591213047504425,-0.10963446646928787
-0.01082448847591877,0.06482783704996109,0.0628434345126152,0.1833389550447464,0.0807248204946518,0.07957779616117477,0.12062108516693115,0.2938128411769867,-0.0016814098926261067,-0.07010598480701447,0.030300186946988106,-0.0001357526343781501,0.008675884455442429,-0.0400669127702713,-0.007514762692153454,-0.1690571904182434,-0.022752150893211365,-0.08743102848529816,-0.054304830729961395,0.0473676398396492,0.006942304316908121
0.10222223401069641,-0.10150565952062607,-0.040928516536951065,0.0009868633933365345,0.27447518706321716,0.02999865449965,-0.01575140468776226,0.007712255232036114,0.05193793773651123,0.023771073669195175,0.008756452240049839,-0.0011320499470457435,-0.14430473744869232,-0.15324489772319794,0.202341228723526,0.16193309426307678,-0.05091565474867821,0.19980686902999878,0.010151991620659828,0.037852756679058075,0.11597224324941635
0.04435570910573006,0.0676530972123146,0.0552193857729435,-0.12007316201925278,0.05301979184150696,0.09672420471906662,0.06019328162074089,-0.0599512979388237,0.10680688172578812,-0.03456927463412285,-0.09552301466464996,-0.014922975562512875,-0.06345155835151672,0.06314656138420105,0.0376175232231617,-0.029800405725836754,-0.011311380192637444,-0.002870264695957303,-0.0416770838201046,-0.0095160361379385,-0.09079214930534363
0.049118321388959885,-0.05106734111905098,0.04516645148396492,-0.08470874279737473,0.05759783461689949,-0.30690595507621765,0.0917460024356842,0.020739533007144928,-0.05355416610836983,-0.03565330058336258,-0.14055974781513214,0.047140903770923615,-0.1336314082145691,-0.060790590941905975,0.1093766912817955,0.05718528479337692,0.09244471788406372,0.012445933185517788,-0.05748102441430092,0.06784117221832275,0.005709010176360607
-0.04687810316681862,-0.0342017263174057,-0.02773061953485012,-0.09630867838859558,0.19629520177841187,0.010264945216476917,-0.049444884061813354,-0.04897903650999069,0.053855765610933304,0.0898534506559372,0.02222972922027111,-0.03966470807790756,0.01729106344282627,0.05881395936012268,0.008314903825521469,0.1459558755159378,0.049484897404909134,0.21062296628952026,-0.11423036456108093,-0.05168129876255989,0.14401453733444214
0.023114532232284546,-0.06645125895738602,-0.07432714104652405,0.11057507246732712,-0.021850548684597015,-0.12061813473701477,0.06607811152935028,-0.023510832339525223,-0.052709903568029404,-0.06929253041744232,-0.10712816566228867,-0.061895329505205154,0.02496858686208725,0.13809898495674133,0.1088235154747963,0.07717432081699371,-0.1079954281449318,0.02606113813817501,-0.14003226161003113,-0.06578171253204346,0.07486002147197723
0.027868477627635002,0.06624754518270493,0.13374939560890198,-0.04299172759056091,-0.18555529415607452,-0.005772243719547987,0.0006728116422891617,-0.03703254461288452,0.17545950412750244,-0.06291379034519196,0.0694611445069313,-0.009996562264859676,0.0464518703520298,-0.03664979711174965,0.16672363877296448,0.092040054500103,0.19446080923080444,0.13995014131069183,0.037462018430233,0.0840512067079544,0.11958107352256775
-0.08559699356555939,-0.029231758788228035,0.07186485081911087,0.024697639048099518,-0.05969236046075821,-0.02197476290166378,-0.01860000193119049,0.09723007678985596,0.1152019277215004,-0.01836734265089035,0.03669438511133194,-0.10924625396728516,0.0065634772181510925,-0.02840295061469078,-0.047466885298490524,0.22961807250976562,-0.20434683561325073,-0.09762702137231827,-0.07999551296234131,-0.015025277622044086,-0.07935076951980591
-0.045101992785930634,0.05658335238695145,-0.0486353300511837,-0.035772550851106644,0.025149855762720108,-0.2113722264766693,-0.037372685968875885,-0.005520384758710861,0.1372077763080597,0.017785213887691498,0.0072918301448225975,0.050938744097948074,0.011349623091518879,0.00026844223611988127,-0.002967722713947296,0.02574557065963745,-0.029770419001579285,0.04788905382156372,0.06225546821951866,0.021897995844483376,-0.030892061069607735
0.11147955805063248,0.01169716939330101,0.10348429530858994,-0.057025812566280365,-0.05077721178531647,0.02835730090737343,-0.028195923194289207,0.007989845238626003,-0.0955105721950531,-0.03715204820036888,-0.020215654745697975,-0.008080392144620419,0.08927437663078308,-0.09610489755868912,-0.047666341066360474,-0.013618534430861473,0.026063114404678345,0.15979498624801636,0.008523080497980118,-0.04532486945390701,0.18760821223258972
0.0014081390108913183,-0.03883950412273407,0.019234322011470795,-0.03141988441348076,-0.05528773367404938,0.2716149687767029,0.09655899554491043,-0.03189321607351303,0.00032897325581870973,0.11619216203689575,0.21066291630268097,0.03280384838581085,-0.006401280872523785,-0.0939963236451149,0.014671758748590946,-0.02966691367328167,0.01373044028878212,-0.05982260778546333,0.12735383212566376,-0.11722464859485626,0.026489660143852234
-0.062489207834005356,0.009269182570278645,-0.1246931403875351,0.005757072474807501,-0.09577173739671707,0.015043187886476517,0.08458305150270462,-1.5049831745272968e-05,-0.05724552646279335,0.10842528194189072,-0.059018731117248535,-0.004291168414056301,0.03316682204604149,0.11288102716207504,-0.046229470521211624,-0.10747981816530228,0.01487186923623085,0.08302968740463257,-0.052158065140247345,-0.08319827169179916,-0.014650746248662472
0.0043724337592720985,-0.00684294942766428,-0.0315813310444355,0.06426608562469482,-0.14369961619377136,0.07180783152580261,0.12521885335445404,-0.10751103609800339,-0.01846173405647278,-0.13754168152809143,0.0227798018604517,-0.01678643561899662,0.2555791437625885,-0.030314283445477486,0.022368578240275383,-0.049995847046375275,-0.025971468538045883,0.06391749531030655,0.028004996478557587,0.16053065657615662,0.2395768016576767
0.28289446234703064,0.0930972769856453,-0.025943392887711525,-0.022670475766062737,0.05164168030023575,0.08017201721668243,0.17568886280059814,-0.07345966249704361,-0.07302957028150558,-0.03583957627415657,0.05899713560938835,0.17592252790927887,-0.047541409730911255,0.0029891072772443295,0.08571362495422363,0.10519391298294067,-0.018474070355296135,-0.018430281430482864,0.12632189691066742,0.005391597747802734,-0.07003738731145859
-0.05009325593709946,-0.08279139548540115,-0.14985224604606628,-0.07708487659692764,0.14426614344120026,0.0023019227664917707,-0.09442386776208878,0.0050855777226388454,-0.02335762418806553,-0.021803613752126694,-0.017161289229989052,0.17872273921966553,-0.05108175799250603,-0.01417323388159275,0.004345298279076815,0.03916825354099274,0.15801459550857544,-0.037386342883110046,0.11524318158626556,0.05877241492271423,-0.0643901377916336
0.04310610145330429,0.009763611480593681,0.08560135960578918,-0.0065924618393182755,0.19215892255306244,0.05693237483501434,-0.014490283094346523,-0.023098817095160484,0.04588666185736656,-0.013569408096373081,-0.08238419145345688,-0.008928037248551846,-0.09905952215194702,-0.01220604870468378,0.05317624285817146,0.02047741413116455,0.05118578299880028,-0.07286511361598969,0.056594882160425186,-0.1680232137441635,-0.039983075112104416
0.07985363900661469,-0.061022043228149414,0.03701644390821457,-0.09606225788593292,0.029131460934877396,-0.008922016248106956,-0.11764293909072876,0.027165252715349197,0.08768783509731293,-0.11174052208662033,0.0368344709277153,0.046684131026268005,0.16926264762878418,-0.028315074741840363,0.013168995268642902,-0.11543641984462738,-0.028917720541357994,0.06583840399980545,-0.061298344284296036,0.020300131291151047,-0.05727915093302727
-0.05297553539276123,-0.08400797098875046,0.24403347074985504,0.04806991666555405,0.015405897982418537,-0.020671846345067024,0.07468288391828537,0.13852478563785553,0.16003991663455963,-0.20122705399990082,-0.235442653298378,-0.04406263679265976,-0.10744792968034744,-0.06762946397066116,0.030663061887025833,0.25539764761924744,0.032197654247283936,-0.012091286480426788,0.26051387190818787,0.03621198982000351,-0.22800429165363312
0.06330829113721848,0.0720163956284523,0.015927987173199654,0.00396561436355114,-0.03634190931916237,-0.05061575770378113,-0.09021348506212234,0.12361544370651245,-0.1968485563993454,-0.0631042942404747,-0.09975020587444305,0.008598330430686474,-0.1871163249015808,-0.05382620170712471,-0.06478135287761688,-0.006221087649464607,-0.0031262184493243694,0.014145160093903542,-0.15661272406578064,-0.13266128301620483,0.1647183746099472

Slice 33
-0.03598736971616745,-0.003442096058279276,0.010377448983490467,-0.03853871300816536,-0.005631586071103811,0.023510364815592766,-0.01623508147895336,0.027012046426534653,0.061373356729745865,-0.010796970687806606,-0.0608174204826355,-0.044283200055360794,0.05620492249727249,0.029538581147789955,0.0764145702123642,0.027922973036766052,0.04102020338177681,-0.035165317356586456,-0.013753076083958149,-0.040529631078243256,0.11773445457220078
-0.026474956423044205,0.05844898521900177,-0.011734766885638237,-0.028355922549962997,-0.006483681965619326,0.04066494107246399,-0.058199021965265274,-0.03693165257573128,-0.003307790495455265,0.023291269317269325,-0.1396205574274063,-0.003673618659377098,0.01454187836498022,-0.014063259586691856,-0.062038686126470566,0.016745448112487793,0.048039522022008896,0.006511969491839409,-0.03219367936253548,0.02660779468715191,0.026436736807227135
0.02020718902349472,-0.014215035364031792,-0.020724907517433167,-0.06697934120893478,-0.018520621582865715,-0.03879759460687637,-0.04589935019612312,-0.062027283012866974,0.0368223637342453,0.16252347826957703,-0.05261555686593056,0.004928242415189743,0.004407291766256094,0.010182304307818413,0.03484974801540375,0.061812520027160645,0.01239844597876072,0.023321591317653656,0.013267453759908676,0.04997558891773224,0.020623188465833664
-0.03334715589880943,0.061677154153585434,-0.01442698948085308,-0.005490535870194435,-0.1543920636177063,-0.04290792718529701,0.017852598801255226,0.0036741001531481743,-0.038338690996170044,-0.05715328827500343,0.032001886516809464,0.00876891240477562,0.07172573357820511,0.07673056423664093,-0.020739814266562462,-0.0373309962451458,0.01531006395816803,-0.1441860795021057,-0.012136509642004967,0.019392769783735275,-0.035444967448711395
-0.021630706265568733,-0.002013895893469453,-0.019943706691265106,-0.008845473639667034,-0.025893108919262886,-0.0499359667301178,-0.003433383535593748,0.05228171497583389,-0.015285298228263855,0.006081015802919865,0.041612736880779266,0.00423407880589366,0.01865861564874649,-0.01930801384150982,-0.017463894560933113,0.011458377353847027,0.004475007299333811,0.021842671558260918,0.026229193434119225,0.013086033053696156,0.03467078134417534
-0.05745013803243637,0.03133532777428627,0.012509587220847607,0.016891896724700928,-0.019817568361759186,0.002941515762358904,-0.01952778734266758,0.010831993073225021,-0.001607729704119265,0.029207052662968636,0.07204052060842514,-0.035266682505607605,0.06561991572380066,0.02439681626856327,-0.02557423710823059,-0.06106376647949219,-0.057677820324897766,0.03707373887300491,0.0011699538445100188,-0.0011333187576383352,-0.004020778927952051
0.037386540323495865,0.019638342782855034,0.012968155555427074,0.016742365434765816,-0.04824872687458992,-0.01488459762185812,-0.01971403695642948,-0.029494721442461014,-0.03254753723740578,-0.01905168406665325,-0.012874587439000607,0.037264637649059296,-0.01085850689560175,-0.015301577746868134,0.008458615280687809,-0.08197692781686783,-0.009163501672446728,-0.05397221818566322,0.052141692489385605,0.04333209991455078,-0.08193795382976532
-0.022724371403455734,0.038802292197942734,0.043929923325777054,-0.013764461502432823,-0.013955410569906235,0.029485272243618965,-0.0007343192119151354,0.015121713280677795,-0.03454846516251564,0.025634264573454857,0.05736539512872696,0.01284282747656107,-0.054183345288038254,-0.09321857988834381,-0.06884577125310898,-0.02030656300485134,0.020929357036948204,-0.09134209901094437,0.041387252509593964,0.004212616942822933,-0.07355791330337524
-0.13305266201496124,-0.06098087131977081,-0.05873069539666176,0.06272111088037491,0.010039365850389004,0.029144687578082085,0.005982496775686741,-0.06537764519453049,-0.06455037742853165,0.0193322766572237,-0.028889086097478867,0.024868406355381012,-0.03655274957418442,0.0006290143355727196,0.03972804918885231,-0.037288468331098557,-0.09439647197723389,-0.0812171921133995,-0.006129155401140451,-0.014031748287379742,-0.03843412920832634
0.0011396781774237752,0.030455604195594788,-0.059009917080402374,-0.013735789805650711,-0.03980625048279762,0.005248144268989563,0.019698062911629677,-0.046859659254550934,-0.034000739455223083,-0.036602091044187546,-0.03747515380382538,0.04662429913878441,-0.04551173001527786,-0.010561475530266762,-0.03325880318880081,-0.0757451206445694,0.060351621359586716,0.06645559519529343,0.02220270410180092,-0.08941762149333954,-0.05262129381299019
0.03615976870059967,-0.023936280980706215,0.020380694419145584,0.03290265426039696,0.02181825414299965,0.0346185639500618,0.06102968379855156,0.05709228292107582,-0.042905814945697784,-0.031996190547943115,-0.0036570336669683456,-0.027675746008753777,-0.004212609957903624,0.04167051240801811,-0.03261866047978401,-0.016724150627851486,0.013727081008255482,-0.04454084113240242,-0.06568063795566559,0.002578707644715905,0.021818026900291443
-0.047400303184986115,-0.0019146752310916781,-0.03447848558425903,0.01090391818434,0.009690789505839348,-0.040643591433763504,0.015578560531139374,0.005601966753602028,0.060922179371118546,0.013300218619406223,0.008656656369566917,-0.007273170165717602,-0.02497600018978119,0.028908533975481987,-0.004873472265899181,0.004609675612300634,-0.044022876769304276,-0.07920419424772263,0.037259019911289215,0.01959734410047531,-0.05019441619515419
-0.01929302141070366,0.016145264729857445,-0.020792439579963684,0.02409851923584938,0.044717591255903244,0.03780360892415047,0.0500372052192688,0.005395104177296162,0.02826767973601818,-0.05180944874882698,-0.11851199716329575,-0.005882554221898317,-0.028201885521411896,0.038631923496723175,0.005614529363811016,0.005357702728360891,0.0012564576463773847,0.10746432840824127,-0.08749531954526901,0.021467335522174835,-0.0743090957403183
0.014482761733233929,-0.038423508405685425,0.04240162670612335,0.004855683539062738,0.011822745203971863,-0.01221506204456091,-0.04463856294751167,-0.011686877347528934,-0.018539750948548317,-0.013750756159424782,-0.025264650583267212,0.003495925571769476,-0.03160347044467926,-0.07337220013141632,-0.02341010794043541,0.10618004947900772,-0.010488184168934822,-0.03501784801483154,0.027393359690904617,0.004539134446531534,0.008008762262761593
0.019875049591064453,0.001887790858745575,-0.000637759396340698,-0.02161351591348648,0.09051535278558731,0.07580053806304932,-0.028054403141140938,0.04110872000455856,0.011298337019979954,0.018716976046562195,-0.03511480242013931,-0.035460323095321655,-0.08766402304172516,0.016666054725646973,-0.04655107855796814,0.03365074098110199,-0.010600005276501179,-0.038172364234924316,0.023000167682766914,-0.035255517810583115,-0.06744058430194855
-0.10138508677482605,-0.0961129367351532,0.01279997918754816,-0.017326097935438156,-0.025042258203029633,-0.0862295925617218,-0.07151295244693756,0.03813965991139412,0.02004826068878174,0.020103517919778824,-0.014200679026544094,-0.10097277909517288,-0.0004668580659199506,0.03133698180317879,-0.007703561335802078,-0.03457733243703842,0.08176307380199432,0.048436056822538376,-0.05916881561279297,4.41860465798527e-05,0.026006966829299927
0.00012287014396861196,0.025393091142177582,0.024329429492354393,0.01838991791009903,-0.05744738504290581,0.024306533858180046,0.029246458783745766,0.008854557760059834,0.0004266135802026838,0.01835060678422451,0.02187790721654892,-0.07180794328451157,0.027178585529327393,0.015318603254854679,0.0005524130538105965,0.016949757933616638,-0.05147937685251236,0.007369743660092354,-0.042803529649972916,-0.02570037916302681,0.03116253763437271
-0.04920875281095505,0.0007448028190992773,-0.0602719709277153,0.009174310602247715,0.007767369970679283,-0.041199732571840286,0.0076479725539684296,0.006386995315551758,-0.02002972550690174,-0.009609000757336617,0.05690435320138931,0.029879232868552208,0.024961309507489204,0.017751596868038177,-0.08150419592857361,-0.014933004975318909,-0.010263964533805847,0.007142744027078152,-0.023015351966023445,0.030777527019381523,0.004861284047365189
-0.04640829563140869,0.009608515538275242,0.01671561598777771,0.040996164083480835,0.04168260097503662,0.01717534102499485,0.025508439168334007,-0.050130248069763184,-0.07073336094617844,0.0316760279238224,-0.012615062296390533,-0.03440586477518082,-0.0010787120554596186,0.01908791810274124,-0.004715838935226202,0.0033044745214283466,-0.006556414999067783,-0.010562348179519176,0.05750703811645508,0.057182785123586655,-0.030840585008263588
0.05160169303417206,0.048108428716659546,0.04645998775959015,-0.00705692870542407,-0.05608270317316055,0.03224145248532295,0.015914171934127808,0.03291694074869156,-0.048423733562231064,0.10150174051523209,0.030882736667990685,0.04033202677965164,0.0051927934400737286,0.02165868878364563,-0.0019300268031656742,-0.08680807799100876,0.07438596338033676,0.01235381979495287,-0.06252070516347885,-0.027464473620057106,0.04467758908867836
0.008953051641583443,-0.018412230536341667,-0.002002233173698187,-0.007584874983876944,0.10926739871501923,0.03800027817487717,0.03347562998533249,-0.07132214307785034,0.08053908497095108,0.050290435552597046,0.01764555461704731,-0.03723408654332161,0.04685959219932556,0.050982024520635605,0.025876911357045174,0.0025395092088729143,-0.003499393118545413,-0.014542645774781704,0.005114738829433918,-0.018691731616854668,-0.06294935196638107

Slice 34
0.0014005830744281411,0.06569130718708038,0.012729113921523094,-0.06870666891336441,0.002827548421919346,-0.02862161211669445,-0.016032865270972252,0.011694004759192467,-0.0074281245470047,0.04307911917567253,0.12581084668636322,0.030108507722616196,-0.004472072701901197,-0.013355044648051262,0.039916131645441055,-0.017979983240365982,-0.0470716767013073,0.0018014574889093637,0.0019153236644342542,0.007387309800833464,-0.08120705187320709
0.027272647246718407,-0.032570645213127136,0.04335486516356468,-0.011560876853764057,-0.0010329937795177102,0.06551307439804077,0.01048578042536974,0.038463376462459564,-0.013232356868684292,-0.030668172985315323,0.017723554745316505,0.0023377772886306047,-0.05836734548211098,-0.006437189877033234,-0.05953608453273773,0.026762254536151886,-0.03470129147171974,0.016003571450710297,0.023569097742438316,-0.022227410227060318,-0.03900258243083954
0.0005908983875997365,0.03840445727109909,0.04043450579047203,0.03137126564979553,-0.0018447095062583685,0.061130110174417496,0.06070496514439583,0.022050710394978523,-0.005782398860901594,0.002471575979143381,0.001234528492204845,0.02770056575536728,0.012938717380166054,-0.02664845623075962,-0.007070660591125488,-0.04688263684511185,-0.014014801010489464,-0.05143563449382782,-0.014951839111745358,0.1258430778980255,0.042771097272634506
0.03845522552728653,-0.012398192659020424,-0.03598576784133911,-0.014130731113255024,0.07595974951982498,-0.013037812896072865,-0.04075634106993675,0.017469065263867378,0.0036084093153476715,0.020889045670628548,-0.0025023827329277992,0.02150704339146614,-0.07392939925193787,-0.01653892546892166,0.06328491866588593,0.02349827066063881,-0.06324350833892822,0.04229360073804855,0.03452514111995697,0.07731277495622635,0.10294999927282333
-0.007772180717438459,0.009381392039358616,0.03968130797147751,-0.009525105357170105,0.011188638396561146,0.03218753635883331,0.02562125027179718,-0.04661313071846962,0.08716797083616257,-0.00991303101181984,-0.039519451558589935,-0.007574883289635181,0.02538127452135086,0.023134635761380196,0.036048803478479385,-0.0032672188244760036,0.00047272208030335605,-0.009085280820727348,-0.019385719671845436,0.020425232127308846,-0.044034846127033234
0.012495308183133602,-0.008197859860956669,0.03220624104142189,-0.07219534367322922,0.013083888217806816,-0.136175274848938,0.029711341485381126,0.012337359599769115,-0.060990866273641586,-0.012708437629044056,-0.021562227979302406,0.029529361054301262,-0.019628029316663742,-0.002936083823442459,0.030679961666464806,-0.014426670968532562,0.008018028922379017,0.004323265515267849,-0.023353062570095062,0.0164971724152565,0.037744101136922836
-0.008636954240500927,-0.02419344149529934,-0.012169095687568188,-0.04025669023394585,0.05318751558661461,0.008951989002525806,-0.0322699174284935,-0.04123203456401825,0.02128923311829567,0.052009306848049164,0.016106290742754936,-0.01569601520895958,0.026153119280934334,0.017668304964900017,0.029031889513134956,0.05597258731722832,0.027095796540379524,0.0707421749830246,-0.04306495934724808,-0.06404805928468704,0.06494136899709702
0.002416890347376466,0.002097894437611103,-0.031042804941534996,0.02583349496126175,-0.024470491334795952,-0.03317178040742874,0.025598300620913506,0.03626926615834236,-0.05332048237323761,-0.045924507081508636,-0.04982287809252739,-0.011388377286493778,-0.04197073355317116,-0.057266753166913986,0.0024990541860461235,0.028707923367619514,-0.013881240971386433,-0.046048764139413834,-0.056114476174116135,-0.046422552317380905,-0.0520450621843338
-0.03743504360318184,0.007119915448129177,0.030501138418912888,0.02362285740673542,-0.054758794605731964,0.008850795216858387,-0.006558295339345932,-0.05386597290635109,0.052695270627737045,-0.01027686707675457,0.023724166676402092,-0.025192691013216972,-0.01969245634973049,-0.009523551911115646,0.15813679993152618,0.06711798906326294,0.05870189890265465,0.02264457568526268,0.014798033982515335,0.0019045069348067045,0.04987218230962753
-0.023726630955934525,-0.03852576017379761,0.04881911724805832,0.020228298380970955,-0.027776384726166725,-0.0108723696321249,0.01666375808417797,0.07085618376731873,0.04341060295701027,0.017248202115297318,-0.0014343061484396458,-0.007734966464340687,-0.02861480414867401,0.007623965851962566,-0.04666714742779732,0.09011417627334595,-0.05189003795385361,0.015110342763364315,-0.02748159132897854,-0.044500406831502914,-0.04145331308245659
-0.01126039493829012,0.0010014069266617298,0.01830347441136837,0.008662154898047447,0.0056449612602591515,-0.0941304937005043,0.015090950764715672,-0.005168364383280277,0.05291588231921196,-0.020541954785585403,-0.012120814062654972,0.01070735789835453,0.0024317370261996984,0.01367624569684267,0.010518881492316723,-0.00220016879029572,0.01057524885982275,-0.0010835278080776334,-0.03570573404431343,-0.0026838702615350485,0.002148668747395277
0.015354220755398273,0.04137655347585678,0.03391306847333908,-0.013731219805777073,-0.029061080887913704,-0.01914927549660206,-0.029963716864585876,0.01972062513232231,0.028330598026514053,-0.03426983579993248,-0.007022020407021046,-0.016184991225600243,0.018247440457344055,0.009463260881602764,0.002098552417010069,-0.010971824638545513,0.02371511235833168,0.029163816943764687,0.04129278287291527,-0.025713318958878517,0.0634102076292038
-0.0526878647506237,-0.01598859578371048,0.008918078616261482,-0.012996647506952286,0.007338773924857378,0.12349341064691544,0.01321144588291645,-0.01816440187394619,0.016265014186501503,0.04439039155840874,0.03991809859871864,0.019789397716522217,-0.021399425342679024,-0.04542301222681999,0.014929213561117649,0.01417549792677164,0.00934496708214283,-0.0328410267829895,0.06256774812936783,0.007785793859511614,-0.013820878230035305
-0.036729056388139725,-0.03861153498291969,-0.06818752735853195,0.02207099460065365,-0.034160394221544266,-0.0010334131075069308,0.005657809786498547,0.008564293384552002,0.008560343645513058,0.0245219599455595,-0.02044401504099369,0.0007766607450321317,-0.018245549872517586,0.031643763184547424,-0.037088897079229355,0.027685314416885376,-0.00918561965227127,0.006995141506195068,-0.017715083435177803,0.015599125064909458,-0.030120333656668663
-0.01024363562464714,0.023077448830008507,-0.03862997144460678,0.017052069306373596,0.003455396508798003,0.04589204490184784,0.005514876451343298,-0.06405538320541382,-0.038477204740047455,-0.08539383113384247,0.03206275403499603,-0.0024776605423539877,0.1391502469778061,-0.015879036858677864,-0.09829654544591904,-0.03173016384243965,0.009164695627987385,0.024674052372574806,-0.0037526043597608805,0.0892459973692894,0.12334741652011871
0.14331990480422974,0.01399217825382948,-0.018345586955547333,-0.02190161496400833,0.010339406318962574,-0.007009841036051512,0.043138716369867325,-0.03349749371409416,-0.0022584469988942146,-0.008066643960773945,0.006836378015577793,0.027784518897533417,-0.003898294409736991,0.00998840481042862,0.07876217365264893,0.03153249993920326,0.033173225820064545,-0.0015330129535868764,0.038597311824560165,0.0025268171448260546,-0.0805065929889679
-0.022787829861044884,-0.059341009706258774,-0.04951690509915352,-0.022687606513500214,0.03587397187948227,0.02313282899558544,-0.03255989030003548,0.005075276829302311,-0.012372192926704884,-0.055343907326459885,0.027602825313806534,-0.0008011408499442041,-0.033173397183418274,0.009061308577656746,0.01118460763245821,0.043868742883205414,0.04647846519947052,-0.01567503623664379,0.07628406584262848,0.015448595397174358,-0.03666656091809273
-0.004931483883410692,0.0019260885892435908,-0.005355139262974262,-0.012021639384329319,0.09326731413602829,0.02536637894809246,0.019182991236448288,-0.017384761944413185,-0.006049435585737228,-0.024982057511806488,-0.06698792427778244,0.00825453456491232,-0.023616936057806015,-0.0063534690998494625,-0.012301559560000896,0.012384559027850628,0.038897544145584106,-0.03000868484377861,-0.006200798321515322,-0.08334165066480637,-0.023609641939401627
0.020275406539440155,-0.00932426005601883,0.004788696765899658,-0.045694634318351746,0.047605741769075394,-0.0013067752588540316,-0.014582663774490356,0.004017961677163839,-0.03780004009604454,-0.09013533592224121,0.01694396696984768,-0.00656524021178484,0.04481062665581703,-0.008782477118074894,0.007826527580618858,-0.0025881498586386442,-0.018565107136964798,0.024368291720747948,0.0028475725557655096,0.048559434711933136,-0.04691486805677414
-0.0346042662858963,-0.017534755170345306,0.12075724452733994,0.049122605472803116,-0.004748137202113867,0.009531054645776749,0.04091375693678856,0.06405115872621536,0.07458014041185379,-0.06594701111316681,-0.06608451902866364,-0.05575856566429138,0.0001356330467388034,0.04745526611804962,0.011896034702658653,0.049089010804891586,0.11150319874286652,0.0015857964754104614,0.09773945808410645,0.034744396805763245,-0.11186908185482025
0.03161526471376419,0.0011126345489174128,-0.006345364265143871,0.001153881079517305,0.04291244223713875,-0.022182906046509743,-0.0070234076119959354,0.05457184091210365,-0.04841357469558716,-0.011384522542357445,-0.02475365623831749,-0.007519773207604885,-0.04459209367632866,-0.003302877303212881,-0.02772757038474083,0.020274674519896507,-0.008623942732810974,0.00547764590010047,-0.08500880002975464,-0.03087647631764412,0.013415256515145302

Slice 35
-0.16456817090511322,0.06814753264188766,-0.04202315956354141,-0.11355575174093246,-0.014257274568080902,0.09308181703090668,-0.05020300671458244,-0.022287020459771156,-0.005326690152287483,-0.06297333538532257,-0.055404357612133026,-0.06677750498056412,-0.1311918944120407,0.004808263853192329,0.04998946562409401,-0.004922931082546711,-0.0286614540964365,-0.01978679746389389,-0.02590944617986679,-0.0919419378042221,-0.05390685424208641
0.0013132236199453473,-0.040341004729270935,-0.04053334891796112,-0.004286878276616335,0.019122019410133362,-0.15352194011211395,-0.034346871078014374,-0.008968677371740341,-0.02940422110259533,-0.032813530415296555,-0.040785182267427444,0.024384699761867523,0.008523601107299328,0.011187829077243805,0.03677258640527725,0.007620663847774267,-0.0028660057578235865,0.05752146244049072,-0.04926980659365654,0.16946300864219666,0.034169625490903854
0.10514873266220093,0.02781246230006218,0.04611657187342644,-0.08902793377637863,-0.08209818601608276,0.08765950798988342,0.006153351627290249,-0.2347710132598877,-0.019919201731681824,0.060501132160425186,0.0618029460310936,0.05747780576348305,0.0023444127291440964,-0.03594817966222763,0.010687816888093948,0.05158979445695877,-0.0017899814993143082,-0.016051510348916054,0.0255737267434597,0.08140658587217331,0.07871368527412415
-0.05131387710571289,0.03387552499771118,0.00810190662741661,-0.0295005701482296,0.00762648181989789,-5.35875151399523e-05,-0.07880721241235733,0.0317445807158947,0.07862025499343872,0.08542077988386154,-0.07436851412057877,0.035110779106616974,-0.12151391059160233,0.09163964539766312,-0.06612175703048706,-0.2596288323402405,-0.07550247013568878,0.02182900346815586,0.06127813830971718,0.05181314796209335,0.17545132339000702
-0.05824336037039757,-0.1310776174068451,0.02807142399251461,0.16044817864894867,0.010502765886485577,-0.006255522835999727,-0.06403367221355438,-0.12537305057048798,0.07440394163131714,0.06436150521039963,-0.03107529878616333,0.005382094066590071,0.35960376262664795,-0.01815609075129032,0.062348924577236176,0.029484082013368607,-0.007796898949891329,-0.05634784698486328,-0.019393684342503548,0.0616011843085289,-0.019462600350379944
0.013823945075273514,0.008717072196304798,0.07495960593223572,-0.02161584235727787,-0.02468561939895153,0.0761745423078537,-0.016133511438965797,0.025335924699902534,-0.095274917781353,0.021546518430113792,0.054253172129392624,0.05837395414710045,0.03440340608358383,0.07375525683164597,-0.0637856274843216,-0.059199344366788864,-0.03103323094546795,-0.04085532948374748,0.06325240433216095,-0.011174280196428299,0.0815502479672432
-0.03176857903599739,-0.04622792452573776,-0.11300122737884521,-0.03705015033483505,-0.08144841343164444,0.014408891089260578,-0.005716709885746241,-0.037892356514930725,-0.07248275727033615,-0.012221327982842922,-0.02332480251789093,-0.05085625872015953,0.07033809274435043,-0.04255196452140808,-0.05851595103740692,-0.0197881031781435,-0.03707149252295494,-0.14177793264389038,-0.008894273079931736,-0.1920212358236313,-0.018287265673279762
0.03459060937166214,0.08032289892435074,0.07504552602767944,-0.007362528704106808,-0.006893549580127001,0.0362122617661953,-0.02221868187189102,0.07374003529548645,0.026646235957741737,-0.05613582208752632,-0.06899394094944,0.08383770287036896,-0.04412657022476196,-0.1817275881767273,-0.010984420776367188,-0.006741628982126713,0.14561808109283447,-0.03570786491036415,0.003929253201931715,0.04765061289072037,-0.10177609324455261
0.012401212006807327,-0.0017725509824231267,-0.05135176703333855,-0.014581345953047276,0.17369431257247925,-0.0011451264144852757,0.01532350480556488,-0.0644187480211258,-0.06890276819467545,0.011583279818296432,0.004991184454411268,-0.07926667481660843,-0.09585908055305481,0.03643776476383209,0.005858057178556919,0.05968348681926727,-0.006366167217493057,-0.06685652583837509,-0.048308029770851135,-0.06264817714691162,0.012017037719488144
0.003982243128120899,-0.12990698218345642,0.0990634560585022,0.049455877393484116,0.05222713574767113,0.017823118716478348,0.035646677017211914,0.052844662219285965,0.07479602098464966,0.12252397835254669,-0.006574373226612806,0.05914560705423355,0.02967420406639576,0.0961422324180603,0.04499723017215729,-0.010321937501430511,0.06441500782966614,0.0005338932387530804,0.025557998567819595,0.06612535566091537,0.11379852890968323
-0.029321199283003807,-0.06512129306793213,0.09251926094293594,0.041785478591918945,-0.0583149753510952,0.028897300362586975,-0.0012321027461439371,-0.028628433123230934,-0.0746534913778305,-0.04320826008915901,-0.05062869191169739,-0.0020325230434536934,0.01099399197846651,-0.003246622858569026,0.08260134607553482,-0.01244274526834488,0.062224969267845154,-0.011012733913958073,-0.07501982897520065,-0.048330578953027725,0.03948825225234032
-0.02527155727148056,0.0872446596622467,0.014551080763339996,0.017491523176431656,-0.05444891378283501,-0.09558113664388657,-0.021366560831665993,0.07133185863494873,0.1870327591896057,0.0207438413053751,0.012806941755115986,0.0001171349867945537,-0.032332126051187515,0.1519983410835266,0.09905397146940231,-0.009189143776893616,0.10399401187896729,-0.056688662618398666,-0.013948334380984306,0.006160334218293428,-0.0009618018520995975
-0.08244677633047104,-0.015846027061343193,0.008850081823766232,0.00107882684096694,0.024690037593245506,-0.08241412043571472,-0.13487298786640167,-0.016056684777140617,-0.036208879202604294,-0.010936127975583076,-0.07375960797071457,-0.007454782724380493,-0.021710600703954697,-0.02831908129155636,-0.02051459066569805,0.19827336072921753,0.013350551947951317,-0.16733881831169128,0.10782939195632935,0.04376056417822838,-0.041759952902793884
-0.0033759474754333496,-0.03619405999779701,-0.04435653239488602,0.038389209657907486,0.04579224810004234,-0.0032785218209028244,0.0067100077867507935,0.06325732171535492,0.17040713131427765,-0.1271277666091919,0.0500219501554966,0.014881258830428123,-0.05982331186532974,0.018034201115369797,0.017951855435967445,0.08485487103462219,-0.018804755061864853,-0.06272321939468384,-0.007589715998619795,0.21209540963172913,-0.0524868480861187
-0.060482073575258255,0.07269247621297836,-0.012056450359523296,-0.01732720248401165,0.00425316859036684,-0.06753748655319214,-0.061579957604408264,-0.08090315759181976,-0.07461465150117874,-0.1007915511727333,0.12620501220226288,0.06015155091881752,0.08485054969787598,-0.007322235964238644,-0.14055392146110535,-0.03699278086423874,0.11676304042339325,0.020060110837221146,-0.0863080769777298,0.13564372062683105,0.041143305599689484
0.11428217589855194,0.04722423478960991,-0.015954019501805305,0.006099234335124493,-0.008625571615993977,0.030665680766105652,-0.10525865107774734,-0.003905736142769456,0.08660336583852768,0.0036719811614602804,-0.06829731166362762,-0.04732338339090347,0.08042658120393753,-0.029297571629285812,0.1638723611831665,-0.039135999977588654,0.046786148101091385,-0.015727611258625984,-0.020617609843611717,0.03805157169699669,-0.07477065920829773
0.0031654350459575653,-0.09312951564788818,0.048600971698760986,0.053014252334833145,-0.06524712592363358,0.016499601304531097,0.013202928937971592,0.0010621669935062528,0.00027128506917506456,-0.1739938110113144,0.0530417338013649,-0.22602154314517975,-0.048118285834789276,0.030138112604618073,0.0004212874046061188,0.028730783611536026,-0.02237776480615139,0.0035158537793904543,0.07871502637863159,-0.018295656889677048,-0.043976329267024994
-0.06579412519931793,-0.010847517289221287,-0.0564492829144001,0.012654374353587627,-0.07826986908912659,0.032468706369400024,0.0840495228767395,-0.04986049234867096,-0.06803494691848755,-0.03912646323442459,-0.1556456983089447,-0.012093018740415573,0.09653455764055252,-0.02683422714471817,-0.030276570469141006,0.019968582317233086,-0.00701207434758544,0.01201630849391222,-0.07563301920890808,0.017278090119361877,0.005980866961181164
-0.015061941929161549,0.050456129014492035,-0.09210322052240372,-0.026013093069195747,0.01323516946285963,-0.007041384000331163,0.10882189869880676,0.03920651599764824,-0.14170284569263458,-0.207036554813385,0.004388146102428436,-0.023490430787205696,-0.09048371762037277,-0.006774501875042915,0.011643805541098118,0.15605704486370087,0.0040346672758460045,-0.012040101923048496,0.04810342565178871,0.09695234894752502,0.03979691490530968
-0.11170795559883118,0.027084626257419586,-0.3730373978614807,0.0008764330996200442,0.05320434272289276,0.0423748716711998,-0.04662727192044258,-0.11531925946474075,-0.014116810634732246,0.03083738312125206,0.15812139213085175,-0.15405632555484772,0.3340751826763153,0.18864664435386658,-0.031092921271920204,-0.19518950581550598,0.004533984698355198,-0.03468843549489975,-0.13437023758888245,0.08257139474153519,0.13593913614749908
-0.04984314367175102,-0.11073198169469833,-0.06344739347696304,-0.048069536685943604,0.09118009358644485,0.003441630629822612,0.09554490447044373,0.0333220474421978,0.045126426964998245,-0.0043176221661269665,0.06784706562757492,-0.04834679141640663,-0.0009153459686785936,-0.03962547332048416,-0.010505510494112968,0.06213535740971565,-0.02124103158712387,-0.008029939606785774,0.0734756663441658,0.04203501343727112,-0.2784617841243744

Slice 36
0.01720087043941021,-0.034370288252830505,0.009998979046940804,0.037138331681489944,0.00790341105312109,0.0005630255909636617,-0.006635287310928106,-0.026809824630618095,0.008795325644314289,-0.02182057686150074,0.025455357506871223,0.029809439554810524,-0.04717446118593216,0.006725766696035862,-0.00973463524132967,0.009131167083978653,-0.006367565132677555,0.011251545511186123,0.00585723202675581,0.010519574396312237,-0.04706348106265068
0.012311135418713093,-0.030402544885873795,-0.005249103996902704,0.008388547226786613,0.006433907430619001,-0.0603235624730587,0.02228482812643051,0.00823128130286932,-0.0030351493041962385,-0.022482601925730705,0.03511215001344681,0.002842341084033251,0.0005041349213570356,0.008930234238505363,0.04100775346159935,-0.06291106343269348,-0.02757176384329796,-0.0029967399314045906,0.010305187664926052,0.01153644174337387,-0.013746537268161774
0.024215105921030045,0.005880693439394236,0.031151577830314636,0.05858888104557991,0.00342498067766428,0.03424251452088356,0.03861097991466522,0.01309921033680439,-0.010487201623618603,-0.05830392241477966,0.042952053248882294,-0.01172379869967699,0.0011860561789944768,-0.003331052837893367,-0.00364011712372303,-0.020208971574902534,-0.00464623374864459,-0.012076661922037601,-0.0019383649341762066,-0.01734408736228943,0.018376700580120087
-0.014143694192171097,-0.03524898365139961,0.005714360158890486,-0.006494963075965643,0.08124548196792603,0.0165550634264946,-0.0239753108471632,0.0032990737818181515,0.022100867703557014,0.030383698642253876,-0.03215630725026131,-0.014747514389455318,-0.07273493707180023,-0.0483730249106884,-0.031404707580804825,-0.031440120190382004,-0.017146017402410507,0.1277526319026947,0.00019423846970312297,-0.0237791296094656,0.008934743702411652
0.0064595770090818405,-0.024333123117685318,0.006324684247374535,0.023622650653123856,0.02183717116713524,0.030041733756661415,-0.010080755688250065,-0.03291403874754906,0.010923696681857109,0.026371702551841736,-0.024647463113069534,-0.0015366504667326808,0.03666016831994057,0.005969425663352013,0.016638239845633507,-0.006015201099216938,-0.008474602364003658,-0.012507491745054722,-0.013438742607831955,0.0050708213821053505,-0.018291283398866653
0.027051962912082672,-0.020314909517765045,0.008625956252217293,0.00010875258885789663,0.012631061486899853,0.01771329715847969,0.0007344800396822393,0.002530413679778576,-0.005011472851037979,-0.011405098251998425,-0.04088772460818291,0.04497040808200836,-0.04601450264453888,-0.008221651427447796,0.00743322167545557,0.024554340168833733,0.0337584987282753,-0.01560064498335123,0.012628115713596344,0.01080713327974081,0.003272484755143523
-0.037619683891534805,-0.015190527774393559,-0.04335891827940941,-0.020135318860411644,0.006662040948867798,0.00089014827972278,0.005860954988747835,0.006586460396647453,-0.010838351212441921,-0.013669551350176334,0.0027001972775906324,-0.03834402561187744,0.007188483141362667,-0.0012163477949798107,-0.030481843277812004,0.03311287611722946,-0.008222307078540325,-0.011574577540159225,-0.026735881343483925,-0.05804399400949478,0.016037506982684135
0.03486772999167442,-0.009813917800784111,-0.010766851715743542,0.00409901374951005,0.01621675305068493,-0.01008665282279253,-0.006368025206029415,-0.0056672110222280025,0.03691970556974411,-0.02127274125814438,-0.040597639977931976,0.008654101751744747,0.027726875618100166,0.06003360450267792,0.0425034798681736,0.007732858415693045,0.007304771337658167,0.04686424508690834,-0.016012823209166527,0.007975730113685131,0.030059877783060074
0.0597531832754612,0.036724090576171875,0.005478015635162592,-0.04523426294326782,0.026500971987843513,-0.012029120698571205,-0.004113693255931139,0.019421828910708427,0.020409267395734787,-0.021543322131037712,0.014212151989340782,-0.023913180455565453,0.015522891655564308,0.0026828625705093145,-0.11252056807279587,0.014226686209440231,0.045155372470617294,0.021552029997110367,-0.0058253053575754166,0.0028933847788721323,0.002643764950335026
-0.013926723040640354,-0.03752976655960083,0.06292495876550674,0.01727735437452793,0.03816412389278412,0.002652400406077504,0.00799665879458189,0.02438977174460888,0.03267288953065872,0.027700237929821014,0.023835182189941406,-0.006670587696135044,0.03904155641794205,0.023494696244597435,0.07119100540876389,0.04767422378063202,-0.012663627043366432,-0.06456568092107773,-0.001345930970273912,0.06918542832136154,0.07431835681200027
-0.025301776826381683,0.006588414777070284,-0.006669999100267887,-0.019165823236107826,-0.02263708971440792,-0.006107244174927473,-0.04451319947838783,-0.03383674472570419,-0.0005531111964955926,0.016426241025328636,-0.003295273520052433,0.012933271937072277,0.0029880614019930363,-0.02456970512866974,0.015589097514748573,0.007746088784188032,-0.003372478997334838,0.03015037626028061,0.040935687720775604,-0.006587576121091843,-0.01147731114178896
0.024810057133436203,0.006736254319548607,0.023454193025827408,0.0049774725921452045,-0.017405163496732712,0.015189784578979015,-0.012717747129499912,0.003074874170124531,-0.018151909112930298,0.00911327637732029,-0.0023267692886292934,0.0065376851707696915,0.008788375183939934,0.0029252138920128345,0.023467330262064934,-0.00720982626080513,0.035319000482559204,0.03890134394168854,-0.026253091171383858,-0.00978829711675644,0.020006081089377403
0.027931245043873787,-0.010514376685023308,0.01863807439804077,-0.0057599712163209915,-0.03320981562137604,-0.06556876748800278,0.008000630885362625,0.0018368723103776574,-0.022206969559192657,0.03342375531792641,0.05559471249580383,0.0031824407633394003,0.0253092460334301,-0.021930193528532982,0.0001883511577034369,0.028182100504636765,0.004286870826035738,-0.04659999907016754,0.025582438334822655,-0.02216717042028904,0.06479384005069733
-0.011262331157922745,0.0269313957542181,-0.028325840830802917,-0.003624268574640155,0.0028958518523722887,0.00589633546769619,0.03280128538608551,0.016335807740688324,0.02758883498609066,-0.012858017347753048,0.013422942720353603,-0.0029163756407797337,0.013330020010471344,0.03879440575838089,0.012166092172265053,-0.07585980743169785,0.0041997311636805534,0.013790905475616455,-0.01695622131228447,0.015140781179070473,-0.019330689683556557
-0.033289480954408646,0.003084694966673851,-0.017883138731122017,-0.0009601105703040957,-0.0837264135479927,-0.05652501806616783,0.0034111901186406612,-0.04312402382493019,-0.01816880702972412,-0.029726436361670494,0.03514488786458969,0.02067248523235321,0.02078956551849842,-0.011548246257007122,0.0175003781914711,-0.02419995330274105,0.01603519544005394,0.016354698687791824,-0.025022737681865692,0.0072845956310629845,0.028712430968880653
0.061507243663072586,0.06176283583045006,0.002353910356760025,0.017188450321555138,0.01728779450058937,0.07227341830730438,0.022817090153694153,-0.020216060802340508,0.0048341588117182255,-0.020283829420804977,0.0009211461874656379,0.06440191715955734,0.01059496309608221,-0.02525261975824833,0.03741717338562012,0.01551729068160057,-0.02885979600250721,-0.03111901320517063,0.026275496929883957,0.011668229475617409,0.003212743205949664
0.00575847364962101,-0.0239995289593935,-0.00791535060852766,-0.0010114823235198855,0.022913586348295212,-0.020649908110499382,-0.018387803807854652,-0.009355524554848671,0.006197732873260975,-0.040704190731048584,-0.012176704593002796,0.019291190430521965,-0.018261699005961418,-0.007346462924033403,-0.005379073321819305,-0.01459149643778801,0.030863113701343536,-0.0052620116621255875,0.02772325836122036,0.009858743287622929,-0.0184121523052454
0.033921726047992706,-0.0016725548775866628,0.03351230546832085,-0.0012671926524490118,-0.023115435615181923,0.025930756703019142,0.0011358963092789054,-0.013824517838656902,0.008463336154818535,0.0024003449361771345,-0.03581015393137932,-0.012659142725169659,-0.0009894199902191758,-0.012689877301454544,0.03945530578494072,0.011608760803937912,0.001095179351978004,0.0012199749471619725,0.004997441545128822,-0.016619466245174408,-0.002918671816587448
0.022253086790442467,-0.0034523624926805496,-0.027819372713565826,-0.02642076276242733,-0.034368131309747696,-0.012987383641302586,-0.003615220542997122,0.028899122029542923,0.022531110793352127,-0.03900619223713875,0.0060912505723536015,0.02002391777932644,-0.022574162110686302,-0.013859529979526997,0.0018309191800653934,-0.009122039191424847,0.005621848627924919,0.004398197401314974,-0.023606566712260246,-0.015588279813528061,0.02551778219640255
-0.07313483953475952,-0.02326132543385029,-0.14243414998054504,-0.009324993006885052,0.03740046173334122,-0.012299800291657448,-0.003515861928462982,-0.02460407465696335,0.007086275611072779,-0.02578330598771572,0.010449978522956371,-0.048093538731336594,0.0692950040102005,-0.004454934038221836,-0.006173018831759691,0.010402251966297626,-0.0536792054772377,-0.015138177201151848,0.0018554895650595427,0.011539352126419544,-0.044093143194913864
0.015972914174199104,-0.005779362749308348,0.009274386800825596,-0.0014555412344634533,-0.06965052336454391,-0.002610734198242426,0.001877873670309782,0.03802693635225296,-0.04669560492038727,-0.019486824050545692,0.00032806978560984135,0.012081230990588665,-0.033863574266433716,-0.0427161268889904,-0.019325532019138336,0.003012380562722683,-0.002604811219498515,0.010935206897556782,0.03291590139269829,0.017452454194426537,0.01919858530163765

Slice 37
0.06188926473259926,-0.023489173501729965,-0.022629311308264732,0.029327837750315666,0.0034272936172783375,-0.08426248282194138,0.01106681115925312,-0.01994618959724903,-0.07346388697624207,0.011310354806482792,0.18748299777507782,0.07220368087291718,-0.04766111820936203,-0.04204060882329941,-0.07172154635190964,-0.045783448964357376,-0.07063090801239014,0.03065393678843975,0.029798297211527824,0.08052442967891693,-0.17344097793102264
0.04037845879793167,-0.06465902179479599,0.06292475759983063,0.01751849427819252,-0.0005023285048082471,0.02856570854783058,0.07516805827617645,0.06736649572849274,0.0032545796129852533,-0.058561913669109344,0.1391495168209076,-0.0009225978283211589,-0.05236426740884781,0.00396298710256815,-0.006646525580435991,-0.02157890424132347,-0.08065024018287659,-0.016932453960180283,0.0709962248802185,-0.09985972940921783,-0.0709763839840889
-0.01163940504193306,0.03223438560962677,0.03954436630010605,0.1712331771850586,0.0625283345580101,0.061780862510204315,0.08708926290273666,0.21006229519844055,-0.0031610282603651285,-0.12648321688175201,0.053853120654821396,-0.01609168015420437,0.0023118085227906704,-0.01647457666695118,-0.0066296192817389965,-0.12072651088237762,-0.019123870879411697,-0.04928455129265785,-0.03348579257726669,-0.03148559480905533,-0.013134420849382877
0.05165419355034828,-0.10181654989719391,0.003766481066122651,-0.004901664797216654,0.23367658257484436,0.04035218060016632,-0.0036051138304173946,-0.0028963456861674786,0.03790128976106644,0.03776385262608528,-0.01675759069621563,-0.018794000148773193,-0.12610869109630585,-0.1623128205537796,0.07324718683958054,0.09648381173610687,-0.03400728479027748,0.22173605859279633,-0.00846921093761921,-0.01072593405842781,0.02835611067712307
0.03939852863550186,0.0269774217158556,0.03477701172232628,-0.05676502361893654,0.04292016476392746,0.094795823097229,0.0247593242675066,-0.04905566945672035,0.05605960264801979,-0.01806708239018917,-0.06829815357923508,-0.012460216879844666,-0.051021698862314224,0.043438620865345,0.022072048857808113,-0.017062151804566383,-0.0058705550618469715,-0.007089157123118639,-0.03275906667113304,-0.030999254435300827,-0.046099234372377396
0.03887069597840309,-0.051567018032073975,0.018101247027516365,-0.0389353409409523,0.04628372564911842,-0.1342245489358902,0.06279449164867401,0.007934203371405602,-0.017195075750350952,-0.037792645394802094,-0.12354129552841187,0.037622224539518356,-0.13465136289596558,-0.05914883315563202,0.06139057129621506,0.06952635943889618,0.0916065201163292,-0.013965732418000698,-0.025401003658771515,0.049942173063755035,-0.0015749750891700387
-0.04102389141917229,-0.024303320795297623,-0.017449626699090004,-0.04947567358613014,0.13308538496494293,0.02067597582936287,-0.00651957094669342,-0.00774774793535471,0.04797985404729843,0.03962897136807442,0.02221117727458477,-0.044951315969228745,0.012346145696938038,0.04074189066886902,0.005869375076144934,0.11881573498249054,0.026641899719834328,0.11505459249019623,-0.08576840907335281,-0.05147388204932213,0.12909193336963654
0.05674446001648903,-0.06414567679166794,-0.06905405223369598,0.0540153868496418,0.005462650675326586,-0.07773991674184799,0.030882399529218674,-0.024533363059163094,0.02248632349073887,-0.041364412754774094,-0.08456926792860031,-0.03119080886244774,0.06962540745735168,0.17311345040798187,0.12023087590932846,0.0499768927693367,-0.07534792274236679,0.08809041976928711,-0.08472747355699539,-0.03082682192325592,0.11207520961761475
0.06816735863685608,0.07568629086017609,0.06925100833177567,-0.08973986655473709,-0.09141230583190918,-0.025329234078526497,0.0022500038612633944,0.016815591603517532,0.11069144308567047,-0.05824277549982071,0.04786805436015129,-0.015868186950683594,0.05462830141186714,-0.024924196302890778,-0.014393633231520653,0.052900202572345734,0.14894713461399078,0.09989167004823685,0.020674923434853554,0.0623401440680027,0.05026944354176521
-0.049840379506349564,-0.024725565686821938,0.07333653420209885,0.006811382248997688,0.004652678035199642,-0.02141604572534561,-0.014780489727854729,0.05962959676980972,0.06139110401272774,0.020774532109498978,0.04843813553452492,-0.08016181737184525,0.06071658059954643,-0.012915818952023983,0.002520743990316987,0.1561405062675476,-0.1355777382850647,-0.10370359569787979,-0.049601104110479355,0.06355167925357819,-0.02013450115919113
-0.05044243857264519,0.0496264323592186,-0.04364004731178284,-0.045679971575737,-0.0047479975037276745,-0.11300430446863174,-0.06999202817678452,-0.02445315197110176,0.08879348635673523,0.029952464625239372,0.010677337646484375,0.038646601140499115,0.005713201593607664,-0.034769587218761444,-0.01066381111741066,0.02389366552233696,-0.03151611611247063,0.060253821313381195,0.09649096429347992,0.0071462118066847324,-0.03142528980970383
0.08136647939682007,-0.005836005788296461,0.06246362254023552,-0.028447316959500313,-0.033863700926303864,0.05144975334405899,-0.022837728261947632,-0.010652787052094936,-0.11324816197156906,-0.031770262867212296,-0.016760000959038734,0.0018888280028477311,0.05575579032301903,-0.08256445080041885,-0.02070438675582409,-0.016740184277296066,0.02983911707997322,0.13102570176124573,-0.024841545149683952,-0.042893845587968826,0.11171626299619675
0.059231631457805634,-0.02705344371497631,0.03672652319073677,-0.012154508382081985,-0.06924576312303543,0.08793004602193832,0.07949389517307281,-0.0018272961024194956,-0.010744340717792511,0.10155238211154938,0.18430079519748688,0.02793990634381771,0.03631724417209625,-0.05578883737325668,0.011164749041199684,-0.017619114369153976,0.010955113917589188,-0.025048088282346725,0.08984401077032089,-0.09170101583003998,0.1040264144539833
-0.0470128059387207,0.04559710994362831,-0.08007069677114487,-0.015926381573081017,-0.05118425562977791,0.012877298519015312,0.08921072632074356,0.0016934615559875965,-0.03480285778641701,0.05475689470767975,-0.025654541328549385,-0.011403988115489483,0.042633891105651855,0.09462884068489075,-0.005694824270904064,-0.18265990912914276,0.012154385447502136,0.06304343044757843,-0.04421168193221092,-0.07248271256685257,-0.025799158960580826
-0.01939282938838005,-0.014928897842764854,-0.031204549595713615,0.03447655588388443,-0.1728081852197647,-0.025293536484241486,0.08129622042179108,-0.08557513356208801,-0.005463907495141029,-0.07721663266420364,0.024682985618710518,0.005591277498751879,0.14389999210834503,-0.02748696506023407,0.07386265695095062,-0.029971469193696976,-0.012633321806788445,0.03789665549993515,0.006398317404091358,0.08819776773452759,0.14279812574386597
0.17350450158119202,0.10975127667188644,-0.009696828201413155,0.009783759713172913,0.04350947588682175,0.12061208486557007,0.12971675395965576,-0.05052630230784416,-0.062491822987794876,-0.037024352699518204,0.04238429293036461,0.16602803766727448,-0.026102837175130844,-0.019984031096100807,0.03671512380242348,0.06977372616529465,-0.057692479342222214,-0.034282129257917404,0.0994240865111351,0.00919697992503643,-0.025345755741000175
-0.015764910727739334,-0.04772288352251053,-0.08571317046880722,-0.047968119382858276,0.10985922068357468,-0.027656862512230873,-0.06847403198480606,0.0018314551562070847,-0.008419394493103027,-0.01122104562819004,-0.033932875841856,0.16167424619197845,-0.03235767409205437,-0.021131066605448723,-0.001565708196721971,-0.005617102142423391,0.11813173443078995,-0.020014505833387375,0.07153831422328949,0.042164191603660583,-0.04283006116747856
0.0806472897529602,0.005180251318961382,0.09969315677881241,-0.017892032861709595,0.0747845321893692,0.04816755652427673,-0.015717914327979088,-0.0009371972410008311,0.04292606934905052,0.026770755648612976,-0.04527129605412483,-0.011685116216540337,-0.063067726790905,-0.014532956294715405,0.07755058258771896,0.01788659580051899,0.027047233656048775,-0.027051089331507683,0.05299504101276398,-0.0899815782904625,-0.011465691030025482
0.0675092563033104,-0.04454844444990158,0.016033334657549858,-0.06692421436309814,-0.033927664160728455,-0.018675876781344414,-0.08425432443618774,0.03762807324528694,0.10776152461767197,-0.06386585533618927,0.02395046502351761,0.051933322101831436,0.06734655052423477,-0.027259178459644318,0.001496403245255351,-0.0929461419582367,-0.0050549255684018135,0.03919026628136635,-0.07209298014640808,-0.03257986903190613,-0.0016712336800992489
-0.058315426111221313,-0.07431452721357346,0.054055292159318924,0.041991524398326874,0.057657115161418915,-0.040757279843091965,0.001290582586079836,0.047275640070438385,0.0965844914317131,-0.13248403370380402,-0.1316308230161667,-0.03628921881318092,-0.05564885586500168,-0.06792079657316208,0.011618749238550663,0.20023949444293976,-0.02941790595650673,-0.011144542135298252,0.15965980291366577,0.0037061215844005346,-0.16197988390922546
0.07961685210466385,0.05403950810432434,0.020993920043110847,0.02418982982635498,-0.1045987606048584,-0.027200721204280853,-0.08253882080316544,0.08644192665815353,-0.13083678483963013,-0.060258131474256516,-0.05638565123081207,0.04829181730747223,-0.10887107253074646,-0.050626374781131744,-0.014961734414100647,-0.008713951334357262,0.008267016150057316,0.013748731464147568,-0.07003578543663025,-0.05147304758429527,0.15956872701644897

Slice 38
-0.003039860399439931,-0.10242442786693573,-0.013230634853243828,0.033942531794309616,0.001202886807732284,-0.04832411929965019,0.02054491452872753,0.00443290825933218,-0.006785908713936806,-0.039388034492731094,-0.04105107858777046,-0.018704377114772797,0.08874312788248062,-0.0023004349786788225,-0.04761537164449692,0.001325278077274561,0.03259320184588432,-0.019568590447306633,0.006374428514391184,0.03472300246357918,0.03761526942253113
-0.026157338172197342,0.04810594767332077,0.004223632160574198,-0.0049983300268650055,-0.013685610145330429,0.06619669497013092,-0.007347149308770895,-0.0288299098610878,0.013003738597035408,0.02943912148475647,-0.08476478606462479,-0.02104237861931324,0.01727871224284172,-0.009605891071259975,-0.015720879659056664,-0.03475252538919449,0.029712626710534096,-0.03153051808476448,0.003236157586798072,-0.06530079245567322,-0.005615463014692068
-0.03277433291077614,-0.03003053367137909,-0.04297519475221634,0.020617056638002396,0.030168985947966576,-0.0624181404709816,-0.03509369492530823,0.07265990972518921,0.029086701571941376,0.022068031132221222,-0.04859989881515503,-0.039350155740976334,-0.0012195316376164556,0.019006241112947464,0.00893393624573946,0.017625153064727783,0.01211488526314497,0.03630051389336586,-0.0014420553343370557,-0.027096141129732132,-0.03203453868627548
0.009718654677271843,0.00741676427423954,0.020542385056614876,0.023623978719115257,-0.07694537192583084,-0.0024358041118830442,0.04403942450881004,-0.02839701436460018,-0.02323039062321186,-0.06614707410335541,0.051547806710004807,-0.015336989425122738,0.09364228695631027,-0.010491068474948406,0.012881356291472912,0.08598493039608002,0.059304408729076385,-0.04887731373310089,-0.056780967861413956,-0.042727358639240265,-0.11733833700418472
0.014861514791846275,0.051429569721221924,-0.04336528107523918,-0.07968996465206146,-0.022666098549962044,-0.026299159973859787,0.020164377987384796,0.10592564195394516,-0.06036227568984032,-0.01871178112924099,0.04231703281402588,-0.002462277188897133,-0.12382923066616058,-0.005933267995715141,-0.046951476484537125,-0.012083659879863262,0.002069862326607108,0.035744909197092056,0.02599678374826908,-0.035367757081985474,0.025878388434648514
-0.02961144596338272,0.006441569421440363,-0.031044797971844673,0.0411514975130558,-0.0034784902818500996,0.0024332411121577024,-0.023077726364135742,-0.013795788399875164,0.045884840190410614,-0.010148873552680016,0.001996225444599986,-0.039501916617155075,0.005623048171401024,-0.03019813261926174,0.005239163059741259,0.010019190609455109,-0.010673447512090206,0.023732857778668404,-0.02076990157365799,-0.015180076472461224,-0.03916517272591591
0.013348020613193512,0.03577203303575516,0.045414287596940994,0.0266395453363657,0.001624006894417107,-0.018349282443523407,0.00017932940681930631,0.01567339338362217,0.007798788603395224,-0.043176472187042236,0.0022482015192508698,0.03712981939315796,-0.05079531669616699,0.002395166317000985,0.024160658940672874,-0.04574250802397728,-0.0017615845426917076,0.0049870070070028305,0.03737664967775345,0.10736607015132904,-0.05530437082052231
-0.02275848761200905,-0.020886681973934174,0.004217923153191805,0.0030131374951452017,0.0065492261201143265,0.008579602465033531,-0.0036643987987190485,-0.04142748564481735,0.008895090781152248,0.05749066546559334,0.06721656024456024,-0.031896963715553284,0.015647685155272484,0.10508023202419281,-0.001078950590454042,-0.011141937226057053,-0.05970192328095436,-0.0007124691037461162,0.030963337048888206,-0.02563260868191719,0.044585343450307846
-0.021962879225611687,-0.022724615409970284,-0.0034709807951003313,0.036330681294202805,-0.04767964780330658,-0.006879108492285013,-0.0033392608165740967,0.01179965864866972,-0.0286047775298357,-0.010861828923225403,-0.018329143524169922,0.05920124053955078,0.032541997730731964,-0.014500999823212624,-0.08177026361227036,-0.0632527768611908,-0.048698943108320236,-0.006324856076389551,0.01695234887301922,0.049841467291116714,-0.051292117685079575
0.030380332842469215,0.08022226393222809,-0.051916345953941345,0.0029683217871934175,-0.02710038609802723,0.00307850306853652,0.019982008263468742,-0.051973458379507065,-0.025746304541826248,-0.032526466995477676,-0.007884249091148376,0.034729886800050735,-0.01226807851344347,-0.025283869355916977,0.04263633117079735,-0.031448494642972946,0.03188888728618622,0.03011395037174225,0.012987989000976086,-0.027484208345413208,-0.04059820622205734
0.026254864409565926,0.02170667238533497,-0.03813375160098076,-0.009701516479253769,0.030087459832429886,0.028220418840646744,0.013964070938527584,0.01683793030679226,-0.0046942634508013725,0.01443039532750845,0.02613377384841442,-0.017102127894759178,-0.009284966625273228,0.01848018728196621,-0.06860046088695526,-0.0008100564009509981,-0.027736935764551163,-0.010375398211181164,0.04341164976358414,0.018418099731206894,-0.018084106966853142
-0.00023087742738425732,-0.054667990654706955,-0.04004655033349991,-0.011051192879676819,0.03418634831905365,0.03718477487564087,0.017033720389008522,-0.04249712452292442,-0.09283757954835892,0.004336374346166849,-0.002295848447829485,-0.003822241211310029,-0.008916200138628483,-0.06497340649366379,-0.04992683604359627,-0.002485920675098896,-0.07782916724681854,-0.009815084747970104,0.00859066005796194,-0.015993289649486542,-0.0506015382707119
0.052969418466091156,0.01714632846415043,-0.02570379339158535,0.004127556923776865,-0.0012732347240671515,-0.01845148578286171,0.12028509378433228,0.01580054871737957,-0.0006938233273103833,-0.00816292967647314,-0.01722584292292595,-0.004514884203672409,0.01830657571554184,0.033594854176044464,-0.0060276552103459835,-0.06715954840183258,-0.008413339965045452,0.15097366273403168,-0.14276109635829926,-0.02298073284327984,0.02737666480243206
0.022301720455288887,0.017799559980630875,0.05811013653874397,-0.02798621729016304,-0.00394937489181757,-0.002809824887663126,-0.014397302642464638,-0.03358358517289162,-0.0898008644580841,0.04167022556066513,-0.02496291697025299,-0.01082727499306202,0.026658669114112854,-0.04459650442004204,-0.0055573368445038795,-0.025952911004424095,0.006283977534621954,0.015278276056051254,0.018615903332829475,-0.11079997569322586,0.024734707549214363
0.06630433350801468,-0.04124196618795395,0.030001144856214523,0.01149532850831747,0.00987533014267683,0.04033448174595833,0.014629527926445007,0.07689648121595383,0.05743728205561638,0.08228228241205215,-0.08246489614248276,-0.029284775257110596,-0.14285331964492798,0.02086198888719082,0.08094426244497299,0.0521557591855526,-0.052230656147003174,-0.01826097071170807,0.05150628834962845,-0.11547046154737473,-0.08814490586519241
-0.14097906649112701,-0.06171097233891487,0.025228943675756454,-0.0067685567773878574,-0.005993187427520752,-0.0358666256070137,0.0014300777111202478,0.021867850795388222,-0.04157792031764984,-0.005071138497442007,0.02670314535498619,-0.01524833869189024,-0.039327505975961685,0.021028192713856697,-0.09845377504825592,-0.004964965861290693,-0.009915662929415703,0.01983814127743244,-0.026011081412434578,-0.016553625464439392,0.07012348622083664
0.0066074468195438385,0.06901683658361435,0.004091709852218628,-0.013811337761580944,-0.0030089858919382095,-0.006938557140529156,0.011804821901023388,-0.004024329129606485,0.0015814825892448425,0.09334762394428253,-0.025957830250263214,0.07737161219120026,0.03764120861887932,-0.015400337055325508,-0.007770052645355463,-0.025490587577223778,-0.01615428552031517,0.0036289342679083347,-0.0788688212633133,-0.019838301464915276,0.04251330345869064
0.015394925139844418,0.004475576337426901,0.018957560881972313,-0.00082356360508129,0.01015088427811861,-0.03847673162817955,-0.036746036261320114,0.025896720588207245,0.026953231543302536,0.02043149620294571,0.12574230134487152,0.009596941992640495,-0.03006783127784729,0.022642314434051514,-0.010321885347366333,-0.022163549438118935,-0.013241271488368511,0.002170093357563019,0.02867596596479416,0.007560818921774626,0.006177910137921572
-0.02442159503698349,-0.02355717495083809,0.04525744542479515,0.04021210968494415,-0.011728198267519474,0.009912698529660702,-0.03761017322540283,-0.03407484292984009,0.04826882481575012,0.12102869153022766,-0.013101461343467236,-0.003182414686307311,0.019830619916319847,0.01053459569811821,-0.010557581670582294,-0.10327155143022537,0.0013244056608527899,-0.0020698171574622393,-0.006182612385600805,-0.04881664365530014,-0.023475483059883118
0.06584011018276215,0.012239031493663788,0.08425632864236832,-0.02531435713171959,-0.039056409150362015,-0.01364891231060028,0.028048885986208916,0.06870999932289124,0.0027153263799846172,0.06367295980453491,-0.03866933286190033,0.10837552696466446,-0.12521152198314667,-0.09814909845590591,0.02423730120062828,0.0356476828455925,-0.002755355089902878,0.028098396956920624,-0.0055086128413677216,-0.05275564640760422,-0.05319247767329216
0.05022256821393967,0.046248313039541245,0.028271283954381943,0.02775758132338524,-0.02053247205913067,0.025225771591067314,-0.023362332955002785,-0.06390893459320068,0.041976772248744965,0.046363990753889084,-0.019224101677536964,0.011370377615094185,0.0477745346724987,0.04089732840657234,0.0436130091547966,-0.029135093092918396,0.017259610816836357,-0.0006868189666420221,-0.0001357220025965944,0.007852127775549889,0.20804525911808014

Slice 39
-0.010088793002068996,-0.015317033044993877,-0.018528860062360764,0.05589089170098305,0.007206724490970373,0.039287764579057693,-0.004319342784583569,-0.018941590562462807,-0.0003216819022782147,-0.03405478224158287,-0.04494646564126015,-0.025526922196149826,-0.02568434365093708,0.011513270437717438,-0.03101276233792305,0.01585434563457966,0.02977306768298149,-0.0009227378177456558,-0.004413236398249865,-0.021856682375073433,0.04697541892528534
-0.01723542809486389,0.011138614267110825,-0.03643695265054703,0.007260111626237631,0.0018977265572175384,-0.09701033681631088,-0.010570083744823933,-0.025706423446536064,0.00518086226657033,0.018998950719833374,0.020924588665366173,-0.004679681267589331,0.05285931006073952,0.007981717586517334,0.04952327162027359,-0.008441340178251266,0.01738601177930832,-0.006894201040267944,-0.022979138419032097,0.04597258195281029,0.03186633810400963
-0.007518519647419453,-0.028050778433680534,-0.023250047117471695,-0.058174509555101395,-0.007554663345217705,-0.01888231374323368,-0.04681197553873062,-0.07180096209049225,-0.028864437714219093,-0.032252173870801926,0.01629026047885418,-0.00890157651156187,0.010621576569974422,0.012456604279577732,-0.017471203580498695,0.04006572067737579,0.010433537885546684,0.041680142283439636,0.01623421721160412,-0.042945388704538345,-0.014284811913967133
-0.020772894844412804,0.00017135811503976583,0.04068177938461304,0.008295875042676926,-0.04669731855392456,0.005874188616871834,0.028526779264211655,-0.017011035233736038,-0.00721789849922061,-0.0059204138815402985,-0.017693325877189636,-0.013203158043324947,0.04284943267703056,0.018527332693338394,-0.06551408022642136,-0.040728889405727386,0.017584823071956635,-0.023763706907629967,9.784698340808973e-05,-0.026369284838438034,-0.06456241756677628
-0.019540244713425636,-0.02693844400346279,-0.02022206410765648,0.041649699211120605,-0.01303221844136715,0.009819954633712769,-0.01377384178340435,0.013087223283946514,-0.044229280203580856,0.0010083166416734457,0.020515840500593185,0.0030595269054174423,-0.009631142020225525,-0.02157878316938877,-0.009928501211106777,0.0027251283172518015,-0.001000945339910686,-0.0070929694920778275,0.005826540756970644,-0.02018016390502453,0.022853685542941093
0.0006610637065023184,-0.00045079312985762954,-0.027953412383794785,0.044282589107751846,-0.005339901894330978,0.10084376484155655,-0.03932885825634003,-0.01402986142784357,0.04008198156952858,0.007670651189982891,0.022616196423768997,-0.019292138516902924,0.0015976678114384413,0.010052680037915707,-0.028140295296907425,0.009652093052864075,0.01075975876301527,-0.02353828400373459,0.024862730875611305,-0.00881159771233797,-0.025980500504374504
-0.008978447876870632,0.008419032208621502,0.013291575014591217,0.03493919596076012,-0.05537668988108635,0.0010233354987576604,0.05615906044840813,0.039629388600587845,-0.0029179747216403484,-0.022349808365106583,0.0016017805319279432,0.00729694589972496,-0.02017643302679062,-0.013773821294307709,-0.01390551682561636,-0.016622908413410187,-0.012788997031748295,-0.05169735848903656,0.02158096246421337,-0.0015714142937213182,-0.021945592015981674
0.00017462114919908345,0.00024241111532319337,0.027919745072722435,-0.04118378087878227,0.014691137708723545,0.017564095556735992,-0.03305856138467789,-0.008741389028728008,0.049490075558423996,-0.0014953791396692395,0.018643364310264587,0.02172902040183544,0.03036866895854473,-0.006261549890041351,-0.010662859305739403,-0.026582540944218636,0.024605028331279755,0.03150474652647972,0.041548050940036774,0.0281665176153183,0.02682369202375412
0.041755788028240204,0.007491991389542818,-0.03544025868177414,-0.020838238298892975,0.08765551447868347,-0.012976673431694508,0.003828546265140176,0.04793710634112358,-0.03317296504974365,0.019364988431334496,-0.014576951041817665,0.0070468406192958355,0.008489985950291157,0.02808513678610325,-0.08185512572526932,-0.028758905827999115,-0.03501985967159271,-0.010885041207075119,-0.0072928243316709995,-0.00910772942006588,-0.04934002086520195
0.03554467111825943,0.009566147811710835,0.009668917395174503,0.002555794781073928,0.04631977155804634,0.007325987331569195,0.011437516659498215,-0.02824227511882782,-0.028884906321763992,0.03133009746670723,0.004360489547252655,0.025641798973083496,0.03674205765128136,0.013773906975984573,0.029163096100091934,-0.05693110078573227,0.0570196807384491,0.0077791218645870686,0.020699838176369667,0.06425542384386063,0.07865232974290848
-0.008291211910545826,-0.00658150902017951,-0.005734260194003582,-0.008057861588895321,-0.0263231098651886,0.07582297921180725,-0.028218001127243042,0.0007708169287070632,-0.033417340368032455,0.013437741436064243,0.0016497389879077673,-0.011788830161094666,-0.004357711877673864,-0.029645394533872604,0.009629626758396626,-0.004240074194967747,-0.002573580015450716,0.007050929591059685,0.003846169449388981,-0.012539098039269447,-0.0011303710052743554
-0.0026632584631443024,-0.013454524800181389,-0.03670438006520271,0.017442742362618446,0.016744351014494896,0.024679556488990784,0.010792577639222145,-0.014659789390861988,0.009060602635145187,0.009158327244222164,0.00603053905069828,0.009733450599014759,-0.026772530749440193,0.012228628620505333,0.023534832522273064,0.005911046639084816,0.00486680306494236,-0.02484838292002678,-0.021276377141475677,0.007721278350800276,-0.05343274399638176
0.022638585418462753,0.012378617189824581,-0.009513321332633495,-0.0021140885073691607,-0.014110461808741093,-0.11672953516244888,-0.12729917466640472,0.007975571788847446,-0.024286631494760513,-0.012715096585452557,-0.02993321791291237,-0.016134563833475113,0.01826668344438076,0.02126971073448658,-0.017019856721162796,-0.006166515871882439,-0.01301558781415224,0.013371014036238194,-0.00871401559561491,0.0035508887376636267,0.028211819007992744
0.022752908989787102,0.02550416626036167,0.0356125608086586,-0.007820804603397846,0.03398510068655014,-0.000535550236236304,-0.005219642072916031,0.0006928373477421701,0.026565445587038994,-0.03848235309123993,0.024178223684430122,-0.003997446969151497,0.00851989071816206,-0.007726294454187155,0.07270536571741104,-0.08968716114759445,0.002124248305335641,-0.01242909301072359,0.008789077401161194,0.02696016989648342,-0.0019730336498469114
-0.021004704758524895,-0.002504241419956088,0.020900793373584747,-0.019646432250738144,-0.021487198770046234,-0.10478300601243973,-0.007676335517317057,0.03513021767139435,0.008946390822529793,0.05856645852327347,-0.0018450355855748057,0.013910628855228424,-0.05333729088306427,0.006431916728615761,0.03828845173120499,-0.0017214615363627672,0.0006046936032362282,-0.01333347987383604,-0.016443880274891853,-0.04990082234144211,-0.09574176371097565
-0.08254026621580124,0.0071906219236552715,-0.011408253572881222,0.019442301243543625,-0.005185960792005062,0.020321611315011978,-0.047877490520477295,0.020472537726163864,0.01119206566363573,0.005829541943967342,-0.014520225115120411,-0.021281633526086807,0.020742781460285187,-0.01804204098880291,-0.036885786801576614,-0.027936283499002457,-0.024553699418902397,-0.009386613965034485,-0.02135789580643177,-0.0025425709318369627,0.018195077776908875
0.026287097483873367,0.02672572247684002,0.03477887064218521,0.013835513964295387,-0.02922171913087368,-0.037238363176584244,0.014265166595578194,-0.009049712680280209,0.0034251222386956215,0.0024137257132679224,-0.01159244030714035,-0.01773243583738804,0.01603608950972557,-0.0046992115676403046,-0.005898636300116777,-0.029340559616684914,-0.04194372892379761,0.01076294481754303,-0.042520664632320404,-0.015270339325070381,0.008274116553366184
0.018973901867866516,-0.0038139040116220713,0.011752589605748653,0.007916264235973358,-0.1448344737291336,-0.01077412348240614,-0.004403878469020128,0.007803033106029034,0.0020746267400681973,0.002432454377412796,0.03647496923804283,-0.010621948167681694,0.022093454375863075,-0.0005233928095549345,0.01451734360307455,-0.0015494375256821513,-0.01966201514005661,0.02867206372320652,-0.005037364549934864,0.0603262335062027,0.023833388462662697
-0.014957079663872719,0.01843928173184395,-0.036043234169483185,0.021505411714315414,-0.05012255907058716,-0.002488493686541915,0.03294039145112038,0.007693443913012743,0.01886601187288761,0.046487268060445786,-0.011518063023686409,-0.0003697316278703511,-0.06078915297985077,-0.001117492327466607,-0.011152791790664196,0.04402574524283409,0.01685783825814724,-0.025998519733548164,-0.002273604506626725,-0.04015642777085304,0.0389377698302269
-0.003305222140625119,0.00844099186360836,-0.08567247539758682,-0.02522180788218975,0.03309717774391174,0.010315075516700745,-0.03282695263624191,-0.08818095922470093,-0.06273551285266876,0.038467708975076675,0.07601383328437805,0.02580905146896839,0.005749559961259365,-0.0013125346740707755,-0.030486593022942543,-0.044612474739551544,-0.04612026736140251,-0.014850608073174953,-0.07649301737546921,0.0001976596686290577,0.07060644030570984
0.0047926586121320724,-0.015552565455436707,0.02328510582447052,0.011973097920417786,-0.05158723518252373,0.02542496658861637,0.011028881184756756,0.0006445666076615453,0.038466114550828934,0.05406991019845009,0.03139195591211319,0.021170156076550484,0.08052072674036026,0.0006680589285679162,0.026510870084166527,0.0012513226829469204,0.010553961619734764,0.01555341575294733,0.05761601775884628,0.06830015778541565,0.033457331359386444

Slice 40
-0.007805730681866407,0.10876966267824173,0.0318908728659153,-0.03136519342660904,-3.274268237873912e-06,0.031480174511671066,0.0007783987675793469,-0.01234634779393673,-0.0039376202039420605,0.008430516347289085,0.08442675322294235,0.045576468110084534,-0.07858799397945404,-0.004526990000158548,0.02239842154085636,-0.01030796393752098,-0.05089746043086052,0.010875886306166649,-0.0006086438661441207,0.011617599055171013,-0.06686501950025558
0.03486734628677368,-0.06476613879203796,0.013691513799130917,0.002867669565603137,0.012723236344754696,-0.04403630644083023,0.018452579155564308,0.044175583869218826,-0.01689719222486019,-0.040334783494472504,0.12650112807750702,0.014859064482152462,-0.038400404155254364,0.009843463078141212,0.007849650457501411,0.030340220779180527,-0.04847278073430061,0.02655099704861641,0.01171212736517191,0.04468272253870964,-0.01079489104449749
-0.015894830226898193,0.038766197860240936,0.02443084679543972,-0.01880721189081669,-0.026808423921465874,0.0769449919462204,0.05537085980176926,-0.05214036628603935,-0.05372796580195427,-0.06675978749990463,0.055028196424245834,0.02304871380329132,0.0005248652305454016,-0.03729857876896858,-0.0237627811729908,-0.06225451081991196,-0.024987081065773964,-0.050627198070287704,-0.00902462936937809,0.007682484108954668,-0.004646508954465389
5.880376556888223e-05,-0.031776249408721924,-0.01460416242480278,-0.024954449385404587,0.11517254263162613,0.016418637707829475,-0.053316786885261536,0.016595998778939247,0.01983998715877533,0.0641026571393013,-0.05921471118927002,0.014635938219726086,-0.11297542601823807,-0.019261032342910767,0.00961877778172493,-0.056751783937215805,-0.07282151281833649,0.08230596780776978,0.07921215891838074,0.02215956337749958,0.12461747974157333
0.004141644109040499,-0.041378457099199295,0.054863154888153076,0.06691533327102661,0.028330430388450623,0.045934274792671204,-0.00661917869001627,-0.094955213367939,0.0784153863787651,0.023674331605434418,-0.05786161497235298,0.00034007077920250595,0.08982376009225845,0.01905987598001957,0.05210219323635101,0.006424620281904936,-0.002703702775761485,-0.03208991140127182,-0.03782391920685768,0.0314294695854187,-0.043731849640607834
0.04310881346464157,-0.017957326024770737,0.03281676396727562,-0.043574053794145584,0.009605937637388706,-0.03552156686782837,0.02395128458738327,0.00872070249170065,-0.059328723698854446,-0.004950386006385088,-0.02714354358613491,0.0526413731276989,-0.02175901085138321,0.0200603436678648,0.009929833002388477,0.0013400675961747766,0.03265382722020149,-0.03440041467547417,0.012495609000325203,0.02525235339999199,0.03173244372010231
-0.026034291833639145,-0.04348797723650932,-0.04267066717147827,-0.038830675184726715,0.023461531847715378,0.01570499688386917,-0.0006575596635229886,-0.015465822070837021,0.013019725680351257,0.06542368233203888,0.005395038519054651,-0.04374970495700836,0.04067651927471161,0.00836341455578804,-0.011352033354341984,0.08080890029668808,0.013767379336059093,0.02863890491425991,-0.05776811018586159,-0.11767058819532394,0.10918637365102768
0.03363899141550064,0.004471954889595509,-0.0220047477632761,0.015847962349653244,-0.0031267981976270676,-0.026658406481146812,-0.00030994517146609724,0.03485744819045067,-0.0017705702921375632,-0.0724015161395073,-0.085364431142807,0.025159593671560287,-0.015247623436152935,-0.07605237513780594,0.032875366508960724,0.03012528270483017,0.04269375279545784,0.006338357459753752,-0.051314324140548706,0.02078782580792904,-0.02808362990617752
0.02384696900844574,0.03978956863284111,0.01945699006319046,-0.043951570987701416,0.02750360034406185,-0.002485243370756507,0.0024269288405776024,-0.016286492347717285,0.03976549953222275,-0.014023477211594582,0.029948053881525993,-0.057283591479063034,-0.015293720178306103,0.01140473410487175,0.08884225785732269,0.08368675410747528,0.0825357586145401,0.0341716930270195,-0.00948103703558445,-0.017965199425816536,0.03987136855721474
-0.016273438930511475,-0.087559275329113,0.07647759467363358,0.033780787140131,0.024785183370113373,0.004317790735512972,-0.0003813517978414893,0.07440449297428131,0.05705627053976059,0.08436889946460724,0.01785736344754696,-0.007832520641386509,0.021917590871453285,0.03909260779619217,-0.011313189752399921,0.08647025376558304,-0.041675958782434464,-0.04483417421579361,-0.023869145661592484,0.03899497166275978,0.04356859251856804
-0.035269685089588165,-0.010802185162901878,0.02846238762140274,-0.00018285073747392744,-0.03277778998017311,-0.06487779319286346,-0.03256382420659065,-0.023023458197712898,0.025137167423963547,-0.008793763816356659,-0.025221064686775208,0.020577622577548027,0.0035709708463400602,-0.027503972873091698,0.062183741480112076,0.0028396055568009615,0.022085202857851982,0.02132575586438179,-0.024610700085759163,-0.02101440355181694,0.009679093025624752
0.023544223979115486,0.05646052584052086,0.060595881193876266,-0.001282230601646006,-0.03595241904258728,-0.017641689628362656,-0.0315522700548172,0.032906580716371536,0.0709819495677948,-0.0053765117190778255,-0.0015175134176388383,0.0022879906464368105,0.010680374689400196,0.05467921867966652,0.044638656079769135,0.001436300459317863,0.08597849309444427,0.03344377502799034,-0.011927678249776363,-0.014547204598784447,0.07104626297950745
-0.020818112418055534,-0.02291441522538662,0.037121064960956573,-0.013380622491240501,0.003879613010212779,0.03566189855337143,-0.15816345810890198,-0.013175146654248238,-0.012127712368965149,0.05566414073109627,0.05966551974415779,0.0030109304934740067,-0.020183570683002472,-0.05454432591795921,0.00958910584449768,0.05890421196818352,0.011844929307699203,-0.13552339375019073,0.16001549363136292,0.005475673358887434,0.01508782897144556
-0.04298774152994156,-0.011223272420465946,-0.07751011848449707,0.026427770033478737,-0.012078835628926754,0.0026717842556536198,0.019185561686754227,0.028836369514465332,0.08251960575580597,-0.03290920704603195,0.0192558690905571,0.0017394678434357047,-0.0222771018743515,0.061968784779310226,-0.006210449151694775,-0.019733214750885963,-0.008985328488051891,-0.005180266220122576,-0.028796706348657608,0.08714380860328674,-0.042813029140233994
-0.08563419431447983,0.0400666669011116,-0.03615422546863556,0.0007810383685864508,-0.041779886931180954,-0.05623624101281166,-4.9592996219871566e-05,-0.11492566019296646,-0.0563863068819046,-0.10447937250137329,0.08754190802574158,0.029830552637577057,0.18657228350639343,-0.02930263802409172,-0.08798325806856155,-0.06733636558055878,0.04930131137371063,0.03340777009725571,-0.05118643864989281,0.1451825350522995,0.1044309213757515
0.18018214404582977,0.08284474164247513,-0.04275127127766609,0.006073866505175829,0.016285784542560577,0.05312028154730797,0.029810037463903427,-0.03434830904006958,0.03189852833747864,-0.01329073403030634,-0.016908949241042137,0.046307675540447235,0.033733367919921875,-0.024745214730501175,0.11117495596408844,0.021433042362332344,-0.0016453199787065387,-0.029160505160689354,0.047083690762519836,0.009660014882683754,-0.09578070789575577
-0.016424190253019333,-0.08281120657920837,-0.03110179677605629,-0.003485023742541671,0.02940286323428154,0.0019219501409679651,-0.028639817610383034,-0.0005114352097734809,-0.013909214176237583,-0.10636785626411438,0.021371686831116676,-0.04468061402440071,-0.053113847970962524,0.010046917013823986,0.009472576901316643,0.026598146185278893,0.039270851761102676,-0.01236813049763441,0.09623564779758453,0.021952738985419273,-0.05885767936706543
0.00898614339530468,-0.0034742846619337797,-0.003861577482894063,-0.0015903629828244448,0.009426943026483059,0.04666271060705185,0.02895100973546505,-0.03508715331554413,-0.01943240314722061,-0.031147025525569916,-0.12704476714134216,-0.01641754060983658,0.014047774486243725,-0.02580295503139496,0.0253728199750185,0.02531757764518261,0.019856033846735954,-0.01600315049290657,-0.019355515018105507,-0.03416499122977257,-0.0191618874669075
0.03976346179842949,0.01728157512843609,-0.04828067123889923,-0.060480136424303055,0.005717953201383352,-0.0177209060639143,0.0246786680072546,0.06619386374950409,-0.03952109441161156,-0.13369035720825195,0.018526969477534294,0.0072951773181557655,-0.009951812215149403,-0.019030313938856125,0.009679198265075684,0.0869157463312149,-0.0043640960939228535,0.008527018129825592,-0.005716015584766865,0.03525716811418533,0.02317328378558159
-0.04881015419960022,-0.02857426181435585,-0.03354930505156517,0.03641136735677719,0.050235260277986526,-0.0028841649182140827,0.003123170929029584,-0.02836267277598381,0.05421155318617821,-0.09288683533668518,0.008230774663388729,-0.11220332235097885,0.10551321506500244,0.09587092697620392,-0.0092292046174407,0.01472604088485241,0.011291530914604664,-0.006917137652635574,0.05168826878070831,0.07383155822753906,0.032737310975790024
-0.018826443701982498,-0.03641914948821068,-0.014600630849599838,-0.030385782942175865,0.0051993816159665585,-0.019076984375715256,0.010261869989335537,0.08731567114591599,-0.06416814029216766,-0.0365968681871891,0.0045839836820960045,-0.018294116482138634,-0.05476277321577072,-0.05241117998957634,-0.04423712566494942,0.02484029531478882,-0.015158269554376602,0.009718350134789944,-0.016217127442359924,0.006031213328242302,-0.11759568750858307

Slice 41
0.007057515904307365,0.023905007168650627,0.008371750824153423,0.03240618482232094,0.0047805835492908955,0.018288472667336464,0.010516755282878876,-0.028066879138350487,-0.017376041039824486,0.006437772419303656,0.024065086618065834,0.02107282169163227,-0.06297867000102997,-0.007002565544098616,-0.0230306014418602,-0.0006147230742499232,-0.014248654246330261,0.005281828809529543,0.005610703956335783,0.02177482284605503,-0.010861906222999096
0.0109074916690588,-0.031631793826818466,-0.01125610712915659,0.010947137139737606,0.00703410105779767,-0.09570050984621048,0.018315674737095833,0.01868557743728161,0.0002865760470740497,-0.018078085035085678,0.09606166183948517,0.005373153369873762,-0.0003387236502021551,0.011576741002500057,0.0382687970995903,0.0029510746244341135,-0.02325359918177128,0.002363945124670863,0.006189321167767048,0.018652543425559998,0.0002976731047965586
-0.025662560015916824,0.0021947312634438276,-0.01505550742149353,-0.011958577670156956,-0.011636666022241116,0.01328815147280693,0.006505096331238747,-0.025415705516934395,-0.054635632783174515,-0.11551208794116974,0.04315849393606186,-0.012731664814054966,0.019283907487988472,-0.017000429332256317,-0.039571382105350494,-0.035880766808986664,-0.020888207480311394,-0.019787821918725967,-0.003987940493971109,-0.06310419738292694,-0.03443313390016556
-0.016995226964354515,-0.03631765767931938,0.007089736871421337,-0.00846797414124012,0.06443235278129578,0.020803043618798256,-0.0015807402087375522,0.003343616845086217,0.0020561108831316233,0.026345277205109596,-0.03640773147344589,-0.007907229475677013,-0.0559244304895401,-0.033751022070646286,-0.0324992835521698,-0.023950738832354546,-0.02045854739844799,0.0611417181789875,0.018151024356484413,-0.027672357857227325,0.009525681845843792
-0.004795849788933992,-0.02767622470855713,0.011803262867033482,0.043870922178030014,0.01702243648469448,0.039177339524030685,-0.01709822006523609,-0.03971786051988602,0.007456766441464424,0.01969190686941147,-0.02234756387770176,0.0011553295189514756,0.013907620683312416,0.0018743178807199001,0.013604470528662205,0.0009371500345878303,-0.00261456030420959,-0.01647242158651352,-0.015503606759011745,-0.002029916737228632,-0.0022036617156118155
0.02627447433769703,-0.017956141382455826,-0.01035921648144722,0.0016744430176913738,0.003927373327314854,0.03360344469547272,-0.00023827147379051894,0.0037183731328696012,0.0014892950421199203,0.008659368380904198,-0.025915155187249184,0.013684242032468319,-0.03856174647808075,-0.0008962497813627124,0.0006589809781871736,0.025754638016223907,0.03617775812745094,-0.0246750395745039,0.013380592688918114,-0.0005653222324326634,0.006999303121119738
-0.02126123383641243,-0.016093630343675613,-0.010069670155644417,0.0002831241290550679,0.0016367391217499971,0.008432643488049507,0.02180318906903267,0.029437709599733353,0.003432033583521843,0.010694925673305988,0.006541266106069088,-0.0291863065212965,0.015035049058496952,0.00034889497328549623,-0.022172531113028526,0.03927364572882652,-0.004383195657283068,0.004245650488883257,-0.025561584159731865,-0.05201615393161774,0.05194433405995369
0.02374504692852497,-0.013714319095015526,-0.024278517812490463,-0.010646069422364235,0.013715486042201519,-0.01408650167286396,-0.010290051810443401,0.004971771501004696,0.03937392681837082,-0.012872971594333649,-0.037343863397836685,0.019644036889076233,0.03012848272919655,0.0158500038087368,0.0388113372027874,0.007431291975080967,0.015389777719974518,0.05235181376338005,-0.009062528610229492,0.02556595392525196,0.032552871853113174
0.05148482322692871,0.037581298500299454,0.002969186520203948,-0.05449187010526657,0.05245618522167206,-0.011706211604177952,0.019620664417743683,0.025380218401551247,0.024058198556303978,-0.018319614231586456,0.011746176518499851,-0.02282176911830902,0.008417416363954544,0.010767923668026924,-0.03590206801891327,0.021263398230075836,0.042638543993234634,0.021097108721733093,-0.0035733827389776707,0.012988152913749218,0.003848549211397767
-0.02104170434176922,-0.030302219092845917,0.015538650564849377,-0.009720664471387863,0.03886663168668747,-0.00927453488111496,-0.027109365910291672,0.022058624774217606,-0.00019236505613662302,0.051348160952329636,0.017951257526874542,-0.02046370506286621,0.03733579441905022,0.012731893919408321,0.006590379402041435,0.01813649758696556,-0.017947277054190636,-0.0381118580698967,-0.00844453927129507,0.06892139464616776,0.06353296339511871
-0.03286508098244667,0.003144138725474477,-0.006474579684436321,-0.018586812540888786,-0.02927105501294136,0.007420929614454508,-0.04889800399541855,-0.011613504029810429,0.008023153990507126,0.015564094297587872,-0.004456086549907923,0.011768179945647717,-0.004379886668175459,-0.040232934057712555,0.028831131756305695,0.006739021744579077,-0.00040833541424944997,0.028470473363995552,0.01860053464770317,-0.012767983600497246,-0.005990259349346161
0.031172655522823334,0.008830569684505463,0.012730501592159271,0.012063303962349892,-0.009517982602119446,0.023722926154732704,-0.004835959058254957,0.003475541714578867,0.0037200746592134237,-0.006098268553614616,0.00031317290267907083,0.005988783203065395,0.016730356961488724,0.008740758523344994,0.02935018390417099,0.0012591854901984334,0.04242541268467903,0.03381437063217163,-0.02683449536561966,-0.007144629023969173,0.01626761071383953
0.04288233444094658,-0.008171315304934978,0.1281805783510208,-0.006319812964648008,-0.02771921642124653,-0.028460627421736717,-0.08261276036500931,-0.013780022040009499,-0.01579698920249939,0.018508801236748695,0.04846588149666786,-0.0023294880520552397,0.012669870629906654,-0.014302690513432026,-0.004127691499888897,0.01745731569826603,-0.002192714484408498,-0.06601642817258835,0.07661868631839752,-0.03105291537940502,0.02360493130981922
-0.01210850104689598,0.026842258870601654,-0.02368122711777687,0.0019593609031289816,0.009165364317595959,0.007706796750426292,0.02533705346286297,0.011536876671016216,0.036840301007032394,-0.02292683906853199,0.0206675473600626,-0.0011895722709596157,0.0021414340008050203,0.038824841380119324,0.02940542809665203,-0.09279462695121765,0.004895678721368313,0.006969443988054991,-0.014961757697165012,0.029660627245903015,-0.015577485784888268
-0.0369681753218174,0.008153709582984447,-0.010788297280669212,0.00535123236477375,-0.06172042340040207,-0.08304125815629959,0.020340334624052048,-0.036592934280633926,-0.013064950704574585,-0.008558961562812328,0.03678332641720772,0.026777561753988266,0.05962369218468666,-0.008051890879869461,0.016539545729756355,-0.02654942311346531,0.021156709641218185,0.011861379258334637,-0.025882640853524208,0.05721813812851906,0.01837269216775894
0.047772929072380066,0.062464747577905655,-0.02070615440607071,0.016322720795869827,0.008059686049818993,0.0563993975520134,0.019455501809716225,-0.016378849744796753,0.0024222014471888542,-0.015322845429182053,-0.006207142025232315,0.0404023602604866,0.022629331797361374,-0.028292659670114517,0.009096787311136723,0.005578223615884781,-0.03566949814558029,-0.029714833945035934,0.02505367435514927,0.002069386187940836,-0.025888320058584213
0.013281418941915035,-0.01964944414794445,-0.0077992272563278675,0.0008629165240563452,0.017103755846619606,-0.02269158326089382,-0.012655452825129032,-0.004163401201367378,-0.002966610249131918,-0.03740673139691353,-0.00906609557569027,0.013571041636168957,-0.016049161553382874,-0.0049026599153876305,-0.0015868108021095395,-0.014036694541573524,0.013721379451453686,-0.0016189550515264273,0.02532140538096428,0.009638205170631409,-0.02140287309885025
0.030393412336707115,-0.002049531089141965,0.023150870576500893,-0.0002807094424497336,-0.0473056435585022,0.025748474523425102,0.0022929294500499964,-0.0027860673144459724,0.004349726252257824,0.021747978404164314,-0.03695080801844597,-0.010105891153216362,-0.0024207718670368195,-0.01064335834234953,0.04753250256180763,0.01571819931268692,0.004342548083513975,0.012634514831006527,0.003135062986984849,0.012762251310050488,0.008409052155911922
0.023485329002141953,0.008024604991078377,-0.03572501987218857,-0.0201826523989439,-0.03922773152589798,-0.011067599058151245,0.0022630649618804455,0.03642646223306656,0.02824440971016884,-0.0342617966234684,0.005409047473222017,0.018178831785917282,-0.02765759825706482,-0.012640092521905899,-0.0017286911606788635,0.040415506809949875,0.009665439836680889,-0.004303665366023779,-0.022805335000157356,-0.02487516961991787,0.03577294945716858
-0.02875627391040325,-0.022046465426683426,-0.07214865833520889,0.015651382505893707,0.05149448662996292,-0.020926879718899727,-0.03581669554114342,-0.04983202740550041,0.022850966081023216,-0.040029823780059814,0.025804031640291214,-0.034367501735687256,0.04777204990386963,0.02106889896094799,-0.003631223924458027,0.019792288541793823,-0.03533082455396652,0.00360010820440948,0.004012406338006258,0.037098903208971024,0.026494266465306282
0.029010489583015442,-0.00959214847534895,0.0010800480376929045,0.008197564631700516,-0.04848089814186096,-0.004676909185945988,-0.002367220586165786,0.04135230928659439,-0.02092735655605793,-0.0024974967818707228,0.012952134013175964,0.03183271363377571,0.01647898182272911,-0.03134951740503311,-0.003377861576154828,0.013158855959773064,0.007452461868524551,0.01628814823925495,0.018557202070951462,0.04186159744858742,-0.012833813205361366

Slice 42
0.0546906478703022,0.0031065314542502165,0.003420660039409995,-0.01159335020929575,-0.00030345760751515627,-0.07949816435575485,0.021049292758107185,-0.010585123673081398,-0.04408116266131401,0.012208018451929092,0.16051721572875977,0.07411623746156693,-0.010187393985688686,-0.03437265008687973,-0.03882499411702156,-0.02836749143898487,-0.05440028756856918,0.0045944140292704105,0.020962459966540337,0.06549422442913055,-0.1265166848897934
0.033201590180397034,-0.04205428436398506,0.05343276634812355,0.004655865021049976,-0.0017227533971890807,0.08422592282295227,0.049346212297677994,0.056301299482584,-0.0009100098395720124,-0.03602898493409157,0.09678413718938828,-0.0019297838443890214,-0.05472038686275482,-0.004075614735484123,-0.03748076781630516,-0.0022525645326822996,-0.05943726375699043,-0.011570939794182777,0.059041570872068405,-0.09550243616104126,-0.06112726405262947
0.026564456522464752,0.03149298578500748,0.03674647584557533,0.12552928924560547,0.04332783445715904,0.04098038002848625,0.07453029602766037,0.18559497594833374,0.004455042537301779,-0.06125554442405701,0.01737002469599247,-0.009913424961268902,-0.01119902078062296,-0.011682816781103611,0.006046160124242306,-0.09427513182163239,-0.016393324360251427,-0.042343903332948685,-0.030192261561751366,-0.003690337762236595,0.0031979402992874384
0.05901164188981056,-0.06375923752784729,-0.011305178515613079,0.00714557059109211,0.15624593198299408,0.023230740800499916,0.0049128225073218346,0.005131550133228302,0.027735337615013123,0.015566944144666195,0.004900319501757622,-0.0017815512837842107,-0.07296611368656158,-0.10105928033590317,0.09557832777500153,0.11199196428060532,-0.019814688712358475,0.1295175701379776,-0.002719552954658866,0.004556575790047646,0.038190945982933044
0.024499807506799698,0.04514135420322418,0.025128129869699478,-0.07416670769453049,0.03367273136973381,0.057965729385614395,0.03367200866341591,-0.01745818927884102,0.045464079827070236,-0.010187091305851936,-0.048123862594366074,-0.008647396229207516,-0.05612720921635628,0.036324940621852875,0.018950577825307846,-0.02166144549846649,-0.003977557178586721,0.005086244083940983,-0.022342661395668983,-0.006146630737930536,-0.045322235673666
0.023375770077109337,-0.03189098834991455,-0.0007644936558790505,-0.0499199703335762,0.03630046918988228,-0.14064157009124756,0.0403442308306694,0.007749496027827263,-0.013902146369218826,-0.015884511172771454,-0.08716818690299988,0.02656744234263897,-0.08809409290552139,-0.045250970870256424,0.06406205147504807,0.0371224582195282,0.054673656821250916,0.0033313340973109007,-0.03464089334011078,0.027663886547088623,0.016738755628466606
-0.02581031247973442,-0.015010212548077106,0.009941985830664635,-0.03634287416934967,0.1138981357216835,0.009251129813492298,-0.02063746005296707,-0.01145212259143591,0.05366595461964607,0.054856523871421814,0.01876799203455448,-0.02430025115609169,0.00010913361620623618,0.040979888290166855,0.02422458864748478,0.08974960446357727,0.032431621104478836,0.13858573138713837,-0.062079865485429764,-0.00686229020357132,0.07404777407646179
0.026327192783355713,-0.04632747918367386,-0.05942991003394127,0.05773981660604477,-0.0017199123976752162,-0.0698128417134285,0.050494808703660965,-0.013930759392678738,-0.017426330596208572,-0.019611673429608345,-0.054153911769390106,-0.03725508600473404,0.01509962696582079,0.10855771601200104,0.07324853539466858,0.04404108226299286,-0.0641762986779213,0.037742577493190765,-0.07123899459838867,-0.02543402463197708,0.056880515068769455
0.015244278125464916,0.0424567274749279,0.06534642726182938,-0.037225306034088135,-0.11855335533618927,-0.010151727125048637,-0.0004390875401441008,-0.005914316046983004,0.1007775068283081,-0.06621348112821579,0.03345886245369911,-0.005966381169855595,0.03944871574640274,-0.028565693646669388,0.05179024487733841,0.04080791771411896,0.1064252257347107,0.07353410124778748,0.023226745426654816,0.029766909778118134,0.03952057287096977
-0.06475631147623062,-0.007828980684280396,0.023428885266184807,-0.008392130956053734,-0.0278454776853323,-0.021704915910959244,-0.016662726178765297,0.04543158784508705,0.027430875226855278,-0.018583232536911964,0.024665819481015205,-0.06880365312099457,-0.002217356814071536,-0.027603590860962868,-0.04337122663855553,0.12156009674072266,-0.11777881532907486,-0.06370188295841217,-0.04478084295988083,-0.0030229128897190094,-0.06626907736063004
-0.027403805404901505,0.037799812853336334,-0.0371023565530777,-0.029624730348587036,0.015387853607535362,-0.10907163470983505,-0.03207237645983696,-0.008147357031702995,0.07795758545398712,0.02325829677283764,0.009850956499576569,0.02885039523243904,0.005642885807901621,-0.009458801709115505,-0.009411721490323544,0.013157231733202934,-0.02332039549946785,0.03264429792761803,0.049550462514162064,0.01390532124787569,-0.023919787257909775
0.07186341285705566,-0.0013863617787137628,0.058700475841760635,-0.02514963038265705,-0.02095845900475979,0.03457365557551384,-0.01050604972988367,-0.010810264386236668,-0.07497517019510269,-0.024304445832967758,-0.01298205740749836,-0.001845519756898284,0.0530008003115654,-0.06332513689994812,-0.029786162078380585,-0.00428535183891654,0.012728611938655376,0.09545041620731354,0.0008980692364275455,-0.020275989547371864,0.10921570658683777
0.04027269035577774,-0.019286496564745903,0.03889422491192818,0.0021968060173094273,-0.03379823639988899,0.1255856454372406,0.06475240737199783,-0.00935151893645525,0.01960812509059906,0.0780521109700203,0.133885458111763,0.02415580488741398,0.016919270157814026,-0.03927695378661156,0.02406485006213188,-0.022226620465517044,0.010281541384756565,-0.013896864838898182,0.06155196204781532,-0.058101411908864975,0.06032209470868111
-0.035247381776571274,0.015252389945089817,-0.06153814122080803,-0.002039843937382102,-0.05030288174748421,0.01243329793214798,0.054019372910261154,-0.00507814297452569,-0.0442122183740139,0.06502056121826172,-0.03239430487155914,-0.0033614642452448606,0.027023054659366608,0.06499280780553818,-0.026973215863108635,-0.08557704836130142,0.00916728563606739,0.052517347037792206,-0.030408261343836784,-0.07118291407823563,-0.006662540137767792
-0.018589600920677185,-0.01186449732631445,-0.02252403274178505,0.028352079913020134,-0.08769134432077408,0.02431902103126049,0.05612124875187874,-0.0579959936439991,-0.0057026357389986515,-0.08251947909593582,0.002442590892314911,-0.010783854871988297,0.14166177809238434,-0.0214980635792017,0.018849017098546028,-0.027936948463320732,-0.025920521467924118,0.0233768280595541,0.016882171854376793,0.06865248084068298,0.1227872222661972
0.13556765019893646,0.056464049965143204,-0.014450755901634693,-0.01212732307612896,0.02747960388660431,0.05110403895378113,0.10744589567184448,-0.04836324602365494,-0.054516229778528214,-0.028092186897993088,0.040324170142412186,0.1078198179602623,-0.03847075253725052,-0.00301860342733562,0.019497083500027657,0.056110166013240814,-0.028367720544338226,-0.02041739784181118,0.07392817735671997,-0.009823196567595005,-0.028707988560199738
-0.019128790125250816,-0.036581795662641525,-0.07833525538444519,-0.043612487614154816,0.08757639676332474,-0.004178820177912712,-0.053099844604730606,-0.0009049642831087112,-0.010513617657124996,0.0019920747727155685,-0.016669072210788727,0.12404874712228775,-0.025163719430565834,-0.010948292911052704,0.001334915403276682,0.012852431274950504,0.08817488700151443,-0.021088307723402977,0.05832244083285332,0.03370552882552147,-0.03043651394546032
0.055484749376773834,0.0058473325334489346,0.06331700086593628,-0.004999476484954357,0.10307887941598892,0.03078862838447094,-0.008731912821531296,-0.004515203181654215,0.033765312284231186,0.008981015533208847,-0.031778089702129364,-0.003342056181281805,-0.06396693736314774,-0.003395375795662403,0.04789454862475395,0.018186910077929497,0.03516200929880142,-0.030879992991685867,0.04042263329029083,-0.07867075502872467,-0.017966942861676216
0.047231320291757584,-0.03705846145749092,0.02336527220904827,-0.053445469588041306,0.006108411122113466,-0.004831078462302685,-0.07610911875963211,0.014216926880180836,0.06318638473749161,-0.03858460113406181,0.02069912478327751,0.03051145374774933,0.07737337052822113,-0.018154799938201904,0.004260747693479061,-0.08030951023101807,-0.014177036471664906,0.03671162948012352,-0.04313202574849129,-0.006592883728444576,-0.025635331869125366
-0.04590802267193794,-0.05287516862154007,0.13559649884700775,0.029138898476958275,0.010931338183581829,-0.016105420887470245,0.018442079424858093,0.08746685832738876,0.08928217738866806,-0.10373380780220032,-0.13736377656459808,-0.019202901050448418,-0.05897122994065285,-0.05888278782367706,0.04716561734676361,0.1587258279323578,8.94530676305294e-05,0.0016168591100722551,0.14733600616455078,0.014341541565954685,-0.18127475678920746
0.05025064945220947,0.04885213077068329,0.02107905223965645,0.017413988709449768,-0.053011633455753326,-0.030746230855584145,-0.07450549304485321,0.05460786819458008,-0.11254412680864334,-0.05222098529338837,-0.057116709649562836,0.017472464591264725,-0.09065838903188705,-0.030469849705696106,-0.03675727918744087,-0.007149658631533384,0.0019835594575852156,0.004590082913637161,-0.08294564485549927,-0.06396587938070297,0.1641337275505066

Slice 43
0.06430672854185104,0.03920792043209076,0.004614550620317459,0.021777860820293427,-0.00017470805323682725,-0.03216543793678284,0.03336193040013313,-0.03978787735104561,-0.05583621934056282,0.03867274895310402,0.17139558494091034,0.08058375120162964,-0.08371195197105408,-0.033873286098241806,-0.04069807007908821,-0.03492671623826027,-0.08010208606719971,0.01722402684390545,0.020691171288490295,0.05213208124041557,-0.17747008800506592
0.05348687618970871,-0.08857691287994385,0.036949072033166885,0.01881065033376217,0.009535877965390682,-0.03480472043156624,0.06635331362485886,0.07547280192375183,-0.006847025826573372,-0.058755356818437576,0.20136019587516785,0.008892247453331947,-0.055654074996709824,0.011585107073187828,0.023928623646497726,0.00480133481323719,-0.08732861280441284,0.0031380876898765564,0.0556047260761261,-0.03768900781869888,-0.05318674072623253
0.017625585198402405,0.04250184819102287,0.054273806512355804,0.10693682730197906,0.03153306990861893,0.09459150582551956,0.09502498060464859,0.10689354687929153,-0.021638330072164536,-0.15981318056583405,0.08401418477296829,0.010713490657508373,0.03240243345499039,-0.027881838381290436,-0.006984109524637461,-0.11045566201210022,-0.024268202483654022,-0.06029602512717247,-0.02526736445724964,-0.011083713732659817,0.004173108376562595
0.03452897444367409,-0.09276199340820312,-0.0067007639445364475,-0.011762195266783237,0.2677548825740814,0.05525954067707062,-0.040010470896959305,0.003736575599759817,0.06678452342748642,0.07774242013692856,-0.056217312812805176,-0.0028716539964079857,-0.14571259915828705,-0.12090756744146347,0.05578088015317917,0.020283006131649017,-0.06042533367872238,0.2111683189868927,0.028438091278076172,-0.01834864728152752,0.07458276301622391
0.015745295211672783,-0.012177913449704647,0.05717902258038521,0.012969824485480785,0.049353230744600296,0.09561391919851303,0.0008079904946498573,-0.10480012744665146,0.07282496243715286,0.0018353949999436736,-0.08295976370573044,-0.012035133317112923,0.02050643227994442,0.03545285761356354,0.04143640771508217,-0.01077484805136919,-0.011820435523986816,-0.02988903596997261,-0.04671758413314819,-0.009123740717768669,-0.0679037868976593
0.06421316415071487,-0.05004512146115303,0.006520161870867014,-0.05189254507422447,0.03447849303483963,-0.07802098244428635,0.045279666781425476,0.014941011555492878,-0.0422247089445591,-0.02928229421377182,-0.10733984410762787,0.053693193942308426,-0.11851777136325836,-0.03345109522342682,0.05154453590512276,0.059354279190301895,0.0935925841331482,-0.023643452674150467,-0.003284233855083585,0.032238222658634186,0.0017230669036507607
-0.044051334261894226,-0.043472111225128174,-0.03698137775063515,-0.05732889473438263,0.10342609137296677,0.015611029230058193,0.0069082947447896,-0.005500516388565302,0.0397912859916687,0.05475959926843643,0.01874171942472458,-0.06546500325202942,0.02962401695549488,0.03105621226131916,-0.017166972160339355,0.13347089290618896,0.01832885853946209,0.09231334179639816,-0.09602417796850204,-0.10678750276565552,0.148783877491951
0.061192356050014496,-0.04436160624027252,-0.05316057801246643,0.04787174612283707,0.009868384338915348,-0.07305604964494705,0.013115944340825081,0.015143073163926601,0.0221390500664711,-0.05900474637746811,-0.11271972954273224,-0.005459176376461983,0.04456329345703125,0.09107215702533722,0.10500871390104294,0.04847462847828865,-0.017686601728200912,0.08803428709506989,-0.08841057866811752,-0.015336400829255581,0.08472217619419098
0.08646158128976822,0.08877803385257721,0.06428935378789902,-0.0892963707447052,-0.022199073806405067,-0.014613456092774868,0.005101578775793314,0.056087251752614975,0.10197784751653671,-0.05886072665452957,0.053759101778268814,-0.05026203393936157,0.029842086136341095,-0.0036426193546503782,0.01103624515235424,0.08041190356016159,0.16720503568649292,0.10631337016820908,0.00817540381103754,0.035532716661691666,0.0556606650352478
-0.05523056909441948,-0.07289529591798782,0.10748083144426346,0.02487633191049099,0.03435969725251198,-0.008023540489375591,-0.018776873126626015,0.0917486697435379,0.07945200055837631,0.06378268450498581,0.048523738980293274,-0.07063491642475128,0.0651952400803566,0.020557045936584473,0.014376688748598099,0.1539543867111206,-0.12154228240251541,-0.10655820369720459,-0.048447784036397934,0.09393218159675598,0.061686206609010696
-0.06788395345211029,0.02817276306450367,-0.014138568192720413,-0.03419705480337143,-0.030403774231672287,-0.10250255465507507,-0.08805985003709793,-0.03230380266904831,0.07087237387895584,0.03073858842253685,-0.006179128307849169,0.04257592186331749,0.0017571061616763473,-0.04503036290407181,0.05380998179316521,0.0235332902520895,-0.009424451738595963,0.06510927528142929,0.058693550527095795,-0.011514807119965553,-0.02050670050084591
0.08180921524763107,0.027620697394013405,0.0859435498714447,-0.020451460033655167,-0.04928286001086235,0.028959980234503746,-0.03561139106750488,0.009821048006415367,-0.039852313697338104,-0.013860734179615974,-0.012043772265315056,0.006941542960703373,0.05778711289167404,-0.02814061939716339,0.02405824512243271,-0.011164925061166286,0.08449708670377731,0.1214163526892662,-0.034604474902153015,-0.028974872082471848,0.12328647077083588
0.007762657478451729,-0.03387371823191643,0.021426934748888016,-0.028231129050254822,-0.05772370845079422,0.048215486109256744,-0.037164684385061264,-0.028470540419220924,-0.030540352687239647,0.08553954213857651,0.1714821606874466,0.00994210597127676,0.01341631542891264,-0.07584667950868607,0.013651317916810513,0.025478357449173927,0.007110870908945799,-0.14407674968242645,0.17860938608646393,-0.047723740339279175,0.08548542857170105
-0.05166584253311157,0.03628265857696533,-0.10143187642097473,0.005014397203922272,-0.033727627247571945,0.016539134085178375,0.0802762433886528,0.0265438761562109,0.034618791192770004,0.012978942133486271,0.0013940285425633192,-0.0019450384424999356,0.02396455407142639,0.11668934673070908,0.006638986058533192,-0.15265455842018127,0.010056397877633572,0.04720644652843475,-0.049957238137722015,0.011424588970839977,-0.04016808792948723
-0.05881529301404953,0.014000263065099716,-0.027577601373195648,0.03370801359415054,-0.14586015045642853,-0.06262389570474625,0.054552022367715836,-0.09693998843431473,-0.041467197239398956,-0.10802207887172699,0.07565152645111084,0.03401442989706993,0.22623297572135925,-0.03140677884221077,0.005317591596394777,-0.06377207487821579,0.027739930897951126,0.05709512531757355,-0.03301133215427399,0.14081256091594696,0.14580009877681732
0.23092219233512878,0.1520397812128067,-0.02176346816122532,0.024462781846523285,0.04075237736105919,0.1340896338224411,0.10816413909196854,-0.06421779096126556,-0.0183506291359663,-0.03364235535264015,0.017710359767079353,0.16223937273025513,0.0032633168157190084,-0.03897484391927719,0.08623533695936203,0.06198501214385033,-0.0532088503241539,-0.051828887313604355,0.10313910990953445,0.020992401987314224,-0.061346083879470825
-0.0106107909232378,-0.08056247979402542,-0.06702437251806259,-0.027337322011590004,0.09363885223865509,-0.0247016754001379,-0.06142355501651764,-0.004439047537744045,-0.009945650584995747,-0.06563756614923477,-0.015721583738923073,0.08430823683738708,-0.05911163240671158,-0.009375862777233124,0.0020719703752547503,0.004071956966072321,0.10496942698955536,-0.01843145675957203,0.10777977108955383,0.04383902996778488,-0.06332238763570786
0.06792919337749481,-0.0001528040156699717,0.08142782747745514,-0.005663680844008923,0.039183154702186584,0.07147964835166931,0.006860105320811272,-0.014790299348533154,0.019165461882948875,0.011224700137972832,-0.11549077928066254,-0.026611005887389183,-0.04256268963217735,-0.025061991065740585,0.08575433492660522,0.0320475772023201,0.029534179717302322,-0.023052051663398743,0.025224417448043823,-0.08487142622470856,-0.008426181972026825
0.07403575628995895,-0.01947925239801407,-0.030447859317064285,-0.08634037524461746,-0.03407265245914459,-0.028367599472403526,-0.046107590198516846,0.062451496720314026,0.06540292501449585,-0.11962705850601196,0.027574338018894196,0.043512385338544846,0.020471371710300446,-0.033488739281892776,0.008088430389761925,-0.00120925297960639,-0.0018649626290425658,0.029062846675515175,-0.05972694233059883,-0.010928190313279629,0.021921172738075256
-0.1118750050663948,-0.07444894313812256,-0.050678811967372894,0.011824042536318302,0.07878807187080383,-0.039042484015226364,-0.0021415180526673794,-0.025166161358356476,0.06992354989051819,-0.1737639158964157,-0.07488816976547241,-0.10384593158960342,0.015744684264063835,-0.006457142066210508,-0.03655321151018143,0.12662522494792938,-0.059662073850631714,-0.03856394812464714,0.1256953775882721,0.06740270555019379,-0.1039939820766449
0.03631635382771492,0.015192023478448391,0.0012431435752660036,-0.001140487496741116,-0.09894298017024994,-0.04321863874793053,-0.053572382777929306,0.11849670857191086,-0.14069128036499023,-0.0824793130159378,-0.03203199431300163,0.030215110629796982,-0.07618547976016998,-0.08095014095306396,-0.04744312912225723,0.016692331060767174,-0.00016234396025538445,0.01749521493911743,-0.04738869518041611,-0.016506094485521317,0.06810568273067474

Slice 44
-0.0018630947452038527,-0.033315371721982956,-0.01522293034940958,0.027612388134002686,-0.00332221994176507,0.010187624953687191,0.01700487732887268,-0.015943890437483788,-0.019496139138936996,-0.024352500215172768,-0.07147172093391418,-0.02311776950955391,0.017504729330539703,-0.001060487236827612,-0.050136927515268326,0.003002513200044632,0.023527896031737328,-0.010493609122931957,-0.0019526934484019876,-0.02806699462234974,0.03303946554660797
-0.021795039996504784,0.02597622573375702,-0.024664612486958504,-0.00042075198143720627,-0.004132559522986412,-0.02551683783531189,-0.009195775724947453,-0.028217121958732605,0.004185724072158337,0.023999257013201714,0.0005766350659541786,-0.008026234805583954,0.026094408705830574,-0.0013302953448146582,0.02463458850979805,-0.013577103614807129,0.023563988506793976,-0.016432730481028557,-0.015487774275243282,0.003949163947254419,0.023888621479272842
-0.002940549748018384,-0.028007568791508675,-0.03707907348871231,-0.0229595098644495,0.000315114768454805,-0.05445136874914169,-0.035075441002845764,-0.007051680702716112,-0.004347905516624451,0.005555975716561079,-0.012548675760626793,-0.01882682740688324,0.0010590824531391263,0.019603410735726357,-0.013834591023623943,0.03243483603000641,0.010396549478173256,0.05402907356619835,0.007772454991936684,-0.05529201030731201,-0.02133503556251526
-0.009066078811883926,0.01185623649507761,0.011737996712327003,0.01816284842789173,-0.06690866500139236,-0.0033457784447818995,0.02206341363489628,0.001729467767290771,-0.009481686167418957,-0.01686815358698368,0.007743263617157936,-0.011373254470527172,0.06508781760931015,0.020808104425668716,-0.04614582285284996,0.0034222009126096964,0.038038261234760284,-0.04326843470335007,-0.0191159900277853,-0.03388218581676483,-0.07232670485973358
0.0028805111069232225,0.005509022623300552,-0.01786506362259388,0.0028960262425243855,-0.012946886010468006,-0.017953116446733475,-0.008041318506002426,0.03469918295741081,-0.05419096350669861,0.0006879337597638369,0.03136623278260231,0.003537840209901333,-0.0384051539003849,-0.01588016003370285,-0.022151900455355644,0.0028257297817617655,0.0012908893404528499,0.008978364989161491,0.0147478636354208,-0.010817193426191807,0.034320805221796036
-0.02393665350973606,0.008488805964589119,-0.025503255426883698,0.03764375299215317,-0.014192343689501286,0.07990875095129013,-0.027239352464675903,-0.014580026268959045,0.038483086973428726,0.007140729576349258,0.019726451486349106,-0.02937466837465763,0.021426213905215263,-0.003335525980219245,-0.015211481600999832,0.00620469031855464,-0.01114018727093935,0.0014846313279122114,0.007138750981539488,-0.023208674043416977,-0.02128932625055313
0.01243649609386921,0.018568579107522964,0.02802799455821514,0.03353336453437805,-0.032757923007011414,0.0031443811021745205,0.01748102530837059,0.030785154551267624,-0.011780871078372002,-0.007120679598301649,-0.0008939538965933025,0.010445666499435902,-0.022148802876472473,-0.011050944216549397,0.002186653669923544,-0.03352761268615723,-0.011618881486356258,-0.033661577850580215,0.03027193248271942,0.059926725924015045,-0.026838533580303192
-0.006676824763417244,-0.005912874359637499,0.016686927527189255,-0.022882411256432533,0.013666575774550438,0.018218550831079483,-0.013495652005076408,-0.022657012566924095,0.02675291895866394,0.027240106835961342,0.04036923125386238,0.00272521935403347,0.023692429065704346,0.021340075880289078,-0.017079586163163185,-0.016945691779255867,-0.001063401810824871,0.014086661860346794,0.03792561590671539,0.01291718054562807,0.029720252379775047
0.0014118292601779103,-0.008007743395864964,-0.039777062833309174,-0.009412773884832859,0.02319852076470852,-0.004077960271388292,-0.008780509233474731,0.03356938064098358,-0.030294310301542282,0.0034213203471153975,-0.017866969108581543,0.018740927800536156,0.009474603459239006,0.003277974668890238,-0.08098337799310684,-0.046481259167194366,-0.04617995023727417,-0.012836283072829247,0.002987868618220091,-0.0053611681796610355,-0.04935142397880554
0.019971884787082672,0.03861071169376373,-0.03430843725800514,-0.020560631528496742,0.016991734504699707,0.018996242433786392,0.0012056578416377306,-0.04509391263127327,-0.02697397768497467,-0.02014113776385784,-0.005228209309279919,0.02114499919116497,0.019326226785779,-0.007161068730056286,0.019484292715787888,-0.063090480864048,0.037329357117414474,0.015524759888648987,0.01785881444811821,0.009017180651426315,0.03469442203640938
0.0067289904691278934,0.0008222234318964183,-0.013132107444107533,-0.010155408643186092,-0.0008025215356610715,0.06084342300891876,-0.0014493786729872227,0.005857478361576796,-0.0251009464263916,0.01164193544536829,0.009761031717061996,-0.012628903612494469,-0.006980238016694784,-0.008515185676515102,-0.009505299851298332,-0.002819565124809742,-0.010930818505585194,-0.006648041307926178,0.007922763004899025,0.0033067865297198296,0.00032858652411960065
-0.019110094755887985,-0.02888369746506214,-0.03446771949529648,0.002963484264910221,0.017173143103718758,0.019573060795664787,0.01624152995646,-0.019709469750523567,-0.024381639435887337,0.00596662238240242,0.0022680615074932575,0.006438756361603737,-0.022010985761880875,-0.01619577966630459,-0.007824894040822983,0.003961036913096905,-0.029494766145944595,-0.021555587649345398,-0.009174157865345478,0.00905583705753088,-0.05514626204967499
0.020639974623918533,0.01246953196823597,0.0005929659819230437,0.016908597201108932,-0.0024884373415261507,-0.065190888941288,-0.005128968507051468,0.012027665041387081,0.021649882197380066,-0.02560143545269966,-0.032319799065589905,-0.004515135660767555,0.007805676199495792,0.0333581268787384,0.012087653391063213,-0.018914703279733658,-0.003812655108049512,0.03927643224596977,-0.050720229744911194,0.00911275390535593,0.010317203588783741
0.02153611183166504,0.019434992223978043,0.0403565876185894,-0.014431467279791832,0.020246293395757675,-0.002187891863286495,-0.01619638130068779,-0.013275186531245708,-0.020785873755812645,-0.0035714879631996155,0.00795559398829937,-0.003369077807292342,0.010183296166360378,-0.026183659210801125,0.015039022080600262,-0.010445249266922474,0.0043604266829788685,-0.0022606919519603252,0.015200109221041203,-0.011840839870274067,0.023028643801808357
0.013141991570591927,-0.01527661457657814,-0.00823181588202715,-0.012914637103676796,0.021699775010347366,-0.01819469965994358,-0.011047440581023693,0.04543197527527809,0.029048342257738113,0.062247175723314285,-0.03132324293255806,-0.007147870492190123,-0.09496130794286728,0.012981363572180271,0.06379018723964691,0.021340422332286835,-0.01630554161965847,-0.020021645352244377,0.010505839250981808,-0.06931719928979874,-0.08979255706071854
-0.10014963150024414,-0.022536899894475937,0.008760892786085606,0.00606998847797513,-0.013045143336057663,-0.024263909086585045,-0.02595853991806507,0.02157733589410782,-0.00025365306646563113,0.0030026377644389868,-0.0025758377742022276,-0.026594094932079315,-0.003943965304642916,-0.002405446255579591,-0.06733554601669312,-0.02011687122285366,-0.018894081935286522,0.004364007152616978,-0.02701459638774395,-0.009512066841125488,0.03716357424855232
0.019139351323246956,0.04397711157798767,0.026696041226387024,0.007283215411007404,-0.024541832506656647,-0.012728008441627026,0.021478448063135147,-0.0049079060554504395,0.0069506228901445866,0.04059126600623131,-0.013863741420209408,0.0073460680432617664,0.019810698926448822,-0.006408387329429388,-0.004537486936897039,-0.029700642451643944,-0.03747298941016197,0.009806724265217781,-0.054771896451711655,-0.01519700139760971,0.030170800164341927
0.014583746902644634,-0.0005606827908195555,0.005367653910070658,0.001074377098120749,-0.05388427525758743,-0.019726967439055443,-0.017033621668815613,0.012362411245703697,0.004022085107862949,0.0060735722072422504,0.054018422961235046,-0.0011215730337426066,0.009271844290196896,0.007699789013713598,-8.920328400563449e-05,-0.011340882629156113,-0.017198368906974792,0.015750335529446602,0.00378557201474905,0.04886116832494736,0.015993310138583183
-0.020002199336886406,0.005030910950154066,0.003889618208631873,0.030697815120220184,-0.02813699096441269,9.92232162388973e-05,0.00539805693551898,-0.013106608763337135,0.017499715089797974,0.07093564420938492,-0.012172403745353222,-0.003184364177286625,-0.031053120270371437,0.0055836886167526245,-0.007198255509138107,-0.0011460286332294345,0.008774231187999249,-0.01955101452767849,-1.7731092157191597e-05,-0.03704669699072838,0.022917192429304123
0.037289097905159,0.012713096104562283,0.036752305924892426,-0.006767038721591234,0.005611686035990715,-0.002402966609224677,-0.023732593283057213,-0.0315629318356514,-0.04011077433824539,0.053355563431978226,0.0378139466047287,0.04964129999279976,-0.021909955888986588,-0.025425294414162636,0.003825016086921096,-0.008344821631908417,-0.025077030062675476,-0.005106589291244745,-0.06212000921368599,-0.00040041160536929965,0.058330707252025604
0.006171396002173424,0.006704770028591156,0.027733275666832924,0.022203397005796432,-0.035608526319265366,0.01846734993159771,0.006332341115921736,-0.020226871594786644,0.043248336762189865,0.02411806583404541,0.015063184313476086,0.02063344605267048,0.07432916760444641,0.02270050346851349,0.02889966405928135,-0.011227484792470932,0.012444798834621906,0.012709935195744038,0.03755953535437584,0.052225418388843536,0.0011634475085884333

Slice 45
0.10557690262794495,0.055345624685287476,0.006799831986427307,-0.009738383814692497,0.00905274972319603,-0.058525968343019485,0.0031489005777984858,-0.012666403315961361,-0.06734418869018555,0.025006022304296494,0.2422398030757904,0.09673381596803665,-0.039045512676239014,-0.04409613460302353,-0.028675034642219543,-0.034983184188604355,-0.08941540867090225,0.022166265174746513,0.02807152085006237,0.08747010678052902,-0.20797036588191986
0.053333450108766556,-0.0886789858341217,0.07361543923616409,0.010511540807783604,0.003122164634987712,0.0594235397875309,0.07782125473022461,0.09517728537321091,-0.0037126424722373486,-0.07220621407032013,0.2067001610994339,0.0055912514217197895,-0.0793553814291954,0.0013766279444098473,-0.024335501715540886,0.02317662350833416,-0.10006631165742874,-0.00040002138121053576,0.07687436044216156,-0.08042861521244049,-0.07542137801647186
0.018102113157510757,0.05656299740076065,0.05394749715924263,0.14060628414154053,0.06467755138874054,0.09121056646108627,0.12580743432044983,0.19266419112682343,-0.02028481662273407,-0.10979677736759186,0.06347975134849548,0.00450725294649601,-0.0009025057661347091,-0.03385119512677193,-0.006777351256459951,-0.14522267878055573,-0.027448689565062523,-0.07462182641029358,-0.03658665344119072,0.022214140743017197,0.015144753269851208
0.05450648069381714,-0.10249828547239304,-0.03636273741722107,-0.014413315802812576,0.29194480180740356,0.04475179314613342,-0.02490541711449623,0.01772393472492695,0.06738737225532532,0.06408778578042984,-0.03293536975979805,-0.003920647781342268,-0.1582394540309906,-0.14274433255195618,0.10554226487874985,0.08081579208374023,-0.06683789193630219,0.2081647515296936,0.02567160129547119,-0.003047726582735777,0.07775402814149857
0.03600447624921799,0.02319321222603321,0.06619200855493546,-0.03824695944786072,0.05350114032626152,0.09822966158390045,0.030707884579896927,-0.09443966299295425,0.10082836449146271,-0.013074357993900776,-0.0920601412653923,-0.013783655129373074,-0.0040774038061499596,0.053578320890665054,0.054657816886901855,-0.018563823774456978,-0.010568350553512573,-0.017181484028697014,-0.04679102823138237,-0.005172545090317726,-0.06362718343734741
0.03258880600333214,-0.05245383456349373,-0.0004078272613696754,-0.09254498779773712,0.042477790266275406,-0.17755749821662903,0.0620335191488266,0.015183808282017708,-0.06504112482070923,-0.04640369862318039,-0.12797100841999054,0.039513763040304184,-0.14573419094085693,-0.056195951998233795,0.06179635226726532,0.04722391441464424,0.08575650304555893,-0.023101525381207466,-0.029164619743824005,0.03556249290704727,-0.02306508645415306
-0.05200904980301857,-0.041559770703315735,-0.0247262641787529,-0.07345207035541534,0.1576206535100937,0.01786661706864834,-0.012871542945504189,-0.008973299525678158,0.046271201223134995,0.09307613223791122,0.02387223392724991,-0.05176341533660889,0.025611983612179756,0.04755507782101631,0.0018561928300186992,0.1474481225013733,0.037036504596471786,0.17121608555316925,-0.11131990700960159,-0.07093770056962967,0.18580842018127441
0.04305548965930939,-0.05514783784747124,-0.07236266136169434,0.07602669298648834,-0.007467311341315508,-0.10104813426733017,0.032959435135126114,-0.006324934773147106,-0.01217757910490036,-0.07344914972782135,-0.11916963756084442,-0.030496371909976006,0.030052589252591133,0.10609571635723114,0.11440917104482651,0.06082593649625778,-0.06039518862962723,0.06337720155715942,-0.11573764681816101,-0.03778554126620293,0.07608683407306671
0.04399474710226059,0.08361750096082687,0.10027659684419632,-0.08092480897903442,-0.10808242857456207,-0.011165075935423374,0.013159837573766708,0.0011141536524519324,0.14946898818016052,-0.07016485184431076,0.06217874959111214,-0.023218173533678055,0.034614160656929016,-0.017220353707671165,0.09687448292970657,0.0969088077545166,0.18807467818260193,0.12046464532613754,0.023052474483847618,0.054748523980379105,0.08589095622301102
-0.006255568005144596,-0.056131549179553986,0.09210202097892761,0.024459267035126686,-0.011144477874040604,-0.022133201360702515,-0.01607893593609333,0.08250626176595688,0.07805822044610977,0.032088860869407654,0.04368105158209801,-0.09563853591680527,0.0668758973479271,-0.003978807013481855,-0.04048772528767586,0.18937420845031738,-0.17037247121334076,-0.11453300714492798,-0.06839969754219055,0.017944179475307465,-0.00995881948620081
-0.06129291281104088,0.041104115545749664,-0.025115428492426872,-0.036414846777915955,-0.01446572970598936,-0.16041749715805054,-0.06422163546085358,-0.01464022696018219,0.10503755509853363,0.023105274885892868,-0.0015906827757135034,0.04537355527281761,0.006973434705287218,-0.026754435151815414,0.03501532971858978,0.023416955024003983,-0.019732709974050522,0.0590156689286232,0.05775285139679909,0.005974212195724249,-0.019608698785305023
0.10958880186080933,0.02316245809197426,0.08968912810087204,-0.03810819238424301,-0.053104475140571594,0.03052280656993389,-0.03228398412466049,0.01132095418870449,-0.0647851824760437,-0.026955856010317802,-0.01565226912498474,-0.0027782521210610867,0.08273422718048096,-0.061578311026096344,-0.005696473643183708,-0.012497195042669773,0.05947607383131981,0.14863859117031097,-0.014469844289124012,-0.0381697453558445,0.16965141892433167
-0.00511925620958209,-0.038067255169153214,0.035275887697935104,-0.026354210451245308,-0.0552540197968483,0.18060007691383362,0.0017887393478304148,-0.028071774169802666,-0.008783029392361641,0.11614780128002167,0.19470137357711792,0.02821481041610241,0.00494728097692132,-0.08670812845230103,0.011959752067923546,0.005353742744773626,0.01169318426400423,-0.11715864390134811,0.1795700043439865,-0.06963277608156204,0.07666926831007004
-0.06595191359519958,0.02584676444530487,-0.1222836822271347,0.008237915113568306,-0.0612260103225708,0.01579490676522255,0.09012570977210999,0.011957278475165367,-0.00020584481535479426,0.0530698262155056,-0.030452480539679527,-0.004418992903083563,0.023972513154149055,0.12183057516813278,-0.020043957978487015,-0.13488838076591492,0.011491402052342892,0.06382818520069122,-0.053582604974508286,-0.024401584640145302,-0.03764781355857849
-0.05665486678481102,0.007169011048972607,-0.015489684417843819,0.042571283876895905,-0.16511277854442596,-0.014837675727903843,0.08262856304645538,-0.1258014738559723,-0.03531699627637863,-0.14244569838047028,0.052045904099941254,0.02052968181669712,0.2754371166229248,-0.033837318420410156,0.013904077932238579,-0.052270956337451935,0.011969463899731636,0.06084611639380455,-0.007607102394104004,0.1651736944913864,0.20704393088817596
0.28268226981163025,0.13023409247398376,-0.026641499251127243,0.0027060997672379017,0.045429766178131104,0.11949979513883591,0.1466871201992035,-0.06893055140972137,-0.03978633135557175,-0.021223848685622215,0.036419935524463654,0.17407317459583282,-0.01987246610224247,-0.014465165324509144,0.09000859409570694,0.08433522284030914,-0.039478082209825516,-0.03798956051468849,0.1274580955505371,0.011799195781350136,-0.07927277684211731
-0.025133434683084488,-0.0883377194404602,-0.09694629162549973,-0.04776714742183685,0.12233529984951019,-0.007513700518757105,-0.07428629696369171,0.0022886537481099367,-0.009299848228693008,-0.044123295694589615,-0.015506311319768429,0.13070553541183472,-0.060970768332481384,-0.007698121480643749,0.011972707696259022,0.02285533957183361,0.13308772444725037,-0.02725285477936268,0.11845829337835312,0.06080567464232445,-0.06309720128774643
0.057915471494197845,0.004218374844640493,0.0929383635520935,-0.0037670505698770285,0.10418569296598434,0.07005639374256134,0.004040376283228397,-0.014314081519842148,0.035646576434373856,0.0018444095039740205,-0.10911505669355392,-0.01467819418758154,-0.07189900428056717,-0.01902008056640625,0.08036794513463974,0.030364682897925377,0.042878709733486176,-0.04307360202074051,0.03888804465532303,-0.11869531124830246,-0.019972769543528557
0.07212130725383759,-0.037885963916778564,0.0012917944695800543,-0.09790289402008057,-0.009822624735534191,-0.022971227765083313,-0.07480691373348236,0.04861610382795334,0.07978043705224991,-0.13048142194747925,0.03376540169119835,0.0436127595603466,0.07557833194732666,-0.033658672124147415,0.013534857891499996,-0.04119984805583954,-0.013683158904314041,0.04732578247785568,-0.05995936319231987,0.010619334876537323,-0.0021997231524437666
-0.09245885908603668,-0.08268745243549347,0.12850461900234222,0.05384591221809387,0.05707928538322449,-0.04530121013522148,0.02133752405643463,0.04968327656388283,0.12944164872169495,-0.206755131483078,-0.1520310342311859,-0.07822274416685104,-0.03372269868850708,-0.02309267781674862,0.0071619246155023575,0.203370600938797,-0.005968166049569845,-0.02691427245736122,0.19353272020816803,0.057181019335985184,-0.11887119710445404
0.0502045564353466,0.04094701260328293,-0.02766028605401516,-0.0030711020808666945,-0.07030009478330612,-0.052214279770851135,-0.09582486003637314,0.12788541615009308,-0.17808082699775696,-0.07977335155010223,-0.0595913901925087,0.01208918634802103,-0.1260889768600464,-0.07318811863660812,-0.06612271070480347,0.000612326548434794,-0.0015292026801034808,0.024395959451794624,-0.10620935261249542,-0.09248925000429153,0.03774445503950119

Slice 46
-0.05382171645760536,0.07649034261703491,0.008773641660809517,-0.03882420435547829,-0.00392494723200798,0.12280743569135666,-0.018200967460870743,0.013994170352816582,0.04177005589008331,-0.020608751103281975,-0.09993844479322433,-0.04717649519443512,-0.066807322204113,0.03354854881763458,0.08007369190454483,0.030367601662874222,0.021092349663376808,0.007490864489227533,-0.02602415718138218,-0.08889061212539673,0.07296391576528549
-0.010536220856010914,-0.00717395031824708,-0.04797748848795891,-0.008060355670750141,0.014853249303996563,-0.13618022203445435,-0.04462411627173424,-0.02689223736524582,-0.01722823455929756,0.007216962520033121,-0.042129822075366974,0.016482790932059288,0.029082750901579857,0.009670400992035866,0.035254914313554764,0.019366798922419548,0.025069579482078552,0.041965551674366,-0.057864658534526825,0.15347346663475037,0.05010947585105896
0.029435304924845695,0.0029414461459964514,0.004863479174673557,-0.1148822233080864,-0.08440443873405457,0.03956184536218643,-0.03863570839166641,-0.2403630167245865,-0.02325223945081234,0.05316754803061485,0.027451198548078537,0.04900452122092247,0.0123436925932765,-0.007553902454674244,-0.00018124084454029799,0.07547620683908463,0.004374477081000805,0.0046335021033883095,0.02760879509150982,0.013823461718857288,0.037024982273578644
-0.059243716299533844,0.04980650916695595,0.005445215851068497,-0.020815523341298103,-0.0786798819899559,-0.013953102752566338,-0.05861753597855568,0.009558415971696377,0.006178713403642178,0.048030078411102295,-0.0500212237238884,0.02555130422115326,-0.033039454370737076,0.10899323225021362,-0.09388186782598495,-0.18408700823783875,-0.04105185344815254,-0.06448318064212799,0.05371164530515671,0.031858038157224655,0.09194149821996689
-0.050422150641679764,-0.09472344070672989,0.011130704544484615,0.140621155500412,-0.007701121736317873,-0.02827288769185543,-0.04553093761205673,-0.06815118342638016,0.023670678958296776,0.03564707189798355,0.0036188275553286076,0.00509662413969636,0.18778574466705322,-0.028999874368309975,0.033315788954496384,0.02770123817026615,0.001622061594389379,-0.036307383328676224,-0.003608680097386241,0.045327477157115936,0.001018448150716722
0.004446656908839941,0.02222173847258091,0.03512098640203476,0.00047581468243151903,-0.030912142246961594,0.10120223462581635,-0.03002295456826687,-0.0017966170562431216,-0.04460772126913071,0.031604401767253876,0.08037558197975159,0.02257540263235569,0.06948582082986832,0.07179783284664154,-0.06910175830125809,-0.05200531333684921,-0.042012494057416916,-0.029226992279291153,0.05084342136979103,-0.025872496888041496,0.04658026993274689
-0.008461954072117805,-0.02177387848496437,-0.05030345171689987,0.0024084497708827257,-0.10676361620426178,0.007560357917100191,0.015116476453840733,-0.0115910479798913,-0.044628094881772995,0.02371106669306755,-0.016550179570913315,-0.01937123015522957,0.04045908898115158,-0.03932719677686691,-0.03543795272707939,-0.043601468205451965,-0.030228573828935623,-0.13215014338493347,0.025316933169960976,-0.08496518433094025,-0.03820690140128136
0.0168168805539608,0.06867530196905136,0.043865181505680084,-0.04303772374987602,-0.006485970690846443,0.0563679113984108,-0.022120656445622444,0.07682324945926666,0.01685202866792679,-0.023546935990452766,-0.013981897383928299,0.06933007389307022,-0.04704637825489044,-0.19297248125076294,-0.039187002927064896,-0.02509205788373947,0.14008665084838867,-0.03073180466890335,0.037024885416030884,0.04373803734779358,-0.1015939861536026
-0.008692759089171886,-0.020858803763985634,-0.057435594499111176,0.01701931469142437,0.15880143642425537,0.004821584094315767,0.008913697674870491,-0.04078349843621254,-0.08379511535167694,0.03408723324537277,-0.014704876579344273,-0.05176972225308418,-0.08239339292049408,0.04068996384739876,0.006950254086405039,0.025119828060269356,-0.055479004979133606,-0.08061570674180984,-0.03588656708598137,-0.05516313388943672,-0.014662978239357471
0.042173121124506,-0.07762191444635391,0.03441682085394859,0.015412595123052597,0.03918730467557907,0.018913116306066513,0.011389068327844143,0.02200223132967949,-0.012262153439223766,0.05642792209982872,-0.020191602408885956,0.0670398399233818,0.0050340197049081326,0.0625726729631424,0.01987393945455551,-0.07559120655059814,0.09188634157180786,0.03647254407405853,0.032379306852817535,0.044559553265571594,0.11333782970905304
-0.0019377674907445908,-0.0582609549164772,0.07406827062368393,0.03560660406947136,-0.043971411883831024,0.06955960392951965,0.017931651324033737,-0.014554755762219429,-0.07475417852401733,-0.036051906645298004,-0.035929739475250244,-0.01705118641257286,0.004868682939559221,-0.006187750957906246,0.056492242962121964,-0.015924351289868355,0.05147932097315788,-0.02133759669959545,-0.08866413682699203,-0.03828073665499687,0.03221398591995239
-0.053915102034807205,0.058573100715875626,-0.016747916117310524,0.029481174424290657,-0.019189318642020226,-0.06764863431453705,-0.01509423740208149,0.04279658570885658,0.17221082746982574,0.019368145614862442,0.013994157314300537,0.0011528852628543973,-0.0402410551905632,0.13132113218307495,0.0697389766573906,0.005140658933669329,0.06256990879774094,-0.08394642174243927,-0.0059871007688343525,0.018552614375948906,-0.054051533341407776
-0.06869641691446304,0.0013711379142478108,0.009672070853412151,0.0018726236885413527,0.03592994809150696,-0.10359077900648117,-0.15557286143302917,-0.016993891447782516,-0.019033513963222504,-0.05564814805984497,-0.10978233814239502,-0.011664075776934624,-0.020346596837043762,0.0013472707942128181,-0.024022236466407776,0.09656855463981628,0.0030235375743359327,-0.11404382437467575,0.058513343334198,0.07184932380914688,-0.05944773182272911
0.004578951746225357,-0.0352502167224884,-0.0018825909355655313,0.025589734315872192,0.049459878355264664,-0.010629705153405666,-0.04264894872903824,0.034003984183073044,0.12691062688827515,-0.10525311529636383,0.05112466216087341,0.009419064968824387,-0.05486610531806946,-0.019159790128469467,0.01812727004289627,0.09270837903022766,-0.019420325756072998,-0.06747227907180786,0.009373039938509464,0.20578251779079437,-0.030339481309056282
-0.058781806379556656,0.05168265849351883,0.001444440335035324,-0.0416136234998703,0.06914906203746796,-0.0680622085928917,-0.07488812506198883,-0.04010589420795441,-0.06314470618963242,-0.026220187544822693,0.07611767947673798,0.03844967857003212,-0.0014347098767757416,-0.0034297569654881954,-0.13915741443634033,-0.027573904022574425,0.0730241984128952,-0.014898094348609447,-0.06539922952651978,0.06443585455417633,-0.060314252972602844
0.01016997266560793,0.00032052394817583263,-0.022459615021944046,0.008822535164654255,-0.01717338338494301,-0.023728180676698685,-0.11673110723495483,0.010705831460654736,0.07972970604896545,0.024082325398921967,-0.06135683134198189,-0.0878291204571724,0.08509717881679535,-0.0180771853774786,0.07327576726675034,-0.04735454171895981,0.03996039181947708,-0.007811646908521652,-0.04581513628363609,0.01751025579869747,-0.0506376288831234
0.012143872678279877,-0.04153449088335037,0.0588143989443779,0.04786168411374092,-0.08065314590930939,0.010279207490384579,0.03125988319516182,6.84485785313882e-05,0.003583361394703388,-0.10631761699914932,0.04505319893360138,-0.19508151710033417,-0.01851106435060501,0.0250384658575058,-0.0012581031769514084,0.01871917024254799,-0.06400484591722488,0.010562129318714142,0.024295737966895103,-0.023923518136143684,-0.024163488298654556
-0.040239010006189346,-0.009296047501266003,-0.08623536676168442,0.01509203389286995,-0.10013706982135773,0.006740300916135311,0.06520233303308487,-0.004482167772948742,-0.05349528416991234,-0.025573205202817917,-0.08590583503246307,-0.00794715341180563,0.08290614187717438,-0.013686597347259521,-0.018625831231474876,0.011284100823104382,-0.0119898971170187,0.03391560539603233,-0.0681900829076767,0.05167372524738312,0.010687951929867268
-0.028853658586740494,0.05555460974574089,-0.07171252369880676,0.0045152329839766026,0.00959072820842266,-0.00305926357395947,0.1054651141166687,0.01902611367404461,-0.12397904694080353,-0.08574431389570236,-0.004928241949528456,-0.03335675224661827,-0.08765816688537598,0.002025206573307514,0.0012726327404379845,0.15353763103485107,0.006818321067839861,-0.028864817693829536,0.05000048503279686,0.055195171386003494,0.030047040432691574
-0.07091304659843445,0.04034605994820595,-0.2126539945602417,-0.008021942339837551,0.029677612707018852,0.03136001527309418,-0.02483486756682396,-0.10689157992601395,-0.042387593537569046,0.051916658878326416,0.16205881536006927,-0.09645777195692062,0.19842375814914703,0.15034718811511993,-0.011295401491224766,-0.19887946546077728,0.007121094968169928,-0.008905823342502117,-0.13183730840682983,0.060027021914720535,0.15717099606990814
-0.09760598093271255,-0.0942845493555069,-0.03481636568903923,-0.04210801050066948,0.06838638335466385,0.013076969422399998,0.0723421722650528,-0.013634558767080307,0.07200659811496735,-0.0016695173690095544,0.06942637264728546,-0.038992106914520264,0.03660411387681961,-0.014549961313605309,0.001924158656038344,0.036585576832294464,-0.021757593378424644,-0.02098626084625721,0.07678131759166718,0.03949318081140518,-0.21216680109500885

Slice 47
-0.011655421927571297,-0.0876922756433487,-0.015897300094366074,0.024824026972055435,-0.011541412211954594,-0.023644909262657166,0.0038356806617230177,0.015819726511836052,0.006293890066444874,-0.011011011898517609,-0.09774302691221237,-0.04027048870921135,0.08623737096786499,0.007141642272472382,-0.03728267177939415,0.004010714590549469,0.04776653274893761,-0.01650337316095829,-0.003633863525465131,-0.02138965018093586,0.07448668032884598
-0.03919941559433937,0.06770869344472885,-0.013802633620798588,-0.009736419655382633,-0.014709223061800003,0.058563388884067535,-0.02359926328063011,-0.04884226247668266,0.010423627682030201,0.04517913982272148,-0.12049335986375809,-0.016915079206228256,0.03026028722524643,-0.01250667218118906,-0.01384984701871872,-0.024050462990999222,0.05134078860282898,-0.027626346796751022,-0.015256336890161037,-0.03871920704841614,0.007343968376517296
-0.006799008697271347,-0.04042902961373329,-0.03858592361211777,-0.010740483179688454,0.018096618354320526,-0.0810173824429512,-0.05707774683833122,0.030001429840922356,0.04961037635803223,0.07932640612125397,-0.06397908180952072,-0.022904712706804276,0.0027586794458329678,0.03762944042682648,0.02583940699696541,0.0589328370988369,0.02259623259305954,0.05140652507543564,0.00870864000171423,-0.023821724578738213,-0.011907354928553104
-0.0032912082970142365,0.03878610581159592,0.016087977215647697,0.031478334218263626,-0.1392880231142044,-0.010889777913689613,0.050361622124910355,-0.02774445340037346,-0.03183669224381447,-0.07088080048561096,0.05858330801129341,-0.005856480915099382,0.14021562039852142,0.03786798566579819,0.002302773529663682,0.07168379426002502,0.07653836160898209,-0.1167135089635849,-0.05444178730249405,-0.015752047300338745,-0.11704391986131668
0.012114635668694973,0.049442119896411896,-0.05048680305480957,-0.06792142242193222,-0.03447399288415909,-0.05416569858789444,0.014229866676032543,0.1077638566493988,-0.0856989175081253,-0.019686298444867134,0.061662353575229645,0.0027147468645125628,-0.11791010200977325,-0.019214404746890068,-0.06210591644048691,-0.0062499805353581905,0.0064699905924499035,0.03811536729335785,0.03567752242088318,-0.02382289245724678,0.03371402621269226
-0.052041132003068924,0.022938480600714684,-0.028187237679958344,0.05375862494111061,-0.012627966701984406,0.0391610749065876,-0.02760995924472809,-0.020449502393603325,0.06840872764587402,-0.0015640163328498602,0.03775634989142418,-0.050135329365730286,0.04883600398898125,-0.011254260316491127,-0.005283480044454336,-0.006354919169098139,-0.03830792009830475,0.02951791137456894,-0.014321533963084221,-0.021738747134804726,-0.03918122127652168
0.020526546984910965,0.0446229912340641,0.05437527596950531,0.04045460373163223,-0.03182947635650635,-0.02268834225833416,-0.0006199817871674895,0.014378126710653305,-0.018182748928666115,-0.04185374081134796,-0.004362176638096571,0.04684876278042793,-0.05163557082414627,-0.010998028330504894,0.01143808476626873,-0.08178011327981949,-0.00821608304977417,-0.016898315399885178,0.0619085431098938,0.12501589953899384,-0.10465022921562195
-0.031058307737112045,-0.005533593241125345,0.02164892852306366,-0.013728251680731773,0.005339053459465504,0.03283268213272095,-0.002730842912569642,-0.031415581703186035,0.01814216934144497,0.061508700251579285,0.0941295474767685,-0.025205252692103386,-0.0018760708626359701,0.050469424575567245,-0.03919323906302452,-0.023433208465576172,-0.03808124363422394,-0.02258613146841526,0.054246362298727036,-0.01537901721894741,0.014492042362689972
-0.03390544652938843,-0.045174092054367065,-0.034828878939151764,0.047361329197883606,-0.027564596384763718,0.006308425683528185,-0.019888196140527725,0.019045347347855568,-0.058370400220155716,0.03316587954759598,-0.03228692710399628,0.05845746025443077,0.03229333460330963,-0.014631724916398525,-0.0667228102684021,-0.07896308600902557,-0.09400125592947006,-0.03413369879126549,0.009490059688687325,0.001294843154028058,-0.04907197877764702
0.04007336497306824,0.09147714823484421,-0.0695250928401947,-0.012700776569545269,-0.027056951075792313,0.0115408506244421,0.015284069813787937,-0.06825515627861023,-0.043104901909828186,-0.07779885828495026,-0.021418528631329536,0.029363511130213737,-0.03149228170514107,-0.03222368285059929,0.023548344150185585,-0.08243446052074432,0.05955204740166664,0.06703512370586395,0.02513892576098442,-0.040875814855098724,-0.038674429059028625
0.04051479697227478,0.009042159654200077,-0.02774018608033657,0.0009313995251432061,0.03318340331315994,0.061817046254873276,0.03924989700317383,0.02443484403192997,-0.027628423646092415,0.0020923451520502567,0.024135684594511986,-0.022806251421570778,-0.010837935842573643,0.024630295112729073,-0.06695987284183502,-0.007551264017820358,-0.01990259438753128,-0.028744664043188095,0.009383343160152435,0.0236082524061203,-0.014837061055004597
-0.0202032383531332,-0.054656483232975006,-0.05188188701868057,0.008911819197237492,0.041907522827386856,0.022528834640979767,0.029058387503027916,-0.03167141601443291,-0.05806084722280502,0.009392227046191692,0.001768413232639432,0.00023788520775269717,-0.019648434594273567,-0.04326792061328888,-0.042075399309396744,0.006943299435079098,-0.08347819000482559,-0.04350922256708145,0.01763886585831642,0.007840516045689583,-0.08158452063798904
-0.00041304153273813426,0.024819085374474525,-0.06674157083034515,-0.002583493711426854,0.013346828520298004,-0.0465950071811676,0.10822973400354385,0.019376765936613083,0.0060019344091415405,-0.06983181834220886,-0.07077647745609283,-0.012067478150129318,-0.003092832863330841,0.04668240249156952,-0.014773254282772541,-0.08146494626998901,-0.01616034284234047,0.15081368386745453,-0.15923215448856354,0.011812283657491207,-0.03528455272316933
0.03906245157122612,0.004525287076830864,0.08026110380887985,-0.02266748435795307,0.009889121167361736,-0.004375456366688013,-0.0367838591337204,-0.0365699902176857,-0.08479645103216171,0.03709741681814194,-0.01727023720741272,-0.002208884572610259,0.01986742950975895,-0.0723857581615448,-0.004001584369689226,0.04751703143119812,0.005315764807164669,-0.0023486241698265076,0.031242361292243004,-0.0872923955321312,0.03615370765328407
0.07177317887544632,-0.03871752321720123,0.013096216134727001,-0.008064026944339275,0.08176092803478241,0.05097721517086029,-0.010273631662130356,0.10737785696983337,0.05944724380970001,0.11345577985048294,-0.08852501213550568,-0.04283560439944267,-0.18107743561267853,0.025228120386600494,0.07152125984430313,0.06052763760089874,-0.05793518200516701,-0.03757040575146675,0.05068686231970787,-0.14468331634998322,-0.1174112930893898
-0.19376711547374725,-0.09512502700090408,0.030281664803624153,-0.006925475783646107,-0.017949601635336876,-0.06857761740684509,-0.031076781451702118,0.04012108966708183,-0.02380891516804695,0.015752088278532028,0.0155640235170722,-0.06428748369216919,-0.03453313559293747,0.028168518096208572,-0.11149421334266663,-0.023452475666999817,0.0051862881518900394,0.03245594725012779,-0.0534970723092556,-0.020568417385220528,0.07960901409387589
0.010040792636573315,0.08594038337469101,0.028722696006298065,0.0027657458558678627,-0.0317089706659317,0.005590149667114019,0.031826380640268326,-0.0004796875291503966,0.008814094588160515,0.10782977938652039,-0.016574693843722343,0.034518372267484665,0.05645236000418663,-0.008088571019470692,0.0003501920436974615,-0.02163112722337246,-0.04893770441412926,0.01236774679273367,-0.09846996515989304,-0.024596596136689186,0.05209001526236534
-0.00227886694483459,0.0035137978848069906,-0.012280117720365524,0.002978875767439604,-0.006256759166717529,-0.05068148300051689,-0.0342363566160202,0.031107258051633835,0.024644700810313225,0.009900126606225967,0.12946929037570953,0.0161379836499691,-0.011732511222362518,0.027655599638819695,-0.030498025938868523,-0.027698421850800514,-0.01854311116039753,0.012525638565421104,0.01581921987235546,0.042120952159166336,0.010180422104895115
-0.043823640793561935,-0.011300093494355679,0.04666755720973015,0.06062670424580574,-0.002979469485580921,0.015589732676744461,-0.015776900574564934,-0.0536094605922699,0.019780665636062622,0.14359210431575775,-0.020903388038277626,-0.01336821261793375,0.0031259991228580475,0.01944277621805668,-0.01068505272269249,-0.07481911778450012,0.0024498961865901947,-0.015010664239525795,0.0123121477663517,-0.03429245576262474,-0.028257422149181366
0.08380387723445892,0.03243248164653778,0.11136883497238159,-0.03367794305086136,-0.05767671763896942,-0.0021713385358452797,0.003694026032462716,0.02955317124724388,-0.059962622821331024,0.08853024989366531,-0.0033835817594081163,0.11649084091186523,-0.1297265887260437,-0.08333443850278854,0.0008955958765000105,-0.012700152583420277,0.004120541736483574,0.015709619969129562,-0.046055227518081665,-0.07304773479700089,0.013273210264742374
0.01997162401676178,0.03559259697794914,0.02317328006029129,0.03101218305528164,0.007797074504196644,0.019444234669208527,0.013773462735116482,-0.07920896261930466,0.07026085257530212,0.04960376396775246,-0.0013749314239248633,0.005295173730701208,0.07319144159555435,0.058846525847911835,0.03846415877342224,-0.028094252571463585,0.008927393704652786,-0.004376641474664211,0.015293007716536522,0.014703362248837948,0.16354669630527496

Slice 48
0.010892734862864017,0.03441326692700386,0.0058248634450137615,-0.01987651363015175,0.009391294792294502,-0.006749614141881466,-7.858063327148557e-05,-0.005045214202255011,0.015395953319966793,0.040428854525089264,0.03907155990600586,0.015929225832223892,-0.03148380294442177,-0.00135422230232507,0.02366052195429802,-0.006402668543159962,-0.02071157842874527,0.010377137921750546,-0.0039387717843055725,0.0040702177211642265,-0.02612368017435074
0.007278031669557095,-0.021637333557009697,0.004985095001757145,0.0004654908552765846,0.0029151614289730787,0.010612060315907001,0.010611346922814846,0.010660305619239807,-0.00733545795083046,-0.010760811157524586,0.014452903531491756,0.0046604895032942295,-0.017669521272182465,0.0030689507257193327,-0.006495184265077114,0.0033200071193277836,-0.016859600320458412,0.006253058556467295,0.007526055444031954,-0.00021931252558715641,-0.012487843632698059
-0.025410665199160576,0.01816118136048317,0.018224425613880157,-0.00767392897978425,-0.01860760897397995,0.021388910710811615,-0.00027981074526906013,-0.007629005704075098,-0.01670248433947563,-0.011082609184086323,0.006444558966904879,0.002812813501805067,-0.0024076993577182293,-0.02182389423251152,-0.014306910336017609,-0.025472726672887802,-0.01037671696394682,-0.03069085255265236,-0.007338143885135651,0.006892576813697815,-0.01359105110168457
-0.0029031711164861917,-0.004564825911074877,-0.007013812195509672,-0.008883485570549965,0.030721867457032204,-0.007149186450988054,-0.02523733675479889,0.018452802672982216,0.006750703789293766,0.029245004057884216,-0.010822142474353313,0.0019196256762370467,-0.05216274410486221,-0.009527037851512432,0.03179839253425598,-0.0036511055659502745,-0.027410287410020828,0.042641762644052505,0.022006645798683167,0.018394850194454193,0.062321119010448456
-0.00596636300906539,-0.00045646505896002054,0.012112113647162914,0.005095846485346556,0.008917094208300114,0.010625950060784817,0.0106338607147336,-0.03283536434173584,0.03557971492409706,-0.008966158144176006,-0.019975677132606506,-0.00171602179761976,0.015844801440835,0.009647974744439125,0.014817389659583569,0.0003475378325674683,6.645947723882273e-05,-0.013473126105964184,-0.009733757004141808,0.016954516991972923,-0.029324814677238464
0.011811195872724056,-0.004345857538282871,0.004303022753447294,-0.02899104170501232,0.0046712541952729225,-0.04244546592235565,0.00904351007193327,0.0051907626911997795,-0.02910054288804531,-0.008033744059503078,-0.009750657714903355,0.023353450000286102,-0.0023614997044205666,0.0036299119237810373,0.008848381228744984,-0.003951949533075094,0.005482242442667484,-0.0025856399443000555,-0.005300006363540888,0.0057022287510335445,0.020102402195334435
0.0053284261375665665,-0.014083429239690304,-0.014852624386548996,-0.004022577777504921,0.01508384756743908,0.00858224742114544,-0.005492877215147018,-0.013799681328237057,0.015612672083079815,0.021549921482801437,0.0037709404714405537,-0.005995041225105524,0.02152938023209572,0.01082420814782381,0.01215281244367361,0.03548230230808258,0.01461090613156557,0.020704494789242744,-0.020254148170351982,-0.02787715755403042,0.03717495873570442
0.014976909384131432,0.002569646341726184,-0.014599713496863842,0.02169009856879711,-0.005477060563862324,0.004685519263148308,0.010671482421457767,0.024387825280427933,-0.01969536766409874,-0.013257483951747417,-0.027534598484635353,0.004246667958796024,-0.021561508998274803,-0.025235718116164207,-0.00021068866772111505,0.01592646725475788,0.005075209774076939,-0.009725479409098625,-0.022347204387187958,0.008742865175008774,-0.017662376165390015
0.017541220411658287,0.006905946880578995,0.014065584167838097,0.021892143413424492,-0.014672767370939255,-1.5060857549542561e-05,0.006586916279047728,-0.0020007945131510496,0.036118458956480026,0.00428718701004982,0.01225622184574604,-0.029709313064813614,-0.017327817156910896,0.0055151283740997314,0.09516914933919907,0.03191138803958893,0.028182821348309517,0.028212090954184532,0.0005315812886692584,-0.01060529612004757,0.011343813501298428
0.003994029015302658,-0.027759481221437454,0.025796616449952126,0.006501417141407728,-0.005386893171817064,-0.007425863761454821,0.00478473911061883,0.04387742280960083,-0.0027644578367471695,0.015799980610609055,0.0016234114300459623,0.0016745104221627116,-0.01671534590423107,0.0060966662131249905,-0.024566583335399628,0.03655996546149254,-0.015751220285892487,0.002392072230577469,-0.00875705573707819,0.01872558519244194,0.012333509512245655
-0.012272643856704235,-0.0020417622290551662,0.008021022193133831,0.0018757751677185297,-0.002353867283090949,-0.038887981325387955,0.006063445471227169,-0.021472565829753876,0.017372166737914085,-0.012049958109855652,-0.007303919177502394,0.008039604872465134,0.004127082880586386,0.001087666256353259,0.011872073635458946,-0.0001385998330079019,0.008459688164293766,-0.0003175864112563431,-0.006679171696305275,-0.0028605845291167498,0.0014725865330547094
-0.014016491360962391,0.02382747270166874,0.012468721717596054,-0.020196091383695602,0.008334743790328503,-0.018206903710961342,-0.014076532796025276,0.012290624901652336,0.003186381421983242,-0.022830059751868248,-0.0039620292373001575,-0.011224739253520966,0.002027217298746109,0.008168869651854038,-0.01025023590773344,-0.008386504836380482,0.016968492418527603,0.004716774448752403,0.003594609908759594,-0.01972554810345173,0.012904020957648754
-0.039912980049848557,-0.008855948224663734,0.009663454256951809,-0.010434839874505997,-0.00010732212831499055,0.01837587170302868,-0.0384092703461647,-0.016558248549699783,-0.00868718046694994,0.011792012490332127,0.0211467482149601,0.007182900793850422,0.0033847151789814234,-0.02221844717860222,-0.011322611942887306,0.010158315300941467,0.0020489736925810575,-0.052504025399684906,0.03072514943778515,-0.003790247719734907,-0.017793908715248108
-0.025866536423563957,-0.027912786230444908,-0.0306249912828207,0.009035518392920494,-0.011365333572030067,-0.0030059332493692636,-0.004869971890002489,0.009461474604904652,0.01978897489607334,-0.002882974222302437,0.005295716691762209,-0.002170426771044731,-0.012425928376615047,0.017006371170282364,-0.010152462869882584,0.011922569014132023,-0.0063787284307181835,0.0008524041622877121,-0.009608515538275242,0.012849814258515835,-0.017717961221933365
0.009324943646788597,0.012964710593223572,-0.0010482516372576356,0.015551990829408169,0.008533911779522896,0.01218412909656763,-0.0023509610909968615,-0.027413509786128998,-0.013133086264133453,-0.03324024751782417,0.023844260722398758,0.011114786379039288,0.04960345849394798,-0.002953154034912586,-0.04173291474580765,-0.02038680389523506,0.018263159319758415,0.023258903995156288,-0.013039662502706051,0.03368140384554863,0.04193050414323807
0.07491806149482727,0.018539777025580406,-0.0037934044376015663,-0.007123068906366825,0.007577955257147551,-0.0010565567063167691,0.019952833652496338,-0.017595821991562843,0.012974568642675877,-0.008947758935391903,-0.00023440907534677535,0.013516088016331196,0.0007856804877519608,-0.0018620156915858388,0.0369693823158741,0.015506166964769363,0.002372902352362871,-0.010342760011553764,0.01609954982995987,0.000503377232234925,-0.044737931340932846
-0.018484529107809067,-0.027233626693487167,-0.0066015031188726425,-0.007057608105242252,0.012152446433901787,0.0029429381247609854,-0.010991099290549755,0.0016064309747889638,-0.004456397611647844,-0.03176884725689888,0.01254967413842678,-0.008775358088314533,-0.019466716796159744,0.004111375659704208,0.0012729193549603224,0.01854448951780796,0.013894771225750446,-0.007052516099065542,0.03740307688713074,0.0076338425278663635,-0.025383586063981056
0.001115818158723414,4.8615282139508054e-05,-0.003953282255679369,0.0021801397670060396,0.03014715202152729,0.016192682087421417,0.01553740631788969,-0.013536817394196987,-0.007432478945702314,-0.0025973813608288765,-0.0429522730410099,0.0008469552849419415,-0.002158386167138815,-0.0015211362624540925,0.0012307125143706799,0.009142793715000153,0.018834590911865234,-0.011532546021044254,-0.004896835889667273,-0.017143523320555687,-0.011565734632313251
0.0034825445618480444,0.002528732642531395,-0.010411023162305355,-0.02386585995554924,0.024382492527365685,-0.0035848261322826147,0.004398705437779427,0.009123589843511581,-0.023495253175497055,-0.04927174746990204,0.00798132922500372,-0.0007591766188852489,0.0132029689848423,-0.004966386128216982,0.0030479116830974817,0.013852601870894432,-0.007702265866100788,0.0026336018927395344,-0.00231825839728117,0.011711540631949902,-0.01288271602243185
-0.022721795365214348,-0.010397950187325478,0.00866333581507206,0.00643287505954504,0.007032940164208412,0.01990412548184395,0.010397199541330338,0.004896244499832392,0.02349298633635044,-0.044846344739198685,-0.014572049491107464,-0.030346060171723366,0.016126127913594246,0.031216345727443695,0.007839225232601166,0.008205199614167213,0.0219847671687603,-0.003929121885448694,0.03927779197692871,0.027055790647864342,-0.02620646357536316
0.028717806562781334,-0.007385952863842249,0.02187587134540081,-0.0017999222036451101,0.005397886037826538,0.0034526397939771414,-0.016105692833662033,0.023823969066143036,-0.014210726134479046,-0.019005004316568375,-0.005871000234037638,0.002780158305540681,0.004444166552275419,-0.011403065174818039,-0.0110999820753932,0.02657569758594036,0.004544264171272516,-0.00258796033449471,-0.019495006650686264,-0.0054776049219071865,0.047628335654735565

Slice 49
-0.08735277503728867,0.010455897077918053,0.013527769595384598,-0.06384134292602539,-0.007398117333650589,0.0574340857565403,-0.013280605897307396,0.03287428990006447,0.06815902143716812,-0.003359942464157939,-0.1691901981830597,-0.06719805300235748,0.05411538854241371,0.04072800651192665,0.08530645072460175,0.031198488548398018,0.0573904775083065,-0.010383556596934795,-0.028723131865262985,-0.0803525298833847,0.11527331173419952
-0.034586213529109955,0.05755799263715744,-0.04077897593379021,-0.020922807976603508,-0.0012116472935304046,0.016594212502241135,-0.07314464449882507,-0.06622535735368729,-0.007339915260672569,0.04065439850091934,-0.20303165912628174,0.0004381724866107106,0.02900777757167816,-0.0071390848606824875,-0.021994348615407944,0.00476694293320179,0.07134784758090973,0.018032381311058998,-0.06087927520275116,0.07625582069158554,0.04745021462440491
0.028212156146764755,-0.01450750045478344,-0.009655178524553776,-0.09934388846158981,-0.0571460984647274,-0.04538144916296005,-0.06924336403608322,-0.15890686213970184,0.0384531170129776,0.19442154467105865,-0.061234161257743835,0.025762438774108887,-0.011354933492839336,0.016187286004424095,0.03382468968629837,0.10805607587099075,0.020778419449925423,0.029944483190774918,0.028240306302905083,0.07058700919151306,0.04218841716647148
-0.04190093278884888,0.10674360394477844,-0.00453597167506814,0.0006599712651222944,-0.20954954624176025,-0.04777182266116142,-0.003833252703770995,0.011104750446975231,-0.03121688775718212,-0.029803061857819557,0.029229581356048584,0.023732025176286697,0.08139097690582275,0.14588305354118347,-0.04011104255914688,-0.08509290963411331,0.02108088694512844,-0.18187947571277618,0.005704245995730162,0.056881893426179886,0.026081930845975876
-0.03957616537809372,-0.019397614523768425,-0.031690675765275955,0.03147008642554283,-0.03885580599308014,-0.11841309815645218,-0.021745217964053154,0.04080862179398537,-0.02460043877363205,0.007848291657865047,0.056097280234098434,0.006737361662089825,0.0729127898812294,-0.03309488669037819,-0.015795696526765823,0.01706279069185257,0.00697753531858325,0.007152209989726543,0.03012622334063053,0.03175884112715721,0.03696070611476898
-0.046629130840301514,0.05684174597263336,0.015565633773803711,0.013901220634579659,-0.03235643357038498,0.05403091013431549,-0.03382989019155502,-0.011582404375076294,-0.009014656767249107,0.03786414861679077,0.11642390489578247,-0.014462039805948734,0.1364622712135315,0.05782374367117882,-0.06162293627858162,-0.07304258644580841,-0.11028077453374863,0.019272614270448685,0.012536339461803436,-0.03477029874920845,0.018254201859235764
0.04937104508280754,0.0182066448032856,-0.009300108067691326,0.03292515128850937,-0.11163230985403061,-0.01051612850278616,-0.02634866163134575,-0.023781783878803253,-0.0486159548163414,-0.05007294937968254,-0.0275101475417614,0.04047280550003052,-0.0035543441772460938,-0.035114090889692307,0.012344500049948692,-0.11119057238101959,-0.019754165783524513,-0.12057100236415863,0.07493053376674652,0.028473179787397385,-0.10896045714616776
-0.051980726420879364,0.0721692144870758,0.06853333115577698,-0.03538457304239273,-0.015023781917989254,0.08759845793247223,-0.003451470285654068,0.028745286166667938,-0.05434419959783554,0.04654986411333084,0.07430759817361832,0.024652663618326187,-0.06836651265621185,-0.16889673471450806,-0.11995720863342285,-0.03719773888587952,0.0631398856639862,-0.11230863630771637,0.06188633665442467,0.026737360283732414,-0.1413096785545349
-0.07078839838504791,-0.08443515747785568,-0.05569114536046982,0.10325582325458527,0.05295727774500847,0.02867785096168518,-0.0003916190180461854,-0.04679717868566513,-0.09412486851215363,0.06167204678058624,-0.0394553542137146,0.007656345143914223,-0.064131960272789,0.009450164623558521,0.05981036275625229,-0.0326799601316452,-0.13611792027950287,-0.09982821345329285,-0.02221999317407608,-0.055762842297554016,-0.019379619508981705
0.03346401825547218,0.012163287959992886,-0.06406332552433014,-0.015034272335469723,-0.028700921684503555,0.012804103083908558,0.014658557251095772,-0.0467337928712368,-0.054194334894418716,-0.054332856088876724,-0.05070890486240387,0.07280392944812775,-0.09287414699792862,0.0007437847671099007,-0.021232737228274345,-0.12987911701202393,0.10347806662321091,0.09900713711977005,0.043975312262773514,-0.0945516899228096,-0.03473425656557083
0.051894593983888626,-0.047975197434425354,0.0482085719704628,0.0522594153881073,0.016972942277789116,0.06372420489788055,0.0847569927573204,0.003203897038474679,-0.07590439170598984,-0.05210203304886818,-0.014418013393878937,-0.036915797740221024,0.00015446062025148422,0.051688577979803085,-0.014121484011411667,-0.026124726980924606,0.035495419055223465,-0.07282030582427979,-0.0960574522614479,-0.007808017544448376,0.031280145049095154
-0.09542450308799744,0.018417851999402046,-0.053237706422805786,0.012098772451281548,0.023392444476485252,-0.08487147092819214,0.012277779169380665,0.01762717217206955,0.1043076291680336,0.010261667892336845,0.011424676515161991,-0.015027249231934547,-0.05402971804141998,0.08003552258014679,0.0005766543908976018,0.002687271684408188,-0.03761829063296318,-0.13332262635231018,0.03827561438083649,0.028780242428183556,-0.10746420174837112
-0.0750465914607048,0.020989373326301575,-0.043384503573179245,0.019996553659439087,0.07195934653282166,-0.02948562428355217,0.0143364779651165,0.009830656461417675,0.02774176374077797,-0.10056142508983612,-0.17333826422691345,-0.008953352458775043,-0.03798926621675491,0.049671024084091187,-0.010218164883553982,0.02541973814368248,0.0013358460273593664,0.026493249461054802,-0.11057060211896896,0.11051606386899948,-0.11477695405483246
0.03150680661201477,-0.06451542675495148,0.05666565150022507,0.01212625578045845,0.028049951419234276,-0.02007025107741356,-0.09045550227165222,-0.002543849404901266,0.02309574745595455,-0.04530227556824684,0.016000695526599884,0.008727679029107094,-0.046135447919368744,-0.09776360541582108,-0.032077327370643616,0.3044416308403015,-0.020209308713674545,-0.06663285940885544,0.039285410195589066,0.059726420789957047,0.013828485272824764
0.03389490768313408,0.0178168136626482,0.01952820084989071,-0.03518522158265114,0.19472572207450867,0.09312327951192856,-0.08208596706390381,0.062333714216947556,0.0063790385611355305,0.03474530950188637,-0.017935706302523613,-0.00566317792981863,-0.15026764571666718,0.02247956208884716,-0.08288344740867615,0.03438551723957062,0.016268476843833923,-0.030031215399503708,-0.0007369013619609177,-0.07644028961658478,-0.06770193576812744
-0.12844745814800262,-0.12080185115337372,0.019790049642324448,-0.020600127056241035,-0.039697837084531784,-0.13260123133659363,-0.11182720214128494,0.04426568001508713,0.05689869448542595,0.03327927365899086,-0.036502670496702194,-0.1576959788799286,0.025693068280816078,0.03147002309560776,-9.132931154454127e-05,-0.056878942996263504,0.07340695708990097,0.04286952316761017,-0.09125689417123795,-0.001770887989550829,0.01797177828848362
-0.003207846311852336,0.02873595617711544,0.0666079893708229,0.04125314950942993,-0.09923539310693741,0.056329332292079926,0.059249360114336014,0.005485480185598135,0.009172245860099792,-0.0017628035275265574,0.044036511331796646,-0.16957388818264008,0.030724912881851196,0.024391431361436844,0.0005982851143926382,0.030066240578889847,-0.0937853753566742,0.01205434836447239,-0.04761948063969612,-0.03470158576965332,0.03289748728275299
-0.0917290523648262,-0.002611205680295825,-0.11402858793735504,0.002558546606451273,-0.003867651568725705,-0.041533999145030975,0.02665659226477146,-0.00955529510974884,-0.05117521435022354,-0.02931923232972622,0.01187292393296957,0.021621795371174812,0.06483036279678345,0.009200524538755417,-0.09332722425460815,-0.021163595840334892,-0.022088656201958656,0.009221169166266918,-0.05300041660666466,0.056733470410108566,-0.007148949895054102
-0.06539146602153778,0.032456859946250916,0.00019977008923888206,0.055408693850040436,0.06438171863555908,0.018132198601961136,0.06964130699634552,-0.048407070338726044,-0.12867353856563568,0.027871783822774887,-0.017929041758179665,-0.05390464887022972,-0.03709227219223976,0.028245998546481133,0.0017471237806603312,0.05238663777709007,-0.010181091725826263,-0.028753822669386864,0.07159742712974548,0.05356815457344055,-0.024982798844575882
0.046785417944192886,0.07356218993663788,-0.04785039275884628,-0.023215332999825478,-0.07076342403888702,0.05002044886350632,0.008649545721709728,0.017867187038064003,-0.07302020490169525,0.13378207385540009,0.09875917434692383,0.017856214195489883,0.05793188884854317,0.07422491908073425,0.00663692457601428,-0.17763228714466095,0.0694049596786499,0.03263666108250618,-0.12076879292726517,-0.02964438498020172,0.13103891909122467
-0.05892523378133774,-0.04673054814338684,-0.0272888895124197,-0.019402464851737022,0.13714613020420074,0.017163848504424095,0.08089000731706619,-0.08510638028383255,0.1373053938150406,0.053389325737953186,0.04546819254755974,-0.052959974855184555,0.04623911529779434,0.06303079426288605,0.027091285213828087,0.019598398357629776,-0.008577181957662106,-0.015771374106407166,0.044989075511693954,-0.010781751945614815,-0.17951810359954834

Slice 50
0.015074568800628185,0.02876407839357853,0.009435161016881466,-0.05942560359835625,0.01351808849722147,-0.05601634830236435,0.006721958983689547,0.007784413173794746,-0.0104579022154212,0.05527086555957794,0.1610081046819687,0.06052257493138313,0.028075069189071655,-0.0235220305621624,0.01826350763440132,-0.024423331022262573,-0.05613531544804573,0.010014649480581284,0.014090941287577152,0.04534590616822243,-0.12290668487548828
0.028581714257597923,-0.03884337469935417,0.058716222643852234,-0.004323972389101982,-0.0035767937079072,0.11093545705080032,0.033827029168605804,0.05042630434036255,-0.007623037323355675,-0.04404707998037338,0.0367262177169323,0.0012073153629899025,-0.0646238774061203,-0.005825248081237078,-0.058843743056058884,0.010227881371974945,-0.05136376991868019,0.006225357763469219,0.04776475578546524,-0.06841696798801422,-0.060027625411748886
-0.01175571046769619,0.04913982003927231,0.06453818082809448,0.09368786215782166,0.021411120891571045,0.06195612624287605,0.07340037822723389,0.12907549738883972,0.0077554816380143166,0.017041470855474472,0.003718713764101267,0.01093464344739914,-0.01101141981780529,-0.030505580827593803,0.00829195324331522,-0.08389744907617569,-0.016324305906891823,-0.06493789702653885,-0.025667769834399223,0.07434799522161484,0.02393738366663456
0.049817293882369995,-0.035956040024757385,-0.03458669036626816,-0.00972652155905962,0.13145354390144348,0.0015710302395746112,-0.019878467544913292,0.007407889235764742,0.024031201377511024,-0.0037226162385195494,0.007532765623182058,0.01099454052746296,-0.09246286004781723,-0.06633123755455017,0.11769714206457138,0.06544065475463867,-0.04187510162591934,0.09447665512561798,0.009842092171311378,0.038475554436445236,0.10177116096019745
0.02302904985845089,0.03225523233413696,0.032141052186489105,-0.05400850623846054,0.028205376118421555,0.0355822816491127,0.03406565636396408,-0.03542308881878853,0.08339443802833557,-0.016392311081290245,-0.05387762561440468,-0.01019258238375187,-0.003874034620821476,0.03638450801372528,0.0275430791079998,-0.01277252845466137,-0.0036853987257927656,-0.0013648085296154022,-0.020857922732830048,0.017402397468686104,-0.04324313998222351
0.033417023718357086,-0.020049042999744415,0.02794649824500084,-0.07079990208148956,0.025747066363692284,-0.17495097219944,0.05553659051656723,0.019600866362452507,-0.058490220457315445,-0.017139097675681114,-0.06165974214673042,0.04151223227381706,-0.059385865926742554,-0.02091272734105587,0.05151453986763954,0.007065837271511555,0.031343962997198105,0.015301789157092571,-0.033995673060417175,0.03429580107331276,0.021122897043824196
9.257358033210039e-05,-0.022692743688821793,-0.030254092067480087,-0.05330830439925194,0.09490571916103363,0.0033857093658298254,-0.040474530309438705,-0.051467712968587875,0.02293473482131958,0.044195499271154404,0.007761521730571985,-0.02095651626586914,0.04231492802500725,0.036027390509843826,0.0060292622074484825,0.07568527013063431,0.031480878591537476,0.10101532936096191,-0.058988794684410095,-0.05162438377737999,0.069314144551754
0.0212158914655447,-0.017345160245895386,-0.03724054992198944,0.07141665369272232,-0.020671525970101357,-0.04990842565894127,0.03110118955373764,0.006430709268897772,-0.045590970665216446,-0.04458621144294739,-0.059297963976860046,-0.028014183044433594,-0.017869004979729652,0.03687471151351929,0.053732406347990036,0.045649390667676926,-0.04419465363025665,-0.0188117828220129,-0.07826723158359528,-0.045446839183568954,0.008920669555664062
-0.02681816555559635,0.020893774926662445,0.06190388649702072,-0.011890290305018425,-0.11100837588310242,-0.002764650620520115,7.723154703853652e-05,-0.0538368858397007,0.07314331829547882,-0.0490800105035305,0.034442659467458725,-0.016807911917567253,-0.0002114256494678557,-0.0303744375705719,0.11941389739513397,0.062270231544971466,0.09326191991567612,0.048445310443639755,0.013500029221177101,0.019731875509023666,0.06758613139390945
-0.01865309663116932,-0.03268749639391899,0.04335695132613182,0.0346534363925457,-0.0453215129673481,-0.007274202536791563,0.00047032145084813237,0.07402221858501434,0.0713946595788002,-0.024955587461590767,0.014096042141318321,-0.03896169364452362,-0.0358603373169899,0.0012175216106697917,-0.029666347429156303,0.1421888768672943,-0.1004321500658989,-0.03865696117281914,-0.038929931819438934,-0.01726328209042549,-0.062041327357292175
-0.015384596772491932,0.020424680784344673,-0.008029244840145111,-0.0032741306349635124,0.018532082438468933,-0.12915386259555817,0.007915844209492207,-0.012399749830365181,0.0679016038775444,-0.01047180313616991,-0.004011919721961021,0.022885272279381752,0.00806503091007471,0.01966530829668045,-0.004027262330055237,0.008012340404093266,-0.0023070310708135366,0.012412890791893005,0.010332083329558372,0.011631321161985397,-0.004915329627692699
0.04805672913789749,0.026207350194454193,0.055096738040447235,-0.03174977749586105,-0.03860557824373245,-0.013996885158121586,-0.0246503334492445,0.010857305489480495,-0.020833412185311317,-0.02240111492574215,-0.009843341074883938,-0.01202336698770523,0.04555288702249527,-0.02366366982460022,-0.026002677157521248,-0.01023964211344719,0.017328372225165367,0.0668325424194336,0.01677892543375492,-0.02979595586657524,0.09805265814065933
-0.019227880984544754,-0.022125860676169395,0.020826738327741623,0.0001236366806551814,-0.014330331236124039,0.1547788679599762,0.07622561603784561,-0.015969445928931236,0.008294795639812946,0.0657009705901146,0.09261836856603622,0.021244682371616364,-0.011458603665232658,-0.05214680731296539,0.007575117517262697,0.00046706211287528276,0.01205222774296999,-0.036672722548246384,0.05664016306400299,-0.056640442460775375,-0.002365801716223359
-0.04261741787195206,-0.021600428968667984,-0.0758109912276268,0.00884098932147026,-0.05167849734425545,0.0018852083012461662,0.03703473135828972,0.0025727974716573954,-0.02178460918366909,0.04132964462041855,-0.035120707005262375,0.0012361211702227592,0.0030755973421037197,0.04847477748990059,-0.044368136674165726,-0.0053498148918151855,-0.0011252888944000006,0.030653199180960655,-0.027586210519075394,-0.03772306442260742,-0.01782236248254776
-0.028187666088342667,0.006071868352591991,-0.024285215884447098,0.018612176179885864,-0.049425818026065826,0.08578337728977203,0.03831236809492111,-0.07060869038105011,-0.024687333032488823,-0.11524378508329391,0.02238585241138935,-0.003545918734744191,0.13388973474502563,-0.02183949202299118,-0.03926723077893257,-0.03213346377015114,-0.004303413443267345,0.030355853959918022,0.010600849986076355,0.10241982340812683,0.14898353815078735
0.16579627990722656,0.03297874331474304,-0.006399097386747599,-0.020753176882863045,0.02664295770227909,0.025228943675756454,0.08925102651119232,-0.04445682466030121,-0.026576362550258636,-0.014637669548392296,0.026495225727558136,0.07763738930225372,-0.023484664037823677,0.008489258587360382,0.07889684289693832,0.05393325164914131,0.026167945936322212,-0.0019870649557560682,0.06011124327778816,0.002501110313460231,-0.0432562418282032
-0.03752738609910011,-0.06073850765824318,-0.07535348832607269,-0.033564355224370956,0.06710585206747055,0.01827402599155903,-0.04621974006295204,0.00437068659812212,-0.010591666214168072,-0.03277050331234932,0.006859536748379469,0.06079059839248657,-0.034703999757766724,0.0004206030862405896,0.006518115289509296,0.03962370380759239,0.08384933322668076,-0.021376468241214752,0.07881693542003632,0.029049180448055267,-0.03407900780439377
0.004180509597063065,0.004895021673291922,0.016075652092695236,-0.004726086743175983,0.15055426955223083,0.0339035838842392,0.004674751777201891,-0.0211404450237751,0.012382379733026028,-0.01717747561633587,-0.060157883912324905,0.0002248208038508892,-0.04428916424512863,-0.006218294613063335,0.015627369284629822,0.0134907690808177,0.03211866319179535,-0.04475519061088562,0.016518980264663696,-0.10211074352264404,-0.025976963341236115
0.031934794038534164,-0.030072135850787163,0.022412922233343124,-0.05562787875533104,0.042782776057720184,-0.002430868102237582,-0.04964529722929001,0.0024465739261358976,-0.0015346005093306303,-0.09111830592155457,0.021153004840016365,0.009843442589044571,0.08291766792535782,-0.012426073662936687,0.01296404842287302,-0.05983932316303253,-0.023170292377471924,0.04017895087599754,-0.0164258424192667,0.055465057492256165,-0.043618422001600266
-0.0368184968829155,-0.03613421320915222,0.11230147629976273,0.026260385289788246,-0.012119147926568985,-0.0058973077684640884,0.041647590696811676,0.10272590816020966,0.08528220653533936,-0.10885858535766602,-0.13408371806144714,-0.054762620478868484,-0.03810873255133629,-0.009765220806002617,0.025902586057782173,0.10461694747209549,0.04311054199934006,-0.0019086069660261273,0.1475113332271576,0.028269769623875618,-0.13656149804592133
0.035303667187690735,0.027851441875100136,0.005857100710272789,-0.0052260784432291985,0.022302838042378426,-0.02314276061952114,-0.04577062651515007,0.07550384104251862,-0.08861550688743591,0.003395982086658478,-0.048356425017118454,-0.009141054935753345,-0.11048328876495361,-0.023475123569369316,-0.039404042065143585,0.005546335130929947,-0.0066116671077907085,0.010846683755517006,-0.08937220275402069,-0.08687964826822281,0.018426233902573586

Slice 51
0.006040571257472038,0.047574229538440704,0.01608911342918873,0.0820097029209137,0.01046497467905283,0.0831901952624321,-0.01469530537724495,-0.015628710389137268,0.016282297670841217,-0.0009507364593446255,-0.041990458965301514,-0.01564628630876541,-0.0841880813241005,0.024422595277428627,0.022730063647031784,0.018078060820698738,0.004366877023130655,0.022790951654314995,-0.003301682649180293,0.009413412772119045,0.0130449328571558
0.00808117724955082,-0.03453666716814041,-0.037897687405347824,0.009112332947552204,0.012126991525292397,-0.18814729154109955,0.00420075748115778,0.0010186077561229467,-0.009909613989293575,-0.00968293845653534,0.09409588575363159,0.013257915154099464,0.028202760964632034,0.01797826960682869,0.0729277953505516,0.004024288151413202,-0.009093944914638996,0.01827971637248993,-0.024453895166516304,0.09665658324956894,0.042388420552015305
0.011074208654463291,-0.004366332199424505,-0.0011018926743417978,-0.06205485761165619,-0.033613044768571854,0.03624259680509567,-0.004296915605664253,-0.14771872758865356,-0.03718011826276779,-0.09469210356473923,0.06879232823848724,0.009799223393201828,0.00855749286711216,-0.006260249763727188,-0.023431506007909775,0.022912004962563515,-0.006596635561436415,-0.009538417682051659,0.014361236244440079,-0.05629897862672806,0.0010309498757123947
-0.035454895347356796,-0.014137692749500275,0.037679966539144516,-0.013171396218240261,0.03575150668621063,0.028772607445716858,-0.028690926730632782,0.004083878826349974,0.027934152632951736,0.06065699830651283,-0.06496996432542801,0.004527676850557327,-0.060312047600746155,0.017068756744265556,-0.09861961007118225,-0.11330556869506836,-0.034464601427316666,0.03934043273329735,0.039559826254844666,-0.014052924700081348,0.04185936227440834
-0.023587342351675034,-0.07563845068216324,0.014948292635381222,0.14533279836177826,0.006450321990996599,0.02138177864253521,-0.048039697110652924,-0.07978370040655136,0.0029704333283007145,0.033695288002491,-0.016904205083847046,0.0038053756579756737,0.09684929996728897,-0.015124829486012459,0.020212123170495033,0.013852458447217941,-0.004822312854230404,-0.03485192358493805,-0.01753990910947323,0.008163562044501305,-0.0027900943532586098
0.038171421736478806,-0.009250270202755928,-0.003818120341747999,0.009144045412540436,-0.012441755272448063,0.12141259014606476,-0.02365291304886341,-0.006781823933124542,-0.004903439898043871,0.008836266584694386,0.011693531647324562,0.023763280361890793,-0.009309617802500725,0.029226990416646004,-0.03462023660540581,0.00980338640511036,0.019938647747039795,-0.05192010477185249,0.04495902359485626,-0.017018437385559082,0.007483838126063347
-0.04154544323682785,-0.024914070963859558,-0.04407859221100807,-0.014667264185845852,-0.07080526649951935,0.008000094443559647,0.045000653713941574,0.0176687091588974,-0.02985875867307186,-0.012089284136891365,-0.0031161573715507984,-0.04101595655083656,0.020569108426570892,-0.02858482301235199,-0.055889975279569626,0.009045359678566456,-0.026079904288053513,-0.0840456411242485,-0.011994043365120888,-0.105709508061409,0.0222366563975811
0.055283982306718826,0.01359008438885212,0.008883574046194553,-0.04121421277523041,0.017425576224923134,0.023596016690135002,-0.03539131581783295,0.04042911157011986,0.05678495764732361,-0.030412934720516205,-0.04250993952155113,0.053454410284757614,0.04663986340165138,-0.06764713674783707,0.01894645020365715,-0.009223849512636662,0.07642845064401627,0.052670616656541824,0.014314481988549232,0.04199296981096268,0.012075020931661129
0.04243246093392372,0.03757188469171524,-0.028983576223254204,-0.06441567838191986,0.16383442282676697,-0.008157497271895409,0.014079660177230835,0.03869934007525444,-0.03297804668545723,-0.0038750264793634415,0.0017927561420947313,-0.05118700861930847,-0.02102585881948471,0.028485653921961784,-0.07391532510519028,0.02370833046734333,0.011922299861907959,-0.006365508772432804,-0.02145695686340332,-0.02026938833296299,-0.02040128782391548
0.007525305263698101,-0.062408529222011566,0.04977624863386154,-0.004325860645622015,0.07781932502985,-0.0006342423730529845,-0.014621784910559654,0.027331069111824036,-0.01597646437585354,0.0830623209476471,0.015294651500880718,0.013583463616669178,0.05140482261776924,0.04264327883720398,0.01378792617470026,-0.03002289868891239,0.033725183457136154,-0.027693338692188263,0.008923943154513836,0.08596540987491608,0.10943064093589783
-0.03421000391244888,-0.02283385582268238,0.03161054849624634,-0.004146205261349678,-0.059065379202365875,0.06222939118742943,-0.05246210843324661,-0.02115478739142418,-0.03665792942047119,0.005211787763983011,-0.02044135518372059,0.0034881627652794123,0.0012756327632814646,-0.05448872968554497,0.05856119096279144,-0.0008756887400522828,0.020544737577438354,0.027404660359025,-0.018950754776597023,-0.034299854189157486,0.008854168467223644
-0.007273445837199688,0.031235072761774063,0.00023074611090123653,0.033013708889484406,-0.02173718251287937,0.0009227942791767418,-0.0038091689348220825,0.027546847239136696,0.07153233885765076,0.006961939390748739,0.004871638957411051,0.016078302636742592,-0.01706620119512081,0.06654973328113556,0.07246808707714081,-0.0012082491302862763,0.07910294830799103,-0.0033684452064335346,-0.03951270133256912,0.0053626252338290215,-0.011126958765089512
0.002794085768982768,-0.005124935880303383,0.004161742050200701,-0.01061105914413929,-0.014989091083407402,-0.13001950085163116,-0.150556743144989,0.0003043627366423607,-0.03307487815618515,-0.011783409863710403,-0.005035693757236004,-0.013905412517488003,0.013233551755547523,-0.010288605466485023,-0.020710594952106476,0.05806519091129303,-0.004241207614541054,-0.11094959825277328,0.10886653512716293,0.024240044876933098,0.03313999995589256
-0.002631104551255703,0.022545674815773964,-0.01197392400354147,0.014481479302048683,0.03855203092098236,0.004272994119673967,0.012424023821949959,0.02975258231163025,0.10369493067264557,-0.0786450207233429,0.05197940766811371,0.002836378989741206,-0.013565758243203163,0.03874843195080757,0.047540340572595596,-0.05188282951712608,-0.0014641312882304192,-0.023030433803796768,-0.010317176580429077,0.1135016530752182,-0.024607695639133453
-0.08477359265089035,0.031069157645106316,0.00511424895375967,-0.020223645493388176,-0.029091155156493187,-0.13742835819721222,-0.016577716916799545,-0.0411033071577549,-0.0360058918595314,-0.00020077539375051856,0.07490549236536026,0.04231914132833481,0.05401894077658653,-0.007466052193194628,-0.026296136900782585,-0.03346937894821167,0.056390274316072464,0.006089839152991772,-0.05947716906666756,0.06560762226581573,-0.012708703055977821
0.031019465997815132,0.07084667682647705,-0.022436456754803658,0.030085714533925056,-0.0007040314958430827,0.06480642408132553,-0.043464768677949905,-0.008813275024294853,0.03780476748943329,-0.016250360757112503,-0.03834959864616394,0.0029700733721256256,0.07225067168474197,-0.04169343039393425,0.0264810249209404,-0.028272030875086784,-0.02981034480035305,-0.04186900705099106,0.0036174857523292303,0.013655666261911392,-0.045278314501047134
0.028221841901540756,-0.03059776872396469,0.037276674062013626,0.02797316014766693,-0.02526826597750187,-0.02002168819308281,0.004910711199045181,-0.0063451481983065605,-0.0007787877693772316,-0.08452853560447693,0.0049933940172195435,-0.07584114372730255,-0.01340933796018362,0.003420295426622033,-0.006190881598740816,-0.019785292446613312,-0.025115959346294403,0.005920630879700184,0.030854010954499245,-0.0040741413831710815,-0.02907315269112587
0.024921294301748276,-0.0078347846865654,0.0022615399211645126,0.006508860737085342,-0.11689633131027222,0.03968382254242897,0.02863205410540104,-0.003947525750845671,-0.024394452571868896,0.005014543421566486,-0.06955599784851074,-0.017981229349970818,0.04894252493977547,-0.01885056681931019,0.03522435203194618,0.019835518673062325,-0.00517547782510519,0.03368939086794853,-0.027847206220030785,0.05433736741542816,0.023095939308404922
0.014580595307052135,0.035504698753356934,-0.06954130530357361,-0.015391365624964237,-0.05948890373110771,-0.021331066265702248,0.059105660766363144,0.0447002574801445,-0.024420013651251793,-0.05522371083498001,-0.0009209644631482661,0.008416341617703438,-0.08855676651000977,-0.01264585554599762,-0.0021267251577228308,0.1269582360982895,0.019915055483579636,-0.024621134623885155,-0.005568148568272591,-0.017534900456666946,0.06116146966814995
-0.08273404836654663,-0.004676114302128553,-0.19832725822925568,-0.011852302588522434,0.07128747552633286,-0.01688806153833866,-0.06731688231229782,-0.14911210536956787,-0.03645731881260872,-0.0073435609228909016,0.12251435965299606,-0.06805875152349472,0.12000486254692078,0.08254208415746689,-0.01573631912469864,-0.08053549379110336,-0.054488733410835266,-0.01188099104911089,-0.0761701762676239,0.04337168484926224,0.10039626061916351
-0.034033771604299545,-0.053787365555763245,-0.022151747718453407,-0.012706676498055458,-0.04199482500553131,-0.005391624756157398,0.027343397960066795,0.038114212453365326,0.02716134674847126,0.02756843902170658,0.06750451028347015,0.01412060484290123,0.017226839438080788,-0.040229976177215576,-0.007346068974584341,0.02882850356400013,-0.00241805799305439,0.011348613537847996,0.07065807282924652,0.09648007154464722,-0.1259298026561737

Slice 52
0.10890445113182068,0.015103228390216827,-0.0016887611709535122,0.01687011308968067,0.001136920414865017,-0.07340913265943527,0.015740565955638885,0.006617459002882242,-0.04046108201146126,0.03924427554011345,0.2242152988910675,0.09217678755521774,-0.02324552647769451,-0.03764614835381508,-0.035711515694856644,-0.04274880886077881,-0.07891246676445007,0.022581301629543304,0.03135572001338005,0.09029693901538849,-0.18283125758171082
0.04413805156946182,-0.0665876492857933,0.07428369671106339,0.014164533466100693,-0.0010259747505187988,0.07601797580718994,0.07827503979206085,0.0813608318567276,-0.0036485965829342604,-0.06094794720411301,0.18163934350013733,-0.00024472770746797323,-0.06755375862121582,-0.002164727309718728,-0.033107608556747437,0.007241908926516771,-0.08674853295087814,-0.01594674400985241,0.07893497496843338,-0.1135648787021637,-0.07924466580152512
-0.004041909705847502,0.03997974470257759,0.04556245729327202,0.1557987630367279,0.06855606287717819,0.06193748116493225,0.11109296977519989,0.2305942326784134,-0.011973902583122253,-0.12931020557880402,0.04200311005115509,-0.004173812922090292,0.002473364816978574,-0.019045928493142128,-0.012494489550590515,-0.1273064911365509,-0.020347287878394127,-0.06161157414317131,-0.0382719561457634,-0.0019415946444496512,-0.001753149670548737
0.07387136667966843,-0.10077028721570969,-0.02050185762345791,-0.006916906218975782,0.24330687522888184,0.042551182210445404,-0.002496384084224701,-0.0009982484625652432,0.031329404562711716,0.02558630332350731,-0.009269637987017632,-0.005905266385525465,-0.11383670568466187,-0.1492529660463333,0.10548868775367737,0.13171055912971497,-0.03254720941185951,0.1818685233592987,0.0014365556417033076,-0.009488641284406185,0.03608858585357666
0.03852248191833496,0.049114104360342026,0.05365820229053497,-0.06746271997690201,0.048077039420604706,0.0873851329088211,0.046534087508916855,-0.05218879133462906,0.06426285952329636,-0.019506262615323067,-0.07295538485050201,-0.010307992808520794,-0.07385195791721344,0.049905724823474884,0.0271772388368845,-0.024468153715133667,-0.008502712473273277,-0.0029690852388739586,-0.035203080624341965,-0.011331603862345219,-0.055236268788576126
0.04091878980398178,-0.04914309084415436,-0.0019692841451615095,-0.06040249764919281,0.045341674238443375,-0.16928178071975708,0.05921047925949097,0.02230057679116726,-0.012544533237814903,-0.03122168965637684,-0.12767378985881805,0.03190324455499649,-0.13182611763477325,-0.06033381074666977,0.09016849100589752,0.061474964022636414,0.08742409944534302,-0.004623090382665396,-0.03674374148249626,0.04964607581496239,-0.019264865666627884
-0.03892683610320091,-0.025541648268699646,-0.020544910803437233,-0.07408203929662704,0.15788061916828156,0.005248583387583494,-0.015048143453896046,-0.018019389361143112,0.03261438012123108,0.05831171199679375,0.02412020042538643,-0.0458700992166996,0.004522681701928377,0.04006216302514076,-0.014914952218532562,0.12225683033466339,0.031552281230688095,0.15831241011619568,-0.09419799596071243,-0.03490254282951355,0.12083215266466141
0.03315707668662071,-0.06725820153951645,-0.07873720675706863,0.06960751861333847,-0.0011316624004393816,-0.09967509657144547,0.030750347301363945,-0.024843234568834305,-0.015337624587118626,-0.037715569138526917,-0.08719083666801453,-0.046627119183540344,0.0496278777718544,0.1460118442773819,0.10720901936292648,0.05681731924414635,-0.08461251109838486,0.07263758033514023,-0.09965401887893677,-0.04523006081581116,0.11033473163843155
0.051198560744524,0.07518769800662994,0.08613497763872147,-0.08104649186134338,-0.12205266952514648,-0.013121205382049084,0.0033416005317121744,0.01209145039319992,0.12757344543933868,-0.06554368883371353,0.05462787300348282,-0.009313343092799187,0.06044471636414528,-0.030093040317296982,0.04301431030035019,0.07034163177013397,0.16341696679592133,0.11346183717250824,0.030709655955433846,0.051872339099645615,0.0655684769153595
-0.04262653365731239,-0.01757870987057686,0.06592942029237747,0.00690146628767252,-0.014827041886746883,-0.020453423261642456,-0.02964198589324951,0.06990661472082138,0.06314770877361298,-0.001328506856225431,0.04193935915827751,-0.09936013072729111,0.03383554145693779,-0.022580841556191444,-0.01853962242603302,0.17238858342170715,-0.15595336258411407,-0.08631886541843414,-0.06349007040262222,0.024975767359137535,-0.0037971986457705498
-0.04917561635375023,0.05156303569674492,-0.04790448397397995,-0.04100586101412773,0.006129838526248932,-0.14173217117786407,-0.05649887025356293,-0.011294462718069553,0.1008220911026001,0.02874652110040188,0.010840343311429024,0.04137395694851875,0.0063591827638447285,-0.025106295943260193,0.0023920878302305937,0.02371959388256073,-0.03299644589424133,0.05556575208902359,0.07145257294178009,0.01614566519856453,-0.03230332210659981
0.09425397962331772,-0.002640341641381383,0.07361871004104614,-0.029139073565602303,-0.045671846717596054,0.05793996900320053,-0.02433648705482483,-0.0021235353779047728,-0.09500820934772491,-0.02984820120036602,-0.017271943390369415,0.0009664967656135559,0.07521363347768784,-0.08748982846736908,-0.028521548956632614,-0.010614127852022648,0.027132820338010788,0.14395837485790253,-0.011610704474151134,-0.03075670264661312,0.14485102891921997
0.04591228440403938,-0.02897621877491474,0.033398862928152084,-0.0034067819360643625,-0.05682682618498802,0.1564730703830719,0.06012918800115585,-0.014821166172623634,0.018456365913152695,0.13271671533584595,0.1913178265094757,0.02994350716471672,0.023227499797940254,-0.05688624829053879,0.039721760898828506,-0.029133783653378487,0.012486230581998825,-0.040789563208818436,0.12269003689289093,-0.08719345927238464,0.07589035481214523
-0.049456436187028885,0.036037616431713104,-0.09662250429391861,-0.007080975919961929,-0.05842053145170212,0.014372416771948338,0.08578887581825256,-0.006320551503449678,-0.049478206783533096,0.07760847359895706,-0.036799147725105286,-0.007805322762578726,0.03878364339470863,0.10149406641721725,-0.027874965220689774,-0.1417221575975418,0.014810782857239246,0.07036454975605011,-0.0455324612557888,-0.07764863967895508,-0.023277828469872475
-0.03507177159190178,-0.01255004107952118,-0.030976049602031708,0.032417088747024536,-0.14605070650577545,0.0005610192310996354,0.08884478360414505,-0.08196493983268738,-0.02181505598127842,-0.09791820496320724,0.017033958807587624,-0.004700438119471073,0.20774602890014648,-0.03152226656675339,0.043083615601062775,-0.03867863491177559,-0.0234835147857666,0.045143548399209976,0.014426326379179955,0.10419303923845291,0.17598363757133484
0.20373907685279846,0.10327979922294617,-0.016755854710936546,0.0033302579540759325,0.04353732615709305,0.10251405835151672,0.1508401781320572,-0.061102885752916336,-0.056443993002176285,-0.037686027586460114,0.04745780676603317,0.1633920669555664,-0.030171118676662445,-0.009655906818807125,0.03750959038734436,0.08090586960315704,-0.047325197607278824,-0.02956310473382473,0.11203555762767792,0.0012926232302561402,-0.044832319021224976
-0.0193878673017025,-0.053318459540605545,-0.10078082978725433,-0.04940997064113617,0.12737350165843964,-0.012361053377389908,-0.07156350463628769,3.310506508569233e-05,-0.006938460282981396,-0.0024944799952208996,-0.028346898034214973,0.17050328850746155,-0.03538593277335167,-0.014071570709347725,0.008651181124150753,0.009267767891287804,0.12420995533466339,-0.024557510390877724,0.08463865518569946,0.052632350474596024,-0.04434899613261223
0.06361101567745209,0.006087182089686394,0.08546090126037598,-0.0052485219202935696,0.1073295846581459,0.04812408611178398,-0.022757818922400475,-0.007949807681143284,0.03851780295372009,0.009217264130711555,-0.05654114857316017,-0.015434336848556995,-0.0869898796081543,-0.014097469858825207,0.0836549773812294,0.018037335947155952,0.034735631197690964,-0.04203551262617111,0.05267170071601868,-0.11671996116638184,-0.01665303111076355
0.06741134077310562,-0.04726751893758774,0.024889035150408745,-0.07452996075153351,-0.016517026349902153,-0.01793132722377777,-0.09248694032430649,0.028389832004904747,0.09979654848575592,-0.06867431104183197,0.026672933250665665,0.04775682091712952,0.08959702402353287,-0.028720395639538765,0.004776104353368282,-0.08393603563308716,-0.011524749919772148,0.04489511623978615,-0.06595351547002792,-0.015041244216263294,-0.01436937041580677
-0.05672203749418259,-0.0774775967001915,0.20588813722133636,0.03738716244697571,0.04031407833099365,-0.04974391683936119,0.028308818116784096,0.05655807629227638,0.1329948604106903,-0.15871496498584747,-0.16654475033283234,-0.028592530637979507,-0.09148994088172913,-0.07097494602203369,0.027418125420808792,0.21922335028648376,-0.013718187808990479,-0.013983248732984066,0.19520947337150574,0.031852107495069504,-0.1666698455810547
0.056951623409986496,0.06243160739541054,0.014360019005835056,0.012378571555018425,-0.10115373134613037,-0.040666453540325165,-0.09968405216932297,0.10025123506784439,-0.15489929914474487,-0.07409827411174774,-0.07033921033143997,0.0322108156979084,-0.12218578159809113,-0.05594868212938309,-0.056589603424072266,-0.017108850181102753,-0.0012640939094126225,0.016293738037347794,-0.1017097607254982,-0.070577472448349,0.12398917227983475

Slice 53
0.08668994903564453,-0.0777311697602272,-0.05598713457584381,0.06957868486642838,-0.0024825576692819595,-0.10923164337873459,0.014488007873296738,-0.04238580912351608,-0.11051954329013824,-0.019645625725388527,0.19003944098949432,0.07956843078136444,-0.03899361565709114,-0.06716197729110718,-0.15647639334201813,-0.05905699357390404,-0.07626546174287796,0.007362833712249994,0.03811797499656677,0.08598336577415466,-0.20352493226528168
0.03336635231971741,-0.06304813921451569,0.0573551207780838,0.01875714212656021,-0.0034143689554184675,0.041799940168857574,0.09858499467372894,0.07013984769582748,0.013606875203549862,-0.049086060374975204,0.2007976770401001,-0.009860475547611713,-0.04627622291445732,0.0026047786232084036,0.031092999503016472,-0.0349067822098732,-0.09048951417207718,-0.0409218929708004,0.08799756318330765,-0.14660637080669403,-0.08816659450531006
0.001009563566185534,0.01798354461789131,0.041227418929338455,0.22566993534564972,0.1006782054901123,0.030526302754878998,0.09062982350587845,0.28926700353622437,-0.016225360333919525,-0.1943197101354599,0.06282319128513336,-0.03854850307106972,0.012804153375327587,-0.004572091158479452,-0.022066384553909302,-0.13948911428451538,-0.011326625011861324,-0.020902633666992188,-0.038709722459316254,-0.07500603795051575,-0.03295402228832245
0.06809515506029129,-0.13200660049915314,0.002770056016743183,0.007218671962618828,0.2781158983707428,0.05932553485035896,0.02307872660458088,-0.018718231469392776,0.06775820255279541,0.02164042741060257,-0.008604607544839382,-0.02797643654048443,-0.09911856800317764,-0.19870081543922424,0.07857480645179749,0.15587036311626434,-0.00033634473220445216,0.25228962302207947,-0.034921981394290924,-0.059589534997940063,-0.05475284904241562
0.06547728925943375,0.058658208698034286,0.04861916974186897,-0.09517546743154526,0.04518760368227959,0.10000059753656387,0.03286705166101456,-0.019104892387986183,0.027457905933260918,-0.019247496500611305,-0.06335531920194626,-0.012295365333557129,-0.13027246296405792,0.04924270510673523,0.016586294397711754,-0.028478818014264107,-0.012903425842523575,0.0030021939892321825,-0.03180232271552086,-0.06144530326128006,-0.02039751224219799
0.06566891074180603,-0.06482075154781342,-0.01506651658564806,-0.0022149530705064535,0.05795919895172119,-0.10058726370334625,0.044367752969264984,0.0037108773831278086,0.027339166030287743,-0.06215560808777809,-0.16854551434516907,0.02795160375535488,-0.1600327491760254,-0.08979173749685287,0.0853213220834732,0.11085137724876404,0.12109438329935074,-0.010586890392005444,-0.02839585952460766,0.06697964668273926,-0.027586545795202255
-0.02358654886484146,-0.011307909153401852,0.01378417294472456,-0.034630727022886276,0.16105984151363373,0.008454950526356697,0.008844416588544846,0.04329643398523331,0.0578823983669281,0.06367652863264084,0.03381377086043358,-0.03899489715695381,-0.016856631264090538,0.05641986057162285,-0.004940662067383528,0.13691039383411407,0.031912218779325485,0.18264779448509216,-0.09053192287683487,-0.001399280154146254,0.14418891072273254
0.02856137789785862,-0.09782464802265167,-0.08481714129447937,0.059736333787441254,0.025397907942533493,-0.10555616766214371,0.03930267319083214,-0.07129588723182678,0.04937346279621124,-0.02882867492735386,-0.07542777061462402,-0.05935894325375557,0.10546549409627914,0.33519667387008667,0.1694028079509735,0.04889487102627754,-0.11575528979301453,0.13355064392089844,-0.08461987972259521,-0.007512462325394154,0.18032890558242798
0.10593961924314499,0.09910068660974503,0.07406965643167496,-0.12745659053325653,-0.13344678282737732,-0.04193232208490372,-0.011705995537340641,0.06320811063051224,0.120090052485466,-0.10316389799118042,0.04989941045641899,0.010142511688172817,0.09578301012516022,-0.034414153546094894,-0.0995170995593071,0.02769164741039276,0.16595764458179474,0.13435333967208862,0.03417791798710823,0.07092162221670151,0.0289565771818161
-0.060010701417922974,0.010186934843659401,0.05189199000597,0.0046926154755055904,0.016856681555509567,-0.010966528207063675,-0.021658802404999733,0.028724610805511475,0.07128279656171799,-0.02286655455827713,0.05993340164422989,-0.11486774682998657,0.09390364587306976,-0.028507445007562637,0.03989877179265022,0.1611807644367218,-0.15721410512924194,-0.1343921720981598,-0.05525216832756996,0.08756126463413239,0.013949906453490257
-0.06229554861783981,0.07370062917470932,-0.08004171401262283,-0.07858197391033173,0.0007145731360651553,-0.10775267332792282,-0.10393940657377243,-0.02405901439487934,0.09804593771696091,0.06573977321386337,0.02908375859260559,0.04286098852753639,-0.0039038113318383694,-0.044228874146938324,-0.004340553190559149,0.03507464379072189,-0.060855258256196976,0.08023027330636978,0.18965713679790497,0.016974488273262978,-0.04851771891117096
0.13298188149929047,-0.04370119422674179,0.0714731439948082,-0.020822158083319664,-0.015523741021752357,0.10661709308624268,-0.0050421510823071,-0.027117125689983368,-0.21100826561450958,-0.002681418089196086,-0.018497243523597717,0.018317855894565582,0.08346644788980484,-0.131988063454628,-0.02915264666080475,-0.006018347572535276,0.015118318609893322,0.1772761195898056,-0.047138508409261703,-0.04037003591656685,0.12831443548202515
0.0758037194609642,-0.02587522752583027,0.04126652702689171,-0.02080688625574112,-0.0873534083366394,0.07334490120410919,0.10427004098892212,0.002690174849703908,-0.02250206656754017,0.1507679522037506,0.23373465240001678,0.024694783613085747,0.06053793802857399,-0.054600849747657776,0.017887845635414124,-0.05492329224944115,-0.000308442919049412,-0.008630650117993355,0.07778216153383255,-0.11408571153879166,0.15265485644340515
-0.04067471623420715,0.08827724307775497,-0.07186858355998993,-0.03879181295633316,-0.05278417095541954,0.019436929374933243,0.11191488802433014,-0.013574083335697651,-0.08050083369016647,0.08250798285007477,-0.03304373845458031,-0.014817393384873867,0.07495951652526855,0.11078765988349915,0.0015355665236711502,-0.25396689772605896,0.027583036571741104,0.09550978243350983,-0.047077909111976624,-0.12932780385017395,-0.018061364069581032
0.00016773014795035124,-0.03958619758486748,-0.02734380029141903,0.04489768669009209,-0.23453296720981598,-0.04548552632331848,0.09666433185338974,-0.05257087200880051,0.015491429716348648,-0.037132058292627335,-0.00814935751259327,0.0026339604519307613,0.1278793215751648,-0.025279534980654716,0.15074411034584045,-0.01822754368185997,-0.04228733479976654,0.044412266463041306,0.023993035778403282,0.02829367108643055,0.09514619410037994
0.1550956517457962,0.13307811319828033,0.000788531790021807,0.017237182706594467,0.05311065912246704,0.15420663356781006,0.16893817484378815,-0.05949826538562775,-0.09352365881204605,-0.04284355416893959,0.06398776918649673,0.22067351639270782,-0.044488389045000076,-0.029782801866531372,-0.02394065074622631,0.08589000999927521,-0.10896050184965134,-0.04650040715932846,0.11670141667127609,0.0031048080418258905,0.017889205366373062
-0.002448083832859993,-0.01087279338389635,-0.09814748167991638,-0.06336147338151932,0.13778240978717804,-0.0501408651471138,-0.07190507650375366,-0.012253841385245323,-0.005687575787305832,0.04301449656486511,-0.06484702229499817,0.24265336990356445,-0.020350728183984756,-0.03631075471639633,-0.004348104819655418,-0.034611884504556656,0.13428647816181183,-0.019494324922561646,0.03857673704624176,0.04929440841078758,-0.026849327608942986
0.1088416799902916,0.006560574751347303,0.1560480147600174,-0.015296452678740025,0.0622701533138752,0.045993536710739136,-0.04177143797278404,0.008118245750665665,0.07539582997560501,0.03601743280887604,-0.006536746397614479,-0.028893569484353065,-0.09358827769756317,-0.010648214258253574,0.120000459253788,0.01464659534394741,0.022107385098934174,-0.02918807603418827,0.0810999870300293,-0.09531597048044205,-0.007475405931472778
0.07205058634281158,-0.060893464833498,0.024912718683481216,-0.07124961912631989,-0.07096468657255173,-0.02549707144498825,-0.11708740144968033,0.05166178196668625,0.18351741135120392,-0.006456516683101654,0.021819984540343285,0.06784455478191376,0.07151401042938232,-0.03351352736353874,0.0012510051019489765,-0.14690199494361877,0.0012365833390504122,0.04007326066493988,-0.10266731679439545,-0.08791011571884155,0.011685658246278763
-0.03128660097718239,-0.09388010948896408,0.10243304073810577,0.018594959750771523,0.05437924340367317,-0.06602591276168823,0.012106901034712791,0.03453082963824272,0.10183519124984741,-0.15627893805503845,-0.16986465454101562,0.010444818995893002,-0.13049761950969696,-0.1484231799840927,0.001005138154141605,0.2659408450126648,-0.09572019428014755,-0.02476956881582737,0.17359599471092224,-0.004810710903257132,-0.17034202814102173
0.10088914632797241,0.09146890044212341,0.05068620294332504,0.059142209589481354,-0.18820026516914368,-0.03831705078482628,-0.12308262288570404,0.10524621605873108,-0.1500781774520874,-0.05185743048787117,-0.07536865025758743,0.07210316509008408,-0.08374436944723129,-0.05012869834899902,0.0008303148788399994,-0.02633693628013134,0.025882350280880928,0.03745946288108826,-0.069624163210392,-0.03665231168270111,0.26563915610313416

Slice 54
0.013804814778268337,-0.004990045912563801,0.004078436642885208,-0.03742246702313423,-0.0014413211029022932,-0.05748043581843376,0.009021998383104801,0.025089861825108528,-0.018956173211336136,-0.001865993719547987,0.07147343456745148,0.0242982916533947,0.04284542798995972,-0.016742916777729988,-0.01588384620845318,-0.017881492152810097,-0.015838894993066788,-0.00014647665375377983,0.00922455731779337,0.0407448336482048,-0.0282297320663929
0.002891091862693429,0.008838064037263393,0.043398983776569366,-0.010241115465760231,-0.008635645732283592,0.12030342221260071,0.008517629466950893,0.016904059797525406,0.0008287305245175958,-0.007596668787300587,-0.01594856008887291,-0.010285753756761551,-0.03518454357981682,-0.014193650335073471,-0.06385935842990875,0.013261666521430016,-0.009595168754458427,-0.010801046155393124,0.027138251811265945,-0.08235523104667664,-0.03988320380449295
0.014022372663021088,0.01217104122042656,0.021238351240754128,0.06543780863285065,0.03250522166490555,-0.0019220260437577963,0.028406677767634392,0.12291387468576431,0.03551924228668213,0.03136188164353371,-0.034750498831272125,0.01008584350347519,-0.005985010415315628,0.004153519403189421,0.02671412192285061,-0.024535013362765312,0.007595104165375233,-0.012434553354978561,-0.014710291288793087,0.046796634793281555,0.01531896647065878
0.02553846873342991,-0.006798055022954941,-0.016957318410277367,-0.0036977827548980713,0.017132073640823364,-0.012790244072675705,0.017359081655740738,0.010397088713943958,-0.01413000002503395,-0.02667989209294319,0.03942905738949776,0.0042650289833545685,0.028636883944272995,-0.03213059529662132,0.07699236273765564,0.08743566274642944,0.011967021971940994,-0.00756268622353673,-0.016769738867878914,0.029464228078722954,0.004233713261783123
0.02531573176383972,0.05240541696548462,0.004560031928122044,-0.08158989995718002,0.004189411178231239,0.003161882283166051,0.043823856860399246,0.03257346898317337,0.011488396674394608,-0.018915852531790733,-0.003640982322394848,-0.0015632801223546267,-0.0657343715429306,0.01620159111917019,-0.014450783841311932,-0.011925061233341694,0.0019318629056215286,0.020757077261805534,0.0027798910159617662,-0.009050366468727589,-0.00835729856044054
-0.020415998995304108,0.0005613857647404075,0.001883264514617622,-0.024742625653743744,0.014693982899188995,-0.11297564208507538,0.025203797966241837,0.0013400993775576353,-0.002891252748668194,-0.004928655456751585,-0.021786672994494438,-0.016011372208595276,-0.01380238402634859,-0.02362837642431259,0.03815629705786705,-0.0026235294062644243,0.001433103228919208,0.029749670997262,-0.03283930569887161,0.01928624138236046,-0.0036138189025223255
0.003972012083977461,0.007569366600364447,0.013279592618346214,-0.017539730295538902,0.06407740712165833,-0.0062721045687794685,-0.028686996549367905,-0.0232576671987772,0.023706166073679924,0.024772360920906067,0.004801525268703699,0.011562471278011799,-0.0055193169973790646,0.022656884044408798,0.03713788464665413,0.01010512001812458,0.01924460381269455,0.07099977880716324,-0.008719283156096935,0.05388015881180763,-0.005812768824398518
-0.007438676431775093,-0.01829962432384491,-0.02131270244717598,0.04584430530667305,-0.014386043883860111,-0.03117404505610466,0.01839846558868885,-0.017110221087932587,-0.031102441251277924,0.008906669914722443,0.008506789803504944,-0.037836119532585144,-0.011064291931688786,0.041458357125520706,0.010424939915537834,0.025682825595140457,-0.055790334939956665,-0.031104812398552895,-0.028956742957234383,-0.035456765443086624,0.013125375844538212
-0.03383462503552437,-0.010974662378430367,0.030139558017253876,0.025823865085840225,-0.10659948736429214,0.005753886885941029,-0.017173537984490395,-0.036338090896606445,0.0370502695441246,-0.006408153101801872,0.007904157042503357,0.023143766447901726,0.014811157248914242,-0.02527441456913948,0.08058205991983414,0.002672964008525014,0.0194401852786541,0.02144969440996647,0.018785184249281883,0.038088906556367874,0.029655996710062027
-0.02237456664443016,0.03336654603481293,-0.02901310846209526,-0.005580751225352287,-0.05128728970885277,-0.007507701404392719,-0.0016163171967491508,-0.0029908986762166023,0.029333805665373802,-0.044223032891750336,-0.0029122191481292248,-0.022110825404524803,-0.025394771248102188,-0.027719376608729362,-0.021125173196196556,0.045340362936258316,-0.05401881784200668,0.005375355947762728,-0.020060542970895767,-0.056583717465400696,-0.0751132220029831
0.013703831471502781,0.01996958814561367,-0.019068613648414612,-0.004552026279270649,0.037492889910936356,-0.06496056169271469,0.025149967521429062,0.015780366957187653,0.04136563464999199,-0.0024960238952189684,0.011262715794146061,0.0016336552798748016,-0.0005759758641943336,0.0244445838034153,-0.03656936436891556,0.0010585688287392259,-0.014715252444148064,-0.007554895244538784,0.00027810136089101434,0.01594730280339718,-0.011274725198745728
0.004040888044983149,-0.014281731098890305,0.00367062259465456,-0.03259710967540741,-0.008634095080196857,0.0017085450235754251,-0.0060165394097566605,-0.014147982001304626,-0.056048646569252014,-0.02194421924650669,-0.0067310575395822525,-0.013485797680914402,0.019818538799881935,-0.053760942071676254,-0.05618981271982193,-0.009616228751838207,-0.04369325935840607,0.02168295904994011,0.024020234122872353,-0.02142942138016224,0.02406543493270874
-0.01931273192167282,-0.0024447981268167496,-0.012187004089355469,-0.0026264069601893425,-0.000981730641797185,0.13794201612472534,0.0889652669429779,-0.0045224581845104694,0.018155734986066818,0.0192149356007576,0.025767695158720016,0.006212230306118727,-0.01309735793620348,-0.010947010479867458,0.0027554738335311413,-0.043930865824222565,-0.00026588712353259325,0.04856755957007408,-0.026511315256357193,-0.03636839613318443,-0.0432572178542614
-0.015763884410262108,-0.012923343107104301,-0.010811381973326206,-0.00885725487023592,-0.03327687829732895,-0.0017014950281009078,0.003916031681001186,-0.021800430491566658,-0.06619875878095627,0.06390134245157242,-0.03853973373770714,-0.00364903942681849,0.009280048310756683,-0.005681146401911974,-0.03626597672700882,0.01951363869011402,0.0009947448270395398,0.02339296042919159,-0.0015335462521761656,-0.07367656379938126,0.0076986695639789104
0.02889403887093067,-0.01566110923886299,-0.009568392299115658,0.013307548128068447,0.007724754512310028,0.08198389410972595,0.018201354891061783,-0.0037444366607815027,0.012585798278450966,-0.009556389413774014,-0.038511354476213455,-0.032677263021469116,0.020246801897883415,-0.0028404213953763247,0.0021896599791944027,0.011833352968096733,-0.03879949077963829,-0.0009299315861426294,0.044131021946668625,0.005072556436061859,0.047471895813941956
0.02006257325410843,-0.030898645520210266,0.0033541489392518997,-0.02578926645219326,0.004860646557062864,-0.0299188531935215,0.0440547913312912,-0.007993830367922783,-0.039646610617637634,-0.0008686274522915483,0.027033928781747818,0.015994397923350334,-0.038342442363500595,0.025448083877563477,-0.010494514368474483,0.025174522772431374,0.014970977790653706,0.02336088754236698,0.01604398339986801,-0.009308697655797005,0.004232407547533512
-0.01891610212624073,0.0031215515919029713,-0.0451691709458828,-0.029689783230423927,0.0338917002081871,0.015950005501508713,-0.020177394151687622,0.008728904649615288,-0.0064049712382256985,0.040085405111312866,-0.002944673178717494,0.06547244638204575,0.005103120114654303,-0.004007095471024513,0.005450474563986063,0.018556589260697365,0.033742256462574005,-0.007877578027546406,0.004272798076272011,0.01347108744084835,0.004366214852780104
-0.0037550916895270348,0.006310921162366867,0.0060983505100011826,0.00015064598119352013,0.0933554619550705,-0.01075931079685688,-0.021478019654750824,0.010788870975375175,0.017190977931022644,-0.002713763853535056,0.02749701775610447,0.010513662360608578,-0.04173009842634201,0.007710003759711981,-0.010692836716771126,-0.003262725193053484,0.013807183131575584,-0.025900136679410934,0.021262800320982933,-0.05677970498800278,-0.011703002266585827
0.005038124043494463,-0.027868114411830902,0.049804139882326126,-0.007570574525743723,0.03676891699433327,0.010293257422745228,-0.04802561178803444,-0.02594722993671894,0.016022661700844765,0.014284935779869556,0.0061682346276938915,-0.002668782602995634,0.07067523896694183,0.001841321587562561,8.205336052924395e-05,-0.07638673484325409,-0.016478002071380615,0.02118613012135029,-0.0028337028343230486,0.010567723773419857,-0.04695732891559601
0.0544782318174839,-0.007785793859511614,0.18578478693962097,0.03926137462258339,-0.03825768828392029,0.001100963563658297,0.0728447288274765,0.10582685470581055,0.05118188261985779,-0.023486273363232613,-0.1015799343585968,0.0377427376806736,-0.09091842174530029,-0.0375172421336174,0.025825848802924156,0.08684244751930237,0.04966649040579796,0.008784844540059566,0.08263862133026123,-0.025869430974125862,-0.07825890928506851
0.04225531220436096,0.03892175480723381,0.018373878672719002,0.019597956910729408,0.03464563563466072,0.00039074517553672194,-0.0176287442445755,-0.006785751786082983,-0.029020732268691063,-0.016475748270750046,-0.043573375791311264,0.003923377022147179,-0.05029677599668503,0.03576435521245003,-0.0016383390175178647,-0.011061068624258041,0.0011567939072847366,-0.001442030188627541,-0.06866816431283951,-0.08075601607561111,0.08372879773378372

Slice 55
-0.09851397573947906,-0.03994448482990265,-0.01511558797210455,-0.027670636773109436,-0.0037614498287439346,0.08214203268289566,-0.02065814658999443,0.01924937590956688,0.051429633051157,-0.019700849428772926,-0.17739148437976837,-0.08456539362668991,0.043494872748851776,0.04061784967780113,0.09017182886600494,0.038670219480991364,0.06635984033346176,-0.00704287039116025,-0.026533788070082664,-0.08191850036382675,0.14728336036205292
-0.042747944593429565,0.05244508385658264,-0.04918675124645233,-0.015920646488666534,0.001145696733146906,-0.06121059134602547,-0.06740831583738327,-0.07419340312480927,-0.0031696008518338203,0.035052284598350525,-0.19360701739788055,-0.00011935386282857507,0.04813269525766373,0.0011488186428323388,0.01832311414182186,-0.02320060506463051,0.06725015491247177,0.013332377187907696,-0.06696043163537979,0.10979514569044113,0.05211201310157776
0.026381950825452805,-0.02782789245247841,-0.015148225240409374,-0.11793312430381775,-0.049532998353242874,-0.04495221748948097,-0.0865831971168518,-0.18802082538604736,0.004901513922959566,0.15572728216648102,-0.032964520156383514,0.009061106480658054,-0.014743346720933914,0.009320512413978577,0.004744150675833225,0.11229120939970016,0.0163741335272789,0.03414275869727135,0.036057766526937485,0.066865935921669,0.017621876671910286
-0.055125705897808075,0.0843198373913765,0.0031335458625108004,0.014125054702162743,-0.18572962284088135,-0.03687327727675438,-0.0041605220176279545,0.001381418900564313,0.01679397188127041,-0.02283763885498047,0.00899040699005127,0.009894325397908688,0.08563420921564102,0.1387515813112259,-0.07792025804519653,-0.11669426411390305,0.021407393738627434,-0.13038936257362366,-0.003104973118752241,0.024950942024588585,-0.014828215353190899
-0.04703478887677193,-0.047005657106637955,-0.03761157765984535,0.059861138463020325,-0.03934454917907715,-0.07890037447214127,-0.03512305021286011,0.027827588841319084,-0.039551399648189545,0.010126548819243908,0.05458735302090645,0.013484288938343525,0.0834016352891922,-0.04013349860906601,-0.013660614378750324,0.01627635583281517,0.002387720625847578,-0.0022027159575372934,0.02835209108889103,0.015607425011694431,0.04876245558261871
-0.041428979486227036,0.04058631509542465,0.013875559903681278,0.034788962453603745,-0.038278207182884216,0.11005312204360962,-0.05256228521466255,-0.00921555608510971,0.00181395816616714,0.021464364603161812,0.103650763630867,-0.0038160313852131367,0.09383072704076767,0.054453156888484955,-0.07282380759716034,-0.06317471712827682,-0.0803075060248375,0.0038911227602511644,0.032097794115543365,-0.0353364460170269,0.019791467115283012
0.034479960799217224,0.01786486618220806,-0.010007885284721851,0.03547621890902519,-0.12916605174541473,-0.010024894028902054,0.0055246856063604355,-0.009027749300003052,-0.04415731504559517,-0.07485441118478775,-0.022265339270234108,0.030774002894759178,-0.016293015331029892,-0.03740962967276573,-0.0145194036886096,-0.11150168627500534,-0.03229279816150665,-0.14204365015029907,0.07798118144273758,0.01514217909425497,-0.12446469813585281
-0.0383736826479435,0.07983297854661942,0.06739284843206406,-0.054335955530405045,-0.0008925789734348655,0.08239785581827164,-0.030341563746333122,0.02331426553428173,-0.01375260204076767,0.028341785073280334,0.0652008205652237,0.045595407485961914,-0.051667600870132446,-0.1236223578453064,-0.08081941306591034,-0.050571732223033905,0.08012036234140396,-0.0667557492852211,0.07670643925666809,0.030690092593431473,-0.07611921429634094
-0.03749760985374451,-0.06469030678272247,-0.06740649044513702,0.08487802743911743,0.1057334616780281,0.01813550479710102,0.004186961334198713,-0.01735644042491913,-0.10081818699836731,0.06735113263130188,-0.03992674872279167,0.008391644805669785,-0.055496569722890854,0.026708068326115608,-0.027556026354432106,-0.03989541530609131,-0.12887677550315857,-0.09506382048130035,-0.029489655047655106,-0.05770746245980263,-0.04030321538448334
0.05840858444571495,0.0009153902647085488,-0.05043787509202957,0.010388113558292389,0.009781274013221264,0.023376839235424995,0.022952113300561905,-0.04860313609242439,-0.04325125738978386,-0.007842558436095715,-0.03618205711245537,0.08026831597089767,-0.016228768974542618,0.02469206042587757,0.0416862852871418,-0.13131563365459442,0.1353549063205719,0.08539927005767822,0.057272769510746,-0.010905753821134567,0.06313810497522354
0.03342121094465256,-0.0486387237906456,0.04985003545880318,0.03872121125459671,-0.00737620098516345,0.10132704675197601,0.056439779698848724,-0.004217137582600117,-0.10536286234855652,-0.03844233229756355,-0.014254017733037472,-0.03589397668838501,-0.007725484203547239,0.04758274927735329,-0.0046671717427670956,-0.022595981135964394,0.029777737334370613,-0.052324328571558,-0.06296512484550476,-0.016395118087530136,0.02910649962723255
-0.08446012437343597,0.011876820586621761,-0.05819081887602806,0.02477254346013069,0.024204140529036522,-0.05939729884266853,0.016983095556497574,0.012449122965335846,0.09960012882947922,0.026776853948831558,0.014189093373715878,-0.005515048746019602,-0.059887226670980453,0.08423330634832382,0.023309199139475822,0.008155825547873974,-0.01804169826209545,-0.12026365101337433,0.01347113586962223,0.021684451028704643,-0.1173655092716217
-0.06742942333221436,0.02061859890818596,-0.039971329271793365,-0.0032459846697747707,0.043325137346982956,-0.1436249315738678,-0.012708527967333794,-0.0016983579844236374,-0.012600025162100792,-0.10252571851015091,-0.16661518812179565,-0.022449586540460587,-0.030603252351284027,0.038904618471860886,-0.033350326120853424,0.030535519123077393,-0.011212366633117199,0.021765507757663727,-0.1254359930753708,0.04666992276906967,-0.11563389748334885
0.03445613756775856,-0.0362260676920414,0.0665079802274704,0.009963078424334526,0.05031539499759674,-0.01579974591732025,-0.060487423092126846,0.012882199138402939,0.05327808856964111,-0.06735416501760483,0.022900983691215515,0.005991591140627861,-0.033138297498226166,-0.07954680174589157,0.011740738525986671,0.1375579684972763,-0.013587994500994682,-0.06020665168762207,0.03578754886984825,0.07330998033285141,0.008692515082657337
0.04320685192942619,0.015978915616869926,0.05121486261487007,-0.022374020889401436,0.11484505981206894,0.01605406031012535,-0.06894157081842422,0.07202872633934021,0.010459921322762966,0.07185179740190506,-0.004922656808048487,0.012211501598358154,-0.17032019793987274,0.030241437256336212,-0.05794985219836235,0.037849389016628265,0.03054097108542919,-0.01952946186065674,-0.014845027588307858,-0.0922544077038765,-0.11433421820402145
-0.15205265581607819,-0.08653392642736435,0.013313524425029755,-0.00628481013700366,-0.037453003227710724,-0.07205666601657867,-0.12407911568880081,0.041165731847286224,0.05731804296374321,0.02240668423473835,-0.04174588620662689,-0.13257355988025665,0.02320314571261406,0.01199455838650465,-0.00479848450049758,-0.0670742616057396,0.04999048262834549,0.0211785975843668,-0.08961047232151031,-0.007062270771712065,0.029750555753707886
0.0055796196684241295,0.0311413686722517,0.0763777568936348,0.042263295501470566,-0.1054057702422142,0.015625152736902237,0.055140674114227295,-0.005251098889857531,0.01155591569840908,-0.021441282704472542,0.028545569628477097,-0.15845715999603271,0.02164396084845066,0.0162336565554142,-0.004409353248775005,0.0006842251750640571,-0.09390375763177872,0.013226514682173729,-0.05802259221673012,-0.04991526901721954,0.028512336313724518
-0.07451501488685608,-0.004994608461856842,-0.0838080421090126,0.0023127924650907516,-0.07647576183080673,-0.040636878460645676,0.026800718158483505,-0.004924845416098833,-0.046397365629673004,-0.021437881514430046,0.03289644792675972,0.012410811148583889,0.07286284118890762,0.006125456187874079,-0.062006626278162,-0.019449979066848755,-0.03242727369070053,0.02669827826321125,-0.04979303106665611,0.08853275328874588,0.02943410351872444
-0.0649549812078476,0.03518832474946976,-0.02135220170021057,0.0555076077580452,0.019876889884471893,0.009520829655230045,0.081947460770607,-0.030807014554739,-0.09993579983711243,0.027285879477858543,-0.021351980045437813,-0.04443900287151337,-0.07918040454387665,0.022595670074224472,-0.004638868384063244,0.053093183785676956,0.005171280354261398,-0.03699720650911331,0.06128095090389252,0.02848527953028679,-0.0029938446823507547
0.04389926791191101,0.06781080365180969,-0.19112557172775269,-0.0316556841135025,-0.04142645746469498,0.038091156631708145,-0.02514672465622425,-0.057606156915426254,-0.10620473325252533,0.14165355265140533,0.13648776710033417,0.011899654753506184,0.08923555165529251,0.06675340235233307,-0.02455925941467285,-0.20226694643497467,0.021562807261943817,0.001970266457647085,-0.16509310901165009,-0.04630240797996521,0.12442770600318909
-0.031849171966314316,-0.058545224368572235,-0.010449768044054508,-0.016481928527355194,0.08957010507583618,0.04097161069512367,0.09205538034439087,-0.06964834779500961,0.12638764083385468,0.05885312706232071,0.05854884535074234,-0.03722099959850311,0.10090646892786026,0.03721243515610695,0.028864610940217972,0.021584082394838333,-0.0019659348763525486,-0.01829168014228344,0.08290162682533264,0.05070082098245621,-0.1645493507385254

Slice 56
0.007226793561130762,-0.1260390728712082,-0.028384624049067497,0.06755697727203369,-0.016904372721910477,-0.01552712731063366,0.011444268748164177,-0.0014636245323345065,-0.013843796215951443,-0.027544934302568436,-0.1416115164756775,-0.054854944348335266,0.10984159260988235,0.0019439770840108395,-0.07181873172521591,0.008646952919661999,0.06888007372617722,-0.02910497970879078,-0.0009663135278970003,-0.015318800695240498,0.12983347475528717
-0.05426740273833275,0.09513778984546661,-0.03693491593003273,-0.006353635806590319,-0.020594902336597443,0.05797183886170387,-0.028509804978966713,-0.06897983700037003,0.0261282529681921,0.06002393364906311,-0.1034427285194397,-0.025001652538776398,0.05857769027352333,-0.014032808132469654,0.0040307859890162945,-0.028219468891620636,0.0722106471657753,-0.047853924334049225,-0.0213522557169199,-0.06646725535392761,0.022238371893763542
-0.03776726871728897,-0.06757088750600815,-0.08108485490083694,-0.038958363234996796,0.03323950991034508,-0.14278544485569,-0.08539818972349167,0.039844006299972534,0.02659747563302517,0.055493637919425964,-0.08381311595439911,-0.05511052533984184,-0.02890133485198021,0.045558586716651917,-0.00949272233992815,0.06552327424287796,0.023151451721787453,0.0863623172044754,0.011786377988755703,-0.06056613102555275,-0.05557906627655029
0.018708402290940285,0.043525006622076035,0.041005443781614304,0.04329836368560791,-0.18523843586444855,-0.013948969542980194,0.09079833328723907,-0.027204180136322975,-0.05764233320951462,-0.07049281895160675,0.07921551167964935,-0.01523310225456953,0.22402659058570862,0.03826858848333359,-0.03688215836882591,0.10123725235462189,0.119700126349926,-0.15221774578094482,-0.0802677720785141,-0.04885854572057724,-0.21124376356601715
0.002830578712746501,0.07216983288526535,-0.07530728727579117,-0.09088890999555588,-0.04788515716791153,-0.06987731903791428,0.013752289116382599,0.14940331876277924,-0.13650017976760864,-0.04423510283231735,0.09201167523860931,0.004841011483222246,-0.1771487295627594,-0.029760032892227173,-0.08412826061248779,-0.009626240469515324,0.007597958203405142,0.048598792403936386,0.050741348415613174,-0.05666971951723099,0.06420740485191345
-0.07656125724315643,0.02736896090209484,-0.07376474142074585,0.08262205123901367,-0.02675803191959858,0.1008215844631195,-0.05159416422247887,-0.03555506840348244,0.10227036476135254,-0.013765689916908741,0.04329202324151993,-0.09092716872692108,0.05141361057758331,-0.03174929693341255,-0.02672538347542286,0.0040767309255898,-0.04797663912177086,0.03046894073486328,-0.01664346270263195,-0.04666762799024582,-0.08310114592313766
0.012241405434906483,0.06794799119234085,0.07199163734912872,0.05820700526237488,-0.05202509090304375,-0.03368697315454483,0.015492938458919525,0.03891192004084587,-0.023259595036506653,-0.08575791120529175,-0.005063748452812433,0.06058042123913765,-0.0874977856874466,-0.02107134275138378,0.013565875589847565,-0.11745242029428482,-0.02062552236020565,-0.03159470483660698,0.08584205061197281,0.18350373208522797,-0.14941291511058807
-0.05299562215805054,-0.02243684232234955,0.02908673882484436,-0.027749113738536835,0.014732163399457932,0.04568109288811684,-0.005256666801869869,-0.06304603815078735,0.02622651681303978,0.1117728054523468,0.1367701143026352,-0.035830702632665634,0.025000711902976036,0.09822724759578705,-0.0432790108025074,-0.03876304626464844,-0.0576045997440815,-0.0020451401360332966,0.08443126082420349,-0.009637730196118355,0.048789042979478836
-0.021218327805399895,-0.050712522119283676,-0.030771644786000252,0.05340174585580826,-0.041967011988162994,0.011404558084905148,-0.015144125558435917,0.06252171844244003,-0.06921903789043427,0.024159735068678856,-0.04844539240002632,0.09295110404491425,0.04597056657075882,-0.008826479315757751,-0.12887714803218842,-0.12606143951416016,-0.12590736150741577,-0.033525001257658005,0.02037184126675129,0.009669438004493713,-0.07584238797426224
0.04644358158111572,0.15098027884960175,-0.10280970484018326,-0.039815712720155716,-0.00791288260370493,0.015395242720842361,-0.007902828976511955,-0.1324419379234314,-0.06613577902317047,-0.10242263972759247,-0.020618170499801636,0.016997206956148148,-0.010262874886393547,-0.05070681869983673,0.03551230952143669,-0.13367055356502533,0.07723210006952286,0.06718182563781738,0.033817358314991,-0.04338155686855316,-0.03484595939517021
0.04664678871631622,0.019100205972790718,-0.05946654826402664,-0.009905697777867317,0.04171745106577873,0.10236264020204544,0.03282010927796364,0.03884855657815933,-0.03215352073311806,0.008136659860610962,0.04209539294242859,-0.03320148587226868,-0.013198083266615868,0.02059364691376686,-0.07612864673137665,-0.008100884035229683,-0.037493299692869186,-0.03309887647628784,0.029517346993088722,0.02396930567920208,-0.02406889759004116
-0.021939383819699287,-0.09392846375703812,-0.08119673281908035,0.01940927840769291,0.06291665881872177,0.05786624178290367,0.060746628791093826,-0.05078188702464104,-0.09727311134338379,0.021919280290603638,0.003821984166279435,0.01083171647042036,-0.021796712651848793,-0.07568929344415665,-0.0564742386341095,0.015369007363915443,-0.1217014342546463,-0.04758623614907265,0.010919437743723392,0.02293563075363636,-0.10778786987066269
0.029630310833454132,0.03873402997851372,-0.0563964918255806,0.003024376928806305,0.017241982743144035,-0.08092489838600159,0.11495701968669891,0.03833095356822014,0.01304248534142971,-0.07354982197284698,-0.08426792174577713,-0.011485564522445202,0.016897831112146378,0.08013466745615005,0.003440267639234662,-0.10951197892427444,-0.021764112636446953,0.2027100771665573,-0.207754448056221,0.02551909349858761,-0.012496103532612324
0.06874200701713562,0.026711514219641685,0.12962570786476135,-0.039688244462013245,0.022028354927897453,-0.0047148740850389,-0.049124062061309814,-0.05573239549994469,-0.13264882564544678,0.051659878343343735,-0.019583044573664665,-0.005462683271616697,0.042076148092746735,-0.0935538038611412,0.014963514171540737,0.01661805994808674,0.014173504896461964,0.007878337986767292,0.04472414776682854,-0.12974539399147034,0.06556443870067596
0.08690142631530762,-0.061486706137657166,0.036150701344013214,-0.021326523274183273,0.08203239738941193,0.04607580229640007,-0.01437351480126381,0.17181792855262756,0.08819779008626938,0.18915759027004242,-0.13830885291099548,-0.05288438871502876,-0.25072041153907776,0.032524093985557556,0.12695078551769257,0.08261042833328247,-0.09453488886356354,-0.045304667204618454,0.07492264360189438,-0.2107677459716797,-0.18795597553253174
-0.2881357669830322,-0.11677553504705429,0.03905211016535759,0.005513268988579512,-0.028365276753902435,-0.09275609254837036,-0.03750690817832947,0.06297262012958527,-0.03600924462080002,0.021373288705945015,0.022869113832712173,-0.07732201367616653,-0.04755881801247597,0.03361820802092552,-0.1959550380706787,-0.035316456109285355,-0.01391003467142582,0.048937782645225525,-0.0702582374215126,-0.03396172448992729,0.12672977149486542
0.027419906109571457,0.13806582987308502,0.048324596136808395,0.008394665084779263,-0.04296001046895981,-0.011158210225403309,0.05468191206455231,-0.0004915802273899317,0.016276244074106216,0.18048393726348877,-0.03663059324026108,0.07054869085550308,0.08189750462770462,-0.015143458731472492,-0.003397200722247362,-0.046248044818639755,-0.07632352411746979,0.02512771636247635,-0.1576431393623352,-0.03412935137748718,0.09205038100481033
0.010217474773526192,0.003955819644033909,-0.0008771417196840048,0.005190915893763304,-0.042386095970869064,-0.07107263058423996,-0.057928141206502914,0.049568869173526764,0.03662813827395439,0.026239223778247833,0.19494123756885529,0.018006252124905586,-0.022027673199772835,0.03740033134818077,-0.02474755235016346,-0.04125452786684036,-0.03358003869652748,0.024894174188375473,0.031387582421302795,0.07514594495296478,0.013235891237854958
-0.05668918043375015,-0.014158939011394978,0.057094406336545944,0.0956474021077156,-0.027769187465310097,0.01479505468159914,-0.02841193601489067,-0.07209314405918121,0.06868831068277359,0.2161557823419571,-0.031696174293756485,-0.01004969421774149,-0.002291751792654395,0.02800387516617775,-0.016534365713596344,-0.09663008898496628,0.010864938609302044,-0.02717980369925499,0.006226332858204842,-0.08281688392162323,-0.016698844730854034
0.15209141373634338,0.039397094398736954,0.1903015375137329,-0.04212098568677902,-0.0637335255742073,-0.010128544643521309,-0.003342439653351903,0.023747771978378296,-0.0748118981719017,0.12077251076698303,0.0005092658684588969,0.20110984146595,-0.168826624751091,-0.13249661028385162,0.012493572197854519,0.01861458644270897,-0.01843736506998539,0.022682342678308487,-0.07829170674085617,-0.08733632415533066,0.039173826575279236
0.061072416603565216,0.06506192684173584,0.0418412871658802,0.0722932368516922,-0.035859689116477966,0.038866885006427765,0.0018030105857178569,-0.11324301362037659,0.12333609908819199,0.11933799088001251,0.005353851243853569,0.026464568451046944,0.11373167484998703,0.09294934570789337,0.08956771343946457,-0.03559163212776184,0.03137287497520447,0.002361452439799905,0.03380313515663147,0.05748600885272026,0.23436704277992249

Slice 57
0.11608926206827164,0.18126973509788513,0.029169943183660507,-0.019145743921399117,0.0022157481871545315,-0.016510188579559326,-0.008442126214504242,0.002302509732544422,-0.006207629106938839,0.0326286144554615,0.18531842529773712,0.10461991280317307,-0.06563084572553635,-0.015930691733956337,0.03440141677856445,-0.015800733119249344,-0.07194919884204865,0.02482013963162899,0.016071176156401634,0.05036436393857002,-0.14789225161075592
0.05532672628760338,-0.08442777395248413,0.044270385056734085,0.007430884521454573,0.008059279061853886,0.0033724033273756504,0.049508970230817795,0.09764827787876129,-0.016720162704586983,-0.0666077584028244,0.26928913593292236,0.012704883702099323,-0.06914319843053818,0.0024022781290113926,-0.027516713365912437,0.10904518514871597,-0.08286245167255402,0.01964554563164711,0.04749025031924248,-0.01864469237625599,-0.0461544543504715
8.038338273763657e-05,0.05502086505293846,0.05500688776373863,0.03534514084458351,0.008602563291788101,0.0840860977768898,0.10552917420864105,0.10261362046003342,-0.03763421252369881,-0.1005520224571228,0.06381712108850479,0.03306535258889198,0.026527974754571915,-0.03418181836605072,-0.004689332563430071,-0.11503548920154572,-0.025870295241475105,-0.0485367625951767,-0.026503076776862144,0.0224093459546566,0.012184656225144863
0.025655770674347878,-0.06779531389474869,-0.03495774790644646,-0.03690214455127716,0.20090536773204803,0.03204454109072685,-0.04570389166474342,0.019201112911105156,0.00834714900702238,0.06031325086951256,-0.05460883677005768,0.013858729973435402,-0.14183004200458527,-0.08642856031656265,0.07045497000217438,0.003093874081969261,-0.07961069792509079,0.08219890296459198,0.062221623957157135,0.0253619235008955,0.12704682350158691
0.02097475528717041,-0.013867422007024288,0.0844358280301094,0.04096372053027153,0.04879966378211975,0.09072746336460114,0.008921869099140167,-0.12154652923345566,0.10056071728467941,-0.0011858255602419376,-0.08474910259246826,-0.012428082525730133,0.05624114349484444,0.03892917558550835,0.05504758656024933,-0.0011156348045915365,-0.008060148917138577,-0.035909999161958694,-0.047318235039711,0.014894361607730389,-0.06356312334537506
0.05333074927330017,-0.03575756773352623,0.011991954408586025,-0.07751986384391785,0.030662843957543373,-0.09875622391700745,0.07026716321706772,0.017963338643312454,-0.07732857018709183,-0.008833413943648338,-0.07332008332014084,-0.0022492199204862118,-0.08438678830862045,-0.014937834814190865,0.035079777240753174,0.02303057722747326,0.05872436612844467,-0.03373177722096443,-0.007070303428918123,0.05231932923197746,0.009994341991841793
-0.0421113446354866,-0.049738287925720215,-0.03858807682991028,-0.08221153914928436,0.10382871329784393,0.028630312532186508,-0.004053519573062658,-0.01828930340707302,0.03042728081345558,0.13010041415691376,0.013017387129366398,-0.05335276201367378,0.03774148225784302,0.025461632758378983,-0.016663363203406334,0.11760790646076202,0.022021831944584846,0.10222254693508148,-0.09511622786521912,-0.12199478596448898,0.14437974989414215
0.04639606922864914,-0.03105040267109871,-0.05528029799461365,0.040256205946207047,-0.017711129039525986,-0.07729630172252655,0.011056879535317421,0.020376896485686302,-0.020210787653923035,-0.08971325308084488,-0.11589072644710541,0.00034458012669347227,0.0008216909482143819,-0.0322914645075798,0.05968025326728821,0.04976853355765343,-0.0036335126496851444,0.030758991837501526,-0.09379160404205322,-0.019380973652005196,0.017284685745835304
0.019654516130685806,0.06565072387456894,0.06310615688562393,-0.10620762407779694,-0.03315099701285362,0.00013305644097272307,0.013981185853481293,-0.02840464934706688,0.10062501579523087,-0.05010383203625679,0.04863908141851425,-0.04675185680389404,0.00368712330237031,-0.0022329457569867373,0.13888661563396454,0.09876279532909393,0.14904388785362244,0.07756448537111282,0.008793467655777931,0.03479495272040367,0.0916777104139328
-0.0664253756403923,-0.07602587342262268,0.08578436821699142,0.017808523029088974,0.02161494269967079,-0.018370414152741432,-0.020725790411233902,0.10631231963634491,0.08133943378925323,0.10984382033348083,0.03633539378643036,-0.06087004020810127,0.0015692408196628094,0.01938428357243538,-0.0977139100432396,0.14955906569957733,-0.12710149586200714,-0.08193860203027725,-0.07124456763267517,0.0127542894333601,-0.002055906690657139
-0.04707672446966171,0.01239424291998148,0.012666459195315838,-0.01089923083782196,-0.022016694769263268,-0.1166413351893425,-0.04936010763049126,0.014186442829668522,0.08063491433858871,-0.0002798067289404571,-0.018707992509007454,0.03543199971318245,0.006102134007960558,-0.038757577538490295,0.066092349588871,0.014949974603950977,0.006560309790074825,0.04000559449195862,-0.012230347841978073,-0.009545405395328999,-0.0016839287709444761
0.05900803208351135,0.04813400283455849,0.08440176397562027,-0.013450486585497856,-0.06794244050979614,0.0025608388241380453,-0.021859081462025642,0.03426066040992737,0.037627801299095154,-0.022046564146876335,-0.00856329221278429,-0.00186966173350811,0.07028694450855255,-0.001079599023796618,0.024697288870811462,-0.0008749359985813498,0.08620819449424744,0.09906958043575287,-0.011355362832546234,-0.0008662467007525265,0.14721861481666565
-0.00776198273524642,-0.03320734575390816,0.056277498602867126,-0.0022135002072900534,-0.0208468995988369,0.20815087854862213,-0.10534517467021942,-0.024705899879336357,0.003761402564123273,0.09881313890218735,0.1325705200433731,0.019445374608039856,-0.015310480259358883,-0.06642130017280579,0.02813408523797989,0.05496175214648247,0.020660314708948135,-0.1580265909433365,0.30564427375793457,-0.040165022015571594,0.0278975460678339
-0.059409286826848984,0.004499098286032677,-0.11176617443561554,0.02639719285070896,-0.03791731223464012,0.01644040457904339,0.05554920807480812,0.01842789351940155,0.0462389700114727,0.0070525784976780415,-0.005487705580890179,0.003133798949420452,-0.010419836267828941,0.10064390301704407,-0.013203450478613377,-0.07021310180425644,0.0015700514195486903,0.027252793312072754,-0.044103991240262985,0.0546908974647522,-0.036992147564888
-0.10221640765666962,0.0340433195233345,-0.049816787242889404,0.021921759471297264,-0.10013636946678162,-0.04144681990146637,0.05094760283827782,-0.1421232968568802,-0.0641338899731636,-0.15128248929977417,0.08169033378362656,0.01947236992418766,0.3212803602218628,-0.03815631568431854,-0.05398714542388916,-0.07910196483135223,0.03051869571208954,0.03514029085636139,-0.03086148574948311,0.2751684784889221,0.1836794763803482
0.2621079981327057,0.11516784876585007,-0.04433072358369827,0.004345807246863842,0.031241970136761665,0.07785838842391968,0.08673713356256485,-0.058017633855342865,0.001810857909731567,-0.024128150194883347,0.0032584741711616516,0.09922785311937332,0.02308015525341034,-0.021223850548267365,0.1144019216299057,0.05722016468644142,-0.01059509627521038,-0.029242517426609993,0.09233101457357407,0.018689066171646118,-0.10819363594055176
-0.011847632005810738,-0.10017019510269165,-0.0709681287407875,-0.017977274954319,0.08044937252998352,0.004173561930656433,-0.057999417185783386,0.005379717797040939,-0.01605777069926262,-0.08988940715789795,0.008733929134905338,0.03766663372516632,-0.05351343750953674,0.007543602026998997,0.017611714079976082,0.0346032939851284,0.08916134387254715,-0.018158184364438057,0.12443055212497711,0.053997818380594254,-0.06227843835949898
0.043177325278520584,0.00018829587497748435,0.03590713068842888,0.005623452831059694,0.0627298653125763,0.06714742630720139,0.01669682003557682,-0.027573667466640472,0.01024075411260128,-0.015198351815342903,-0.1406167894601822,-0.011698839254677296,-0.03666265308856964,-0.023065825924277306,0.053342897444963455,0.03799988329410553,0.040080685168504715,-0.027513744309544563,0.006186916027218103,-0.0743335634469986,-0.02774777077138424
0.06762590259313583,-0.004000636283308268,-0.025237130001187325,-0.0853310078382492,0.0037148043047636747,-0.015561502426862717,-0.02581866644322872,0.046069901436567307,0.011555585078895092,-0.15844562649726868,0.028961701318621635,0.022246407344937325,0.04153640568256378,-0.02905295044183731,0.008263551630079746,0.08592226356267929,-0.012207204475998878,0.02942728064954281,-0.029433302581310272,0.04397786408662796,0.006015851628035307
-0.08797153830528259,-0.05916121229529381,0.08193614333868027,0.045791659504175186,0.05842293053865433,-0.030854228883981705,0.016370810568332672,0.003315169597044587,0.09649857878684998,-0.1614351123571396,-0.07613830268383026,-0.12027013301849365,0.052036937326192856,0.050025489181280136,-0.009483413770794868,0.10836482793092728,0.0037435106933116913,-0.01566160097718239,0.13518787920475006,0.08233349770307541,-0.039025161415338516
-0.033461738377809525,-0.0028188377618789673,-0.035511698573827744,-0.03666040673851967,0.009310740977525711,-0.05805316939949989,-0.05774663761258125,0.1176009327173233,-0.14906024932861328,-0.07710350304841995,-0.027790743857622147,-0.005962878465652466,-0.09702197462320328,-0.07574731111526489,-0.09132376313209534,0.004560910630971193,-0.023441482335329056,0.014381623826920986,-0.07818257808685303,-0.0832720398902893,-0.04760526493191719

Slice 58
-0.0010750043438747525,-0.014126063324511051,-0.004073621705174446,-0.06606628745794296,-0.005823812913149595,-0.05346725508570671,0.0006648636772297323,0.016329936683177948,0.000489221652969718,0.023065270856022835,0.04053294286131859,0.019024983048439026,0.057221848517656326,-0.012338237836956978,0.01488936971873045,-0.004502404481172562,-0.008728678338229656,-0.007732792291790247,0.0029847039841115475,0.02554403990507126,-0.03707562014460564
-0.003710875054821372,0.017915794625878334,0.033756207674741745,-0.012558447197079659,-0.00987638346850872,0.13886548578739166,-0.00044416688615456223,0.003349260427057743,-0.004488789942115545,1.8278544303029776e-05,-0.06951988488435745,-0.00762643339112401,-0.0340261273086071,-0.015164615586400032,-0.06580328196287155,0.0043312860652804375,0.001546913175843656,-0.007121114060282707,0.01794491522014141,-0.0676824301481247,-0.033937618136405945
0.000571620010305196,0.011898011900484562,0.019998464733362198,0.0455278716981411,0.026605309918522835,-0.010437185876071453,0.01211523450911045,0.0917666107416153,0.03234443441033363,0.07456909120082855,-0.04603113234043121,0.005982363596558571,-0.00632734689861536,-0.0010512343142181635,0.02673967182636261,-0.013472367078065872,0.007485923822969198,-0.007681027986109257,-0.00925733707845211,0.08915535360574722,0.016513247042894363
0.021988755092024803,0.01512936968356371,-0.026952926069498062,0.009107016026973724,-0.010846666991710663,-0.020657313987612724,0.014280120842158794,0.007680066861212254,-0.008134912699460983,-0.03982209786772728,0.050540339201688766,0.017601318657398224,0.03152381628751755,-0.0028144530951976776,0.08062496781349182,0.07169050723314285,0.018524987623095512,-0.033367302268743515,-0.01905527338385582,0.05053400993347168,0.02686421014368534
0.021955959498882294,0.05177060142159462,-0.005705084186047316,-0.07886216044425964,-0.004470151383429766,-0.01765812560915947,0.02981925569474697,0.04660601541399956,0.012836748734116554,-0.003625734243541956,0.0054252916015684605,-0.006254975218325853,-0.04189014807343483,0.013343256898224354,-0.011624561622738838,-0.010978726670145988,-0.0005596739356406033,0.025511279702186584,0.008892517536878586,0.00138568552210927,-0.011171413585543633
-0.014148417860269547,0.006951287388801575,0.01612255908548832,-0.01960405707359314,0.006105249747633934,-0.10420195758342743,0.019382771104574203,0.002098935190588236,-0.01668672077357769,-0.0036670779809355736,-0.005225528962910175,-0.008608059957623482,0.01388497557491064,-0.015008954331278801,0.033979132771492004,-0.01231963001191616,-0.016717322170734406,0.033233460038900375,-0.03249672055244446,0.016314612701535225,-0.0024351372849196196
0.030833568423986435,0.010883612558245659,0.012941304594278336,-0.011637002229690552,0.05721275880932808,-0.0002215571003034711,-0.04248597100377083,-0.0426466278731823,-0.0021420391276478767,0.004567716736346483,-0.0027339986991137266,0.024066634476184845,-0.015408830717206001,0.01583232171833515,0.014769189991056919,-0.0006474230322055519,0.019760513678193092,0.05433068424463272,0.0020043470431119204,0.03846638277173042,-0.031307365745306015
-0.03408730775117874,-0.0033680845517665148,0.00046867929631844163,0.03666841983795166,-0.017206622287631035,-0.01379875373095274,0.035157058387994766,-0.018495753407478333,-0.05718344449996948,0.011751956306397915,0.01991254836320877,-0.03442902863025665,-0.028496786952018738,0.020428379997611046,-0.021129043772816658,0.013972695916891098,-0.046382710337638855,-0.06438326835632324,-0.024541284888982773,-0.036140237003564835,-0.013836509548127651
-0.04630693048238754,-0.02763540856540203,0.019649874418973923,0.0507693774998188,-0.11954735219478607,0.010084823705255985,-0.014034573920071125,-0.04973124340176582,0.03209962323307991,-0.013449142687022686,0.0007837738376110792,0.024572551250457764,0.007605138700455427,-0.02258230745792389,0.09311976283788681,-0.005747961346060038,-0.0030486490577459335,0.0004747023631352931,0.013479342684149742,0.011235837824642658,0.02903858758509159
-0.02499936707317829,0.031161624938249588,-0.03261466696858406,-0.005484438966959715,-0.0755344107747078,-0.003877876792103052,0.014191249385476112,-0.010179738514125347,0.03385017812252045,-0.06908588111400604,-0.014585393480956554,-0.009187106043100357,-0.06006181985139847,-0.03139183297753334,-0.02147841453552246,0.03520361706614494,-0.0317867286503315,0.015937305986881256,-0.012162969447672367,-0.08693492412567139,-0.09795428067445755
0.02391197346150875,0.01172153651714325,-0.01109408400952816,0.011146326549351215,0.05894622579216957,-0.060411304235458374,0.04313518479466438,0.013486883603036404,0.024218304082751274,-0.011360768228769302,0.008337694220244884,-0.0021012260112911463,-0.0003624160890467465,0.05086136981844902,-0.03821086511015892,-0.00365824019536376,-0.009616605006158352,-0.021104970946907997,0.0009759358363226056,0.02245289459824562,-0.0026797999162226915
-0.012868800200521946,-0.010699470527470112,0.008980131708085537,-0.023967282846570015,0.0080412607640028,-0.021427780389785767,0.0019409453961998224,-0.0021236331667751074,-0.0314607098698616,-0.006027676165103912,-0.0047875382006168365,-0.017879605293273926,0.012331381440162659,-0.03605588525533676,-0.04869527742266655,-0.007311723195016384,-0.046277180314064026,0.00429385993629694,0.03127758204936981,0.0025084035005420446,0.023560568690299988
-0.021129941567778587,0.0006275847554206848,-0.013319200836122036,0.006645419169217348,0.020736252889037132,0.11230587214231491,0.10660141706466675,-0.0014702127082273364,0.02695062942802906,0.029853593558073044,0.0026278591249138117,0.0024666960816830397,-0.03273199126124382,-0.0007718891138210893,0.01800111122429371,-0.03199439495801926,-0.0009959116578102112,0.061914119869470596,-0.0632183849811554,-0.030985543504357338,-0.04423445463180542
-0.014421551488339901,-0.028264900669455528,-0.0008582867449149489,-0.004610346630215645,-0.03299824148416519,-0.004641112871468067,-0.013451959006488323,-0.017203131690621376,-0.06979592144489288,0.051201995462179184,-0.036954961717128754,0.001827441854402423,0.004307444207370281,-0.020616604015231133,-0.04167311266064644,0.05977241322398186,-0.0011715596774592996,0.010585148818790913,0.00533690582960844,-0.06046510115265846,0.017682479694485664
0.05342498794198036,-0.014365945011377335,-0.0033078279811888933,0.019283782690763474,0.032776881009340286,0.1666017323732376,0.008810991421341896,0.01707780361175537,0.02999716065824032,-0.03964235261082649,-0.043520454317331314,-0.021871522068977356,-0.012288596481084824,0.007593385875225067,0.0032023023813962936,0.020147891715168953,-0.030340012162923813,0.00134952028747648,0.03887644410133362,-0.024690929800271988,0.038681481033563614
0.014777460135519505,-0.05302926152944565,0.014440489932894707,-0.01754351146519184,-0.002301094587892294,-0.05417589843273163,0.03533341363072395,0.0026450916193425655,-0.01824803836643696,0.002001762855798006,0.024318501353263855,-0.006395786534994841,-0.03924410790205002,0.034940775483846664,0.001194091746583581,0.021535823121666908,0.03314211219549179,0.03271985799074173,-0.00370891485363245,-0.010278169997036457,0.022468701004981995
-0.02736801467835903,0.006347504910081625,-0.03247589245438576,-0.017677590250968933,0.016062263399362564,0.02217135950922966,-0.001403497881256044,0.009098072536289692,-0.003318185918033123,0.03917652741074562,0.00355600961484015,0.0348312109708786,0.007029373664408922,0.004329919349402189,0.005723990965634584,0.023589270189404488,0.02369747869670391,-0.00423194095492363,-0.004991467576473951,0.0075769610702991486,0.018282607197761536
-0.03924151882529259,0.005030844826251268,-0.018643155694007874,-0.012908000499010086,0.11266380548477173,-0.021759260445833206,-0.006619422696530819,-0.008252567611634731,0.0014539657859131694,-0.015821952372789383,0.026141591370105743,0.009447896853089333,-0.036392755806446075,0.00669964449480176,-0.04125382751226425,-0.014352114871144295,0.005928042810410261,-0.03587977960705757,0.013888685964047909,-0.04668214172124863,-0.0212840735912323
-0.010912875644862652,-0.024564150720834732,0.051814429461956024,0.001046565594151616,0.07532293349504471,0.013751220889389515,-0.03544781729578972,-0.0319826602935791,-0.008841506205499172,0.013772464357316494,0.003321031341329217,-0.013443059287965298,0.07155002653598785,0.007202157750725746,-0.000598939775954932,-0.08040229231119156,-0.023206355050206184,0.020449213683605194,0.008215498179197311,0.02844475395977497,-0.051756493747234344
0.06083628907799721,0.0037691164761781693,0.13255834579467773,0.008247285149991512,-0.08558390289545059,0.016673805192112923,0.03990129008889198,0.14098741114139557,0.02115318365395069,0.023235317319631577,-0.09742800891399384,0.02661127969622612,-0.055842325091362,-0.04124371334910393,0.00932820700109005,0.04293603077530861,0.047691576182842255,0.013206982985138893,0.0626535713672638,-0.0440528504550457,-0.07897075265645981
0.052956722676754,0.03167054057121277,0.018254030495882034,0.020465552806854248,0.04925907775759697,-0.006586736533790827,-0.017974138259887695,-0.014974459074437618,-0.005763988010585308,-0.016666363924741745,-0.03822901099920273,-0.026340525597333908,-0.039866477251052856,0.039754822850227356,0.0075880298390984535,-0.005017867777496576,0.0035502109676599503,-0.007467346265912056,-0.06569968909025192,-0.10281933099031448,0.07000600546598434

Slice 59
0.03771178796887398,0.07015463709831238,0.024212034419178963,0.03479712828993797,-0.0010373187251389027,0.028908418491482735,0.005709806922823191,-0.03429785743355751,-0.01508386805653572,0.019374236464500427,0.0754239559173584,0.03849722817540169,-0.09561708569526672,-0.0016225827857851982,-0.0006672853487543762,-0.004716264549642801,-0.04564308747649193,0.0164813082665205,0.005416900385171175,0.0033774664625525475,-0.09966573864221573
0.03351166844367981,-0.07212281972169876,0.00325374910607934,0.01164068840444088,0.014128140173852444,-0.09981942921876907,0.034568674862384796,0.04538373649120331,-0.012582174502313137,-0.044481854885816574,0.15415115654468536,0.013734984211623669,-0.022257734090089798,0.0140694510191679,0.04252324998378754,0.010008832439780235,-0.05444660037755966,0.017645249143242836,0.016789549961686134,0.036524832248687744,-0.007175988517701626
0.005759553983807564,0.02926984243094921,0.027664970606565475,0.030531758442521095,-0.014699832536280155,0.06424867361783981,0.058708127588033676,-0.025793101638555527,-0.036682698875665665,-0.11592739820480347,0.07490348815917969,0.01500894594937563,0.002596234902739525,-0.022013844922184944,-0.015975700691342354,-0.055684130638837814,-0.019297432154417038,-0.04208288714289665,-0.00796092115342617,-0.02803690917789936,0.003550500376150012
-0.004240613430738449,-0.050944142043590546,-0.000846186769194901,-0.009094594046473503,0.1519717276096344,0.0359836108982563,-0.049128640443086624,0.018105942755937576,0.03576605021953583,0.0947408676147461,-0.0671246200799942,0.001585757709108293,-0.12722444534301758,-0.04940805956721306,-0.022479534149169922,-0.05611461028456688,-0.05980760231614113,0.137909933924675,0.04728080704808235,-0.012646914459764957,0.08396117389202118
0.0003995400038547814,-0.04728519916534424,0.044427767395973206,0.07510583847761154,0.034679822623729706,0.057192668318748474,-0.023397542536258698,-0.10506727546453476,0.060723964124917984,0.012803459540009499,-0.05925042927265167,-0.004377659410238266,0.08650264889001846,0.013800534419715405,0.04948171228170395,0.004785484634339809,-0.005921159405261278,-0.03838544711470604,-0.03669046610593796,0.014354673214256763,-0.04412543401122093
0.048149220645427704,-0.02835920825600624,0.011366653256118298,-0.024446452036499977,0.012508763000369072,0.006668691989034414,0.015641989186406136,0.010777690447866917,-0.042459726333618164,-0.013212808407843113,-0.048618510365486145,0.04583192244172096,-0.06056644394993782,0.0038600212428718805,0.009821515530347824,0.025137092918157578,0.05054589733481407,-0.03794019669294357,0.018325993791222572,0.011709910817444324,0.023164018988609314
-0.02919463999569416,-0.04044979065656662,-0.049148838967084885,-0.036576997488737106,0.025911180302500725,0.01785860024392605,0.015732374042272568,0.00517948716878891,0.015796421095728874,0.04300500825047493,0.007799321319907904,-0.058371078222990036,0.03867844119668007,0.003810974769294262,-0.025503814220428467,0.08563315868377686,0.0014924287097528577,0.023426717147231102,-0.06146113947033882,-0.1094999834895134,0.11005114018917084
0.05331788957118988,-0.010135707445442677,-0.02223913185298443,0.0058067175559699535,0.006549930665642023,-0.020123254507780075,-0.0013943167869001627,0.023082144558429718,0.025015857070684433,-0.05385604128241539,-0.08993963897228241,0.025490926578640938,0.030206000432372093,-0.013311738148331642,0.054021596908569336,0.023427292704582214,0.033347997814416885,0.06017439067363739,-0.046309761703014374,0.022435229271650314,0.019323332235217094
0.05536797270178795,0.06252444535493851,0.02342047542333603,-0.0826033502817154,0.05589323490858078,-0.01442150492221117,0.035679228603839874,0.02237767167389393,0.0373806357383728,-0.009905763901770115,0.03215768560767174,-0.06185256689786911,-0.004116111434996128,0.010837221518158913,-0.004277242347598076,0.0609280951321125,0.09414002299308777,0.0493115596473217,-0.008074035868048668,-0.008674788288772106,0.03647248074412346
-0.042052704840898514,-0.0827009379863739,0.06434398889541626,-0.0021270110737532377,0.04849351942539215,-0.00923056062310934,-0.027208911255002022,0.061976876109838486,0.023887893185019493,0.07112068682909012,0.02834409661591053,-0.02924284152686596,0.039026614278554916,0.03476807102560997,-0.00423950981348753,0.06914009898900986,-0.05652995407581329,-0.07762470841407776,-0.024465074762701988,0.06771314144134521,0.05354739725589752
-0.0508129857480526,-0.0013981364900246263,0.018992537632584572,-0.017402879893779755,-0.04192653298377991,-0.03867921978235245,-0.06345536559820175,-0.031076686456799507,0.020817218348383904,0.006327031645923853,-0.01834898069500923,0.02604793757200241,0.004654793534427881,-0.04733012989163399,0.06355427205562592,0.010263991542160511,0.011150741949677467,0.04127204418182373,0.010223553515970707,-0.02105092816054821,0.001280864467844367
0.04076226055622101,0.04182812571525574,0.051851797848939896,0.001036277157254517,-0.03682846203446388,0.0041473302990198135,-0.02602403610944748,0.024889079853892326,0.02930431067943573,-0.009324475191533566,-0.0042875418439507484,0.00516167189925909,0.01958681270480156,0.02713199332356453,0.04475519061088562,-0.005652365740388632,0.08533263951539993,0.05775800347328186,-0.03533913195133209,-0.00269931647926569,0.0790724977850914
-0.007782137021422386,-0.023119252175092697,0.01839233562350273,-0.01374728512018919,-0.03173227608203888,-0.016798414289951324,-0.12224791198968887,-0.004220993258059025,-0.0336235873401165,0.048094455152750015,0.08732058852910995,0.00794067420065403,0.008464612066745758,-0.048293936997652054,0.0013451441191136837,0.05752444267272949,0.008481084369122982,-0.14834269881248474,0.16178074479103088,-0.009938075207173824,0.06669159233570099
-0.036904361099004745,0.018774377182126045,-0.0707118883728981,0.015073194168508053,-0.0016328986966982484,0.009581035003066063,0.039390116930007935,0.03416016325354576,0.07367292791604996,-0.03084094636142254,0.028629515320062637,-0.0008571910439059138,-0.0031216826755553484,0.07866235077381134,0.013142930343747139,-0.08398184925317764,-0.00013172117178328335,0.009279894642531872,-0.03306809812784195,0.07515837252140045,-0.03690348193049431
-0.0788053572177887,0.03076573647558689,-0.025146139785647392,0.004065150395035744,-0.08715281635522842,-0.08841737359762192,0.025438793003559113,-0.0928325280547142,-0.054461002349853516,-0.06882704794406891,0.08770439028739929,0.04464947432279587,0.16243940591812134,-0.024851469323039055,-0.03611688315868378,-0.06038577854633331,0.04933649301528931,0.03622327744960785,-0.05259573459625244,0.13466864824295044,0.09961871057748795
0.17492523789405823,0.11503148078918457,-0.027294659987092018,0.0147353271022439,0.022270135581493378,0.09055017679929733,0.03603944927453995,-0.037943921983242035,0.01273008156567812,-0.02362140081822872,-0.013516107574105263,0.0809091180562973,0.033442944288253784,-0.04307710379362106,0.08697798103094101,0.021727928891777992,-0.03641589358448982,-0.04579682648181915,0.0571698434650898,0.02271859720349312,-0.06611793488264084
0.007090362720191479,-0.070084348320961,-0.017728259786963463,-0.0038700683508068323,0.03994331136345863,-0.0153666902333498,-0.033349111676216125,-0.004195474088191986,-0.00860797893255949,-0.09140362590551376,0.0032017806079238653,-0.009526596404612064,-0.049162741750478745,-0.0015110137173905969,4.289540811441839e-05,0.0021644518710672855,0.04419500753283501,-0.010093256831169128,0.08510687947273254,0.032541658729314804,-0.04736900329589844
0.032642751932144165,-0.004199911840260029,0.03478965163230896,-0.0049012089148163795,-0.02173096127808094,0.06332887709140778,0.02524391934275627,-0.023278381675481796,-0.011287461966276169,0.008821113966405392,-0.12296918034553528,-0.02031589113175869,0.00860624946653843,-0.027094809338450432,0.05315886810421944,0.026782697066664696,0.0163760706782341,-0.0032718449365347624,-0.005951275583356619,-0.012162338010966778,-0.002403193386271596
0.04437371715903282,0.011538321152329445,-0.048982832580804825,-0.06085404381155968,-0.029140092432498932,-0.02177267149090767,0.011739698238670826,0.05931093171238899,0.005420486442744732,-0.12145614624023438,0.017113571986556053,0.02236291766166687,-0.02468852698802948,-0.025889817625284195,0.007165783550590277,0.07492489367723465,0.0049209510907530785,0.005990355275571346,-0.028166241943836212,0.004894625395536423,0.044721007347106934
-0.09213284403085709,-0.04142167419195175,-0.09594155848026276,0.009406719356775284,0.07946783304214478,-0.020203303545713425,-0.03422281891107559,-0.08358588814735413,0.07151848822832108,-0.11964999884366989,0.020199380815029144,-0.10926687717437744,0.12273596972227097,0.0636013075709343,-0.011978184804320335,0.03326385095715523,-0.04069019481539726,-0.0299014113843441,0.036059170961380005,0.06821659952402115,0.008639339357614517
0.00020922216936014593,-0.025631757453083992,-0.011897115036845207,-0.0027478160336613655,-0.05777185410261154,-0.025120139122009277,-0.0163276270031929,0.09717091172933578,-0.05324454978108406,-0.05566427856683731,0.012157732620835304,0.026811247691512108,-0.04003596305847168,-0.05965956673026085,-0.018391331657767296,0.035493798553943634,0.003086271695792675,0.01855114847421646,0.004399054683744907,0.016860658302903175,-0.09070762991905212

Slice 60
-0.08122269064188004,-0.040937937796115875,0.007335301488637924,-0.0325426384806633,-0.003584121121093631,0.051354505121707916,-0.012624271214008331,0.04634428769350052,0.09133965522050858,-0.0215263944119215,-0.20052099227905273,-0.08982373774051666,0.08102505654096603,0.05351017042994499,0.07564252614974976,0.0567270964384079,0.09675358980894089,-0.018838239833712578,-0.025870032608509064,-0.07872127741575241,0.17661736905574799
-0.05675835162401199,0.09160535782575607,-0.047019075602293015,-0.025197496637701988,-0.00731617771089077,0.006519727874547243,-0.08545438200235367,-0.0855499729514122,-0.00088258006144315,0.06435952335596085,-0.23910491168498993,-0.0051128556951880455,0.058246247470378876,-0.011487617157399654,-0.024676358327269554,-0.0030249785631895065,0.09506560862064362,0.005220890510827303,-0.0694316178560257,0.07273561507463455,0.062143124639987946
0.011993331834673882,-0.043106403201818466,-0.045763254165649414,-0.13124258816242218,-0.04430698975920677,-0.08274109661579132,-0.10540992021560669,-0.14445872604846954,0.04371897503733635,0.1887754648923874,-0.07765033096075058,0.0025081662461161613,-0.003916893154382706,0.02986445464193821,0.032858267426490784,0.1355871707201004,0.029495524242520332,0.06990844011306763,0.03321705758571625,0.027036188170313835,0.019431093707680702
-0.051288824528455734,0.1070249006152153,0.005324346479028463,0.009864568710327148,-0.27283915877342224,-0.04573071748018265,0.03966589272022247,-0.019277501851320267,-0.04345254972577095,-0.08503253012895584,0.048843320459127426,0.010146294720470905,0.15407536923885345,0.14896363019943237,-0.04988637939095497,-0.0592404268682003,0.05772373080253601,-0.23694658279418945,-0.026187030598521233,0.02991720661520958,-0.04872589558362961
-0.032676756381988525,-0.010625328868627548,-0.06323712319135666,0.012799224816262722,-0.0562853068113327,-0.1013815626502037,-0.01639433763921261,0.08852747827768326,-0.07446101307868958,-0.006209915969520807,0.086262047290802,0.00876009650528431,0.014027763158082962,-0.04498028755187988,-0.04311886802315712,0.011830910108983517,0.006319348234683275,0.02182094380259514,0.04814618080854416,0.005079951602965593,0.058438949286937714
-0.06666271388530731,0.05545622855424881,-0.004132681526243687,0.05405620113015175,-0.04201051592826843,0.09297776222229004,-0.04496350884437561,-0.018090685829520226,0.026379967108368874,0.03264332562685013,0.12825807929039001,-0.05589282512664795,0.12899398803710938,0.04598504677414894,-0.0633397251367569,-0.07141634821891785,-0.1003204733133316,0.02396785095334053,0.015184978954494,-0.032987289130687714,-0.0005816243938170373
0.045064426958560944,0.04087121784687042,0.021140364930033684,0.05570685490965843,-0.12840105593204498,-0.021792614832520485,-0.006394664756953716,-0.021566106006503105,-0.0643211156129837,-0.0677233636379242,-0.02706219255924225,0.06640732288360596,-0.01170252449810505,-0.043392445892095566,-0.0011674754787236452,-0.16153715550899506,-0.03000716120004654,-0.14535444974899292,0.10570842027664185,0.09248814731836319,-0.16672226786613464
-0.06492534279823303,0.06349378824234009,0.0702534019947052,-0.06464133411645889,-0.010128374211490154,0.0860869288444519,-0.031893882900476456,0.01043724361807108,-0.027764929458498955,0.059199258685112,0.11479010432958603,0.020914388820528984,-0.06878923624753952,-0.12990128993988037,-0.130729541182518,-0.05820989981293678,0.045639440417289734,-0.09947974979877472,0.09743282198905945,0.008091164752840996,-0.10575804859399796
-0.08654025942087173,-0.09853403270244598,-0.0674855038523674,0.11294946074485779,0.06774051487445831,0.024778736755251884,-0.015325061045587063,-0.035048164427280426,-0.12179551273584366,0.07339659333229065,-0.05657678842544556,0.04691867157816887,-0.049371592700481415,0.014937320724129677,-0.008608213625848293,-0.07475528120994568,-0.17538440227508545,-0.12112787365913391,-0.01967485621571541,-0.039185114204883575,-0.049041587859392166
0.05110689252614975,0.057436179369688034,-0.09773334115743637,-0.022459765896201134,-0.022579427808523178,0.01574617438018322,0.024797676131129265,-0.08589568734169006,-0.07468484342098236,-0.05196809396147728,-0.05181732401251793,0.09189438074827194,-0.06598785519599915,-0.0073372917249798775,-0.008448652923107147,-0.16688421368598938,0.14579032361507416,0.12205512821674347,0.05842035263776779,-0.07816518843173981,-0.03276622295379639
0.06473781168460846,-0.04112064465880394,0.03156360238790512,0.04510851576924324,0.02227853238582611,0.11851947754621506,0.08665641397237778,0.030220216140151024,-0.0958155021071434,-0.03815827518701553,-0.0016610374441370368,-0.04796181619167328,-0.007715295068919659,0.05052919313311577,-0.04617615416646004,-0.029757587239146233,0.02042522467672825,-0.07058639824390411,-0.07886312901973724,-0.0004915837780572474,0.027789564803242683
-0.0942903608083725,-0.016626181080937386,-0.0860201045870781,0.0257800854742527,0.040535818785429,-0.05802948400378227,0.028142891824245453,0.0021793104242533445,0.07337715476751328,0.025658441707491875,0.01562659814953804,-0.007204251829534769,-0.06796658039093018,0.05531987175345421,-0.00806515384465456,0.008875535801053047,-0.07134078443050385,-0.1447698324918747,0.033811718225479126,0.026754198595881462,-0.1421554833650589
-0.032121285796165466,0.034339893609285355,-0.05040945112705231,0.027724813669919968,0.06127264350652695,-0.06846895813941956,0.03245393931865692,0.00686835078522563,0.01577402465045452,-0.11624500900506973,-0.20516762137413025,-0.018744058907032013,-0.028588533401489258,0.07385221868753433,-0.021785542368888855,-0.008479652926325798,-0.00932231079787016,0.11621049791574478,-0.1759914755821228,0.08145994693040848,-0.11329947412014008
0.05546955391764641,-0.04412465915083885,0.11001782864332199,-0.0006987950182519853,0.044553302228450775,-0.017628749832510948,-0.08808103948831558,-0.01688162051141262,-0.008359331637620926,-0.041518088430166245,0.00734900776296854,0.008607962168753147,-0.03543704375624657,-0.12278951704502106,0.0002243414055556059,0.1778436005115509,-0.011251751333475113,-0.06298068910837173,0.05335833132266998,0.021445702761411667,0.039235670119524
0.07156732678413391,-0.0031276862137019634,0.05294746160507202,-0.0272831991314888,0.1673862487077713,0.062276605516672134,-0.07397124171257019,0.11795707792043686,0.03560705482959747,0.11380255967378616,-0.060938503593206406,-0.021506797522306442,-0.23886121809482574,0.03820588439702988,-0.03171790763735771,0.07175955176353455,-0.0036428559105843306,-0.04480583965778351,0.022645175457000732,-0.13168960809707642,-0.14619296789169312
-0.24576601386070251,-0.15302886068820953,0.024861784651875496,-0.014816206879913807,-0.04697874188423157,-0.13698434829711914,-0.14140845835208893,0.07085756957530975,0.03859654814004898,0.04124517738819122,-0.030690858140587807,-0.17980694770812988,0.007025677245110273,0.035481177270412445,-0.06262370944023132,-0.07973593473434448,0.06506389379501343,0.05286599323153496,-0.11611798405647278,-0.013561868108808994,0.06551216542720795
0.00824414286762476,0.07189184427261353,0.07906854152679443,0.037995532155036926,-0.11638271063566208,0.026923280209302902,0.06609606742858887,0.008134490810334682,0.01212499849498272,0.05037626251578331,0.024486826732754707,-0.13335822522640228,0.05204400792717934,0.015879202634096146,-0.0050306497141718864,-0.0020029025617986917,-0.1167285218834877,0.021812697872519493,-0.10508035123348236,-0.0568825900554657,0.06166713312268257
-0.09507286548614502,-0.0018851887434720993,-0.10582571476697922,-5.822392995469272e-05,-0.05995984002947807,-0.06790821254253387,0.00017477781511843204,0.01813552714884281,-0.028701473027467728,-0.009994348511099815,0.10717057436704636,0.026141202077269554,0.05142606049776077,0.024021457880735397,-0.11037184298038483,-0.03554905205965042,-0.03854188323020935,0.027940593659877777,-0.04048583656549454,0.08515473455190659,0.01945977844297886
-0.08246221393346786,0.02642386592924595,0.012117329053580761,0.08706948906183243,0.037893202155828476,0.026695674285292625,0.06260614097118378,-0.06484904140233994,-0.09870050847530365,0.10341431200504303,-0.029969092458486557,-0.05195930600166321,-0.04225064069032669,0.035025861114263535,-0.010412003844976425,0.018090741708874702,0.0012308750301599503,-0.03515078127384186,0.07354933768510818,0.02462077885866165,-0.025636842474341393
0.0929793044924736,0.08947275578975677,-0.07731781154870987,-0.01962660439312458,-0.08022436499595642,0.0519971027970314,0.02420205995440483,0.0016190691385418177,-0.10546749085187912,0.17662657797336578,0.109992615878582,0.07125093042850494,0.01687697507441044,0.03105965070426464,0.017046164721250534,-0.2050885707139969,0.04924682900309563,0.025188732892274857,-0.16058334708213806,-0.05860362946987152,0.1225469633936882
-0.04428931325674057,-0.03628690913319588,0.005585086066275835,-0.006741280201822519,0.13078412413597107,0.036193229258060455,0.08863425254821777,-0.13374410569667816,0.15146800875663757,0.07973768562078476,0.04725172370672226,-0.053747229278087616,0.11754023283720016,0.07816100865602493,0.04515398293733597,-0.012040376663208008,-0.010471327230334282,-0.028574883937835693,0.06458689272403717,0.024461334571242332,-0.12142205238342285

Slice 61
0.04719718545675278,0.05369005724787712,0.007976126857101917,-0.054149601608514786,0.019027072936296463,-0.04080646485090256,-0.0037778536789119244,0.008548109792172909,-0.024206537753343582,0.026645930483937263,0.1681305319070816,0.06933341175317764,-0.056010134518146515,-0.022102076560258865,0.012323802337050438,-0.021778203547000885,-0.07043270766735077,0.02666541375219822,0.01414749026298523,0.05686450004577637,-0.14053162932395935
0.04347599670290947,-0.07416597753763199,0.05475085973739624,0.0019112402806058526,0.008011044934391975,0.030685188248753548,0.04706564545631409,0.06566166132688522,-0.014824039302766323,-0.06299039721488953,0.10306908190250397,0.0107065849006176,-0.06434039771556854,0.003059165785089135,-0.01819588616490364,0.0062256199307739735,-0.07335395365953445,0.013444451615214348,0.04633224755525589,-0.028293082490563393,-0.05519365146756172
0.008959045633673668,0.05441997945308685,0.06520002335309982,0.10183482617139816,0.018647819757461548,0.10120601207017899,0.08901766687631607,0.09260880947113037,-0.010079110972583294,-0.06673606485128403,0.05423329770565033,0.028158806264400482,0.008733002468943596,-0.029176482930779457,-0.0032438677735626698,-0.09224934130907059,-0.019875982776284218,-0.06909056007862091,-0.024419056251645088,0.04028231278061867,0.03072337992489338
0.03211301192641258,-0.06181447207927704,-0.028715793043375015,-0.016796238720417023,0.1947350949048996,0.020707668736577034,-0.04766842722892761,0.023688839748501778,0.04533626511693001,0.059408169239759445,-0.035304781049489975,0.00835075881332159,-0.15696798264980316,-0.08223115652799606,0.07162366062402725,0.010062421672046185,-0.07124898582696915,0.16898977756500244,0.03306671231985092,0.015308890491724014,0.12729518115520477
0.012977718375623226,-0.007369084283709526,0.05616919696331024,-0.0066455211490392685,0.044486112892627716,0.06509716063737869,0.017182892188429832,-0.0918368324637413,0.10059919953346252,0.006547662429511547,-0.07719462364912033,-0.006796733941882849,0.0566847026348114,0.03850015997886658,0.057303644716739655,-0.007619647774845362,-0.0067637306638062,-0.022895684465765953,-0.038232725113630295,0.02547304332256317,-0.05481891334056854
0.04673680663108826,-0.03384939208626747,0.04426799342036247,-0.07520468533039093,0.029537035152316093,-0.13648784160614014,0.05381153151392937,0.027184562757611275,-0.06857848912477493,-0.011837612837553024,-0.0804276317358017,0.06007843837141991,-0.08493015170097351,-0.015933236107230186,0.045136358588933945,0.022033467888832092,0.057003866881132126,-0.009292850270867348,-0.011939925141632557,0.03485066443681717,0.03619164228439331
-0.016569526866078377,-0.042575228959321976,-0.033826012164354324,-0.055832333862781525,0.09424883127212524,0.01908406801521778,-0.021335335448384285,-0.03504527732729912,0.031046586111187935,0.06011079624295235,0.011364735662937164,-0.046103160828351974,0.05299225449562073,0.0350530743598938,-0.0013598727528005838,0.11183399707078934,0.027476122602820396,0.08690338581800461,-0.08240622282028198,-0.10634887218475342,0.11813464015722275
0.03842920809984207,-0.011617874726653099,-0.04761973395943642,0.045914169400930405,-0.011627012863755226,-0.06364570558071136,0.022969501093029976,0.011698625981807709,-0.019215000793337822,-0.054585885256528854,-0.10224537551403046,-0.0131923733279109,-0.00437726266682148,0.02721492014825344,0.07373828440904617,0.040920715779066086,-0.017612652853131294,0.018665416166186333,-0.08754155039787292,-0.006045336369425058,0.0022492632269859314
0.010807101614773273,0.0508071631193161,0.05239931121468544,-0.04814942553639412,-0.06693621724843979,-0.018497804179787636,-0.005754937883466482,-0.04373474046587944,0.08015692979097366,-0.059576552361249924,0.04426969215273857,-0.05461045354604721,-0.0040923659689724445,-0.016409246250987053,0.08503851294517517,0.07752526551485062,0.126595601439476,0.05477409064769745,0.00235848780721426,0.0016599006485193968,0.06676064431667328
-0.04235769808292389,-0.0772882029414177,0.08390411734580994,0.03363765776157379,-0.006139659322798252,-0.0029088326264172792,-0.005180918145924807,0.09768693149089813,0.08024224638938904,0.04517177492380142,0.028864197432994843,-0.049855221062898636,0.01829512231051922,0.017659401521086693,-0.010611341334879398,0.14838717877864838,-0.11065587401390076,-0.07387290149927139,-0.042534079402685165,0.02716781012713909,0.011669732630252838
-0.045182548463344574,0.014027001336216927,0.008875678293406963,-0.016592035070061684,-0.013478959910571575,-0.1247885450720787,-0.03509190306067467,-0.03263763710856438,0.05963530018925667,0.0008485107682645321,-0.01467099692672491,0.035063400864601135,0.008357609622180462,-0.012641270644962788,0.03368925303220749,0.01348134595900774,0.00404994934797287,0.03371218591928482,0.02749643474817276,-0.005978396628051996,-0.004239168483763933
0.053834933787584305,0.0435745045542717,0.08016905188560486,-0.028268912807106972,-0.04770694673061371,-0.011448610574007034,-0.04034266993403435,0.02097199112176895,-0.006635271944105625,-0.032454825937747955,-0.0110327685251832,-0.004439826123416424,0.043472010642290115,-0.00433753477409482,0.006506393663585186,-0.014201171696186066,0.0651465430855751,0.08227063715457916,-0.007203073240816593,-0.030535096302628517,0.11099281162023544
-0.006201606243848801,-0.03219637647271156,0.03340798616409302,-0.012923008762300014,-0.03215746954083443,0.10849374532699585,-0.0016646792646497488,-0.02843618392944336,-0.005430583376437426,0.08855694532394409,0.12421116232872009,0.019003944471478462,0.009926318190991879,-0.07137416303157806,0.005001256242394447,0.04999487102031708,0.02004227042198181,-0.12207763642072678,0.13599199056625366,-0.04980480670928955,0.035349391400814056
-0.059976715594530106,-0.0033340235240757465,-0.10371806472539902,0.01340945903211832,-0.04470394179224968,0.006874692160636187,0.05417899414896965,0.02365216612815857,0.033502720296382904,0.011447389610111713,-0.011744678020477295,-0.0011489661410450935,-0.0024025444872677326,0.08372530341148376,-0.029187366366386414,-0.06161221116781235,-0.004009931813925505,0.026616554707288742,-0.04148457944393158,0.015436038374900818,-0.04389320686459541
-0.0431145615875721,0.02321830950677395,-0.03053121082484722,0.03428467735648155,-0.10179164260625839,-0.002801426686346531,0.03357532620429993,-0.11974965780973434,-0.046884696930646896,-0.1505892276763916,0.06954478472471237,0.024129757657647133,0.2028389424085617,-0.029783140867948532,-0.04308125004172325,-0.057843416929244995,0.02985827811062336,0.041167717427015305,-0.026420120149850845,0.13879643380641937,0.1684989482164383
0.24394537508487701,0.09653254598379135,-0.021489685401320457,-0.0055555012077093124,0.032429806888103485,0.07742144167423248,0.09460649639368057,-0.05492215231060982,-0.011194256134331226,-0.02534119039773941,0.01320067048072815,0.11379605531692505,9.804726141737774e-05,-0.015408780425786972,0.11877842992544174,0.056356146931648254,-0.008353620767593384,-0.02714039757847786,0.08163459599018097,0.016830509528517723,-0.07413778454065323
-0.028420351445674896,-0.08996808528900146,-0.0716443806886673,-0.02947263978421688,0.07374148070812225,0.0018470563227310777,-0.05168760195374489,0.0013866708613932133,-0.009010485373437405,-0.08313293009996414,0.008608183823525906,0.03839278966188431,-0.05968539044260979,0.00027012714417651296,0.007089207414537668,0.03137999027967453,0.09607608616352081,-0.02184811234474182,0.11189131438732147,0.043685778975486755,-0.056750454008579254
0.020104803144931793,0.0011335700983181596,0.04034232720732689,-0.006530167534947395,0.08843879401683807,0.05602831393480301,0.021369706839323044,-0.03038174845278263,0.00914284773170948,-0.008367970585823059,-0.1207771971821785,-0.01460285298526287,-0.02630501613020897,-0.02294578030705452,0.049094151705503464,0.024526605382561684,0.03146236389875412,-0.03652813285589218,0.009521203115582466,-0.079188272356987,-0.01950826495885849
0.05206526815891266,-0.017845135182142258,-0.010860085487365723,-0.08224333822727203,0.015212900936603546,-0.013554634526371956,-0.029187824577093124,0.043035827577114105,0.0052021099254488945,-0.14464423060417175,0.028110139071941376,0.023072028532624245,0.045671168714761734,-0.02566295675933361,0.01415367890149355,-0.009803945198655128,-0.013343222439289093,0.035588338971138,-0.030005410313606262,0.03434886783361435,-0.008598296903073788
-0.07834657281637192,-0.0513325035572052,-0.024018796160817146,0.04376325011253357,0.04856032133102417,-0.011965330690145493,0.04112078249454498,0.03581736236810684,0.10825499147176743,-0.12821772694587708,-0.0847369134426117,-0.10911896824836731,0.04146696627140045,0.03811616450548172,0.011087469756603241,0.09628263115882874,0.012433169409632683,-0.008940249681472778,0.12807288765907288,0.05721798166632652,-0.10093182325363159
0.019970180466771126,0.0016516591422259808,-0.0160952378064394,-0.0038038878701627254,-0.014630168676376343,-0.03269508108496666,-0.04309619963169098,0.10075867176055908,-0.1308221071958542,-0.06854146718978882,-0.03901726007461548,-0.0006920925807207823,-0.10768471658229828,-0.0605282299220562,-0.06136995926499367,0.022049272432923317,-0.007997890934348106,0.011512074619531631,-0.06510517746210098,-0.07372187077999115,-0.041776929050683975

Slice 62
-0.097900390625,0.01728673465549946,0.029984362423419952,-0.01650279201567173,-0.001578275696374476,0.09477463364601135,-0.018321730196475983,0.018752915784716606,0.05417497083544731,0.021090595051646233,-0.16820207238197327,-0.06181323155760765,-0.004457215778529644,0.04153093323111534,0.07757732272148132,0.043546609580516815,0.060455694794654846,-0.009859251789748669,-0.02550559490919113,-0.047166433185338974,0.12422653287649155
-0.030952205881476402,0.03606821224093437,-0.06399723887443542,-0.012785343453288078,0.003928847145289183,-0.09725917130708694,-0.06656397134065628,-0.057547956705093384,-0.012983310967683792,0.029737241566181183,-0.13658268749713898,0.006211407948285341,0.0470009371638298,0.0031324082519859076,0.018636593595147133,0.004055140074342489,0.05898424610495567,0.025638477876782417,-0.06778184324502945,0.12364743649959564,0.06140955537557602
0.01034186128526926,-0.020311644300818443,-0.014544829726219177,-0.13545222580432892,-0.07221099734306335,-0.01041274145245552,-0.06554729491472244,-0.21933268010616302,0.007978920824825764,0.09546373784542084,-0.01689763553440571,0.03041212260723114,0.0028461297042667866,0.007694518193602562,0.01083859521895647,0.1083853617310524,0.009841464459896088,0.027048170566558838,0.03302972763776779,0.029428860172629356,0.039171263575553894
-0.07345718145370483,0.08119435608386993,0.00949001032859087,-0.00635133683681488,-0.16078703105449677,-0.02713431604206562,-0.024579478427767754,2.0050705643370748e-05,-0.006465017329901457,-0.023575084283947945,-0.011518501676619053,0.014701420441269875,0.04600748419761658,0.13264016807079315,-0.07963073253631592,-0.1521170288324356,-0.0024355771020054817,-0.14270582795143127,0.016403336077928543,0.029015997424721718,0.031093640252947807
-0.04052267596125603,-0.0648345872759819,-0.027442118152976036,0.09261253476142883,-0.03126305714249611,-0.0686020627617836,-0.044615164399147034,-0.004070240538567305,-0.026911793276667595,0.024003030732274055,0.041453998535871506,0.006467497907578945,0.1248384639620781,-0.03961922973394394,-0.009192073717713356,0.023931346833705902,0.002887566341087222,-0.011773734353482723,0.0188540481030941,0.02513730339705944,0.029121818020939827
-0.027099937200546265,0.03806149587035179,0.01306896936148405,0.0295058935880661,-0.038077857345342636,0.12651219964027405,-0.04624353349208832,-0.00810658186674118,-0.013429645448923111,0.02797120250761509,0.10557794570922852,-0.011319979093968868,0.09880728274583817,0.06544139981269836,-0.07243075221776962,-0.06840142607688904,-0.07510310411453247,-0.007095321547240019,0.039992157369852066,-0.025610920041799545,0.019212132319808006
0.026184961199760437,0.0050794645212590694,-0.03022526390850544,0.017849160358309746,-0.131296306848526,-0.011287299916148186,0.0013397940201684833,-0.016732515767216682,-0.07196240872144699,-0.06084977462887764,-0.025440460070967674,0.011220564134418964,0.010839580558240414,-0.05260797217488289,-0.03896518424153328,-0.10302654653787613,-0.03979296609759331,-0.15795661509037018,0.06174768880009651,-0.03575759753584862,-0.11134196817874908
-0.011869309470057487,0.06959660351276398,0.06651639193296432,-0.0495319701731205,-0.01035687793046236,0.08047032356262207,-0.03285573422908783,0.044425200670957565,-0.007946120575070381,0.019365012645721436,0.041281361132860184,0.048729345202445984,-0.05222826451063156,-0.17213070392608643,-0.10040754824876785,-0.039533037692308426,0.10366681218147278,-0.06452957540750504,0.06748340278863907,0.021581247448921204,-0.1192096620798111
-0.037671204656362534,-0.05330773815512657,-0.06268757581710815,0.06168689951300621,0.1489049345254898,0.016145668923854828,0.001858145697042346,-0.015068691223859787,-0.08322929590940475,0.06467685848474503,-0.03177718073129654,-0.009172150865197182,-0.06190216913819313,0.036119017750024796,0.010210320353507996,-0.014700566418468952,-0.10673128813505173,-0.09668074548244476,-0.032779619097709656,-0.04576835408806801,-0.0178839061409235
0.03146279603242874,-0.021777909249067307,-0.028218356892466545,-0.001827147789299488,0.025453045964241028,0.015880603343248367,0.015149271115660667,-0.035122890025377274,-0.0535128153860569,0.019730860367417336,-0.032852523028850555,0.06587143242359161,-0.021725215017795563,0.029889177531003952,-0.002347430447116494,-0.13733026385307312,0.11883831024169922,0.0653633400797844,0.047584474086761475,-0.014163454994559288,0.03876056522130966
0.028025567531585693,-0.05365920066833496,0.0550759993493557,0.04321277514100075,-0.022958215326070786,0.10104735940694809,0.04374658316373825,0.0035547108855098486,-0.0945267528295517,-0.03665979579091072,-0.02275247313082218,-0.03101540543138981,-0.0007256764220073819,0.016800949349999428,0.013986118137836456,-0.02154579572379589,0.04003896936774254,-0.04447294771671295,-0.08668332546949387,-0.028480147942900658,0.030844910070300102
-0.09293856471776962,0.02829986996948719,-0.04945379123091698,0.028549443930387497,0.00019467152014840394,-0.06596655398607254,0.002808182965964079,0.023702988401055336,0.13368572294712067,0.013067884370684624,0.013915429823100567,-0.004761377815157175,-0.06037794053554535,0.10165723413228989,0.04528511315584183,0.0026325650978833437,0.006420388352125883,-0.11955510824918747,0.00808689370751381,0.01988423429429531,-0.10101104527711868
-0.05716622993350029,0.016803696751594543,-0.036498330533504486,0.014105069451034069,0.04859386011958122,-0.11911764740943909,-0.055205848067998886,0.00784195214509964,-0.0015725240809842944,-0.09573837369680405,-0.15522076189517975,-0.0243317149579525,-0.02305126003921032,0.03918365389108658,-0.007863983511924744,0.05495814234018326,-0.0018631269922479987,-0.009536083787679672,-0.045209236443042755,0.07349762320518494,-0.07519176602363586
0.028092533349990845,-0.03820289298892021,0.047780293971300125,0.017474312335252762,0.05167511850595474,-0.012298079207539558,-0.06247563287615776,0.02079157531261444,0.08277179300785065,-0.08569834381341934,0.037557072937488556,0.010587001219391823,-0.04881443455815315,-0.06532043218612671,0.021723672747612,0.14003971219062805,-0.017000043764710426,-0.07035906612873077,0.02958768978714943,0.11042169481515884,0.0023806567769497633
0.008836304768919945,0.03061020001769066,0.027366233989596367,-0.031168363988399506,0.13166020810604095,-0.017607556656003,-0.06750988215208054,0.040196191519498825,-0.008210068568587303,0.055289920419454575,0.023313144221901894,0.02616640366613865,-0.10362589359283447,0.022480875253677368,-0.07298801839351654,0.021583473309874535,0.050515104085206985,-0.022560562938451767,-0.030419740825891495,-0.019903995096683502,-0.07688334584236145
-0.10559963434934616,-0.06261111050844193,0.004627622198313475,0.0072146207094192505,-0.03424706310033798,-0.057130396366119385,-0.13349543511867523,0.03900629281997681,0.07074353098869324,0.03014022670686245,-0.05266791954636574,-0.13027839362621307,0.04779374599456787,0.0057440949603915215,0.020615706220269203,-0.06657863408327103,0.05183781310915947,0.023176133632659912,-0.08077603578567505,0.008820541203022003,0.009453273378312588
0.009167480282485485,0.010667623020708561,0.079343281686306,0.05205784738063812,-0.10237190127372742,0.02100001834332943,0.049328263849020004,0.001019565504975617,0.006902588531374931,-0.040196675807237625,0.03656058758497238,-0.18246015906333923,0.01474554743617773,0.021247411146759987,-0.0064212968572974205,0.005844702012836933,-0.0934402197599411,0.01667126640677452,-0.028647609055042267,-0.04089720547199249,0.016485072672367096
-0.06894201785326004,-0.007502136752009392,-0.09127228707075119,0.01184859313070774,-0.09278207272291183,-0.021878043189644814,0.038516007363796234,-0.004947360139340162,-0.0559413805603981,-0.009837809950113297,-0.008088473230600357,0.00997223611921072,0.07848018407821655,0.0023036154452711344,-0.07239534705877304,-0.009182265028357506,-0.02672536112368107,0.031146841123700142,-0.06101912632584572,0.0733630359172821,0.00873622763901949
-0.052672386169433594,0.04569298401474953,-0.043951503932476044,0.04400129243731499,0.012813805602490902,0.008387299254536629,0.09044653922319412,-0.017617160454392433,-0.11849624663591385,-0.0023464991245418787,-0.017747625708580017,-0.04162829369306564,-0.08323628455400467,0.017514795064926147,-0.0033408489543944597,0.1040516048669815,0.007722156587988138,-0.03578849881887436,0.06052875146269798,0.0448259636759758,0.01053424458950758
0.026448167860507965,0.06408946961164474,-0.2028110772371292,-0.03884519264101982,-0.004187233746051788,0.024707794189453125,-0.03388115391135216,-0.07670699805021286,-0.09210608154535294,0.1293792724609375,0.1609807312488556,-0.013839871622622013,0.13783815503120422,0.10602894425392151,-0.020394042134284973,-0.20550769567489624,0.02133975550532341,0.010593554005026817,-0.15686173737049103,0.005552469752728939,0.15333430469036102
-0.06382543593645096,-0.07374855130910873,-0.019613293930888176,-0.03974657878279686,0.10393953323364258,0.029330100864171982,0.1146172285079956,-0.06346629559993744,0.13190428912639618,0.017188355326652527,0.06997650116682053,-0.04099760577082634,0.06492505222558975,0.022602610290050507,0.0191526897251606,0.0228061992675066,-0.01459958590567112,-0.01522277481853962,0.08299770951271057,0.04574595391750336,-0.19509950280189514

Slice 63
-0.06355280429124832,-0.13423682749271393,-0.027364462614059448,0.08490760624408722,-0.007265847641974688,0.04280684515833855,-0.011524474248290062,0.021176625043153763,0.06782582402229309,-0.02268027886748314,-0.3238467276096344,-0.12595818936824799,0.1360974758863449,0.05241037905216217,-0.0049503096379339695,0.05222189798951149,0.14405401051044464,-0.028140762820839882,-0.025382116436958313,-0.10499334335327148,0.3167518675327301
-0.08525846898555756,0.14726941287517548,-0.09697841107845306,-0.0122452387586236,-0.01822667382657528,-0.03643292561173439,-0.093446284532547,-0.13488109409809113,0.018949711695313454,0.10994277894496918,-0.24174103140830994,-0.023050926625728607,0.12064536660909653,-0.009277254343032837,0.03196195140480995,-0.04051944985985756,0.14150455594062805,-0.03198358044028282,-0.08894602954387665,0.04186438024044037,0.08985940366983414
-0.009688977152109146,-0.10105063021183014,-0.11259299516677856,-0.15259812772274017,-0.02541821449995041,-0.17201723158359528,-0.1700344979763031,-0.15368737280368805,0.051892198622226715,0.12472110986709595,-0.10708443075418472,-0.044150613248348236,0.004602100700139999,0.075198233127594,0.03291158005595207,0.18979421257972717,0.045665279030799866,0.13645188510417938,0.04725843295454979,-0.06019851565361023,-0.04356468841433525
-0.051511213183403015,0.11930122971534729,0.05796234309673309,0.034130584448575974,-0.3857675790786743,-0.04271548241376877,0.09069693088531494,-0.03063023090362549,-0.07633430510759354,-0.1107366532087326,0.0744875967502594,-0.00838293507695198,0.2907452881336212,0.16172108054161072,-0.12896126508712769,-0.01340274978429079,0.13787232339382172,-0.29916030168533325,-0.07534652948379517,-0.03408230096101761,-0.2460208386182785
-0.029880085960030556,0.01972472481429577,-0.11381139606237411,-0.010322770103812218,-0.08372841775417328,-0.13531893491744995,-0.02787957154214382,0.18358242511749268,-0.19689545035362244,-0.015636572614312172,0.14809370040893555,0.013186913914978504,-0.11996389180421829,-0.07307001948356628,-0.11387553066015244,0.014178222045302391,0.013993115164339542,0.05213798210024834,0.07564270496368408,-0.0411369763314724,0.10057655721902847
-0.0820455476641655,0.06590644270181656,-0.05913936719298363,0.13996057212352753,-0.056671272963285446,0.2454923689365387,-0.08767415583133698,-0.04090385138988495,0.13573899865150452,0.03645570948719978,0.15009663999080658,-0.10555329918861389,0.16159464418888092,0.02996792644262314,-0.08334318548440933,-0.04078447073698044,-0.10878503322601318,0.0337783582508564,0.019668573513627052,-0.0684611052274704,-0.05911072716116905
0.06718572229146957,0.08347570151090622,0.0941246822476387,0.12158038467168808,-0.18381452560424805,-0.03838380426168442,0.03328583762049675,0.054018285125494,-0.047290727496147156,-0.1194492056965828,-0.02317623794078827,0.09551358968019485,-0.08176608383655548,-0.053159862756729126,0.013178362511098385,-0.21214734017848969,-0.046641021966934204,-0.17618313431739807,0.16193370521068573,0.19412434101104736,-0.2488822638988495
-0.08318977802991867,0.033844709396362305,0.07939311116933823,-0.08908622711896896,0.017501909285783768,0.12012988328933716,-0.04914054647088051,-0.03801315650343895,0.03087954968214035,0.11884050816297531,0.1984887272119522,0.010786470957100391,-0.0031042699702084064,-0.03497183695435524,-0.1397615671157837,-0.08732974529266357,0.021630197763442993,-0.05003616213798523,0.17064419388771057,0.021615101024508476,-0.015857238322496414
-0.07536245882511139,-0.1068059653043747,-0.13334546983242035,0.0853632465004921,0.09907488524913788,0.017059046775102615,-0.022598247975111008,0.04641527682542801,-0.18378528952598572,0.08593271672725677,-0.09059137850999832,0.08159938454627991,-0.0112254424020648,0.010083247907459736,-0.1971113681793213,-0.17379431426525116,-0.2632475197315216,-0.14080888032913208,-0.01039051916450262,-0.03491887450218201,-0.154938742518425
0.0582440048456192,0.146093487739563,-0.1790550798177719,-0.06363211572170258,-0.003666229546070099,0.012561962008476257,0.0054747373796999454,-0.18119573593139648,-0.16825996339321136,-0.1184869185090065,-0.05810202285647392,0.09119752794504166,-0.05108817666769028,-0.04671626538038254,0.018712878227233887,-0.28718772530555725,0.20234377682209015,0.14001338183879852,0.08532758057117462,-0.06798151880502701,-0.02756696380674839
0.08585265278816223,-0.0260245930403471,-0.01893731765449047,0.024630926549434662,0.025351157411932945,0.2430497109889984,0.06973597407341003,0.04199271276593208,-0.12842904031276703,-0.010061061009764671,0.02774626761674881,-0.06740082055330276,-0.019133834168314934,0.027261240407824516,-0.08304036408662796,-0.027315843850374222,-0.008293193764984608,-0.07093796133995056,-0.03601384162902832,0.004796219058334827,-0.0056283120065927505
-0.10265100747346878,-0.08351148664951324,-0.1431090235710144,0.05073991045355797,0.09166104346513748,0.017602840438485146,0.06868065893650055,-0.04784655570983887,-0.0020788453985005617,0.04169908165931702,0.0193647388368845,0.010465818457305431,-0.0909370481967926,0.008412962779402733,-0.021459314972162247,0.023388540372252464,-0.1318361610174179,-0.17004385590553284,0.0153278186917305,0.05251678079366684,-0.24291697144508362
0.031989686191082,0.06161738187074661,-0.07494614273309708,0.03110971301794052,0.05373506247997284,-0.21726058423519135,0.0766664370894432,0.04269732907414436,0.010157829150557518,-0.16224700212478638,-0.23990465700626373,-0.02725198119878769,0.014614720828831196,0.13721279799938202,-0.023272885009646416,-0.07979530841112137,-0.02558663673698902,0.23424726724624634,-0.29208219051361084,0.08136502653360367,-0.04925859346985817
0.10778489708900452,0.0014292467385530472,0.19405141472816467,-0.035329435020685196,0.07791949063539505,-0.01584828644990921,-0.11420045047998428,-0.04623053967952728,-0.07224447280168533,-0.02292771451175213,0.01881731115281582,-0.0005381334340199828,-0.00131281150970608,-0.17126379907131195,0.039052918553352356,0.12452571839094162,0.0012547720689326525,-0.05692316219210625,0.07859012484550476,-0.05176175758242607,0.07000525295734406
0.08190835267305374,-0.048236191272735596,0.056096695363521576,-0.06681568920612335,0.2035871297121048,0.009563966654241085,-0.08555926382541656,0.2254803478717804,0.09371106326580048,0.2653987407684326,-0.13759270310401917,-0.04837634786963463,-0.43111351132392883,0.05228453129529953,0.0879182294011116,0.11294382810592651,-0.06177924945950508,-0.0899742841720581,0.05141010507941246,-0.2786189019680023,-0.34262070059776306
-0.4969657361507416,-0.19237004220485687,0.056564200669527054,-0.00018923352763522416,-0.06014126166701317,-0.1524280160665512,-0.16653789579868317,0.10058409720659256,0.022511685267090797,0.04205378144979477,-0.021036706864833832,-0.2124871164560318,-0.007973071187734604,0.03371317312121391,-0.20945049822330475,-0.10616566985845566,0.021486790850758553,0.05462465435266495,-0.16031140089035034,-0.02482963167130947,0.15193648636341095
0.04030925780534744,0.17235007882118225,0.13262367248535156,0.044540222734212875,-0.14762000739574432,-0.0007975590415298939,0.10619339346885681,-0.008397366851568222,0.021643314510583878,0.14796699583530426,-0.014634916558861732,-0.07734446227550507,0.10863135755062103,-0.005842824932187796,-0.01557797472923994,-0.060152966529130936,-0.1812153458595276,0.03718729689717293,-0.21788090467453003,-0.08103986829519272,0.10602454841136932
-0.05356193706393242,-0.002293464494869113,-0.08989356458187103,0.010213038884103298,-0.1512243151664734,-0.11411870270967484,-0.04947274550795555,0.05190354958176613,-0.010159135796129704,0.015206314623355865,0.23670347034931183,0.02628909796476364,0.05345447361469269,0.04140499234199524,-0.08882433921098709,-0.05334329605102539,-0.06521964818239212,0.06005314365029335,-0.017538437619805336,0.16259612143039703,0.04557520151138306
-0.10323833674192429,0.028614265844225883,0.031835075467824936,0.15943443775177002,-0.027171051129698753,0.029769286513328552,0.0540323443710804,-0.08739541471004486,-0.02695346437394619,0.2816767692565918,-0.05386698991060257,-0.04608406126499176,-0.08851808309555054,0.047159481793642044,-0.029242806136608124,-0.014823585748672485,0.02324766479432583,-0.0675157979130745,0.0573812834918499,-0.07488348335027695,-0.005889611784368753
0.17364835739135742,0.1023840680718422,0.0466466061770916,-0.06670651584863663,-0.08287469297647476,0.02432364970445633,-0.02585354633629322,-0.0434233732521534,-0.19155286252498627,0.29247400164604187,0.1579529345035553,0.21641017496585846,-0.0925990417599678,-0.06627199798822403,-0.018354956060647964,-0.18434593081474304,-0.009512191638350487,0.04347221180796623,-0.2407323122024536,-0.10411373525857925,0.1604147106409073
-0.025757772848010063,-0.0035481576342135668,0.02802766114473343,0.03414260596036911,0.03884381428360939,0.06875300407409668,0.08992649614810944,-0.17843392491340637,0.24999649822711945,0.13424736261367798,0.07139526307582855,0.004384818021208048,0.2027861475944519,0.12616555392742157,0.13135729730129242,-0.029951021075248718,0.021610191091895103,-0.007834979332983494,0.13203643262386322,0.15772348642349243,0.1333487331867218

Slice 64
-0.07601446658372879,0.03000502660870552,0.04416852071881294,-0.07402937859296799,-0.0008215892594307661,0.036149974912405014,-0.005508832633495331,0.04935145005583763,0.07573951035737991,0.010076608508825302,-0.1161012277007103,-0.058553650975227356,0.045995261520147324,0.04128040000796318,0.10204832255840302,0.039705727249383926,0.05082124471664429,-0.00851532444357872,-0.025469636544585228,-0.05578147992491722,0.14030323922634125
-0.029680414125323296,0.04971545189619064,-0.03363344445824623,-0.02714853733778,-0.002243734896183014,0.03585711121559143,-0.06890891492366791,-0.05114137381315231,-0.011491656303405762,0.033053673803806305,-0.18908019363880157,0.000568311894312501,0.018712379038333893,-0.010148735716938972,-0.04230577126145363,0.012908984906971455,0.05928313732147217,0.02286882884800434,-0.05174081772565842,0.07105627655982971,0.03109012357890606
0.007994068786501884,-0.003976155538111925,0.002889128401875496,-0.10615281760692596,-0.05961634963750839,-0.011649677529931068,-0.0428662933409214,-0.1502806544303894,0.029881756752729416,0.15930931270122528,-0.06214316189289093,0.036373451352119446,0.004842006601393223,0.009501205757260323,0.03064385987818241,0.09769438952207565,0.023041201755404472,0.018422964960336685,0.022729884833097458,0.07953491806983948,0.03643195331096649
-0.044399239122867584,0.1028316393494606,-0.019325772300362587,-0.012202057987451553,-0.18482723832130432,-0.05235464870929718,-0.012496436946094036,0.004920446779578924,-0.03322024270892143,-0.041479408740997314,0.02893299050629139,0.02477128803730011,0.06422954052686691,0.13198330998420715,-0.0031855313573032618,-0.07280173897743225,0.006102389190346003,-0.1733924150466919,0.013724087737500668,0.08790303766727448,0.057581689208745956
-0.037835586816072464,-0.01690535433590412,-0.03123636543750763,0.017611630260944366,-0.03414037451148033,-0.08322035521268845,-0.0040502119809389114,0.029769279062747955,-0.005598913878202438,0.00938497856259346,0.04400734230875969,0.006506287958472967,0.06844241172075272,-0.02528006210923195,-0.016886796802282333,0.013396007008850574,0.00641075661405921,0.003428025171160698,0.0249002818018198,0.0382554866373539,0.01232890784740448
-0.05312997102737427,0.04659454524517059,0.012977704405784607,-0.013819187879562378,-0.033437855541706085,0.01658225618302822,-0.020778238773345947,-0.0024829634930938482,-0.026242686435580254,0.04185127094388008,0.10413827002048492,-0.008763004094362259,0.10924410074949265,0.054815806448459625,-0.044601209461688995,-0.08961034566164017,-0.09469924867153168,0.02163887396454811,0.007019638083875179,-0.03158728405833244,0.029034467414021492
0.03803188353776932,0.011911982670426369,-0.012073065154254436,0.02441304549574852,-0.08939728140830994,-0.013980782590806484,-0.0295399259775877,-0.04148107394576073,-0.03582469001412392,-0.038249671459198,-0.023821376264095306,0.04549407213926315,0.014479239471256733,-0.025643082335591316,0.016373317688703537,-0.09746487438678741,-0.011575027368962765,-0.09318569302558899,0.06162445619702339,0.012477160431444645,-0.11436943709850311
-0.04119031876325607,0.07055450230836868,0.045795947313308716,-0.019078264012932777,-0.024630790576338768,0.06935025751590729,-0.008855922147631645,0.04486560449004173,-0.06024700030684471,0.030488327145576477,0.05754568800330162,0.02014707215130329,-0.09965908527374268,-0.17916150391101837,-0.10517621040344238,-0.031805042177438736,0.054700929671525955,-0.11542097479104996,0.047596175223588943,0.011892913840711117,-0.15445737540721893
-0.08346513658761978,-0.08568733185529709,-0.026731183752417564,0.11434517800807953,0.03242823854088783,0.031176842749118805,-0.015057424083352089,-0.07161242514848709,-0.07266471534967422,0.05586631968617439,-0.03252994641661644,0.003002952318638563,-0.07555516809225082,0.011051439680159092,0.11712761223316193,-0.007908004336059093,-0.11013089865446091,-0.09840317815542221,-0.019416814669966698,-0.05451936274766922,0.022669106721878052
0.024473052471876144,0.0021675925236195326,-0.05470585823059082,0.003996066749095917,-0.032003406435251236,0.01166521292179823,0.021039629355072975,-0.01996009051799774,-0.03195033594965935,0.014219721779227257,-0.044229887425899506,0.0833059772849083,-0.08478108048439026,0.009576559998095036,-0.023894675076007843,-0.08496466279029846,0.09775988012552261,0.09700721502304077,0.03624800220131874,-0.07800529897212982,-0.029589977115392685
0.04755610600113869,-0.047380756586790085,0.04474940150976181,0.050203826278448105,0.01694164052605629,0.03993181139230728,0.10196970403194427,0.008006134070456028,-0.05917581915855408,-0.04937497153878212,-0.017109433189034462,-0.030905649065971375,0.004458201117813587,0.052050404250621796,-0.01717226952314377,-0.026708317920565605,0.03644871339201927,-0.06909418106079102,-0.10232219845056534,-0.005435076542198658,0.030517403036355972
-0.08579249680042267,0.028223704546689987,-0.0446096695959568,0.007754886988550425,0.014319820329546928,-0.08317703753709793,0.002456154441460967,0.016064941883087158,0.11437244713306427,-0.005107173230499029,0.010774165391921997,-0.012938430532813072,-0.048412859439849854,0.08320172876119614,-0.0009110498940572143,0.0011376439360901713,-0.02948608808219433,-0.12099809944629669,0.04502064734697342,0.010773719288408756,-0.08215420693159103
-0.0521610826253891,0.017305070534348488,-0.03669075295329094,0.021720990538597107,0.061772141605615616,-0.00557747995480895,-0.012842725962400436,0.008821305818855762,0.02085098624229431,-0.08386930823326111,-0.160537987947464,-0.01411446277052164,-0.03385070711374283,0.035815708339214325,-0.019563771784305573,0.022454941645264626,-0.0028415967244654894,0.0380769744515419,-0.09346688538789749,0.07519947737455368,-0.1231844574213028
0.01740347221493721,-0.08685535937547684,0.04262832924723625,0.015924574807286263,0.01864766515791416,-0.017973972484469414,-0.08152764290571213,0.0003960298781748861,0.026898033916950226,-0.03612585738301277,0.0070067355409264565,0.009822625666856766,-0.05387548729777336,-0.08833641558885574,-0.0268318559974432,0.2104482203722,-0.021105552092194557,-0.061752799898386,0.03310209885239601,0.05483183264732361,0.016365736722946167
0.03300554305315018,0.021694334223866463,0.03625922650098801,-0.012470204383134842,0.18018338084220886,0.08587514609098434,-0.07887846976518631,0.04386725649237633,-0.007766381837427616,0.022614216431975365,-0.012246962636709213,-0.012824645265936852,-0.1023726686835289,0.02107076533138752,-0.11773846298456192,0.028063617646694183,0.02130487933754921,-0.02899421565234661,-0.0004881705390289426,-0.04098525643348694,-0.038951173424720764
-0.08611837029457092,-0.1142735406756401,0.013028616085648537,-0.018252192065119743,-0.030659237876534462,-0.12628187239170074,-0.09560909122228622,0.03409740701317787,0.05695575848221779,0.03525392338633537,-0.03120552934706211,-0.1405966430902481,0.012832218781113625,0.03518890216946602,0.028585078194737434,-0.0467572845518589,0.0842360258102417,0.04134629666805267,-0.07909165322780609,-0.0061151920817792416,0.0011027586879208684
-0.013526877388358116,0.01099430862814188,0.04348950460553169,0.030455321073532104,-0.08187119662761688,0.042080096900463104,0.04720049351453781,0.007718697655946016,0.0033261869102716446,-0.017986098304390907,0.049269068986177444,-0.15328684449195862,0.014231733046472073,0.02323557250201702,0.0037014854606240988,0.03278103098273277,-0.07925428450107574,0.007085090037435293,-0.020387083292007446,-0.034397438168525696,0.015653707087039948
-0.09915000945329666,-0.0020417184568941593,-0.11709264665842056,0.0015818115789443254,0.008769904263317585,-0.04077314957976341,0.02721996419131756,-0.010733933188021183,-0.05324270576238632,-0.03024906851351261,0.011593956500291824,0.02641385607421398,0.05036870017647743,0.007874644361436367,-0.10001213848590851,-0.014753546565771103,-0.013197584077715874,0.003105090232565999,-0.05171169340610504,0.03480743616819382,-0.013711778447031975
-0.05785079672932625,0.029247786849737167,-0.0045243664644658566,0.0382486954331398,0.07659485191106796,0.02022363431751728,0.06285928934812546,-0.04590592533349991,-0.1368916630744934,0.005700984038412571,-0.012864507734775543,-0.05419539287686348,-0.018239375203847885,0.024413656443357468,-0.0009164460934698582,0.04782978072762489,-0.013712696731090546,-0.01871477998793125,0.07153338193893433,0.06843588501214981,-0.06017317622900009
0.05751960724592209,0.06621047854423523,-0.02049754559993744,-0.022315435111522675,-0.06730473041534424,0.04804656654596329,0.019945813342928886,0.03271876648068428,-0.060514140874147415,0.09296419471502304,0.07219860702753067,-0.00302952341735363,0.040683671832084656,0.08007481694221497,-0.0038396650925278664,-0.1727885752916336,0.07932873070240021,0.026421742513775826,-0.08568491041660309,-0.01597020961344242,0.052076347172260284
-0.054677724838256836,-0.04915598779916763,-0.013712996616959572,-0.024244114756584167,0.15006732940673828,0.03893020376563072,0.07949164509773254,-0.07559152692556381,0.1018843874335289,0.018414054065942764,0.03083987534046173,-0.0634457916021347,0.03652454540133476,0.05223268270492554,0.00662620086222887,0.014661434106528759,-0.01676873303949833,-0.027297664433717728,0.018366901203989983,-0.017304303124547005,-0.14742612838745117
