64 10 50

Slice 1
1.2986379861831665,-1.591751217842102,1.0849202871322632,-1.0346492528915405,0.4700576364994049,-0.251126766204834,-2.0950818061828613,1.5004756450653076,-0.329536110162735,0.23241783678531647,-0.2297576516866684,0.7666316628456116,0.48816466331481934,1.3325895071029663,-1.1328991651535034,-0.10061504691839218,-0.00018648672266863286,0.7370046377182007,-0.44711026549339294,0.35270699858665466,1.2032217979431152,-1.2251901626586914,-1.9442665576934814,-0.0574958473443985,-0.5685669779777527,0.7237982749938965,-1.5790717601776123,0.2550986111164093,2.0196595191955566,0.06806396692991257,0.3883263170719147,-1.1642065048217773,0.07226762175559998,1.7796138525009155,-0.04444338008761406,0.9693921208381653,-0.5104765892028809,0.8102399110794067,0.39517271518707275,-0.44983959197998047,-1.5345053672790527,0.462274968624115,-0.25785964727401733,-0.0022735940292477608,-0.3010731637477875,-1.385341763496399,-1.1412012577056885,-0.07168173789978027,-1.606569528579712,0.4691241383552551
0.5205439329147339,-0.4414953589439392,-1.5611016750335693,0.43866515159606934,0.6281622052192688,-1.0677742958068848,-0.9750413298606873,0.13117940723896027,-0.3514554798603058,1.064868450164795,0.4400937259197235,0.41758301854133606,-1.4736735820770264,0.9040755033493042,-0.5738145112991333,1.0498484373092651,-0.9285820722579956,0.9484724402427673,0.6053066849708557,0.2054859697818756,1.4966514110565186,-0.3864367604255676,-1.7594890594482422,0.19159367680549622,-0.7758054733276367,1.5472429990768433,0.7534558773040771,0.9686424136161804,-0.3751648962497711,0.04615657031536102,-0.08918111771345139,-0.7648642659187317,1.5792587995529175,-0.5787503719329834,0.5088350176811218,0.19964128732681274,0.732367753982544,-1.4628827571868896,2.264040946960449,-1.7333801984786987,-0.6699785590171814,-0.0023524919524788857,0.6162248253822327,-0.6928582191467285,0.8202828168869019,0.7288609147071838,0.7423224449157715,1.301740288734436,-1.0983028411865234,0.5714392066001892
2.1548140048980713,0.3434450924396515,0.75325608253479,0.844347357749939,-1.1429308652877808,0.7591596245765686,0.8867523074150085,1.0836204290390015,1.4347354173660278,0.1962558627128601,0.09427013248205185,0.8375983238220215,1.3266247510910034,0.13455793261528015,1.9920470714569092,0.07862275838851929,-0.27428576350212097,0.8234443068504333,-0.266819566488266,1.1954880952835083,-0.02020496502518654,0.16594983637332916,1.1597199440002441,0.7467336058616638,0.2714018225669861,1.5854369401931763,0.013614857569336891,-0.2589886486530304,0.8376109600067139,1.0326783657073975,0.4199821650981903,0.4050111174583435,-0.24741190671920776,0.20161855220794678,1.0036224126815796,1.0454051494598389,-1.0165899991989136,2.1616950035095215,-0.5289677381515503,-0.420281320810318,1.6786860227584839,0.5816180109977722,0.4274790287017822,-0.8504958152770996,0.6223980188369751,0.7348324656486511,0.1799129843711853,0.05942218005657196,0.1275239735841751,-0.636229932308197
0.4598947763442993,-0.628244161605835,-0.48263019323349,-0.43569502234458923,0.5400954484939575,0.4223550856113434,-0.46775153279304504,0.3939262926578522,0.10646090656518936,1.0704318284988403,1.885493516921997,1.2224231958389282,1.205774188041687,-0.08000630140304565,-1.276034951210022,-0.5841338634490967,0.05748401954770088,0.6635953783988953,-0.7006372809410095,0.8628491759300232,-0.6217722296714783,-0.14632044732570648,-0.46500319242477417,-1.2360140085220337,1.16415274143219,-1.0247647762298584,-0.7255257964134216,-1.1776045560836792,0.9109392166137695,0.8024361729621887,0.19014550745487213,1.3679934740066528,-0.41059061884880066,-0.8401117920875549,-0.7667418718338013,0.7431012392044067,-0.7895780205726624,0.9139232039451599,-0.599751353263855,-2.542210340499878,-2.0820443630218506,-0.4816686809062958,0.26972588896751404,-1.1797431707382202,-0.35519203543663025,-0.2612936198711395,0.3390306234359741,-1.6349588632583618,-2.058819532394409,-0.6404232978820801
-1.4248700141906738,-0.215724915266037,-0.9735798239707947,-0.14868390560150146,0.6283687353134155,0.6673862934112549,0.1598481982946396,-1.038174033164978,-0.15675519406795502,0.1481979787349701,-0.3422604203224182,-0.42699679732322693,1.249341607093811,0.2631736993789673,-0.6617554426193237,-0.9635363221168518,0.26881644129753113,-1.8727766275405884,-0.958495557308197,0.15027332305908203,-0.15080325305461884,0.21305233240127563,0.07838726043701172,0.6358088850975037,0.9235587120056152,1.140386700630188,0.503749430179596,-1.4240716695785522,0.4541768729686737,-0.7287659049034119,-0.795411229133606,-0.8715594410896301,-0.42762210965156555,1.8567811250686646,-0.9714568257331848,0.9034108519554138,0.5493067502975464,1.0174312591552734,-0.6657366752624512,-1.0525795221328735,0.303811252117157,-0.9708738327026367,-0.13456305861473083,-1.1427232027053833,1.2778825759887695,0.2265690565109253,-0.3256518840789795,0.7806273102760315,0.08514225482940674,0.6386574506759644
1.7596391439437866,-0.25514593720436096,-1.8329582214355469,1.7953599691390991,0.4362891912460327,-1.0522565841674805,-1.4382447004318237,-0.18876835703849792,-1.3166824579238892,0.13450051844120026,-1.3025709390640259,2.0715556144714355,-0.7658880949020386,-1.3595647811889648,-0.09280804544687271,0.44448432326316833,-0.403989315032959,1.4936208724975586,1.5160837173461914,1.2955070734024048,-0.24154207110404968,1.599828839302063,-0.7301846146583557,-0.1096726506948471,-0.14178134500980377,0.888211190700531,-1.6251945495605469,-0.9225460290908813,-0.3718622922897339,0.5853468179702759,-1.4905145168304443,0.499666303396225,0.4078736901283264,1.4641835689544678,0.767943799495697,2.0307486057281494,-0.027907537296414375,-0.14459268748760223,0.5849409699440002,0.6826097965240479,0.11751759797334671,0.020370319485664368,-0.23185516893863678,-0.4598270356655121,0.013644740916788578,0.9544455409049988,1.786142349243164,1.4006662368774414,-0.31087154150009155,-0.9027752876281738
-1.0222598314285278,0.8941103219985962,-0.7003342509269714,-1.5220224857330322,-0.6572548747062683,-0.46777626872062683,1.0988526344299316,-0.0005418248474597931,0.5434923768043518,0.14407572150230408,0.36003798246383667,-0.6732988953590393,-0.9175238013267517,-0.9218325614929199,0.08258191496133804,1.1926246881484985,1.0472252368927002,-0.37828463315963745,-1.7515016794204712,-0.2931666374206543,-0.8456483483314514,-1.211582899093628,0.6846746206283569,-1.2021983861923218,0.16477835178375244,-1.3833895921707153,0.12609796226024628,0.06111304834485054,-0.7427423000335693,-2.2291927337646484,1.1127328872680664,-0.647016704082489,1.9668759107589722,-1.0069975852966309,-1.18419349193573,0.0572848916053772,0.15235470235347748,-0.17198681831359863,0.9354488849639893,-1.3196722269058228,-0.05832181125879288,-1.7625179290771484,0.22801823914051056,-0.6044570803642273,-1.2078016996383667,1.1525945663452148,1.7300068140029907,0.5281569361686707,0.9082651734352112,0.05976022034883499
0.7514342665672302,0.6288382411003113,-0.9188207983970642,-0.22953328490257263,0.6680539846420288,-0.9681506752967834,2.5207767486572266,-1.6750233173370361,-0.8677462339401245,1.389904499053955,-1.05960214138031,-0.3661101162433624,-0.37985092401504517,-0.21756920218467712,1.2976018190383911,1.2687331438064575,-0.6118890047073364,-2.624408483505249,-0.3756754696369171,-0.6224496960639954,0.4459975063800812,0.11072847247123718,0.5700531005859375,0.11621551215648651,-0.5939950942993164,-0.6293488144874573,0.2731646001338959,0.027291500940918922,-0.12974654138088226,-0.005124160088598728,-0.23867520689964294,-2.1796529293060303,0.5896955728530884,0.3588084280490875,-0.07613850384950638,-0.9664480686187744,0.19110894203186035,-0.507327675819397,-0.05648083984851837,-0.6355029940605164,1.2988440990447998,-0.6128506660461426,-2.342343807220459,0.6827476024627686,-0.2346828579902649,0.362740695476532,-0.9277717471122742,-1.0487762689590454,2.0983986854553223,0.5794682502746582
-0.3815300166606903,-0.49428418278694153,-0.7007959485054016,-0.22495140135288239,-0.5058081746101379,-1.0255271196365356,-1.0331789255142212,0.08811178058385849,0.7441847324371338,-0.5284419059753418,-0.013474014587700367,-1.1999831199645996,0.9341073632240295,0.8287685513496399,-1.0546408891677856,1.101876139640808,0.5005248188972473,-0.4471806585788727,-0.0014721648767590523,-0.23740048706531525,0.19268815219402313,0.22141830623149872,-0.2543814778327942,1.6138392686843872,-0.6700640916824341,0.2842870056629181,-0.6256203651428223,-0.09856235980987549,0.9538627862930298,-0.3645693361759186,0.9096983671188354,-1.2040154933929443,-0.31443318724632263,1.9627288579940796,1.4818960428237915,-1.0911476612091064,1.9148693084716797,0.1557459980249405,-0.8631930351257324,-0.28662145137786865,-0.8714544773101807,0.42268016934394836,-0.3768251836299896,-1.0863585472106934,0.19872906804084778,-0.6910463571548462,0.24279092252254486,0.675922155380249,-0.1913076490163803,-1.005997657775879
-0.9338640570640564,-0.6753584146499634,0.03993019461631775,-0.8419433832168579,-0.9465591311454773,-0.10710033774375916,0.1415635198354721,-0.4603135883808136,2.329209804534912,-1.2920315265655518,1.0434603691101074,1.8161706924438477,0.5811826586723328,-0.047275640070438385,0.9863526821136475,-1.8576754331588745,0.122965507209301,-0.38128146529197693,-0.6574370861053467,-1.633070945739746,-0.2369597852230072,0.6041152477264404,1.1365151405334473,-0.4665522575378418,-1.3180389404296875,-0.26121973991394043,0.1817975491285324,-0.37496715784072876,1.4528533220291138,0.003511341754347086,-0.9235670566558838,0.1495116651058197,-0.21587353944778442,-0.19824501872062683,0.6241095066070557,1.8553991317749023,-0.46931785345077515,-0.5322481989860535,-0.7472092509269714,0.16215330362319946,1.139408826828003,0.7384598851203918,-1.7082253694534302,0.9374495148658752,-1.1008540391921997,-0.14529146254062653,-0.7191263437271118,-0.33598875999450684,0.6759591698646545,-0.6079021096229553

Slice 2
1.3523417711257935,0.32754483819007874,-0.9582279920578003,0.2658647298812866,0.06036296486854553,1.227494716644287,-0.004879945423454046,-0.14450670778751373,1.9851758480072021,-0.8312953114509583,-0.6807668209075928,-0.7312912344932556,0.710315465927124,-0.4177219867706299,0.4778392016887665,0.5188946723937988,-3.1185693740844727,0.24681788682937622,1.6541800498962402,-0.5535256862640381,0.8421353697776794,2.0355451107025146,-0.29646560549736023,-0.35137248039245605,-1.3315132856369019,0.8801982998847961,-0.3860558867454529,0.8760011196136475,-1.4488122463226318,-0.5231019854545593,1.1022119522094727,-1.4490076303482056,-0.7042064070701599,-0.06180328130722046,1.5418829917907715,0.44251006841659546,-1.420797348022461,-0.26337867975234985,-1.4541345834732056,-0.8303695917129517,1.091065764427185,-1.8186150789260864,-0.8024749755859375,-0.33753299713134766,-0.7644757628440857,-0.028475075960159302,0.0016629345482215285,-0.8669235110282898,0.8125936985015869,0.16626670956611633
1.0242445468902588,-0.8237094283103943,-1.4086570739746094,-0.11503509432077408,-1.3263592720031738,-0.6303890943527222,-0.8166654706001282,-1.8746025562286377,-0.7430931329727173,-0.9000527858734131,-0.7822093963623047,1.802512526512146,0.08968130499124527,0.8099360466003418,0.636559784412384,1.3308030366897583,0.14495989680290222,-0.791925847530365,0.5870449542999268,0.8938907384872437,0.3805815279483795,0.36646151542663574,-0.8714292049407959,0.5709171295166016,0.4677654802799225,0.5369570851325989,0.8107973337173462,0.6919430494308472,0.2609592080116272,0.6558598875999451,1.2000930309295654,0.20424947142601013,-0.9216497540473938,-1.1495239734649658,0.08206377178430557,0.09315045922994614,0.8306952118873596,0.41792720556259155,0.21871615946292877,0.8962581753730774,1.1856091022491455,0.9814302921295166,0.661664605140686,-0.264873206615448,1.7845797538757324,-0.08845961093902588,-0.6481288075447083,0.16885538399219513,0.00897027738392353,-0.905825674533844
1.09934663772583,0.9882501363754272,-0.1843366175889969,1.283147931098938,-0.7591753602027893,0.5283304452896118,-0.8393106460571289,0.10917571932077408,0.37754732370376587,0.6100794076919556,-0.6764745712280273,-0.8032841682434082,0.634208619594574,0.5726742148399353,1.8102622032165527,-1.155916452407837,-1.260438084602356,-1.3403398990631104,-0.19102077186107635,-0.6293359398841858,0.9578236937522888,0.7017478942871094,0.6673538088798523,-1.664155125617981,0.0756213590502739,-0.4309808015823364,0.13878341019153595,-1.306475281715393,0.22105669975280762,-1.0762786865234375,0.7046728134155273,-1.2893816232681274,-0.6918219923973083,0.17262320220470428,0.7923262715339661,0.14584076404571533,1.0091477632522583,0.7699027061462402,-1.312257170677185,-0.711758017539978,2.6244735717773438,-0.15270006656646729,-0.6240568161010742,1.8784501552581787,-0.5951788425445557,-0.18080666661262512,1.2403990030288696,1.2001893520355225,-0.3865980803966522,0.9713271856307983
0.7349292635917664,-0.23112402856349945,-0.4915885031223297,1.8441771268844604,0.3568301200866699,-0.464072585105896,0.8370885848999023,0.618799090385437,0.7695077657699585,-0.30522027611732483,1.8330901861190796,-0.44070252776145935,0.6355913281440735,-1.2631711959838867,-0.6437522172927856,0.5038495659828186,-1.6272718906402588,-1.523303508758545,0.9721388220787048,0.8105430603027344,-0.18932250142097473,0.9248189926147461,1.5158485174179077,-0.7776119112968445,0.03038160316646099,-0.4404994547367096,-0.6823369264602661,-1.094559669494629,-1.688180685043335,-0.9564893245697021,-0.9181124567985535,-1.304668664932251,-0.6282310485839844,-0.34927991032600403,-0.4899936318397522,0.733629584312439,-1.1734167337417603,-0.8545930981636047,-0.9419683814048767,2.642024278640747,0.0519743412733078,0.22302860021591187,2.0077598094940186,0.9337217807769775,-1.016109824180603,0.5990131497383118,0.06269752979278564,-0.5787672400474548,0.7980750799179077,-0.08911024034023285
0.6121087074279785,1.5639079809188843,-0.5184367299079895,0.5704843997955322,-1.438785195350647,0.1415739208459854,0.6632790565490723,-0.4084872007369995,0.15973787009716034,0.771389901638031,-0.48946091532707214,-0.43741482496261597,-0.29745692014694214,-0.4217035174369812,1.0678762197494507,1.087073802947998,-0.005725869908928871,-0.11922141164541245,0.4171726703643799,-0.31570354104042053,-1.3249907493591309,1.1743803024291992,-0.1979169398546219,-0.7125222086906433,0.9359892010688782,-1.39376699924469,-1.649181604385376,-0.35494446754455566,0.8282456398010254,0.1860339343547821,1.1795074939727783,0.3089987337589264,-0.9324074983596802,0.5737640857696533,0.38438162207603455,0.5196911692619324,0.09409341216087341,-0.06454600393772125,0.6985698938369751,-0.7939188480377197,1.4000338315963745,-0.19047540426254272,-0.9264428019523621,-0.31897786259651184,0.0985136330127716,-0.4910409152507782,-1.17582106590271,0.6194407343864441,0.5979095101356506,0.9394022822380066
-0.6201130151748657,-0.5399276614189148,-0.4897107481956482,-2.3315746784210205,-0.2768547534942627,-0.4270729422569275,0.19471748173236847,-0.3026842176914215,0.1125054880976677,-1.4363183975219727,0.22917427122592926,-0.14158296585083008,-1.1694732904434204,0.8571565747261047,1.3171427249908447,-0.6079422235488892,-0.8010990619659424,-0.7887497544288635,0.46301865577697754,-1.3641997575759888,-0.10448850691318512,-1.5158206224441528,-0.08945585042238235,-0.808010458946228,-0.7817313075065613,-0.7101059556007385,-0.3633304238319397,-1.2112294435501099,1.1793125867843628,0.8196802139282227,-1.920697808265686,0.5244451761245728,-0.2086627185344696,1.3622729778289795,0.02940913662314415,-0.6869432330131531,1.9329959154129028,2.0014634132385254,0.6278697848320007,1.703667163848877,-1.5922878980636597,0.6924477815628052,2.1583609580993652,0.5706695914268494,-0.5151748061180115,1.5472406148910522,-0.3252508342266083,1.0390820503234863,0.2677554488182068,0.3918614983558655
-0.33253976702690125,0.45117026567459106,0.6223809123039246,-0.8660691380500793,0.5437720417976379,-0.8029847741127014,0.2971396744251251,-0.1504591703414917,1.0627985000610352,-0.5071848034858704,1.986628532409668,1.0552113056182861,-0.045282032340765,0.8220586180686951,0.17746096849441528,-0.6368381977081299,-0.5427429676055908,1.2384774684906006,0.66351717710495,0.533706545829773,-0.3837037682533264,1.030487060546875,1.082853078842163,0.43887579441070557,1.1444618701934814,0.9317612051963806,0.1925874799489975,-1.2349921464920044,0.30726638436317444,0.6140252947807312,1.0633611679077148,-0.4859113395214081,-0.022981908172369003,0.6216830611228943,0.030324161052703857,0.29660776257514954,0.1729263812303543,0.5778697729110718,0.19323547184467316,0.3890549838542938,-1.4122637510299683,0.9162726402282715,0.013891641981899738,-0.362843781709671,0.9914612770080566,-0.5343855023384094,0.4414623975753784,0.8825727105140686,0.37134450674057007,0.002504355739802122
1.378955602645874,0.02840309590101242,0.5040839910507202,0.675635814666748,-0.8929519653320312,1.1140482425689697,-0.46633341908454895,-0.9007890224456787,0.3756403923034668,0.5625738501548767,-0.05974670872092247,-1.1555607318878174,-1.1248914003372192,0.4511878490447998,0.8911762833595276,-0.4414052367210388,0.008023199625313282,0.07528182119131088,0.4935190677642822,0.8847408890724182,-0.8291754126548767,0.062442440539598465,-0.5672082901000977,0.10033878684043884,0.9201779365539551,1.239715814590454,0.8942345976829529,1.0214791297912598,0.8641598224639893,-1.128365397453308,-1.0870217084884644,-0.6666579842567444,-0.7520458102226257,-0.9215030670166016,-0.4845796525478363,-1.6591042280197144,0.8625059723854065,-1.6261870861053467,-0.14312519133090973,-0.034067101776599884,1.5389631986618042,-0.010328716598451138,-0.31412288546562195,-1.3785043954849243,-1.0260703563690186,-1.4023680686950684,-0.08268281817436218,-0.2811441719532013,-1.3873491287231445,-0.0985196903347969
-0.03323967382311821,0.6951655745506287,0.21891653537750244,0.1305183470249176,-1.2624017000198364,0.3174594044685364,1.1092747449874878,-0.760663628578186,0.6646605134010315,-0.021545374765992165,0.10167362540960312,0.23722150921821594,-0.6411334872245789,1.8436630964279175,-1.5603818893432617,0.954075276851654,-0.5335679650306702,-1.053648591041565,1.8181521892547607,-0.6903117895126343,0.7683711051940918,1.2412456274032593,-0.5703960061073303,-0.07033947855234146,0.4735754430294037,-0.2661633789539337,-0.8690674304962158,-0.639062225818634,-0.4354219138622284,0.2294287532567978,0.7140417098999023,0.008622884750366211,-0.161677286028862,-1.4700192213058472,-1.0799236297607422,1.4258686304092407,0.2447081357240677,-0.4427280128002167,0.30612584948539734,-0.030978059396147728,0.8533394932746887,0.07970020174980164,-0.47353070974349976,0.08661704510450363,0.3785419762134552,-0.7328243255615234,1.0201150178909302,-0.5955101251602173,1.3899544477462769,1.4740574359893799
-0.8699809312820435,0.8090857267379761,-0.0014507729792967439,0.9515137672424316,-1.7810126543045044,-0.3783254027366638,0.15096928179264069,-0.7273930311203003,-0.9500306248664856,1.6699199676513672,-0.42911502718925476,0.2598969638347626,1.5244039297103882,-1.0198179483413696,0.1531040072441101,-0.7194391489028931,1.4178153276443481,-0.3998458981513977,-0.6760398745536804,0.9681848883628845,-3.2240757942199707,0.34034204483032227,0.39381590485572815,-0.6331262588500977,0.04634474590420723,-0.3741346597671509,-0.6471179723739624,-0.5984050035476685,-0.44813936948776245,0.16841819882392883,-1.324665904045105,1.6137723922729492,-1.8673913478851318,-0.771321713924408,0.3925490379333496,-0.5511451363563538,0.08659697324037552,-1.9645932912826538,-0.27789679169654846,0.15635521709918976,0.45594149827957153,0.3480798602104187,0.13612692058086395,1.893104910850525,-0.48551517724990845,0.20500609278678894,-0.9597317576408386,-2.1289801597595215,-1.2189087867736816,1.3199290037155151

Slice 3
1.0301774740219116,1.014320731163025,0.44755470752716064,-0.027566345408558846,-1.4146811962127686,0.5939798951148987,0.6768515706062317,-0.7645476460456848,1.3619500398635864,-0.13869842886924744,-1.0304474830627441,-0.21037282049655914,0.5495920777320862,-0.9864089488983154,-1.0629756450653076,-1.2989730834960938,-0.7623717188835144,-0.27527815103530884,-0.4183822572231293,0.09050872921943665,-0.3199304938316345,0.2457246333360672,1.2447011470794678,-0.31523215770721436,0.5808255672454834,-0.4148235321044922,-0.7050546407699585,1.2762389183044434,0.5110770463943481,0.5732890367507935,0.8394818902015686,1.3374543190002441,0.4949202835559845,-0.7788994312286377,0.6489807367324829,-0.03268483281135559,-0.42261189222335815,-1.1346625089645386,-1.908327579498291,-0.3669610917568207,-0.9624324440956116,1.081505298614502,-0.6437981724739075,0.03561079874634743,-0.4482182562351227,-0.918293833732605,-1.7368050813674927,-1.0477888584136963,0.6958388090133667,-0.06710770726203918
-2.2395594120025635,-1.2013028860092163,1.0927737951278687,-1.5839688777923584,0.7222743630409241,-0.564160943031311,-1.114517092704773,1.2015870809555054,-0.4130024015903473,-0.6285274028778076,-0.2408541887998581,-0.2511979937553406,-1.5386059284210205,1.2226619720458984,0.266252726316452,-0.032761041074991226,0.28191235661506653,-0.2238246202468872,-1.2185602188110352,1.457750678062439,-1.1545051336288452,0.3534572422504425,1.0439125299453735,-0.5547212958335876,0.008177016861736774,1.1768815517425537,0.23552189767360687,-0.7586436867713928,-0.20215851068496704,-0.19900308549404144,-0.216047003865242,0.4407196640968323,0.6372016668319702,0.16275741159915924,0.6489198207855225,0.4844958782196045,0.23474524915218353,0.7107194662094116,0.3120994567871094,-0.820411741733551,1.0697256326675415,0.30064064264297485,1.0319108963012695,0.27592313289642334,0.9163816571235657,1.1361116170883179,0.5355641841888428,1.6574771404266357,0.02365298755466938,-1.1688928604125977
-0.5428621768951416,-0.2960127592086792,-0.7176930904388428,-0.5143107771873474,-0.08501753211021423,-0.0023370678536593914,2.0307908058166504,2.4421310424804688,0.8818934559822083,-0.9456530213356018,0.4245198369026184,-0.11002284288406372,-0.11157233268022537,0.3885989189147949,-1.3354907035827637,-0.8742324113845825,-0.8044363260269165,0.44777509570121765,-0.572581946849823,0.12588466703891754,-0.1478562206029892,2.4501028060913086,-0.2327440232038498,-1.2161728143692017,0.011057570576667786,0.8477723002433777,-0.1605125516653061,-1.1104904413223267,0.5890546441078186,-0.44814395904541016,0.07492225617170334,0.6479130387306213,-1.2589138746261597,-0.6544397473335266,0.008329492062330246,-0.2497812807559967,-0.8311967253684998,-0.8742357492446899,-0.4925789535045624,-1.0725282430648804,0.12583966553211212,0.9797430038452148,0.8283449411392212,1.303071141242981,-0.40026843547821045,0.7848556637763977,0.7535101771354675,1.1866799592971802,1.5369768142700195,0.08538931608200073
-1.4663007259368896,-0.1532297134399414,-1.3794975280761719,-0.46634334325790405,0.5710935592651367,0.361449271440506,0.948501467704773,-0.06890838593244553,-1.2966700792312622,0.2819952964782715,-2.7647879123687744,-0.7785239219665527,-1.5793994665145874,-0.549926221370697,0.4172244668006897,-0.6184858083724976,-0.8167532682418823,1.6370878219604492,-0.2800774574279785,-1.7019692659378052,1.3992512226104736,-0.44860997796058655,0.040638864040374756,1.469191074371338,0.5182719826698303,0.37176045775413513,1.7954740524291992,-2.405794382095337,-1.523577094078064,0.002123496728017926,0.7505185604095459,0.7875480055809021,-0.6627249121665955,2.44028639793396,1.383212924003601,-1.1203161478042603,-0.7593733668327332,-0.11565662175416946,-1.171877384185791,1.1044994592666626,0.8458302021026611,-0.4077833890914917,-0.6808789968490601,1.1098090410232544,1.1607329845428467,1.572934865951538,-1.4422423839569092,-1.0885289907455444,-0.7991325855255127,2.134908676147461
-0.2718743681907654,-0.7355090379714966,0.23768381774425507,0.028257062658667564,2.5923619270324707,0.8181268572807312,-1.3025856018066406,-1.7258747816085815,0.5615555047988892,-0.7027912139892578,0.6281017661094666,-1.0061590671539307,0.1630343198776245,0.8656575679779053,0.9410119652748108,0.12963752448558807,0.3978533446788788,0.724563717842102,-0.14507590234279633,-1.636732816696167,-0.9201304316520691,-0.935120701789856,0.464901328086853,0.13676448166370392,1.3693827390670776,0.8465576767921448,-0.07972197979688644,-1.3632128238677979,-0.5881796479225159,-1.212782621383667,-1.2517684698104858,-0.7430636286735535,0.15364165604114532,1.0160717964172363,-0.6503514647483826,0.48175761103630066,0.12585479021072388,0.0553433895111084,0.5351765751838684,-0.8035873174667358,1.1300878524780273,0.3137945234775543,-1.5237078666687012,-0.9209915995597839,0.4252679944038391,-1.32693350315094,0.8094498515129089,-0.4486492872238159,-1.2828139066696167,0.8072741031646729
0.24797916412353516,-0.0246301107108593,0.9397053718566895,0.7480711936950684,-0.12199197709560394,-0.06989774107933044,-0.636963963508606,0.49572449922561646,-0.034566327929496765,-0.8142021894454956,-0.589231550693512,-0.9082103967666626,0.7904978394508362,1.0430117845535278,-2.1417882442474365,1.107822060585022,-1.6801841259002686,-0.4106956720352173,0.7396419644355774,0.6145793199539185,-0.3422189950942993,-0.023903658613562584,1.0281600952148438,-0.5980938076972961,-1.156036376953125,0.32559964060783386,-0.2963823080062866,1.168065071105957,1.4281569719314575,-0.8115838170051575,0.019458157941699028,0.3628827631473541,0.7388318777084351,0.5254148840904236,0.5290732979774475,-0.9708072543144226,1.8249880075454712,0.8854920268058777,-0.12801304459571838,-0.5943633317947388,1.0462472438812256,1.1406534910202026,-2.1623964309692383,0.6100327968597412,0.8127740025520325,-1.2265019416809082,0.12458094954490662,-1.0603339672088623,0.39221999049186707,-0.08298928290605545
1.18744957447052,0.6247882843017578,0.9684509634971619,2.4472904205322266,1.1768686771392822,0.0865144208073616,0.9669337272644043,0.031282324343919754,-0.5369821190834045,0.11618583649396896,0.016550561413168907,0.8893880844116211,0.757253110408783,0.6081357002258301,0.18493172526359558,0.3089773654937744,0.5559797286987305,0.4479435086250305,1.6641499996185303,0.6414328813552856,1.2364407777786255,0.4820621907711029,0.13764415681362152,-1.2817721366882324,-0.8406109809875488,0.45504894852638245,-0.40123316645622253,0.1463233232498169,-0.16095015406608582,-0.7722585797309875,0.4621826112270355,-0.8643390536308289,1.1332619190216064,-0.2778613567352295,-1.6131231784820557,-0.8854390382766724,2.3334269523620605,0.666038990020752,0.48921021819114685,0.3862583041191101,0.6504001617431641,-0.5288071036338806,-0.08537302911281586,0.9968134164810181,0.984400749206543,-0.06217050924897194,-0.46186602115631104,-0.20282259583473206,1.3470443487167358,-0.8772823214530945
-1.4137098789215088,-1.5985395908355713,-0.749965488910675,0.281591534614563,0.5236762166023254,-1.4303042888641357,-1.531179666519165,0.2334396094083786,0.8665271997451782,0.03264416754245758,-1.810774803161621,-0.17608900368213654,-0.15117785334587097,1.0354262590408325,-0.5500725507736206,-0.06956293433904648,-0.6419658660888672,-0.4152284860610962,1.602695345878601,-1.1383475065231323,-1.1463136672973633,-0.9154141545295715,-0.6525362730026245,-1.0724869966506958,-0.18275748193264008,-0.11334064602851868,1.4051706790924072,-1.0738675594329834,-1.3102035522460938,-0.7103037238121033,1.4677448272705078,1.0538442134857178,-1.7232602834701538,0.7189594507217407,-0.041619107127189636,-0.29882290959358215,1.1471632719039917,-0.43504798412323,-1.8037058115005493,1.1769572496414185,0.32982099056243896,-0.9294827580451965,-0.15412938594818115,0.8713840842247009,0.28260135650634766,0.3182372450828552,-0.8719677925109863,0.40160664916038513,-0.604333758354187,-0.35991403460502625
0.12226235121488571,-0.5015808343887329,0.9727450013160706,0.5329909324645996,1.0568071603775024,-1.348626732826233,0.4795708656311035,-1.195831298828125,1.0867723226547241,-1.0646390914916992,-0.7452194094657898,0.4360556900501251,0.6222042441368103,-0.2552338242530823,0.07793562859296799,-0.19089683890342712,-0.7483002543449402,0.8548740148544312,0.15962396562099457,-0.4825946092605591,1.0122320652008057,-0.05793698877096176,-0.35932713747024536,0.17304947972297668,1.078855037689209,-0.2541366219520569,0.6286381483078003,0.4879710078239441,-0.09218194335699081,-0.8211206793785095,0.19679631292819977,-0.20565065741539001,0.016701597720384598,0.4621337652206421,-0.2995760142803192,-0.17631229758262634,1.0515995025634766,0.1778983473777771,-0.608099102973938,0.2245037853717804,-0.6435304284095764,-0.5605487823486328,0.045617371797561646,-0.5743067264556885,-0.7023972272872925,0.2552352249622345,-1.800473928451538,0.8841981887817383,-0.29460641741752625,0.4533425271511078
0.5236979126930237,-0.7632501125335693,0.7070061564445496,0.050294652581214905,0.14364834129810333,0.4363540709018707,0.698552131652832,-0.04519663378596306,-1.005289077758789,-1.0251630544662476,-0.20989228785037994,-2.0108139514923096,-0.2284214198589325,-1.0925108194351196,0.377204954624176,-1.5367361307144165,-0.15939684212207794,1.1104894876480103,-1.0387787818908691,-1.959089994430542,-0.618964672088623,-0.33903422951698303,3.0485188961029053,-0.06510088592767715,0.017675381153821945,-0.9891948103904724,0.13729427754878998,0.3125578761100769,0.3576260209083557,0.1349642276763916,-0.6608344912528992,-0.5669193863868713,1.081179141998291,0.18080304563045502,0.20535941421985626,0.9191180467605591,0.42370471358299255,-1.518903374671936,0.6064659357070923,-0.30149707198143005,-0.07198044657707214,0.6722618341445923,0.41266587376594543,0.2177567034959793,-0.8635971546173096,-0.23135340213775635,1.0740445852279663,0.882760226726532,-0.32999271154403687,-0.009551048278808594

Slice 4
1.1512935161590576,-0.22205081582069397,-0.5667136907577515,0.41085779666900635,-0.3910110294818878,0.15758992731571198,1.0159788131713867,-1.0666680335998535,0.8449118137359619,0.8869360089302063,0.07624543458223343,-0.5065967440605164,-0.6799210906028748,-0.9958675503730774,-1.197394847869873,-0.8059894442558289,1.1078394651412964,0.20360934734344482,-0.1348205953836441,0.15463846921920776,0.3636314272880554,-0.3180772662162781,1.4629086256027222,1.3689961433410645,-0.8150959610939026,-0.1287287026643753,0.2958556115627289,-0.9941611886024475,-0.47786691784858704,1.0427215099334717,-1.2317256927490234,0.18682029843330383,-0.08499947935342789,-1.068335771560669,-0.9560666680335999,0.9093932509422302,0.5123580098152161,0.7475744485855103,0.054150864481925964,-1.2599072456359863,-0.2867416739463806,1.4939570426940918,0.942451000213623,0.10309384018182755,-0.3877808451652527,-0.9828251600265503,-1.2452614307403564,-0.2133183479309082,0.12706468999385834,0.7129820585250854
0.8729400634765625,0.015970395877957344,-1.5883471965789795,0.18353739380836487,0.019458774477243423,1.451931357383728,-0.012151152826845646,0.6249690651893616,0.3599725663661957,-0.8416808843612671,-0.35488805174827576,-1.2288835048675537,0.9156585931777954,1.239783525466919,-0.3016977608203888,-1.2694389820098877,-0.07429531961679459,0.3522918224334717,0.4399799108505249,0.7599489688873291,1.0851118564605713,-0.8515387177467346,0.2097499668598175,-0.07566888630390167,1.1611570119857788,0.46418094635009766,0.5915988683700562,-1.700717568397522,-0.777154803276062,1.0838830471038818,0.40998634696006775,0.4493022859096527,-0.2059042900800705,0.09477800875902176,0.5243136882781982,0.6289928555488586,-1.000715732574463,0.47727978229522705,0.570787787437439,0.0963381677865982,0.04232604801654816,0.22132256627082825,0.2160520851612091,0.2772887349128723,1.0062626600265503,0.9236660003662109,0.2625354826450348,0.1691049188375473,-0.7190670371055603,1.4814698696136475
1.5286695957183838,0.511038064956665,-0.1939951777458191,0.6175766587257385,-1.0279713869094849,-0.09507029503583908,-1.0691245794296265,0.1460946947336197,0.9772166609764099,-1.118635892868042,-1.6738617420196533,1.2175990343093872,-0.045589860528707504,0.5844864249229431,0.40385672450065613,-0.08012735843658447,-1.3629740476608276,-0.7142834067344666,-0.3153116703033447,-0.8697185516357422,0.6828690767288208,0.8675375580787659,-0.7612001299858093,-2.134477138519287,-1.2294498682022095,-0.20399147272109985,1.5678712129592896,-0.5656304359436035,-0.9736220240592957,1.715218424797058,0.42043405771255493,-0.08797332644462585,0.7997943758964539,-1.1390423774719238,1.7835402488708496,-0.8335673213005066,2.139113187789917,0.4888820946216583,-0.7634408473968506,-1.0757086277008057,0.3123815953731537,1.7462377548217773,1.1156188249588013,0.10279285907745361,0.16763637959957123,0.08694852143526077,-0.12189516425132751,-0.047570087015628815,0.9539355039596558,1.2174729108810425
-0.8685147762298584,2.2798125743865967,1.3244972229003906,-1.1032568216323853,0.7437601685523987,-0.33311927318573,-0.2067917287349701,0.9367337226867676,-1.6506083011627197,0.053982868790626526,-0.38234376907348633,1.1304372549057007,-0.220269113779068,0.7556262016296387,1.4893044233322144,1.404821515083313,1.5072340965270996,0.7455602288246155,0.5989142060279846,1.0466257333755493,0.16389881074428558,1.0332673788070679,-0.31145697832107544,-1.3740440607070923,2.236800193786621,0.5944041609764099,0.6317926049232483,-0.26108527183532715,1.0037249326705933,-1.365910530090332,-0.8785133957862854,1.2027888298034668,1.2862728834152222,0.6887488961219788,0.5652581453323364,0.3004746437072754,0.323598176240921,-0.9328756332397461,0.3700238764286041,2.157283067703247,-0.51942378282547,-0.7866739630699158,-0.19272029399871826,-0.8179848790168762,-0.21264982223510742,1.136398434638977,0.12320142239332199,-1.0987628698349,0.4026789963245392,-1.7058628797531128
-0.9641922116279602,-0.13105715811252594,0.2789624333381653,0.04672091081738472,0.08104954659938812,-0.14308126270771027,-1.0753962993621826,1.2182766199111938,0.10746406018733978,-1.1743876934051514,0.27545130252838135,-0.8452380299568176,0.5059143304824829,-0.476777583360672,-1.1095656156539917,1.7613506317138672,0.2964361011981964,0.888131320476532,-1.8943150043487549,-0.681296706199646,-0.6530345678329468,-0.4160837233066559,-0.9001381397247314,-0.8260641694068909,-0.3875080943107605,0.2549596428871155,0.14453549683094025,-2.0159006118774414,-0.3590286076068878,-0.03431899845600128,0.442928671836853,-0.11104035377502441,-0.8005783557891846,-1.3720146417617798,0.4471142888069153,-1.305368423461914,1.2927813529968262,-1.0409228801727295,-0.9237504601478577,0.4326919913291931,0.08637673407793045,0.3560631573200226,-0.031525444239377975,1.1148364543914795,-0.2766398787498474,0.8338297009468079,-1.7671440839767456,1.180404782295227,-1.1337294578552246,-0.47942712903022766
0.4205799102783203,-0.2138994038105011,-0.5270186066627502,2.2725815773010254,2.1148622035980225,0.8272133469581604,-0.4842706620693207,-0.6118167042732239,0.9919196963310242,0.22255776822566986,-0.3328152298927307,-0.20558160543441772,1.1019903421401978,-1.0838795900344849,-0.06174485385417938,0.3679906725883484,-0.29682457447052,1.503355860710144,-1.0969581604003906,-0.6927452087402344,0.07762343436479568,-1.6614185571670532,-1.1644792556762695,-0.08456848561763763,0.14052757620811462,0.284579873085022,0.0356777124106884,-0.9952574372291565,1.5663553476333618,0.12043219804763794,0.5456326007843018,0.514990508556366,-0.4898943305015564,-0.41971805691719055,0.9567564725875854,-0.04557836800813675,0.24749700725078583,0.3548663556575775,-0.5517266988754272,0.36343294382095337,-0.9949610829353333,0.6771739721298218,0.4559594988822937,0.14684128761291504,-0.20325297117233276,1.2444803714752197,-1.8320660591125488,-1.0527650117874146,0.17292481660842896,0.4539572298526764
0.3843296766281128,1.0005420446395874,0.41753995418548584,-0.4556804597377777,-1.3101261854171753,1.6004490852355957,0.14400935173034668,0.9895262122154236,0.9382396340370178,0.38973888754844666,-1.1681596040725708,0.27515876293182373,0.6682576537132263,0.7385505437850952,1.311284065246582,-1.262518286705017,0.06638310849666595,0.1329822689294815,0.49033668637275696,0.7028976082801819,-0.6885556578636169,0.6759201288223267,-0.6160324215888977,-1.8403441905975342,0.05143921077251434,-1.269920825958252,1.1553215980529785,-0.29683011770248413,-0.9995751976966858,-1.1229788064956665,-0.018587680533528328,0.8497301936149597,-0.5106146335601807,0.6954380869865417,-0.1678154319524765,0.5724460482597351,-0.9132490158081055,-1.143484354019165,1.030427098274231,0.5729184746742249,-0.19210754334926605,-0.644496738910675,1.6420339345932007,-1.412427306175232,0.6850156188011169,1.7978309392929077,-1.1205421686172485,-0.05914856493473053,-0.30968111753463745,-1.5634863376617432
-1.0709729194641113,-1.0266059637069702,-0.8540322780609131,0.38391244411468506,-1.23032546043396,-0.4700681269168854,-0.9944326281547546,1.0158658027648926,-0.5208981037139893,-1.332783818244934,-0.4052010774612427,0.5100914835929871,0.5302318334579468,0.6300218105316162,0.7653573155403137,-1.3829929828643799,-1.736559271812439,-1.6120930910110474,0.14403095841407776,-1.085893988609314,-1.3330471515655518,0.36610308289527893,-0.3417913317680359,-0.563746988773346,0.705268144607544,0.6334961652755737,0.9170915484428406,-0.39362233877182007,-0.8909168839454651,-0.7143563628196716,0.019501473754644394,-0.04588712751865387,1.1242653131484985,0.24095161259174347,-0.41546061635017395,-1.0054625272750854,-0.6333632469177246,-0.7260461449623108,-1.536529541015625,-0.1417408287525177,0.6372047662734985,-0.398063063621521,-0.8639289140701294,-0.5224527716636658,0.08816627413034439,0.43130430579185486,-0.25957557559013367,0.360703706741333,-0.3361249566078186,-1.0459609031677246
-1.4163674116134644,-0.4822048842906952,0.39032670855522156,0.24207426607608795,0.26413673162460327,-1.2284139394760132,0.43394070863723755,-0.6096903085708618,0.832490086555481,0.8611966967582703,-0.11691950261592865,-0.970102846622467,0.5258520245552063,0.1948644518852234,-0.5023938417434692,-2.345621109008789,-0.9945160150527954,-1.3216413259506226,-0.865350067615509,0.2102871984243393,-1.1396945714950562,0.002918933518230915,-1.6064988374710083,-1.1156913042068481,0.4509604275226593,-1.4238969087600708,-0.10916145890951157,0.5984165668487549,-0.36569610238075256,-0.6245392560958862,0.06592067331075668,0.7071938514709473,-0.38168856501579285,0.7999461889266968,-1.1373507976531982,0.03468944504857063,-0.8717831969261169,-0.31951409578323364,-0.752143919467926,-0.9357737302780151,0.7827757596969604,-0.14091403782367706,0.3760456144809723,-0.9467320442199707,0.9630432724952698,-0.7817075848579407,0.637933611869812,0.7282100915908813,0.14706692099571228,-0.5333962440490723
0.41257616877555847,0.08651012182235718,1.028290867805481,0.17645245790481567,0.057191964238882065,-0.031944286078214645,-1.5254143476486206,2.081641912460327,-0.14602522552013397,-1.2350841760635376,1.1673400402069092,0.7615416049957275,-0.5818403363227844,-0.5717474222183228,0.41285520792007446,-1.6797598600387573,-1.1495012044906616,0.07231584191322327,-0.2392047941684723,0.30327093601226807,-0.30350610613822937,0.3238079249858856,0.019585156813263893,0.21180295944213867,1.6867635250091553,-1.2740206718444824,-0.9046199917793274,-0.5293304324150085,-0.23581165075302124,0.7611793875694275,-2.344169855117798,0.13176913559436798,-0.9587936997413635,-0.8008111715316772,0.11344417184591293,-1.3059521913528442,1.4404159784317017,-0.586815357208252,-1.3999689817428589,-1.0561691522598267,-1.8117479085922241,0.417012482881546,-1.2551895380020142,-0.4193231165409088,-1.6465489864349365,-1.2310187816619873,-0.35592326521873474,-0.3999684751033783,0.03874712809920311,0.8089674711227417

Slice 5
-0.26087355613708496,-0.3055330812931061,-1.105666995048523,0.4519485533237457,0.3498341739177704,1.0364707708358765,-1.9515289068222046,0.5673063397407532,0.9736379384994507,-0.18824686110019684,-0.90412837266922,1.4596564769744873,-0.6617578864097595,-0.3226211667060852,1.6252962350845337,0.709465742111206,-1.9181681871414185,0.4788992702960968,0.5370500683784485,-0.9217984676361084,1.2684786319732666,-2.3947815895080566,-1.0717668533325195,0.1838369518518448,-0.8584882020950317,-1.0007826089859009,0.2845883071422577,0.2870829701423645,-0.9105788469314575,0.4411507546901703,0.5876004695892334,-0.8689594864845276,2.0559237003326416,-0.41190990805625916,1.600298285484314,-1.404856562614441,-1.0691378116607666,-0.21528606116771698,-0.3107166588306427,-0.25545480847358704,-0.22347314655780792,0.833416759967804,0.3899780809879303,-0.836554765701294,-1.8382219076156616,0.7064860463142395,0.9736709594726562,-1.2413009405136108,0.957123339176178,1.2862025499343872
-0.8867111802101135,0.7139933109283447,-1.4702470302581787,0.3311673402786255,0.3961486220359802,-0.46857911348342896,-1.9420045614242554,0.5064066052436829,0.39625924825668335,-1.8029870986938477,1.186120629310608,0.5569503903388977,-0.0008495037909597158,1.9180903434753418,-0.38762545585632324,-0.42506474256515503,1.0473053455352783,0.20173822343349457,0.3752651810646057,1.2425984144210815,-0.2606077194213867,0.47006955742836,1.0111109018325806,0.9804369807243347,0.3291029930114746,-0.48926809430122375,0.5919568538665771,1.971718192100525,-1.0835371017456055,-0.4933183789253235,0.1982627660036087,-0.6487749814987183,0.8179348707199097,1.0019066333770752,1.9609706401824951,0.9157777428627014,-0.6258038878440857,0.2285565733909607,0.4678587019443512,-0.9623852968215942,0.3282950818538666,1.411911129951477,-0.6006328463554382,-0.2856096625328064,0.3504115343093872,-0.5777286291122437,-0.48792651295661926,-1.128409504890442,-0.24831514060497284,0.1831391602754593
-1.234206199645996,-1.2783732414245605,-1.1100482940673828,0.733705997467041,0.6825178861618042,-0.28055238723754883,1.3523871898651123,-0.1371765285730362,-0.708260178565979,0.6298652291297913,-0.2794109284877777,0.6386665105819702,0.6368140578269958,-0.48039987683296204,0.46499234437942505,0.13286949694156647,0.9045076370239258,0.21791455149650574,-0.4142153561115265,-1.4201892614364624,0.4281170666217804,0.7294206619262695,-0.28574588894844055,1.1948117017745972,0.383743554353714,-0.4603128433227539,-1.2964130640029907,-0.06753337383270264,0.6566318869590759,1.820174217224121,0.3437897861003876,0.09561356902122498,0.5349186658859253,0.870050311088562,1.1348322629928589,0.5962925553321838,-0.6758328080177307,-1.4595202207565308,0.48812219500541687,-0.25838515162467957,1.2838259935379028,0.3887873589992523,-0.7095080614089966,-0.2702144682407379,-1.4087648391723633,-0.3452596664428711,0.45876365900039673,0.5900212526321411,-0.38882729411125183,1.4004404544830322
0.23339660465717316,-0.31644245982170105,-0.5745330452919006,0.9821261763572693,-0.5198193192481995,0.2648169994354248,0.11677007377147675,-1.1669492721557617,0.7918364405632019,-0.6107180118560791,1.7774022817611694,0.027048949152231216,-0.13144344091415405,-0.16207298636436462,-0.4141085743904114,1.4168033599853516,-1.1890342235565186,-1.318878412246704,0.41799336671829224,-0.3420017957687378,0.6967862844467163,0.727783739566803,1.8874961137771606,-0.16391047835350037,-1.1261928081512451,-1.3240164518356323,1.1590588092803955,0.6618461608886719,-0.590445339679718,1.6060222387313843,1.3672561645507812,-0.3501061797142029,0.1469283550977707,-0.4715985655784607,0.7312753796577454,0.7224029302597046,-0.569710373878479,-0.025589898228645325,-1.385797381401062,-0.8764458298683167,-0.735647439956665,0.9130299091339111,1.09181809425354,-0.32152774930000305,-1.2594947814941406,-1.0389257669448853,0.46638253331184387,-1.4092549085617065,0.5723159313201904,-1.2653900384902954
0.8532721996307373,0.11075516790151596,1.3450814485549927,-1.9640203714370728,-0.0011116137029603124,-0.28793323040008545,-0.8320869207382202,0.648963212966919,0.6469792127609253,-0.6416630744934082,-0.9038690328598022,0.5879436731338501,-0.6778846979141235,0.01256383303552866,-0.5153393149375916,-0.5097628235816956,-1.788231372833252,0.6509003043174744,-0.362431138753891,-1.4390907287597656,0.21356919407844543,0.515154242515564,0.5126312375068665,1.0036895275115967,0.21977929770946503,-1.3371589183807373,-0.3163745701313019,-0.9855496287345886,2.0454049110412598,0.029050087556242943,-0.7355677485466003,-0.9405715465545654,-1.627587080001831,0.007474862039089203,0.4146887958049774,-1.3895354270935059,1.5312304496765137,-0.7028995156288147,-0.958794891834259,-0.7906036376953125,-1.3178486824035645,0.7011698484420776,0.2596897780895233,-1.4158568382263184,1.3087397813796997,1.0982403755187988,1.4747527837753296,0.17566505074501038,0.03856842592358589,-0.3368034362792969
0.13339972496032715,-0.7621658444404602,-0.2376241385936737,0.033485062420368195,-0.21911396086215973,-0.34526363015174866,-1.1451528072357178,-0.1835353672504425,0.10482639819383621,0.6184474229812622,0.34568077325820923,0.7123428583145142,1.456223964691162,0.6890966296195984,0.01577327586710453,-0.05845210328698158,0.6169233322143555,-0.04532428830862045,0.7473576664924622,-0.9348853230476379,-0.7891358137130737,0.7939465641975403,-2.314606189727783,0.034396182745695114,0.8065831065177917,0.18049541115760803,-0.0616142675280571,1.6838228702545166,0.06655820459127426,1.183657169342041,0.5419015884399414,0.17644216120243073,0.764172375202179,1.5958484411239624,0.8673087358474731,-0.4841536581516266,-1.4527864456176758,0.10563411563634872,0.6873511075973511,1.0563322305679321,-0.3507770001888275,1.1171164512634277,-0.1584356725215912,0.09727711230516434,-0.7262079119682312,-0.5661721229553223,1.5415256023406982,-0.9576563835144043,-0.3309171199798584,-0.0725334882736206
-1.3603874444961548,-0.4527947008609772,-0.8776139616966248,0.1008511334657669,-0.6744105219841003,0.30899620056152344,-0.45928677916526794,-1.3252134323120117,-0.057534851133823395,-0.49725770950317383,0.7110751867294312,-1.5860379934310913,-0.10090142488479614,-1.4027682542800903,-0.2546246349811554,-1.444214105606079,0.6751112937927246,-0.9226074814796448,-0.9642964601516724,-0.7384862303733826,-1.6123849153518677,-0.7476277351379395,0.7248411178588867,0.28125935792922974,-0.391786128282547,-0.7790342569351196,-0.051194336265325546,-0.35386624932289124,0.013309993781149387,-0.20034359395503998,-0.14145413041114807,-0.05005573853850365,-2.654906749725342,-0.41704869270324707,0.014531484805047512,-0.31437814235687256,-0.18508945405483246,0.652829647064209,-0.4375266432762146,-1.1591426134109497,-1.4231590032577515,0.7889243364334106,0.858344316482544,-0.3284056484699249,-0.20876486599445343,-0.129850834608078,-0.36773237586021423,-0.654546856880188,-0.016917318105697632,-0.5522018671035767
-0.9602808952331543,-0.3786081075668335,-0.5739498138427734,0.44564539194107056,0.7423775792121887,1.4972059726715088,-0.7516632080078125,-1.02706778049469,1.7262619733810425,0.6744033694267273,-2.1271824836730957,-1.1377294063568115,-0.5245100855827332,0.5167637467384338,1.5888665914535522,1.0281617641448975,0.5091338157653809,-0.5681672692298889,-1.7364885807037354,-0.47644340991973877,-0.05174069479107857,-0.10404283553361893,-0.18206168711185455,-0.6338409781455994,0.5084987878799438,-1.2442301511764526,1.9930986166000366,-1.149162769317627,-1.0062875747680664,0.10705561935901642,-1.4978646039962769,-1.583927035331726,0.013577432371675968,1.3294055461883545,1.260217308998108,1.6022436618804932,1.1374205350875854,0.9087703824043274,-0.21627801656723022,0.2736184298992157,0.07912842184305191,-0.17861564457416534,-0.5865842700004578,-1.9639010429382324,0.14329220354557037,-1.2896331548690796,-1.931321382522583,-1.2492096424102783,1.8334314823150635,-0.650519073009491
-0.32137173414230347,-0.5290513038635254,0.5803840756416321,-1.0379443168640137,-1.7681993246078491,0.967939555644989,0.923126757144928,0.2988230288028717,0.7763987183570862,-1.2820634841918945,-0.7613145112991333,-0.22596263885498047,-1.290575385093689,-1.3550769090652466,0.3449532985687256,-1.4691096544265747,0.2762945592403412,-1.1452099084854126,1.8125005960464478,0.858981728553772,-0.19463616609573364,0.24763280153274536,0.9965851902961731,0.9746103286743164,-1.1816915273666382,-0.4639834463596344,-2.764740228652954,0.7093029618263245,0.6430807709693909,2.337430953979492,-0.5674638748168945,-0.4753279387950897,0.6477568745613098,-1.4165457487106323,-0.6968593597412109,1.179826259613037,1.188726782798767,0.5857378244400024,-1.485968828201294,-2.0346832275390625,1.1259710788726807,-0.009925220161676407,0.4227381944656372,0.5418731570243835,-0.3016972839832306,1.110304355621338,1.5600097179412842,0.2708633840084076,0.7876176238059998,-0.5041971802711487
-0.6298958659172058,1.3208463191986084,0.25412866473197937,0.18657632172107697,-0.020228656008839607,1.6568779945373535,0.5845375061035156,-0.40703335404396057,1.6150567531585693,0.45384183526039124,0.6825896501541138,-0.13519059121608734,2.5278031826019287,1.4685087203979492,0.5900733470916748,0.542853057384491,2.1838619709014893,-0.39501115679740906,1.7649058103561401,1.469628095626831,-0.39163005352020264,1.3315861225128174,-0.4625927209854126,-1.1655282974243164,-0.24070271849632263,-0.34162917733192444,0.5666017532348633,-0.8992329835891724,0.7165798544883728,1.5141247510910034,-1.5923041105270386,-1.1411314010620117,-0.4426848292350769,-0.6565302610397339,-0.3291320502758026,0.30798667669296265,0.9353389143943787,2.1349992752075195,0.15796948969364166,0.44937387108802795,2.35333251953125,-1.0701000690460205,0.21863089501857758,1.240518569946289,1.070364236831665,-0.8986104130744934,0.0837450698018074,-0.033948495984077454,1.9117176532745361,-0.932983934879303

Slice 6
-1.4657105207443237,1.4308358430862427,0.8416804671287537,-1.0492879152297974,0.6279363632202148,0.07091692090034485,-0.5560915470123291,-1.083836555480957,0.4345899522304535,-0.3042997419834137,-0.30003657937049866,-1.7722896337509155,0.40442460775375366,-0.07062113285064697,-0.5565062165260315,0.42127087712287903,-2.1885902881622314,-0.3487797677516937,-0.1500207781791687,-0.9120821356773376,-1.1259093284606934,-0.4903737008571625,0.1559852510690689,1.3735804557800293,1.594844102859497,0.6410908102989197,-1.7274593114852905,-0.18861430883407593,-1.3762831687927246,-0.016417374834418297,-2.5866708755493164,0.4393816590309143,-1.150658130645752,0.2511182129383087,-0.8330898284912109,-1.9591724872589111,0.847680926322937,0.17090928554534912,-1.20491623878479,0.37153360247612,0.277807354927063,-0.2859744727611542,-1.4860343933105469,-0.6069757342338562,-0.709327220916748,0.08909808099269867,0.013346347026526928,-0.133362278342247,-0.7430942058563232,1.5060033798217773
0.8101696372032166,-0.08195934444665909,0.3989173173904419,0.6487123966217041,0.32615700364112854,0.7157224416732788,0.20570389926433563,-0.6438671350479126,-0.2805645763874054,-0.016961948946118355,-0.6058619022369385,0.17326466739177704,1.0003118515014648,-1.0488888025283813,0.41779884696006775,0.655916154384613,0.09757829457521439,-0.11857855319976807,-0.14264541864395142,0.6261557340621948,-0.7708950638771057,-0.04193122312426567,0.37642064690589905,0.1143341213464737,-0.257927268743515,0.23231855034828186,0.5874059200286865,-0.4184214770793915,-0.08509188890457153,0.008640481159090996,1.0963053703308105,-0.8218947649002075,1.103405237197876,0.4806668162345886,1.5208165645599365,0.6065342426300049,-1.7296549081802368,0.07646862417459488,0.6591314077377319,-1.5666898488998413,-1.046929121017456,2.34161376953125,1.2020350694656372,0.2362339347600937,0.3475470542907715,1.1219878196716309,-1.2115474939346313,-1.8657196760177612,0.4122682213783264,-0.5917578935623169
0.9678908586502075,0.7284632921218872,0.0013415535213425756,-0.6339705586433411,0.6489452719688416,-0.47665196657180786,-1.234104871749878,-0.47165271639823914,1.8079917430877686,-0.055367518216371536,0.17003269493579865,0.5064636468887329,0.9501698613166809,0.3531405031681061,-1.7179728746414185,-0.26634278893470764,-0.9966825246810913,1.6111406087875366,0.8531135320663452,3.3140552043914795,-0.7893993258476257,1.1703381538391113,1.3734750747680664,-0.07142382860183716,-0.954696774482727,1.652477741241455,-0.4606002867221832,0.18654604256153107,-0.4207102954387665,-0.4607129693031311,-1.257040023803711,-1.1117206811904907,0.20409005880355835,-0.3409866988658905,1.7237335443496704,0.5170103311538696,-0.943476676940918,-0.7375301122665405,-0.9253536462783813,0.27054738998413086,0.7509294152259827,1.4056440591812134,1.3913934230804443,-0.590694010257721,-0.5231377482414246,1.3952622413635254,-0.4627925157546997,0.20379798114299774,1.707856297492981,1.8146969079971313
-0.9676304459571838,-0.029387034475803375,0.06984519213438034,-0.4807726740837097,-2.1148359775543213,-1.0149563550949097,1.51882004737854,-0.7170636057853699,0.2954399287700653,-0.0037224639672785997,0.2680303752422333,-0.5613127946853638,1.1514225006103516,-0.8605695962905884,-0.843964695930481,-2.1581220626831055,-0.6120238304138184,-1.1579766273498535,-1.1481635570526123,0.638331413269043,0.7962621450424194,0.6281014084815979,0.8198863863945007,0.8316317796707153,0.7198085784912109,0.2975713908672333,-0.3971232771873474,1.3205235004425049,-0.12651477754116058,-1.4539859294891357,-1.4218331575393677,-0.27131518721580505,-0.604518473148346,-1.215067982673645,0.1890580654144287,0.5255644917488098,1.345353364944458,-0.5022384524345398,-1.1412404775619507,-0.28100377321243286,-0.9760233163833618,-0.16789610683918,0.05667491257190704,-1.5397592782974243,0.5711109638214111,-1.704469919204712,1.920064926147461,-0.38212069869041443,2.1847078800201416,0.6451095938682556
-0.18738317489624023,0.3456754982471466,-0.5475988388061523,1.6132005453109741,0.6525338888168335,-0.08213558048009872,1.1176084280014038,0.4685455560684204,-1.3230990171432495,-1.4690368175506592,-0.7089692950248718,1.784997582435608,-0.7385152578353882,0.25109705328941345,1.7955082654953003,0.5840056538581848,0.9762683510780334,0.0047843847423791885,1.1286118030548096,0.8686068654060364,-1.243340015411377,1.5087792873382568,-2.152869462966919,-0.24205105006694794,-0.5039622187614441,0.051933739334344864,2.3990976810455322,-1.2572427988052368,-0.2955961525440216,0.3076249063014984,1.0832096338272095,1.2528114318847656,0.18027813732624054,0.3228541314601898,0.6452947854995728,-0.9545956254005432,-0.8531379103660583,1.7723572254180908,1.8671776056289673,-0.4525819718837738,-0.984846293926239,1.1520843505859375,-1.4564787149429321,1.094146490097046,-0.9131358861923218,0.46888765692710876,-0.16909106075763702,-0.6084117889404297,-1.1658518314361572,-1.17245614528656
0.25849562883377075,-0.8118235468864441,1.2839932441711426,-0.5372669100761414,-0.17211396992206573,1.588014841079712,-1.2054954767227173,0.6216471791267395,-1.2700278759002686,0.8940684199333191,1.4251165390014648,0.025273514911532402,0.8710303902626038,-0.41856175661087036,0.196055069565773,1.2076549530029297,-0.07087840139865875,-1.6004242897033691,-0.9872193336486816,-0.2722812294960022,0.6689654588699341,-0.5699045658111572,-0.7404273152351379,0.7379266023635864,0.29456326365470886,-1.322579264640808,1.1454920768737793,-0.19179373979568481,1.224502682685852,1.6916085481643677,-1.3101847171783447,1.3522417545318604,1.4641735553741455,1.5363866090774536,-0.9418507814407349,-0.3872452676296234,1.1572684049606323,-0.28662121295928955,-0.6292058825492859,1.8985201120376587,-1.1048262119293213,0.591235876083374,0.1847829669713974,1.4034823179244995,-1.7082685232162476,-0.5144838690757751,1.123437523841858,-0.8534239530563354,0.24652211368083954,0.05527042970061302
-0.10467406362295151,0.22964057326316833,0.8222889304161072,1.1445802450180054,2.4465858936309814,0.29289019107818604,-0.8079785108566284,1.09587824344635,0.17473317682743073,0.9640392661094666,-1.9443950653076172,-0.5272502303123474,1.1324729919433594,-2.0456597805023193,0.5578958988189697,-1.3101770877838135,0.04297075420618057,-0.11921977251768112,0.7684130668640137,-1.0108745098114014,-1.8536944389343262,-0.15827488899230957,1.1600003242492676,0.06329933553934097,0.20789644122123718,-0.5141593217849731,-0.2813171446323395,-1.3012409210205078,0.4735856354236603,-0.7142161726951599,-0.9914766550064087,-0.7288946509361267,-0.04305078834295273,-0.06602488458156586,-0.3496994078159332,-0.41910889744758606,-1.5634428262710571,1.0177093744277954,-1.4269614219665527,-1.2921162843704224,-1.287011981010437,0.9032192230224609,-0.1921745240688324,0.7579747438430786,-1.929774522781372,0.14797437191009521,-1.0168437957763672,-0.4508727192878723,-1.4102115631103516,1.28031587600708
-0.39264097809791565,1.0709582567214966,-0.5184657573699951,1.0623888969421387,-0.36360931396484375,1.180021047592163,1.142100214958191,1.1899446249008179,-0.17635484039783478,0.022257370874285698,-0.5602115988731384,1.6074482202529907,-0.7333996295928955,-0.35412144660949707,1.6747043132781982,-0.351972758769989,2.0673229694366455,-1.6753356456756592,-0.1459379643201828,-0.7401202917098999,-0.07749639451503754,0.07056734710931778,-0.41260823607444763,0.3839937448501587,0.3234817385673523,0.5085461735725403,1.922264814376831,0.6992414593696594,0.8748942613601685,-0.490378737449646,1.2524775266647339,0.8924643397331238,0.287239134311676,-0.15866591036319733,-0.9142038226127625,-0.2279338538646698,0.5861581563949585,0.6142444014549255,0.42239946126937866,-1.0267207622528076,-1.6736708879470825,-0.8289305567741394,-0.4659264087677002,0.6506068110466003,0.2064657062292099,0.1821640133857727,0.15982377529144287,-0.8230729699134827,0.2334481179714203,-0.38874557614326477
-1.3168421983718872,-0.783372700214386,0.08372221887111664,0.8280869126319885,1.171523094177246,-0.9587516188621521,-0.5349770188331604,-0.7496708035469055,1.569138526916504,1.070275902748108,-1.1246432065963745,0.33275243639945984,-0.516208827495575,0.21194316446781158,0.6806430816650391,-1.0592211484909058,0.7007815837860107,0.006387095898389816,0.21503014862537384,0.04498761519789696,-0.020980462431907654,0.21129781007766724,0.8866556882858276,-1.1544467210769653,-1.4329111576080322,0.3614937663078308,0.11642450094223022,0.06401654332876205,-0.3593711853027344,-1.1162351369857788,-0.3883260488510132,-0.5445585250854492,-0.6395130157470703,-0.7672274112701416,-0.5271718502044678,-0.7019450664520264,-0.04659028723835945,0.6520637273788452,0.09957221150398254,-1.2108068466186523,-0.6744963526725769,-1.0073648691177368,0.9315284490585327,0.04504203796386719,-0.1598883420228958,-0.9392369389533997,0.9350391626358032,1.0881797075271606,1.3333160877227783,0.4883841872215271
0.052739765495061874,0.963618814945221,0.4717724025249481,0.9279171228408813,1.0099774599075317,0.037412069737911224,-0.07873255014419556,-0.8283712863922119,0.10436278581619263,-1.0507605075836182,0.6835829615592957,0.6765964031219482,1.8395901918411255,1.6173638105392456,-0.05649175867438316,-0.7647441625595093,-0.7827172875404358,-0.5149110555648804,-0.12690749764442444,0.17895568907260895,-1.9712611436843872,1.6462689638137817,-1.0435588359832764,-0.1514795571565628,-1.3551231622695923,-0.6331314444541931,-0.5916123390197754,0.652100145816803,-0.6106956601142883,1.06562340259552,-1.0258829593658447,-0.18928657472133636,0.44364064931869507,2.0703916549682617,-0.2186698168516159,0.4570299983024597,-0.9874632358551025,-1.3090568780899048,0.5479221343994141,1.104082465171814,1.3353146314620972,0.8463059663772583,-1.1849868297576904,-0.19027085602283478,1.3464869260787964,0.6505597233772278,-0.2441771924495697,0.9131935834884644,-0.653873085975647,-1.0639514923095703

Slice 7
-1.439103364944458,0.4658995270729065,-0.6671321392059326,1.034191608428955,1.0837491750717163,1.067975640296936,0.7814745306968689,-0.3029349446296692,0.19358238577842712,0.23501849174499512,0.7353087067604065,-1.7551480531692505,-1.3288030624389648,-0.9083534479141235,-0.27714309096336365,2.218968152999878,-1.9979689121246338,1.1367675065994263,0.7663945555686951,-0.007489102892577648,-0.5189549922943115,-1.181456446647644,0.6506229043006897,0.1153373122215271,-0.22645217180252075,0.9601501226425171,-0.41975879669189453,-0.19118613004684448,-1.3525253534317017,1.4091145992279053,1.0100386142730713,-1.36677885055542,0.12256971746683121,0.41951069235801697,0.20308862626552582,0.38851723074913025,0.08524058759212494,0.7746394276618958,0.561440646648407,-1.0979325771331787,-1.4955507516860962,-1.0721412897109985,0.8367837071418762,0.3399561643600464,-1.484195590019226,0.06411853432655334,-0.2416769117116928,-0.6784297823905945,-1.0387024879455566,-0.308073490858078
-0.0836709514260292,-1.3158202171325684,1.8179818391799927,0.4721504747867584,-0.4757121801376343,-2.088932991027832,-1.0572459697723389,-0.5377465486526489,1.5111875534057617,2.1833319664001465,-0.7775248885154724,0.9478709101676941,1.164993405342102,-0.0497097484767437,0.053682368248701096,0.5631168484687805,0.2975548505783081,1.1601402759552002,0.40392109751701355,0.10124311596155167,-2.0623152256011963,-1.0658355951309204,1.368408203125,-1.975953221321106,-0.6773669123649597,0.35281315445899963,0.242050439119339,2.306907892227173,-0.3582615554332733,-1.9956587553024292,-0.36349835991859436,1.0076014995574951,0.032170966267585754,1.1959360837936401,-1.911836862564087,1.0642476081848145,0.3092862665653229,0.21134740114212036,0.9803042411804199,-0.312865287065506,-0.9389950633049011,-0.7864342331886292,-0.4484887719154358,0.1438075602054596,0.618468701839447,0.5240036249160767,1.7533445358276367,1.2917455434799194,-0.9451982378959656,-0.705413281917572
-0.6936506628990173,1.0966671705245972,-1.236306071281433,1.1910260915756226,-0.04789170250296593,-0.45957258343696594,0.3358035385608673,0.5902920365333557,1.4247419834136963,0.2667674422264099,-0.05947978422045708,-1.4651175737380981,1.6418715715408325,1.781199336051941,-0.6550372242927551,-0.45485395193099976,-0.6445341110229492,0.5124764442443848,1.137886881828308,0.553273618221283,-0.02996460720896721,0.5340107679367065,0.5626952052116394,0.196428582072258,-1.3058409690856934,0.21828512847423553,-1.4853845834732056,1.76596200466156,1.8748445510864258,0.09466355293989182,-1.0580557584762573,-0.11874870955944061,-0.8719773888587952,-0.4504584074020386,0.24876192212104797,1.810821533203125,-1.0495553016662598,0.3046990633010864,0.1251956820487976,0.5397974252700806,0.37107205390930176,0.045336492359638214,0.6697443127632141,0.9156686067581177,0.7209805250167847,-0.6740150451660156,-0.33706745505332947,-0.8929967880249023,1.7258330583572388,0.8527151942253113
0.27950727939605713,0.8237969279289246,-0.2845626175403595,-2.9185924530029297,-1.305060625076294,-0.774960458278656,1.0163925886154175,0.45862895250320435,-0.336169958114624,-0.00255905301310122,1.1235309839248657,-0.4487045407295227,-0.55525141954422,1.2306686639785767,1.2711093425750732,-0.3029542863368988,-2.4540679454803467,-0.6031221747398376,-0.4567759037017822,1.255218744277954,0.45266109704971313,-0.029814191162586212,-1.1202154159545898,-1.182529091835022,0.18540510535240173,0.6814208626747131,-0.03605664521455765,1.5015407800674438,-0.4222114384174347,0.9421527981758118,0.11045097559690475,0.43005213141441345,-1.0117785930633545,0.29680556058883667,0.07427603751420975,1.0234706401824951,-0.17439059913158417,-0.3346376121044159,1.5675848722457886,0.3781813085079193,-1.068895936012268,0.9371119737625122,-1.2440985441207886,-0.06406988948583603,0.8908034563064575,0.9407066702842712,1.3673171997070312,-1.6204220056533813,0.42322802543640137,-0.27558109164237976
0.8099029660224915,0.34744542837142944,-0.4665711522102356,1.06416654586792,1.038974642753601,-0.2165488451719284,0.19966350495815277,-0.2750104069709778,0.7673268914222717,-0.9557877779006958,-0.5410947203636169,1.7381571531295776,0.7369730472564697,0.17030449211597443,0.025082845240831375,1.8694199323654175,1.0833513736724854,-0.9141544103622437,-0.23141764104366302,-0.21064703166484833,-0.40088745951652527,-0.043597638607025146,1.1217470169067383,-0.48922568559646606,-0.400074303150177,0.3877483904361725,-0.7793274521827698,0.14051738381385803,-0.794762372970581,1.1303294897079468,-0.30704984068870544,1.4379558563232422,0.49383893609046936,-0.7078344225883484,-1.2726340293884277,1.3220274448394775,-1.3621622323989868,-1.283734679222107,-0.09478384256362915,-0.5552698373794556,1.352140188217163,-0.4409736096858978,-0.4383196234703064,0.07355571538209915,-0.5491343140602112,-0.5652443170547485,-0.09004290401935577,0.38864290714263916,0.037722863256931305,-0.12966986000537872
-0.04786697402596474,1.391418218612671,-0.30130571126937866,2.2599494457244873,-0.49445199966430664,0.25766780972480774,1.4753754138946533,1.3019533157348633,0.9911690950393677,-0.8185358047485352,-0.5002167224884033,0.8794448375701904,0.09196414053440094,-0.6219356060028076,-0.3180806636810303,1.0663102865219116,0.015413756482303143,0.4912285804748535,1.902551531791687,0.9054028391838074,0.9400820136070251,0.6411091685295105,0.8656536340713501,-0.5281733274459839,-0.8141170144081116,-1.7012498378753662,-0.49211862683296204,0.22231082618236542,-0.0268484428524971,0.5766650438308716,0.3983546793460846,0.8365545272827148,-1.070988655090332,-0.8422566652297974,-1.0623371601104736,-1.5012983083724976,-0.7003798484802246,-0.10226759314537048,0.23519515991210938,0.8205472826957703,2.249403238296509,-0.24193412065505981,-0.547594428062439,-2.0161213874816895,0.09263289719820023,-0.04458599537611008,-0.15820614993572235,-1.1334307193756104,0.8882138729095459,-0.8299938440322876
-1.239007830619812,-0.10308393090963364,0.4206489026546478,-1.6556557416915894,-0.17989316582679749,1.3408421277999878,-0.9399991631507874,-2.046849250793457,1.7529103755950928,1.0920132398605347,-1.1658642292022705,-0.015442680567502975,0.08111435174942017,-2.0761499404907227,-0.283843070268631,-0.4235021770000458,0.06809137016534805,-1.867440938949585,1.6127259731292725,-0.6273629069328308,0.5640720725059509,-0.6761969923973083,-0.8920876383781433,0.6040881872177124,-0.7597960233688354,-0.1416677087545395,0.6871556043624878,0.3815890848636627,-1.7097113132476807,1.5497679710388184,-0.4250817894935608,1.1135936975479126,-0.5401627421379089,-0.3548930585384369,0.18789222836494446,0.4658942222595215,1.178117275238037,-0.3277987539768219,0.42018675804138184,-1.5226325988769531,-0.5702681541442871,-0.0878678411245346,1.3862056732177734,-0.40571752190589905,-0.4618736505508423,-0.6027988195419312,0.11068125069141388,-0.47796401381492615,-1.892472743988037,-0.9496402144432068
-0.8351489305496216,-1.6103841066360474,-0.733330488204956,-1.4056016206741333,0.13598056137561798,0.08558670431375504,0.940922737121582,-1.7342100143432617,-0.1255633533000946,-1.1980969905853271,-0.3299011290073395,-0.38307222723960876,-0.22590896487236023,0.9880565404891968,-0.5739933252334595,0.20016004145145416,-1.4455502033233643,-0.6446836590766907,-0.8458305597305298,0.03996860235929489,-0.06985137611627579,1.725274920463562,2.634547472000122,0.5934581756591797,-0.3767499327659607,0.24993476271629333,-0.36546558141708374,0.6115915775299072,-0.7655267119407654,-0.8038151860237122,0.9858145117759705,-0.24496133625507355,0.9599336981773376,-0.9323758482933044,0.3565851151943207,1.6550430059432983,-0.4453694522380829,1.6726408004760742,0.6064541339874268,-1.2269623279571533,-0.07881554216146469,0.36957576870918274,1.5045571327209473,-0.649038553237915,0.4731047451496124,-0.39638960361480713,0.612523078918457,0.666802167892456,2.1666197776794434,0.611961305141449
-0.1603989154100418,-0.7243617177009583,0.22033774852752686,-0.5788441896438599,0.11044052988290787,0.09478849172592163,0.24882355332374573,-0.38965272903442383,0.7874810695648193,0.26146626472473145,0.10958398878574371,0.6091887354850769,1.0218045711517334,-2.3188090324401855,0.9217763543128967,-0.22800250351428986,-0.10035815089941025,-1.1741207838058472,1.2483640909194946,1.7483850717544556,1.0259318351745605,-0.5997909307479858,0.10605146735906601,-0.2644427418708801,-1.3806763887405396,0.5813422799110413,1.1211227178573608,1.4522507190704346,-0.4029720425605774,0.2745215892791748,-0.003448333591222763,0.46754688024520874,-0.9699492454528809,0.3172844648361206,-0.6909262537956238,-0.9904801845550537,0.9972732067108154,-0.6354480981826782,1.4423267841339111,-0.56785649061203,0.03509184345602989,1.0953423976898193,-1.286702275276184,0.5944080948829651,1.3185091018676758,-0.34115561842918396,0.7756283283233643,-1.4055172204971313,-0.01530619990080595,0.05788704380393028
-0.29149529337882996,0.9077736735343933,-0.7422167658805847,1.2548503875732422,-2.239187240600586,-2.0105955600738525,-0.44090643525123596,0.6972382068634033,-0.9994907379150391,0.28344717621803284,1.7199147939682007,1.40787935256958,0.5581955313682556,-0.7985597252845764,-0.8560293912887573,1.0751806497573853,-0.05768449604511261,1.8761920928955078,-0.9962247014045715,-0.5082646608352661,-1.646652102470398,1.3131303787231445,-1.7806748151779175,0.6104499101638794,1.3250019550323486,0.44287896156311035,-1.5917497873306274,0.12446986138820648,0.42858806252479553,-0.3278876841068268,1.7925524711608887,0.5099954009056091,1.9127287864685059,-0.7276371121406555,1.7300035953521729,0.11177488416433334,-0.3007054328918457,1.2105633020401,-0.6344842910766602,1.0341178178787231,-0.6168768405914307,-1.285523772239685,-0.5165363550186157,0.641511857509613,0.47848203778266907,-1.1858367919921875,-0.5381585955619812,-0.5747727751731873,-2.4242098331451416,1.1685874462127686

Slice 8
1.0284364223480225,0.07320832461118698,-1.8081579208374023,-0.060270726680755615,-1.9706352949142456,-0.5604464411735535,0.6683700084686279,0.26888778805732727,-1.9119888544082642,0.3962383568286896,-1.3927996158599854,1.0555354356765747,0.38476496934890747,-0.33700960874557495,-0.37964048981666565,-0.49199363589286804,-1.5371792316436768,-0.8382189273834229,0.5099061131477356,-0.0645809918642044,-1.0578744411468506,1.7003587484359741,0.687760591506958,0.463583379983902,1.2784929275512695,-1.4175654649734497,-0.32425037026405334,-1.4676647186279297,-0.13544680178165436,0.8477987051010132,1.278984546661377,1.5689822435379028,-0.8847840428352356,0.9933091998100281,0.26582032442092896,-0.5436713695526123,0.4685444235801697,0.9822390079498291,0.10840827226638794,-0.006580911576747894,-1.3995673656463623,-0.26586154103279114,0.6848310232162476,0.4449998736381531,0.6394538283348083,0.565688967704773,-0.559753954410553,-0.29147574305534363,-1.8058335781097412,1.1836016178131104
0.7854501605033875,-0.34014374017715454,0.7621061205863953,0.9049203395843506,-0.5414658784866333,-0.30786648392677307,1.0629541873931885,-1.9962607622146606,1.191849708557129,1.9809846878051758,0.04377062991261482,1.3151553869247437,0.7838011980056763,2.068476438522339,-1.0882467031478882,-0.4466944634914398,0.9168357849121094,-0.6174328923225403,0.5691028237342834,0.5857189893722534,-1.9095721244812012,0.19111257791519165,-0.6648560762405396,-0.9731135964393616,0.46241670846939087,-0.0008020501118153334,-1.9935458898544312,1.0288420915603638,-0.5591898560523987,0.5436907410621643,-0.0054733953438699245,-0.6352197527885437,0.8217948079109192,0.013514240272343159,0.6423810720443726,0.8592910766601562,-0.143956258893013,0.9898911118507385,0.7344836592674255,0.4990878701210022,1.2352677583694458,1.8016539812088013,1.0650345087051392,0.25104326009750366,-1.1848338842391968,-0.0003022433375008404,0.112553671002388,-0.9925613403320312,0.048545949161052704,0.9186345338821411
1.260015606880188,-0.022414250299334526,-1.2634732723236084,-0.1359943449497223,-0.5004579424858093,0.4465712308883667,-0.5746524333953857,-0.42846497893333435,-0.696769654750824,0.44877108931541443,-1.4784775972366333,-0.45390358567237854,0.8663627505302429,1.1652005910873413,0.44950374960899353,0.503268837928772,0.4611915349960327,-1.0645627975463867,-0.13452808558940887,0.06528270244598389,0.27074626088142395,1.3342963457107544,1.6180847883224487,-0.669944167137146,1.399520754814148,-1.311536431312561,1.218454360961914,-1.6268985271453857,-0.037992529571056366,-0.43871089816093445,0.7204378843307495,0.49689653515815735,0.07878374308347702,0.7021611332893372,0.2961394786834717,-0.41063058376312256,2.070291519165039,0.6424330472946167,-0.23457594215869904,0.5735043287277222,0.44216200709342957,-0.19473570585250854,0.648560643196106,0.06595936417579651,-0.19414788484573364,1.8702667951583862,0.4047381579875946,1.4288280010223389,-0.6558906435966492,1.267642855644226
0.32922592759132385,-1.2198926210403442,-1.0577481985092163,1.472916603088379,0.4460451900959015,1.8413217067718506,-1.4881535768508911,-0.19241902232170105,0.2758147120475769,0.9185824394226074,0.18470366299152374,-0.8214666843414307,-0.6880675554275513,-0.27482348680496216,-1.1962435245513916,0.6909984350204468,-1.1428661346435547,0.4928361475467682,-0.5453431606292725,1.5911158323287964,-0.35292384028434753,1.2841697931289673,0.09342895448207855,0.4477950632572174,0.2258772850036621,-0.008493407629430294,0.18621045351028442,0.978856086730957,0.7309452295303345,-2.819967269897461,-1.2623671293258667,-1.4117488861083984,0.893305778503418,-0.02511831745505333,0.13431669771671295,-1.6684166193008423,-0.11000419408082962,-0.37262415885925293,-1.7170511484146118,1.3855643272399902,0.9605588316917419,-1.2953892946243286,-0.4820718765258789,0.6027556657791138,0.6135666370391846,1.047918438911438,-1.4995677471160889,-0.8739526271820068,1.3778213262557983,1.3265944719314575
-0.922892153263092,0.21273387968540192,-1.1680493354797363,-0.2966787815093994,-0.4044068157672882,-0.2894333600997925,-0.9215538501739502,-1.0286239385604858,-2.1334004402160645,0.37266382575035095,-1.646787405014038,1.3801804780960083,-0.7446863055229187,-1.5414295196533203,0.9874889850616455,-0.7068216800689697,-0.11827178299427032,-0.24002540111541748,0.6774778366088867,0.9943029880523682,-0.10742294788360596,1.9074199199676514,0.09286492317914963,0.22794723510742188,-0.24502569437026978,-0.9555713534355164,-0.35685741901397705,-1.6682981252670288,0.19504201412200928,-0.4333799481391907,0.7131053805351257,1.4666913747787476,0.7059407830238342,1.1472160816192627,1.6652476787567139,-1.1864550113677979,-1.7043628692626953,0.7773120999336243,0.600617527961731,0.4397692084312439,1.4297007322311401,0.9448566436767578,0.8213480114936829,0.10856147855520248,0.6941647529602051,-0.7046653628349304,-0.0554581880569458,0.011079651303589344,-0.6523057818412781,1.8011751174926758
1.4118030071258545,0.6108927726745605,-0.5790275931358337,1.6879619359970093,-1.7536524534225464,1.0486572980880737,-1.7012513875961304,0.4670538604259491,-0.40107786655426025,1.060036063194275,-1.3582475185394287,-0.5285615921020508,0.830369234085083,1.2489635944366455,-1.0439820289611816,1.4026521444320679,-0.5211325287818909,1.8472530841827393,0.6556766033172607,-0.5935115814208984,-0.01112435758113861,-0.17856936156749725,1.4232085943222046,-0.4005645215511322,-1.023747444152832,-1.2247532606124878,0.6127264499664307,0.341915488243103,0.28284090757369995,0.17836740612983704,0.0421697236597538,-0.9591774940490723,1.3682483434677124,-1.3514530658721924,1.3193626403808594,0.6300920844078064,0.34627342224121094,0.8198238611221313,0.33830010890960693,-2.312650442123413,2.6956567764282227,-0.5218980312347412,1.4182419776916504,1.1212234497070312,-0.47259044647216797,0.5201424360275269,-1.6511304378509521,0.9151827096939087,1.731115698814392,-0.4036122262477875
0.7187769412994385,0.4421081840991974,-0.49962007999420166,0.7728330492973328,0.2083611637353897,1.5198825597763062,0.19546015560626984,0.28514230251312256,-1.5969688892364502,0.016916528344154358,-0.5779626369476318,-0.1731211394071579,-0.41732579469680786,1.6961913108825684,-0.6214060187339783,1.8975605964660645,1.1454877853393555,1.3533562421798706,0.8922901749610901,-0.32657569646835327,-0.45954424142837524,0.013153516687452793,-0.9355611801147461,1.3695182800292969,1.411380648612976,-0.9420353174209595,-0.7891121506690979,0.8358563780784607,1.831996202468872,-0.8512382507324219,-0.38629767298698425,0.5499860644340515,-1.8434360027313232,0.8407579660415649,0.5298818945884705,-0.0116329500451684,-0.2778738737106323,-0.16527394950389862,-0.16732412576675415,2.199209451675415,-2.068246364593506,0.47184690833091736,-1.0245842933654785,1.843580722808838,0.7652604579925537,0.6329567432403564,0.5720391869544983,-1.4923967123031616,-1.6648006439208984,1.6292446851730347
0.8798866868019104,0.6664480566978455,-0.19628851115703583,0.2096346914768219,1.3136615753173828,0.955559253692627,1.0488704442977905,-1.4654970169067383,-1.268823266029358,1.2849799394607544,-0.1200702041387558,0.4915032684803009,0.39475876092910767,1.222561001777649,0.6352248787879944,-0.08016306906938553,2.191957950592041,0.4299863278865814,0.750957727432251,1.6980488300323486,1.6596906185150146,1.7786444425582886,-0.17307846248149872,0.7939220666885376,-0.9850965142250061,0.3500766158103943,0.23898060619831085,-1.2842528820037842,-1.2381867170333862,0.7807881832122803,-0.010850118473172188,1.0914186239242554,0.04680134356021881,-0.46756452322006226,-0.760660707950592,0.08378297835588455,-0.07705909013748169,0.03550116717815399,1.0955833196640015,0.5895650386810303,0.734830379486084,1.5990891456604004,0.5336164236068726,-0.9760538339614868,0.6708760261535645,-1.2643183469772339,-2.0366530418395996,-0.24674813449382782,-0.3973301947116852,2.0244274139404297
-0.6513045430183411,1.7812832593917847,-0.16619054973125458,1.5590920448303223,0.33848902583122253,-0.05070715770125389,-1.814371943473816,0.8977859020233154,-0.8071117401123047,-0.5490543842315674,-0.3878210783004761,0.43298083543777466,0.39616355299949646,-1.6462247371673584,0.4566172957420349,0.9953075647354126,0.732966959476471,1.220631718635559,0.8376169204711914,-1.2394695281982422,0.31761741638183594,-0.9135986566543579,-1.033368468284607,1.1231824159622192,0.00706210732460022,-0.5396791696548462,1.7142283916473389,0.6913601160049438,0.4754847586154938,-0.1432076394557953,1.46775484085083,1.2058957815170288,-1.3566268682479858,0.9335066080093384,-0.24358218908309937,0.27420321106910706,-0.4131150245666504,1.629328727722168,0.2680954039096832,-0.9792813658714294,-0.4774879813194275,-0.9091976284980774,-0.7725284695625305,-0.5761452913284302,0.9438834190368652,0.7081252932548523,1.7400301694869995,0.37700939178466797,-0.6249639987945557,-0.936115026473999
2.025622844696045,-0.7696582674980164,-0.9740759134292603,-0.7590934038162231,-0.4494730830192566,-1.9732240438461304,-1.5956134796142578,0.30917924642562866,0.5050038695335388,-0.7974441051483154,-0.9897120594978333,-0.4172198176383972,1.9245675802230835,1.9543894529342651,-1.2641931772232056,-2.446153402328491,0.20637637376785278,-0.7059854865074158,-1.3399806022644043,-1.0551224946975708,1.436557412147522,-0.39540284872055054,0.3169808089733124,0.33656707406044006,0.7858369946479797,-0.7701511383056641,0.41265833377838135,-0.3115098476409912,1.6277965307235718,-1.0457653999328613,-0.46381255984306335,0.31302663683891296,0.32911428809165955,-0.5170499682426453,0.0517403669655323,-0.5229912400245667,1.0749497413635254,-0.3013482391834259,-1.7845383882522583,0.2740045487880707,0.6832886934280396,-0.12464281916618347,2.0043680667877197,1.8280842304229736,0.8438166379928589,0.8775090575218201,0.15229563415050507,1.350959300994873,0.5823947191238403,-0.06049499660730362

Slice 9
-0.13986726105213165,1.7777721881866455,0.3635718524456024,1.908306360244751,-0.28515374660491943,-0.6835847496986389,-0.8356239795684814,1.5381557941436768,-1.1395621299743652,0.1479392647743225,1.6687545776367188,0.5793734192848206,1.2862309217453003,0.8002192974090576,-1.2685710191726685,-0.3055349290370941,-0.17709892988204956,0.2683451175689697,-2.2335946559906006,-1.3768230676651,-0.5359307527542114,-1.5897833108901978,-0.42135998606681824,0.13405312597751617,-0.4700430929660797,0.425584077835083,-1.444714903831482,-1.2483710050582886,1.1986807584762573,1.2005311250686646,1.1042653322219849,-1.003098964691162,-0.7009031772613525,-0.7101964950561523,0.011111846193671227,-0.0633426308631897,0.26260244846343994,1.9154689311981201,0.28903430700302124,1.8523303270339966,0.4640430212020874,-1.7284739017486572,-0.535301923751831,0.6261494159698486,0.49336323142051697,0.15329353511333466,-0.9735661149024963,-1.3836023807525635,-0.6087098717689514,0.30002322793006897
0.4569588899612427,-0.8275991678237915,-0.25780439376831055,1.2046849727630615,0.2920224666595459,-0.21765738725662231,-0.4955427646636963,-1.5481758117675781,0.8074823021888733,-1.030318260192871,-0.22362133860588074,-1.1556446552276611,1.1943373680114746,2.0160295963287354,-0.26449790596961975,-0.2885734736919403,-0.5470079779624939,-1.0204896926879883,1.527759075164795,0.9199002981185913,0.5303119421005249,0.2945726215839386,-0.5855845808982849,0.16793371737003326,-0.9961511492729187,-0.20434735715389252,-0.1781333088874817,0.8168285489082336,0.027343561872839928,0.4902961850166321,-0.30779218673706055,-0.2546285092830658,0.914277195930481,-0.8851677775382996,-0.9904932379722595,-0.42335090041160583,1.2109947204589844,1.1006163358688354,-1.1564507484436035,-0.16864274442195892,-0.14064964652061462,0.43945401906967163,-0.9071013927459717,-1.283461570739746,-1.960741639137268,0.9702553749084473,0.1742973029613495,0.3175726532936096,-0.43315887451171875,-1.0908300876617432
-1.3856878280639648,-1.0018130540847778,-0.06963936239480972,-0.42642295360565186,-0.8038561940193176,0.8500686287879944,-1.0780373811721802,-1.1344923973083496,0.04027877375483513,-0.4191712439060211,0.8978710174560547,0.6884891986846924,0.8112215995788574,-0.24885445833206177,0.5066507458686829,-0.834636926651001,-0.17443008720874786,0.6703568696975708,1.378631591796875,0.6697183847427368,0.13666415214538574,0.8169519901275635,-0.40024229884147644,-1.7239035367965698,-0.5294544100761414,-2.053929090499878,-0.14259067177772522,0.9400774240493774,1.2841321229934692,-1.2101446390151978,-0.032420989125967026,-0.4056597948074341,0.3032020032405853,0.908752977848053,0.9370644688606262,0.4800299108028412,-1.0738359689712524,2.00002384185791,0.7383713126182556,1.7287061214447021,-1.350179672241211,0.9194671511650085,0.06236021965742111,-0.13438348472118378,-0.03479543328285217,0.954597532749176,-0.5085809826850891,-0.025572123005986214,0.1352616399526596,-0.3200766146183014
-0.4223063588142395,0.4595056176185608,-0.05653394013643265,1.1302928924560547,0.24083589017391205,0.990844190120697,1.0394515991210938,0.5021202564239502,-1.703540563583374,0.17256298661231995,-0.24258919060230255,0.3197948932647705,-0.6892726421356201,-0.13918353617191315,-0.47145044803619385,-0.028773030266165733,0.9236178398132324,0.7480786442756653,-0.3821903169155121,-1.294940710067749,0.8003362417221069,1.2272199392318726,-0.8126935958862305,-0.7726160287857056,-0.40856921672821045,0.15215015411376953,0.4469754993915558,-0.4128033518791199,-0.3028084635734558,-1.1976791620254517,-0.7991817593574524,0.21481125056743622,1.3173569440841675,-2.5117413997650146,0.31228068470954895,0.7411896586418152,-0.8170104622840881,-0.35475650429725647,1.314468264579773,-0.5843266248703003,0.7917449474334717,0.4779839515686035,-0.47983527183532715,-0.11626270413398743,2.019726276397705,0.5435492396354675,0.40203726291656494,-0.0791742131114006,-1.0769884586334229,-0.4678328037261963
1.3353068828582764,0.281638503074646,0.5878934860229492,-0.06891756504774094,0.6055165529251099,0.08572511374950409,-0.6598228216171265,0.0923917144536972,-0.7865842580795288,-0.454178124666214,1.073877215385437,0.16741180419921875,0.08702053129673004,-0.01222960278391838,-0.4926474690437317,1.5898675918579102,0.12650884687900543,0.343365341424942,-0.7996176481246948,-0.5331291556358337,-0.19352473318576813,0.12991735339164734,1.1144558191299438,-0.01926584541797638,0.059146177023649216,0.24761806428432465,1.0446726083755493,0.6733413934707642,1.766903042793274,-1.2656716108322144,-0.9399635791778564,-0.18891750276088715,1.0538944005966187,-1.9209843873977661,-0.44895026087760925,0.5668982267379761,-0.1960911750793457,0.10819076746702194,-1.1082876920700073,1.7271591424942017,0.06193132698535919,0.786153256893158,0.542717456817627,0.946112334728241,-1.2305253744125366,1.2603321075439453,0.8112462162971497,0.5575917959213257,1.0886540412902832,-1.0238808393478394
0.26158803701400757,1.6464228630065918,-0.5403729677200317,-1.8601688146591187,1.9917255640029907,1.5443859100341797,-2.1209588050842285,-0.7845004200935364,-1.1604127883911133,0.08896781504154205,0.21469102799892426,0.36595720052719116,0.5212932825088501,-0.10998077690601349,-0.9928262829780579,0.5709227919578552,-2.544480323791504,0.10983255505561829,0.32653170824050903,-0.7454658150672913,1.1711615324020386,0.9967249631881714,1.8401559591293335,-1.8000479936599731,2.6239829063415527,0.2254294455051422,0.6487740874290466,-1.3007560968399048,-0.04474138468503952,-0.3696228861808777,0.349839448928833,1.2561887502670288,0.010048978962004185,-0.8000423908233643,2.8933825492858887,-2.822283983230591,1.1361392736434937,-0.44284728169441223,0.5526298880577087,-1.53377366065979,1.1397689580917358,1.5156022310256958,-1.9840596914291382,-0.9904893040657043,-0.9025365114212036,-0.6189138293266296,1.7170276641845703,-0.37665197253227234,1.8174762725830078,0.3227725923061371
-0.6780657172203064,0.24085278809070587,0.9710103869438171,0.17847873270511627,-0.3835035562515259,0.2724132239818573,0.33537518978118896,-0.6284868717193604,0.2310989648103714,-1.5054799318313599,0.4829801023006439,-0.47466808557510376,-0.999876856803894,-1.0727702379226685,1.3673124313354492,0.09623313695192337,-1.1542949676513672,-1.1129506826400757,1.5338780879974365,1.0250284671783447,-0.0046836938709020615,0.7380425930023193,-0.10083286464214325,1.2950811386108398,-0.7198969721794128,1.0332224369049072,0.030609389767050743,0.2172946184873581,-0.1220826655626297,-1.325107455253601,-0.39597049355506897,0.4044118821620941,-0.2718713581562042,1.5828723907470703,-0.04570123925805092,0.4783189296722412,0.910041332244873,-0.014575752429664135,-1.3937950134277344,-0.22801613807678223,1.0178924798965454,0.9396280646324158,1.2335114479064941,-0.7829265594482422,-0.8187258839607239,-0.43579021096229553,0.30438944697380066,1.0884661674499512,0.3328595757484436,-0.9372838735580444
-0.05719135329127312,0.4476739466190338,-0.8065546751022339,0.6460847854614258,-1.4723223447799683,0.5422358512878418,-1.2819515466690063,-1.376875877380371,1.0324891805648804,0.6754979491233826,1.4187569618225098,1.833497405052185,-0.820631742477417,-0.2585802674293518,1.726857304573059,0.08019872009754181,0.25511717796325684,-0.5004450678825378,-0.14959220588207245,0.041344400495290756,0.982733964920044,1.2828011512756348,0.7666870951652527,-1.5762957334518433,-0.4449414312839508,-0.10421600937843323,-0.21896663308143616,0.22204910218715668,-0.8789653182029724,-0.11856232583522797,-1.614217758178711,0.676814079284668,1.032055377960205,-0.12368820607662201,-1.1052192449569702,0.5374752879142761,0.5048640370368958,1.0463706254959106,-0.46950918436050415,-0.6044839024543762,-0.12110641598701477,-0.71736079454422,-0.6554755568504333,-0.08848487585783005,0.6991719603538513,-0.7135083675384521,-1.0269831418991089,-0.6466779112815857,-1.142728328704834,0.8237400054931641
-0.78899747133255,-0.21614237129688263,-1.6967356204986572,-0.4598289430141449,1.5828986167907715,-1.5194567441940308,0.618581235408783,-0.8035045862197876,0.8628267645835876,1.3268001079559326,-0.22318360209465027,0.3780086040496826,-0.33062586188316345,1.6411235332489014,-1.685940146446228,-2.1088860034942627,-1.510145664215088,-1.770296573638916,0.9425260424613953,-0.13335952162742615,-1.0303164720535278,-1.7195502519607544,-1.1016212701797485,-0.28660857677459717,1.165357232093811,-0.42013633251190186,-0.8756794333457947,0.536287784576416,-1.230393886566162,0.6288814544677734,0.14026975631713867,0.2222801297903061,-1.0631372928619385,-0.2884463965892792,-0.4050018787384033,1.2075351476669312,1.8309063911437988,-0.8239986300468445,0.2599225640296936,-1.681015133857727,-0.5527128577232361,-1.0048305988311768,0.5420643091201782,-0.903782308101654,-1.5154364109039307,-1.1847172975540161,0.06199508160352707,-2.1938552856445312,-1.362095832824707,0.6006233096122742
1.3823784589767456,0.2452305108308792,-0.904331624507904,-0.4616898000240326,-0.0616062767803669,1.184171438217163,-0.5590957999229431,-0.1518477499485016,-0.011908219195902348,0.6385979652404785,0.7621349096298218,1.4946322441101074,0.9134615063667297,-0.3913303017616272,1.1787437200546265,0.7773500680923462,1.707708716392517,0.6483129262924194,0.5595742464065552,-0.3855891525745392,1.3466997146606445,0.044909559190273285,1.7024908065795898,-0.7130035161972046,0.7768011689186096,-0.9235472679138184,-0.3636358380317688,2.197625160217285,0.9428368806838989,0.0029465218540281057,0.5848046541213989,2.1747748851776123,0.8542757034301758,-1.6093307733535767,0.10527092963457108,-0.9160056114196777,-0.18484023213386536,1.066321849822998,0.8992310166358948,0.46274659037590027,-0.5945493578910828,0.21271951496601105,-1.635608434677124,0.74908447265625,0.34615370631217957,0.6673667430877686,-0.4755348861217499,-0.9296847581863403,1.3854525089263916,-1.012627363204956

Slice 10
0.5818340182304382,-0.2939552962779999,1.7808730602264404,1.3207817077636719,-1.2853014469146729,-0.27334946393966675,0.48572689294815063,0.9150570034980774,-1.0315500497817993,0.22153902053833008,-0.5313202142715454,0.7579134106636047,0.4860328137874603,-1.6982935667037964,0.3874827027320862,0.19539138674736023,-2.1300570964813232,-1.1399223804473877,0.798525869846344,-1.471276879310608,1.3340654373168945,-0.4273676872253418,-0.28666144609451294,0.17797192931175232,-0.22793810069561005,0.46911337971687317,0.049223728477954865,0.3998558819293976,-0.37429574131965637,-0.2171477973461151,0.12279809266328812,0.6521846652030945,0.643079936504364,0.8928382992744446,1.9628534317016602,0.3051292300224304,-1.132385492324829,0.3881431221961975,-0.6767575740814209,-0.44251546263694763,-1.0289114713668823,0.8482126593589783,-1.004767656326294,1.851875901222229,-0.40851059556007385,0.8970291018486023,-0.9383682608604431,-0.8518815040588379,0.34845221042633057,-1.3533138036727905
-1.2971012592315674,-0.36017170548439026,0.399996817111969,0.6389634609222412,0.41838064789772034,0.2495996505022049,-0.7808588743209839,-1.3032830953598022,0.5934528708457947,0.20248280465602875,-1.3334180116653442,-0.9307496547698975,-0.0227325689047575,0.16593320667743683,-0.01925657130777836,-0.43904927372932434,-0.1383536010980606,0.821506917476654,0.9904651641845703,1.7082123756408691,0.8542719483375549,0.5019938945770264,0.414384126663208,0.48691871762275696,1.102946162223816,0.31083616614341736,0.20636427402496338,-0.1299372911453247,1.2919244766235352,0.12574172019958496,0.8171941637992859,-0.47907981276512146,-0.36333081126213074,0.9618735313415527,-1.208838939666748,-0.5886772274971008,0.7604645490646362,-0.7660873532295227,1.9979277849197388,-0.6298677921295166,-0.6931898593902588,-0.8129163384437561,1.125888705253601,-0.05856023728847504,1.1363341808319092,1.731368899345398,-0.09706242382526398,-1.4027448892593384,-0.2506769299507141,-0.3458796441555023
-0.36955347657203674,0.4866481423377991,0.13695719838142395,1.2053364515304565,0.15361256897449493,-0.22169415652751923,0.40809106826782227,0.6929363012313843,1.093865156173706,0.103323794901371,0.21917873620986938,0.10249775648117065,0.4018353521823883,-0.3796911835670471,0.17102041840553284,0.32132741808891296,-1.2089147567749023,-0.35374826192855835,-0.19170258939266205,0.6355787515640259,0.5104652643203735,1.7100856304168701,-0.03575677424669266,0.516211748123169,0.7773650288581848,0.033695872873067856,1.7431706190109253,-0.46210551261901855,-1.6694732904434204,-0.08195016533136368,-1.4658023118972778,0.7288268208503723,-1.2586863040924072,1.5541430711746216,1.8806899785995483,-0.7069690823554993,1.036054253578186,0.8215115666389465,1.3801510334014893,0.7942976355552673,-0.6845920085906982,1.0514004230499268,-0.9096952676773071,-1.750131607055664,0.7227111458778381,0.41694220900535583,0.5913175344467163,-0.6528002023696899,-0.36883285641670227,-0.045314766466617584
-1.187056303024292,0.42475369572639465,-1.3266865015029907,1.9832549095153809,-0.35670965909957886,0.3761366307735443,-0.44019031524658203,-0.707429826259613,1.8739123344421387,0.9915167689323425,-1.2565295696258545,-0.13403403759002686,1.4339529275894165,1.1527273654937744,0.2983408570289612,2.2522668838500977,1.601297378540039,-1.2558006048202515,0.9270173907279968,-0.42223280668258667,-1.4943718910217285,-0.10695397108793259,-1.0585044622421265,2.2730789184570312,0.38604795932769775,-0.21394279599189758,-0.2508922815322876,-0.5998140573501587,-0.3122400641441345,-0.4714992940425873,0.3441600203514099,-1.1661403179168701,-0.15586239099502563,1.6235816478729248,0.6643269062042236,-1.5480079650878906,2.4973459243774414,1.0388232469558716,1.4360389709472656,0.7020942568778992,-0.7008107304573059,1.2400214672088623,1.3750571012496948,0.1817392259836197,-1.742807149887085,-0.738042414188385,-1.0366970300674438,1.8259482383728027,0.37846121191978455,0.004692528396844864
-0.7983065843582153,-1.4228737354278564,0.12823505699634552,-0.04739091917872429,-0.20325249433517456,-0.17070917785167694,-1.2965425252914429,-1.3494422435760498,1.9846440553665161,-0.45466238260269165,0.4947172999382019,-0.8415790796279907,-0.3656212389469147,-1.2401862144470215,1.7725719213485718,0.23796848952770233,-0.5638545155525208,0.427908331155777,-1.4016461372375488,-0.011878402903676033,-0.37839680910110474,-0.1947333663702011,0.03125882148742676,1.224050521850586,-0.6893619298934937,-0.9103001952171326,0.2934221625328064,1.0315836668014526,-1.353651523590088,-0.6263839602470398,1.3762718439102173,-1.6686514616012573,0.982208251953125,0.7559705972671509,-0.1104724258184433,0.3984091877937317,-0.19919733703136444,-1.816779613494873,-0.29151254892349243,1.8390803337097168,-0.8400161862373352,2.262730598449707,-0.4771088659763336,-1.4040963649749756,0.3073423206806183,-0.5640304088592529,-0.0899519994854927,-0.43224358558654785,-0.44846728444099426,-1.243921160697937
1.376915693283081,1.0314680337905884,-2.4803528785705566,0.3775536119937897,-0.15025430917739868,0.11323630809783936,1.19168221950531,0.9509698152542114,0.3858172595500946,0.8327780365943909,1.2650121450424194,-1.779083013534546,-2.718771457672119,0.054730188101530075,2.0921027660369873,-1.8382821083068848,2.3459229469299316,-1.0935401916503906,0.1718752086162567,0.7825072407722473,-2.0180559158325195,0.6269701719284058,1.0549445152282715,0.18475571274757385,-3.0057129859924316,2.4072182178497314,-1.4548494815826416,-1.9685406684875488,1.0809332132339478,-2.137873649597168,0.6618249416351318,0.8997256755828857,0.9967774152755737,-0.294530987739563,0.2125503271818161,-0.5009542107582092,0.2687847912311554,0.641464352607727,0.6453875303268433,-1.1406055688858032,0.8753907680511475,2.0225632190704346,-0.12032468616962433,0.824262261390686,0.38305529952049255,-0.23124825954437256,-0.17643582820892334,1.7682623863220215,0.48868897557258606,-0.09922335296869278
0.056908171623945236,0.014995425008237362,-0.4209417402744293,0.05560679733753204,-1.3872637748718262,0.4278017282485962,0.8529627323150635,-2.3912906646728516,-1.8663370609283447,0.30165091156959534,0.1506294459104538,-1.2369269132614136,1.1302735805511475,-0.3977011442184448,0.3439030051231384,0.6940500140190125,1.541656494140625,0.9196950793266296,2.0548295974731445,-0.2003152072429657,-0.9696052670478821,0.22235676646232605,2.110722064971924,1.0386830568313599,1.189405083656311,1.7713298797607422,0.1227361410856247,0.005485109053552151,0.3984290361404419,-1.1213830709457397,0.46092042326927185,0.562301754951477,1.6831129789352417,0.6894288063049316,-0.5112565159797668,-0.33352014422416687,-0.824038028717041,0.0955032929778099,1.3983500003814697,-0.33250126242637634,-0.19930239021778107,-0.38042983412742615,0.8258745074272156,-0.19474321603775024,1.2938812971115112,0.9338359832763672,-1.46236252784729,0.6288324594497681,1.6397593021392822,-0.8490103483200073
-0.3843349516391754,0.41260749101638794,0.011429247446358204,0.427055299282074,0.4897920787334442,0.8536127209663391,-1.4359147548675537,-0.8017142415046692,-0.9170549511909485,-0.6252986192703247,-0.3360075056552887,-1.5702111721038818,-0.26422181725502014,0.6601795554161072,0.7877788543701172,-1.5611261129379272,-0.25390493869781494,0.8934416770935059,-0.4602358341217041,-0.4533238410949707,0.05945094674825668,0.37211036682128906,-0.023129543289542198,-0.8501549363136292,-0.3380870223045349,-0.2855217158794403,0.984342098236084,0.6164976358413696,0.12125164270401001,-0.8726463317871094,0.7634795904159546,0.39067959785461426,-0.8736335635185242,-0.6817257404327393,0.47215622663497925,0.8279234170913696,0.5940646529197693,1.5640501976013184,0.3248623013496399,-0.43160322308540344,1.349090337753296,0.44754624366760254,-0.013623129576444626,-0.43511152267456055,0.2225019484758377,-0.9206198453903198,-0.4698106050491333,0.029032884165644646,-0.23713922500610352,-0.8912938237190247
-0.5254942178726196,0.9671230912208557,0.5703312158584595,1.2461916208267212,-0.19348183274269104,1.925520420074463,-1.0575248003005981,0.22111128270626068,0.1594090610742569,0.6952716112136841,0.8229174017906189,-0.18841904401779175,0.7999148368835449,-0.6361715197563171,0.7330767512321472,0.28110089898109436,1.0127677917480469,0.6879239678382874,0.018371928483247757,-0.9724956750869751,1.0376816987991333,-0.9012701511383057,0.6047304272651672,-1.1322132349014282,-0.3543163537979126,-1.2287777662277222,0.5778164267539978,1.197088599205017,-1.0326522588729858,-0.8351047039031982,0.9411442279815674,-0.5315752625465393,-0.740063488483429,-0.3822435736656189,-1.2484561204910278,0.9802679419517517,-0.16299213469028473,-1.409105896949768,-0.9343773722648621,1.0402153730392456,0.8829535841941833,0.007486147806048393,-0.16784930229187012,-1.5544276237487793,0.06865110248327255,0.2143111228942871,-0.023913703858852386,-0.8111177086830139,-0.7196082472801208,-1.1200637817382812
-0.46578121185302734,0.23054061830043793,-0.3247957229614258,-0.9539486765861511,-2.226139783859253,1.1509392261505127,0.6785616278648376,-0.44126930832862854,0.9031835198402405,1.2742688655853271,1.0013298988342285,-0.7122789621353149,0.633734405040741,1.3407002687454224,1.2327346801757812,-0.5271056890487671,1.3273817300796509,1.0598424673080444,-0.8705392479896545,-0.2895354926586151,0.10454948991537094,-1.7744941711425781,0.11535052955150604,-0.317387193441391,-0.15611596405506134,-0.32995373010635376,-0.774834156036377,0.8755214810371399,0.4025137722492218,-0.2242341935634613,0.7321089506149292,1.27015221118927,-2.108844757080078,-0.3133366107940674,-1.2612082958221436,-0.3621170222759247,0.433351993560791,-1.0709927082061768,-1.8425849676132202,2.734488010406494,-0.35653096437454224,-0.3650115728378296,1.0305097103118896,0.6365476846694946,1.3111625909805298,-0.027341868728399277,-1.4213074445724487,0.8618009090423584,0.43061310052871704,0.21401427686214447

Slice 11
0.02404089644551277,-0.6286432147026062,-0.6801422834396362,0.20384863018989563,0.0634249746799469,1.2253592014312744,0.6260334253311157,0.95281982421875,0.7136940956115723,-0.5267723798751831,-1.1539431810379028,-0.8564825057983398,-1.0127440690994263,-1.1862999200820923,-0.16327635943889618,0.9327796697616577,0.04995846003293991,-0.4148094356060028,0.009911645203828812,0.5918864607810974,1.2364025115966797,-0.21064019203186035,-0.034481313079595566,-0.4385434687137604,-0.43225646018981934,-0.06973061710596085,-0.7079499363899231,0.02279573306441307,-0.9636749029159546,-0.14926227927207947,-0.9863013029098511,1.1645714044570923,-0.037250034511089325,0.9365984201431274,-0.08021653443574905,1.0728191137313843,0.16954678297042847,-0.3393365740776062,-1.326136827468872,0.08652081340551376,-1.4812387228012085,-0.3864082098007202,0.23774102330207825,0.27200764417648315,-0.6033639311790466,0.30527183413505554,-0.4659499228000641,0.26069337129592896,0.9890246987342834,-0.3406820297241211
1.169244647026062,0.24277743697166443,0.7468169331550598,1.4550753831863403,0.4501083791255951,-1.619120717048645,-1.964463710784912,1.0748471021652222,-0.6021336317062378,-0.18666641414165497,-0.09309007227420807,-1.5327173471450806,1.3423044681549072,-0.16469988226890564,-0.32900211215019226,-0.7413473725318909,-2.7609951496124268,0.2993611991405487,-0.1395249366760254,-1.3913716077804565,1.2313518524169922,-1.5182987451553345,-0.19161275029182434,0.14526954293251038,0.14119724929332733,0.07122988998889923,-0.8477066159248352,0.6616321206092834,1.6800038814544678,-0.5364488959312439,-1.7153995037078857,-0.724117636680603,0.28610584139823914,-0.47258588671684265,0.1434846967458725,-1.2115216255187988,-1.1756150722503662,-1.4843100309371948,1.0366288423538208,0.9376649856567383,-0.15321093797683716,1.548327088356018,-0.8206602931022644,0.7213205695152283,0.04753817245364189,-0.10620748996734619,1.0012472867965698,0.07949745655059814,-0.14688709378242493,-1.2571210861206055
-0.0915820449590683,0.715355634689331,-0.9475436806678772,-0.3078802824020386,-1.1243956089019775,0.34857800602912903,0.9719581007957458,-0.0366673618555069,0.6777945756912231,-1.3889983892440796,0.894182562828064,1.6928027868270874,-0.8011407256126404,1.5766353607177734,-1.4123444557189941,1.7895252704620361,0.35900235176086426,0.7358031868934631,-0.9993765354156494,-0.9887882471084595,-1.8774210214614868,-0.9580934047698975,0.7439465522766113,1.2984373569488525,-1.2283086776733398,-0.09669892489910126,-0.7841960191726685,-1.2013452053070068,-0.666968047618866,0.7292518019676208,-1.3295347690582275,-0.20384001731872559,-0.4375303089618683,0.7325050234794617,0.5917121767997742,-0.9034814834594727,1.060462474822998,1.472971796989441,-1.386411190032959,-1.7717128992080688,-0.7596230506896973,-1.1944726705551147,-1.3003116846084595,0.6524477005004883,0.9641441702842712,-0.7211449146270752,0.3032221794128418,-0.17943409085273743,1.4284814596176147,-1.1563746929168701
0.7484307289123535,0.9645748138427734,0.18189378082752228,-0.24585367739200592,1.016255259513855,1.5483038425445557,0.848416268825531,-0.1613837033510208,-0.23272313177585602,0.32853639125823975,0.870759904384613,0.000527024909388274,-1.1468024253845215,-0.39139774441719055,1.047791838645935,1.2666798830032349,1.5393767356872559,-1.340063214302063,2.164546489715576,0.5878701210021973,-0.10172203183174133,0.4876891076564789,-0.7988833785057068,-0.5210011601448059,-0.18423500657081604,-0.39468926191329956,0.7437150478363037,-0.5135863423347473,-1.1025768518447876,1.4598296880722046,1.6492729187011719,0.513171374797821,-0.2883206307888031,-1.134158730506897,-0.05757107958197594,0.8554285168647766,1.0675537586212158,0.0967804342508316,-0.930016040802002,-1.0267243385314941,-0.19717007875442505,-0.029159530997276306,2.4259676933288574,1.0120172500610352,-1.0734491348266602,-0.07377869635820389,-0.6440055966377258,-0.645815372467041,0.42648202180862427,-0.6872420907020569
0.09601154178380966,-1.0481610298156738,-0.5364065766334534,-0.09647884219884872,-0.9443082809448242,-0.1848161816596985,-0.6027949452400208,-1.2804579734802246,1.9210760593414307,-0.3058553636074066,-1.0691869258880615,-1.5709402561187744,0.4452591836452484,-0.4663878083229065,0.5790555477142334,1.0233603715896606,-1.221590518951416,-1.2261921167373657,-1.254003643989563,0.6209309697151184,-0.7899723649024963,0.9657621383666992,-2.310443639755249,-0.5772351622581482,-1.371390700340271,2.502528190612793,0.4521043598651886,-0.3763207495212555,0.585658073425293,-0.6888790726661682,-0.5399797558784485,1.1529529094696045,2.97119140625,1.407961130142212,0.06953822821378708,-0.960283100605011,-0.7905106544494629,0.5366196036338806,-1.1488004922866821,-0.9210439324378967,0.8977312445640564,0.0981239452958107,-0.3755379915237427,-0.169086754322052,-0.7801164984703064,2.327028274536133,0.011066663078963757,-0.9012361764907837,-2.1712729930877686,-0.9027760028839111
-1.278726577758789,-0.7548621892929077,-0.8262293934822083,-0.2713589370250702,0.42776885628700256,-0.47312217950820923,-0.7175798416137695,-1.6716089248657227,0.906621515750885,1.2899901866912842,-0.10392707586288452,0.18319813907146454,0.46262606978416443,0.5600978136062622,2.371920585632324,-0.33010348677635193,-0.5508546829223633,0.7048062086105347,0.4236031174659729,-0.12517471611499786,-0.07013463973999023,1.3496606349945068,0.6899443864822388,-0.9343577027320862,-0.20776072144508362,-0.1586941033601761,0.9550577402114868,-0.32175251841545105,-0.5383501648902893,1.0129445791244507,0.0763414278626442,1.844185709953308,0.06164207682013512,-1.075881838798523,1.7929655313491821,0.47642597556114197,0.8828327655792236,0.166092187166214,-0.947784423828125,0.25856614112854004,1.6741831302642822,-1.1088083982467651,0.7249237895011902,-0.5946171879768372,0.8917290568351746,-1.0229586362838745,0.891815185546875,-0.02409154176712036,0.5143868327140808,-0.2765396237373352
-0.4128830134868622,-0.26648131012916565,0.4193945825099945,-2.2138192653656006,0.8411344885826111,-0.8262424468994141,0.8019330501556396,-1.8822799921035767,-0.6043468117713928,-1.4159371852874756,0.12754692137241364,1.5002504587173462,-0.4003852307796478,0.19011658430099487,0.08246149122714996,-1.0712469816207886,0.6547185778617859,0.23942525684833527,-0.8935677409172058,-0.02712322026491165,-2.4365339279174805,-0.5626632571220398,0.4632270336151123,0.40570858120918274,-1.7733385562896729,0.012096568010747433,0.8108515739440918,-2.2651917934417725,0.5932683348655701,1.1794356107711792,-0.17049174010753632,-0.3539055287837982,-0.859850287437439,0.4987228512763977,0.28886738419532776,0.9512630105018616,0.31297004222869873,-0.862987756729126,-0.84009850025177,-0.7061668634414673,0.07465356588363647,1.0062718391418457,0.5238848328590393,-0.8259162306785583,0.7232524156570435,0.11110720783472061,0.056849025189876556,-0.3515702188014984,1.2081307172775269,-1.2586889266967773
1.7742170095443726,0.32617074251174927,-1.137681484222412,1.3188776969909668,-1.1810369491577148,-0.5222854614257812,0.45552289485931396,0.9754146933555603,-1.5332900285720825,0.10141246020793915,-0.00827763695269823,1.469030499458313,0.47835004329681396,0.17314164340496063,-0.5407640933990479,-0.6039755940437317,1.164355754852295,0.2104286253452301,-0.5944923758506775,-1.4668772220611572,0.03322449326515198,-0.03435242176055908,-0.26660385727882385,-1.5218474864959717,-0.25908932089805603,-0.6595699787139893,1.2331645488739014,-0.10951320081949234,0.41118860244750977,-0.06717146188020706,1.5895785093307495,0.3803058862686157,-0.5123589634895325,-1.9675800800323486,0.5891662240028381,-0.8174193501472473,-0.26512977480888367,-0.3067121207714081,0.006312939804047346,0.5734617114067078,0.6266277432441711,-0.08155623078346252,0.5834656953811646,1.220906138420105,0.6863225698471069,0.11225130409002304,1.7824949026107788,-1.9576714038848877,-1.5078405141830444,-0.8450497388839722
1.789137601852417,0.4309081435203552,0.1376669704914093,0.6525757312774658,0.16175082325935364,-0.2944795787334442,1.6443758010864258,1.4330631494522095,-0.0511871762573719,-0.7105710506439209,1.1507580280303955,1.4409160614013672,-0.7392133474349976,1.1058586835861206,0.7768902778625488,0.4503653645515442,-0.6363009810447693,-0.46078282594680786,-0.2076125293970108,-0.026702560484409332,-1.1726737022399902,-0.7749506831169128,0.7270858883857727,1.6982154846191406,1.1604411602020264,-0.31068480014801025,-0.021808966994285583,0.5260926485061646,0.23710551857948303,2.7351233959198,-0.6887758374214172,0.06542550027370453,0.1521952897310257,-0.3078104257583618,-0.16666074097156525,2.0450491905212402,-0.04014306887984276,-0.4577561914920807,-1.972537636756897,0.4364713430404663,-0.09355863183736801,0.19955089688301086,1.3993829488754272,2.21783185005188,1.2459731101989746,-0.7788960933685303,0.48991718888282776,0.39011290669441223,0.9881953597068787,-1.4829363822937012
0.03701115399599075,-0.5369677543640137,1.236167311668396,0.6492529511451721,1.1593083143234253,-1.8674951791763306,-0.24274705350399017,0.5158106684684753,0.26435092091560364,-0.40760669112205505,-1.3113281726837158,1.1768920421600342,-0.6164783835411072,-0.5066164135932922,-0.8964418768882751,-0.3437400758266449,1.7824945449829102,-0.5128287672996521,-1.5296247005462646,1.7410093545913696,0.16489318013191223,0.06166113540530205,0.9946521520614624,-1.9659526348114014,0.02581564523279667,0.6058429479598999,-0.9581081867218018,0.33431097865104675,0.7843136787414551,0.2116604745388031,-0.8373133540153503,1.7017674446105957,1.1595200300216675,-1.755098819732666,0.6121454238891602,-1.515735387802124,-1.233006238937378,0.3240271508693695,-0.022661937400698662,0.47605040669441223,-1.238315463066101,1.1717065572738647,0.5680553317070007,-0.6677570939064026,0.6610984802246094,-1.1530475616455078,0.731020987033844,1.813633918762207,0.2543364465236664,1.3322577476501465

Slice 12
0.3171147108078003,0.09389927238225937,-0.6447997689247131,-1.2262108325958252,0.9536614418029785,0.26582300662994385,-0.8646687269210815,-0.09246745705604553,0.5815169811248779,-0.2634029984474182,-0.07968234270811081,0.5930520296096802,0.9371176958084106,-1.121238112449646,-0.5291456580162048,-0.7900515794754028,0.2483469694852829,-0.13311165571212769,0.6983138918876648,-0.8678070902824402,-0.4473123550415039,-1.331083059310913,0.09508462995290756,-0.07008499652147293,-1.338344693183899,0.9695084691047668,0.41624554991722107,2.1237218379974365,-0.5147541761398315,1.6743550300598145,-0.027985313907265663,0.8160373568534851,-0.7530858516693115,0.9388697743415833,1.1171035766601562,0.3728642761707306,1.6904759407043457,-0.5257604718208313,-1.17648446559906,1.844659686088562,0.7909855842590332,0.7071121335029602,1.2735635042190552,0.20641276240348816,-0.3985745310783386,0.8194441199302673,-1.0747265815734863,-0.6126507520675659,-0.2650180459022522,2.699848175048828
-0.1680315136909485,-0.42037075757980347,0.21837732195854187,-1.215571641921997,0.6977586150169373,-0.9891490936279297,-0.16977696120738983,0.6895727515220642,0.19047507643699646,-0.16391555964946747,-0.3284047842025757,0.6609958410263062,0.11953398585319519,0.11578303575515747,1.2388440370559692,-0.4451275169849396,0.691057026386261,-0.9558464288711548,-0.9675637483596802,0.011919176205992699,0.8451549410820007,0.34023237228393555,-0.7566858530044556,0.11352375894784927,0.6221380233764648,-0.6792680025100708,0.19732993841171265,-1.2704452276229858,0.9423820972442627,-1.262269377708435,0.12707257270812988,0.1510155349969864,-0.5568839311599731,2.111117362976074,0.578822672367096,0.6744723320007324,0.05421091988682747,-0.20951518416404724,-0.7263335585594177,0.21827998757362366,-0.07436346262693405,1.3902440071105957,-0.20711733400821686,-0.04578286036849022,0.3963945806026459,1.0688056945800781,-0.38499054312705994,-0.06898931413888931,1.3891061544418335,0.032103005796670914
-0.11183753609657288,-1.0695884227752686,-0.8078317642211914,-0.7653964161872864,1.479939341545105,0.5132794976234436,-1.3084511756896973,0.7784302234649658,-0.03382185474038124,0.17277444899082184,-0.12261315435171127,0.053764525800943375,1.278846263885498,-0.39289209246635437,-0.13828472793102264,0.32970497012138367,-1.3494559526443481,0.24636933207511902,-0.3208501636981964,0.8414372205734253,-0.3684426248073578,-0.11494998633861542,-2.037806749343872,-0.8084270358085632,0.14009086787700653,-0.4342474341392517,0.7914738059043884,-0.114536814391613,0.026263419538736343,1.3334245681762695,1.193608045578003,-0.1788814514875412,0.6460539102554321,-0.08346471935510635,-0.1610792726278305,-0.05851370841264725,-0.8335242867469788,0.07982801645994186,-0.6687718033790588,-0.6922515630722046,0.5156049132347107,0.18853384256362915,-0.7064836025238037,0.6436209678649902,-0.03931615501642227,-0.5051049590110779,-0.2472304254770279,1.6441739797592163,-0.9724211692810059,0.24792733788490295
-0.9919791221618652,1.3912163972854614,-0.18946810066699982,-0.7680584788322449,0.8237496018409729,-0.33944910764694214,2.4200127124786377,-0.8270509839057922,0.3777851462364197,0.5651728510856628,0.07123416662216187,-0.6019797325134277,-0.6458089351654053,-1.0940195322036743,0.2562068700790405,1.127619981765747,-1.5117326974868774,-1.0997023582458496,1.6422048807144165,-0.7772626280784607,-1.1652867794036865,-0.6529970765113831,1.006460189819336,-0.10925612598657608,-0.5063174962997437,-0.08022740483283997,-0.10422103852033615,-0.5112323760986328,0.10632385313510895,-0.3110696077346802,-0.9611803889274597,-1.3810155391693115,0.13449478149414062,-0.46855098009109497,-0.5607521533966064,0.3360237181186676,-0.14619307219982147,-0.3092264235019684,-0.457485556602478,2.145805835723877,0.0039746747352182865,-1.457352876663208,-0.6365600824356079,0.230129212141037,1.0330439805984497,0.6154035925865173,-0.4966215193271637,-0.7625470161437988,-1.26997971534729,-0.020879797637462616
1.7404519319534302,0.34452471137046814,1.7171694040298462,0.06099328026175499,0.7737996578216553,-1.200761079788208,0.9973253607749939,-0.9108064770698547,1.0309685468673706,1.408591389656067,0.424148291349411,-1.6210720539093018,0.6984972953796387,-1.7602113485336304,0.5243740081787109,0.03872494772076607,-1.164907693862915,-0.6626421213150024,1.6318535804748535,0.3542986214160919,1.4106342792510986,0.25529804825782776,-0.26796582341194153,1.109417200088501,-1.0490734577178955,0.003015939611941576,1.1724861860275269,-0.12820051610469818,1.1783113479614258,-1.842429518699646,-1.406079888343811,1.779050588607788,-1.450557827949524,0.40027064085006714,-0.6140291094779968,-0.12281764298677444,-0.004521511495113373,-0.8133479952812195,-1.0706335306167603,-0.5344088077545166,0.14248991012573242,-0.7480818629264832,0.8555017709732056,1.812643051147461,1.24306058883667,0.9567375183105469,0.5417261719703674,-0.3510855436325073,-0.7173486351966858,1.7386118173599243
-2.0178349018096924,0.3610161244869232,-0.6942015290260315,0.8791773319244385,0.37825730443000793,0.34522825479507446,1.3374327421188354,0.8501102328300476,-0.4151972234249115,1.3776464462280273,1.510451316833496,-2.1750409603118896,-1.5536702871322632,0.3914746642112732,-1.233222246170044,-0.03057648427784443,0.5044950842857361,-0.07601793855428696,2.606039047241211,1.570356845855713,-2.4439759254455566,1.5318806171417236,1.4127875566482544,-0.3346787691116333,-1.102374792098999,-0.22773486375808716,1.1453056335449219,1.241041898727417,-1.1404675245285034,0.06736893951892853,0.39735403656959534,-1.7261788845062256,-1.4272208213806152,-1.6448510885238647,-0.6098293662071228,1.3454419374465942,-0.6728992462158203,-1.295164942741394,0.6183308959007263,1.4419312477111816,0.343347430229187,-0.7768579721450806,-1.5005161762237549,-1.9936659336090088,-1.5705333948135376,-1.0317041873931885,-0.3401118218898773,1.5391018390655518,-1.456972360610962,0.49361300468444824
0.7269495725631714,0.2277417927980423,0.12519115209579468,0.7395340800285339,-0.3487981855869293,0.7987990975379944,1.082313060760498,-0.1417037397623062,-1.2323719263076782,0.3720029294490814,1.0670818090438843,1.0790621042251587,-0.3102935552597046,-0.5242613554000854,0.5472408533096313,0.7258999943733215,-0.6353822350502014,0.5559031963348389,0.24150198698043823,0.4043034613132477,0.2739524841308594,-0.6749975085258484,-1.5755631923675537,0.5213084816932678,0.18697845935821533,-0.34799471497535706,-1.3228050470352173,-0.93236243724823,1.044467568397522,0.8474175333976746,-1.1610348224639893,-0.26508185267448425,-0.5044512748718262,1.3489439487457275,-0.16773924231529236,1.0612118244171143,0.6577014327049255,0.2435060739517212,-0.32724225521087646,0.37935763597488403,1.0832704305648804,-1.3873263597488403,0.590472936630249,0.18606489896774292,0.3465648889541626,0.8000816106796265,0.3161417543888092,0.12436225265264511,0.09058316797018051,-1.5318145751953125
-0.08908478170633316,0.5184568166732788,-0.20381933450698853,0.8651834726333618,1.3298697471618652,-1.0600050687789917,-0.7931869029998779,-1.0921385288238525,-0.5045713186264038,0.9267742037773132,0.8120413422584534,-0.7530052065849304,-1.8655668497085571,0.5641719102859497,-1.3005332946777344,-1.547755241394043,0.3790779113769531,0.5067698359489441,1.0417587757110596,1.0002723932266235,0.15403123199939728,0.7383289337158203,0.21038873493671417,1.0411454439163208,1.0832891464233398,-1.1332424879074097,1.2244843244552612,0.06361813098192215,0.8978076577186584,-2.44856595993042,0.12207141518592834,0.1555667370557785,1.4098167419433594,1.138516902923584,1.1236660480499268,0.5079259276390076,-1.436192274093628,1.3469105958938599,-0.3212546706199646,0.5589768290519714,0.34576594829559326,0.08642667531967163,-1.1542540788650513,-1.8574081659317017,-0.52262943983078,0.24946439266204834,0.8139117956161499,-0.23074080049991608,0.39939093589782715,1.4787952899932861
0.3815847337245941,0.6187029480934143,0.22769860923290253,0.33770209550857544,-2.636619806289673,0.052446331828832626,-0.6039052605628967,-0.6503669619560242,0.8720062375068665,0.0504441075026989,0.675771176815033,-0.11402066051959991,-1.902838945388794,-0.5230298042297363,-0.30728083848953247,0.8440731167793274,-1.6743321418762207,0.5769161581993103,-1.0033855438232422,-0.23180685937404633,0.09472639858722687,0.7760086059570312,-1.2017472982406616,-1.670716404914856,-1.0238709449768066,-0.8252663612365723,0.7742350101470947,-0.45502132177352905,-0.687505841255188,0.036475710570812225,1.2664613723754883,0.894909143447876,-1.72208833694458,0.5940706729888916,-1.981616497039795,0.039043597877025604,-0.07102653384208679,-1.22500479221344,0.05680643022060394,-0.5700705051422119,1.3932324647903442,0.5608076453208923,-0.5918406248092651,-1.7207919359207153,-0.04631544277071953,-0.40791577100753784,-0.5245593786239624,-1.3147032260894775,-0.552454948425293,1.3381596803665161
-0.013395193964242935,0.10523207485675812,0.6697601079940796,1.390019178390503,-0.7941886186599731,-0.5522151589393616,0.41695624589920044,-1.1953386068344116,0.44537627696990967,1.6440640687942505,1.2905561923980713,-1.5545135736465454,-0.3992530405521393,0.00998756941407919,-0.397378534078598,0.745412290096283,0.7596840858459473,0.09591991454362869,1.373090147972107,0.22831974923610687,0.7637550234794617,1.2775336503982544,-1.1738131046295166,2.240100860595703,0.12134960293769836,-1.4856613874435425,-0.15522828698158264,-1.105390191078186,0.26011767983436584,-1.827612042427063,-0.3330219089984894,0.1005215048789978,-0.11630529910326004,-1.7600250244140625,-0.1427219808101654,0.279339462518692,-1.3493762016296387,0.23639526963233948,-0.49872592091560364,0.6804717183113098,0.03606398031115532,-0.7991798520088196,-1.0089664459228516,0.44035136699676514,-0.18185536563396454,-0.9997019171714783,0.40749847888946533,-0.5234997272491455,0.039657216519117355,-1.0499591827392578

Slice 13
1.1623045206069946,1.825924277305603,0.3814026117324829,-0.6141814589500427,0.2675262689590454,0.386650949716568,-0.3668801784515381,-0.33297836780548096,0.470241904258728,0.782639741897583,-0.23316043615341187,0.09539880603551865,0.24493451416492462,-0.07619774341583252,2.083829164505005,1.833735466003418,0.47827306389808655,-0.6268801093101501,-0.9812267422676086,0.5304095149040222,0.192203551530838,-0.7550367712974548,-0.5435228943824768,-0.3738880455493927,-1.9119099378585815,0.40937262773513794,-0.4960325360298157,-0.9724694490432739,-0.5273591876029968,-1.2454841136932373,-0.5428868532180786,1.810058832168579,-0.2203618586063385,-0.7690469026565552,-1.4139460325241089,-0.11725110560655594,-0.3496719002723694,-1.4555031061172485,-0.23942309617996216,1.3999640941619873,-0.5103611350059509,-0.9503266215324402,0.4752466380596161,-2.1105947494506836,0.4886637032032013,-1.8576923608779907,-2.1450657844543457,0.04696809872984886,-0.07586567103862762,0.3109445571899414
-0.10964372754096985,1.1398935317993164,0.34629350900650024,0.5202075242996216,-0.35149821639060974,0.18203429877758026,1.7585396766662598,-0.4892892837524414,-0.4770171344280243,-0.33616065979003906,-0.7957742214202881,1.2466174364089966,1.6376206874847412,-0.4176590144634247,-0.8421273231506348,-0.1346147060394287,0.4023672044277191,1.9811911582946777,-0.8399887084960938,-0.41316327452659607,-0.1449602246284485,-0.17319628596305847,0.47707125544548035,-0.40965551137924194,0.35237500071525574,1.4356918334960938,0.8353897333145142,0.6690950393676758,-0.21829664707183838,0.22051633894443512,-0.1299191266298294,-0.7229464054107666,1.4740498065948486,-1.4241868257522583,2.0141937732696533,0.1503077745437622,-1.7841975688934326,-0.477518767118454,-0.8133073449134827,-0.4031074643135071,-0.3820841908454895,1.4010049104690552,0.7217203378677368,0.2739715874195099,-0.3072344660758972,0.8504247665405273,-0.6269857883453369,-0.09256257861852646,-1.695149302482605,1.7740308046340942
0.5888056755065918,0.2743053138256073,0.9550241231918335,-0.06650012731552124,-0.1979658156633377,0.8222184181213379,-0.4026713967323303,-1.3524951934814453,0.15085753798484802,-0.4623315930366516,-0.13848215341567993,-1.2323548793792725,0.33843106031417847,-0.319281667470932,0.19389797747135162,-0.13383789360523224,-0.4379822611808777,-1.2053762674331665,0.9130445718765259,1.1777381896972656,0.838740348815918,1.5211551189422607,0.6401987075805664,0.8436000943183899,1.2756770849227905,0.9638673067092896,-0.045639049261808395,-1.7604830265045166,0.9982602596282959,0.37317344546318054,-0.07914885133504868,-0.3250363767147064,-1.1124564409255981,0.19456879794597626,1.1987977027893066,-0.11698253452777863,-0.8933675289154053,-0.16311584413051605,-0.0281208585947752,-0.8011273741722107,-1.342819333076477,-0.8134234547615051,1.21046781539917,0.48059341311454773,2.0529730319976807,-0.3681354224681854,0.46601343154907227,-0.8829572200775146,0.16558492183685303,0.5506806373596191
-1.084566593170166,-0.06262429803609848,-1.9001544713974,-0.5862859487533569,-0.8292548060417175,0.8648989200592041,-0.43346914649009705,0.5273486375808716,-1.2201024293899536,-0.4978346526622772,-0.3024490773677826,-2.0129826068878174,-0.2943395972251892,-0.8263230323791504,0.03451620787382126,0.963955819606781,0.13023404777050018,-1.7866014242172241,0.8506326079368591,-0.6517782211303711,-0.22705358266830444,0.8788317441940308,-0.04630280286073685,0.4730440080165863,-0.30986467003822327,-1.0131584405899048,-0.4279041588306427,0.43829265236854553,0.7085536122322083,0.7469489574432373,0.2129606455564499,-0.49776580929756165,0.5727054476737976,0.8960096836090088,-0.9208229184150696,-1.3956800699234009,2.072329521179199,1.6173442602157593,0.8403584361076355,0.3131248354911804,-0.32569605112075806,0.7549864649772644,-1.626136302947998,0.575624406337738,-0.36386993527412415,1.039306402206421,1.8137423992156982,0.004110894165933132,2.2267487049102783,-1.3020858764648438
-0.8521796464920044,0.4947209060192108,0.8663689494132996,0.89375901222229,-1.2096084356307983,-0.23458680510520935,-0.07452788949012756,1.3306175470352173,0.8112272620201111,2.5371060371398926,1.112602949142456,-0.30189546942710876,-0.29699838161468506,0.411597341299057,0.8513942360877991,0.37869906425476074,-2.570199728012085,-1.0824241638183594,0.3985652029514313,-0.4449138045310974,0.48949435353279114,0.2955455183982849,0.6022834777832031,-1.4398610591888428,1.2168006896972656,0.6580971479415894,-1.4737180471420288,-0.5204135179519653,0.10050109773874283,-1.1884746551513672,0.19070333242416382,0.9729026556015015,-0.8851479887962341,0.37982672452926636,-0.8803614974021912,0.10369036346673965,-2.1918094158172607,-1.1186294555664062,0.30485638976097107,1.0224921703338623,0.19639648497104645,-1.230727195739746,1.421181559562683,-1.0807722806930542,1.8003044128417969,-1.1887495517730713,-0.07192207127809525,-2.1326448917388916,-1.747849941253662,1.837498664855957
0.22746260464191437,1.001917839050293,1.7389692068099976,-0.39551541209220886,-0.01501077227294445,0.8755287528038025,2.093191146850586,-0.2929817736148834,0.06100984290242195,1.6421122550964355,0.7087245583534241,0.6059408187866211,-0.3488955497741699,-0.5574935674667358,0.529902994632721,0.8483872413635254,1.460016131401062,1.3376227617263794,-1.157297134399414,0.6235724091529846,-0.2822812795639038,-0.9583227634429932,-0.6598249673843384,0.46997517347335815,0.3956579566001892,-0.782692551612854,-0.6812876462936401,-1.0220922231674194,-1.4041738510131836,-0.5469180941581726,-0.595930814743042,0.22499258816242218,-0.7712395191192627,-1.4696381092071533,-0.7333195209503174,1.0470950603485107,0.23846612870693207,-0.20671483874320984,-1.6209592819213867,0.1506025195121765,-1.1313602924346924,-1.8079558610916138,-0.3157934546470642,-1.5436596870422363,0.1286037713289261,-0.6129685044288635,0.10692586749792099,0.10966041684150696,0.2159753143787384,-0.8681789040565491
-0.041386570781469345,-0.4972023665904999,0.018091419711709023,1.5524728298187256,-1.1435589790344238,-0.2766267955303192,-0.7429741024971008,-0.18555262684822083,-0.42436566948890686,-1.1686961650848389,-0.19919094443321228,-0.7095259428024292,0.22358107566833496,1.0325613021850586,-0.7674814462661743,0.5826264023780823,0.5127180218696594,-2.0510542392730713,0.8230639696121216,-1.4721490144729614,-1.3454433679580688,0.2724761664867401,-0.23388837277889252,-1.2560380697250366,0.37101924419403076,0.8561438918113708,-1.953773021697998,0.9232243895530701,0.11401152610778809,-1.4966436624526978,0.5881887078285217,0.05542690306901932,-0.37316495180130005,0.8631903529167175,-0.2893599271774292,-1.5641376972198486,-0.40760675072669983,-0.2571159601211548,-0.15543393790721893,0.12657105922698975,0.2712849974632263,-0.5964576601982117,1.4915454387664795,-0.32334163784980774,0.08548532426357269,-0.3203171193599701,-0.7127202749252319,0.14134491980075836,-1.1828023195266724,0.49805474281311035
0.16711905598640442,0.18599668145179749,0.06321848183870316,0.3027366101741791,0.21577134728431702,0.27606233954429626,-0.7622631788253784,-0.5236243605613708,1.0266367197036743,-0.0811452716588974,0.03152110055088997,-0.7686396241188049,-0.5320577025413513,0.5823242664337158,-0.05041946843266487,-0.1249040812253952,1.4569387435913086,-2.139533281326294,0.39636486768722534,-1.1786288022994995,-1.5829861164093018,0.4379323422908783,-0.014979185536503792,0.17788223922252655,0.6391395926475525,-0.4972149729728699,0.43210121989250183,-1.3612847328186035,0.5188413262367249,-1.0534977912902832,-0.47034943103790283,0.10102193057537079,-0.08730331063270569,-0.7508664131164551,1.6186429262161255,-0.8716431856155396,-0.7894003391265869,-0.8840941190719604,-0.06790409982204437,0.45577266812324524,-1.3337005376815796,1.1196264028549194,1.3310356140136719,0.633542537689209,-0.8073506951332092,-1.808668851852417,-0.5881304740905762,0.1728496253490448,-0.03487928584218025,-0.2995697259902954
-0.9066994786262512,0.1540037989616394,-0.3118801414966583,-2.198798656463623,-0.22250866889953613,1.1985564231872559,-0.4067707657814026,0.723577082157135,-0.5063542127609253,-0.2652246952056885,1.3488203287124634,0.568619430065155,-0.588678240776062,-1.8102247714996338,0.3755342960357666,-0.9103101491928101,0.07793334871530533,-0.22472472488880157,-0.8911478519439697,-0.15998105704784393,-0.44073349237442017,0.3594772517681122,0.498960942029953,0.14575421810150146,0.5355924963951111,0.08101994544267654,0.022780736908316612,0.08146960288286209,-0.29474467039108276,-1.0569714307785034,-1.5862929821014404,-1.0515174865722656,0.6800441741943359,-0.8806811571121216,-0.3078082203865051,0.6617825627326965,0.9964326024055481,-0.5662251114845276,-0.17916972935199738,0.11784350872039795,-0.15947796404361725,0.270016610622406,-0.9501459002494812,0.011751842685043812,-1.0448297262191772,-1.260765552520752,-0.5145208239555359,-0.8179723620414734,0.4902021586894989,0.8511650562286377
0.607566773891449,1.2014963626861572,0.4421291649341583,0.5411633849143982,0.16905075311660767,0.18004532158374786,-1.4633691310882568,0.2387637048959732,0.8861548900604248,0.493326336145401,-0.20616315305233002,-0.8184752464294434,0.5580857396125793,0.7685192227363586,1.224131464958191,-0.5218336582183838,1.748268723487854,0.36160576343536377,0.3217569887638092,1.615471601486206,0.016792500391602516,-0.08466385304927826,-1.2168301343917847,-0.31603148579597473,1.0932320356369019,0.3038167357444763,0.42311909794807434,0.718657910823822,-0.5382542014122009,0.3446768820285797,0.5156574249267578,1.302468180656433,-0.906602144241333,-0.3585222065448761,0.3537287712097168,0.33240386843681335,1.1453436613082886,0.32088935375213623,-0.6078318357467651,-0.9244108200073242,0.9970648288726807,-0.22116805613040924,-0.44847574830055237,0.626841127872467,-0.28256332874298096,1.3864997625350952,2.6724817752838135,1.8303837776184082,0.8344094157218933,-0.5473968386650085

Slice 14
-0.5764260292053223,0.8470584750175476,1.2500799894332886,0.42553576827049255,-0.2394556701183319,-0.5697849988937378,-0.1650594025850296,0.15957137942314148,0.3577805459499359,-1.3761191368103027,-0.6165742874145508,0.7429681420326233,0.13918161392211914,-0.990544855594635,-0.20186378061771393,0.47225064039230347,1.3639073371887207,0.18829739093780518,1.296451210975647,0.7542504072189331,-1.5348939895629883,1.6708519458770752,0.9929235577583313,1.06273353099823,0.023630302399396896,-0.024249576032161713,-0.7911171317100525,-1.4380642175674438,-1.5924402475357056,0.4746074974536896,0.5210884809494019,0.9140947461128235,-0.24243973195552826,0.295836478471756,-0.4167498052120209,-0.8490068912506104,0.6607686877250671,-1.874130129814148,0.35450297594070435,0.514168918132782,-1.3926873207092285,0.7263081669807434,-0.5936477184295654,0.4128608703613281,-0.7542773485183716,-1.6310193538665771,-1.3428131341934204,-0.06616173684597015,0.840994656085968,2.3298401832580566
0.6238988041877747,0.21078312397003174,0.162137970328331,0.5666881203651428,0.25645697116851807,0.9921927452087402,0.7877254486083984,-0.7556087374687195,-0.9810871481895447,0.23578773438930511,-0.1745830625295639,0.029473084956407547,-0.7681313157081604,-0.8330718874931335,-0.8092443943023682,-1.1721833944320679,0.664818286895752,0.5112985372543335,-0.5560662150382996,1.015753984451294,0.21593749523162842,1.5464526414871216,0.049619823694229126,0.04909937083721161,-0.828316867351532,-0.1563473790884018,0.4837295413017273,-1.2351430654525757,-0.06889447569847107,0.9501163363456726,0.6056604385375977,-1.6331980228424072,-1.6474132537841797,1.7808291912078857,0.5631752610206604,-0.951572835445404,0.8201022148132324,-1.9906198978424072,0.8531262874603271,-0.14358027279376984,-1.5479282140731812,-0.2695187032222748,0.000597056932747364,0.5634019374847412,0.8552917242050171,-1.0329370498657227,-2.251333475112915,-0.8750342726707458,-0.5159932374954224,0.08076567947864532
0.10452625155448914,0.43746042251586914,-0.7358806729316711,-0.3511764109134674,-0.1083180233836174,2.789113759994507,-1.0838062763214111,-0.571604311466217,-0.32583901286125183,-1.0986052751541138,-0.362409770488739,-0.5579278469085693,-1.185972809791565,-0.33891990780830383,-0.2003241628408432,-0.012730469927191734,-0.4527374804019928,-0.041085243225097656,-0.12735264003276825,-1.4804903268814087,-1.3339895009994507,0.0036186762154102325,1.0916736125946045,-0.6150529384613037,-0.8939930200576782,-1.0954298973083496,-0.12524189054965973,-0.9764107465744019,1.5827879905700684,0.7990978360176086,-0.9555392265319824,0.07717493176460266,-0.5828178524971008,1.1148098707199097,1.0751519203186035,-2.0623035430908203,0.8947418928146362,2.235063314437866,1.2057125568389893,-0.5622040629386902,-0.9754610061645508,0.28863397240638733,0.36586710810661316,-0.09322021901607513,-1.266235589981079,2.022989273071289,-0.5376052856445312,-0.6186662912368774,0.20735260844230652,-0.37889379262924194
1.3265396356582642,-0.08067615330219269,-0.7521173357963562,-0.15188787877559662,1.235828161239624,0.07899682223796844,-0.3635229766368866,-0.49768027663230896,0.26589950919151306,-0.7902827858924866,2.0253758430480957,-0.8797023892402649,-0.46749815344810486,0.6233085989952087,-0.07295095175504684,0.039702996611595154,0.18954333662986755,-0.4469083547592163,-1.257952332496643,0.7659536004066467,1.6182529926300049,0.24973031878471375,-0.9292982816696167,0.9233935475349426,0.08916456997394562,-0.9880309104919434,-0.601311206817627,0.51039057970047,-0.19115613400936127,-0.879785418510437,0.5903241634368896,-0.25222575664520264,0.8782421946525574,1.1092942953109741,-1.4440699815750122,1.124221920967102,0.9037095308303833,0.7884294390678406,-1.269779920578003,0.9531497955322266,-0.18589229881763458,-0.8847387433052063,-0.5080907940864563,-1.1610668897628784,0.23254695534706116,0.6731416583061218,0.31680765748023987,-0.26874056458473206,0.3909856379032135,0.7567837834358215
0.17211836576461792,-0.18196937441825867,0.4291834235191345,0.18356743454933167,0.0761689618229866,1.1134275197982788,-0.13695751130580902,0.5087833404541016,-0.9434406757354736,0.15506720542907715,1.0576093196868896,1.1648153066635132,0.9234045743942261,-0.45616036653518677,0.32147887349128723,-1.0015227794647217,-0.06230906769633293,-1.2887998819351196,0.6294347643852234,0.21698322892189026,0.26230111718177795,-1.3132777214050293,1.0536632537841797,-1.1612062454223633,-0.4935237467288971,-0.06014161929488182,2.204935073852539,1.0553317070007324,0.5364623069763184,1.3001152276992798,-0.2002706229686737,1.4190454483032227,-2.647491455078125,0.6937989592552185,0.38349074125289917,0.7415198087692261,-0.1174391657114029,0.6415620446205139,-0.4958133399486542,-2.2918167114257812,-0.8318408131599426,0.7270715236663818,-0.5929235219955444,0.0647350549697876,-0.27778396010398865,0.4168408513069153,0.31258997321128845,-0.001231770496815443,0.005543168634176254,1.0137706995010376
0.5333600044250488,-0.6993316411972046,-0.07983803004026413,0.5202584862709045,0.635779082775116,-0.5155596733093262,0.9155783653259277,1.0859848260879517,1.1395875215530396,0.0967828705906868,0.22257034480571747,0.8546346426010132,-0.40671178698539734,-1.253846526145935,-0.9180749654769897,-1.3284176588058472,1.6158092021942139,0.32884833216667175,-0.6181808710098267,-0.7879598736763,-0.6355639696121216,-0.7347124218940735,-0.47923049330711365,0.30769991874694824,-1.8658497333526611,1.1105411052703857,-0.5583690404891968,0.9978570342063904,-0.015774309635162354,1.3801747560501099,0.19932252168655396,2.1048355102539062,0.6776226162910461,-0.6215696334838867,0.4403747022151947,-0.3079901337623596,-0.7661829590797424,-0.4328403174877167,0.4414624273777008,0.7939878702163696,0.01926559768617153,-0.6004773378372192,0.8936688899993896,0.40613147616386414,-0.1355409175157547,-0.5629906058311462,0.4427277743816376,1.3395037651062012,1.0249555110931396,-0.03254849463701248
0.10903266072273254,-0.4649170935153961,-1.1475369930267334,-1.2653270959854126,0.19381321966648102,-0.15914788842201233,-0.5261502265930176,-0.5955862402915955,-0.8184412121772766,1.422028660774231,0.45047104358673096,-0.33669471740722656,0.6488444209098816,-0.4185079038143158,-1.0703926086425781,-0.5916979908943176,-0.7510108351707458,-1.130829095840454,-0.5030094981193542,-1.8462685346603394,0.9049339294433594,-0.2643844187259674,0.7969373464584351,-0.10861511528491974,-0.08218960464000702,0.10765105485916138,-0.8712027072906494,0.2040608823299408,-0.7878808379173279,-1.826993465423584,-1.1860121488571167,-0.27945631742477417,-0.3622762858867645,-0.7410003542900085,0.37526923418045044,0.18348675966262817,-0.3513990044593811,-0.6473148465156555,0.45975834131240845,-0.3382703363895416,1.3788961172103882,-0.5926864147186279,0.7741876244544983,0.1456591784954071,0.9726147651672363,-0.06576553732156754,0.28064459562301636,0.026862408965826035,0.14209066331386566,-0.9694095253944397
0.539558470249176,-0.3204213082790375,-0.5739277601242065,0.27637892961502075,0.8650413751602173,0.3288297653198242,0.47748255729675293,1.9425098896026611,0.038119424134492874,0.0784197747707367,0.289565771818161,1.094541311264038,0.36570122838020325,-1.0068608522415161,0.1416671872138977,-1.062910556793213,-1.128890037536621,1.62599778175354,-1.3978382349014282,0.6411631107330322,-0.9815402030944824,-0.20043085515499115,0.8939608335494995,-1.3535568714141846,-1.0111379623413086,1.437617301940918,-0.751051127910614,-0.08635130524635315,0.308441162109375,0.4845544397830963,-1.2980811595916748,0.20209349691867828,-0.7746469974517822,0.6429367661476135,-1.7138187885284424,0.22319521009922028,-0.6430768966674805,0.4402482509613037,0.2651905119419098,-0.41139090061187744,0.5074663758277893,-0.45942556858062744,-0.13127246499061584,0.9031364321708679,0.5584188103675842,-0.4101187586784363,0.9884200692176819,0.6171471476554871,-0.6591677665710449,-0.518489420413971
-0.36231231689453125,2.342440128326416,-1.8323745727539062,0.38100436329841614,-0.9781692028045654,-0.8706386089324951,-0.9856758713722229,1.1337833404541016,0.8724772930145264,-1.2553194761276245,-0.25268080830574036,0.392394483089447,-1.3125245571136475,0.8194376230239868,1.7837300300598145,1.9801229238510132,-0.24875982105731964,-0.25075075030326843,-2.5834455490112305,0.18657362461090088,-0.7946383953094482,1.894877552986145,-0.6328722238540649,-1.0835833549499512,-0.38960084319114685,-0.33835622668266296,0.7514582276344299,-0.4036184847354889,-0.3344872295856476,-0.5434811115264893,-0.4279077649116516,-1.4137835502624512,0.16917209327220917,-1.3215928077697754,1.5396498441696167,0.20763933658599854,1.3046149015426636,-0.48417261242866516,-0.0433681420981884,0.40954405069351196,-0.5150301456451416,-1.7751723527908325,1.1688085794448853,0.9040305614471436,0.1131957545876503,-0.8270360827445984,0.6707192659378052,0.6693962216377258,-0.9601597785949707,-1.169217586517334
-0.4002019762992859,0.24682606756687164,0.13974229991436005,1.6706773042678833,-1.1436264514923096,0.0710785761475563,-1.1465398073196411,0.14069069921970367,-0.6658940315246582,0.14852064847946167,-1.1161373853683472,-0.7670226693153381,1.1979765892028809,-0.2239714413881302,1.3881206512451172,-0.2761804163455963,0.10695365816354752,-0.3727865219116211,-0.5889014601707458,0.18129515647888184,0.26893526315689087,-0.06963520497083664,0.37605589628219604,0.38224369287490845,-0.38322654366493225,0.4341302216053009,0.9716943502426147,-0.31044498085975647,0.29663917422294617,1.244140863418579,0.4942591190338135,-0.16636258363723755,-1.2272688150405884,-1.3581452369689941,-1.5660964250564575,1.3292204141616821,-1.1296641826629639,0.33506694436073303,-0.03469672426581383,-1.8980729579925537,0.829783022403717,-1.3991594314575195,-0.42214640974998474,-0.15054403245449066,1.2806358337402344,0.37546128034591675,0.939957320690155,0.14731614291667938,0.346670001745224,0.5853589773178101

Slice 15
-0.7758240699768066,-0.012673875316977501,0.7005354762077332,-1.1783628463745117,0.027448266744613647,0.9316670298576355,0.6374871730804443,0.6138221621513367,-0.47227832674980164,0.38977766036987305,-0.25452402234077454,1.938091516494751,0.3255171775817871,-0.8277259469032288,-0.5380696654319763,-1.0711534023284912,1.1881632804870605,0.21321777999401093,-0.4291711151599884,0.8111989498138428,0.5229659676551819,-0.16596968472003937,-1.2419240474700928,-0.26526662707328796,-0.19900794327259064,1.4708492755889893,1.2596043348312378,0.9153180718421936,-0.6719112992286682,-0.41840192675590515,-0.13947197794914246,-0.06409803777933121,-1.0524711608886719,1.0935826301574707,0.1998417228460312,0.05905710160732269,-0.3625045418739319,-0.7843418121337891,-1.1078932285308838,1.508326530456543,0.5261958837509155,0.21182848513126373,0.7936778664588928,-0.05729079619050026,-0.970909833908081,1.965451955795288,-1.3251734972000122,-0.5663936138153076,0.3337765038013458,0.09390868991613388
-0.13293041288852692,-0.7303200364112854,-0.043534502387046814,0.870509147644043,-0.5451982021331787,-0.725307047367096,0.002542489906772971,0.15435169637203217,0.8456166982650757,0.2109428495168686,-1.3407950401306152,1.983837604522705,1.3799707889556885,0.6826657056808472,1.0421979427337646,0.060600653290748596,-2.2304108142852783,0.6597669720649719,0.7746870517730713,0.1117452085018158,0.32173973321914673,-0.7669497728347778,-0.7142025232315063,-0.8408011794090271,-0.6552863121032715,1.4622468948364258,-0.6763886213302612,-0.13933095335960388,-0.3672175705432892,0.4586723744869232,-0.338642418384552,-0.6945047974586487,0.6273840665817261,1.2551740407943726,-2.3222570419311523,0.3442286252975464,-2.281493663787842,0.7493116855621338,0.8367782235145569,0.06841856241226196,-0.7512280344963074,-2.4914727210998535,-0.8804119229316711,1.0991573333740234,0.7267266511917114,-0.7802602052688599,-0.6636679172515869,-1.424168348312378,0.04666201397776604,-1.88753342628479
0.12515102326869965,-0.038611408323049545,-0.5017210245132446,-0.7611526846885681,0.4828815460205078,0.37517181038856506,1.0888733863830566,0.9962912797927856,-0.7251235246658325,0.7428298592567444,0.5515599846839905,1.7261863946914673,0.6070756912231445,-0.123426653444767,-1.1218270063400269,-0.8551516532897949,0.23110103607177734,0.8098152279853821,0.6250234246253967,-0.5787293314933777,-1.6000272035598755,-0.04490470513701439,1.5905508995056152,0.1365228146314621,-0.6163046360015869,1.916778802871704,-0.32892680168151855,2.449514627456665,-0.5028064250946045,0.3926680386066437,0.8887673020362854,-1.0104016065597534,-1.0586771965026855,1.4991813898086548,-0.6442224383354187,1.0775744915008545,-0.5383325815200806,-1.281967043876648,-0.848162055015564,-1.3273519277572632,0.3752567768096924,0.6449920535087585,-1.6746851205825806,-1.385176181793213,0.8512831926345825,0.4271121621131897,-1.6715025901794434,0.02043284848332405,0.75574791431427,1.81092369556427
-1.307184100151062,1.1711835861206055,-0.6420583128929138,-2.022691011428833,0.6350492835044861,1.1181790828704834,-0.1967698186635971,-0.09869518131017685,0.6468343734741211,-0.30650001764297485,1.222969889640808,1.4972819089889526,-1.058746576309204,-0.9635526537895203,-0.5951343774795532,-2.012666702270508,-0.2930307388305664,-1.528389573097229,0.31129348278045654,-1.1687020063400269,0.15540018677711487,-0.8331520557403564,-1.2756543159484863,1.6058610677719116,-1.2093693017959595,0.953477680683136,1.2382800579071045,-0.1332562416791916,-0.27432090044021606,0.4587351381778717,-0.8791311979293823,0.6681923866271973,-0.5619965195655823,-0.061744485050439835,-0.47151634097099304,-1.185110330581665,-0.655872106552124,-0.8016863465309143,-1.6422199010849,0.07878705114126205,1.0165607929229736,0.04985551908612251,-0.5847329497337341,-1.3591818809509277,0.5905556678771973,-0.36192387342453003,-0.8220322132110596,-0.385343074798584,1.4527987241744995,0.5606316924095154
-0.5050772428512573,0.19914449751377106,1.6640403270721436,0.5291221141815186,-1.104898452758789,1.3047271966934204,-0.9053090214729309,2.4413375854492188,-0.6344448924064636,1.9799925088882446,-1.1476600170135498,-1.1430130004882812,-1.0968493223190308,-2.077592372894287,0.5287904143333435,0.2852051258087158,0.8836470246315002,-0.8145075440406799,-1.0048964023590088,0.02225673757493496,-0.20851747691631317,1.3132028579711914,-0.9023352861404419,-1.921709418296814,1.045348882675171,-0.24923641979694366,0.7520712614059448,-0.41582566499710083,-0.06077092885971069,1.4312437772750854,-0.5308534502983093,-0.1598765254020691,-0.5816757082939148,-0.485782265663147,1.236847996711731,0.44215911626815796,0.03962663933634758,-0.5125375986099243,-0.5704712867736816,1.5560411214828491,-0.6742805242538452,0.4245155453681946,0.9647886753082275,0.9636324048042297,1.4156385660171509,0.9151481986045837,-0.920071542263031,0.7905346751213074,1.7995266914367676,-0.44684669375419617
-0.7818688154220581,-0.0261490847915411,1.079478144645691,0.7421069741249084,-0.5063584446907043,0.041435617953538895,0.04104863107204437,-0.652470588684082,1.2623825073242188,-0.6195608377456665,-0.7804986834526062,0.13514475524425507,0.807669460773468,-0.17543408274650574,1.1564363241195679,-0.34332355856895447,-0.06428109854459763,1.3753013610839844,-0.4745023548603058,-0.4477347433567047,-0.3276594877243042,0.5591670870780945,-1.2262896299362183,0.6342625617980957,0.8529585003852844,-0.481272429227829,0.09138838946819305,0.8466355800628662,0.1069006472826004,0.843909740447998,-0.3076285123825073,-0.5533972978591919,0.2744833827018738,0.17101456224918365,-0.27964216470718384,-0.08409933745861053,0.9542506337165833,1.1354682445526123,-1.0062321424484253,0.6019287705421448,-1.058628797531128,0.3392905294895172,0.7228721976280212,0.4849151074886322,-0.9423717260360718,-0.11960788816213608,0.40925413370132446,-0.10561050474643707,-0.9432530999183655,-0.2691594362258911
-1.1761260032653809,-0.45167359709739685,-0.7678701281547546,-1.4508615732192993,-0.9262754321098328,-0.7941504716873169,-1.7306941747665405,-0.37681472301483154,0.7303836345672607,-0.5467211604118347,-0.30323025584220886,-0.43143969774246216,0.3763994574546814,1.3342519998550415,-1.560878872871399,-1.2384607791900635,-0.1883544921875,-0.8578544855117798,0.38941603899002075,1.2724438905715942,-0.9202693700790405,0.21975919604301453,2.168367624282837,-1.5164085626602173,-0.944053053855896,-0.7251006364822388,-1.0397100448608398,-0.47080230712890625,-0.9450093507766724,-2.3265018463134766,-0.21593712270259857,0.3729625344276428,-0.00807152595371008,0.801328718662262,-1.067290186882019,1.1981734037399292,-2.0036702156066895,0.12236923724412918,-0.4418551027774811,-0.7767016887664795,-0.5700483322143555,-0.6468660831451416,-1.6319218873977661,-0.6282609701156616,-0.3334418833255768,1.1061851978302002,-0.28428003191947937,1.0374910831451416,1.291948676109314,0.8637552261352539
-1.1214938163757324,0.4922768175601959,0.32518598437309265,-0.35518455505371094,0.6285507082939148,-0.2027488350868225,-1.7538005113601685,-0.9124305248260498,-0.8427722454071045,-0.8779833912849426,0.4845709204673767,-1.091552495956421,-1.032974123954773,-0.9887142181396484,-1.293027639389038,-0.8446400761604309,1.1252036094665527,-1.0097880363464355,-2.3577022552490234,-0.4077247381210327,-0.45723268389701843,0.6139400005340576,-0.5040059685707092,-0.9261154532432556,-0.7829819321632385,0.3631840944290161,-0.5037848949432373,-0.5357195734977722,0.7615439295768738,-0.9157551527023315,-0.13165879249572754,1.1914857625961304,0.023968135938048363,-1.598623514175415,-1.0758347511291504,0.5791504979133606,0.4783916473388672,-0.41463595628738403,0.15446047484874725,-0.030622120946645737,1.001928448677063,1.6030782461166382,-0.20187239348888397,-0.976002037525177,0.6219910383224487,0.5138705372810364,0.07754340767860413,-0.9173959493637085,-0.17308522760868073,0.2866659164428711
1.5703527927398682,-0.7316563725471497,-1.288912296295166,0.239907905459404,0.19991102814674377,1.2933473587036133,-0.9786815047264099,-0.30270442366600037,-0.0296651441603899,-0.21340852975845337,-0.0556807816028595,-0.5211135149002075,-0.5827475786209106,0.5317112803459167,0.492110937833786,0.3376307785511017,1.032454013824463,-0.2506117522716522,0.31671541929244995,0.11838757246732712,0.026296891272068024,-0.14611369371414185,1.6026338338851929,-0.4564268887042999,0.02305316925048828,0.22348982095718384,0.015396075323224068,-0.10615986585617065,-1.2551394701004028,0.38873469829559326,1.470116138458252,-2.0928709506988525,-0.20396821200847626,-1.5277996063232422,1.4410444498062134,-0.15740464627742767,-1.1393295526504517,0.4450675845146179,-0.8233715295791626,-1.999895453453064,-0.058161668479442596,1.6803457736968994,-1.658673882484436,0.022662315517663956,1.3198198080062866,0.6457588076591492,0.7084053158760071,0.5913847088813782,0.20624056458473206,0.9490886330604553
-0.01402490958571434,0.7358668446540833,0.9782372713088989,-0.8779585957527161,0.7722560167312622,0.3676815629005432,1.5546969175338745,-0.2849630117416382,-0.3616681396961212,-0.20463447272777557,1.2110261917114258,-0.17627868056297302,-0.6962096691131592,-1.8068666458129883,-0.13577990233898163,-1.3985912799835205,-0.9974172115325928,-1.4671440124511719,-1.7081509828567505,-0.3678137958049774,0.876610279083252,0.9495620131492615,-0.3518717586994171,-1.5560818910598755,0.40632033348083496,0.023406775668263435,0.9686353802680969,-0.711296021938324,-0.7533004283905029,0.8376226425170898,0.5293418765068054,-1.1951420307159424,-1.6398627758026123,-1.0823856592178345,-0.03482469543814659,0.7482444643974304,-1.0715062618255615,-1.1763595342636108,-1.0910097360610962,1.4637620449066162,0.9533420205116272,-0.6791199445724487,0.22555314004421234,0.9180122017860413,-0.8788681030273438,0.07174081355333328,-0.8963195085525513,-0.8142763376235962,-0.6015331745147705,-0.3167576789855957

Slice 16
-0.00825636275112629,-0.020389704033732414,-0.8984172940254211,0.8056100606918335,0.6151140332221985,-1.2801350355148315,0.3994251787662506,-0.4393603205680847,0.1439925581216812,0.04469568654894829,1.8608664274215698,-1.523352026939392,-1.0529756546020508,-1.2488834857940674,0.23447926342487335,1.7995269298553467,-1.7360566854476929,1.8833178281784058,-0.19787460565567017,0.43532946705818176,-0.19094695150852203,0.3629298508167267,-1.4688448905944824,1.3563952445983887,-1.5967767238616943,0.5593039393424988,0.38909563422203064,1.5731512308120728,-0.11321009695529938,1.0922898054122925,0.6037755012512207,-0.8581815958023071,-0.5317652821540833,1.8211990594863892,0.34534016251564026,0.7050744891166687,0.035597339272499084,-0.7618029713630676,0.022780055180191994,0.2506527602672577,2.4910378456115723,1.0987441539764404,-0.6972894072532654,-1.6900876760482788,-0.3440188765525818,-0.9383550882339478,0.4169709384441376,0.45722538232803345,0.35084041953086853,0.6315823197364807
-0.7439355850219727,0.7997702360153198,0.48111605644226074,-1.2558258771896362,2.5803606510162354,1.2629671096801758,-2.1416079998016357,-1.2838271856307983,-1.619615912437439,-0.9841200113296509,0.9925101399421692,0.46578869223594666,1.5164055824279785,-0.3380827307701111,0.695264995098114,-1.3117008209228516,0.6701095700263977,0.5141379237174988,-1.6927753686904907,-1.6068154573440552,2.519319534301758,-1.4729828834533691,0.1483103632926941,1.1904007196426392,1.4512426853179932,1.1852763891220093,-0.9481636881828308,-1.170073390007019,-1.3822933435440063,-0.060504697263240814,-1.405166506767273,1.251016616821289,1.0895739793777466,2.190648317337036,-0.4674496054649353,0.2015795111656189,1.4222898483276367,0.6446272134780884,1.1146330833435059,-0.0832894966006279,-1.0259252786636353,-0.6222003698348999,-0.8049036860466003,0.7468963861465454,1.082299828529358,-1.0131572484970093,-0.4137471318244934,-0.6700710654258728,-0.8608593344688416,-0.698115885257721
0.3842986226081848,-0.08230766654014587,-1.2800391912460327,0.07785648107528687,-1.6224620342254639,-0.6138211488723755,1.1025344133377075,1.064206838607788,1.1987724304199219,0.5882331132888794,-0.46964818239212036,-0.4163895547389984,0.3992636501789093,0.0633251965045929,2.444159984588623,0.4841762185096741,0.9318853616714478,1.8040275573730469,0.7303085327148438,0.1768670231103897,0.5249007344245911,-0.4771586060523987,-0.12992078065872192,2.056143283843994,-1.276794672012329,0.03765413537621498,0.9088906645774841,0.15326672792434692,-1.054908037185669,0.6783496141433716,0.5185587406158447,1.740916132926941,-0.7980338335037231,1.1965187788009644,-1.1996101140975952,1.8291977643966675,1.1191999912261963,-1.935318112373352,-1.5070412158966064,2.101559638977051,0.701908528804779,0.0837458148598671,1.3373557329177856,0.37164732813835144,-1.7714186906814575,-1.5956143140792847,-0.11567295342683792,0.417542040348053,-0.09802574664354324,-0.7793546915054321
0.032727885991334915,-0.33622753620147705,0.2630341649055481,1.602797031402588,-1.3904356956481934,-0.5181359052658081,1.7817996740341187,0.13845370709896088,-0.07571712136268616,-1.6253093481063843,0.12259359657764435,-0.6290539503097534,-1.0187748670578003,-0.21439161896705627,-0.9240329265594482,-1.5433578491210938,0.531590461730957,-0.6688963174819946,0.017561661079525948,0.6675422787666321,-0.465928852558136,0.09591460973024368,0.6792638301849365,-0.9445444941520691,0.011482330970466137,-0.5818930268287659,-0.5707921385765076,-2.299078941345215,-0.868397057056427,-0.17419523000717163,-0.2951081395149231,-2.55686616897583,0.14512433111667633,-0.6030318140983582,0.8697795867919922,-1.0715445280075073,-0.9678495526313782,-0.28000277280807495,-0.25712892413139343,-1.9163857698440552,-1.705886721611023,-1.084354043006897,0.4449850618839264,-1.0152695178985596,-0.1780092418193817,1.2586694955825806,-1.3620857000350952,-1.9263293743133545,2.4858899116516113,-0.37751317024230957
1.0433868169784546,-0.6543468832969666,-0.35945984721183777,-0.6376858353614807,-1.9432381391525269,0.7753201723098755,1.5608139038085938,0.10039477795362473,0.9227984547615051,0.2057150900363922,1.1335234642028809,1.2302639484405518,-0.4612457752227783,1.2348008155822754,-1.1368638277053833,0.3146951496601105,1.2424895763397217,-1.0235589742660522,1.1102750301361084,0.5396556854248047,1.4156869649887085,1.3644412755966187,0.35986125469207764,-1.2347735166549683,0.5315520763397217,-0.008956783451139927,1.2643488645553589,0.40982508659362793,-0.6162647008895874,-0.1033724918961525,-0.945507287979126,0.3236648142337799,0.020512590184807777,0.283868670463562,0.4299370050430298,1.214310884475708,-1.3347855806350708,-0.27689051628112793,0.8787434697151184,1.2020103931427002,0.039931491017341614,0.06746011227369308,-1.3176953792572021,1.321791172027588,-0.7691404819488525,-0.6795873045921326,-0.22023648023605347,1.0263906717300415,0.503107488155365,1.4267680644989014
1.40285062789917,-0.6961725354194641,-1.0074901580810547,-0.13825610280036926,1.961495041847229,-1.3244999647140503,0.3655961751937866,0.7826055884361267,0.5418717861175537,0.6333160996437073,1.462775707244873,2.0950417518615723,0.4481153190135956,-1.8509019613265991,1.9011565446853638,-0.48533183336257935,-1.110131859779358,-0.2067406326532364,0.9965413808822632,-0.9790888428688049,-1.2416105270385742,-0.9722503423690796,-1.2514785528182983,0.08224266022443771,-1.2757656574249268,-0.480313777923584,0.9914790391921997,1.1081926822662354,0.7080442905426025,-0.5561268925666809,0.4200282096862793,0.6896024346351624,-0.03243755176663399,0.07579180598258972,1.7509915828704834,-0.01562067773193121,0.9042798280715942,-1.2267944812774658,0.8202880024909973,0.6182612180709839,0.7620817422866821,0.6907509565353394,-1.102026343345642,-1.1460232734680176,-1.4903935194015503,-0.7840190529823303,0.0728776678442955,0.1890629231929779,1.04579758644104,0.673992931842804
-1.2359094619750977,-0.4744878113269806,-1.5421282052993774,0.07852521538734436,-0.5886514186859131,-0.35946688055992126,0.8354396820068359,-0.5528450608253479,0.8367490172386169,1.114583134651184,0.19408385455608368,0.24961334466934204,0.998619794845581,0.2290884405374527,-0.2502819001674652,-0.9586381912231445,0.7481957674026489,-0.8397589921951294,0.37583446502685547,-2.329690456390381,0.9674997329711914,-1.0138988494873047,-0.6965815424919128,-1.0059878826141357,0.12371977418661118,-1.315932273864746,1.0000745058059692,-0.5643594861030579,0.6435161232948303,-1.1503721475601196,-1.1106783151626587,0.4131946861743927,-2.2608020305633545,-0.4205676317214966,0.45310327410697937,2.0726354122161865,-1.676658034324646,-0.8665205240249634,-1.0082852840423584,1.1181132793426514,-0.40686067938804626,1.2815457582473755,-0.6270545125007629,-0.4985075891017914,-0.3231588304042816,-1.4837204217910767,2.2400195598602295,0.7296143174171448,1.096555233001709,1.7195101976394653
-0.6635032296180725,0.017722031101584435,0.19583745300769806,1.280367136001587,-0.8246506452560425,-0.5694841146469116,0.332103967666626,0.7840002775192261,0.03532879054546356,1.1902275085449219,-0.7316874861717224,-0.03053085133433342,0.3702589273452759,-0.0051022120751440525,-0.8015090823173523,-0.5140448808670044,-0.41603973507881165,0.7711392045021057,-0.36453187465667725,0.7503958940505981,0.4420940577983856,-1.4148741960525513,-0.35164543986320496,0.14980825781822205,0.990227460861206,1.3553152084350586,0.9972227215766907,-0.7717380523681641,1.7601431608200073,-0.6583616137504578,-0.22544653713703156,-1.2238943576812744,0.14462906122207642,0.45734167098999023,1.3779717683792114,0.8072962164878845,0.06889075040817261,1.1895512342453003,0.9544143676757812,0.8850403428077698,-0.42765384912490845,1.3478820323944092,0.6034045815467834,-0.0232549961656332,0.7963277101516724,1.816177248954773,1.0811485052108765,0.6522660851478577,1.2917553186416626,1.1796531677246094
0.8004267811775208,-0.2883428633213043,-0.5303038358688354,1.898567795753479,0.13427293300628662,0.6290335059165955,0.024162836372852325,0.6415847539901733,-0.9221650958061218,-0.5968493819236755,-0.2922562062740326,0.023285560309886932,0.6326466798782349,0.8535200953483582,-2.2073285579681396,0.07532700896263123,1.0824394226074219,0.5625625252723694,-0.18281853199005127,0.8845827579498291,1.3956791162490845,-0.6954240798950195,-1.3199704885482788,0.9597766995429993,1.6474112272262573,0.8744282126426697,0.12784504890441895,-1.2866203784942627,0.3922315835952759,-1.1967802047729492,-1.2670139074325562,-0.33954790234565735,-0.1302671581506729,0.9709962606430054,1.0129585266113281,-0.5036906003952026,-0.699052631855011,0.13682161271572113,0.037768084555864334,-0.3444795608520508,-0.23315423727035522,-0.7492473125457764,-2.063185453414917,0.8024374842643738,0.5322843194007874,-0.2670952379703522,0.04232417792081833,-1.4302762746810913,0.8828866481781006,0.5557126998901367
0.06186557188630104,0.7641234993934631,-1.3478586673736572,-0.6814042329788208,-0.6309252381324768,-0.7475827932357788,-1.3304256200790405,-1.7818779945373535,0.46024423837661743,0.6849743127822876,-0.32851648330688477,1.2400658130645752,-0.7281827330589294,0.8527299165725708,-1.4911856651306152,0.9549602270126343,-0.23156653344631195,-0.07791956514120102,-0.2029312402009964,-1.0918095111846924,-0.7449776530265808,0.3996812701225281,-0.1535319834947586,-0.12143036723136902,-0.17117056250572205,0.6471878290176392,0.8454371690750122,-0.015968261286616325,-0.12932682037353516,-1.6059068441390991,0.03583424538373947,-1.5242664813995361,-0.9649031758308411,-0.9051586389541626,0.22204092144966125,-0.22410276532173157,-0.5875011682510376,1.1113204956054688,0.9444987773895264,0.5406081080436707,-0.9767739176750183,0.3972606658935547,1.1263353824615479,0.5334581136703491,0.523270308971405,0.4752334952354431,-0.747799813747406,0.6134970784187317,-0.6505087018013,-1.1230684518814087

Slice 17
-1.071508526802063,-0.2754068374633789,0.0063016158528625965,0.8201467394828796,0.5102488398551941,-0.36169615387916565,0.7418205738067627,-1.0105613470077515,1.8398985862731934,-0.1765737533569336,-0.5148944854736328,-1.4048891067504883,-0.8389233946800232,-0.060453470796346664,-0.05919630452990532,-2.3315160274505615,-0.12745468318462372,-0.07685691118240356,0.9285415410995483,0.0971270203590393,-1.7735633850097656,-1.4175136089324951,0.8617904782295227,-0.26588958501815796,-0.04187551140785217,1.3449219465255737,1.0538880825042725,0.5139972567558289,-0.20657458901405334,-0.9542475938796997,0.8329480290412903,-0.6919798254966736,-1.2309588193893433,1.1496950387954712,1.2249938249588013,0.2557784914970398,0.4572116732597351,0.9863019585609436,0.6667948365211487,0.8899156451225281,-0.30431413650512695,-0.15385332703590393,-0.8869549036026001,1.1056586503982544,0.00511053716763854,-1.2629454135894775,-1.3562942743301392,0.8245089650154114,-1.3293251991271973,1.281302809715271
-0.3626077175140381,-0.008940213359892368,0.5257948040962219,-0.7375463843345642,-0.6089745163917542,-0.08353947103023529,0.5991215705871582,-0.551856279373169,-0.4508248269557953,-0.40750089287757874,0.35032084584236145,-1.1417570114135742,-1.0082831382751465,-0.5141564011573792,0.8253846764564514,-1.3695913553237915,0.6770727634429932,-0.8485600352287292,0.24721018970012665,1.3568750619888306,-0.8773762583732605,1.4506042003631592,-0.5077379941940308,2.153153896331787,1.256809949874878,-0.6535249352455139,1.4345840215682983,-1.3039778470993042,0.09854016453027725,0.9282265901565552,-0.9637584686279297,0.47846999764442444,0.11986158788204193,-0.4503589868545532,-0.06623095273971558,0.6220811605453491,1.4223891496658325,-0.4734971225261688,-0.7851778268814087,0.1789446622133255,-1.020414113998413,-0.8459394574165344,1.5772963762283325,0.4345731735229492,0.04957713559269905,-0.30024078488349915,0.048702094703912735,-0.07996480911970139,1.3105884790420532,-0.670647144317627
-0.11826185882091522,-1.5334163904190063,-1.8157902956008911,-0.5154673457145691,-0.41340529918670654,0.3675955533981323,-0.9391657710075378,0.13357508182525635,-1.2654657363891602,-0.8062970042228699,-1.4150751829147339,0.8371270895004272,0.3807063102722168,-0.9181281328201294,-0.013418358750641346,-0.8766623735427856,-0.05394356697797775,-0.6160361170768738,-0.594062328338623,-1.7779548168182373,0.4553810954093933,0.628394365310669,-0.38931331038475037,1.5837268829345703,0.9967389702796936,0.25429627299308777,0.7960532307624817,-0.15873117744922638,0.4039953649044037,0.5864132642745972,-0.10027018189430237,0.126246377825737,0.6798933744430542,-0.41680702567100525,-0.33150094747543335,0.8479568362236023,-0.834802508354187,-0.5260158777236938,-0.850604236125946,0.08387922495603561,0.6631205081939697,0.2985432744026184,-1.5399621725082397,-0.9010546207427979,-1.0302603244781494,1.0420045852661133,0.32617270946502686,-0.8329213857650757,0.12716378271579742,0.69472336769104
0.7897311449050903,-0.3447311520576477,0.2087428718805313,-2.0542590618133545,0.04606234282255173,-1.8871159553527832,0.6576848030090332,-2.1412389278411865,-0.027551796287298203,-1.4116034507751465,0.1255560964345932,0.968004584312439,0.4036099314689636,0.7342818975448608,0.48882734775543213,-0.4556363523006439,1.3558745384216309,0.17923513054847717,0.4853675961494446,0.5936232805252075,-0.7037968039512634,1.831709623336792,-2.6884560585021973,0.4856841266155243,0.004257276188582182,0.07867150753736496,1.0897016525268555,0.9677931666374207,0.27240225672721863,0.5683512687683105,-0.9452613592147827,1.532734990119934,-0.8306570053100586,-0.9142307043075562,1.1662050485610962,-0.9113204479217529,0.7330871224403381,-0.32917478680610657,-1.9432611465454102,0.8639854788780212,-0.8298844695091248,1.2696903944015503,-0.29490169882774353,0.846325695514679,-0.9017502665519714,-1.2371313571929932,1.6138261556625366,0.1483912169933319,-0.31105196475982666,0.3633562922477722
-0.3817003667354584,-0.9341927766799927,-0.09418581426143646,0.649103045463562,0.8761203289031982,0.1664150059223175,0.631900429725647,-0.1982305645942688,0.9073503017425537,-0.5351012945175171,0.3142401874065399,0.9618600010871887,-1.3914510011672974,-0.8938787579536438,-0.2788398563861847,-1.8439797163009644,0.5998759269714355,-0.5706114768981934,0.8143748641014099,0.2512182593345642,1.0517257452011108,1.3955687284469604,0.9371448755264282,0.8970448970794678,0.8715633153915405,-0.17820289731025696,-0.20764364302158356,-0.2018766701221466,-1.4730349779129028,0.37487953901290894,-0.7334834933280945,0.9044795632362366,-0.4269653260707855,1.0320653915405273,0.010634824633598328,1.5237375497817993,-0.09992896765470505,0.8303245902061462,0.35008543729782104,0.09832396358251572,-0.8483631610870361,0.3841203451156616,0.4278254508972168,-0.9690994024276733,-0.018572507426142693,-0.7468538880348206,-1.5078330039978027,0.5092019438743591,1.9086947441101074,-0.5523660182952881
0.6668833494186401,-0.5102052688598633,-1.730892539024353,-1.5270757675170898,1.0808594226837158,-0.00572951091453433,-0.5306493639945984,0.9105091094970703,-0.08305776119232178,-0.5491139888763428,-0.15641196072101593,0.6613397002220154,-1.105290412902832,1.3288439512252808,0.16621451079845428,-0.754557192325592,-0.12576216459274292,0.5701538324356079,-1.5278557538986206,-0.6011039018630981,1.1590514183044434,-0.6926463842391968,-1.522607445716858,0.04747496917843819,0.27263182401657104,0.4248998463153839,0.6104047298431396,0.21126438677310944,-0.44493576884269714,-0.5526188611984253,-1.1840413808822632,-1.166230320930481,1.1182528734207153,0.9546233415603638,0.07828520238399506,0.6769176125526428,1.0631006956100464,0.7774966955184937,-0.4525923430919647,-1.7417590618133545,-0.5581760406494141,0.443662166595459,-0.0047630127519369125,0.15030021965503693,-0.8957247138023376,-0.6193682551383972,-1.841211199760437,-1.7822521924972534,-0.90294349193573,-1.187803030014038
0.20402701199054718,1.2887415885925293,0.9574490189552307,-0.5000311136245728,1.4227662086486816,-1.7538743019104004,-0.41908296942710876,-0.45661309361457825,-0.5705810189247131,0.6452633738517761,-0.050569798797369,0.8338869214057922,0.9472959637641907,1.3160138130187988,0.32708075642585754,0.5469913482666016,-1.036696434020996,1.9771398305892944,-1.257289171218872,0.5268205404281616,0.524420440196991,0.05175245180726051,-0.1272178590297699,-0.522129237651825,-0.6053839325904846,-0.9748985171318054,-1.257359504699707,-0.26067277789115906,0.8138386011123657,1.41303551197052,-0.6423714756965637,-0.522218644618988,0.20194071531295776,0.14390316605567932,-0.9707136154174805,0.39926478266716003,-0.332356333732605,0.3652844727039337,0.058305151760578156,-0.4130910038948059,-0.20992174744606018,0.04676375538110733,0.3134133219718933,-1.2387611865997314,0.46183690428733826,-0.0632108822464943,0.687641441822052,-0.0566350556910038,-1.0271583795547485,-0.23146791756153107
-0.26327240467071533,-1.3196899890899658,-0.5845192074775696,-0.6106827259063721,0.21295149624347687,0.25003868341445923,0.11323408782482147,-0.1467677652835846,-0.7249937057495117,1.4558711051940918,0.22264528274536133,1.7399935722351074,-0.3853325843811035,-0.028451422229409218,-1.3602089881896973,0.4470442533493042,-0.1918168067932129,0.48495838046073914,-0.46587756276130676,-0.784768283367157,1.2513986825942993,0.16842155158519745,0.32646989822387695,-0.455331951379776,-0.7572224736213684,-0.20189936459064484,0.3780134320259094,-0.1451541632413864,-0.5112839937210083,-1.9342540502548218,1.2713338136672974,-0.014304094947874546,-0.8546837568283081,0.12928633391857147,0.3103202283382416,0.5215142369270325,0.8505374789237976,0.8786302804946899,0.2858304977416992,1.8957401514053345,-1.1500720977783203,0.885135293006897,-0.3061240613460541,0.3821384608745575,-0.25993815064430237,0.014476601965725422,-0.3878169357776642,0.1763729304075241,-0.896169900894165,1.4490185976028442
1.8528006076812744,-1.5537712574005127,-1.0244160890579224,-0.9817622900009155,1.259779930114746,0.7476662397384644,-0.6137290596961975,1.399545431137085,-0.35112273693084717,-1.1713892221450806,0.07974488288164139,1.0319876670837402,-1.7067886590957642,-0.3924827575683594,-0.6919488906860352,0.8202088475227356,0.828957736492157,-0.8278245329856873,-1.3427729606628418,-0.6672945022583008,1.440533995628357,-0.42118948698043823,-1.0979853868484497,-0.28363949060440063,-0.11056577414274216,0.6515401005744934,1.0128164291381836,0.7389904260635376,-1.2606502771377563,0.5079613924026489,0.8829721212387085,-0.7644615173339844,1.278078317642212,0.07645676285028458,0.7343717217445374,0.8601125478744507,1.2685558795928955,0.7243625521659851,0.7933804392814636,-0.4144168496131897,0.30976489186286926,0.5243568420410156,0.5942288637161255,-0.12665432691574097,-1.6044039726257324,-1.2139053344726562,-2.509843349456787,-0.21545769274234772,-0.6033183336257935,-1.7466859817504883
0.05215299874544144,-1.064092993736267,0.4750627875328064,-0.5047390460968018,0.19840019941329956,-0.47836166620254517,1.4652549028396606,0.26761794090270996,0.8979805111885071,-0.12374690920114517,1.1841493844985962,0.9479251503944397,0.13883747160434723,-0.7678945064544678,-0.9093446731567383,0.09891117364168167,0.6914498209953308,-0.4314571022987366,1.3564741611480713,0.1536804735660553,0.6742110252380371,-0.6205304861068726,0.6081523299217224,-0.8378210067749023,0.6611350774765015,1.1012568473815918,-0.9895094037055969,0.7468019127845764,-1.3673127889633179,-0.26363274455070496,0.9037581086158752,1.705399990081787,-0.11683674901723862,0.8395987153053284,-0.9836353063583374,0.07147591561079025,-1.366134762763977,0.02895316109061241,0.5894927382469177,-0.975818932056427,1.3138031959533691,0.8745257258415222,-0.29436251521110535,0.7923493981361389,0.3293687105178833,-1.0877243280410767,-0.06528687477111816,-1.5421158075332642,-0.9267841577529907,-0.15046051144599915

Slice 18
-0.2559310793876648,0.5521785616874695,1.2736860513687134,2.0801892280578613,-1.4945977926254272,0.910887598991394,1.0363802909851074,1.215096116065979,-0.48596230149269104,-0.40910765528678894,1.0302149057388306,-0.7164621353149414,1.741348385810852,-0.511264979839325,0.18377408385276794,-0.3042406737804413,-0.7925882935523987,-0.34103313088417053,0.6694310903549194,-2.9363927841186523,1.7187530994415283,0.058477118611335754,0.12517382204532623,1.983505368232727,-0.8719378709793091,-0.14610406756401062,1.9330933094024658,0.11127661168575287,1.2746684551239014,-1.4030442237854004,0.09210903942584991,1.8570044040679932,1.8180389404296875,-0.46276891231536865,0.5891485214233398,1.6171785593032837,-0.5828371047973633,-0.1262022852897644,-0.7344816327095032,1.6108907461166382,-0.1568669229745865,-1.7076150178909302,0.9170947670936584,0.5361229777336121,1.1185328960418701,-0.280102014541626,0.2201802134513855,-0.721473753452301,-1.0267938375473022,0.2079036831855774
0.9473105072975159,-0.17933465540409088,0.05034869909286499,0.09482511878013611,0.4464755058288574,-0.36717042326927185,0.9799172282218933,0.9321268796920776,1.0982637405395508,0.2794555425643921,0.3218099772930145,-0.2900058627128601,-0.9035449624061584,-0.3695705235004425,-0.3542473316192627,1.482893943786621,-0.03335877135396004,-0.03725489228963852,1.3923627138137817,1.7558116912841797,-0.09379682689905167,1.9895178079605103,0.2955799102783203,0.7022547125816345,0.844710648059845,-1.2669674158096313,0.42355629801750183,-0.26794669032096863,0.19097869098186493,0.5680710673332214,0.5928381681442261,0.9400230646133423,0.9379561543464661,-0.1566551923751831,-1.5255428552627563,-0.22720974683761597,-1.1339616775512695,-1.546920895576477,-0.6007053256034851,1.119010090827942,0.39096957445144653,-1.2137490510940552,-1.1910148859024048,-1.763095736503601,-0.03914577513933182,1.4400595426559448,-0.3527141511440277,0.14540599286556244,0.7985073924064636,1.321198582649231
0.5349573493003845,-0.04115935415029526,-1.2433576583862305,-0.13725963234901428,-1.160212516784668,-0.15559862554073334,-0.3270656168460846,-1.5591658353805542,-1.0006170272827148,2.239342212677002,-1.6435197591781616,-1.2053385972976685,-1.5578240156173706,1.3306748867034912,1.4302294254302979,-2.317305564880371,-0.5738750696182251,2.1468350887298584,-2.2948381900787354,-1.2106387615203857,-0.27854281663894653,-1.6919056177139282,0.7338501811027527,-1.6332881450653076,0.6311202049255371,-0.5726944208145142,-0.27689433097839355,-1.2273708581924438,-0.09818338602781296,0.19171591103076935,0.631284773349762,0.1658693104982376,-0.051111798733472824,-0.5566826462745667,0.16336792707443237,-1.60471510887146,0.9399738907814026,-2.2315990924835205,1.4955244064331055,-0.9278997182846069,1.0387343168258667,0.24882814288139343,0.14531704783439636,-1.677717685699463,-0.6250709295272827,-0.004953406285494566,0.16219626367092133,0.3160458505153656,1.1162340641021729,-0.25266510248184204
-1.5800505876541138,-1.2650867700576782,-0.8167184591293335,-0.14672930538654327,1.2961969375610352,-1.8851771354675293,-0.9510790705680847,0.6693277359008789,0.656017005443573,-2.2433977127075195,0.4779451787471771,-0.40489256381988525,-0.29061204195022583,0.27504822611808777,-1.3029741048812866,-0.5030069947242737,1.6009776592254639,-0.33237847685813904,-0.40633106231689453,-0.06818739324808121,-0.9971857666969299,-1.0827337503433228,-1.5316553115844727,-0.34844040870666504,1.8836764097213745,-0.3275463283061981,-1.0056716203689575,-0.5631614923477173,1.2266498804092407,0.5021063089370728,-1.0249922275543213,-1.0764970779418945,1.2362565994262695,1.0056895017623901,1.2813968658447266,0.14136342704296112,0.5958914756774902,-1.1991585493087769,1.6923989057540894,0.10635477304458618,2.575321674346924,-0.5661099553108215,1.31925368309021,-0.1580168604850769,-0.21803686022758484,0.06085561215877533,0.6083585619926453,-0.012979865074157715,0.5144800543785095,-0.23986460268497467
0.48236629366874695,0.789162814617157,1.3947954177856445,0.6254559755325317,0.35501715540885925,1.2511526346206665,0.6437646150588989,-0.8383787870407104,0.581346869468689,0.07777977734804153,-1.8089537620544434,-0.4800804555416107,0.39856696128845215,-0.7973611950874329,0.27818432450294495,0.34315225481987,-1.0847604274749756,-0.4038292169570923,-1.4024076461791992,1.182385802268982,0.8988693356513977,-1.2108800411224365,-0.6736336946487427,-0.004263295792043209,0.0359981395304203,-1.413522720336914,1.1967159509658813,1.3949189186096191,-1.2764770984649658,-1.7744048833847046,-2.1573240756988525,1.97710120677948,-1.4570026397705078,-1.3492014408111572,0.9261712431907654,1.2013987302780151,-1.245789647102356,0.7782368063926697,-0.8733249306678772,1.6679636240005493,-0.414685994386673,-0.29528382420539856,-2.0318307876586914,-2.279110908508301,-0.9634120464324951,0.9409938454627991,-1.9757492542266846,-0.38357147574424744,-0.726679265499115,-1.4250813722610474
-0.8366265892982483,1.5327363014221191,-0.6472078561782837,0.8055521845817566,0.33328500390052795,1.2222962379455566,-0.31605684757232666,0.8385559916496277,0.08670154958963394,0.09351325780153275,-0.7808456420898438,-0.05498158186674118,0.3562641739845276,-1.224869966506958,-1.612319827079773,-0.552272617816925,-0.8653711080551147,-1.472016453742981,1.7089165449142456,0.6869926452636719,0.1211809292435646,2.4608936309814453,-1.018185019493103,-0.40132686495780945,-0.3034544885158539,-0.8528025150299072,-1.027016520500183,1.7461882829666138,0.8372132778167725,0.6112637519836426,0.4874027967453003,-1.1405469179153442,-1.3345692157745361,0.039343517273664474,-0.4658113420009613,0.0011396982008591294,-1.9643893241882324,1.140891671180725,-0.26372456550598145,-1.4179339408874512,-0.8655056357383728,-0.6694599986076355,-0.8805595636367798,-0.6009345054626465,-2.075972318649292,1.6786428689956665,-0.8453519344329834,1.2088555097579956,0.4738518297672272,-0.028216062113642693
0.3796108365058899,-1.6789060831069946,1.2705795764923096,1.365108847618103,-1.0774424076080322,0.5581905245780945,0.4802020490169525,-0.10419469326734543,-0.5935399532318115,0.150999516248703,-1.1196852922439575,-0.6317059993743896,1.929978847503662,0.4955799877643585,-0.4723108112812042,1.0170782804489136,-0.8326945304870605,0.12743796408176422,-1.026904821395874,-0.016282090917229652,0.5416885018348694,-0.8474836349487305,-0.3615502417087555,-0.40030717849731445,0.5749095678329468,0.7907501459121704,0.38320392370224,-0.20151418447494507,-1.114693284034729,-0.2767888903617859,-0.40433812141418457,0.38954776525497437,0.21497832238674164,-0.005368799902498722,1.1471858024597168,0.08558148145675659,-0.4001312851905823,0.338084876537323,0.17318233847618103,0.7863309979438782,-1.0686722993850708,0.3832363188266754,-0.09340887516736984,-0.28962376713752747,-0.19000545144081116,-0.01970282755792141,-0.5834636688232422,0.022079501301050186,2.3618650436401367,2.559232473373413
1.8499668836593628,-0.013929085806012154,-1.243536114692688,-0.16702476143836975,0.9603985548019409,1.4663541316986084,0.7089956402778625,0.7300556302070618,1.5188254117965698,-0.055369287729263306,0.527910590171814,0.7155227661132812,0.14339937269687653,0.9345095753669739,1.163480520248413,2.1103758811950684,-0.7463805675506592,1.256428837776184,-1.0183600187301636,1.3347913026809692,0.48214665055274963,-0.9659491777420044,1.4726366996765137,-0.46781790256500244,0.06542040407657623,-0.15571695566177368,-1.0075860023498535,0.6503079533576965,-1.1700611114501953,-1.1984751224517822,-0.8015980124473572,-1.5203313827514648,-0.4028359651565552,-1.8652369976043701,0.4405541718006134,0.43474656343460083,0.7761765718460083,-0.5574148893356323,0.7052915692329407,0.07901350408792496,0.14747370779514313,-0.19388899207115173,0.49125558137893677,-1.1973549127578735,1.0285371541976929,-1.6481826305389404,0.7218220829963684,-1.335005521774292,-1.2974023818969727,1.1023563146591187
-0.7944279313087463,1.1697514057159424,0.25524741411209106,-0.5865916013717651,-0.26823917031288147,-0.05177441984415054,0.5647083520889282,-1.0118424892425537,1.5442001819610596,-0.02872464433312416,0.794741153717041,-1.6086432933807373,-0.6505623459815979,-1.5062670707702637,-0.5156868696212769,0.7960229516029358,-1.02812659740448,-0.1257408708333969,-0.43496567010879517,0.2119709700345993,0.4780702292919159,0.47368788719177246,0.38300231099128723,1.3896737098693848,1.480041265487671,-1.8061206340789795,-0.3205660879611969,-0.9850274324417114,1.0262176990509033,-1.748289942741394,-0.9891250133514404,0.39589065313339233,0.3084445297718048,-1.2168117761611938,0.10359396040439606,0.22729946672916412,0.39586177468299866,-0.15512047708034515,-0.33250105381011963,-0.058889586478471756,-0.2833692133426666,-0.5319947600364685,-0.47764238715171814,0.85117107629776,-0.25260603427886963,-0.3889664113521576,-0.874851644039154,-0.43424877524375916,0.6237407922744751,-0.1471497267484665
-0.9691377878189087,-0.864980936050415,0.6605151295661926,0.15162499248981476,0.04990915209054947,-0.8201676607131958,-2.1627659797668457,-0.35089537501335144,-0.9030987620353699,-0.21545448899269104,-0.10102510452270508,-0.8926936388015747,0.8579731583595276,-1.9927796125411987,-0.8102627396583557,-0.472788542509079,0.5172762274742126,0.8157432079315186,-1.2079092264175415,-1.3354815244674683,-0.9349324107170105,0.11095825582742691,-1.3209673166275024,-0.926854133605957,0.36588940024375916,-1.7924375534057617,-1.230755090713501,-1.07834792137146,-2.0380148887634277,-1.4928109645843506,0.3090105652809143,0.046755459159612656,-0.21274560689926147,-0.4079991281032562,1.2811046838760376,0.7765086889266968,-0.010142875835299492,0.2905794084072113,-0.1371803879737854,0.7229441404342651,0.3537076413631439,-1.9805318117141724,1.0494599342346191,-0.2859528064727783,0.2980842888355255,-0.4034178555011749,-0.12328702211380005,-0.9315887689590454,1.2283037900924683,0.37976568937301636

Slice 19
-0.30868837237358093,-1.1629340648651123,-1.737512230873108,-1.5492420196533203,1.8077064752578735,0.5451222658157349,-1.5860857963562012,1.3099424839019775,0.23065723478794098,-0.4965222179889679,0.12788726389408112,-0.007363379467278719,-0.25199416279792786,0.5473378300666809,-0.48390841484069824,0.10695814341306686,0.16287954151630402,-0.981243908405304,0.00890200212597847,-1.9456230401992798,1.158572793006897,0.6940415501594543,-0.8056321740150452,-0.2218736708164215,-0.537238597869873,1.0921231508255005,-2.1530187129974365,-1.0422086715698242,-0.8899015188217163,-0.7358635663986206,-2.2497336864471436,2.408879280090332,-0.5328034162521362,0.8061738610267639,-1.4448281526565552,-0.47874563932418823,1.5101983547210693,-1.4558343887329102,-0.35197386145591736,-0.136813223361969,0.9370768070220947,-0.20660458505153656,-2.2731971740722656,0.3491213917732239,-0.211826890707016,0.4947766661643982,0.5883476734161377,-1.5361425876617432,-1.2822513580322266,-0.9037467241287231
0.9619178771972656,-1.009993553161621,0.8518635630607605,0.08314739167690277,0.4397726058959961,-0.7729988098144531,0.2693028151988983,0.041400060057640076,0.7078557014465332,-0.7456991672515869,0.4137101173400879,0.4857710301876068,-0.25717493891716003,-1.714792251586914,-0.256436288356781,-1.0110244750976562,0.45174577832221985,-0.6215420961380005,-0.8385937213897705,1.0227527618408203,0.5285454392433167,0.873629093170166,1.5879427194595337,-1.1796482801437378,0.8947108387947083,0.560667097568512,-1.1232362985610962,-0.06894614547491074,0.28512638807296753,-0.07622894644737244,0.29566866159439087,-0.2793132960796356,0.499247670173645,-1.19293212890625,-0.18996940553188324,0.0019186295103281736,-0.4702490568161011,0.7999593019485474,-1.7651116847991943,-1.1501796245574951,-0.3804655969142914,0.13600273430347443,-0.18943138420581818,0.5288122296333313,-0.7853474617004395,0.17751388251781464,1.6744837760925293,0.2209874838590622,-2.729800224304199,-0.6870430111885071
1.0711114406585693,-1.1887749433517456,-0.24451865255832672,-0.9192219376564026,1.0430022478103638,-1.2722878456115723,0.32224640250205994,1.185341477394104,1.318001389503479,0.8033208250999451,-0.23536592721939087,-0.9159956574440002,0.19597811996936798,1.106600284576416,0.6392108798027039,0.881167471408844,0.06194791942834854,-0.8699249029159546,0.8862298130989075,1.5774837732315063,0.4380855858325958,0.5446377396583557,-0.01689271070063114,-0.1958041936159134,-0.3682558238506317,0.5587615966796875,0.007064990699291229,0.2091515064239502,-0.6395907402038574,1.621744990348816,1.1768016815185547,-0.12248194217681885,-0.34522637724876404,1.037832498550415,0.987330973148346,1.3724992275238037,-0.8571248054504395,-2.067474126815796,-0.2787996232509613,0.20829269289970398,0.9318914413452148,0.7362357974052429,0.0892559066414833,0.09933631122112274,1.336502194404602,1.4770917892456055,1.0617156028747559,-1.5126838684082031,0.22771164774894714,0.9727540016174316
-2.318821907043457,1.2611263990402222,0.8384157419204712,0.8885042667388916,-0.7448182702064514,0.6871545910835266,0.5929540395736694,-0.624167263507843,-1.5767210721969604,1.1000176668167114,0.9937253594398499,-0.09718408435583115,1.1796414852142334,-1.6640437841415405,-1.6272002458572388,-0.695204496383667,0.5873149633407593,0.4886265993118286,0.6252688765525818,-0.09751236438751221,-1.706934928894043,1.6690583229064941,-1.2918387651443481,1.1521395444869995,0.8943871855735779,0.5452017188072205,0.005879076663404703,0.9519177675247192,-0.39160579442977905,-1.5183196067810059,0.7278792858123779,-0.4135851263999939,-0.4831998348236084,1.1173921823501587,-2.321254253387451,0.9484410285949707,0.4217234253883362,0.9223929643630981,0.5013704299926758,1.2275772094726562,-2.1907949447631836,-0.9852108359336853,0.9457064867019653,-1.17844820022583,-1.4086761474609375,1.2902507781982422,0.39141446352005005,0.9583757519721985,0.053292177617549896,-1.2395431995391846
-0.41824764013290405,-1.3613382577896118,1.57831871509552,0.1808311939239502,0.32752060890197754,0.8199678659439087,-0.9764129519462585,1.7798272371292114,0.1455235779285431,0.4635430872440338,-0.9286312460899353,1.1386034488677979,-1.4029732942581177,-1.425872564315796,-0.009657629765570164,-0.6270872354507446,-0.8904669284820557,-1.003166675567627,-0.5975741744041443,1.4394514560699463,-1.8383468389511108,-0.130687415599823,-0.14571385085582733,-0.814165472984314,-1.601867914199829,2.6534037590026855,-0.1262279748916626,-0.8070104718208313,0.46733132004737854,-1.2799569368362427,-0.7699775099754333,1.2649608850479126,1.0744332075119019,-1.9817750453948975,0.4677093029022217,-1.6087971925735474,0.6024960875511169,0.06051991879940033,-2.3396990299224854,-0.8030332326889038,-1.9999769926071167,-1.5282615423202515,-0.18071936070919037,-1.2283025979995728,-0.6813271045684814,-1.0362154245376587,-1.0380150079727173,-1.2923542261123657,-1.3260576725006104,0.02531910501420498
-0.27277496457099915,0.37926197052001953,-0.08509213477373123,0.05101814121007919,-0.8651138544082642,-0.23801366984844208,-0.26371675729751587,-0.11145500093698502,-0.1779693216085434,0.9203075766563416,-1.249808669090271,-0.9140772223472595,0.8062254190444946,-0.7818822860717773,0.5834245085716248,1.1321309804916382,0.5946609973907471,1.0513278245925903,-0.03679553419351578,0.02305280603468418,-0.17906977236270905,0.8285948634147644,1.428006887435913,0.34937867522239685,0.5383726358413696,-0.3921670615673065,-0.5616870522499084,1.220865249633789,-1.0085746049880981,-1.0973976850509644,-1.7781603336334229,0.9177214503288269,-0.7190061211585999,0.11528176814317703,-1.4538739919662476,0.645528256893158,1.2264683246612549,0.1487906277179718,-1.5595929622650146,0.7844197750091553,-1.1147619485855103,0.4909161627292633,-0.2945830523967743,0.679543673992157,1.0549180507659912,-0.7961855530738831,0.12232106178998947,0.11847786605358124,-0.6075402498245239,0.12872307002544403
0.2815150022506714,0.3985610008239746,-2.3541371822357178,0.536917507648468,-0.756734311580658,-1.523912787437439,0.4945082664489746,0.874107837677002,-0.5058819651603699,1.444729208946228,-0.11584677547216415,-0.6997950077056885,-0.21950531005859375,-0.02200303226709366,-0.12178733199834824,0.32036855816841125,-1.731791377067566,-0.17731845378875732,1.0236074924468994,-0.877045214176178,-1.570098638534546,-1.9888200759887695,-1.253259539604187,-0.8304321765899658,-0.14015327394008636,0.5269306302070618,0.5419033765792847,-0.5445447564125061,-1.2412354946136475,1.5661957263946533,-0.4473300576210022,0.349342942237854,-1.3311444520950317,-0.8773768544197083,0.21871277689933777,0.4815032482147217,-0.7360370755195618,0.556008517742157,-0.03662122040987015,-0.4810354709625244,-0.0017403403762727976,0.7371664643287659,0.06161737069487572,0.6883407831192017,1.0963302850723267,1.2668509483337402,0.21485202014446259,0.23122692108154297,0.45081645250320435,-1.4796979427337646
0.12924976646900177,0.9281217455863953,-0.2686848044395447,-0.2757452726364136,1.4925364255905151,-0.2888867259025574,-1.0166492462158203,0.6981714963912964,-1.843077301979065,0.671868622303009,1.9642361402511597,-0.4373959004878998,-1.4826077222824097,-0.07297417521476746,-0.9882217645645142,-1.6701762676239014,1.067054271697998,-0.33563512563705444,2.8492026329040527,-0.5345181822776794,-0.25121375918388367,1.9163870811462402,0.13546888530254364,0.39523574709892273,-0.24916619062423706,0.8708532452583313,-0.03343832865357399,-1.6874098777770996,-1.2442450523376465,-0.43643566966056824,-0.31093552708625793,0.13275715708732605,-1.8570724725723267,0.37807297706604004,-0.3950597941875458,-1.664265751838684,-0.3966737389564514,0.025106823071837425,0.1937696933746338,-0.989276111125946,0.19655781984329224,-0.7288470268249512,-0.4686755836009979,-0.6677715182304382,0.023066753521561623,0.6243740916252136,1.069166898727417,1.002901554107666,0.9383561015129089,-0.7694272398948669
0.5330114960670471,0.9635911583900452,-0.4145888686180115,-0.6217567324638367,-0.35660627484321594,0.8991904258728027,-0.09404883533716202,1.159883975982666,-0.4371212124824524,-1.2483148574829102,-0.031502410769462585,1.257118582725525,0.6206358075141907,1.601116418838501,-1.8309990167617798,0.4581596851348877,0.8370574712753296,0.20834727585315704,-0.24837666749954224,-0.49823033809661865,-0.23329924046993256,1.4585301876068115,0.3421473205089569,1.1926223039627075,-0.20121365785598755,-0.2518582344055176,1.2070419788360596,-0.933311939239502,-1.2669041156768799,-0.7214770913124084,-1.3887550830841064,-0.37596607208251953,-0.9196385145187378,0.08210978657007217,-0.6694881319999695,0.5687912106513977,0.48813489079475403,-0.2282809168100357,0.7134417295455933,0.7369518280029297,-0.7012397050857544,1.6476136445999146,1.3871556520462036,1.6335467100143433,2.430366039276123,-0.4114820957183838,0.47170040011405945,-0.3422793447971344,2.326392650604248,-1.4981306791305542
0.4670005738735199,0.3946203887462616,-0.009980782866477966,2.102562189102173,0.021681228652596474,0.6690126657485962,-1.0277478694915771,1.9226964712142944,0.5677852034568787,-1.7918273210525513,0.7794823050498962,-0.8736458420753479,-0.7934728860855103,-1.6340214014053345,-1.1179510354995728,-1.4053038358688354,1.993878960609436,-0.05889016389846802,-0.8835185766220093,-1.4587080478668213,-0.3993679881095886,1.4330569505691528,1.535672903060913,0.9534693956375122,-0.7593171000480652,1.0752003192901611,0.487270712852478,-0.31262996792793274,0.4969346523284912,-0.3020044267177582,-0.8372504711151123,1.1575356721878052,0.45791104435920715,-0.3744818866252899,-0.07570619881153107,-0.6150830984115601,-0.2908165752887726,1.2562757730484009,-1.33723783493042,-0.0904083326458931,0.20332033932209015,-2.0308070182800293,0.48848316073417664,-1.5241329669952393,-0.7118616104125977,-0.8269800543785095,-1.7609906196594238,-1.1090153455734253,-0.04655631259083748,-1.661592721939087

Slice 20
1.677202820777893,0.7149676084518433,0.8226884603500366,-0.07834560424089432,-0.17666755616664886,0.10177865624427795,2.194319725036621,0.9544426202774048,0.6545114517211914,-0.1857437789440155,0.0354619137942791,-0.3209817111492157,-0.43547332286834717,-0.24903428554534912,0.983821451663971,-1.61989164352417,0.9685275554656982,-0.7371276617050171,1.8591194152832031,-1.4860985279083252,-0.3483969569206238,1.9965903759002686,0.8632194995880127,-0.35605567693710327,1.8770228624343872,-1.1002917289733887,0.5299502015113831,0.944212794303894,1.0297870635986328,1.542172908782959,-2.122931957244873,0.879237949848175,-0.20262625813484192,0.1960359513759613,0.30075496435165405,0.7073620557785034,-0.1632455736398697,0.5814138650894165,-0.27235737442970276,-0.9053419232368469,0.2669331729412079,0.2294803410768509,0.7883328199386597,-0.9222769141197205,-0.565010666847229,0.7030474543571472,0.5970456600189209,0.8761310577392578,-0.46667981147766113,-1.5462713241577148
0.6094633936882019,1.1559802293777466,0.9289671778678894,0.2653607130050659,0.8693267107009888,0.4965530335903168,0.3067241609096527,0.6473935842514038,0.024188928306102753,0.018707681447267532,1.1889066696166992,0.4027734696865082,-0.5422885417938232,0.663741409778595,-0.06871026009321213,0.9198634028434753,0.7842727899551392,-0.5953313112258911,-0.3035414218902588,-1.4806791543960571,0.7489408850669861,-0.24996468424797058,0.5821836590766907,-1.3464442491531372,-0.5405886769294739,-0.07447001338005066,0.35620278120040894,1.1073802709579468,-0.8066788911819458,-0.49400395154953003,-0.12595410645008087,0.7360432147979736,0.02953423745930195,0.35799944400787354,0.93819260597229,1.0996010303497314,0.9328917860984802,-1.0039926767349243,0.07193722575902939,1.0617107152938843,-0.2111755609512329,1.3748323917388916,-0.2838996648788452,0.6853229999542236,-0.5700902342796326,-1.3288366794586182,-0.037809766829013824,-0.3007943332195282,1.7620632648468018,-0.5219977498054504
0.3798639178276062,-0.6719875931739807,0.6155273914337158,1.3543479442596436,1.0684298276901245,-2.190706491470337,0.24911922216415405,-0.9922596216201782,-1.8977923393249512,0.04701971635222435,-1.4252707958221436,-0.42371127009391785,0.8823504447937012,-0.6925628185272217,-1.496336579322815,1.263643503189087,0.4509575664997101,-0.03779200091958046,-0.05649431794881821,-1.963600993156433,-0.22262951731681824,0.4665803909301758,0.9678425788879395,2.5176327228546143,1.202953815460205,2.221003293991089,-1.4652705192565918,-0.3489648103713989,-0.8496701717376709,-0.0178514514118433,-0.38846564292907715,-0.9923655390739441,-1.2255218029022217,1.9006298780441284,0.823660671710968,-1.1605039834976196,0.936310887336731,1.0689716339111328,0.7661863565444946,0.22546075284481049,0.46450063586235046,1.0768510103225708,0.8472460508346558,-1.3269298076629639,1.8372007608413696,-1.5321792364120483,1.4147487878799438,-0.7199607491493225,-0.6844151616096497,0.42434969544410706
-0.15358787775039673,-0.49394312500953674,1.724956750869751,0.6170400977134705,1.2966252565383911,-0.6446870565414429,0.7589187622070312,0.6678260564804077,-1.8279845714569092,0.3466399610042572,0.17602114379405975,0.13774244487285614,-0.09308919310569763,0.36796835064888,-1.4633336067199707,1.1135684251785278,0.23387978971004486,-1.2086106538772583,-0.8821479678153992,0.615241289138794,1.1033018827438354,0.3389517366886139,1.0813146829605103,0.7391926050186157,0.583845317363739,1.696144938468933,-1.2788344621658325,-0.2752862274646759,0.03021375462412834,-0.8012479543685913,0.12368237972259521,1.3313459157943726,-1.1744321584701538,-0.5447271466255188,-1.4265960454940796,-0.7678518295288086,0.2593511939048767,-0.2416471391916275,-1.755235195159912,-1.6220191717147827,0.604527473449707,-0.6110454797744751,1.8331433534622192,1.8402533531188965,-0.03903999179601669,-1.4185082912445068,1.4088714122772217,-0.32211196422576904,-0.056052908301353455,1.5878806114196777
-0.20362265408039093,0.002519862726330757,-0.9190935492515564,0.6468637585639954,-1.1043918132781982,0.09963741153478622,-0.5651305317878723,-1.13733971118927,-0.838445782661438,1.6132745742797852,-1.5794750452041626,-0.1269691437482834,-0.012267988175153732,-0.10659833252429962,-1.1139113903045654,-0.8091093301773071,1.0689200162887573,-0.5258159041404724,0.5787245035171509,0.9461342692375183,0.15519219636917114,0.699901282787323,-0.4905834197998047,0.8768160343170166,0.4224008619785309,0.39936506748199463,-0.09817741811275482,-0.7939605712890625,0.9573023915290833,-0.23949161171913147,0.3922652304172516,-0.317859023809433,-0.3369373679161072,-0.025982899591326714,0.2511867880821228,-0.947348952293396,1.0853673219680786,0.46644338965415955,0.8685559034347534,-0.412265807390213,-0.5444755554199219,0.31214189529418945,1.0483673810958862,0.09489699453115463,-0.3846847712993622,-0.6991901397705078,0.07447654008865356,1.1979552507400513,-0.43046098947525024,0.5541695952415466
-1.6714106798171997,1.6873738765716553,-0.7544102668762207,-1.7072128057479858,1.3161530494689941,1.2540967464447021,-1.7616184949874878,-0.7888658046722412,-0.7781090140342712,0.28930148482322693,0.05719960853457451,0.0917598232626915,-1.772850751876831,-1.6656593084335327,-0.49534085392951965,-1.157625675201416,1.5942591428756714,0.02845529280602932,0.4147437512874603,1.295465111732483,0.794086754322052,-0.2876017391681671,-1.332476258277893,-1.2129991054534912,-1.3650257587432861,-0.18405869603157043,-0.7629212737083435,-0.8923558592796326,0.1888515055179596,-1.0197384357452393,0.4560520350933075,0.061234455555677414,-1.203313946723938,-0.4234932065010071,0.028305917978286743,-0.3754631280899048,0.3107670545578003,-1.198386549949646,-0.11615350097417831,0.39967820048332214,2.079235553741455,0.22251087427139282,-1.6910432577133179,0.1796719878911972,-1.6754086017608643,1.0951216220855713,-0.8961317539215088,-0.1296701282262802,1.051465392112732,-0.160090833902359
1.178193211555481,-0.9541747570037842,0.5763621926307678,-0.2874075174331665,-1.015159249305725,-0.5197919011116028,0.7789633870124817,-2.278393030166626,-0.9163442850112915,0.8214296698570251,-0.33686506748199463,-2.7239651679992676,-1.4312515258789062,-2.3167080879211426,-1.0961003303527832,-2.2150118350982666,-0.5485137104988098,-1.0817067623138428,-0.6046744585037231,1.091961145401001,-3.194399118423462,-0.4217027723789215,0.5207757353782654,1.0799435377120972,1.6606711149215698,-1.700629711151123,0.125280499458313,0.9311559796333313,1.087537169456482,0.09153850376605988,1.0509713888168335,0.47035056352615356,0.9427581429481506,1.4928081035614014,0.5517256855964661,-1.3497565984725952,-1.5560411214828491,0.8565679788589478,0.875045895576477,0.0722622349858284,-0.3372233510017395,1.5050745010375977,0.8584741950035095,-1.0503813028335571,-0.9635866284370422,-0.3495219945907593,0.34361153841018677,1.408113718032837,0.9806665778160095,-2.4073610305786133
0.1068342924118042,0.04144100472331047,-0.06061166897416115,-0.6448493599891663,0.6879711747169495,0.6959902048110962,0.5015375018119812,-1.132502555847168,-0.2898051142692566,0.4333358407020569,0.711674690246582,0.2881603240966797,-1.5041236877441406,0.46848034858703613,-0.2344086468219757,0.5102270841598511,-0.3615151345729828,0.07966841757297516,1.5905570983886719,0.6623265147209167,0.6269664168357849,0.9665009379386902,0.3450125753879547,0.11868473142385483,-0.2266477793455124,0.29020121693611145,-1.5728297233581543,-1.1074124574661255,-1.2590806484222412,-0.6154376268386841,0.32010501623153687,-2.109767436981201,0.7690143585205078,-0.6281231045722961,0.22280359268188477,0.9796446561813354,-0.5130560398101807,-0.6233526468276978,-0.8671826720237732,-0.3787739872932434,1.0380074977874756,-0.6005738973617554,0.2007637470960617,0.0005419960361905396,-1.1282453536987305,0.046606335788965225,-0.7846242785453796,0.3752601146697998,0.32230204343795776,-0.9181059002876282
0.7723965644836426,0.4101174473762512,0.006489371415227652,-0.6473744511604309,-0.11089421808719635,1.5178108215332031,6.838756235083565e-05,0.6714349985122681,0.690621554851532,-0.28556913137435913,-1.086188793182373,0.8578755259513855,1.2676959037780762,0.10876341164112091,0.7370439171791077,1.1917566061019897,-0.4045834541320801,0.20267453789710999,0.7723857164382935,1.5454298257827759,0.7442425489425659,-0.5294082164764404,-1.1034469604492188,-0.8630595803260803,0.7232327461242676,-2.343651533126831,1.206585168838501,0.1332109570503235,0.047632232308387756,0.9049206376075745,1.7490205764770508,0.6638883352279663,-0.36704471707344055,-0.49384593963623047,-0.0213107168674469,0.37151283025741577,-1.790364384651184,0.2596799433231354,-0.518427312374115,-0.8847137093544006,-0.19694016873836517,-0.7800306677818298,1.097055196762085,-0.7311311364173889,0.5478113293647766,0.2101859301328659,-1.429115891456604,-0.14990197122097015,-0.048109184950590134,0.5680719017982483
1.6221214532852173,-1.0328165292739868,1.010143756866455,0.3054504990577698,0.8709790110588074,-0.10687057673931122,1.3229399919509888,-1.3144609928131104,1.7620681524276733,0.6262428760528564,-0.1957012563943863,1.058112382888794,1.2542743682861328,-0.5376255512237549,1.6980416774749756,-0.7944668531417847,0.31237098574638367,-1.2673248052597046,1.5489870309829712,-0.9667192101478577,-0.202418252825737,0.6288157105445862,0.49513086676597595,-0.5258545875549316,-1.4015380144119263,-0.348995566368103,0.9712283611297607,-0.3933318555355072,-0.5237710475921631,2.19425106048584,-0.486235648393631,-0.6494079828262329,-1.1631633043289185,0.3031640350818634,2.144031286239624,1.6299351453781128,-0.6777612566947937,1.778869390487671,-0.3325521647930145,-0.6361733078956604,1.3279972076416016,0.9881399273872375,-1.5433995723724365,-0.796960175037384,0.937745988368988,0.16789135336875916,-1.819577932357788,0.23590297996997833,1.216447114944458,0.6202099323272705

Slice 21
0.019344056025147438,0.8401322960853577,-2.322086811065674,0.46109312772750854,0.01833142153918743,-0.14061647653579712,1.4695407152175903,0.7260308265686035,1.214208722114563,0.9970957636833191,-0.7105845212936401,-0.73816978931427,1.3164340257644653,0.7200602293014526,-1.5129269361495972,0.23580071330070496,-0.798359751701355,-1.2418208122253418,0.8001776933670044,1.0533480644226074,0.23925074934959412,0.047043852508068085,-0.9125270843505859,1.163081407546997,0.12932299077510834,0.5577957034111023,-2.330547571182251,0.14440160989761353,0.697343111038208,-0.34847816824913025,0.5795077681541443,-0.5164288282394409,-1.226600170135498,-0.6081603169441223,1.3286858797073364,0.6021612882614136,-0.42794716358184814,-0.857289731502533,0.3101828992366791,0.7561396956443787,0.772501528263092,-0.28000104427337646,-1.160593867301941,-0.35340020060539246,-1.0036009550094604,-1.8116346597671509,1.5838263034820557,0.287285715341568,-0.134811133146286,-0.32650819420814514
-0.7097389698028564,2.3332736492156982,-1.0714757442474365,-0.4721635580062866,-0.3717860281467438,-0.23900584876537323,0.11481697112321854,-0.18529662489891052,0.3384941518306732,1.2648075819015503,-0.7121061086654663,0.6373401880264282,1.7072302103042603,0.30520573258399963,-0.6153217554092407,0.681762158870697,0.10123046487569809,0.5824545621871948,-0.3237839341163635,0.8849497437477112,0.990863025188446,0.5997827649116516,-1.1284278631210327,0.18958859145641327,0.7474492788314819,2.2061309814453125,0.45662614703178406,2.097456932067871,-0.39267438650131226,-1.2283073663711548,0.18162399530410767,-0.534683108329773,0.058029670268297195,-1.0166774988174438,-1.7503546476364136,-0.6351431608200073,0.8678944706916809,0.7448901534080505,1.0551261901855469,-0.9924774169921875,0.01745327189564705,0.08524875342845917,-0.482758104801178,-0.24017861485481262,1.083819031715393,0.7766421437263489,-0.8377506136894226,-1.4046385288238525,0.7474544644355774,-0.5078833699226379
0.9245423674583435,0.9404460787773132,0.6154751181602478,-0.4123281240463257,0.24302734434604645,0.30144578218460083,2.05423641204834,0.5967666506767273,1.433822751045227,1.03842294216156,0.7774067521095276,0.3943822681903839,0.6990057229995728,-1.7135943174362183,-0.7017455697059631,0.0853765681385994,-1.4954909086227417,1.4477757215499878,-0.0684334859251976,0.4431968927383423,0.4224810302257538,0.3467234671115875,0.7557232975959778,-1.2937572002410889,0.44466501474380493,0.901042103767395,1.1698676347732544,-0.744355320930481,-0.060063157230615616,-0.0506926067173481,0.5036603808403015,0.9324217438697815,-1.0135313272476196,-1.0849361419677734,0.5586087107658386,-0.9453376531600952,-0.8975217938423157,-0.8650471568107605,-0.3335706293582916,-0.102505162358284,-0.2503131330013275,1.4669616222381592,0.17104381322860718,0.19002580642700195,-0.3541182577610016,0.8928754329681396,-1.0993766784667969,0.21336354315280914,0.4086913466453552,-0.4825381636619568
2.1541290283203125,-0.46338769793510437,0.700437605381012,0.7563859224319458,1.5975151062011719,1.0928680896759033,-0.5942012071609497,-0.3355933427810669,1.222808599472046,0.3877420723438263,-1.9756534099578857,0.15855948626995087,0.8908267021179199,1.0568699836730957,0.26533767580986023,-0.05838993191719055,-0.5150314569473267,-0.4782525300979614,0.8464191555976868,0.18978329002857208,-1.385695219039917,1.332797646522522,2.668797254562378,0.6131957769393921,0.5829359889030457,0.8148444294929504,-1.8260706663131714,1.2632464170455933,0.9363867044448853,-0.6988993883132935,0.788500189781189,-0.49304431676864624,1.9201163053512573,0.8475959897041321,-0.163568377494812,-0.3142470121383667,2.2651917934417725,0.07478337734937668,-0.5077434182167053,0.8625962734222412,-1.3749871253967285,-0.8029099106788635,-0.2855919599533081,0.536740779876709,-0.8689049482345581,-0.11353026330471039,0.10547861456871033,0.47251132130622864,0.43790557980537415,-0.48881033062934875
0.08122143149375916,-0.5300087332725525,0.053807299584150314,0.8669938445091248,0.47644129395484924,1.1020363569259644,-0.3746959865093231,0.4065009355545044,-0.11047092080116272,0.4286417067050934,0.006511411163955927,-0.6106658577919006,-0.3217731714248657,0.3059118986129761,-0.38527777791023254,-0.21151360869407654,0.5059648752212524,-0.2876833379268646,-1.1458730697631836,1.774568796157837,0.6327795386314392,-0.6125451326370239,0.08464396744966507,0.3750545084476471,0.10203216969966888,0.31854158639907837,0.4436884820461273,0.13690878450870514,0.32689177989959717,1.2218519449234009,-0.9208840727806091,-1.3275197744369507,-0.35904258489608765,-0.04016399756073952,1.1289821863174438,0.23575353622436523,-0.3162350654602051,0.6706429123878479,0.7780120372772217,-1.1500380039215088,0.9467039108276367,0.2207934856414795,-0.03600727766752243,0.3555431365966797,0.4919986128807068,0.40928372740745544,1.1928941011428833,0.25229981541633606,-0.9847977161407471,1.1884294748306274
-1.209045171737671,1.1583703756332397,-0.5277130603790283,-0.5236219167709351,-1.4539304971694946,-0.4578080177307129,-0.3060440719127655,-0.19717074930667877,0.6354567408561707,0.17494553327560425,-0.06870546191930771,-0.6066305637359619,-0.028799522668123245,-1.347813367843628,1.0825456380844116,-2.113996982574463,-0.8154760599136353,0.8791800141334534,-1.4400534629821777,-1.4302221536636353,0.39885982871055603,-0.2381371259689331,-0.24915240705013275,-1.3691520690917969,0.8686401844024658,-0.7735719084739685,0.36439767479896545,-0.6879920959472656,0.19115732610225677,0.6154279708862305,-0.3014892041683197,-0.275778591632843,0.21345604956150055,0.5965012311935425,0.8711578845977783,0.07782603800296783,-1.0040303468704224,-0.5255940556526184,0.6434952020645142,-1.4392917156219482,0.5407593846321106,1.2509188652038574,1.5830602645874023,-0.2545951008796692,0.2347940057516098,0.33187752962112427,-0.847080647945404,0.4413071274757385,-0.3947013020515442,-0.2493613064289093
0.2660198211669922,-0.33581113815307617,-0.7627942562103271,-0.37473395466804504,0.008618509396910667,0.5760125517845154,0.5935741662979126,1.245103120803833,-1.0942093133926392,0.8920487761497498,0.8209031224250793,0.3772757053375244,-0.5606554746627808,1.4720817804336548,-1.9703660011291504,-0.449434757232666,0.036314863711595535,-0.30706050992012024,0.7873455286026001,1.0137591361999512,0.3634622097015381,1.0737292766571045,-1.4076203107833862,0.8597540259361267,-1.3652838468551636,1.4693403244018555,-1.0887696743011475,-0.34505218267440796,-0.3312932252883911,-0.06769231706857681,-1.736244797706604,0.3295687139034271,0.19559156894683838,1.6242051124572754,0.40306270122528076,0.5332980155944824,0.09581534564495087,-0.5474980473518372,-0.12109160423278809,1.4330846071243286,-0.34943073987960815,0.14205683767795563,-1.4209929704666138,-2.025703191757202,-2.7253880500793457,-0.4617268741130829,1.8515231609344482,-0.271365225315094,-1.6696490049362183,0.7523563504219055
1.2669737339019775,0.10746829956769943,-0.5637735724449158,0.10388966649770737,-0.8173514604568481,-0.8153889775276184,-1.1562349796295166,1.0706799030303955,-0.460239052772522,0.10246702283620834,-0.054614875465631485,1.3612017631530762,-0.16843146085739136,-1.0442997217178345,0.5517926216125488,-1.9933650493621826,0.9324077367782593,-0.6797599792480469,1.6693572998046875,-1.442769169807434,0.30086079239845276,0.4196588099002838,1.429634690284729,-1.984441876411438,0.18347151577472687,-0.7208757400512695,-1.2578803300857544,-1.9939264059066772,0.1548439860343933,0.9161381721496582,0.49101972579956055,0.6686731576919556,0.20252402126789093,0.38310831785202026,0.6679206490516663,0.5092782974243164,-1.8368699550628662,-0.04998668283224106,0.34587323665618896,1.2351256608963013,0.12719234824180603,0.0525173619389534,-0.35209569334983826,-0.33902472257614136,-0.15748058259487152,-1.703789234161377,-1.357981562614441,-0.5777897834777832,0.8919298052787781,-0.7395817041397095
-0.1831890344619751,-0.20051439106464386,0.5325246453285217,0.02080375701189041,0.5501341223716736,-1.3462295532226562,-1.1402251720428467,-0.31130585074424744,-0.08921651542186737,1.3839662075042725,-1.4332364797592163,-0.4484703242778778,-0.45788100361824036,-0.47046324610710144,1.3194379806518555,-0.17017915844917297,-0.4122851490974426,-0.17921996116638184,-0.8563801050186157,-0.211973175406456,0.4499149024486542,0.36455869674682617,1.017632246017456,0.6479777097702026,0.33524537086486816,0.006665464024990797,-0.7531452775001526,-0.5226758718490601,1.2192575931549072,0.2270089089870453,-0.5948556065559387,-1.4022413492202759,1.1767776012420654,-0.57441246509552,0.21105647087097168,-0.6788113713264465,0.09070733934640884,1.7382656335830688,0.334823340177536,-1.5939749479293823,1.5358794927597046,-0.8104166388511658,1.0632859468460083,-0.4582751989364624,0.460186243057251,0.10391906648874283,-0.15470457077026367,0.7536317110061646,0.11177713423967361,-0.9635539054870605
-0.6789533495903015,-0.9209246039390564,-0.5341212153434753,0.6160315275192261,0.5984132289886475,0.08739108592271805,1.8703628778457642,-0.06844401359558105,-0.9585636258125305,-0.8659544587135315,0.9201712012290955,0.18957073986530304,-0.25216567516326904,0.22362305223941803,-0.3804910182952881,0.7689816355705261,0.04783274233341217,-0.6541976928710938,0.9519848823547363,0.2904348075389862,-0.28206005692481995,-1.049080491065979,0.07767704874277115,0.31353747844696045,-1.3367395401000977,0.3108985722064972,0.49335891008377075,-0.25487416982650757,-0.6271204352378845,-0.9536571502685547,0.1333109736442566,1.0960109233856201,0.14931242167949677,-1.1974999904632568,-0.9708330035209656,0.361752986907959,-0.08402169495820999,-0.1983266919851303,-0.7729198932647705,0.05583268404006958,1.4982300996780396,-0.955889880657196,-1.6283769607543945,1.0800422430038452,0.02317427471280098,0.010748052969574928,-0.734841525554657,-1.5186922550201416,0.31004995107650757,-0.9919383525848389

Slice 22
-1.5052651166915894,-0.9293742775917053,1.031014323234558,1.5011152029037476,-0.8219764828681946,1.6826523542404175,-0.5723156929016113,0.6404321789741516,0.3905925452709198,1.5448050498962402,0.32896092534065247,-0.3218143582344055,-2.075159788131714,0.5503513813018799,-0.7364392280578613,-0.7444868087768555,-0.5044126510620117,-1.4085229635238647,0.207441046833992,0.18138021230697632,0.21629372239112854,0.9137783646583557,0.3180932104587555,-0.6459449529647827,-0.3918951451778412,0.36874309182167053,1.1236603260040283,-2.2861201763153076,0.6347908973693848,1.688670039176941,0.9767572283744812,0.38868197798728943,0.9191017746925354,1.502286672592163,0.05944452062249184,0.3083249032497406,-0.2526947855949402,0.08863659203052521,0.9167733788490295,-1.7762986421585083,0.08363954722881317,-1.1689372062683105,-0.07532671093940735,-0.10371453315019608,-0.8276821374893188,0.5326617956161499,0.2896311581134796,-0.367882639169693,2.1786210536956787,1.0215188264846802
-0.7583714127540588,-1.6494789123535156,-0.266471266746521,-0.7960128784179688,-0.5367752909660339,-1.3212350606918335,-0.081960529088974,-1.7805991172790527,0.2529478967189789,0.3079949617385864,-0.4246370196342468,0.5262121558189392,-1.5717393159866333,-0.3216812014579773,-1.9205988645553589,-1.1776634454727173,0.19357825815677643,-0.4942589998245239,0.2426661252975464,-0.35827845335006714,1.3441206216812134,0.14758476614952087,-0.46257758140563965,-1.1142455339431763,-0.27362388372421265,0.6556746363639832,-1.1116056442260742,-1.494049072265625,0.7522744536399841,-1.454526662826538,-0.7307533025741577,-0.4759310781955719,2.0977511405944824,0.6420556902885437,1.3897041082382202,0.6680330038070679,1.1022320985794067,0.14918823540210724,0.6763483881950378,-0.5871272683143616,-1.105159878730774,-0.417071133852005,-1.391414999961853,-0.6628856062889099,0.13712625205516815,-0.7094194293022156,0.1145811453461647,-1.074105143547058,-1.4081193208694458,0.48783165216445923
-0.7673384547233582,-0.05415845662355423,-0.4733700454235077,-0.2664249539375305,-1.4141130447387695,1.016404628753662,-0.6706333756446838,-0.29433372616767883,0.19229558110237122,-0.02433359995484352,-0.40741220116615295,0.019352121278643608,-0.9167951941490173,1.993046522140503,0.6959429979324341,0.08497244119644165,-1.2109663486480713,0.21812693774700165,-0.3803800940513611,-0.7115600109100342,-0.22999434173107147,0.08627873659133911,0.03926914557814598,-0.09358860552310944,0.020448381081223488,1.4472315311431885,0.24847622215747833,-1.5533058643341064,-0.7177016735076904,-0.936744749546051,0.6415795087814331,-0.6771538853645325,1.9323352575302124,-0.732136607170105,-0.08392126858234406,1.6139485836029053,-0.4073117971420288,-0.5872106552124023,1.3246078491210938,0.5154203772544861,-1.3456475734710693,0.3090429902076721,-0.03131340816617012,2.004504680633545,-0.9968422055244446,0.22397789359092712,1.017479419708252,-0.13101422786712646,-0.37041792273521423,-0.9682177305221558
-0.6681050658226013,1.5678406953811646,-0.38872918486595154,0.23409490287303925,0.8133266568183899,-0.47315043210983276,0.9476036429405212,-0.07583760470151901,-1.836691975593567,-1.0553617477416992,-1.0884023904800415,1.6971646547317505,-0.14908885955810547,0.24137727916240692,0.6588954925537109,0.41358888149261475,0.8531901836395264,0.9582837820053101,-0.8971546292304993,-2.4451775550842285,1.9375278949737549,1.9885395765304565,-0.9523692727088928,0.5908781886100769,-0.5158722996711731,-1.806143879890442,-1.0059367418289185,1.04330575466156,0.2758253812789917,-0.68085777759552,0.5819478631019592,0.7978423237800598,1.0826369524002075,1.4653486013412476,0.24208250641822815,-0.6123734712600708,1.1542962789535522,0.9266191720962524,0.3947595953941345,-0.3899995982646942,0.5944786071777344,0.5486490726470947,-0.8045167922973633,1.1619678735733032,-0.9308531284332275,0.5671294331550598,1.0979018211364746,-0.19340839982032776,-1.5343073606491089,-0.5154879689216614
0.42985185980796814,-1.128059983253479,0.386005699634552,1.005636215209961,0.19784222543239594,1.5763752460479736,0.3057105243206024,-1.121196985244751,1.1635671854019165,-0.23816931247711182,-1.2389800548553467,0.5660834312438965,0.6488023400306702,0.20386220514774323,0.8315059542655945,0.7514433860778809,1.2691479921340942,-0.6235789656639099,0.9976494312286377,1.5548088550567627,0.7022647857666016,-2.0474984645843506,0.18861274421215057,1.4104595184326172,-0.30802321434020996,-0.5789070725440979,0.6292304396629333,0.18009357154369354,0.5409409999847412,1.765986442565918,0.5883036255836487,-2.0074427127838135,-0.7901456356048584,-1.3487101793289185,-1.4012001752853394,0.9219709038734436,0.22779035568237305,-0.265870600938797,1.145382046699524,-0.12303300946950912,-1.1699410676956177,-1.2121081352233887,1.6471989154815674,0.7420836687088013,1.3383592367172241,0.43186047673225403,-1.8241440057754517,1.4822728633880615,0.7747018933296204,-0.3952333331108093
-0.39885884523391724,1.0590593814849854,0.6389811038970947,-0.6905322074890137,-0.8168674111366272,-0.03597409278154373,-0.5392361283302307,1.1718536615371704,-0.4163739085197449,1.0143396854400635,0.40877410769462585,-1.071645736694336,1.3646693229675293,-0.8904147744178772,0.26396310329437256,-0.6910996437072754,-0.3861626982688904,-1.7404621839523315,1.9097925424575806,1.7523701190948486,0.23341435194015503,0.9605044722557068,1.0560379028320312,-0.9889774918556213,-1.2720708847045898,0.37589937448501587,1.0639033317565918,0.822519063949585,1.0470468997955322,-0.19051113724708557,-1.6289595365524292,-1.7870674133300781,1.362524390220642,0.6826832294464111,0.27591708302497864,-0.9953869581222534,-1.2211451530456543,-2.4052248001098633,0.6613070964813232,0.1767910122871399,1.0735031366348267,0.7860181927680969,0.16919833421707153,0.18675699830055237,-1.074924349784851,-1.7463001012802124,-0.3902644217014313,-0.1536608189344406,0.934904932975769,0.9242581725120544
0.5761681795120239,0.7174756526947021,0.36121296882629395,-0.7551947236061096,-0.32734450697898865,-0.5324079394340515,-1.6356682777404785,-0.26163142919540405,1.4161611795425415,0.04085099697113037,-1.0817373991012573,0.5842723846435547,0.6914017200469971,-0.4279959797859192,1.1046786308288574,0.8203405737876892,0.8339829444885254,-1.6834964752197266,1.6346735954284668,0.14425446093082428,1.120682954788208,0.012399105355143547,-0.171805739402771,-0.05168571695685387,0.06670842319726944,-0.6669961214065552,-0.8297614455223083,-0.03951266407966614,0.9140889048576355,-0.8767251968383789,-0.7055217623710632,-0.975890040397644,-0.7193049788475037,0.4558384120464325,0.21689943969249725,-0.41311249136924744,-0.4165595471858978,-0.027345433831214905,0.07358228415250778,1.6161816120147705,-1.5881837606430054,0.9932859539985657,0.019407076761126518,0.6973389983177185,1.7282932996749878,-1.335473895072937,-0.8419764041900635,-0.040531545877456665,-0.2976434528827667,1.0102251768112183
0.14059819281101227,0.22638213634490967,0.8779619932174683,-0.9577541351318359,-0.7746330499649048,-1.3136042356491089,-0.32215964794158936,-0.14724200963974,0.6084667444229126,-0.27977222204208374,-0.5741732716560364,-1.251843810081482,-0.6899802088737488,0.7100957632064819,0.1741296797990799,1.029961109161377,-0.39962515234947205,-1.784109354019165,-0.7182711362838745,-1.0872944593429565,-1.0589932203292847,0.906818687915802,-1.5382002592086792,1.5180294513702393,1.9536564350128174,-0.1973327249288559,-1.4013805389404297,1.3602579832077026,0.6374713778495789,-1.5720845460891724,-1.656296730041504,-0.35293659567832947,-0.1983587145805359,1.1602572202682495,0.47905656695365906,0.3541257083415985,-0.5163307189941406,0.05336001515388489,0.41861724853515625,0.9128058552742004,1.197981595993042,1.0618163347244263,-0.8799312710762024,1.0757815837860107,-0.1484859585762024,-1.6598857641220093,-0.786088764667511,0.37383154034614563,-1.0225732326507568,0.287373811006546
-0.3823765218257904,-0.24427728354930878,-0.10114271938800812,-1.2370645999908447,1.3089450597763062,-0.44581466913223267,1.7254953384399414,0.9991533160209656,1.736367106437683,-0.6004646420478821,-1.2148009538650513,-0.2656535506248474,0.21330669522285461,-0.6671231985092163,0.9377796649932861,-1.3359137773513794,-2.1449334621429443,1.0208722352981567,1.0601292848587036,0.7573841214179993,1.4081435203552246,1.2134318351745605,1.805161714553833,-1.2382994890213013,-0.9495736360549927,-0.6721451282501221,0.3145120143890381,0.061990927904844284,-0.39910975098609924,-0.8941294550895691,0.2987518608570099,2.0203804969787598,-0.24652206897735596,-0.8941823244094849,0.03593034669756889,-1.1666367053985596,1.2861534357070923,-1.0634686946868896,-1.7574682235717773,-1.4763474464416504,0.716673731803894,0.21935123205184937,-0.3808751702308655,0.5384398698806763,-0.39985793828964233,-0.5473679304122925,3.2571418285369873,1.1393156051635742,-1.057761311531067,0.8907155990600586
1.2709039449691772,1.8031501770019531,1.3026107549667358,-1.3880497217178345,-0.028168397024273872,0.8967010378837585,1.3497906923294067,-0.9654269218444824,1.3411833047866821,-0.19358377158641815,-1.0635125637054443,0.3497858941555023,-1.0357505083084106,-0.598253071308136,-0.12839670479297638,1.0950900316238403,0.40518492460250854,-0.1963360756635666,-0.9065086245536804,0.4669482409954071,-0.6941273212432861,-0.18007367849349976,1.0271222591400146,0.9049754738807678,-0.22513993084430695,0.3140353560447693,0.8633838891983032,0.7319056391716003,1.0611324310302734,-0.11749061942100525,-0.5723044276237488,-0.6910791397094727,0.2604674696922302,-0.31228554248809814,1.4345414638519287,-1.4953172206878662,0.3354340195655823,-0.5681769251823425,-2.596132278442383,-0.7995957732200623,0.27160701155662537,-1.1523842811584473,-0.8899731040000916,0.9986938238143921,0.30089157819747925,-0.2543945610523224,2.0222291946411133,0.2945473790168762,-0.99156653881073,-0.31959229707717896

Slice 23
0.6864133477210999,3.337291717529297,0.6621347069740295,1.4534763097763062,-0.5200507044792175,0.9939297437667847,-0.692267656326294,1.2203575372695923,-0.2967841625213623,1.7947551012039185,0.317739874124527,0.7806833982467651,0.4027387499809265,-0.014291481114923954,-0.13768404722213745,2.3817217350006104,0.05514245852828026,1.1953842639923096,0.005128385033458471,0.16668234765529633,-1.3373068571090698,-1.1402599811553955,0.5226651430130005,-1.3126132488250732,-0.15093623101711273,0.9318632483482361,-2.1801156997680664,-0.710448145866394,-1.4293477535247803,-1.0964906215667725,-1.3883354663848877,0.8923036456108093,1.0742394924163818,1.8224146366119385,-0.4681016206741333,1.15655517578125,-0.4723019599914551,0.37860894203186035,-1.4614427089691162,0.28207650780677795,0.22972333431243896,-0.47941431403160095,0.5584099292755127,1.5695337057113647,-0.7847081422805786,-1.1825425624847412,0.9852473735809326,-1.4299099445343018,0.6826807856559753,-0.7838841080665588
1.010282278060913,1.2800098657608032,-0.28431302309036255,0.43708375096321106,1.2505478858947754,0.090609610080719,-0.7863136529922485,0.6059941649436951,-0.5327171683311462,-0.22542822360992432,1.4390166997909546,-1.15156888961792,0.17219829559326172,0.8769800662994385,-1.4792108535766602,-0.6322484016418457,-0.045618101954460144,-0.8045582175254822,1.7240006923675537,-0.3188726007938385,-1.0186704397201538,-0.44464239478111267,-1.6175012588500977,-0.904349684715271,1.5579553842544556,-1.3380221128463745,0.4705878794193268,0.9038726687431335,-0.19795294106006622,-0.543444812297821,-0.9274624586105347,1.0170038938522339,0.09138739854097366,0.7932938933372498,-1.8175324201583862,-0.4899957478046417,1.0076075792312622,0.43720945715904236,1.0640232563018799,0.3581300377845764,-0.9676072597503662,-0.5227729678153992,1.0781476497650146,0.7161845564842224,0.4898343086242676,1.480820655822754,0.21890667080879211,0.005305034574121237,0.8438079953193665,0.8847561478614807
-1.3120672702789307,-0.16361717879772186,1.21039617061615,-0.6659711599349976,0.2948245406150818,0.5087775588035583,-0.6162983775138855,-0.9662199020385742,-0.19301114976406097,-0.11067502945661545,-1.5845985412597656,-0.016114598140120506,0.9393001794815063,-0.833138644695282,0.860406219959259,-0.8314199447631836,-0.05889751389622688,-0.38332992792129517,1.1331392526626587,1.6060597896575928,-0.44882920384407043,-0.7377552390098572,0.8334272503852844,-0.5979838371276855,1.3781206607818604,-0.6432244777679443,-1.1582859754562378,1.8580036163330078,0.7403042316436768,0.30137020349502563,-0.19383764266967773,-0.0022055201698094606,0.5770609378814697,-1.352021336555481,-0.2544570863246918,0.4541185200214386,1.8254562616348267,0.5513185858726501,0.6117110252380371,1.6625407934188843,-1.5039851665496826,1.2787184715270996,-2.3684985637664795,-0.18723642826080322,1.2615917921066284,0.23913942277431488,0.011365442536771297,1.2772748470306396,0.13269805908203125,0.4121282994747162
1.2883169651031494,-1.396724820137024,0.6567910313606262,-0.44841739535331726,-0.0591881200671196,1.4485750198364258,-0.8583537936210632,-1.3855454921722412,-0.8003590106964111,1.3450663089752197,1.9636472463607788,-0.15606661140918732,0.0272342748939991,0.5788646340370178,-0.6220620274543762,-0.19029420614242554,0.8111069202423096,1.250179648399353,-2.7734038829803467,-0.2869825065135956,-1.2646223306655884,-1.1098483800888062,-0.34958839416503906,0.4989422559738159,-0.4790254235267639,1.2804561853408813,0.9638949632644653,0.8917214870452881,0.09256887435913086,0.9750469326972961,-0.21177451312541962,0.8676770329475403,1.4110691547393799,0.4232640862464905,-0.05653984844684601,-1.1220778226852417,0.577987551689148,0.5417452454566956,-0.9036005139350891,0.8535954356193542,1.334267258644104,1.2294234037399292,-1.1046435832977295,0.10374002158641815,-0.0019932135473936796,0.03482961654663086,1.068529486656189,-0.21693405508995056,0.10316683351993561,0.4582688808441162
0.1860707551240921,-0.8419374823570251,0.9097014665603638,-1.1077523231506348,1.0776021480560303,0.004883790388703346,0.06253844499588013,1.02107572555542,0.8663025498390198,-0.9925446510314941,-0.46704304218292236,0.8862867951393127,1.608282446861267,1.2204967737197876,-0.31581592559814453,0.3707757294178009,1.333034634590149,1.5224218368530273,-1.7150822877883911,-1.244505524635315,-0.7636218070983887,-0.5139404535293579,1.4494537115097046,0.1145133301615715,0.8067917823791504,0.7073727250099182,0.5600128769874573,0.5156447291374207,1.2938458919525146,-0.14939874410629272,-0.6009258031845093,-0.42046689987182617,-0.2902590036392212,0.30408912897109985,1.0536680221557617,0.19043861329555511,-1.3071460723876953,1.4868921041488647,-0.9691470265388489,1.5428558588027954,0.33892831206321716,0.43203505873680115,-0.6071248054504395,0.30727243423461914,-0.06036756932735443,-1.0485610961914062,-0.5195534229278564,-0.44940638542175293,-1.0288139581680298,-1.8531936407089233
0.8584076762199402,1.0073314905166626,0.12450326234102249,0.22661131620407104,0.2841188311576843,-0.4181362986564636,0.9186917543411255,-0.9086943864822388,0.6199812889099121,-1.29483962059021,1.565590500831604,-1.3603062629699707,-0.877877950668335,0.12874995172023773,-0.5883767008781433,0.6703559756278992,-1.2377398014068604,0.11279778182506561,0.9988451600074768,1.1040481328964233,-0.7604759931564331,-0.13996773958206177,-0.26431992650032043,1.2623472213745117,0.9749416708946228,-0.6752082705497742,-0.5458186268806458,0.3959101736545563,0.783394992351532,0.8968902230262756,-0.946506917476654,-0.31677672266960144,0.5694575905799866,-0.06185118481516838,0.9197874069213867,0.9983270764350891,0.8658468127250671,-0.30601489543914795,-0.6566484570503235,0.15148121118545532,-0.32687705755233765,0.3806532025337219,-0.3483200669288635,-1.3569040298461914,0.9564874172210693,1.0298190116882324,-0.6102531552314758,-0.8877927660942078,0.892929196357727,-0.4699823260307312
0.05749486759305,0.5200318694114685,-0.5472662448883057,1.2991924285888672,0.9899768233299255,0.3273879885673523,-0.8115577101707458,0.05199200287461281,-0.7355132699012756,0.47951576113700867,-1.5636944770812988,-0.28238651156425476,0.26557961106300354,0.5078526139259338,0.042870450764894485,-0.3986399471759796,1.1562492847442627,-1.3224478960037231,-0.8861280083656311,0.8574798107147217,-0.14309161901474,-0.8702600598335266,-2.1711883544921875,1.3075876235961914,-0.05844683200120926,-0.35863083600997925,-0.19721563160419464,-0.652082622051239,0.2925148606300354,0.2306312471628189,0.2093830108642578,0.235695019364357,-0.024882739409804344,0.18378400802612305,0.9918626546859741,-1.376343846321106,1.4552040100097656,0.9658003449440002,1.815362572669983,-0.27942395210266113,0.68702232837677,0.2535861134529114,-0.11962638795375824,0.8442582488059998,1.3940693140029907,2.2228217124938965,0.7501997351646423,-0.16965222358703613,-0.2921295166015625,-0.53513503074646
-0.17403066158294678,-0.6796720623970032,-0.5501697063446045,-0.8770466446876526,1.1221187114715576,-0.9316083192825317,-1.7252881526947021,-0.25576046109199524,1.011757731437683,-0.45525678992271423,0.9678015112876892,-0.7507820129394531,0.12337221205234528,-1.0780514478683472,0.23223088681697845,0.39899930357933044,-2.2182884216308594,0.4982064664363861,-0.75677090883255,0.7126065492630005,-1.0915011167526245,-1.661726951599121,-0.29978781938552856,-1.743626594543457,-1.2676634788513184,1.469785451889038,-0.8446999788284302,-0.2560380697250366,-0.47418802976608276,1.2150152921676636,-0.7974194288253784,0.872615396976471,-2.010023355484009,0.8943843841552734,1.764750599861145,-1.3095859289169312,1.090874195098877,-1.8413833379745483,0.17929770052433014,-0.24571670591831207,-0.14519894123077393,1.130426287651062,-0.34961840510368347,-0.9707427024841309,2.1255831718444824,-1.0058454275131226,1.076549768447876,0.3364756107330322,-1.2992041110992432,0.6323710083961487
0.5795721411705017,1.3220051527023315,-1.200440526008606,0.8487726449966431,0.7738400101661682,-0.6422215104103088,0.7884486317634583,-0.0987209603190422,-1.5503774881362915,0.7692177891731262,-0.2838948369026184,-0.40284764766693115,0.8493753671646118,-0.7616130113601685,-0.8350951671600342,0.16518010199069977,0.35009142756462097,-0.7433190941810608,0.8341724872589111,-0.19027893245220184,0.6927911639213562,-0.12521465122699738,1.1476809978485107,-0.12091477960348129,0.022609205916523933,-1.2437386512756348,0.25037115812301636,0.26017069816589355,0.4597002863883972,-1.5295617580413818,0.4711886942386627,0.6325220465660095,-0.9605610966682434,0.4733783006668091,-1.323087453842163,-1.1397722959518433,-0.2555481195449829,0.4787059724330902,1.5236666202545166,-0.8809813857078552,-0.1701548993587494,-0.8926108479499817,-0.6172151565551758,1.2223793268203735,-0.2626626193523407,-0.9395824670791626,0.5951589941978455,1.7090895175933838,-0.5897555947303772,0.8084297180175781
2.199223279953003,0.23612496256828308,-0.5863204598426819,1.1588943004608154,0.3048902451992035,-0.30640003085136414,-0.910133421421051,-0.4103424549102783,0.0786130279302597,0.7225334048271179,1.2643048763275146,-0.7489492893218994,-0.1874956339597702,1.1954271793365479,0.40324151515960693,-1.0875808000564575,0.9568786025047302,0.7916322350502014,1.1335945129394531,0.3590128421783447,0.28170520067214966,-1.0067050457000732,0.40948599576950073,-0.36070114374160767,-0.08411747217178345,0.0799475833773613,1.669373631477356,-1.1459070444107056,1.289819359779358,-0.6003352999687195,0.691355288028717,-1.616052508354187,-0.12964822351932526,-0.6815085411071777,-0.04961424320936203,-1.2721943855285645,-0.07901369035243988,0.7521468997001648,0.4300934374332428,-0.5300546288490295,0.21211951971054077,-0.9264448285102844,-0.21193717420101166,1.007347583770752,-0.724722146987915,0.5843609571456909,-0.6748065948486328,-0.9532334804534912,-1.7190815210342407,1.6691159009933472

Slice 24
0.13876265287399292,0.25521209836006165,-1.1952285766601562,0.11735909432172775,0.3080800473690033,0.5193710923194885,-0.2353270947933197,0.18747106194496155,-1.0585970878601074,0.6469056010246277,-0.08528658747673035,-1.3884114027023315,-0.5416479110717773,1.1235541105270386,-2.195793867111206,1.4417885541915894,0.017832515761256218,0.737984836101532,-0.4236452877521515,0.7452002763748169,-0.2871299088001251,1.0096889734268188,0.38807618618011475,1.2370070219039917,0.35323989391326904,-0.5443133115768433,-0.7073002457618713,-0.4379814863204956,-0.1969737857580185,-1.3155134916305542,0.13252411782741547,-2.2507896423339844,-1.7260537147521973,0.983786404132843,0.37456783652305603,0.1073499247431755,0.2686310112476349,0.10334408283233643,1.9066332578659058,2.464949131011963,0.24386319518089294,-0.5822741389274597,-0.42502453923225403,0.5134949088096619,-0.31685641407966614,0.30285996198654175,1.9990041255950928,0.05804087966680527,1.2358402013778687,-1.1736294031143188
-0.22283723950386047,-0.7175777554512024,-0.8063787221908569,-0.8052603006362915,-0.4790690243244171,0.03352760896086693,-0.45368731021881104,-0.6566052436828613,0.12133708596229553,0.3974294662475586,0.9970719814300537,1.2238706350326538,-0.00889134593307972,-0.3312602937221527,-0.37476906180381775,0.31782326102256775,0.9919357299804688,-1.1288971900939941,0.5710635781288147,0.3991878032684326,-0.16009296476840973,-0.8797767162322998,0.10414593666791916,-0.2793223559856415,-0.7103450894355774,1.6932367086410522,-0.20128193497657776,-0.2523884177207947,-0.4904739260673523,-1.3951873779296875,-0.9678011536598206,-0.3777460753917694,-1.129551649093628,0.388754278421402,-0.17772498726844788,1.7739481925964355,0.1681327074766159,1.0632601976394653,0.9471400380134583,-0.5953512787818909,-0.6206081509590149,-0.9687001705169678,-0.842269778251648,0.3763587474822998,0.37556758522987366,0.5640739798545837,0.08241073787212372,0.4417169988155365,0.4821888506412506,-0.7631597518920898
0.901975691318512,1.4836608171463013,0.004276348277926445,-0.19178937375545502,-0.5216889381408691,0.010567482560873032,1.1129047870635986,1.7480285167694092,1.0987910032272339,0.761794924736023,1.3783814907073975,0.2611818015575409,-0.4625815451145172,2.204387903213501,-1.3366602659225464,0.8963053822517395,-0.8998950719833374,-1.871873140335083,-0.18333618342876434,1.6412659883499146,-1.0815765857696533,-1.4688433408737183,-0.28728318214416504,-0.9798579812049866,0.16989171504974365,0.8633684515953064,1.4425588846206665,0.816112756729126,1.6129354238510132,0.22529713809490204,-0.636543333530426,-0.21740804612636566,0.48938000202178955,0.4546954333782196,0.7188668847084045,0.7036985158920288,-1.8446909189224243,1.2837955951690674,0.07461435347795486,-0.600434422492981,-1.150848150253296,1.271401286125183,0.5059244632720947,-0.6870676279067993,0.5857765078544617,-0.6929053664207458,0.7459973692893982,1.4688793420791626,-0.6170461177825928,0.596034586429596
0.25292715430259705,0.28106454014778137,-0.10018841922283173,-1.4567898511886597,0.5812966823577881,-0.028888730332255363,0.4249877333641052,1.0745823383331299,0.05045267567038536,-1.2518857717514038,-1.7801026105880737,-0.8999366164207458,0.14881913363933563,0.7326516509056091,0.5039193034172058,-1.90552818775177,0.1887979507446289,-0.9571378231048584,-0.7160451412200928,-0.04426967352628708,0.4138638377189636,1.7734581232070923,-0.8763307929039001,-0.4309883713722229,-0.07425101101398468,-0.9686678647994995,-0.603142499923706,-0.006124642677605152,0.34804314374923706,1.9170572757720947,1.6094212532043457,0.22626616060733795,1.7557756900787354,0.7796854376792908,1.1631742715835571,0.2738437354564667,0.8833584785461426,0.5426960587501526,0.5073553323745728,-2.7106878757476807,1.2298986911773682,1.4202165603637695,0.10463061183691025,0.48232802748680115,-1.1163510084152222,0.6970325112342834,-0.25793030858039856,0.24258950352668762,0.876358151435852,0.6884952783584595
-1.5176740884780884,0.11343201249837875,0.6775633692741394,-0.8397535085678101,0.8739087581634521,0.8183867931365967,0.342825710773468,-0.9668273329734802,0.7620351314544678,0.6059029698371887,-1.0234438180923462,0.3026818633079529,0.12665913999080658,-0.7921967506408691,-0.797012984752655,-0.7157018780708313,1.1144376993179321,-1.3672698736190796,0.9938516616821289,-0.1996801793575287,-1.3305906057357788,0.6455883979797363,-0.22895455360412598,-0.7377158403396606,0.4484851062297821,-0.7350711822509766,-1.203681468963623,1.491780161857605,-0.8906352519989014,-0.8432554602622986,0.13019321858882904,0.2118125706911087,-1.7898942232131958,-0.3001558780670166,1.0161449909210205,-0.38903605937957764,-0.9102227091789246,1.0542900562286377,-0.7168008089065552,-0.8084869980812073,-1.191420316696167,0.07843579351902008,-0.4372946321964264,-1.1271275281906128,-0.04846994951367378,1.2793645858764648,0.957273006439209,1.521827220916748,0.21186336874961853,0.876616358757019
1.2073453664779663,-1.7066638469696045,0.5593869686126709,0.3110598921775818,0.7098783850669861,1.329856514930725,-1.531617522239685,-1.5126386880874634,0.23661182820796967,-0.25857871770858765,0.4405311346054077,-0.07400523126125336,-0.21723629534244537,-0.8467501401901245,-0.12172499299049377,-0.8909308314323425,-0.9390208125114441,0.6902571320533752,0.18625818192958832,0.22724871337413788,-0.8329697847366333,-0.4110962748527527,-0.7688347697257996,-0.6606795787811279,2.0107169151306152,1.139776349067688,0.02809942699968815,1.444894552230835,1.2855193614959717,0.0329502634704113,-0.3793555796146393,-1.0466517210006714,1.3861768245697021,-0.739081621170044,2.145402669906616,0.36177313327789307,0.236094668507576,0.17149369418621063,-0.8758877515792847,-0.6792019605636597,-1.2364795207977295,1.8671926259994507,1.3809674978256226,-0.311479389667511,1.496139407157898,1.5234839916229248,1.4833394289016724,0.014258905313909054,-0.3048480749130249,1.0708117485046387
-0.3041805624961853,1.291419506072998,-0.062177255749702454,-1.5840095281600952,1.8095520734786987,0.832844614982605,0.6088656783103943,0.39657583832740784,-0.47647351026535034,-0.942162811756134,-0.20965133607387543,-0.30456623435020447,1.242309331893921,1.094502568244934,-0.26443907618522644,0.2641058564186096,-2.469177722930908,1.0874508619308472,0.022512435913085938,-0.24017128348350525,1.0080673694610596,1.0173429250717163,1.9989871978759766,-2.244499921798706,-0.39033767580986023,0.21996727585792542,1.9743889570236206,-0.5290693640708923,0.06354768574237823,-0.3190430700778961,0.5427772998809814,0.6045145988464355,-0.7253336310386658,-1.1984949111938477,0.4310116469860077,0.7455011010169983,1.5907306671142578,0.8233294486999512,1.6778223514556885,-0.7533721327781677,1.2816354036331177,-0.355422705411911,0.8591577410697937,-0.12256170809268951,0.34311115741729736,-0.6969748139381409,1.2919436693191528,1.38898766040802,-3.0630404949188232,-1.3430218696594238
-0.7358572483062744,-0.89439457654953,0.05790261551737785,1.4606319665908813,1.2375874519348145,-0.38117969036102295,0.8767787218093872,0.07947415113449097,-1.0166783332824707,0.3285498023033142,0.5481107831001282,1.2061411142349243,1.1583645343780518,-0.09783792495727539,-0.3876004219055176,-0.05303062126040459,0.2785729169845581,0.8225379586219788,0.6652713418006897,0.01628985069692135,0.12824387848377228,-1.3130589723587036,0.09794215112924576,0.5918884873390198,-0.5384060144424438,0.5700317025184631,-1.3448491096496582,0.33660808205604553,-1.0015430450439453,-1.789382815361023,0.025386139750480652,1.0543582439422607,-1.4579297304153442,1.2438565492630005,-0.6288690567016602,0.24820733070373535,-1.1940730810165405,0.5161334872245789,-0.6134980320930481,0.353420227766037,1.5287266969680786,-0.9000726342201233,-0.2344297170639038,0.17064771056175232,0.4608479142189026,-0.8056660890579224,-0.0921424850821495,0.25658121705055237,0.31021958589553833,1.2763152122497559
0.9868975281715393,1.1398168802261353,2.026357889175415,0.024283822625875473,1.0604764223098755,0.23779930174350739,-0.3084375560283661,0.7742394208908081,0.12598073482513428,-0.7035833597183228,0.1388174593448639,-0.16435982286930084,-0.9671761393547058,1.1628329753875732,0.016452133655548096,-0.031044356524944305,-1.2796311378479004,1.1805589199066162,2.0470211505889893,2.8472812175750732,-0.6466532349586487,-0.9751490950584412,-0.40755781531333923,-0.9777538776397705,0.9557036757469177,-0.04133126884698868,0.8213887810707092,1.6356875896453857,0.4555753171443939,1.334679365158081,-0.7046332359313965,-0.199251189827919,0.1737896353006363,1.107615351676941,-0.9565087556838989,0.708836555480957,0.5104922652244568,1.1249699592590332,1.0567219257354736,0.8347437977790833,0.13659019768238068,-0.7668884992599487,0.17114831507205963,-0.9222903847694397,1.6723746061325073,-0.1668466180562973,-0.6878986954689026,1.8546810150146484,-1.0130839347839355,-0.016161993145942688
0.05817611888051033,-1.4575659036636353,-0.46646738052368164,0.020320037379860878,-2.130216598510742,0.9813640713691711,0.8619752526283264,-0.6406285762786865,0.6082053184509277,0.6116868853569031,-0.18791131675243378,-0.16859109699726105,1.1420257091522217,-0.9132699966430664,0.40877631306648254,-0.25733086466789246,-1.0157623291015625,-0.13762307167053223,-0.08447033911943436,0.6376019716262817,0.3089378774166107,-2.095693349838257,0.1991644650697708,-0.9070295095443726,-0.7602594494819641,-0.24003510177135468,-0.931098461151123,-2.071324586868286,-0.058350641280412674,1.3756999969482422,2.4670214653015137,0.34815314412117004,0.08435728400945663,-0.4015609323978424,0.006968330591917038,-0.39194580912590027,-0.8349059820175171,0.426798015832901,0.373798131942749,-1.1094719171524048,-0.99753338098526,-0.2663072645664215,0.6623513698577881,-0.07617317885160446,-2.2402727603912354,-0.9758375287055969,-1.1361738443374634,-0.6994934678077698,0.8604322671890259,-0.6739374399185181

Slice 25
0.7967978119850159,1.0737359523773193,-0.5028773546218872,0.7497841119766235,0.5242122411727905,-1.032293438911438,-0.2832995355129242,-0.4682479202747345,0.9035335779190063,-0.8143156170845032,-1.4290828704833984,0.9131412506103516,0.748688280582428,1.604486107826233,-0.8589056134223938,-0.3287471532821655,0.3414902687072754,-0.7382879853248596,0.06652134656906128,-1.522709608078003,0.45074746012687683,0.5799856781959534,0.731269121170044,-1.3453528881072998,-1.094571828842163,1.020817518234253,1.018489122390747,1.2086315155029297,-0.891451895236969,0.4661327004432678,-1.1385425329208374,-1.9870643615722656,-0.012470784597098827,0.7998136878013611,-0.9415269494056702,-1.0122781991958618,0.9287870526313782,-1.0266002416610718,-0.4172794818878174,-0.7502495646476746,-0.08558529615402222,0.7294486165046692,0.8892260193824768,-1.1326669454574585,-0.656769871711731,0.327283650636673,0.6099680662155151,0.8735918998718262,-0.017322545871138573,-0.4383382797241211
0.4916309416294098,-0.7420077323913574,-0.2808946669101715,0.35385122895240784,0.1811443716287613,-0.2362293004989624,0.8431801795959473,-1.2629802227020264,0.4936904311180115,0.5917669534683228,0.4152020812034607,0.11802694946527481,0.09614437073469162,0.8996128439903259,0.46550026535987854,-1.7867562770843506,1.5162197351455688,1.0767871141433716,0.6736623644828796,0.507737934589386,1.0422686338424683,-1.7132759094238281,1.5271186828613281,1.9415521621704102,0.4113198220729828,-1.8893858194351196,0.6850862503051758,-0.6402262449264526,-0.4399220049381256,2.7854809761047363,-0.7376033663749695,0.8845783472061157,-0.47644883394241333,1.5456136465072632,-1.1259325742721558,0.6345771551132202,0.30239447951316833,-1.1898781061172485,0.16799458861351013,0.6301717758178711,1.7677711248397827,-0.39510050415992737,0.4670450687408447,0.4015735387802124,-0.188823401927948,-0.16974973678588867,-0.1359836608171463,0.9012548327445984,-1.0270440578460693,-0.45242586731910706
0.8232401013374329,1.4928760528564453,-0.539400577545166,0.07887383550405502,0.9399211406707764,-0.03430629521608353,-0.7781268954277039,-1.1777406930923462,-0.6992409825325012,-1.0404773950576782,-1.9289515018463135,0.15733060240745544,0.01655149832367897,-0.08284389972686768,-0.29254230856895447,0.16817225515842438,-0.32317665219306946,0.23021194338798523,0.750310480594635,-1.5903139114379883,0.07406549900770187,-1.055891990661621,0.7722934484481812,-0.3861834406852722,0.24468626081943512,-2.1036713123321533,0.010157543234527111,-0.7993234395980835,1.3047072887420654,-0.01897377520799637,1.7074137926101685,-1.3833258152008057,0.7942335605621338,-0.3257594406604767,0.4372978210449219,-0.8518540263175964,0.7685363292694092,0.8764526844024658,-0.7739898562431335,-0.537535548210144,0.16400648653507233,-1.3531817197799683,0.7648221254348755,-0.6247146129608154,-1.5412206649780273,-1.4737290143966675,0.09424703568220139,0.07895901799201965,-1.2261104583740234,-0.5450999140739441
-0.534946084022522,-0.6910139918327332,-0.1625988632440567,-1.1791188716888428,0.9816870093345642,-0.5309984087944031,1.9698175191879272,-0.06840425729751587,1.0990476608276367,1.982950210571289,-1.1866813898086548,0.041319768875837326,-1.0974669456481934,-1.3946177959442139,-0.13142243027687073,-0.4330027997493744,-1.3327263593673706,1.5406547784805298,0.8993273377418518,1.3715298175811768,0.7807016372680664,0.320671945810318,-0.3712611794471741,-1.469932198524475,-1.7059460878372192,-0.35874179005622864,-2.0539939403533936,-0.8279706835746765,0.25553223490715027,-0.19315478205680847,-0.014744119718670845,-0.6618655323982239,-0.3282010853290558,-0.9055059552192688,0.5066138505935669,0.941135585308075,-0.9712499976158142,0.12470825761556625,1.6863735914230347,1.2032279968261719,-0.2609105408191681,-0.6258682608604431,-1.4822232723236084,0.6260196566581726,-1.1367684602737427,0.2025958001613617,-1.1596133708953857,-1.4984025955200195,1.0265288352966309,1.2064930200576782
0.4718177914619446,-1.5947790145874023,-3.2237958908081055,-0.6742506623268127,1.4825427532196045,0.02817712351679802,-1.0549046993255615,1.3009071350097656,-0.020842138677835464,-1.4462765455245972,0.7516111135482788,1.0578521490097046,-0.4333663284778595,0.7079205513000488,-0.44900667667388916,-0.4392189383506775,-0.3904350697994232,-0.2108955681324005,0.4277443587779999,-1.9173704385757446,0.3949054181575775,-1.1559315919876099,-0.9291450381278992,0.47241467237472534,-0.24266038835048676,-1.202196717262268,0.7620621919631958,-0.33460769057273865,1.594396710395813,0.2567959427833557,-0.14994461834430695,-0.005238250829279423,-0.6669986248016357,1.3571100234985352,-1.416535496711731,1.0107625722885132,0.4654424488544464,-1.0646660327911377,-0.25746896862983704,-0.31230342388153076,-1.3329827785491943,-1.8202855587005615,0.025402693077921867,-0.9743661284446716,1.1449799537658691,-1.5345146656036377,-0.4533972442150116,0.2894485294818878,-1.0228632688522339,-0.5464406609535217
0.7433769106864929,1.057238221168518,-0.3440075218677521,1.8400589227676392,1.4501802921295166,-0.7426080107688904,0.8534248471260071,0.9229297637939453,1.0893499851226807,0.6245293021202087,-0.3056645393371582,-0.06508053094148636,0.4622606039047241,0.946511447429657,0.38406988978385925,0.48432397842407227,-0.12670117616653442,1.12091863155365,-0.5210973620414734,0.6204565763473511,-1.2180814743041992,0.921363115310669,1.0504910945892334,-0.7463721632957458,-0.23760126531124115,0.7014713287353516,0.5687925815582275,0.9645487070083618,0.601307213306427,0.9334976673126221,-1.2713316679000854,0.040853485465049744,1.1201772689819336,1.1436536312103271,-0.0964367464184761,1.0919437408447266,0.7191790342330933,0.05485251918435097,0.19951331615447998,1.716913104057312,1.8714282512664795,0.24493931233882904,0.8457520604133606,-0.6058514714241028,0.30817362666130066,0.4403197169303894,0.6094289422035217,0.733810305595398,0.22921746969223022,-0.3250868022441864
-0.9636058211326599,0.5146657228469849,0.8193965554237366,-0.3395581543445587,1.3159576654434204,1.2536512613296509,-1.0025138854980469,0.3751336336135864,-0.36848703026771545,-0.19673721492290497,-0.3472824990749359,1.1136926412582397,-0.7495822310447693,-0.9300615787506104,1.3485392332077026,0.4485749304294586,0.9634371995925903,0.6779515147209167,1.2209361791610718,1.034277319908142,0.5151654481887817,-0.9244833588600159,0.7659287452697754,-0.9418564438819885,-0.019096946343779564,-0.6814171671867371,-0.8005664944648743,-0.6017388105392456,0.96400386095047,-0.4416772127151489,0.296865850687027,-1.927575707435608,0.8575672507286072,0.8538932204246521,0.06320939213037491,0.6067736744880676,0.03580407053232193,-0.24745818972587585,0.7400530576705933,0.3494678735733032,1.455388069152832,0.1414155811071396,-0.5564121007919312,-0.5545870065689087,-0.2882673740386963,0.033913370221853256,-0.7531513571739197,-1.076303243637085,-0.07663391530513763,2.0882794857025146
0.033316031098365784,0.16124537587165833,-0.6081573963165283,0.4167803227901459,-0.16012313961982727,-0.2254452258348465,0.42348769307136536,1.1756322383880615,-0.018460970371961594,-0.38460543751716614,-1.4510676860809326,-0.7810403108596802,1.7157564163208008,-0.056724049150943756,-0.18410149216651917,1.354212999343872,-0.5237507820129395,1.0715279579162598,0.06385104358196259,0.219009131193161,-1.126302719116211,0.33116209506988525,-0.7242186665534973,-2.566324472427368,-1.4133045673370361,0.7745031714439392,-0.06811653077602386,0.9124077558517456,0.29810836911201477,0.089504174888134,0.03229735791683197,-1.2816628217697144,2.021082639694214,-0.09707018733024597,1.2421998977661133,0.024540096521377563,1.219382643699646,1.50918447971344,0.4838438630104065,-0.4334028363227844,-0.612092137336731,1.0521502494812012,-1.2405120134353638,-0.494998037815094,-0.654401421546936,1.2353143692016602,1.0070682764053345,-0.016152484342455864,0.23397023975849152,0.8111322522163391
-0.21332620084285736,-0.26892030239105225,-0.17003190517425537,0.5636611580848694,-1.0448073148727417,-1.8214689493179321,-0.4113084077835083,-0.7552211880683899,-0.765294075012207,0.3481098711490631,-0.8245132565498352,0.35803601145744324,-1.0412170886993408,0.6743407845497131,-1.1992971897125244,0.0313553512096405,-0.36641132831573486,1.041667103767395,-1.8032389879226685,0.4650193452835083,0.750249981880188,0.09410040825605392,0.49583250284194946,-0.6200018525123596,0.48990947008132935,-0.8459282517433167,-0.3399144113063812,-1.2277499437332153,-0.08659786731004715,-0.12724867463111877,-0.6022902131080627,-0.137216255068779,0.20573477447032928,-0.28017181158065796,0.7307671904563904,-0.3044701814651489,-0.0134305190294981,1.0094702243804932,1.667278528213501,-0.5559935569763184,1.3444797992706299,0.385780394077301,0.8041656613349915,0.009536035358905792,-1.6643038988113403,-0.0947025865316391,0.3929378092288971,0.03311368450522423,-0.6804479956626892,0.4718687832355499
-0.9049866795539856,-1.2492748498916626,-0.7370733618736267,-1.3363428115844727,-0.5057228803634644,0.0138323325663805,-1.147291898727417,1.5916434526443481,-0.6098542809486389,-0.48719683289527893,-0.018697040155529976,0.25580161809921265,-0.12758250534534454,-0.1321115493774414,0.3655224144458771,1.5459824800491333,-1.0972754955291748,0.6828650236129761,-1.6794660091400146,0.13446800410747528,-2.1870079040527344,-0.3290751874446869,-1.044395923614502,-0.4832746982574463,-0.22774018347263336,0.7364986538887024,-0.8571279644966125,-0.6740416884422302,-0.18750156462192535,-1.1716277599334717,-1.5836467742919922,-1.2934705018997192,0.5214284062385559,-0.24104048311710358,-0.1803404539823532,1.0895806550979614,1.1712255477905273,0.059309232980012894,0.1709485948085785,-0.34398818016052246,-1.2796249389648438,-1.3233450651168823,-0.24488113820552826,-0.5866701602935791,0.695159375667572,-0.7581606507301331,1.4778128862380981,-0.6595044136047363,-1.1763575077056885,-1.1400781869888306

Slice 26
-2.4172167778015137,-0.34083840250968933,-1.2134695053100586,1.2848504781723022,-1.4003700017929077,0.7889291048049927,-0.22191788256168365,-0.4108811318874359,0.703231155872345,1.9392290115356445,-1.0404356718063354,-1.3697741031646729,-0.7343062162399292,-0.2718623876571655,-0.1953142136335373,1.993333101272583,-0.8588634133338928,1.3698439598083496,-0.08836595714092255,0.40613389015197754,0.4956047534942627,-0.4399803578853607,0.29486215114593506,1.2141677141189575,0.6695546507835388,-1.055984616279602,1.3011738061904907,0.594860315322876,-0.011248104274272919,0.7202993631362915,1.4005824327468872,0.3561478853225708,-0.27697473764419556,0.2218388170003891,-1.1572668552398682,0.9391047358512878,-1.840291142463684,1.0373455286026,0.6136436462402344,-0.8191850185394287,0.7820709943771362,-0.5405864119529724,0.9487077593803406,0.8491983413696289,-1.2819056510925293,-0.6308262348175049,1.2290611267089844,-0.5035236477851868,-1.0408259630203247,0.5639120936393738
0.7316496968269348,-1.2661174535751343,0.7868019938468933,-0.12230586260557175,0.20456227660179138,-0.6873388886451721,-0.11083099246025085,-0.5014126300811768,0.6971328854560852,0.742628812789917,0.6745792627334595,-0.4928339719772339,0.47656142711639404,0.002940153470262885,0.25591883063316345,0.2020959109067917,-0.37905633449554443,1.7148698568344116,0.24799616634845734,1.1950349807739258,-0.7441399097442627,0.6070287227630615,-0.29018163681030273,-0.13998426496982574,-0.11482417583465576,-0.2546919286251068,-1.330828070640564,-0.02995670959353447,-0.04688248783349991,0.5732131600379944,0.32638704776763916,1.733951210975647,-0.9593919515609741,0.5629676580429077,0.19877980649471283,-0.21801486611366272,0.5299915075302124,0.6372272968292236,-0.8450188636779785,-0.9443294405937195,0.2914845645427704,0.4966551661491394,1.8889124393463135,0.5278801321983337,0.17191393673419952,0.10731946676969528,-1.302437424659729,-0.07990523427724838,-0.5970620512962341,1.1544793844223022
-0.49341222643852234,0.35021379590034485,0.6306090354919434,0.9105460047721863,0.8236844539642334,0.2958380877971649,-2.0315892696380615,-0.16616490483283997,0.33512917160987854,-1.7283999919891357,0.8490201830863953,-1.3244688510894775,1.4831544160842896,-0.35879644751548767,-0.04232487827539444,1.284337043762207,0.7046594619750977,-0.9264695644378662,-0.429932564496994,1.6184813976287842,0.3338133692741394,0.7382201552391052,0.876983106136322,0.4090711176395416,0.40683817863464355,-0.41022658348083496,-1.420034646987915,0.4102385938167572,-1.1258251667022705,-0.912927508354187,-0.1506308913230896,0.37448257207870483,0.20464271306991577,0.8680856823921204,-0.49887552857398987,0.2196134626865387,-0.17320473492145538,-0.34762042760849,0.7056740522384644,-0.3081985116004944,0.9914862513542175,0.8614833950996399,0.6077288389205933,0.747163712978363,0.9725016355514526,0.45781922340393066,-1.02154541015625,-0.6838937401771545,-0.507499635219574,0.6364741325378418
0.5719703435897827,0.5604590177536011,0.9394596219062805,-0.30455562472343445,-0.7034430503845215,-0.05148975923657417,2.3159291744232178,-0.5716045498847961,-1.0359129905700684,-0.2691028416156769,1.6418838500976562,0.13508477807044983,0.24012838304042816,-0.840849757194519,-0.32478538155555725,-1.389251708984375,0.24989785254001617,0.6133987903594971,1.3660727739334106,1.2365357875823975,1.1288632154464722,0.04352401942014694,0.428543359041214,1.0287419557571411,0.574664294719696,0.4236065447330475,-0.6584305167198181,-0.11416026949882507,-0.4630189538002014,2.3530991077423096,-0.3733369708061218,-0.3594803512096405,-2.4505248069763184,-0.5221970677375793,-0.06933315098285675,-0.7433706521987915,1.2136542797088623,1.6763873100280762,-0.5182243585586548,0.4957354664802551,-0.024048984050750732,1.0696676969528198,2.0384700298309326,-0.7102777361869812,1.1067991256713867,-0.2540002167224884,0.20852206647396088,0.8153201937675476,-0.5559349060058594,1.0777055025100708
1.2218271493911743,-0.30845069885253906,-1.1973251104354858,0.259660929441452,-0.5790178179740906,-0.9976134896278381,-0.40313979983329773,0.4321080446243286,0.10288501530885696,-1.0987695455551147,-0.3116588890552521,0.5574764013290405,1.6145395040512085,0.3439774811267853,-0.9638909101486206,-1.862213134765625,0.6120083928108215,-0.8094683289527893,-0.7606778144836426,-0.5750986337661743,1.5421417951583862,2.192497491836548,1.5698652267456055,0.09078525006771088,0.4524957239627838,1.1768059730529785,-2.2259628772735596,0.3715757131576538,-0.40554776787757874,0.08246221393346786,0.3369263708591461,0.6147448420524597,-0.09000217169523239,0.9348834753036499,0.7072703242301941,-1.8556798696517944,0.3623614013195038,-0.4586094319820404,-0.031184198334813118,-1.0140290260314941,2.215211868286133,0.26993197202682495,0.3923514187335968,-0.8061967492103577,1.068014144897461,1.1935802698135376,0.6076716780662537,-0.05511465296149254,0.8950990438461304,0.7565767765045166
0.7906418442726135,0.5436521172523499,-0.45334282517433167,-1.4681042432785034,0.6626445651054382,1.45976722240448,-0.7841646075248718,1.4037301540374756,0.8408570289611816,1.0890145301818848,-0.0684569925069809,-0.6833778619766235,0.6809763312339783,0.40716734528541565,0.35761329531669617,1.293846845626831,-0.3913717567920685,0.8995067477226257,1.5540251731872559,-0.3363035023212433,0.585903525352478,0.5104484558105469,-0.4545711278915405,1.2725188732147217,-0.2841785252094269,-0.0996590256690979,-1.0472028255462646,-0.33956170082092285,-1.1897215843200684,-0.09708048403263092,0.027311069890856743,1.3236316442489624,-0.08956289291381836,-1.5987155437469482,0.7976227402687073,1.1514919996261597,-0.07020383328199387,-1.6019748449325562,1.223551630973816,0.49894896149635315,-0.18580089509487152,1.4977664947509766,-0.21637451648712158,1.0630534887313843,0.8777362704277039,0.9810230731964111,0.3635285198688507,-0.345110148191452,-1.2609668970108032,0.12052906304597855
-0.2168099731206894,-0.009277056902647018,-0.5150637030601501,-0.6430310010910034,-1.424110770225525,-0.10747092217206955,0.20295901596546173,-0.26628378033638,0.928537130355835,1.5554291009902954,0.05489213392138481,-0.5700504183769226,-0.11857570707798004,-1.2409578561782837,-1.0673117637634277,0.9769677519798279,-0.19028455018997192,0.5960220098495483,0.6135375499725342,0.3884608745574951,-0.8750484585762024,0.20568224787712097,0.04579208046197891,-0.6178967356681824,-1.304827094078064,0.4444962739944458,0.33075395226478577,0.22324733436107635,0.8228631019592285,0.48549026250839233,-0.9133762121200562,1.2515119314193726,-1.6104017496109009,0.3294048011302948,-0.45240432024002075,-0.9910725355148315,-0.3092745840549469,1.0370357036590576,-0.5045601725578308,-0.46527713537216187,0.0732201486825943,0.05990247428417206,-0.012319661676883698,1.127608060836792,0.32263103127479553,0.3397925794124603,1.299215316772461,-0.7430434226989746,-0.004623867105692625,-0.6626662015914917
-0.6103175282478333,-0.18809188902378082,-0.7804900407791138,0.21067264676094055,-0.16545012593269348,0.782241940498352,-0.5632105469703674,0.28815513849258423,-0.03869418054819107,-0.23786038160324097,1.1475951671600342,0.3923075199127197,-0.41786661744117737,-1.008368968963623,-1.1675026416778564,1.041864275932312,0.11233150959014893,-1.360981822013855,-1.250485897064209,-0.08274128288030624,-0.3354299068450928,-0.2562706172466278,-0.7475404739379883,-0.6632030010223389,-0.5980810523033142,0.02315576560795307,0.20018623769283295,-0.5253174901008606,0.7700120806694031,-0.16440370678901672,-0.3442256450653076,-0.9780057072639465,-0.8685378432273865,-0.2051251083612442,0.5627174377441406,-0.573367178440094,1.3475253582000732,0.9053454399108887,0.2550950050354004,0.5295584797859192,0.09842042624950409,-0.487016886472702,1.245721459388733,1.548403263092041,-0.1717468798160553,0.5133588910102844,-0.39854955673217773,-1.1287988424301147,0.4306882917881012,-0.8641100525856018
0.01581781730055809,0.7667872309684753,1.4762985706329346,0.9740968346595764,-0.18821030855178833,1.1526823043823242,-0.9561572074890137,1.00801682472229,-0.6536007523536682,1.0287972688674927,-1.0378004312515259,-1.9223393201828003,0.6155669093132019,1.4771007299423218,-0.6585007905960083,-0.10897639393806458,-1.5869245529174805,0.6128385066986084,-0.47607192397117615,0.5226806998252869,-0.5191216468811035,0.6383719444274902,0.6277890801429749,-0.0651981309056282,1.360365390777588,-2.117898941040039,1.4431873559951782,1.6825206279754639,2.0346696376800537,-0.9975711107254028,2.022183656692505,-0.8543810844421387,-0.46146973967552185,0.21891655027866364,0.7332602143287659,0.958227813243866,-0.7571284770965576,2.4541423320770264,1.2637656927108765,-0.7448898553848267,0.46329161524772644,-0.2918722927570343,1.0058679580688477,-1.7457152605056763,0.8014704585075378,-1.1902859210968018,-0.5814411044120789,1.9386184215545654,-1.879876732826233,-0.4022042453289032
-2.0391976833343506,1.6636532545089722,1.222281575202942,0.7639118432998657,0.09374074637889862,-1.5281249284744263,0.9988933801651001,-0.18476593494415283,-0.7493655681610107,0.6427763104438782,-0.8356579542160034,0.6359648108482361,0.0879729762673378,-0.07974251359701157,-1.303109049797058,0.08432704210281372,-0.7304075360298157,1.487488865852356,0.7991283535957336,-1.3311448097229004,0.2874123752117157,0.4090854823589325,1.7111140489578247,-1.2919200658798218,1.5949349403381348,0.2179875373840332,1.1399799585342407,1.0259003639221191,-0.42056745290756226,-1.4436572790145874,0.9179860949516296,-0.4345158338546753,0.9256804585456848,-0.09583180397748947,-1.955011248588562,-0.3397996127605438,-0.5581617951393127,-1.5915307998657227,0.09216588735580444,0.8836631178855896,-0.33989953994750977,-1.714406967163086,-0.21552088856697083,-0.9600778222084045,-0.07935251295566559,0.33481112122535706,0.1460549235343933,0.5298812985420227,0.0856187492609024,-1.0937610864639282

Slice 27
-1.7772094011306763,0.46840739250183105,0.2058565467596054,-0.3498166799545288,0.09656001627445221,0.05557229742407799,0.6928398609161377,1.613268256187439,-0.39623716473579407,-1.4980835914611816,1.9885053634643555,0.9621762633323669,-0.5896487832069397,-0.8939124941825867,-0.3917253911495209,0.9699856042861938,-0.047431688755750656,-0.4251306653022766,1.3410587310791016,0.3114822208881378,0.9133874177932739,-1.7603205442428589,-0.37719807028770447,-1.7306638956069946,0.8057326674461365,-0.07687865942716599,1.2124104499816895,1.1004347801208496,2.1299619674682617,-0.17582102119922638,-0.02144630439579487,-0.24081234633922577,1.281099796295166,1.898014783859253,-1.7411127090454102,0.2563953697681427,2.012606143951416,0.1591997593641281,0.6773704886436462,0.4792381227016449,0.33122193813323975,0.5465062856674194,1.0607789754867554,1.700010895729065,-0.7664815187454224,-0.8135652542114258,-0.89585280418396,-1.2757623195648193,1.4644519090652466,1.9894455671310425
-0.6826940178871155,-0.09626924246549606,-0.7765612602233887,0.24633367359638214,0.8592628836631775,1.8423089981079102,1.337060809135437,0.7392565608024597,-1.1540864706039429,0.46688324213027954,-0.3759618401527405,-1.388545274734497,0.09973644465208054,0.7059310674667358,-1.991891860961914,-1.8305726051330566,0.7644008994102478,-0.16773982346057892,1.2425166368484497,0.14901405572891235,0.4178406894207001,-1.0499404668807983,2.110088348388672,-0.6396486163139343,-0.43679678440093994,0.8460149168968201,0.21362100541591644,0.9297133684158325,-0.145852729678154,0.6695074439048767,-0.14205333590507507,0.31638044118881226,-0.04581337422132492,-0.24098679423332214,1.7383610010147095,0.7652081847190857,-1.3367692232131958,-1.6846342086791992,-0.8885102272033691,-1.1000685691833496,-1.4688421487808228,1.061366319656372,0.27504798769950867,-0.2488708645105362,-0.3348923623561859,-0.5714004635810852,-1.4260610342025757,0.9007806777954102,1.1786891222000122,-0.8026937246322632
-0.43984925746917725,-0.8394177556037903,-0.4206349849700928,-1.2297273874282837,-0.5724977850914001,0.5050756335258484,-0.8276469707489014,-0.6203714609146118,1.1206060647964478,-0.7687019109725952,-0.7603634595870972,0.6528242826461792,1.2964621782302856,0.8498412370681763,0.5602736473083496,1.3360086679458618,-0.9306044578552246,-1.979872226715088,-0.8784434199333191,0.4113643169403076,-0.7035874724388123,2.1838200092315674,0.6228905320167542,0.14972834289073944,-0.5985459685325623,0.3070940375328064,-1.2916113138198853,0.28298187255859375,0.16565023362636566,1.845810890197754,1.1734294891357422,0.9944528937339783,0.08006054908037186,0.26415127515792847,-0.07818670570850372,0.8065794110298157,0.13670572638511658,0.16756361722946167,-0.022529421374201775,0.8949942588806152,1.9568558931350708,-1.198996901512146,1.0224279165267944,-0.42432889342308044,-0.7330917716026306,1.2964941263198853,1.09180748462677,0.5913552045822144,-0.6847884654998779,-1.2843149900436401
1.7753149271011353,-0.9257274270057678,1.6504350900650024,0.8257176280021667,1.7712856531143188,0.8405921459197998,-0.720187246799469,0.20937365293502808,-0.8244706988334656,0.1409512311220169,0.03047356940805912,-0.3969862163066864,1.6830967664718628,0.09263235330581665,0.61879962682724,-1.1899358034133911,1.4097412824630737,-0.8462596535682678,-0.1597830355167389,1.248691201210022,-0.08273930102586746,2.6592774391174316,0.956487774848938,-1.188458800315857,-0.7421518564224243,1.7038377523422241,-1.1015344858169556,0.7850303649902344,-0.6523580551147461,0.4364340901374817,-0.07992066442966461,0.12852701544761658,0.4357409179210663,-0.1075235903263092,0.5481929779052734,0.31860101222991943,-0.4150072932243347,0.1700245440006256,0.9467111825942993,1.6510975360870361,1.3410183191299438,-1.072689414024353,-0.37956443428993225,-0.042327627539634705,0.8848384618759155,0.21522000432014465,1.2894947528839111,2.5772385597229004,-0.36791011691093445,-0.18813005089759827
0.4258255064487457,0.22394075989723206,1.0945346355438232,-0.27107807993888855,0.198103129863739,-0.8023814558982849,-0.07170598208904266,-1.6320905685424805,1.0596266984939575,1.1618047952651978,0.307359516620636,-0.4400220513343811,-0.48852986097335815,0.8706446290016174,1.2035101652145386,0.11709782481193542,-0.6900177597999573,-0.8945423364639282,-0.9878746867179871,1.3352701663970947,0.20643840730190277,1.4966007471084595,0.29553574323654175,0.04349469766020775,-2.8997111320495605,0.139088436961174,-0.4404510259628296,0.7003911733627319,0.927787721157074,-0.02002250961959362,-0.2819872498512268,0.08417636901140213,0.39952802658081055,0.8797472715377808,1.6685601472854614,-0.7114317417144775,-1.4303905963897705,0.9111093878746033,0.23326373100280762,0.6111499667167664,1.2571570873260498,-1.4159157276153564,-1.7403322458267212,0.023915238678455353,-0.08727454394102097,-0.07190203666687012,0.5501999855041504,0.9836663603782654,0.5147401094436646,1.0906035900115967
0.14462493360042572,-1.5967841148376465,-0.5825292468070984,-0.31152358651161194,0.059086937457323074,-0.7569456696510315,-1.5269384384155273,0.32280591130256653,0.17341050505638123,0.7798806428909302,-1.6231913566589355,0.9475889801979065,-0.24599507451057434,-0.6886902451515198,0.5824612379074097,1.422237515449524,-1.148472547531128,-0.414080411195755,0.3397606313228607,1.405037522315979,-1.544657826423645,0.1159534901380539,0.12564648687839508,0.1347925364971161,-0.9869716763496399,-0.4775458872318268,0.8883494734764099,0.859464168548584,-0.38363176584243774,0.7586900591850281,-0.09229275584220886,0.9930440187454224,1.906196117401123,-0.9648534655570984,1.279921054840088,-0.2079533040523529,0.9379180669784546,0.11112174391746521,-0.8301482796669006,-0.27798697352409363,0.32376620173454285,-1.2072287797927856,-0.06736814975738525,-1.384781002998352,-0.16868390142917633,-0.08426491171121597,0.08048918098211288,-0.3112295866012573,0.7131587266921997,0.8364906311035156
-1.1538573503494263,0.1680588275194168,0.6038506627082825,-0.5237112045288086,-0.6875049471855164,0.5117502808570862,2.0011162757873535,0.5673405528068542,1.2109547853469849,-0.8482440114021301,-0.12287923693656921,-0.433040052652359,0.9863108992576599,-1.2231178283691406,0.689525842666626,1.3545233011245728,0.0389290452003479,0.2925051748752594,0.48484501242637634,0.3742724061012268,-0.33488911390304565,1.5143848657608032,-0.6163309216499329,-0.7108137011528015,-0.11415517330169678,0.8407755494117737,-0.8597765564918518,1.2341967821121216,-0.5115402936935425,0.597888171672821,-0.5958392024040222,-0.16759970784187317,1.0627045631408691,-0.695000410079956,-0.12930983304977417,0.11296804994344711,-0.5217282176017761,-0.5005187392234802,-0.9593665599822998,0.21245534718036652,1.4780489206314087,-0.112941212952137,0.11166022717952728,-0.1890457421541214,-0.8135825991630554,-0.7671289443969727,-0.24244283139705658,0.7517998218536377,-0.32746806740760803,0.22331781685352325
0.4454566538333893,-0.6740543246269226,-0.28525277972221375,0.45610329508781433,0.1679118573665619,0.5284591317176819,1.1927939653396606,-0.42349764704704285,2.5575547218322754,0.6536811590194702,0.1852097064256668,0.0011029706802219152,-0.7891916632652283,-0.2846542000770569,0.6895009875297546,0.7671248316764832,0.8331044912338257,0.2566966116428375,-0.47125136852264404,-0.34783339500427246,0.5621546506881714,-1.3393352031707764,-0.8388362526893616,0.4940803050994873,0.38868433237075806,1.181847333908081,0.18444301187992096,-0.9618715643882751,1.4931037425994873,0.028688430786132812,1.534691572189331,-2.1982409954071045,-2.2091944217681885,0.7833492755889893,-1.6716638803482056,1.2495859861373901,-1.0129337310791016,0.9632729887962341,0.2658182382583618,0.2240251749753952,-1.1731815338134766,0.046138860285282135,1.3240245580673218,-0.42523622512817383,0.22817566990852356,-0.2845020890235901,-0.7455245852470398,-1.5433166027069092,0.5808806419372559,0.762927770614624
-0.2532649636268616,-0.6376394629478455,-1.7219797372817993,0.6991848349571228,0.4713415205478668,0.8618429899215698,-1.3037278652191162,0.5268917083740234,-0.30144238471984863,2.0089662075042725,-1.6626702547073364,2.01132869720459,1.2201567888259888,1.4347069263458252,-0.7179090976715088,0.3575581908226013,0.6156755089759827,0.01390013936907053,0.10268295556306839,1.164408564567566,-0.19523300230503082,2.069687604904175,1.032254695892334,-0.9636579155921936,1.6123946905136108,-0.65166175365448,-0.3503720462322235,-0.6384814977645874,-1.654366374015808,0.7364771962165833,-0.14363524317741394,1.0409971475601196,0.529977023601532,-1.3898274898529053,0.23012308776378632,1.4189313650131226,0.6612752079963684,-0.3888055384159088,-1.2493112087249756,-1.0503158569335938,-0.49317696690559387,0.04853319376707077,1.1318087577819824,-0.5750248432159424,1.3006998300552368,1.4648628234863281,-1.0340793132781982,0.5223610401153564,-1.8479746580123901,-0.9310763478279114
-1.119434118270874,1.8403124809265137,-0.5705043077468872,-1.1267673969268799,0.16986282169818878,0.6741014719009399,0.5902600288391113,-0.19461111724376678,-1.1952236890792847,-0.4836201071739197,-0.4844284653663635,0.5805129408836365,-0.19505524635314941,-0.5890652537345886,-1.0539642572402954,-1.0980699062347412,0.30569732189178467,-1.738059163093567,-0.6911219358444214,-1.1873869895935059,1.0934163331985474,1.893516182899475,0.10864931344985962,-0.35506731271743774,-0.4409351646900177,0.5888152122497559,-0.22042298316955566,-1.1478523015975952,0.7375606298446655,-0.9397147297859192,-0.2015889585018158,0.5557377338409424,-0.3684329092502594,1.346246361732483,0.8488749861717224,-0.29795074462890625,0.2292724996805191,-0.1849355697631836,-1.1865878105163574,-1.4078614711761475,-1.441719651222229,-1.7662549018859863,-1.227726936340332,-0.9253398776054382,-1.537699580192566,0.6215074062347412,-1.2694522142410278,-0.2922048270702362,0.1739259958267212,0.311011403799057

Slice 28
0.754692018032074,-0.3641677796840668,-0.5329502820968628,0.04402226582169533,0.06456777453422546,-0.19553203880786896,0.09452416002750397,1.4013774394989014,0.29322949051856995,1.4757145643234253,-0.7941116690635681,1.1602740287780762,0.5762587785720825,0.43687644600868225,1.119842529296875,1.6309627294540405,0.2833244204521179,-1.8007007837295532,0.38589563965797424,-0.5749309659004211,1.7282978296279907,-1.4706813097000122,0.529569685459137,-0.03832944110035896,0.6742849946022034,1.4028009176254272,-0.37143102288246155,-1.2629860639572144,-1.3011598587036133,-1.414565086364746,0.35337746143341064,-1.165980577468872,0.0053309062495827675,-1.8363741636276245,0.7568098306655884,-0.8207607865333557,-0.6608310341835022,-0.5766361951828003,1.524415373802185,0.07754243165254593,-1.5963644981384277,-0.9174720048904419,0.8694526553153992,0.6266430616378784,2.3036017417907715,2.305561065673828,1.2902235984802246,-0.6661742329597473,0.11270548403263092,1.3389124870300293
-0.7678167223930359,-1.2418001890182495,2.469782829284668,-1.5592310428619385,0.7970755100250244,-1.4509557485580444,1.5800222158432007,-0.34699538350105286,0.8912073373794556,2.483708143234253,-0.35390567779541016,0.15499645471572876,0.2912484109401703,-0.11322812736034393,0.35483354330062866,0.9560512900352478,-1.3117735385894775,-0.6951273679733276,-0.35824674367904663,0.27320370078086853,-1.0546008348464966,0.31658920645713806,-1.4106268882751465,0.7789501547813416,1.8240141868591309,0.17968697845935822,-0.6848027110099792,1.6235164403915405,0.2741096615791321,0.8843352198600769,-1.3051960468292236,1.3648866415023804,0.6360905170440674,-0.660834550857544,0.1444268375635147,0.44492143392562866,1.3000273704528809,0.3979746401309967,-1.2658597230911255,1.956534504890442,-0.4560624957084656,1.7911171913146973,-0.6106502413749695,-0.8827235102653503,0.9137790203094482,0.034193944185972214,1.4323911666870117,0.8784487247467041,-0.6537685990333557,0.6661794781684875
-1.594989538192749,0.9696199297904968,1.397051215171814,-0.7219216227531433,0.939201831817627,-1.5424878597259521,0.9129571318626404,-0.741420567035675,0.685506284236908,0.629996657371521,-0.11948733031749725,0.9216014742851257,-1.1646273136138916,-0.8564789891242981,1.1431208848953247,-0.10421060025691986,0.5692490935325623,-1.2465966939926147,-0.17344661056995392,0.7086334228515625,-0.1738004833459854,0.946917712688446,0.2595418393611908,0.7607743144035339,-0.22254733741283417,-1.3787000179290771,0.09720589220523834,0.8275569081306458,-0.1351516842842102,1.1204631328582764,-0.7122279405593872,0.7086591720581055,-1.560943365097046,1.433747410774231,-0.5744482278823853,-0.47226640582084656,-0.6884920001029968,1.7025870084762573,-0.41977548599243164,0.33914050459861755,-1.0576988458633423,2.6041195392608643,-0.8726402521133423,0.15889909863471985,1.2539440393447876,0.06564368307590485,2.441485643386841,-0.3495634198188782,-1.3701714277267456,0.004470818676054478
0.010797522030770779,-0.5064229965209961,-1.020615816116333,-0.2079256922006607,-0.7692347168922424,-1.1413213014602661,-1.1264543533325195,0.43691501021385193,1.3452045917510986,-0.6819203495979309,-0.5047262907028198,0.07688947767019272,-0.9643703103065491,0.03276665136218071,-0.18009202182292938,-1.931483507156372,-0.8155800104141235,-0.21430453658103943,-0.2486535757780075,-2.2185394763946533,0.06680089235305786,-1.915023922920227,0.34903499484062195,-2.163527250289917,-0.23551411926746368,1.1784952878952026,-0.6688082814216614,-0.2809235751628876,-1.175257682800293,-0.9906062483787537,-0.9445933699607849,0.6010493636131287,0.7490854859352112,0.06433290243148804,-1.142159104347229,1.3507640361785889,1.2513848543167114,1.2196325063705444,-1.0026856660842896,2.293116807937622,0.8151084184646606,0.4718942642211914,0.821779191493988,0.3031666576862335,0.38768911361694336,-1.016208529472351,0.5440868735313416,-1.0445204973220825,-0.8428764939308167,-0.7452789545059204
1.3634026050567627,1.607305645942688,1.1765902042388916,-0.8199688792228699,0.7891336679458618,0.12237884849309921,-1.0605570077896118,1.0743095874786377,-0.2420363426208496,-1.1962811946868896,0.6250929236412048,0.4443995952606201,-0.5900182127952576,1.1414411067962646,-1.8199646472930908,0.19027364253997803,1.9549201726913452,0.6966333389282227,-0.791111946105957,-0.1934291422367096,1.1740971803665161,-0.1947459578514099,-1.9599149227142334,0.722515881061554,-1.1430906057357788,-1.6386981010437012,-0.1392979919910431,-1.2972322702407837,0.9847261309623718,0.9311349987983704,-1.0446754693984985,1.8385244607925415,0.032044243067502975,0.014460233971476555,-2.316990852355957,0.1141001358628273,-1.6333903074264526,-0.5000807642936707,-0.8354532718658447,-1.1522127389907837,0.4599669277667999,0.37060439586639404,-0.3934520483016968,-0.2185860574245453,-1.0197893381118774,1.461337685585022,2.5199482440948486,-0.9158195853233337,0.36937958002090454,-2.512152910232544
1.9502686262130737,-0.7529584765434265,-1.8411147594451904,-0.47514164447784424,-0.38251805305480957,-0.5084027051925659,-1.4059267044067383,-0.4754126965999603,-0.21245606243610382,0.04611308127641678,0.02102929912507534,0.35440295934677124,0.2595788538455963,0.6710450053215027,0.792177140712738,1.1515555381774902,-1.1881239414215088,-0.19471728801727295,-1.1110854148864746,0.1376606971025467,0.06237640976905823,-1.1119239330291748,-0.43929746747016907,0.6232196092605591,1.6276339292526245,-0.006038545165210962,0.15926627814769745,1.1990854740142822,-1.496671199798584,-1.500747799873352,-1.0808906555175781,0.22080351412296295,1.4531936645507812,1.0914119482040405,0.2866964638233185,0.7421558499336243,0.22189952433109283,-0.15150003135204315,-0.7676146030426025,-0.6390526294708252,1.3275097608566284,1.0880002975463867,-1.190617322921753,-1.43839693069458,1.5909353494644165,0.6064447164535522,2.041100263595581,-1.3438092470169067,-0.16801044344902039,-0.6875993609428406
0.9298979640007019,1.1111246347427368,0.5240054726600647,-1.126703143119812,-1.7251625061035156,0.25080350041389465,-0.28470903635025024,0.21473926305770874,-1.014197826385498,0.6464619040489197,-2.106621503829956,-2.135932445526123,-1.4579921960830688,0.6841037273406982,-0.1162368506193161,-0.4688567519187927,0.6869847178459167,-1.1870592832565308,-1.792375922203064,-1.1981780529022217,0.21567006409168243,-0.44440725445747375,-1.9123554229736328,-1.2547330856323242,0.0787731483578682,-1.3064621686935425,1.2388676404953003,-1.8701071739196777,-0.7849521636962891,-0.6055593490600586,0.11921532452106476,0.256450891494751,-0.47023168206214905,0.21379077434539795,0.7610564231872559,0.7741298675537109,-0.8116337656974792,-0.5084213018417358,-0.5298131108283997,0.4250292181968689,-0.25852644443511963,0.32629063725471497,-0.7142629623413086,0.42062848806381226,-1.159788727760315,0.13776129484176636,0.05162440985441208,-1.5959051847457886,1.2668730020523071,-0.4059673845767975
-0.5524563193321228,0.016968535259366035,0.07103600353002548,1.4423726797103882,-1.2828902006149292,0.5129024386405945,1.1019402742385864,-1.1852799654006958,0.537216305732727,0.7037347555160522,-0.02546197921037674,-0.8133074045181274,-0.7147505879402161,1.408656358718872,1.8701833486557007,0.4993748366832733,0.1812862604856491,0.17738577723503113,1.3569185733795166,-0.7046738266944885,-0.7956437468528748,0.06809451431035995,1.806491732597351,1.0350881814956665,-1.2278845310211182,-1.0646804571151733,0.9237842559814453,0.5780664086341858,-1.8303385972976685,-2.0195233821868896,0.371442049741745,-0.6649397611618042,-1.7367843389511108,-1.0319653749465942,-0.14829683303833008,-0.7167617678642273,-0.22896648943424225,0.4306253492832184,-0.4697381854057312,-1.155875325202942,-1.2654898166656494,0.3602096736431122,-0.3533119857311249,0.133015438914299,0.18833670020103455,-1.1596077680587769,0.6020676493644714,-0.43823301792144775,0.29384368658065796,0.6804172396659851
-1.9910293817520142,-0.6331284642219543,-1.5705807209014893,-1.1667397022247314,-1.2889163494110107,-1.207245945930481,0.4305632412433624,1.3050034046173096,1.033545970916748,-1.1787109375,1.5749722719192505,-1.207217812538147,-1.1671969890594482,0.20156681537628174,-1.8339155912399292,0.9679338932037354,-1.2432161569595337,0.4798099398612976,0.6310639381408691,0.14780685305595398,1.2035634517669678,0.29204893112182617,-0.8322010040283203,-0.7004027962684631,0.13734158873558044,0.21041598916053772,-0.11042886972427368,1.2971808910369873,0.7524220943450928,0.3521557152271271,0.9311697483062744,-0.29945191740989685,0.30567869544029236,-0.4795186519622803,-0.2696576714515686,0.09209632873535156,-0.15135106444358826,0.4830729365348816,0.047538504004478455,0.7010173797607422,0.9745349287986755,-1.7386926412582397,1.037682056427002,0.6571384072303772,-1.5227149724960327,-0.12916310131549835,0.551551878452301,0.7505425810813904,0.08880095183849335,-1.3697272539138794
1.1873935461044312,1.4691871404647827,0.3693574070930481,-0.32220160961151123,-0.17496907711029053,-0.26570606231689453,-1.3132909536361694,-0.47228342294692993,-0.6447760462760925,0.6418866515159607,0.6420150399208069,-0.17610058188438416,-0.27361178398132324,0.7056874632835388,-0.9567582011222839,0.2663874626159668,0.849093496799469,-0.4907625615596771,-1.0987237691879272,-1.1686441898345947,-0.21928179264068604,-0.5173965096473694,0.009943033568561077,0.8707864880561829,0.1600947082042694,-0.13503804802894592,-1.2413352727890015,1.9479045867919922,1.0108888149261475,0.19926828145980835,-0.8346819877624512,0.6535586714744568,-0.29778745770454407,-1.421519160270691,0.7409070730209351,1.178925633430481,1.4001089334487915,0.11752228438854218,-0.5174569487571716,0.2014492154121399,0.19802042841911316,-0.008482488803565502,-0.23323848843574524,-0.14788112044334412,-0.16688010096549988,0.9495508670806885,0.8437948226928711,0.5996399521827698,-0.8253121972084045,-1.2162984609603882

Slice 29
1.3723844289779663,-0.44738656282424927,1.6580543518066406,-0.430311381816864,-0.3225973844528198,0.18210279941558838,0.761084258556366,0.15431921184062958,0.9242357611656189,-0.46959686279296875,0.3038340210914612,1.118245005607605,-0.6951645016670227,0.9078617095947266,-0.8997046947479248,-1.4411405324935913,-0.18225878477096558,0.4681922197341919,0.4807192087173462,1.1747173070907593,-0.17593815922737122,-0.9867061972618103,1.2595237493515015,1.9291892051696777,-2.1656136512756348,-0.3951813280582428,0.6989639401435852,-0.24491937458515167,-0.26959455013275146,-0.09310153871774673,0.6658109426498413,0.4639378786087036,-0.2675875425338745,-1.1032073497772217,1.409744381904602,0.473336398601532,-0.324197918176651,-1.272086501121521,0.4393370747566223,1.6543961763381958,1.6756536960601807,1.223889946937561,-0.48201480507850647,-0.26017120480537415,0.2700837552547455,-0.46131882071495056,-0.9334257245063782,1.3832180500030518,0.34087735414505005,0.45286473631858826
-1.145250678062439,-0.67657071352005,-0.12949973344802856,0.32988783717155457,0.04699425399303436,0.5317350029945374,-0.31253013014793396,-0.21534951031208038,-0.42667677998542786,0.0023723801132291555,-0.46645423769950867,-1.035061240196228,1.6548877954483032,0.8166079521179199,1.768637776374817,0.01243138499557972,-1.525501012802124,0.43669751286506653,0.41722890734672546,0.5147960782051086,0.2635062038898468,0.341862291097641,-0.3595631718635559,-0.1988750398159027,0.10535451769828796,-0.27202969789505005,0.22437208890914917,1.4792841672897339,-1.3827317953109741,0.7578330636024475,-0.5455530285835266,1.2939608097076416,-1.4178498983383179,-0.2020140141248703,0.17533014714717865,-1.1084136962890625,-0.09331252425909042,0.860482931137085,-0.8713968992233276,-0.8528313040733337,0.07444772869348526,-0.7528162598609924,0.25278806686401367,-0.5111634135246277,-0.1376919150352478,-1.604567050933838,-0.6299583315849304,0.5462159514427185,0.5545149445533752,1.2075762748718262
0.4651484787464142,1.509985089302063,0.6425419449806213,-1.2357211112976074,-0.8049147129058838,0.18005739152431488,0.37709689140319824,-0.6157165169715881,0.7136633992195129,-1.146458625793457,0.6095470190048218,0.9570823907852173,-0.1353864222764969,0.36931172013282776,1.0179311037063599,-0.6630759239196777,0.5665402412414551,-1.5394521951675415,-0.19324375689029694,-0.503497838973999,-1.4605660438537598,-1.0060032606124878,0.41842859983444214,0.8604764938354492,-0.5374791622161865,-1.1010990142822266,-1.6129249334335327,-0.22526691854000092,0.9404407143592834,1.4390801191329956,0.36532700061798096,0.3220572769641876,0.9538705348968506,-0.21707068383693695,-1.0971451997756958,0.44198888540267944,-1.2624608278274536,-0.7985742688179016,0.3737185001373291,-0.7706936001777649,-0.42740002274513245,-1.2713358402252197,-0.5602976679801941,0.07295341789722443,-0.27586615085601807,1.2880239486694336,-0.8595131635665894,-0.41868069767951965,-0.332319974899292,-0.28374794125556946
0.33255553245544434,0.2801688313484192,0.027266917750239372,-1.8664889335632324,0.8962523341178894,-1.710106372833252,1.1700303554534912,-0.04117508977651596,0.46965357661247253,-0.43780726194381714,0.2157900333404541,0.1312120407819748,-0.09926208108663559,0.7906329035758972,-1.4938170909881592,0.302999347448349,-1.0196131467819214,-0.9576305150985718,0.40911921858787537,-0.35355475544929504,-1.8711186647415161,-0.1381964385509491,0.39227917790412903,-0.10333506017923355,-0.6186327338218689,-1.2689701318740845,-0.5941019058227539,1.1032795906066895,0.28476276993751526,-0.9844850897789001,-1.4212361574172974,-0.8463684916496277,-0.5229538083076477,-0.7623149156570435,0.5892832279205322,-0.07617419958114624,1.1536234617233276,0.9133487939834595,-0.3626546561717987,-0.9438385367393494,1.2839511632919312,-1.3137730360031128,-2.2409098148345947,0.6138125061988831,-1.6776611804962158,-0.9244763255119324,0.618416428565979,0.5502063632011414,-1.4702000617980957,-0.3556492030620575
-0.6318345665931702,-0.3766210377216339,-0.0076430137269198895,0.3422146141529083,-0.46854907274246216,0.23198451101779938,0.6131473779678345,-0.09841012209653854,0.2624569535255432,1.3107153177261353,1.961686611175537,-0.7754878997802734,-0.6752495765686035,0.5666104555130005,0.0568397231400013,1.1953554153442383,-1.2811875343322754,-0.9184929728507996,-0.38641098141670227,-0.09420622885227203,0.1036033108830452,0.2155044972896576,-1.9029128551483154,0.602658212184906,-1.2132540941238403,0.4006619155406952,-1.0181690454483032,-0.025940464809536934,1.0229852199554443,1.3082218170166016,-0.7308661341667175,-1.2193628549575806,0.6754661798477173,-1.1797044277191162,1.1737779378890991,-1.513702392578125,-0.5799633860588074,1.1872926950454712,-1.6464955806732178,1.0446079969406128,0.1542980968952179,1.379580020904541,-0.3337506353855133,-0.17239637672901154,0.774834156036377,0.5538704991340637,-1.731367588043213,0.01985730417072773,-0.19377481937408447,-0.8227944374084473
0.6710031628608704,-0.8723433017730713,0.49590855836868286,-1.4009524583816528,-2.0759265422821045,0.12662041187286377,-0.4865366220474243,1.681106686592102,1.6942830085754395,-0.7271101474761963,-0.4308931827545166,1.0519263744354248,-0.42912861704826355,0.7536171078681946,0.5916953086853027,-1.075871467590332,-1.4805279970169067,-0.17438307404518127,0.01996472291648388,1.3668673038482666,-1.2598545551300049,0.4276147782802582,-0.5999562740325928,-0.17732782661914825,-0.06098300591111183,1.104658603668213,0.17516927421092987,0.46470749378204346,0.4679253399372101,-0.8060905933380127,-1.4218196868896484,-0.8474479913711548,1.4193891286849976,-1.3050603866577148,-0.19418011605739594,0.06551317125558853,-0.0630417913198471,-0.46125486493110657,0.5768887996673584,-0.5060238838195801,0.47596824169158936,-0.8899735808372498,0.5160414576530457,0.36435046792030334,0.045674242079257965,-0.339420348405838,-0.4562569260597229,1.2474719285964966,0.34424471855163574,-1.2817326784133911
0.5937494039535522,-0.6733139753341675,-0.014277016744017601,-0.8811609745025635,1.4607932567596436,-1.1722743511199951,-0.5507839322090149,-0.7796717286109924,-0.7254680395126343,0.23320244252681732,0.5226072669029236,0.6042643785476685,1.0781152248382568,-0.9696229696273804,0.0703093633055687,0.9493759274482727,-0.4453749656677246,-0.773827850818634,1.6912086009979248,-1.6969115734100342,-1.4407588243484497,1.2323040962219238,-1.1629434823989868,-1.3013508319854736,0.3418516218662262,-0.2890685200691223,-0.3455565869808197,0.9339403510093689,0.09820717573165894,0.7164296507835388,-0.7406158447265625,0.11382436007261276,-0.6652162671089172,0.5459557175636292,0.36568689346313477,0.5380422472953796,0.9720802307128906,0.5065126419067383,0.7791964411735535,-0.0021220382768660784,-0.4214886426925659,0.43496838212013245,-0.38038748502731323,0.7503563761711121,-0.7070378065109253,-0.26760050654411316,0.48574548959732056,-0.7011876106262207,-1.7702070474624634,0.6657084226608276
-0.17288105189800262,0.637342095375061,0.0015811498742550611,0.6962370276451111,0.01940564252436161,-0.8527306318283081,-2.328415632247925,-0.48701831698417664,-2.4244494438171387,-0.08110958337783813,0.6296057105064392,0.28270021080970764,-0.8750651478767395,-0.18360313773155212,0.03009668178856373,1.3147388696670532,-1.5539683103561401,1.2119163274765015,-1.1113940477371216,-1.2135980129241943,0.5138503313064575,0.22695697844028473,-0.757759153842926,-0.13911017775535583,0.04674983024597168,-0.8095576167106628,0.7545960545539856,0.5040537118911743,0.3069775700569153,-0.1256965547800064,-0.7362354397773743,-1.1460994482040405,0.5877220630645752,0.35588961839675903,0.604949414730072,0.026561565697193146,-0.6012594103813171,0.5426637530326843,0.588350236415863,0.19654832780361176,-1.5759472846984863,-0.41641393303871155,-0.20818868279457092,-0.9556194543838501,-0.7722394466400146,0.06398656964302063,-0.047684065997600555,-1.9333487749099731,-0.16128452122211456,-0.2697131335735321
-0.09334435313940048,1.359682321548462,-1.2470043897628784,0.6139923930168152,-0.9666545391082764,0.5869715213775635,1.3842841386795044,-0.7259101271629333,-0.3889557719230652,-0.2758888006210327,0.6805305480957031,0.2409905344247818,0.14896073937416077,1.054663896560669,-0.8819476366043091,0.8825299143791199,0.5515456795692444,0.19314470887184143,0.4708930552005768,1.9465409517288208,0.6533898711204529,0.587451696395874,1.3990432024002075,-0.8546009063720703,-0.6563190817832947,-0.8994015455245972,-0.6446801424026489,-1.0800304412841797,-0.3854772448539734,-0.8056977987289429,-0.36986759305000305,-0.38186490535736084,-0.8336114287376404,-1.594567894935608,-1.4812512397766113,1.3225767612457275,-0.7382429838180542,0.09759276360273361,1.7931630611419678,-0.2181069254875183,0.2865349352359772,-1.0478758811950684,0.2585756480693817,0.6899174451828003,-0.8787763118743896,0.18859444558620453,1.7822622060775757,-1.2159112691879272,1.138409972190857,1.2731472253799438
-1.1686354875564575,-0.6154107451438904,-1.3542089462280273,0.5761210322380066,0.6029365658760071,0.6941792368888855,-2.5459506511688232,-1.484991192817688,-0.6293329000473022,-1.6515897512435913,-0.3759443759918213,-1.5351063013076782,0.5073332190513611,-1.713636040687561,-1.713196039199829,-0.7625365853309631,-0.36813220381736755,-0.5329164266586304,-0.72098708152771,0.4141450822353363,-0.17488305270671844,-1.731464147567749,-0.6221981048583984,-1.5583230257034302,-0.24812805652618408,-1.6481268405914307,-0.6077224612236023,-0.7321378588676453,0.9829516410827637,-0.7921478748321533,-0.48929134011268616,0.7315162420272827,0.31532374024391174,-0.0031686294823884964,-0.1892929971218109,-1.212494134902954,1.638013243675232,-0.8570206761360168,-1.2359379529953003,-0.3601415753364563,0.08926822990179062,-0.3392295241355896,-0.582905650138855,-2.040989875793457,1.4403290748596191,-0.9419362545013428,2.777583360671997,-0.2073865532875061,-0.42458638548851013,1.0445903539657593

Slice 30
-0.0713038519024849,0.9688664078712463,-0.8020921349525452,0.21649804711341858,0.7630548477172852,-0.7879809141159058,-2.2536118030548096,-1.0302573442459106,-0.3130403757095337,-0.6778693199157715,1.6876611709594727,-1.5277929306030273,-1.0656276941299438,-1.6953142881393433,-0.035454824566841125,1.1635862588882446,-4.321634769439697,1.8399927616119385,-0.09736593067646027,-0.2877117395401001,-1.822205662727356,0.3502921760082245,0.1073775663971901,-2.095879077911377,0.023548590019345284,0.5793739557266235,1.765992522239685,-1.316097617149353,-1.4833855628967285,-0.0710233673453331,0.7505820393562317,1.1242144107818604,0.8816736936569214,-1.5786315202713013,0.9561358094215393,0.6391134858131409,-0.10445527732372284,-1.9643911123275757,-0.15273667871952057,0.885857343673706,1.0540480613708496,0.6921372413635254,1.053197979927063,0.04369949921965599,-1.1458327770233154,0.6537489295005798,0.4265527129173279,-0.13320253789424896,1.112290620803833,0.4427664875984192
0.09661813825368881,-1.209797739982605,1.0310591459274292,-0.8610954880714417,1.4041575193405151,-0.3616306781768799,-1.2273486852645874,0.18411631882190704,-0.3243882358074188,0.10583379864692688,0.4769618809223175,-1.5908401012420654,0.7767726182937622,-0.23244404792785645,1.2112250328063965,-0.7763680815696716,0.49923211336135864,-1.9106574058532715,1.0220431089401245,-0.5293049812316895,-0.530929446220398,-0.2333361655473709,-0.29413971304893494,1.4151932001113892,0.9994589686393738,0.7344663143157959,-1.233544945716858,0.23331300914287567,-0.34400707483291626,-0.350934773683548,2.2876858711242676,0.2816601097583771,1.470406174659729,0.3005995750427246,0.3819022476673126,-2.059560537338257,-1.3363738059997559,-0.4025142788887024,0.5246605277061462,-0.13360273838043213,0.4055688679218292,1.9147050380706787,0.7882840633392334,-1.9655202627182007,-0.4012271761894226,0.4848783612251282,-0.9247003793716431,1.4292093515396118,1.1175936460494995,-1.2116172313690186
1.8695560693740845,0.21558475494384766,1.1160917282104492,1.217245101928711,0.5322679281234741,-1.0770875215530396,0.9399739503860474,-0.7446874380111694,-0.9217276573181152,-0.04512270539999008,-0.3377492129802704,0.7674988508224487,0.7506094574928284,-0.5428544878959656,0.23627188801765442,1.0372189283370972,1.8959534168243408,0.4862862229347229,-0.6429194211959839,0.08397973328828812,-0.037889834493398666,1.1825884580612183,0.5038282871246338,1.6770282983779907,-1.054011583328247,-0.6642982363700867,-0.0048411632888019085,-0.41895848512649536,0.30933767557144165,0.22500722110271454,0.6575577259063721,-0.32294565439224243,0.5956689715385437,0.6215301156044006,0.5664668679237366,0.13645552098751068,-0.9469170570373535,1.7822039127349854,-0.16752316057682037,1.017385721206665,-0.1904117316007614,0.49059709906578064,-0.15365540981292725,0.23720790445804596,-1.4773505926132202,0.09440004080533981,-0.7090239524841309,0.5637776255607605,-0.017878463491797447,0.3646051287651062
1.165797233581543,-0.35062745213508606,1.8507095575332642,1.0181363821029663,0.6172696352005005,-1.2853318452835083,-1.8988361358642578,0.3509092628955841,-0.10516304522752762,-2.103976249694824,-0.09134827554225922,-1.4654008150100708,-1.1615015268325806,0.5093748569488525,1.0780425071716309,-0.2368737757205963,-0.5751510858535767,0.617270290851593,1.1916046142578125,1.3002572059631348,0.39269840717315674,0.04600200802087784,1.4132277965545654,-0.9684830904006958,0.7882347702980042,0.2952525019645691,-0.347566157579422,0.36040663719177246,1.063689112663269,0.40818777680397034,-0.26986193656921387,0.21039608120918274,-0.03550238534808159,0.2764969766139984,0.845670759677887,-0.5491654872894287,-0.18125009536743164,0.6096853613853455,0.8124485611915588,0.3285808563232422,0.6827219128608704,0.03334907814860344,-1.8345520496368408,-0.384647399187088,-0.9115224480628967,0.12699632346630096,-2.4653615951538086,-1.4725496768951416,0.34899580478668213,0.17124216258525848
0.3500545024871826,-1.6293118000030518,0.6766921281814575,1.0213721990585327,-0.48252877593040466,0.6700161099433899,-0.7706192135810852,0.4116828441619873,0.4755716025829315,-1.3144996166229248,-0.1631636768579483,-1.157811164855957,0.44010692834854126,-0.788131833076477,-1.702470064163208,-0.6740190982818604,-0.04118169844150543,1.177388310432434,-1.667419195175171,-1.269887924194336,-1.0558907985687256,-0.8371105790138245,-0.2718068063259125,0.8136305212974548,-1.0219839811325073,-0.8786785006523132,-0.6530507206916809,1.8319001197814941,-0.42518121004104614,0.7602497935295105,0.04276205971837044,-0.04502684250473976,-0.3799606263637543,0.7380820512771606,0.1127723753452301,1.1932462453842163,-0.35527342557907104,-1.5117650032043457,-0.3350728154182434,1.6126055717468262,-1.1518021821975708,0.17306110262870789,-0.8057790994644165,0.16477997601032257,0.3725874125957489,0.34993505477905273,0.24686259031295776,-0.4479394257068634,-0.9955345988273621,-0.8002707362174988
-0.021106364205479622,0.618519127368927,1.1852805614471436,-0.2810712158679962,-0.5604025721549988,0.3348644971847534,1.0389968156814575,0.900318443775177,0.7248179316520691,0.0446484312415123,-0.7428944110870361,1.6753076314926147,1.0929369926452637,0.7272071838378906,-0.454595685005188,-0.21455305814743042,-0.03746059909462929,2.1535630226135254,-0.5783267021179199,0.6567972898483276,1.157486081123352,0.03718914836645126,0.2838287055492401,0.2772229313850403,0.017670201137661934,-0.37130987644195557,-0.235202357172966,-0.08405862003564835,1.6215673685073853,-1.2447704076766968,-0.9597474336624146,-0.13120561838150024,-1.195642113685608,-0.8058024644851685,-0.08969324827194214,1.1381722688674927,2.7365963459014893,-0.2906932234764099,1.0071563720703125,-0.4879280924797058,-0.17644597589969635,-0.926222026348114,0.07304339110851288,1.6726309061050415,1.0288727283477783,-0.3123363256454468,0.2701698839664459,-0.7285482883453369,-0.474151611328125,1.1137882471084595
-0.27119988203048706,-0.8470574021339417,0.7468594908714294,-0.5431298613548279,1.258845567703247,1.0714646577835083,-0.9627904891967773,0.21990081667900085,1.3595242500305176,-0.528498649597168,0.8837947249412537,-1.669751524925232,0.33991608023643494,1.1112544536590576,0.8515205979347229,0.2725665271282196,1.1137382984161377,-0.8600432872772217,1.047653079032898,0.43333694338798523,-1.0506176948547363,0.012666833586990833,1.305261254310608,0.40463560819625854,1.486685037612915,1.3005315065383911,-1.1430225372314453,1.2642089128494263,0.9209465384483337,0.2620956003665924,0.05358769744634628,-0.8006942868232727,0.91627037525177,-0.8863289952278137,-0.8529165387153625,-0.8671132326126099,-1.5976451635360718,0.5559044480323792,0.7691241502761841,0.5770491361618042,0.635635495185852,0.841668963432312,0.7527436017990112,0.8325765132904053,0.3625350296497345,-1.0492044687271118,-0.2835085093975067,-0.640325129032135,-1.1410729885101318,0.17801208794116974
-0.04842909052968025,1.3581196069717407,-0.48338186740875244,0.7651504874229431,-0.25946947932243347,-1.638684630393982,-0.18769744038581848,-0.030508453026413918,0.9755542278289795,1.0685043334960938,-0.32876285910606384,-0.2397092580795288,-2.2549290657043457,0.572736382484436,-0.45432186126708984,0.9652999639511108,-0.4010376036167145,-0.3867811858654022,-1.296388864517212,-0.766265869140625,0.2563439607620239,0.7316442728042603,0.23480288684368134,-0.38602298498153687,-0.9507544636726379,0.06356725096702576,-0.4981521964073181,-0.14403505623340607,-1.2262500524520874,1.7056089639663696,-0.26073920726776123,-0.24691662192344666,0.7060961723327637,-0.6563844084739685,-0.7468038201332092,0.6300657987594604,-0.23925350606441498,-0.030207805335521698,-1.428706407546997,-1.30214262008667,-0.056241475045681,-0.3266748785972595,0.033964887261390686,0.19241313636302948,0.08665326237678528,0.4487093687057495,-1.4469671249389648,-0.9228385090827942,-0.41605043411254883,0.3600534200668335
-1.4721324443817139,-1.7929573059082031,-0.39517083764076233,0.25726279616355896,-0.023521220311522484,0.13095954060554504,-0.3339069187641144,1.997534155845642,-0.7830286026000977,-1.1426537036895752,-0.23050975799560547,-0.06602363288402557,-0.34821000695228577,-0.4573582410812378,-0.7573300004005432,1.0210155248641968,-0.9910424947738647,-1.6993464231491089,-0.9481626152992249,-0.748569667339325,0.5474436283111572,-1.3497873544692993,-1.4976725578308105,0.6274034380912781,-0.19214236736297607,-0.08385401964187622,-0.8967032432556152,-1.790854811668396,0.048481687903404236,-0.254677951335907,-0.5657945275306702,0.5539848804473877,0.5357728600502014,-0.6083332300186157,-1.1063621044158936,-2.1432485580444336,2.22605562210083,-0.01620163954794407,-1.1012111902236938,0.8303326964378357,0.7575576305389404,0.1380590945482254,0.5459072589874268,0.8936688303947449,0.36118435859680176,1.4291088581085205,-0.7038998603820801,-0.34091806411743164,-0.4369581341743469,-0.9666204452514648
0.1408272236585617,0.4061352014541626,-0.830751359462738,-0.21356609463691711,0.5100398659706116,-1.1191411018371582,1.307802677154541,0.5724928379058838,1.1838135719299316,0.06009646877646446,0.6347230672836304,0.8180896043777466,-1.6365635395050049,0.383541464805603,0.5014588832855225,-0.4208484888076782,0.4442621171474457,-0.14140723645687103,-0.1342567652463913,0.8550879955291748,-0.7057187557220459,0.8275957703590393,-0.13030017912387848,-0.11077673733234406,0.17185692489147186,-0.6033195853233337,1.1179604530334473,0.505423903465271,0.225314661860466,-1.1879163980484009,-0.6667192578315735,0.7046815752983093,-0.8806564211845398,-1.8640284538269043,-0.21575218439102173,1.0122328996658325,-1.0682567358016968,1.3859456777572632,-1.5428988933563232,-0.5443826913833618,-0.2091587483882904,-0.267924427986145,-0.14827050268650055,-0.09451228380203247,-0.2121903896331787,0.6863565444946289,-0.19441717863082886,-1.4650977849960327,-0.895733118057251,1.4460216760635376

Slice 31
-1.7909865379333496,-0.38139113783836365,-1.5716606378555298,1.2314691543579102,-1.4591704607009888,-0.9477976560592651,-1.0122119188308716,0.32308006286621094,0.7393327355384827,1.3429665565490723,-1.232003927230835,-0.8986415266990662,1.1061620712280273,-1.1102887392044067,0.2668386399745941,-0.9289101362228394,0.7869677543640137,-1.513809084892273,0.36269882321357727,-0.9299219846725464,0.37196195125579834,-1.941116452217102,-0.1190047487616539,-0.768927276134491,-0.019229544326663017,0.23366259038448334,-1.478405237197876,-0.1400291621685028,-0.29654908180236816,-0.7344434857368469,1.08693528175354,1.4635378122329712,0.06157129630446434,1.3887629508972168,-0.5933615565299988,-0.6442558169364929,-1.3698763847351074,-0.5112321376800537,0.27715522050857544,2.3520991802215576,-0.4414593279361725,-0.4047448933124542,1.2807306051254272,-0.2617562711238861,2.904641628265381,-2.8106958866119385,-0.14485903084278107,-0.7792853713035583,1.6282535791397095,0.0231766439974308
1.0342113971710205,0.18240231275558472,1.5550291538238525,1.1667125225067139,-1.158092975616455,1.0993043184280396,-1.8262932300567627,-1.355961561203003,0.8406590819358826,0.36955779790878296,0.09916132688522339,1.2353261709213257,0.3645505905151367,0.5045967102050781,-0.8282826542854309,0.11687573045492172,-0.23885899782180786,-1.6539137363433838,0.45037388801574707,0.9347348213195801,0.8676558136940002,-1.473214030265808,0.16472455859184265,-0.4447602927684784,-0.33458971977233887,0.33506378531455994,0.4432832598686218,0.2891885042190552,-0.4489138722419739,-0.8371071219444275,-0.367724746465683,-0.3989526629447937,0.9688961505889893,0.004244820214807987,0.230685755610466,-0.16649359464645386,2.029505968093872,-0.44707807898521423,-0.41625165939331055,0.04122080281376839,-1.5669564008712769,-1.3167502880096436,-0.6441087126731873,0.16919837892055511,0.2980217933654785,-0.7668547034263611,0.6515604257583618,-1.64869225025177,-0.2567620277404785,0.7309218645095825
-0.5420563817024231,-0.8564215302467346,-0.9651182293891907,0.8560003042221069,1.5004667043685913,-0.8153270483016968,0.7355378866195679,-0.7257769107818604,-0.13733720779418945,0.40817880630493164,0.22832238674163818,0.16309790313243866,-0.14835970103740692,0.9808909296989441,1.5393174886703491,-0.16807760298252106,1.3681343793869019,1.042731761932373,-2.57549786567688,-1.5038553476333618,-1.3141344785690308,-0.06491786241531372,0.1878938525915146,0.15817376971244812,0.6472570300102234,0.39801475405693054,1.4153708219528198,0.2910175323486328,-0.4325479567050934,-1.3581533432006836,-0.8808580040931702,0.02592903934419155,-1.8309450149536133,0.8154752254486084,-1.4498661756515503,-1.5405521392822266,-2.3459043502807617,2.1607279777526855,-0.3856731653213501,0.19343537092208862,-1.7869232892990112,-1.0108915567398071,-2.0795366764068604,0.07957305014133453,0.3155728578567505,0.531300961971283,0.9437395334243774,1.0116698741912842,2.022538661956787,-0.05390113964676857
0.42527276277542114,0.3170899748802185,-0.2746426463127136,-0.7208496928215027,-0.44541123509407043,-1.6417258977890015,0.36728042364120483,-1.8158565759658813,-0.4013320803642273,0.05416237562894821,-0.9562944173812866,-0.3532264530658722,-1.584617018699646,-1.077935814857483,-0.4274127185344696,0.28597989678382874,0.7598031759262085,0.9116408824920654,-0.8151208162307739,1.0158021450042725,-0.8315274119377136,0.7175503373146057,-1.0157926082611084,1.5871587991714478,-1.6426037549972534,0.4177505373954773,1.3097832202911377,0.9577947854995728,0.7672951817512512,0.0726567730307579,0.030490068718791008,0.33915990591049194,0.3841526210308075,0.7468849420547485,-1.414959192276001,0.8235529065132141,-0.7005813717842102,-0.9115338921546936,-1.459762692451477,-0.5385296940803528,1.9131463766098022,0.9317749738693237,1.4178458452224731,-1.7660337686538696,0.563030481338501,0.48305436968803406,-0.9836071133613586,0.28534018993377686,0.17776764929294586,-0.9416579604148865
-0.426791787147522,0.2730354070663452,0.719865620136261,1.0868233442306519,0.7675277590751648,1.511920690536499,0.20013956725597382,0.07881417870521545,-0.5025052428245544,0.8990274667739868,1.4690437316894531,0.47299331426620483,0.4843052923679352,1.5136312246322632,-0.8242242336273193,-0.24957071244716644,0.8025972247123718,0.5315302014350891,-1.2074979543685913,1.8091239929199219,1.4674885272979736,0.46893802285194397,0.8249650001525879,-0.11448569595813751,-0.5393718481063843,-0.11794914305210114,0.3060150444507599,-0.3542156219482422,1.3570265769958496,-0.4771716296672821,-0.18633171916007996,-0.5580162405967712,-0.5918604731559753,-0.04886312782764435,-0.41535061597824097,-1.437723994255066,0.6087487936019897,-0.6970071792602539,1.491136074066162,0.4526100158691406,-0.47440898418426514,-1.4680213928222656,-0.27397260069847107,0.10561411082744598,-0.9377651810646057,0.3277707099914551,1.0198605060577393,0.28449103236198425,1.0545668601989746,1.9292305707931519
-1.3767017126083374,0.8195222616195679,0.12494013458490372,0.5830265879631042,0.8643532395362854,-1.0769563913345337,0.7718696594238281,0.9314838647842407,0.1240856721997261,0.9545988440513611,-0.29233425855636597,-0.5349375605583191,1.1465357542037964,-0.7276689410209656,-0.4721209704875946,0.15662239491939545,0.18010689318180084,0.9220986366271973,0.5220462083816528,0.46342939138412476,1.3737739324569702,-0.9469033479690552,0.565325140953064,-0.0440651997923851,-1.1569379568099976,0.3081410825252533,-1.0761005878448486,-1.973034143447876,0.8495967984199524,-0.30343514680862427,-0.9786797165870667,-0.9033170938491821,0.48153719305992126,-0.6220916509628296,0.8797030448913574,1.0009301900863647,-0.6487162709236145,0.06295236945152283,0.7005550265312195,0.851989209651947,0.2524604797363281,0.39970090985298157,-0.651168167591095,1.0408592224121094,-0.232608363032341,0.7825027704238892,-0.4615236818790436,1.2720870971679688,0.4643919765949249,-0.2689269185066223
-0.5744922757148743,-0.8666443228721619,-0.4160749912261963,0.8507194519042969,1.0510280132293701,-0.6057689785957336,2.0783755779266357,0.6212170124053955,-1.6807011365890503,1.0557563304901123,0.4952737092971802,-0.6067579984664917,0.39000290632247925,-0.26168614625930786,0.8039060235023499,0.20752692222595215,1.0665243864059448,1.2276887893676758,-0.3558083176612854,0.41702067852020264,1.0834623575210571,-0.7192937731742859,0.9313474893569946,-0.14689399302005768,0.5650873780250549,1.1834520101547241,-0.9290511012077332,0.5497016310691833,-1.0573043823242188,0.7853602170944214,1.3033019304275513,-1.1578634977340698,0.19860711693763733,0.26568618416786194,-0.7931524515151978,-0.18368493020534515,-0.8637828826904297,-0.5815256834030151,0.8907936811447144,-0.0017748891841620207,-0.2669522762298584,0.4140128791332245,-0.03389795869588852,-0.4136159121990204,0.4058387577533722,-0.6022622585296631,0.7784557342529297,1.5928329229354858,-0.5124294757843018,0.6320847272872925
-0.6391412615776062,0.7051353454589844,1.1329673528671265,0.6892651319503784,-0.29239916801452637,-0.1223527267575264,0.2005329728126526,-1.235265851020813,-2.3812637329101562,0.8975343704223633,1.0722534656524658,1.3450742959976196,0.36280328035354614,1.5088412761688232,1.7584508657455444,-1.5798695087432861,1.5967669486999512,0.49089547991752625,-0.8993158340454102,2.022674322128296,-0.1182640865445137,0.2981944978237152,-0.4528535008430481,-0.16799819469451904,-0.7683424353599548,0.881538450717926,0.6569654941558838,1.464605689048767,-0.8220100402832031,-0.3171819746494293,-0.446511447429657,0.41100138425827026,-0.17768482863903046,0.7707816362380981,2.0881247520446777,-0.9256551265716553,0.04316537082195282,0.2785434424877167,1.2302839756011963,-0.8508622050285339,-0.4871530532836914,-0.6167715787887573,1.2851825952529907,-2.1692302227020264,0.3348831534385681,0.37951743602752686,1.4433649778366089,-0.10239099711179733,-0.7954652309417725,2.5029115676879883
0.787987232208252,0.027935326099395752,0.38511747121810913,-0.606267511844635,-0.08665047585964203,1.4850152730941772,0.6027651429176331,2.614393472671509,0.35099560022354126,-0.687520444393158,-1.179034948348999,-0.9656839966773987,-0.9375891089439392,-1.1603739261627197,0.01845576800405979,-0.8637778759002686,0.41517373919487,0.6033507585525513,-0.47536221146583557,0.700340986251831,1.6129282712936401,-0.366142213344574,0.47352683544158936,-0.37229496240615845,0.3026418089866638,1.3356386423110962,-0.8381921648979187,-0.962766706943512,0.10659626126289368,-1.1492661237716675,-0.4966554641723633,0.3216433525085449,-1.8697985410690308,0.56151282787323,0.5653012990951538,-0.3794856369495392,1.2745327949523926,0.4741493761539459,0.6343032121658325,1.270362138748169,1.153510332107544,0.5523157119750977,0.21441593766212463,-0.3604957163333893,0.1770157516002655,-0.8820287585258484,-1.1815712451934814,0.2709086239337921,-0.5038967728614807,-1.2166221141815186
0.6941385269165039,-1.5674736499786377,1.3150851726531982,1.1491503715515137,-0.0899910107254982,0.30561700463294983,0.5476570129394531,1.0618743896484375,0.9630863666534424,0.9346641898155212,-1.1532907485961914,0.7294300198554993,0.08860134333372116,-1.4680945873260498,-0.37781384587287903,-0.951752781867981,-0.8527469038963318,-0.35277339816093445,-0.2733697295188904,0.12142392992973328,2.4128565788269043,1.514155387878418,-0.6480485200881958,-0.9907299876213074,0.8075294494628906,-0.21761953830718994,0.6476560831069946,-1.0818018913269043,0.2930649220943451,-1.20558762550354,0.8381885290145874,0.26496681571006775,-1.4880517721176147,-0.6736874580383301,-0.3030627965927124,-1.4564698934555054,0.9171994924545288,1.1073139905929565,0.07804436981678009,0.091480553150177,0.31420204043388367,-1.5743746757507324,-0.1292804330587387,-0.4965110719203949,-0.170980766415596,0.06875774264335632,-0.5167081952095032,0.904655396938324,1.3884848356246948,-0.7971711754798889

Slice 32
-0.16243159770965576,1.416473388671875,2.1252644062042236,-0.9263025522232056,0.33981457352638245,1.1598882675170898,0.8019471168518066,1.1116340160369873,0.40613701939582825,-1.167923092842102,1.4797720909118652,0.13403351604938507,-0.13761216402053833,-0.9989537596702576,0.7793326377868652,0.7925106883049011,-0.9788085222244263,1.8427989482879639,1.2749032974243164,-2.7982962131500244,1.595821738243103,0.24773412942886353,-0.4137837588787079,1.1695172786712646,-0.38731515407562256,1.6279689073562622,0.6396918892860413,-0.2716836631298065,0.18141096830368042,-0.16515827178955078,-0.8863728642463684,0.6052571535110474,0.08162800967693329,-0.48519185185432434,0.1380888968706131,-0.8381475806236267,-0.9561910033226013,-1.3621503114700317,-0.8353956341743469,-0.5597496032714844,-1.09701406955719,0.4752369225025177,0.624882161617279,0.49553176760673523,-0.19774958491325378,-0.14398759603500366,-0.5383943915367126,-0.6178883910179138,-1.0892716646194458,0.03087926097214222
1.4539371728897095,0.6291440725326538,1.0293883085250854,0.6507576704025269,-0.9743974804878235,0.8131154179573059,0.8751162886619568,-0.3050071895122528,-0.6253622770309448,-0.3359391391277313,-0.39868441224098206,-0.47864988446235657,0.6801958084106445,0.4210262596607208,0.18240484595298767,-1.694582462310791,2.464155673980713,1.1290303468704224,-0.48624420166015625,0.916286826133728,-0.4038070738315582,0.2750551700592041,0.6871932148933411,-0.30449530482292175,1.2743593454360962,0.21923191845417023,-1.171675205230713,0.7050275206565857,-0.7423896789550781,-0.3489795923233032,-1.0444833040237427,1.0028355121612549,-0.2560429871082306,-1.40126371383667,0.8909857273101807,-1.047065019607544,0.3611236810684204,2.202432632446289,-1.2234835624694824,-1.0925688743591309,-1.1814688444137573,-1.0395861864089966,-0.32302477955818176,0.7662578225135803,0.8536773324012756,1.7403626441955566,0.4468204379081726,2.056753158569336,-0.6674937605857849,-1.2235124111175537
-0.3167210519313812,-0.901595413684845,-1.0700204372406006,-0.23346886038780212,-1.3284485340118408,0.749028742313385,-1.4630427360534668,-2.094703197479248,-1.2550358772277832,0.7474381327629089,-1.089266300201416,-0.28168338537216187,-0.26087650656700134,1.290799856185913,1.3427008390426636,-0.4007086157798767,0.7049910426139832,0.4559505581855774,1.0687496662139893,-0.9878763556480408,0.11814390867948532,1.2023521661758423,0.4519878625869751,-1.1224136352539062,-0.5038756132125854,-0.618111789226532,-0.10220856964588165,-0.7164257764816284,-1.1796629428863525,0.3838769197463989,-1.388092279434204,-0.26753726601600647,-0.8958784341812134,-0.3388642966747284,0.5599420666694641,-1.3746122121810913,-1.2366005182266235,0.6016730666160583,-0.25216609239578247,1.2856754064559937,0.47207048535346985,0.20570190250873566,-0.9918099045753479,-0.5672121047973633,0.8474946618080139,0.12198904901742935,0.8131507635116577,0.17484037578105927,-1.7434676885604858,-0.9122810959815979
1.901095986366272,-0.26465946435928345,-0.38537493348121643,0.41844815015792847,-1.5323423147201538,-1.0808817148208618,0.951391339302063,-0.1076030358672142,1.2412759065628052,-0.6971710920333862,-0.25260263681411743,2.076446056365967,1.1460672616958618,-0.18875569105148315,1.696494460105896,2.3076295852661133,0.5523642301559448,-0.34714624285697937,0.3402363955974579,0.6101602911949158,0.4790673851966858,1.5917567014694214,1.16862154006958,1.188886046409607,0.5911543369293213,-0.4967537224292755,-0.7221038341522217,-0.9559040069580078,0.7886807918548584,0.35461631417274475,0.08992967009544373,0.7375865578651428,-1.02349853515625,-0.8801009058952332,1.9439994096755981,-0.6945396661758423,0.3946070373058319,1.0227965116500854,-0.9435028433799744,-0.7156245112419128,-0.5195310711860657,-0.4745415151119232,1.2635539770126343,-0.4159380793571472,-0.5660548806190491,1.4031869173049927,-1.0568047761917114,0.9861080646514893,0.27848753333091736,-0.45779868960380554
-1.7460578680038452,-1.3671551942825317,0.8394005298614502,-2.351602792739868,0.8102733492851257,-0.4074558615684509,1.7533763647079468,0.9019179344177246,-0.9630398750305176,1.2430108785629272,0.26710689067840576,0.10711228102445602,-2.2991254329681396,-1.1565585136413574,0.4437175989151001,-0.32296228408813477,0.5035446286201477,0.6311450004577637,0.5033865571022034,0.7457514405250549,-0.03172473609447479,-0.7990763783454895,-2.268695831298828,0.9980413913726807,-0.41954711079597473,1.3141810894012451,1.0302813053131104,1.420490026473999,-0.342477023601532,1.631066083908081,-0.1247713714838028,1.765310525894165,1.2873659133911133,0.5692813396453857,-0.19141295552253723,1.2195156812667847,1.2114211320877075,-0.026430221274495125,1.0092096328735352,0.36783137917518616,0.35848280787467957,-0.16938242316246033,-0.16988269984722137,-0.12614645063877106,-0.49980872869491577,-0.7336297035217285,0.2745169997215271,-0.3145757019519806,0.9061658382415771,-1.1612427234649658
-0.6038360595703125,-2.2311367988586426,-0.8437758684158325,0.6649017930030823,-0.6917782425880432,-0.8566043972969055,1.3269436359405518,0.5878463983535767,-0.6785244941711426,-1.3551416397094727,-0.3141613006591797,1.919498324394226,0.14407774806022644,0.3134010136127472,-0.005355676636099815,0.4117032289505005,-2.199493408203125,0.6423500180244446,0.6559887528419495,0.6763852834701538,0.17193590104579926,0.45637238025665283,0.29938799142837524,1.341210961341858,-1.132463812828064,0.2430134117603302,-2.4768455028533936,-1.0124226808547974,0.9281700253486633,0.04149947315454483,0.22775031626224518,-0.14123137295246124,-0.9110434055328369,0.47140568494796753,0.7952409982681274,-0.24658560752868652,0.43350809812545776,-0.14579322934150696,-0.9744997620582581,-2.3135111331939697,1.27206552028656,-1.1737879514694214,-0.4510294198989868,-0.684961199760437,0.4392479360103607,-0.7754128575325012,0.128178671002388,0.15285761654376984,-0.1999351531267166,1.2140098810195923
0.2142890989780426,-1.4714581966400146,-0.04410606622695923,-0.15294823050498962,-0.2773364186286926,-0.6558389663696289,-0.6897669434547424,-0.9997406005859375,-0.1692667305469513,-0.29362058639526367,-0.08371223509311676,-1.6571029424667358,0.6955422759056091,-1.3578072786331177,0.14120540022850037,-0.9429001212120056,0.20847858488559723,1.90488600730896,1.2401171922683716,-0.7612184882164001,-1.377280831336975,0.01056136004626751,0.17298705875873566,0.1263081282377243,0.6101275086402893,-1.4546271562576294,-1.227967619895935,0.7716773748397827,-0.37846338748931885,-0.8047223091125488,0.22377736866474152,-0.23214471340179443,0.2355225682258606,0.9597837328910828,-1.8952800035476685,-0.7999318838119507,0.9664037227630615,0.6978181004524231,0.3135363459587097,-0.49127915501594543,0.5676125884056091,0.6395832300186157,0.06577499955892563,1.7666569948196411,-1.186680793762207,0.14631524682044983,-1.5616047382354736,0.7601802945137024,-0.20852044224739075,-0.5650066137313843
1.1246060132980347,1.3667856454849243,-0.12941667437553406,0.10721693933010101,1.5599201917648315,0.47507646679878235,-1.4168263673782349,0.8923353552818298,0.5613183975219727,-0.585142970085144,1.3634871244430542,-0.6858000159263611,0.910405695438385,0.8472247123718262,0.8137089610099792,2.247734308242798,-0.10247500985860825,-0.07695194333791733,1.117753267288208,-0.774627149105072,1.0875303745269775,0.04670407623052597,1.0268404483795166,0.7696899175643921,1.4322576522827148,-1.3451956510543823,1.0075149536132812,-0.44227123260498047,-1.3477288484573364,-0.27173516154289246,-0.784156322479248,-1.1453031301498413,2.784583806991577,-1.566420555114746,0.24579763412475586,0.25740164518356323,-1.5825830698013306,-1.0365002155303955,-1.1037336587905884,2.2439351081848145,-0.2652818560600281,3.0027968883514404,0.39056605100631714,0.7985647320747375,-0.946832001209259,0.9694340229034424,-0.017516978085041046,-1.020965576171875,0.0787680447101593,1.1792393922805786
0.07068677991628647,-1.7202690839767456,0.44465506076812744,-0.3640250265598297,1.0987958908081055,-1.9658777713775635,0.38920408487319946,0.5076971650123596,0.9875530004501343,0.7439393401145935,1.2175395488739014,-0.5673018097877502,-0.20595131814479828,-0.7949535250663757,-0.37835216522216797,-1.531751036643982,-2.693309783935547,0.4933156967163086,0.2604813575744629,-0.8073390126228333,-0.36192208528518677,-0.8387085795402527,0.645638108253479,0.9639569520950317,-0.5487098693847656,0.04108687490224838,-0.11022988706827164,0.6952016353607178,0.42066827416419983,-0.42948082089424133,-0.0009568263776600361,-1.2419971227645874,0.5571638345718384,-1.4593639373779297,-1.2090225219726562,0.5083321332931519,0.19988538324832916,0.2615235149860382,0.37586942315101624,-0.07439244538545609,-1.228680968284607,0.13371840119361877,1.3846955299377441,0.1562499701976776,-1.4944579601287842,-0.760107696056366,0.22288039326667786,0.4646502733230591,0.4106792211532593,0.2753131091594696
0.6645862460136414,0.16270555555820465,-1.1639394760131836,-0.6523327827453613,-0.030892210081219673,0.47032803297042847,0.47948670387268066,-0.11584275215864182,0.4529343545436859,-0.049974508583545685,-1.1104426383972168,1.9751261472702026,1.8613543510437012,-0.964279294013977,-0.6126630902290344,0.8489971160888672,0.0967540517449379,-0.5184099674224854,-0.2531968653202057,-1.1594399213790894,-0.08382230252027512,-0.44904959201812744,1.8384456634521484,0.06841003894805908,1.2041816711425781,-0.007563046645373106,1.0964603424072266,1.0893478393554688,0.06256747245788574,-1.0348237752914429,-0.24813786149024963,-1.1437276601791382,0.9756853580474854,0.570915937423706,1.5737574100494385,0.15561236441135406,1.6706342697143555,-1.5081326961517334,0.7172045707702637,2.034822940826416,0.015015412122011185,0.9144582152366638,-0.8452492356300354,0.7868001461029053,-0.8230032324790955,1.127026081085205,-1.5666725635528564,1.6187150478363037,-0.5649899840354919,-0.3853900134563446

Slice 33
-1.3731292486190796,0.8834340572357178,0.7660982012748718,0.0696643739938736,0.5003823637962341,-0.8479912877082825,1.4661338329315186,0.4615973234176636,-0.32306909561157227,0.9506332874298096,-0.8908025026321411,-0.9146988391876221,0.8077835440635681,-0.16793271899223328,-1.0527452230453491,-0.1739826798439026,-0.8615118265151978,-0.8319197297096252,0.974466860294342,-1.318670630455017,0.4589884877204895,-1.0483976602554321,-0.17891162633895874,-1.3882354497909546,2.2275028228759766,-0.2488805651664734,-0.4694153964519501,0.4297550916671753,-1.4935033321380615,1.7046103477478027,-0.18691281974315643,-0.02613338641822338,-0.5130075216293335,2.4480338096618652,0.004103982821106911,0.16484405100345612,0.4534928500652313,-0.05779879912734032,-0.07969430834054947,0.17273248732089996,-0.15780960023403168,0.8662336468696594,0.7139468193054199,-0.33672767877578735,-0.8186643123626709,-0.1385377198457718,-1.0582270622253418,1.275120496749878,-0.3793164789676666,0.36592209339141846
0.3198264539241791,-0.0005155137041583657,-1.474151372909546,1.2854307889938354,1.6155818700790405,1.8804397583007812,1.1102794408798218,0.8967147469520569,0.39777976274490356,-1.3426222801208496,0.4081737697124481,1.008767008781433,-1.0149592161178589,-0.7117372751235962,-0.5832598209381104,-0.1617552936077118,0.973292350769043,0.31155991554260254,0.09306538105010986,-0.28435400128364563,0.2751745283603668,-0.5873913764953613,-1.2211277484893799,0.774376392364502,-0.2690525949001312,-0.9148547649383545,-0.3071680963039398,-0.26930078864097595,1.3993196487426758,-0.20558682084083557,0.8262401223182678,-0.9157610535621643,0.833659827709198,0.17926228046417236,0.4742412269115448,-0.778469443321228,-1.554819107055664,1.4812979698181152,-0.5600942373275757,0.8631305694580078,1.0790088176727295,1.0153708457946777,2.0283255577087402,-1.0426281690597534,-1.1863080263137817,0.0703166201710701,-0.3251023590564728,-1.6200002431869507,0.44369783997535706,-1.0429420471191406
-0.347648948431015,0.062185678631067276,1.0793776512145996,-0.6371312141418457,-0.7001175880432129,-0.12062583863735199,1.4863474369049072,-0.7100205421447754,0.6254162788391113,1.2217539548873901,-0.7733328938484192,1.0804029703140259,-0.8879076242446899,-0.5768089294433594,0.17359352111816406,0.7722682356834412,0.8529319167137146,-0.3697985112667084,-0.5357473492622375,0.4291020929813385,0.7432926893234253,0.5791934132575989,-0.03020622953772545,1.1784511804580688,-1.71855890750885,-0.3240271508693695,0.4671653211116791,-1.9038360118865967,0.40371420979499817,-1.289336085319519,-0.8182200193405151,-0.5880458950996399,0.027525918558239937,-1.6360691785812378,1.1895331144332886,-0.06077652797102928,1.054996371269226,-1.3797404766082764,1.2941445112228394,-1.2827365398406982,1.9824882745742798,0.10433093458414078,2.477369546890259,1.1555012464523315,-1.1916955709457397,0.6949375867843628,0.0911804586648941,0.3456591069698334,-0.6656509637832642,-1.4960052967071533
-0.3862776756286621,-0.07671570777893066,0.388159841299057,-0.8703731298446655,1.397065281867981,-1.6556504964828491,-2.741102695465088,0.8279892206192017,1.320509672164917,0.12775540351867676,0.05139491707086563,-0.062251631170511246,-1.9488857984542847,-0.9406896829605103,-0.3940296471118927,0.07545830309391022,-0.7797412276268005,-0.42549586296081543,0.5799152255058289,-0.5390642285346985,0.7891039252281189,-1.307328701019287,0.5779195427894592,1.077821969985962,1.6345833539962769,0.39293113350868225,0.6574667096138,-0.005617395043373108,1.0084712505340576,0.9609413146972656,-0.8395731449127197,1.3001172542572021,-0.18271759152412415,1.6349201202392578,0.16496600210666656,0.8648228645324707,1.324593186378479,0.39109280705451965,1.72557532787323,-1.2065095901489258,-1.3352376222610474,0.7725889086723328,-0.44448649883270264,-0.6298210024833679,0.4240540862083435,-2.6536805629730225,0.29220888018608093,-0.03426460176706314,0.08430811017751694,-0.04278029873967171
-0.6570322513580322,-2.001075267791748,2.0218279361724854,2.2570064067840576,1.1802387237548828,1.007999300956726,-0.4095517098903656,1.0859493017196655,1.52717125415802,1.8339002132415771,0.8983160257339478,-0.6160022020339966,-1.807651162147522,0.7429924011230469,-0.5234613418579102,0.09367657452821732,-0.3038107454776764,-1.0240914821624756,0.372484028339386,-0.022764595225453377,-1.4289157390594482,-0.8504385948181152,0.24576224386692047,0.3410809338092804,0.11663708090782166,-0.6402110457420349,0.7634411454200745,-0.5910524129867554,-0.06714626401662827,0.6697700619697571,0.6064046621322632,0.03293871134519577,0.922589898109436,0.32446780800819397,1.856593370437622,-1.3772330284118652,0.7413960695266724,0.38194727897644043,0.6360521912574768,1.1404012441635132,-0.8112574219703674,-0.3979591429233551,-0.24287405610084534,0.06096917390823364,-0.30822983384132385,1.0485304594039917,-1.5784807205200195,2.0193042755126953,-0.701052725315094,1.4002940654754639
1.1682331562042236,0.5768030881881714,-0.39583978056907654,-0.11514545232057571,-0.8466938138008118,-1.2716455459594727,-0.15275953710079193,1.880957841873169,-0.4206709861755371,-0.7027878165245056,-1.2502319812774658,0.1852702647447586,-0.4336665868759155,0.7536913156509399,-0.49839460849761963,-0.8664867877960205,-0.8772168159484863,1.2688223123550415,-1.1737128496170044,0.3601895272731781,-1.0327346324920654,-0.8191645741462708,0.237257719039917,-0.6599821448326111,1.4061369895935059,2.420053243637085,0.5663339495658875,-0.7690420150756836,1.3615717887878418,-1.5621557235717773,-1.3012559413909912,1.171117901802063,1.7535914182662964,0.10650026798248291,-1.8070698976516724,-0.5786601305007935,-0.4592835009098053,2.4053561687469482,-0.33049044013023376,-0.8714439272880554,-0.673005223274231,-1.2092349529266357,0.0549592524766922,-0.4404992461204529,2.8585891723632812,-2.3135786056518555,1.1136856079101562,-0.4919857978820801,-1.026263952255249,0.43958571553230286
-0.16933386027812958,-0.03403777256608009,1.5489754676818848,0.34329837560653687,-0.5940819978713989,-1.6959612369537354,-0.5263022184371948,-0.8790791630744934,2.0667033195495605,0.5405730605125427,-1.700848937034607,-0.858842134475708,-1.0582599639892578,1.4113810062408447,1.2155842781066895,0.7757267951965332,0.17866113781929016,-0.8977046012878418,0.3107866644859314,1.3307808637619019,-0.30782845616340637,0.16787301003932953,-1.4859535694122314,-0.35097572207450867,1.3730955123901367,0.856037437915802,-0.760745108127594,0.4372643232345581,0.19521930813789368,-0.27614712715148926,0.8664665818214417,0.9407700300216675,0.26551714539527893,-0.07024678587913513,0.20304442942142487,0.6294539570808411,0.7506425380706787,-0.31300029158592224,-0.3200230598449707,1.8538119792938232,-0.8637866377830505,-2.0940463542938232,-0.25618410110473633,0.4538854956626892,0.9745281338691711,-1.1876235008239746,-0.21160605549812317,0.7217734456062317,0.5040243268013,1.722346305847168
0.1073448657989502,0.7731244564056396,-1.1093871593475342,-0.8972852230072021,1.3668509721755981,-0.027129126712679863,-1.0648061037063599,-0.5426526665687561,0.7558661103248596,-0.457457572221756,-0.43148723244667053,-1.4158620834350586,-0.3764494061470032,0.3603477478027344,0.06562256813049316,0.7149569392204285,-1.0004266500473022,0.9770330786705017,0.21282793581485748,1.243574857711792,-0.13000991940498352,-1.4399521350860596,-1.3606781959533691,0.37221425771713257,0.32309290766716003,-1.0513321161270142,-0.816821813583374,-0.0673094093799591,-0.6211639642715454,0.8897448778152466,-0.022370079532265663,-0.1892556995153427,2.2674684524536133,1.304378628730774,-0.765749990940094,-0.0600014328956604,-1.0344327688217163,-0.12202101200819016,-1.0298833847045898,0.5157148838043213,-0.5033639669418335,0.3502875566482544,-0.4862558841705322,0.8530469536781311,-1.4603978395462036,-1.7081440687179565,-0.700250506401062,-1.895847201347351,0.1943494975566864,-0.022426819428801537
0.13644205033779144,-0.5785713195800781,-0.211062490940094,0.5224729776382446,0.25058725476264954,-0.4808315336704254,-0.8907566070556641,-0.9322964549064636,-1.5412298440933228,-0.7920889258384705,-0.6445693969726562,1.4939088821411133,-0.04045628756284714,-0.5911185145378113,-0.6650705337524414,-1.7972465753555298,2.2850146293640137,0.8063914179801941,1.361832618713379,0.8668748736381531,-0.09135745465755463,-0.2217351645231247,1.7431892156600952,2.976438045501709,-0.6828652024269104,-1.86187744140625,2.0631515979766846,-1.3157920837402344,1.1726129055023193,2.3081231117248535,-2.331055164337158,0.33651483058929443,0.4623468220233917,-0.4031810164451599,2.4089787006378174,0.8080447316169739,1.0407527685165405,-0.8094087243080139,0.6858983039855957,-1.5896015167236328,1.2374688386917114,1.3621270656585693,1.3888574838638306,-0.43056973814964294,-1.3507472276687622,0.5713346004486084,0.09847386926412582,-0.5317721962928772,-0.8604943156242371,-0.615455150604248
1.221935510635376,-0.9401506781578064,1.257269024848938,1.858230710029602,-0.7029761075973511,1.7293576002120972,0.3382231295108795,-1.2981706857681274,1.2430933713912964,0.6486284732818604,1.8510632514953613,0.009709791280329227,-0.6488709449768066,0.9399729371070862,0.1483737826347351,-0.35451197624206543,0.7824337482452393,0.7561579942703247,-1.2807726860046387,1.1311142444610596,-0.3321707248687744,-1.5692663192749023,0.7280998826026917,0.2950006425380707,0.7420060038566589,0.08813939243555069,1.4559561014175415,-0.4182087182998657,1.5464624166488647,-0.7762177586555481,0.9714726209640503,-0.5305484533309937,0.577119767665863,-0.2718360424041748,-1.459186315536499,-0.8305355310440063,-0.7604653835296631,0.23566977679729462,-1.3957771062850952,0.9644044041633606,-0.5866652727127075,0.3374102711677551,0.5686306953430176,-1.1421966552734375,-0.9718083739280701,-0.26985394954681396,-1.3116827011108398,0.6332415342330933,-1.358521580696106,0.5327339768409729

Slice 34
-1.033469557762146,1.3638598918914795,-1.0751919746398926,-0.018306966871023178,-1.6308842897415161,0.5101461410522461,-1.421855092048645,0.8394769430160522,1.2077826261520386,0.11906618624925613,1.1673996448516846,-1.58205246925354,-1.7895163297653198,0.8755373954772949,-1.647412657737732,-0.08234772086143494,-0.5829839110374451,1.3790689706802368,-0.9532396197319031,-1.8528929948806763,-1.4997159242630005,-0.2802693247795105,-1.5870206356048584,-0.30242297053337097,-1.0230084657669067,-1.2218899726867676,-1.6870992183685303,-0.6970102190971375,-1.2305880784988403,-1.7051151990890503,-0.499580442905426,1.170788288116455,-0.3665214478969574,1.9404964447021484,1.2578355073928833,-0.7272506356239319,1.415981411933899,0.7511129975318909,-1.243356466293335,0.17309829592704773,-0.002330297604203224,0.5446659922599792,0.4978789985179901,-0.8437814116477966,0.47852012515068054,0.03498946875333786,-0.6949872374534607,-2.0671370029449463,-0.09109839797019958,0.44016996026039124
-0.6918567419052124,-2.232724189758301,0.5329650044441223,0.18016082048416138,0.7699729204177856,0.6735644936561584,1.2274574041366577,0.30536434054374695,0.43266111612319946,2.2292065620422363,-0.773603081703186,1.3032175302505493,-0.8284022808074951,-0.4234524667263031,0.45984819531440735,-0.31741756200790405,1.3964316844940186,-0.4334413409233093,0.6501343846321106,1.7535827159881592,-0.9139672517776489,-0.8240042328834534,-0.267752081155777,-1.1930837631225586,-1.276376485824585,0.6798537373542786,0.3969622552394867,0.8174244165420532,-0.10451483726501465,1.143953561782837,0.6156879663467407,-0.2604592442512512,-0.5743013620376587,0.34270891547203064,-0.8456074595451355,0.6833864450454712,-0.6157956123352051,0.5253462791442871,0.4385930001735687,0.37571683526039124,-0.7741906046867371,-0.010235117748379707,0.6296465992927551,1.9101874828338623,1.1455715894699097,1.0208699703216553,-1.2380702495574951,-0.7891535758972168,-1.5794124603271484,0.6628149747848511
0.46255916357040405,-0.14383818209171295,-0.27610084414482117,0.4444211423397064,1.013204574584961,0.7128908038139343,2.270700216293335,0.7685356736183167,-1.4585436582565308,-0.32085752487182617,-0.5924737453460693,0.8016602993011475,-0.344628244638443,1.1138169765472412,-0.3540174663066864,-0.2857600152492523,-0.8824726939201355,-0.21080200374126434,-0.6319400668144226,0.7403178215026855,-0.8385089635848999,1.6975733041763306,1.123043417930603,-0.886241614818573,1.4464112520217896,0.5082571506500244,-0.7588461637496948,-0.6536705493927002,-1.1869547367095947,0.865873396396637,0.1682550013065338,0.8662442564964294,-1.71999990940094,0.2573440670967102,-0.7566068768501282,0.9904195070266724,0.12839116156101227,-0.629970908164978,0.485315203666687,0.3403398394584656,1.0229960680007935,-1.2436248064041138,-0.925340473651886,-0.5555004477500916,-0.1863391250371933,-0.10027561336755753,-0.8104191422462463,0.5500470995903015,0.5541475415229797,1.412102222442627
0.05669329687952995,-1.4341650009155273,-0.3780416250228882,1.0014435052871704,1.019487738609314,0.08487951755523682,0.05107767507433891,-0.7863184213638306,0.604372501373291,-0.8790440559387207,0.9711896777153015,1.1902896165847778,0.8777516484260559,1.0553710460662842,1.188127040863037,2.063687801361084,-0.2936086654663086,-1.0889050960540771,-0.3919123411178589,0.7070614099502563,-0.23009724915027618,-0.14546453952789307,0.922829806804657,0.2816244959831238,0.06646888703107834,1.242327332496643,-0.8514522910118103,-1.8203039169311523,0.6572434902191162,0.28822821378707886,0.7312945127487183,0.055193398147821426,0.027103161439299583,-0.534625768661499,0.3402422070503235,0.04774573817849159,0.4686548709869385,-1.147609829902649,1.333754062652588,1.7221156358718872,0.88569575548172,-0.618590772151947,1.1639412641525269,-0.05603654310107231,-1.3837988376617432,-0.14812417328357697,-0.2379835993051529,0.593331515789032,0.003080935450270772,1.6668442487716675
0.1261182576417923,-0.4821568727493286,-1.0619771480560303,-0.1209237203001976,0.00986665952950716,1.0680513381958008,0.3280203640460968,0.5525267720222473,-1.0647238492965698,-0.6784653663635254,2.987133026123047,-1.3957105875015259,-1.7731022834777832,0.1441587507724762,-0.982217013835907,-0.847179651260376,-0.17131516337394714,1.9403072595596313,0.7750223278999329,-1.3783549070358276,-2.131617546081543,-1.7574377059936523,-1.1639060974121094,0.07923955470323563,-1.0570783615112305,-1.4500929117202759,-0.5001617670059204,-2.5041534900665283,-1.476348638534546,-1.3251842260360718,-0.1794329285621643,-0.6809085011482239,0.5562486052513123,0.1365239918231964,0.5850872993469238,1.6577959060668945,-0.06217274069786072,1.1398919820785522,-0.7011817097663879,0.49852368235588074,-0.48634833097457886,-0.1780880093574524,0.8963751792907715,-0.2171267420053482,-0.8824630975723267,0.3774302005767822,0.22598469257354736,-1.3071315288543701,-1.1348193883895874,0.4945991039276123
-0.33409246802330017,0.049730099737644196,2.2085742950439453,-1.251285433769226,2.8556041717529297,-0.014415082521736622,-0.7263705134391785,0.7191932797431946,-0.777708113193512,0.15799695253372192,-0.3700903356075287,0.21995794773101807,0.38175031542778015,-0.7379132509231567,1.3776081800460815,-1.3007510900497437,2.2274560928344727,1.2444103956222534,0.17657220363616943,1.6894996166229248,0.2819342017173767,-1.5564154386520386,-0.20463216304779053,0.5532348155975342,-0.3173883855342865,0.31565624475479126,0.704099714756012,1.1145155429840088,0.3917478322982788,1.6823698282241821,1.089542031288147,0.7104105353355408,0.5730947852134705,1.0167683362960815,-0.22561588883399963,-0.3824833929538727,1.009482502937317,1.8576732873916626,-0.7852509021759033,-0.3312128186225891,-0.41850927472114563,1.2030490636825562,1.029720664024353,0.10282512754201889,1.3890504837036133,-0.7817996740341187,-0.33307144045829773,-0.06507556140422821,-1.2308862209320068,-1.2308546304702759
-0.779529869556427,-0.4916136860847473,-2.017882823944092,-1.149176001548767,0.7916362285614014,0.4770434498786926,0.46551916003227234,0.8992081880569458,0.1778828501701355,0.49342817068099976,0.3694568872451782,0.9164538979530334,-0.9976487755775452,0.850003719329834,1.1789660453796387,-0.9547471404075623,-0.10259201377630234,0.777798593044281,-1.6457154750823975,0.7927899956703186,1.534141182899475,0.2412859946489334,-1.2646667957305908,0.6047751903533936,-0.8877208828926086,-0.05998854711651802,-1.6638565063476562,0.035610396414995193,-2.0241446495056152,0.7345670461654663,1.514265775680542,1.4227912425994873,0.2664881944656372,-0.0449504591524601,-0.9732237458229065,-1.2966103553771973,0.2302485555410385,0.14045438170433044,-0.78388911485672,0.2717423737049103,0.663520097732544,-1.5362725257873535,0.6528294682502747,0.0051058633252978325,-1.129084825515747,1.3701077699661255,0.7413813471794128,-1.4690258502960205,1.1068270206451416,0.36948588490486145
-1.199440360069275,0.5037303566932678,0.8892379403114319,2.2160816192626953,-0.7296558022499084,-0.14857642352581024,-0.054327625781297684,-0.09200625866651535,-0.6600304841995239,1.623560905456543,-0.24640876054763794,-0.8692547678947449,-1.1505457162857056,0.6055594682693481,-0.6349093317985535,1.2146075963974,-0.3169584274291992,-0.8424734473228455,-0.2336375117301941,0.4822951853275299,0.009034708142280579,1.059343934059143,-0.8707003593444824,-1.157353401184082,0.19751031696796417,-0.888256847858429,-1.1847003698349,1.3449457883834839,-0.33464422821998596,-0.2685537040233612,-1.000486969947815,0.4271448850631714,-1.9457250833511353,0.01455811969935894,1.2459359169006348,-0.924738883972168,1.3935891389846802,-0.7810249328613281,-0.8056541681289673,-0.49237823486328125,1.1564844846725464,0.14898718893527985,-0.7997162938117981,0.6965479254722595,0.16245993971824646,0.6255138516426086,-1.1784446239471436,-0.5972727537155151,1.0661004781723022,-0.12653805315494537
2.155266523361206,0.6859675645828247,-0.1891568899154663,-0.023233994841575623,0.601029098033905,-0.24108317494392395,-0.15247510373592377,1.6841591596603394,-1.8395365476608276,0.8247540593147278,-0.04936877638101578,0.09543464332818985,0.8974748849868774,-1.5906001329421997,0.34786438941955566,1.959659457206726,-0.4037303626537323,0.6427872180938721,-1.1024476289749146,0.3840886950492859,-0.9363143444061279,0.07806294411420822,-0.5613497495651245,0.30299338698387146,-0.1931450366973877,0.429474800825119,-1.3456250429153442,-1.8587074279785156,1.2086201906204224,-0.3446972966194153,-1.0463796854019165,0.9063813090324402,1.3031978607177734,0.7018221616744995,0.8675128221511841,-0.12502512335777283,-0.906062662601471,0.8710792660713196,0.7214981317520142,-1.3417551517486572,-1.7485548257827759,-0.8647432923316956,-0.19240500032901764,-0.9595990777015686,-1.034026861190796,-0.037380773574113846,0.9934037923812866,-0.9171072244644165,-0.7824987173080444,-1.582932710647583
0.13885338604450226,1.7206273078918457,-1.787353277206421,0.7260361313819885,0.40386658906936646,-0.9997401833534241,-0.40375614166259766,1.4261103868484497,0.6510114073753357,0.873190701007843,0.7893224954605103,-0.09614930301904678,1.0248430967330933,-1.121701717376709,-1.3919320106506348,0.5331770777702332,1.3942488431930542,-0.3039272129535675,-0.7321324348449707,-0.13556252419948578,-0.051624029874801636,-0.7084260582923889,-0.051671843975782394,0.5909715294837952,-1.3780882358551025,0.1513819843530655,-0.536124587059021,-1.0557427406311035,0.04625377431511879,0.4490232467651367,-1.5208503007888794,1.1164586544036865,-0.5619240999221802,1.5751979351043701,2.4936656951904297,0.4475443661212921,0.7815625071525574,-0.3377675414085388,0.9043440818786621,-2.0118982791900635,-0.6430659890174866,-0.25526517629623413,-0.5290979146957397,1.3908244371414185,-1.7956293821334839,0.8353931903839111,0.1494172066450119,-0.7696999311447144,0.25084730982780457,-1.0513135194778442

Slice 35
0.8213346004486084,0.6731156706809998,0.7753047943115234,-1.4836881160736084,0.33771955966949463,0.7981985807418823,-1.4185384511947632,0.4429666996002197,0.5841626524925232,0.8529926538467407,0.24847646057605743,0.8177990913391113,-1.0502667427062988,-0.44660240411758423,0.3638087511062622,-0.5721435546875,-1.6179836988449097,0.7630330920219421,-0.33153021335601807,-1.2320764064788818,0.843939483165741,-0.2865868806838989,-0.8288666605949402,0.9175366163253784,0.6964449882507324,0.15737690031528473,-0.6635605692863464,-1.247827410697937,-0.35141468048095703,0.9533525705337524,-0.04780038818717003,-0.8267660737037659,-2.725126266479492,1.462168574333191,0.5332745909690857,0.1419122815132141,-0.12954655289649963,-0.7806055545806885,1.2842909097671509,-1.425093650817871,-0.24612736701965332,-0.8097334504127502,-0.35557231307029724,-1.7093632221221924,1.187917709350586,-0.692478358745575,-0.19882841408252716,-0.0773690864443779,0.184190034866333,0.49703752994537354
-0.28452733159065247,-0.8126094341278076,0.7809961438179016,0.549737811088562,2.065772771835327,0.6954555511474609,0.6510337591171265,0.2728537917137146,-0.769420325756073,-0.3897789418697357,0.9327518939971924,1.752630591392517,0.6146523356437683,-0.39547550678253174,0.38347676396369934,-0.09108112752437592,-0.9294660091400146,0.8084726333618164,-1.6514832973480225,0.9591824412345886,-0.6219740509986877,1.181795358657837,0.33208513259887695,0.6494964361190796,0.1147061213850975,-0.49460291862487793,1.6862584352493286,-0.7033259272575378,-2.59574294090271,1.0152111053466797,0.7911413311958313,1.09307861328125,-0.1951092630624771,-0.12339180707931519,-1.3611540794372559,-1.4632269144058228,-0.004059495870023966,-1.5863722562789917,0.6431726217269897,2.032768726348877,-0.9027668237686157,0.27137356996536255,0.4659118056297302,0.7365071177482605,-0.3106362223625183,0.5373228192329407,-1.6041719913482666,1.4156811237335205,0.7071527242660522,1.155933141708374
0.49147894978523254,-0.3959369361400604,-0.669048011302948,-0.7919256687164307,0.13694892823696136,-0.43058720231056213,-1.7375507354736328,-0.29927921295166016,0.7529699206352234,0.15339873731136322,-2.1277685165405273,0.04365351423621178,-0.6029899716377258,0.6276485323905945,0.02730955183506012,-0.6184617877006531,-1.3205924034118652,1.0439482927322388,0.037265464663505554,-0.04756113141775131,0.1536085456609726,-0.5007435083389282,-0.9415654540061951,-0.2385467141866684,0.016576018184423447,0.09940267354249954,1.235180377960205,0.18382574617862701,0.43980252742767334,-0.3234764039516449,0.21103470027446747,1.2918745279312134,-0.5400018692016602,0.5002888441085815,-1.0770580768585205,-0.4678404629230499,1.3653314113616943,0.4274362325668335,-1.1976399421691895,-1.7693450450897217,0.8718624711036682,-0.15828554332256317,0.3644525706768036,-0.7884146571159363,0.8448594808578491,-0.7753556370735168,-0.18303045630455017,0.4801538586616516,1.4410110712051392,-1.4450135231018066
2.5732150077819824,0.7830706238746643,0.17126978933811188,-0.8247295618057251,1.326928734779358,1.505298137664795,0.9824469089508057,0.21597330272197723,-0.6768774390220642,1.7589772939682007,-0.01987297646701336,-0.965506374835968,-0.6264004111289978,-0.21597585082054138,-0.3547844886779785,0.9615146517753601,0.09107547998428345,-1.5283124446868896,-0.7203700542449951,-0.8012733459472656,0.4694027304649353,0.07072578370571136,0.9601030945777893,-0.9369171261787415,0.2777043282985687,-2.7102036476135254,0.1100572794675827,-1.0781344175338745,-0.3071776032447815,-0.7966511845588684,-0.48778632283210754,1.1173065900802612,1.3206970691680908,-1.4073253870010376,-1.1988887786865234,1.2267853021621704,-0.921614944934845,-0.87319415807724,-0.883352518081665,0.7056482434272766,-1.5657048225402832,-1.566404104232788,-0.4697938859462738,0.8081099390983582,-1.1373865604400635,2.2437891960144043,-0.40362489223480225,0.3880094885826111,0.9045376181602478,-0.42280569672584534
0.7608439326286316,-0.36427998542785645,-0.4318261444568634,-0.22440539300441742,0.23534981906414032,-0.03443652763962746,-0.5242452621459961,-0.9928129315376282,0.10055259615182877,0.29716524481773376,0.5493646860122681,-0.1123402938246727,0.01628091000020504,2.3983025550842285,0.25469112396240234,-0.6095923185348511,-1.6934707164764404,-0.0564996711909771,-0.0907391756772995,-0.19346404075622559,0.6886845827102661,1.0083143711090088,1.6441692113876343,0.462443083524704,1.870827078819275,-0.8149029016494751,-0.8792321085929871,-0.30894333124160767,-0.6276158094406128,0.2153831273317337,0.049239978194236755,1.0717506408691406,-1.5891788005828857,-0.9367192387580872,-1.8035658597946167,0.09036348015069962,0.1101822555065155,-0.12053389847278595,-1.5854506492614746,-0.12817978858947754,-1.034745693206787,0.5900349020957947,0.6391223669052124,0.10171084851026535,1.1826821565628052,0.1254599690437317,-0.6030042767524719,0.7664327025413513,-1.532243013381958,0.41290560364723206
-0.6839344501495361,1.255933403968811,1.0766191482543945,0.7116683125495911,-0.9869325757026672,0.3213188946247101,0.030940651893615723,0.4705734848976135,1.1427651643753052,1.0441608428955078,0.14097186923027039,0.8534085154533386,1.096813440322876,-0.9127178192138672,2.2859115600585938,0.7408316731452942,-0.016998108476400375,-1.4897547960281372,-0.7197335958480835,0.6549972295761108,0.14745409786701202,1.5975247621536255,0.7805507183074951,0.275757759809494,-0.08091775327920914,0.7847917675971985,-1.0142954587936401,0.9648808240890503,1.759935975074768,-0.10797461122274399,0.4035896360874176,0.5876255035400391,-0.5231227874755859,1.0179965496063232,-0.8619914054870605,-0.02676219493150711,0.32173943519592285,0.7105774879455566,1.517143964767456,0.022851962596178055,1.6084657907485962,0.9241542816162109,1.511989712715149,0.7000049948692322,0.4892014265060425,-1.778615117073059,-1.0971918106079102,-0.6937369704246521,-0.3802471458911896,-0.6011900305747986
0.5114629864692688,-0.4727118909358978,0.018987927585840225,-0.843166708946228,1.3356364965438843,-0.47913581132888794,-1.0538758039474487,1.0703716278076172,1.0922937393188477,0.5007718801498413,-1.4168254137039185,0.6917111277580261,-0.5317242741584778,-0.16771851480007172,-1.0658873319625854,0.20396384596824646,-0.5558286905288696,-0.3107890188694,-2.5101842880249023,-0.348784476518631,0.7295071482658386,-0.0716695487499237,-0.6283327341079712,0.5409858822822571,-0.559141993522644,1.051652431488037,-0.7144594192504883,0.42515724897384644,0.9351139068603516,0.7118880152702332,-0.011569343507289886,0.3899683952331543,-0.732046365737915,-0.8033831119537354,-0.5463466048240662,0.9570600390434265,1.053470492362976,0.7636905312538147,0.8524330854415894,-1.602402925491333,0.5393369793891907,-0.401323139667511,-0.8412761092185974,-0.8214922547340393,0.31223541498184204,-1.5377271175384521,-1.7267228364944458,0.1742626428604126,-0.4036911427974701,-0.10394236445426941
1.5118515491485596,-0.3511926531791687,-2.1531639099121094,-0.3438390791416168,1.0188484191894531,-0.794244647026062,-0.5192766785621643,0.3682878911495209,-0.5161869525909424,-0.44560006260871887,-1.125746250152588,-0.7123414874076843,-0.18809469044208527,-0.5057198405265808,-0.17123201489448547,-1.8455818891525269,-0.500058650970459,-0.5034101605415344,0.38534581661224365,-0.15865597128868103,-0.8231841921806335,0.4705178439617157,-0.668038010597229,-0.4905872344970703,-0.40764257311820984,-0.4868490397930145,1.7998801469802856,0.3113299310207367,0.7610118985176086,0.13762487471103668,-0.3685837388038635,0.47862744331359863,-0.9207425713539124,0.700219988822937,-1.9909188747406006,-0.16641946136951447,1.764565348625183,0.2802281081676483,-1.5765327215194702,0.08986718207597733,-0.1737094223499298,-1.1718730926513672,-1.5912251472473145,0.05332820490002632,-0.935748815536499,1.4139010906219482,-0.2876174747943878,-0.07273473590612411,1.4749680757522583,-0.3241975009441376
-0.4549350142478943,1.4112906455993652,1.1588447093963623,-0.7600659728050232,0.4649845063686371,0.8947932720184326,-0.5584837794303894,0.7679617404937744,1.6962488889694214,0.7647351026535034,1.1910083293914795,-0.313586950302124,-0.8401755094528198,1.5449408292770386,0.2755199074745178,0.4102120101451874,-0.06476953625679016,1.3320714235305786,0.5119240880012512,-0.8599912524223328,0.7819260358810425,-0.5262258052825928,-1.354264259338379,0.4009932279586792,0.6738441586494446,1.6565099954605103,-1.1143039464950562,-0.3322126269340515,1.535832405090332,0.0037047890946269035,-1.7089136838912964,0.8427936434745789,-1.0523720979690552,-0.4114827513694763,0.30554628372192383,-0.6710434556007385,-0.06019629165530205,-0.1794021725654602,1.3141809701919556,-1.0282871723175049,1.646871566772461,1.0397526025772095,0.06631359457969666,-0.5098505616188049,0.6471498608589172,-0.16217301785945892,-0.0064786216244101524,-1.345619559288025,0.9113080501556396,-1.7055960893630981
-0.6251485347747803,1.261006474494934,0.11403588950634003,0.8831149339675903,-0.8192136883735657,-0.3088909685611725,0.8991326689720154,-3.0576586723327637,-0.890883207321167,0.09848911315202713,0.5625036358833313,0.033034346997737885,-0.8212908506393433,-0.917838990688324,0.3571194112300873,0.3802497088909149,0.9037820100784302,1.0901870727539062,1.421770691871643,1.1804879903793335,-1.062024712562561,-1.0933735370635986,-1.0115615129470825,0.2883450388908386,0.4868129789829254,-1.121325135231018,0.39177703857421875,-1.4086484909057617,-0.4686078727245331,-0.37253665924072266,-0.20502690970897675,-0.8880236148834229,0.7563348412513733,1.4680194854736328,0.8966848850250244,-0.9753888845443726,-0.205849289894104,-1.1322400569915771,0.5057759284973145,-0.18540145456790924,-0.17530463635921478,-0.7450329661369324,-0.9890405535697937,-1.1853338479995728,-0.922177791595459,-0.40740352869033813,-0.0011654385598376393,0.21726232767105103,-0.104050412774086,-0.26999783515930176

Slice 36
0.15542399883270264,-0.7628113627433777,0.7317807078361511,-0.3044975996017456,-0.16836287081241608,0.2791736125946045,-0.5629758238792419,1.1601938009262085,1.4071661233901978,-1.8992469310760498,-0.8302247524261475,-0.3781127631664276,-0.46027204394340515,-0.5595670938491821,0.10301269590854645,0.7456409335136414,0.6724236607551575,-0.1940995752811432,-0.9607663154602051,1.2034505605697632,0.33373507857322693,1.5833122730255127,-1.0995054244995117,-0.21017102897167206,-1.2896312475204468,-0.5991526246070862,0.7723063826560974,-0.5022659301757812,0.1453985571861267,0.8636173009872437,0.3623634874820709,0.13710910081863403,0.42425358295440674,-1.0683342218399048,-0.6014482378959656,0.969937264919281,-0.6905590891838074,-0.7840020060539246,0.07923439145088196,0.09214805066585541,-0.6177380681037903,-0.9823695421218872,-0.5243229269981384,0.45967763662338257,0.8043180704116821,-0.6519081592559814,-0.9504523873329163,0.46507760882377625,0.18514661490917206,0.23381055891513824
0.08100204169750214,-0.5497486591339111,-1.0226913690567017,-0.8806575536727905,0.13919788599014282,-0.0564328096807003,-0.06582969427108765,0.020527785643935204,0.7807884812355042,-0.526391863822937,0.05207099765539169,-0.47919896245002747,-0.2549595832824707,-0.5090213418006897,0.6940873265266418,0.07954050600528717,-0.9083150625228882,0.5506696701049805,0.2711836099624634,-0.7695717811584473,-0.7210922837257385,-1.0342074632644653,1.275320291519165,0.8893468379974365,-0.4323164224624634,0.41234996914863586,1.159615159034729,-0.9625126123428345,-0.9965481162071228,-0.6816045045852661,0.508999228477478,-0.04521840065717697,1.1241354942321777,0.6994497179985046,0.9332783222198486,0.6016307473182678,-0.4089902937412262,-1.0264087915420532,-1.0360924005508423,1.3889446258544922,0.6150583624839783,0.959601879119873,0.014203311875462532,-0.8571247458457947,0.43239954113960266,1.3971612453460693,0.11243491619825363,-0.17121271789073944,0.5747482776641846,-0.3230390250682831
0.2519472539424896,0.6015610694885254,0.9359375834465027,0.5391426086425781,0.8043479323387146,0.17147713899612427,-0.029362047091126442,-0.8251962065696716,-0.6823475360870361,0.5376915335655212,-0.20026007294654846,0.3556065261363983,0.8039818406105042,0.9350717067718506,0.8778262734413147,-0.5491572022438049,0.829490602016449,1.2850819826126099,0.7264834642410278,0.34163931012153625,0.13434569537639618,2.0344200134277344,1.0579191446304321,0.6807063221931458,0.9050775766372681,0.6451473832130432,-0.5955492258071899,0.2951273024082184,1.9959372282028198,-0.504437267780304,-1.1310056447982788,-0.1596589833498001,-1.1948564052581787,0.23769068717956543,0.9776365756988525,0.4821683168411255,-1.0471165180206299,0.24108876287937164,0.946903645992279,0.639647364616394,-0.5065418481826782,-0.10497024655342102,-1.2972842454910278,1.3387625217437744,0.5566750764846802,0.4585146903991699,0.99204021692276,1.2009557485580444,-1.3637791872024536,1.8627859354019165
-0.3381364345550537,0.9542728066444397,-1.3528656959533691,0.6510489583015442,0.2390102744102478,0.27078941464424133,-1.7319625616073608,0.7138596773147583,-0.8763393759727478,-0.059246379882097244,-0.3004583418369293,-0.7383226752281189,0.8120708465576172,-0.7522317171096802,-1.9131072759628296,-0.7866498827934265,0.8489540219306946,0.3939257562160492,0.027725541964173317,-0.7514970302581787,-1.2524454593658447,-0.2059624195098877,0.5352411866188049,0.34705233573913574,-0.07618463784456253,-0.9683704972267151,-0.7782069444656372,-0.22440236806869507,0.6294229030609131,-0.03931187465786934,-0.13549773395061493,-1.2498869895935059,-0.15110531449317932,0.7951020002365112,0.3554236888885498,-0.1607634276151657,-0.9191973805427551,-0.8968193531036377,-1.0703654289245605,-1.8988077640533447,-1.9677867889404297,-0.06605567783117294,-0.30551764369010925,0.2993876039981842,-1.165480136871338,-0.5729435682296753,-0.018491482362151146,0.1916375458240509,0.515725314617157,-0.08067531138658524
0.4304625391960144,0.16951844096183777,-0.03565303981304169,0.6520794630050659,-0.03707699850201607,-0.7522118091583252,-1.2027884721755981,-1.4860564470291138,1.1309621334075928,1.0017775297164917,0.39261186122894287,-0.8790186047554016,-1.208602786064148,0.7123682498931885,0.06472257524728775,-0.06231356039643288,-1.7604070901870728,0.8807182312011719,-0.12083659321069717,-0.6119097471237183,-0.5329234600067139,0.5757285952568054,1.6330535411834717,0.4874170124530792,0.4954829514026642,0.9231340289115906,0.868288516998291,0.2963351905345917,0.6299029588699341,-0.09623904526233673,-0.6788785457611084,-1.2040702104568481,-0.509382963180542,-1.2364109754562378,0.8555084466934204,-0.11211328208446503,0.9835165143013,0.9486010670661926,-0.05480580031871796,-0.3478113114833832,1.2547941207885742,-0.9617267847061157,0.06465654820203781,-0.6040515899658203,0.5324495434761047,-0.18185876309871674,0.07074709981679916,1.4131749868392944,0.09969937801361084,-0.5565185546875
-0.4054095447063446,-0.4377140700817108,0.9188544154167175,0.7016076445579529,0.5872694253921509,-1.3433642387390137,0.2945043742656708,-1.3141717910766602,-0.3182237446308136,-1.0303846597671509,1.3272745609283447,-1.2235506772994995,-0.5790054202079773,-0.9728205800056458,1.7072358131408691,0.5588216781616211,-0.4427671432495117,0.849044919013977,1.4572590589523315,-1.312705397605896,-0.5220094323158264,1.8351987600326538,-1.8429826498031616,0.08597278594970703,1.4888935089111328,-0.46047624945640564,0.36196839809417725,0.7725571393966675,1.862457275390625,0.040258824825286865,1.1415672302246094,-0.5589895844459534,0.7429625391960144,-1.6430813074111938,-0.21467527747154236,0.06556987762451172,-0.022422315552830696,0.5416220426559448,1.9080253839492798,-0.5739869475364685,-1.253909707069397,-1.2314238548278809,-1.6330060958862305,1.2188628911972046,-0.12230442464351654,0.06326354295015335,1.4392822980880737,0.9091170430183411,-1.3663897514343262,1.068199872970581
-1.3818323612213135,0.7084102630615234,1.2339686155319214,1.9601619243621826,1.2215896844863892,0.5921255350112915,-0.626740574836731,0.3429272770881653,0.9019032716751099,1.7008131742477417,0.2589830160140991,0.030903995037078857,0.8232682943344116,1.0844402313232422,-1.6825051307678223,0.9679244756698608,1.049765706062317,0.38813936710357666,-0.13509999215602875,2.435476779937744,0.11022787541151047,0.5546635389328003,1.0411335229873657,1.3038437366485596,0.9666932821273804,-0.28048866987228394,-0.769910991191864,-0.6532142758369446,0.04514597728848457,-0.2478625774383545,-0.6708667278289795,0.3582821488380432,-0.9089720845222473,0.25054731965065,1.6855098009109497,-0.2201976329088211,-1.6845296621322632,1.3809030055999756,1.55508553981781,-0.2464948445558548,0.507152259349823,0.07658646255731583,-0.06134156510233879,-0.12190748751163483,1.2155719995498657,-0.8311350345611572,-0.9145528674125671,0.11523950845003128,-0.25839871168136597,0.2616477310657501
-0.5618100166320801,1.2962247133255005,0.5463371872901917,0.40078383684158325,-0.04182415455579758,-1.6319358348846436,0.4227832555770874,-0.06594710052013397,0.08115260303020477,0.6949367523193359,-0.452194482088089,-1.5798900127410889,-0.790989875793457,0.3917010426521301,2.4027132987976074,-1.0021545886993408,-0.2776215672492981,-0.4097738564014435,-0.9496031403541565,1.5324504375457764,0.42801210284233093,-0.046709440648555756,0.10018368810415268,-0.4021182656288147,0.5313135385513306,-0.6104655265808105,-0.49074506759643555,0.9523139595985413,1.2539232969284058,1.2680445909500122,0.28002557158470154,0.8354173302650452,0.7923734188079834,-1.216052532196045,-0.4915357232093811,-0.7348328828811646,-1.3933473825454712,-0.13527251780033112,1.3727954626083374,1.481583595275879,0.8264623880386353,0.8308588862419128,0.9833198189735413,-0.6608649492263794,0.01346223708242178,-0.16374623775482178,-0.4311639666557312,0.09213829040527344,1.3223620653152466,0.15142245590686798
-1.7282137870788574,0.1903991550207138,0.6309214234352112,0.5911685824394226,-0.36531341075897217,0.23556846380233765,0.7136014103889465,-0.2560165822505951,-0.9813567996025085,0.19031661748886108,1.2007083892822266,-1.3516591787338257,0.7543075084686279,-0.22213947772979736,0.40113794803619385,1.990843415260315,0.11312758177518845,0.7910651564598083,0.6327728629112244,1.2104374170303345,-0.7730023860931396,-0.9677543044090271,-1.3155579566955566,1.01982581615448,0.6102026104927063,-1.489608645439148,0.388622909784317,0.3414019048213959,-0.001864285790361464,-2.098832130432129,0.564233124256134,0.48394840955734253,0.9828831553459167,-1.0705928802490234,0.9333878755569458,0.3864492177963257,-0.6527500748634338,-0.07078847289085388,-0.056237902492284775,0.7579659819602966,0.5634781122207642,0.47413352131843567,0.37812182307243347,-0.23628835380077362,1.9224485158920288,-0.04499679058790207,0.5808902978897095,0.19898325204849243,0.4252910315990448,-0.21429277956485748
-1.0465868711471558,0.456256628036499,-1.2700235843658447,0.7111002802848816,-0.34033286571502686,-0.1359630525112152,-0.8442807793617249,1.4851726293563843,1.0725511312484741,0.43817374110221863,-0.7890307307243347,-1.1720961332321167,-1.360195279121399,-0.6767837405204773,2.2991151809692383,0.16148923337459564,0.4373002052307129,-0.7226109504699707,0.6390583515167236,1.319814920425415,0.14802733063697815,-0.6759498715400696,1.5380330085754395,-1.098367691040039,-0.7669450640678406,-0.3660263121128082,1.5977928638458252,-0.3085913360118866,-0.07313752174377441,-0.5118220448493958,0.6242620348930359,-0.687732994556427,1.5551743507385254,-1.0284783840179443,-0.5825125575065613,-0.13678041100502014,-1.5654751062393188,2.038109302520752,0.7224757671356201,0.79874187707901,0.0446150079369545,0.6905984282493591,-0.15100117027759552,-0.5543899536132812,-1.4011716842651367,0.1977214366197586,-0.023768531158566475,-1.186033010482788,1.4103984832763672,-1.0780335664749146

Slice 37
-0.7044156789779663,0.549766480922699,0.9688794612884521,1.1720671653747559,-0.095857173204422,-0.4031808376312256,-1.2786234617233276,0.8726646900177002,0.6140891313552856,1.0025490522384644,0.4029499590396881,1.5157548189163208,-0.056297995150089264,-0.6206501722335815,-0.041474565863609314,0.6565656065940857,-0.3242436349391937,0.9197372794151306,0.7843627333641052,-1.9160572290420532,-1.3096003532409668,0.4140586256980896,0.8172902464866638,0.33574041724205017,-0.9580923318862915,-0.20748817920684814,-0.5727517604827881,-0.6350368857383728,0.2034614235162735,1.0451222658157349,-1.6213029623031616,-0.4812838137149811,-0.4938567578792572,0.3763432502746582,0.45762550830841064,-1.1919373273849487,-1.2586863040924072,-0.6119511127471924,1.449358344078064,-1.8504669666290283,0.46564429998397827,0.36624622344970703,1.0195393562316895,-0.051654964685440063,-0.263125479221344,-0.9265297651290894,-1.4100807905197144,0.3173169195652008,-2.117177724838257,0.19698941707611084
-0.4382712244987488,-0.5837880373001099,0.07981061935424805,0.06036369502544403,-1.1367928981781006,1.9614239931106567,1.760398030281067,-0.10583296418190002,-1.4015069007873535,1.1985915899276733,-0.8822765350341797,-0.09540682286024094,0.6397507190704346,-1.7133643627166748,1.0326082706451416,-0.9343486428260803,0.14340101182460785,0.8220911622047424,-1.3804980516433716,-1.4649252891540527,0.874236524105072,0.6805493831634521,-0.8771318793296814,-0.7336633205413818,1.2902343273162842,0.08805272728204727,1.3789587020874023,-2.031787872314453,-0.3895483613014221,0.2325553297996521,-0.7834266424179077,-0.047735799103975296,-0.6073717474937439,1.6533582210540771,-1.715989112854004,-1.7614160776138306,-1.4478505849838257,-2.0848450660705566,-0.7027444839477539,-0.1612030565738678,-0.17518557608127594,-1.6869450807571411,0.4642699956893921,-1.0562900304794312,-0.9247994422912598,0.48599058389663696,-1.9801148176193237,0.7355748414993286,-0.30422478914260864,0.7173464894294739
1.8253815174102783,1.5867458581924438,-0.6387178897857666,-0.37747296690940857,-0.26343804597854614,-0.6680899858474731,1.137599229812622,-0.6000190377235413,1.0081106424331665,0.4946618974208832,-0.08789974451065063,-1.3859542608261108,1.2224425077438354,-1.7730612754821777,-1.805968999862671,-0.8262523412704468,-0.7394120693206787,-1.0245170593261719,0.6217056512832642,-0.6364546418190002,-0.6824426651000977,1.4472752809524536,-1.2932184934616089,0.7787243127822876,0.20754697918891907,0.23865382373332977,-0.136018306016922,-0.3221771717071533,0.8024692535400391,1.6205785274505615,1.1448968648910522,-0.8825317025184631,-2.0782673358917236,0.37853285670280457,-1.960548758506775,0.6606335639953613,-1.2676630020141602,-1.3855050802230835,0.4321765899658203,-0.9921405911445618,0.5949866771697998,-0.5638786554336548,1.5696215629577637,-1.685451865196228,-1.0642571449279785,-1.4791847467422485,-0.5183647274971008,1.2575206756591797,0.02293519861996174,1.3871513605117798
-0.7430282831192017,-0.7499257922172546,-0.0782940685749054,0.7080145478248596,-0.6017008423805237,-0.9216622710227966,-0.4679999053478241,-0.09890493005514145,1.5565663576126099,0.9978508353233337,-0.9350694417953491,-0.6719809174537659,-0.8425872921943665,0.11670950055122375,-0.18007062375545502,-1.6105107069015503,-0.4111239016056061,-2.610731363296509,-0.5333406925201416,0.6446714997291565,0.2274549901485443,-0.2839305102825165,-1.1702781915664673,0.41126811504364014,-1.2511177062988281,1.4941012859344482,-0.8657113909721375,-1.5493193864822388,-0.9741540551185608,0.7951252460479736,-0.889573335647583,-2.920030355453491,-0.039431508630514145,-1.9181667566299438,0.38172170519828796,-0.7801504731178284,1.6416279077529907,0.36192288994789124,1.9756234884262085,1.585597276687622,-0.7597503662109375,-1.52252197265625,-0.5803923010826111,0.428465336561203,-0.668671190738678,-0.6894736289978027,0.18021993339061737,-1.4855695962905884,0.30699533224105835,-0.04747183248400688
0.2996474802494049,-0.7624803781509399,1.21173894405365,-1.744896650314331,-0.6928037405014038,-1.2317391633987427,-0.7025370001792908,-0.9976903796195984,1.2758530378341675,0.5117391347885132,-0.02980765514075756,-0.019930612295866013,0.821548342704773,-1.0479567050933838,-0.7304336428642273,0.8451250195503235,-1.6324912309646606,-2.3398337364196777,-1.6636937856674194,-1.07912015914917,-1.4898234605789185,-1.8918640613555908,0.001496881595812738,0.447968065738678,0.1289418488740921,1.2607135772705078,0.9399331212043762,-0.7430911064147949,-0.8119388818740845,0.8155981302261353,0.8816314339637756,1.2800127267837524,-0.3200826048851013,0.10925218462944031,0.09493167698383331,-1.0629318952560425,-1.3165277242660522,-0.08075732737779617,0.596549928188324,0.12485390901565552,-1.5028390884399414,0.969115674495697,0.2936348021030426,0.6130017638206482,-0.556153416633606,1.185343861579895,-0.2895556688308716,0.15808768570423126,1.241967797279358,0.7821757793426514
0.6556936502456665,-0.38271230459213257,1.5611690282821655,0.9392668604850769,0.398781955242157,-0.4980067312717438,-0.7274634838104248,0.5913261771202087,-0.5788676142692566,1.5429143905639648,1.5775874853134155,1.9550620317459106,0.5669423937797546,-0.2225341647863388,0.5993844270706177,0.07969865202903748,1.113025426864624,-2.0554559230804443,-2.2127394676208496,-0.06653767824172974,-1.4726309776306152,-0.5123220086097717,1.1709929704666138,0.05055951699614525,0.6361632347106934,0.6239315867424011,-1.1944670677185059,0.4934138059616089,1.4849398136138916,0.9397671222686768,0.3727369010448456,-0.2261892557144165,0.07522968202829361,1.4826215505599976,0.2929708659648895,0.010297457687556744,-0.04187781363725662,0.05580184608697891,-0.46537941694259644,1.152822494506836,-0.1724206507205963,0.880303144454956,0.7132354378700256,-0.9547110199928284,1.796480417251587,1.0908174514770508,-0.13972774147987366,-0.6562502980232239,1.1374409198760986,1.9382941722869873
-0.8464500308036804,0.4513920843601227,0.1365768313407898,0.6123226284980774,-0.7480109930038452,-0.7479231953620911,-0.09629729390144348,0.0472143329679966,1.9231011867523193,0.16836415231227875,0.762779712677002,-0.5439372658729553,-1.3613581657409668,-0.8301862478256226,-1.099733591079712,1.8461123704910278,-1.461854100227356,-0.5172621011734009,0.4709354639053345,-0.29560598731040955,0.6882466077804565,1.110556721687317,-0.5108485221862793,-0.942372739315033,-2.4547579288482666,0.46362048387527466,0.32052600383758545,-1.0611939430236816,-0.3444713354110718,-0.6653921008110046,-0.1699845939874649,1.6784334182739258,-0.7995976209640503,-1.9435075521469116,-0.6433377265930176,-0.3904602527618408,-0.04985784366726875,-0.9149501919746399,0.5821007490158081,1.4707996845245361,1.6387118101119995,0.7026028633117676,0.12318181246519089,-0.7312954664230347,-0.8047345876693726,0.8875226378440857,-1.401107907295227,-0.8046310544013977,-0.38475826382637024,-1.4005063772201538
-1.2282730340957642,0.36369815468788147,1.081597089767456,-0.6321250796318054,-0.18942229449748993,-1.167826533317566,-0.5740745067596436,-0.8898791074752808,-0.31196704506874084,-1.7641335725784302,-0.13729813694953918,0.36213210225105286,-0.34730541706085205,-0.04242074117064476,-1.448651909828186,2.2892818450927734,0.517002284526825,0.8660681247711182,0.8287208080291748,-0.4048856496810913,1.4390274286270142,0.6634271740913391,0.5906282067298889,1.166839361190796,-0.6316151022911072,-0.025815285742282867,-0.077957384288311,0.5726712942123413,0.011212516576051712,1.4808526039123535,-0.22447174787521362,1.4347175359725952,-1.3428977727890015,-0.8116225004196167,0.687963604927063,1.1279116868972778,2.0426197052001953,0.7210034728050232,1.1334041357040405,-0.13973110914230347,0.9430793523788452,0.4310162663459778,-2.2976861000061035,0.5504587888717651,1.1648826599121094,0.0420447513461113,-0.33769363164901733,1.9523004293441772,-1.127431869506836,0.10758883506059647
0.8564229011535645,0.14272555708885193,-0.24557022750377655,0.9751349091529846,1.8220752477645874,-0.8292521238327026,1.2739049196243286,1.6315088272094727,-1.009137511253357,-2.5726327896118164,-0.33699339628219604,-0.3082628846168518,0.4385514259338379,-1.4653222560882568,-0.7772814035415649,0.5313559174537659,-1.1520798206329346,0.07317202538251877,-0.9741528034210205,-1.140506386756897,1.1001198291778564,1.1738159656524658,0.7238411903381348,1.000870704650879,-0.8286424875259399,0.1668069213628769,0.5065551400184631,0.40684425830841064,-0.2303912490606308,-0.6678776741027832,0.7252041101455688,-0.23645782470703125,-0.5082276463508606,-0.8285170197486877,-0.07149110734462738,1.3027353286743164,-0.5507689118385315,-0.24576114118099213,-0.09365498274564743,-1.4875673055648804,0.689388632774353,0.6841612458229065,0.06998464465141296,0.8522331118583679,-0.16963686048984528,-1.250317096710205,0.19337527453899384,-0.8457217216491699,-0.018202606588602066,-0.7628750801086426
1.236572265625,-1.8249566555023193,0.4249425530433655,0.0583081990480423,0.9502488374710083,-1.1045540571212769,-0.2524106204509735,0.9760339856147766,0.12489762902259827,0.2324790060520172,-0.5209210515022278,-0.9355665445327759,0.18751727044582367,0.3097112476825714,-1.8929190635681152,0.11230172961950302,-1.72063410282135,-1.7880152463912964,0.3131529986858368,0.5409401655197144,-0.9068101644515991,-0.7957715392112732,0.4546845853328705,-1.370455026626587,-0.8201173543930054,0.5061238408088684,-1.7940874099731445,-1.0027059316635132,1.374897837638855,-1.4721158742904663,-1.3261927366256714,-0.48615768551826477,-0.9004400968551636,0.9145891070365906,0.09971433877944946,-0.3351161479949951,-1.039346694946289,0.1593148410320282,0.38206398487091064,0.837413489818573,-0.3312632739543915,1.225302815437317,0.6586554646492004,0.2794463634490967,-0.8823312520980835,0.2817462682723999,0.3305894732475281,-1.0791746377944946,0.8673635125160217,-0.9624168276786804

Slice 38
0.27725347876548767,-0.44894006848335266,-1.1323856115341187,0.5093156695365906,0.3839629590511322,-0.9562802314758301,0.09984924644231796,-0.16091549396514893,0.3628959059715271,1.1388189792633057,-0.3304278552532196,-0.4341892600059509,-0.06249680370092392,0.3539644479751587,-0.15884098410606384,0.10961031168699265,-0.5447490215301514,-0.23924674093723297,-0.7605018019676208,-0.5682846903800964,-0.03213125467300415,0.36602604389190674,-0.8534215092658997,-1.5954045057296753,0.6016713380813599,-1.373499870300293,0.13137570023536682,0.1421765238046646,-0.8856513500213623,-0.4067994952201843,-0.3322918117046356,-0.9266866445541382,0.4476472735404968,0.7980813980102539,1.4551138877868652,-0.15585142374038696,1.2528361082077026,-0.9735498428344727,0.03959635645151138,0.9453098773956299,-0.6557514667510986,0.039344701915979385,-0.27120503783226013,0.28990083932876587,0.5230046510696411,-0.41475293040275574,-1.4098278284072876,-1.568557620048523,0.6381093263626099,0.877997875213623
0.37216347455978394,-1.4367403984069824,1.0203222036361694,-0.345476359128952,1.1349612474441528,-0.042936138808727264,-1.904144287109375,0.0721413791179657,1.7097500562667847,0.3161062002182007,-1.5739110708236694,0.18010085821151733,-1.156449794769287,-1.071800708770752,-0.22183652222156525,1.1641792058944702,0.45360663533210754,0.11228048801422119,-0.657503604888916,0.027505647391080856,-0.4605514705181122,-0.3273356854915619,1.5559139251708984,0.1286168247461319,0.06279762089252472,-0.0996512770652771,-0.6463945508003235,0.47035375237464905,-0.5244936347007751,0.5253673195838928,-0.5040277242660522,0.16813287138938904,-0.5661440491676331,-0.015461025759577751,-0.3867678642272949,0.419108510017395,-0.29689258337020874,-0.9687774181365967,0.6753148436546326,0.9252051115036011,-0.4708380401134491,0.4889448285102844,-0.5801728367805481,1.0806784629821777,0.24666456878185272,0.5061234831809998,1.308912992477417,0.4681159257888794,-0.6417918801307678,1.1189438104629517
0.7602114677429199,-2.1359755992889404,0.7221476435661316,0.2321912795305252,0.6323738098144531,0.563507080078125,-0.5552772283554077,0.44860899448394775,0.8801024556159973,-0.7089908719062805,0.37741416692733765,-1.2359943389892578,0.028456658124923706,-0.09151454269886017,0.8534718751907349,0.48231494426727295,-0.2732204794883728,0.689322292804718,0.7901874780654907,-0.1031254455447197,-0.8211644887924194,-1.4172611236572266,0.3144928812980652,-1.0256322622299194,-0.21600116789340973,0.42088720202445984,-0.5744509696960449,0.7881471514701843,-1.1734272241592407,-0.04278115928173065,-0.5064342021942139,1.1277155876159668,1.7900453805923462,0.13364598155021667,0.2646023631095886,-0.33592817187309265,-0.19723087549209595,0.36966070532798767,-0.6664398908615112,-0.18387533724308014,-0.708814263343811,-0.1022612676024437,0.7275817394256592,-0.514239490032196,0.5746106505393982,0.6958480477333069,0.41576331853866577,-0.16868850588798523,0.7669655680656433,0.2262112945318222
-0.12459076195955276,0.2855701148509979,0.0849509909749031,-0.24526304006576538,0.26950758695602417,0.09104243665933609,0.3398851156234741,-1.2692123651504517,0.13243156671524048,2.0722274780273438,-0.13835932314395905,0.5693615674972534,0.2664729952812195,-2.0488057136535645,-0.6942494511604309,0.9080973863601685,0.9315287470817566,0.16785810887813568,-0.6517511010169983,0.36220523715019226,0.8750330209732056,-1.3013685941696167,-1.4762167930603027,-0.0510832704603672,0.8691577911376953,-0.1642957329750061,-1.4591821432113647,-0.6095687747001648,0.24020859599113464,-0.4861530363559723,1.1463490724563599,-1.0684980154037476,-0.7013285160064697,0.36248525977134705,1.1093250513076782,-0.10800802707672119,0.7511112689971924,0.5996356010437012,-0.2214937061071396,1.2719483375549316,-0.11986421048641205,-0.7653271555900574,-1.900867223739624,-0.29779985547065735,0.9844763875007629,-0.8008385300636292,-0.7441466450691223,-0.06822187453508377,0.9959526062011719,-0.9180498123168945
0.5109737515449524,0.20195786654949188,-0.1879744976758957,-0.3281744718551636,0.2506107687950134,-0.6110838651657104,-1.3014116287231445,-0.9372010827064514,0.40220698714256287,-0.6739588975906372,1.1433840990066528,-1.50813889503479,0.9065293073654175,-0.4629193842411041,-0.6675695180892944,1.6234599351882935,-1.0092724561691284,1.4680602550506592,0.4611224830150604,-1.3775485754013062,-1.0666593313217163,-0.305603563785553,-1.5778993368148804,0.5987385511398315,-0.05927645415067673,0.47349652647972107,-0.707011342048645,-0.7615926265716553,-0.28941741585731506,-1.0563843250274658,-1.6703640222549438,2.017693042755127,1.2816237211227417,2.550462245941162,0.6948841214179993,-0.27272313833236694,1.956612467765808,0.011450252495706081,-1.3579139709472656,1.4857895374298096,1.0749671459197998,-1.4765347242355347,1.018271803855896,-0.1908947080373764,1.6094696521759033,-0.5811029672622681,1.7071852684020996,0.8533813953399658,0.790521502494812,0.1410141885280609
0.8533027768135071,-1.1040582656860352,1.9362168312072754,-0.5739521980285645,1.5451778173446655,0.3940027952194214,0.30195024609565735,-0.06129908189177513,0.26553475856781006,-0.9743849039077759,0.4432055652141571,1.0702617168426514,0.7332625389099121,0.033438198268413544,0.8314102292060852,1.3644088506698608,-0.3991240859031677,-0.25257614254951477,-0.17807652056217194,1.859030842781067,-1.038665533065796,1.0312328338623047,0.3343569338321686,-0.5201060175895691,-0.4084819257259369,0.08222570270299911,0.2178722769021988,1.007427453994751,-0.44097399711608887,-0.9111995697021484,-0.5871767401695251,0.5625155568122864,0.26551979780197144,-0.07187944650650024,0.33972740173339844,-0.76778244972229,0.2682168483734131,-0.17020708322525024,-0.09870757907629013,0.6503971815109253,1.4234325885772705,0.7131189703941345,0.5389872789382935,0.09030930697917938,1.3690725564956665,0.4558323621749878,0.4629293382167816,1.784430980682373,0.9420467615127563,0.1791776865720749
0.7339121699333191,0.13990896940231323,-0.5815768241882324,-1.0997811555862427,0.5584412217140198,-0.11224875599145889,-0.2687729001045227,0.22090813517570496,0.14977619051933289,-0.5764176249504089,-0.09635226428508759,-0.15148065984249115,2.0026090145111084,0.4811989367008209,0.07669136673212051,-0.7878656387329102,-1.1024127006530762,-1.0465967655181885,-0.36925673484802246,0.31516844034194946,0.215881809592247,-0.8180883526802063,0.3778640627861023,0.05535566806793213,-0.7084669470787048,-0.6868858933448792,-0.21601751446723938,-2.1274211406707764,-0.1976965069770813,0.16934561729431152,-0.10369852930307388,-0.8203129768371582,1.9550577402114868,1.8304026126861572,0.5381707549095154,-0.7498112320899963,-0.26510119438171387,-0.13974688947200775,-0.21184441447257996,0.9623554944992065,-2.4500818252563477,-0.6814542412757874,0.9263155460357666,-1.3119745254516602,-0.14129050076007843,0.37667495012283325,-0.4826039969921112,0.30329641699790955,1.1611491441726685,0.7060747742652893
-2.001225233078003,0.6149711012840271,-0.7683143615722656,-1.2697832584381104,-0.3993102014064789,-0.6002377271652222,0.9095057249069214,-0.6379498243331909,0.434557169675827,0.6801329851150513,-0.33899256587028503,0.14199449121952057,0.3705250322818756,0.33698663115501404,-1.392397165298462,0.28262320160865784,1.6207197904586792,1.3289622068405151,-0.6127750277519226,-0.4839214086532593,-0.4232926070690155,0.5762417316436768,0.4547218084335327,-0.3779516816139221,-1.197921633720398,0.043469808995723724,-0.2778095304965973,1.104439616203308,0.8100950121879578,0.8031346201896667,-0.4846130609512329,-1.0341256856918335,-1.2854589223861694,-0.8308829069137573,0.16998930275440216,-0.8321834206581116,-1.3481764793395996,-0.771790623664856,1.3620280027389526,-0.016701193526387215,-0.2867712676525116,0.2860313653945923,0.5340920686721802,-0.6356922388076782,0.4245769679546356,-0.8993476629257202,-0.9515351057052612,-1.0820001363754272,-0.4017002284526825,0.030503561720252037
-0.03312816098332405,-0.6447878479957581,0.8550775647163391,0.011450985446572304,-0.08026347309350967,-0.5814869403839111,-0.13748525083065033,0.6466702222824097,-0.23990878462791443,1.673716425895691,0.29201164841651917,1.045917272567749,0.37856343388557434,0.38573458790779114,0.2743968963623047,0.9896908402442932,1.6248053312301636,1.6761376857757568,-0.5708757042884827,0.5866362452507019,1.1697348356246948,-0.9775351881980896,1.9902082681655884,-1.1196908950805664,1.2830990552902222,-1.6637086868286133,-1.5855937004089355,1.712193489074707,-1.8626644611358643,-0.951183021068573,0.29657840728759766,0.09162990748882294,0.4764765501022339,0.4560450613498688,0.39325809478759766,-0.2491602897644043,-0.7662071585655212,-0.7962803244590759,0.35841867327690125,0.5029798150062561,0.7188153266906738,0.2725776135921478,1.4761000871658325,-0.9398446083068848,1.0487130880355835,0.07908441126346588,-0.8532155752182007,-0.14701016247272491,-0.3610905408859253,-1.4046753644943237
0.9136403799057007,-0.5964596271514893,-0.07388974726200104,-0.1476585865020752,-0.2863255739212036,-0.9020551443099976,-0.3444754481315613,-1.3524484634399414,-0.30220821499824524,0.3780360221862793,-0.5409420728683472,0.24974772334098816,1.8247604370117188,-1.197039008140564,-1.2333028316497803,-0.8567062020301819,-0.8889303207397461,0.5659833550453186,-0.5304263830184937,0.06551015377044678,-0.8519612550735474,-0.9085058569908142,0.06544122099876404,0.05427251011133194,1.7391667366027832,-0.52381831407547,-0.20560520887374878,0.9127838015556335,-1.5464231967926025,-1.6231110095977783,-1.4622114896774292,1.4687469005584717,1.1683645248413086,2.3750689029693604,1.9612140655517578,0.4937208294868469,1.9176408052444458,-0.6632093787193298,-0.7563698291778564,1.4140186309814453,1.4109350442886353,-0.4462958872318268,-0.6421356201171875,0.6724450588226318,1.4425381422042847,-0.20649676024913788,0.5124008059501648,0.2674218416213989,0.8844161629676819,-2.4925618171691895

Slice 39
1.5800397396087646,-0.9041272401809692,0.5823358297348022,-0.38025525212287903,-0.4484340250492096,-1.4241373538970947,0.08772513270378113,-0.2792748808860779,1.108735203742981,0.478592187166214,0.0019709423650056124,0.6586089730262756,-2.26875901222229,-1.587355375289917,0.5784502029418945,0.11090999096632004,-0.5256929397583008,-1.3246897459030151,0.005491658579558134,0.6201905012130737,0.21034769713878632,-0.5090485215187073,1.463197112083435,-1.3433817625045776,1.378873348236084,0.4443248212337494,1.8249142169952393,-0.006872610189020634,-1.1852195262908936,0.7747052311897278,1.5479426383972168,0.8536802530288696,-0.5254863500595093,-0.8217934966087341,-1.1701430082321167,0.4595024287700653,0.5226168036460876,0.6328384280204773,-0.2540768086910248,-0.9397568702697754,0.545872151851654,-1.0543478727340698,-0.8674564957618713,0.8641188144683838,-0.8834538459777832,0.9096495509147644,1.1736209392547607,-0.8295848369598389,-0.036627668887376785,-2.006945848464966
-0.5866278409957886,-0.5557793974876404,0.8615976572036743,0.5264297723770142,1.2882614135742188,-0.8027536869049072,-0.8335423469543457,0.2864846885204315,-2.348156690597534,0.038372114300727844,0.3647709786891937,-0.8915128111839294,0.4886942207813263,-0.03240029886364937,1.231250286102295,-0.31742918491363525,-0.8443963527679443,-0.18469221889972687,-0.5354045033454895,0.2326103150844574,-0.4669781029224396,-1.3846827745437622,0.7327226996421814,0.7081956267356873,1.511075496673584,-1.130252480506897,1.242580533027649,1.5184872150421143,1.2438950538635254,-0.4626675546169281,0.5754182934761047,0.10342096537351608,2.141993522644043,0.1366758495569229,-0.8170899152755737,-1.1383743286132812,1.3188879489898682,-0.40620529651641846,-0.3510338068008423,0.44737833738327026,-1.164823293685913,-0.21583765745162964,0.9108964800834656,1.069558024406433,1.2009539604187012,0.2391924411058426,1.293501853942871,0.7641790509223938,0.6948081851005554,0.05318813771009445
-0.8721843957901001,0.5535239577293396,1.3496872186660767,0.6304957866668701,1.244449496269226,0.07654962688684464,-2.621199607849121,0.7984346747398376,0.018337100744247437,1.1942437887191772,0.9893385767936707,-0.2327026128768921,0.6371434926986694,-0.6260098814964294,-1.008202075958252,-0.23538337647914886,-0.2869906425476074,-0.9790156483650208,0.09204129874706268,-1.4843213558197021,0.9274237155914307,-1.7746208906173706,-0.6799110174179077,-0.029807426035404205,1.8961501121520996,0.005101100075989962,0.06123184785246849,-1.4850420951843262,1.0162278413772583,-0.09329590946435928,0.1950501799583435,0.797034740447998,1.059505820274353,0.716944694519043,0.15104518830776215,-0.23435497283935547,0.4987783432006836,0.43348458409309387,-0.2969842553138733,0.7880749106407166,0.8153612017631531,0.2284405529499054,-0.7299602627754211,-0.22819307446479797,1.80521821975708,1.1595638990402222,-0.3637531101703644,-0.32502830028533936,1.6338049173355103,0.4397321045398712
-0.35987940430641174,-0.7775061130523682,0.7941738963127136,1.173143744468689,-0.8229740262031555,0.41531720757484436,-0.0872509777545929,0.3799439072608948,1.0288304090499878,0.21533894538879395,-0.7209396362304688,-0.8547940850257874,-0.2826382517814636,-0.5131763219833374,0.16301152110099792,-0.20164957642555237,0.29898351430892944,-1.072174310684204,0.37913763523101807,0.628852128982544,-0.5580395460128784,-0.977303683757782,0.14819781482219696,-2.002927780151367,0.39609014987945557,-1.0576121807098389,-0.17481063306331635,1.6561046838760376,-0.634300947189331,0.036569301038980484,1.193528175354004,-0.151357039809227,-1.4126745462417603,0.10838573426008224,1.8883401155471802,0.0328771211206913,0.20447662472724915,-1.1786450147628784,-1.025391936302185,0.6216627359390259,0.9822262525558472,-1.6387184858322144,0.9036765694618225,1.0376102924346924,0.5610886216163635,2.2175848484039307,2.658776044845581,1.204870343208313,0.4271683692932129,-0.9667928218841553
1.0449844598770142,-0.007833880372345448,-0.09011681377887726,1.1793640851974487,-0.21653865277767181,-0.33855322003364563,0.05347955599427223,1.4664874076843262,1.3101500272750854,-0.11553607136011124,-0.5101217031478882,-0.2496645301580429,0.012479073368012905,0.45304936170578003,-0.9254221320152283,1.3030081987380981,-1.6102876663208008,0.1236446276307106,0.5676573514938354,0.8933516144752502,-1.353641390800476,1.5883506536483765,-1.2903791666030884,0.09693782031536102,-1.0536683797836304,0.23707740008831024,-1.396201491355896,0.35879966616630554,-1.1709766387939453,-0.33769363164901733,-1.5080665349960327,-0.6436067223548889,0.3790985345840454,-0.6657286882400513,0.09050082415342331,0.08533275127410889,-0.6712813377380371,-0.7249415516853333,-0.9567313194274902,0.3223783075809479,0.5959153175354004,-0.6016475558280945,0.18521153926849365,0.013289211317896843,-0.8140082955360413,-1.629231572151184,-1.4156230688095093,0.5429170727729797,-0.6622852087020874,0.3666912317276001
1.077151894569397,0.3128027319908142,-0.6291449069976807,-1.0787776708602905,-0.3147367835044861,-0.3772618770599365,1.4724297523498535,-0.04691925272345543,0.7335549592971802,0.5691289901733398,-0.5792797207832336,-0.1978578418493271,-0.5598970651626587,-0.019174868240952492,0.8177865743637085,-0.6468749046325684,0.06648939847946167,-0.24375204741954803,-0.19197511672973633,0.8748522996902466,0.3497011959552765,0.3755548894405365,0.21734651923179626,0.08660413324832916,0.7104507088661194,-0.7500983476638794,0.794126033782959,0.3543955385684967,0.3211941719055176,1.163307547569275,-0.9405068159103394,0.8063897490501404,-0.0003265926497988403,0.7515546679496765,-2.159278631210327,-0.8387369513511658,0.6877341866493225,0.15197131037712097,-0.12785106897354126,1.611975908279419,1.1521672010421753,0.16958612203598022,0.5437005758285522,-0.09012489765882492,0.28431403636932373,-0.13597966730594635,0.7196264266967773,-0.9508631825447083,0.4470694363117218,-0.1917758733034134
0.917194664478302,1.1898465156555176,1.3235304355621338,0.25239112973213196,1.2314121723175049,0.026102526113390923,0.43286991119384766,0.9301614761352539,1.1573206186294556,0.14746993780136108,0.6051302552223206,-0.9692968130111694,1.289731502532959,-0.11951091140508652,-0.4111420214176178,0.29058653116226196,0.43071502447128296,-0.14413900673389435,1.890655755996704,1.1287440061569214,0.6893653869628906,-0.6021664142608643,0.9697772860527039,-0.7232283353805542,0.6216816306114197,-0.48112547397613525,1.2132302522659302,-0.06572999060153961,-0.6383584141731262,1.5048179626464844,-0.8500359654426575,1.5828261375427246,0.0736357793211937,1.4576716423034668,-1.71017324924469,-0.022927282378077507,-2.769230604171753,1.2038735151290894,0.7154995203018188,0.13071417808532715,1.9886138439178467,0.40462255477905273,0.7844173312187195,0.1639508157968521,0.3663121461868286,-1.5753625631332397,-0.19654618203639984,1.0225493907928467,0.8525334000587463,0.8865266442298889
-0.27014023065567017,-1.1811988353729248,0.39152389764785767,2.199873685836792,-0.5767357349395752,-1.1876404285430908,0.025491373613476753,0.08905959874391556,1.120851993560791,1.0265934467315674,-1.3390965461730957,0.8422940969467163,-0.7862531542778015,-0.5771673321723938,-0.3110767602920532,0.8430634140968323,0.6693111062049866,-0.07110802084207535,1.723864197731018,0.41088947653770447,0.9659942984580994,-1.6235949993133545,0.8928934335708618,-2.1985080242156982,0.44363704323768616,-0.2230997383594513,0.006539421621710062,-0.977310061454773,-0.5105944275856018,-0.3749602138996124,-0.793265700340271,0.8309692740440369,-0.36389824748039246,0.8859663009643555,0.7326856255531311,-0.0991416871547699,0.6079168915748596,1.1109486818313599,0.3002035617828369,0.003190457820892334,-0.297531396150589,-1.6375364065170288,-1.3355934619903564,0.319670706987381,-0.9425813555717468,-0.7223020792007446,1.924951195716858,1.931947112083435,1.8415347337722778,-1.7202214002609253
-1.0408692359924316,-1.327736735343933,-0.618569016456604,-0.2862328588962555,-1.181962490081787,-0.8735835552215576,-1.0742286443710327,0.45466148853302,-1.2422988414764404,0.11455322802066803,-0.7219468355178833,-0.6003782749176025,-0.26915648579597473,-0.017373427748680115,-0.9952229261398315,0.5501207709312439,2.4715652465820312,0.07646150141954422,-0.8313395977020264,0.20465901494026184,-0.21476098895072937,-0.5641030669212341,-0.2214030921459198,1.2366889715194702,-0.9828048348426819,-1.4685711860656738,-1.2782896757125854,0.5824432969093323,-0.2693164348602295,0.20163080096244812,-1.8851605653762817,-0.9460066556930542,-0.0789787769317627,0.22365780174732208,0.3922574520111084,-1.872423768043518,0.039634671062231064,-0.9289242029190063,-0.6891493201255798,-0.19414068758487701,0.02593529038131237,0.026144592091441154,0.6539009809494019,0.23095184564590454,-0.6887232065200806,1.2585265636444092,-0.7280768752098083,0.7014342546463013,-0.8260073065757751,-0.524290144443512
-0.7675173282623291,1.062509298324585,0.185502290725708,0.22127903997898102,0.27476227283477783,-1.0393879413604736,0.8376724123954773,0.5494788289070129,-0.22173522412776947,1.5056521892547607,-0.6220106482505798,2.0699267387390137,0.5553165674209595,1.7024134397506714,2.181250810623169,-0.9605062007904053,0.30847904086112976,-1.0715761184692383,0.5810451507568359,0.31796783208847046,1.587526798248291,-0.4935401976108551,1.1364432573318481,-0.5650872588157654,0.1929793804883957,-1.482862949371338,0.5363336801528931,-0.278068482875824,-1.3458360433578491,0.8056395053863525,-1.044682264328003,0.3785170316696167,-0.5827183723449707,0.8992967009544373,-0.5664927959442139,-0.6956133246421814,1.0798358917236328,1.6659773588180542,0.4877549707889557,-0.6749980449676514,-0.18953059613704681,0.47416985034942627,0.07178182899951935,-1.3970134258270264,-0.4539080560207367,-1.8092437982559204,-0.43757614493370056,1.2392445802688599,0.3395996391773224,0.482440322637558

Slice 40
-1.1583819389343262,-0.22337283194065094,-0.46453016996383667,0.3642660081386566,-0.8050699234008789,0.4377908706665039,1.056848168373108,1.081222414970398,-0.675500750541687,0.815413773059845,0.8333091735839844,0.9071498513221741,-0.24930210411548615,-0.05164644122123718,-0.23217202723026276,0.3908211588859558,0.6842915415763855,-0.15611213445663452,-0.3904203772544861,-0.069241464138031,-0.3235333561897278,-0.8715701699256897,0.0663619190454483,-0.7625250816345215,0.552929699420929,0.855778157711029,-0.7482253313064575,-0.1831275224685669,-0.019258230924606323,-1.553823471069336,1.2652462720870972,-0.7605677843093872,-0.6711797714233398,-0.25284314155578613,-0.5107122659683228,0.016028380021452904,-1.2973740100860596,-2.0269389152526855,-0.06126125529408455,-0.6660577058792114,-1.8827828168869019,-1.2660901546478271,-1.3578771352767944,0.5799948573112488,0.3113114535808563,-1.0647743940353394,-0.4081539213657379,-0.7704551815986633,-1.0480566024780273,-0.6578871011734009
1.642269492149353,0.905576765537262,-1.4018381834030151,-0.654302179813385,1.7564101219177246,0.5284965634346008,0.6838928461074829,0.7041180729866028,-0.4707956612110138,-0.9358806610107422,0.3565562069416046,-1.3280750513076782,-0.6577751636505127,-0.07450311630964279,1.958962321281433,0.4070424735546112,-0.784389078617096,-0.5784648656845093,-0.010936715640127659,-0.9567161202430725,0.7125586867332458,-0.5012067556381226,-1.5011239051818848,1.0663306713104248,-0.928181529045105,-1.1855268478393555,-0.6688025593757629,-0.9536107778549194,-0.6262806057929993,-0.7943913340568542,-0.3134763240814209,2.4449687004089355,0.6927844882011414,-0.6576874256134033,-0.10359586030244827,-0.3419743776321411,-1.4870535135269165,-1.0059962272644043,2.678351402282715,-0.1584780514240265,1.2525416612625122,0.2444128841161728,-1.2069947719573975,0.8615854978561401,-1.2047219276428223,-0.2204769253730774,-0.4728941023349762,-0.04061927646398544,-0.879152774810791,-1.7840780019760132
0.5704171657562256,0.7053164839744568,-0.6911715269088745,0.26344555616378784,2.053088903427124,-1.4835824966430664,-0.4685544967651367,0.2952924370765686,-0.8788609504699707,-0.6562166213989258,0.2993142902851105,-0.9492508172988892,1.2514196634292603,-0.14195947349071503,0.7629014253616333,-0.5152220129966736,-0.07621494680643082,0.2769481837749481,-0.9291356801986694,0.18572451174259186,0.5387848615646362,-1.3915385007858276,-0.20296365022659302,-0.9571540355682373,-0.987762451171875,-0.8481356501579285,0.7675935626029968,0.1278717964887619,-0.3760453462600708,0.2986406683921814,-0.8328324556350708,1.6409931182861328,1.6031076908111572,0.5499449372291565,0.8325474858283997,-0.35118919610977173,-0.8408759832382202,1.0293389558792114,1.3903642892837524,-0.4610320031642914,0.07132059335708618,-1.4451327323913574,-0.8974820971488953,0.4861769676208496,0.6363651156425476,-0.22681792080402374,-0.5832573175430298,-0.7288183569908142,-0.06115611642599106,-0.6200675368309021
-1.5854343175888062,-1.6857837438583374,-0.7688230276107788,0.936487078666687,0.4768717586994171,-0.1980464607477188,0.29952147603034973,-1.1410045623779297,-0.23975913226604462,-0.11656683683395386,-0.5699895024299622,1.4210468530654907,0.06845586001873016,0.021559549495577812,-0.937403678894043,-0.7120518088340759,-0.3868601620197296,-0.3445642590522766,0.47005754709243774,-0.359698086977005,0.8255777955055237,-0.3285483419895172,1.5896819829940796,-0.9762368202209473,-0.2556250989437103,-1.3780591487884521,-0.24042312800884247,0.4835275709629059,-1.9869012832641602,0.1461210697889328,-1.7840218544006348,-0.5539266467094421,-0.4497339725494385,0.92319256067276,0.6476738452911377,0.8502507209777832,-1.4786592721939087,0.23225753009319305,0.028784191235899925,-0.4088260531425476,-0.9814381003379822,-1.1621309518814087,-1.2784510850906372,1.090904712677002,0.446822851896286,0.8810796141624451,-2.65940523147583,0.201679065823555,-0.3865891098976135,-0.6389334201812744
-0.8791333436965942,0.1263018250465393,1.1279571056365967,0.8039078116416931,-0.27639082074165344,-0.36369678378105164,-0.9551724791526794,-0.898696780204773,0.020647265017032623,0.381649374961853,1.0282917022705078,0.7213281989097595,0.8675020337104797,0.4329777956008911,-1.3181389570236206,1.161860704421997,1.8929396867752075,-0.5050628185272217,-1.1800628900527954,0.3943765163421631,0.8491188883781433,-0.2498169243335724,0.5837352275848389,-1.568278193473816,0.13049021363258362,2.8776118755340576,-0.5693638920783997,0.3903162479400635,1.0388118028640747,-0.8079031109809875,2.0939838886260986,-1.0207463502883911,0.25353381037712097,1.4239434003829956,0.2418552041053772,-0.23292072117328644,0.3534049689769745,-0.95473313331604,0.1516420841217041,-0.42739254236221313,0.12195369601249695,-1.3206974267959595,0.030000487342476845,1.7613298892974854,0.8285214900970459,-0.02221575565636158,-0.6205092668533325,-0.5224387645721436,-0.5155243277549744,0.3802110552787781
-0.5469415187835693,-0.6029114127159119,-0.56874018907547,0.21277324855327606,-0.49583879113197327,-0.16128332912921906,-0.5873388051986694,0.20853303372859955,0.38458195328712463,0.14637447893619537,-0.19412240386009216,0.31576821208000183,0.3108104169368744,-0.6268305778503418,-2.4347355365753174,-1.0118783712387085,0.06691662967205048,-0.29755809903144836,0.30865541100502014,1.5269782543182373,0.09484635293483734,0.15767116844654083,1.5352766513824463,0.09501375257968903,0.046500787138938904,-0.6166370511054993,1.7530808448791504,-0.12086981534957886,-0.7829980254173279,1.327308177947998,-2.0576884746551514,-1.0074350833892822,1.0237534046173096,0.5145703554153442,0.4730130434036255,0.03620704263448715,0.23362207412719727,1.395976185798645,-0.6513503193855286,-0.15154069662094116,-0.32881394028663635,1.2922738790512085,1.254872441291809,0.13430367410182953,0.3475818932056427,0.4361756443977356,-1.6738207340240479,-0.2194097489118576,0.45010778307914734,-0.9242460131645203
0.5406590104103088,1.0186750888824463,0.6060019135475159,-0.304842084646225,-0.07251910865306854,0.6515657901763916,-0.05052301287651062,0.5391049981117249,0.41701823472976685,1.1777530908584595,0.07282381504774094,-0.8284112215042114,-0.26491478085517883,1.071416974067688,-0.3235774040222168,1.2462899684906006,0.21440573036670685,-0.11418875306844711,0.18136398494243622,0.8596707582473755,-0.7038213014602661,0.3141069710254669,-1.008085012435913,0.1994253396987915,-0.13231776654720306,0.34976890683174133,-0.5559442043304443,-0.8349957466125488,0.35572898387908936,-0.41776490211486816,0.6391662955284119,-0.0751936212182045,0.10069311410188675,0.7870016098022461,-1.0033527612686157,-0.014112239703536034,0.036978308111429214,-0.7168865203857422,-0.10014525055885315,-0.6463513374328613,0.3094561696052551,-0.03957674279808998,0.8250013589859009,-1.71601402759552,0.6684165596961975,-0.32864272594451904,-0.6625233888626099,-0.34854239225387573,0.8830029368400574,-0.28101831674575806
-0.3826986253261566,1.5852413177490234,0.5870351791381836,1.2183952331542969,-1.340478777885437,-1.945356011390686,-1.2702856063842773,-0.8548569679260254,0.920153796672821,0.8626871705055237,-0.5280600190162659,-0.5023489594459534,-0.7117172479629517,-0.7177544236183167,-1.268337368965149,1.2160319089889526,-0.4611610472202301,-2.9051051139831543,-1.9750417470932007,-1.199099063873291,-0.6395676732063293,-1.957672357559204,0.9858255982398987,-1.2442600727081299,-2.6819753646850586,0.8540324568748474,-1.1522812843322754,-0.1977575272321701,-0.11522389203310013,-0.19382335245609283,1.706220269203186,-0.01712385006248951,-0.8438535332679749,-0.4099659323692322,-1.1239968538284302,0.1823836863040924,-1.1453028917312622,-0.5282723903656006,0.009536738507449627,-0.5067630410194397,-1.1792993545532227,0.6586148738861084,0.001443582819774747,-0.1582365781068802,0.0527779795229435,-1.2516205310821533,0.7073704600334167,0.5728679895401001,0.9140739440917969,0.27827829122543335
-1.3836277723312378,-0.4185263514518738,-0.8206115365028381,-1.3054708242416382,-0.9359291195869446,-1.1894233226776123,0.39230430126190186,-1.383713722229004,0.3666101098060608,-0.7768470048904419,0.24627795815467834,0.5091951489448547,-1.8452885150909424,0.6660053133964539,-1.4887466430664062,-0.21746575832366943,-1.682132601737976,0.43697836995124817,0.43129289150238037,-0.1631525754928589,0.6319469213485718,0.012519187293946743,-0.3575495779514313,-0.9972275495529175,0.02131010964512825,-1.2110674381256104,0.24726754426956177,-0.6356621384620667,-0.8716681003570557,0.7019845843315125,-1.635208010673523,-1.1555848121643066,0.4008291959762573,1.4359530210494995,0.42014744877815247,0.1286056786775589,0.971173882484436,0.7664121985435486,-1.0010335445404053,1.587393879890442,-1.5982518196105957,0.011997955851256847,1.1290148496627808,-0.6424074769020081,-1.3460580110549927,-0.4150070250034332,-0.053259048610925674,0.7041561007499695,-0.1658242642879486,-0.23600691556930542
0.9488479495048523,0.5929515361785889,1.0706753730773926,0.9575440883636475,-0.36949265003204346,-1.1317100524902344,2.070840835571289,1.2244998216629028,-1.9997233152389526,-2.282275915145874,2.0646750926971436,0.2989376485347748,2.1090259552001953,-1.6035640239715576,0.9797340631484985,-1.6262320280075073,1.285663366317749,-0.11586873978376389,0.5548389554023743,0.5029114484786987,-0.6291269659996033,0.4489516019821167,0.5308523178100586,-0.3275477886199951,-0.9627615809440613,0.2989731431007385,-0.1700657308101654,0.4471549689769745,0.2938188910484314,-0.7456753253936768,-0.21746152639389038,2.3064863681793213,1.3924158811569214,-0.5510582327842712,-1.7621036767959595,0.6381426453590393,-1.0594446659088135,-0.5308545827865601,-1.256210446357727,-0.1575453281402588,1.506925106048584,-0.923592746257782,-1.2504757642745972,-0.38405418395996094,-1.5308644771575928,0.8438652157783508,0.7033869624137878,-0.9975045323371887,-1.5633412599563599,0.7225234508514404

Slice 41
2.186929225921631,0.9894828200340271,-0.281514972448349,0.5433428883552551,-0.13462959229946136,0.5000827312469482,-0.5701726675033569,0.16848663985729218,0.415583074092865,0.07952192425727844,0.985284686088562,-1.1463931798934937,2.0153558254241943,3.654693841934204,0.550507664680481,0.3910820186138153,1.6455450057983398,2.0968053340911865,1.1749712228775024,-1.392053246498108,0.3477977514266968,0.3223033547401428,0.003663760842755437,0.6782776713371277,0.4848552346229553,-0.5913483500480652,0.40643739700317383,-0.11849004030227661,-0.3733392655849457,1.344488501548767,0.4280855357646942,1.151161789894104,1.236164927482605,-0.022512396797537804,-0.07918044179677963,-0.02185477688908577,2.1463356018066406,-0.5588228106498718,-2.239659547805786,0.8958022594451904,0.15040980279445648,-0.5822470188140869,1.2382832765579224,-0.9640057682991028,-1.068397879600525,0.3266117572784424,-0.13975560665130615,-0.5267308354377747,0.05808675289154053,-0.3907708525657654
-0.26049914956092834,-1.7929086685180664,-1.408843755722046,0.5080776214599609,-0.30509665608406067,-0.3496676981449127,0.6381254196166992,-0.8978320360183716,0.4440675675868988,-1.0545637607574463,-0.7232890129089355,-0.3263307213783264,0.2757696509361267,0.03233326971530914,1.291837453842163,0.5713649392127991,-0.9458432197570801,-0.19767388701438904,1.2981520891189575,-0.19774757325649261,-0.28700125217437744,-0.3751927614212036,-1.4906173944473267,-0.6326368451118469,1.0980591773986816,-0.2366032600402832,1.238296627998352,-0.23657558858394623,-1.1705907583236694,-0.643210768699646,1.240107536315918,1.1019176244735718,-0.7491257190704346,-0.7552011013031006,0.15889570116996765,0.22139203548431396,0.32513025403022766,-1.814963936805725,0.5882391333580017,-0.4399022161960602,-0.775314450263977,-0.04289604723453522,-1.814292311668396,-2.3853893280029297,1.595794916152954,-0.5950919389724731,-1.857060194015503,-1.5254513025283813,0.36493542790412903,-0.6346361041069031
0.05985569953918457,-0.4302745461463928,-0.8144997954368591,0.7357966899871826,0.35632914304733276,0.5303378701210022,-0.12287047505378723,-0.9403966665267944,0.22027161717414856,-0.5668668746948242,0.07952208817005157,-0.3392842411994934,-0.9746819138526917,-0.17329025268554688,1.1267536878585815,0.1945255994796753,1.0282697677612305,-0.15331541001796722,1.3827617168426514,-1.1335915327072144,-1.0377700328826904,-0.26235783100128174,1.4476200342178345,0.042104046791791916,0.8505035042762756,0.15611965954303741,0.559514045715332,0.9799656867980957,0.15086553990840912,-0.9266377091407776,0.5096299648284912,-0.18750672042369843,-0.4917609393596649,0.44174590706825256,1.5536401271820068,-0.6107932925224304,0.32987046241760254,0.8425306677818298,0.3844057023525238,-1.7756884098052979,-0.6165609955787659,1.4068090915679932,-0.36000722646713257,1.8487828969955444,0.19219273328781128,-0.6748921871185303,0.870934784412384,-0.4655114710330963,0.359611839056015,-3.070003032684326
-0.14931245148181915,1.2127782106399536,-0.335788756608963,-1.0103737115859985,-0.6080450415611267,-0.6466980576515198,2.4632577896118164,1.0132195949554443,0.46103817224502563,1.4573763608932495,-0.8265119791030884,1.8109737634658813,-0.2392411231994629,-0.49614444375038147,-0.7791120409965515,-1.4115538597106934,-0.2884944975376129,-0.4986427426338196,-0.1566116213798523,-0.7535958290100098,0.17548337578773499,0.4982719421386719,1.2809218168258667,-0.2643834054470062,0.42589545249938965,-1.0985857248306274,-1.230258584022522,-1.459029197692871,-1.2369945049285889,-0.10147277265787125,0.1924894154071808,-1.0357215404510498,0.7018795013427734,-0.7407844662666321,0.0016982770757749677,0.9793203473091125,-0.1984221488237381,-0.08061628043651581,1.0611265897750854,-1.2121899127960205,0.04437214881181717,0.28871119022369385,-1.172263264656067,-0.3720148801803589,-0.25150004029273987,1.2994722127914429,1.042137861251831,-2.103178024291992,-0.17666319012641907,0.6539046168327332
1.1442891359329224,0.4755572974681854,-0.2339300811290741,0.41399461030960083,0.5271443724632263,-0.21131178736686707,-0.7157208323478699,-0.9423425197601318,0.8597701191902161,-1.4733599424362183,-1.5528032779693604,-0.5571359992027283,1.2872095108032227,1.1822260618209839,-0.5219008922576904,-0.6631758809089661,0.3323505222797394,0.529543936252594,0.0003022092569153756,1.9305938482284546,-0.1824207901954651,-0.38752615451812744,1.0471878051757812,-0.613405704498291,-0.10433956980705261,1.9826397895812988,0.5510909557342529,0.27742236852645874,1.895344614982605,-0.33950984477996826,-1.1086169481277466,-0.6697916388511658,1.2370041608810425,-1.5956171751022339,-1.4300925731658936,-0.6523261070251465,0.8910819888114929,0.4000743329524994,-0.24635915458202362,0.028073396533727646,-0.6914167404174805,-1.8248053789138794,-0.327237069606781,0.2978702187538147,0.10975634306669235,-0.6219713687896729,1.1564637422561646,0.6396721601486206,-0.16987323760986328,-0.7254655361175537
1.1457349061965942,1.2854416370391846,0.6743090748786926,-0.020053952932357788,0.05620545893907547,0.10996653139591217,0.9590203166007996,0.9357713460922241,0.25540658831596375,0.2825448513031006,-0.21246187388896942,1.6846160888671875,1.7913002967834473,1.0466594696044922,-0.1286359429359436,-0.5483614802360535,1.7099090814590454,1.3476277589797974,0.3659019470214844,0.11044247448444366,0.6675994396209717,-2.3357346057891846,-0.6462537050247192,-1.3444151878356934,-1.386760950088501,-0.8250228762626648,-1.3543120622634888,0.9486327171325684,0.3324965238571167,-0.018367551267147064,-0.6167011857032776,-2.3241240978240967,-1.2179315090179443,-0.2025386244058609,-0.18780934810638428,-2.1141395568847656,0.9691795110702515,0.3458387851715088,0.5319288372993469,1.73586106300354,1.389603614807129,-1.410551905632019,0.77983558177948,0.29546743631362915,1.4445706605911255,2.0385425090789795,-0.7303258180618286,-0.11986381560564041,-0.535671591758728,-1.513543725013733
0.15502169728279114,-0.8027162551879883,0.10009477287530899,-0.507478654384613,-0.24032865464687347,-0.857550859451294,-0.3721877336502075,-1.2572517395019531,0.8616071343421936,1.13429856300354,0.7936923503875732,-0.3707447946071625,0.46379104256629944,0.4562382400035858,-0.36373573541641235,-0.1444246917963028,-0.001928921090438962,-0.5377016663551331,0.355507493019104,-0.5152080655097961,3.0196499824523926,-0.8556315898895264,-0.43294215202331543,0.08542487025260925,-0.20129269361495972,1.8971800804138184,0.2680014967918396,-0.6280425190925598,0.5172033905982971,-0.5738494396209717,0.5912209153175354,0.08530788868665695,-0.7323415875434875,-0.3177104890346527,0.17622965574264526,1.5144559144973755,-0.0405040979385376,-0.7234136462211609,-0.9402326345443726,0.5781766176223755,1.4179586172103882,0.05868278071284294,-0.47013553977012634,-0.5537667274475098,0.8776254057884216,0.1443311870098114,-0.9426009058952332,0.014912886545062065,-1.0607115030288696,1.59810209274292
0.79640793800354,0.29434099793434143,-0.6447296738624573,1.1020004749298096,0.8693421483039856,1.4158931970596313,0.8042819499969482,1.379059076309204,2.236370325088501,-0.5671194791793823,0.4770868420600891,-0.012705502100288868,-1.7027183771133423,-1.2422412633895874,0.27584922313690186,-0.1711180955171585,-0.7914905548095703,-1.4584832191467285,-0.0034014892298728228,-0.48956432938575745,1.8401302099227905,0.3297334313392639,-0.02251487411558628,0.3284275531768799,0.20923484861850739,0.18637637794017792,0.1562456339597702,-1.1490209102630615,0.7241454720497131,1.356586217880249,0.3159273564815521,2.102639675140381,-1.198256492614746,-0.29730311036109924,-0.5642277598381042,1.0048422813415527,-1.1925448179244995,0.3440385162830353,-0.20707440376281738,-0.053324874490499496,1.9548183679580688,-0.4311698377132416,0.9983981251716614,0.4015892744064331,-2.0470781326293945,1.499125599861145,0.013432659208774567,0.47424745559692383,0.12011434882879257,-1.7358676195144653
-1.2027193307876587,-0.731095016002655,-0.10674616694450378,-0.31384703516960144,-0.1543044149875641,0.4138737916946411,-0.8862106800079346,-1.0789958238601685,-0.9994182586669922,-0.2992337644100189,-1.0488057136535645,0.23374520242214203,0.8681066632270813,0.6241380572319031,1.049730896949768,1.4601329565048218,-0.708882212638855,0.38076546788215637,-0.8851194977760315,-0.011525144800543785,0.45881912112236023,2.0063319206237793,0.12341491132974625,1.8579634428024292,-0.22093915939331055,0.47892504930496216,0.6295943856239319,0.2447129637002945,0.6016257405281067,-2.3439245223999023,-0.14976918697357178,-1.9957424402236938,0.24111738801002502,1.707329511642456,0.7029425501823425,0.4711882770061493,0.6523122191429138,0.25021809339523315,-0.28694742918014526,0.8283427357673645,0.0678078755736351,1.2176475524902344,-0.6025832295417786,-0.19989143311977386,0.8137535452842712,-0.9151341915130615,0.20986846089363098,-1.3125994205474854,-1.6190074682235718,1.5230597257614136
1.0274416208267212,0.8764228820800781,-0.28116747736930847,-0.6371467709541321,1.3921091556549072,-0.3730531632900238,0.04032942280173302,-1.2475244998931885,0.9234716296195984,-0.743659496307373,0.3893939256668091,0.22794316709041595,-1.7460795640945435,-1.4176539182662964,0.49970880150794983,0.15480664372444153,-1.7665530443191528,-1.7135335206985474,-0.5846399664878845,-0.5688595175743103,-0.14446121454238892,0.2924059331417084,0.8301050662994385,1.2843070030212402,1.651160478591919,-0.9240480065345764,0.6957359910011292,-0.5361559391021729,1.1285110712051392,1.7030640840530396,1.754076361656189,0.703294575214386,-2.456299304962158,1.5633851289749146,-1.29953932762146,-0.7861070036888123,-1.4336557388305664,0.005391037091612816,0.4772617220878601,-0.1830105036497116,-0.5102512836456299,0.040778715163469315,-2.021476984024048,1.183144211769104,-0.6760661005973816,-0.04745081812143326,0.6838057041168213,-0.9062078595161438,2.1611745357513428,-0.0425686351954937

Slice 42
0.08021289855241776,0.5968352556228638,-0.14438025653362274,0.17092281579971313,0.014911292120814323,0.2792930603027344,1.3303076028823853,0.43018460273742676,-0.6730698943138123,1.358608365058899,0.26288536190986633,1.6785391569137573,0.32717448472976685,1.4723656177520752,0.17042696475982666,0.8636289238929749,2.063192367553711,1.292168140411377,-0.7424635291099548,-0.4828632175922394,-1.8859498500823975,0.5008243322372437,-1.827226161956787,-1.837073564529419,-0.2602841556072235,1.280686616897583,0.7983064651489258,-0.6049450635910034,0.16481773555278778,-0.017530368641018867,-1.6497910022735596,-1.1753782033920288,-0.5498520135879517,1.9093751907348633,-0.370697557926178,1.3729195594787598,1.2573378086090088,-1.248605728149414,0.007764502894133329,-0.8084658980369568,0.6049337387084961,-0.2901690602302551,1.6447330713272095,-1.2148290872573853,0.7507131099700928,0.6600119471549988,0.39574897289276123,-0.10942433029413223,0.6372805237770081,-0.9795709848403931
-0.23466382920742035,0.725359320640564,-2.4794628620147705,0.18399880826473236,-0.8593513369560242,1.3419923782348633,-0.13271945714950562,0.07241451740264893,0.751049816608429,-0.1040329858660698,-0.5985035300254822,-1.7468496561050415,-0.669555127620697,-0.8778669834136963,0.17824144661426544,-0.9301737546920776,1.4713197946548462,-0.11185115575790405,0.045647792518138885,0.3709295392036438,0.5916087031364441,-0.9831483960151672,1.2461755275726318,0.6464188694953918,0.3098366856575012,-0.8003073334693909,-1.0004709959030151,-0.0715879499912262,0.26806825399398804,0.5512607097625732,-1.3109098672866821,0.5580073595046997,1.5952800512313843,-0.32963746786117554,0.5098780393600464,1.19798743724823,-0.15589994192123413,0.09246281534433365,-0.47947895526885986,1.1106185913085938,0.95348060131073,0.931052029132843,0.7980999946594238,-0.7724421620368958,-0.6030336022377014,1.9179325103759766,0.277433305978775,-0.4944159984588623,1.9793369770050049,0.6906288266181946
-0.9434446096420288,0.6428186297416687,-0.85537189245224,0.4218934178352356,1.163177490234375,-0.2031295746564865,0.8007747530937195,-0.2295471727848053,1.083433985710144,0.07174359261989594,-1.829492449760437,-1.451709508895874,0.09913082420825958,1.474810004234314,-0.25384795665740967,-0.5928808450698853,0.6033741235733032,-0.4548463225364685,-0.748376727104187,-0.9116309285163879,0.134062722325325,0.019201649352908134,0.05589446797966957,-0.6695383191108704,-0.1651391088962555,-0.329425185918808,0.5924080610275269,-0.38375356793403625,-0.31850293278694153,-0.023021133616566658,-1.0757765769958496,1.3857307434082031,2.1568188667297363,2.3138539791107178,0.9030715227127075,0.30003446340560913,0.6740779280662537,0.43061041831970215,-0.04881048575043678,0.4272792935371399,-0.4603188633918762,-0.5479826331138611,1.9824740886688232,1.3597034215927124,-1.909948468208313,0.7970696687698364,-0.21318818628787994,-0.9738980531692505,0.9044005870819092,-1.3552141189575195
1.4041787385940552,0.23546046018600464,-0.8018929958343506,-0.7795708775520325,-0.8186474442481995,1.6391924619674683,-0.8634077310562134,-0.6956905126571655,-0.673576295375824,1.5053342580795288,-1.0201454162597656,-0.09136920422315598,-0.12704266607761383,-0.12185480445623398,1.673410177230835,-0.8999111652374268,-0.6218224763870239,2.232330799102783,-0.6726964116096497,1.696974515914917,0.7062839865684509,-0.5034526586532593,-0.356241375207901,-0.2185773253440857,1.108228325843811,-0.457956463098526,-0.6980904340744019,0.8466888666152954,-0.008755427785217762,-1.5114940404891968,1.0508729219436646,0.7858095765113831,1.1732792854309082,0.6731628775596619,1.0616241693496704,-0.19288495182991028,1.0270856618881226,0.2525499165058136,-0.3630664050579071,-0.12055295705795288,1.1698024272918701,-1.6349372863769531,-0.07362853735685349,0.7066571116447449,0.8442139625549316,-0.2661205232143402,0.09815172851085663,0.3148428797721863,0.6775317192077637,-0.5632346868515015
-0.2483176738023758,-1.7081953287124634,-1.8799285888671875,0.4973280131816864,1.0139366388320923,-1.018836259841919,-0.24495844542980194,-0.22616122663021088,-0.4312322437763214,-1.5208474397659302,-1.027296543121338,-0.08047793805599213,1.7439790964126587,-0.4632737338542938,-1.1213880777359009,0.48635134100914,-1.6578490734100342,-0.8363112211227417,-0.754002571105957,-0.022635143250226974,-0.38810187578201294,-0.033264972269535065,-0.8470337986946106,-0.2996116280555725,-0.34455183148384094,1.1979626417160034,-0.7482956647872925,1.1456552743911743,0.006775194313377142,-0.34302568435668945,-1.399108648300171,0.6378526091575623,-0.49341967701911926,-0.5391501784324646,-0.8711743354797363,-1.5554254055023193,-0.10542048513889313,-1.0248816013336182,1.1204164028167725,0.6713860034942627,-0.37649619579315186,-1.6116889715194702,-0.09440010786056519,0.7986670136451721,0.183181032538414,0.6065841317176819,0.732990026473999,0.6905727982521057,-0.16305525600910187,-0.6621387600898743
0.41031187772750854,-1.5813062191009521,0.486061155796051,0.3815099895000458,0.6294586658477783,0.24193929135799408,-0.7583594918251038,0.9364204406738281,-1.354661226272583,0.3907971680164337,-0.6236863136291504,0.8129633665084839,-0.6978843212127686,0.3612879514694214,-0.06336670368909836,-1.1509145498275757,1.366811990737915,0.24865078926086426,-0.687293291091919,0.9787023663520813,-1.0247032642364502,-0.172914057970047,-1.423351764678955,-0.8986924290657043,-0.21007515490055084,-0.712263822555542,0.06324469298124313,-0.7719025611877441,-2.3240504264831543,-0.17373837530612946,0.03921970725059509,0.3624633252620697,-0.761049211025238,0.5023568272590637,-0.04667368158698082,0.7651825547218323,-0.5415827631950378,-0.006963747553527355,0.19931913912296295,-0.8794318437576294,0.4073684513568878,0.09461002051830292,0.9125575423240662,-0.05383337289094925,0.11529253423213959,-0.5271762609481812,0.6936715245246887,1.4057354927062988,-1.0732958316802979,1.0303776264190674
-1.3071904182434082,0.24145378172397614,-0.2208832949399948,-0.9901818037033081,-0.541256844997406,0.6752697825431824,0.4431324005126953,-0.808722734451294,1.7716429233551025,0.7174056172370911,-0.9397205710411072,-1.3458471298217773,-0.06841844320297241,-0.721189022064209,-1.4203499555587769,0.5545966029167175,0.6009474992752075,-0.46614497900009155,-0.23849527537822723,-1.7150237560272217,1.2025749683380127,-0.01736147329211235,0.2765648663043976,1.9095168113708496,-0.38482391834259033,-0.2290778011083603,-0.2781805396080017,-0.4934069514274597,1.084128975868225,0.08889003843069077,-1.052760124206543,1.365395426750183,-1.1060662269592285,-0.2124028205871582,2.2683069705963135,1.1685940027236938,0.067804716527462,1.5811649560928345,1.9242446422576904,1.8408156633377075,-1.7983201742172241,-0.671490490436554,-1.9469341039657593,-0.3663134276866913,-0.42067691683769226,-1.3954814672470093,-0.5331881046295166,-0.055483222007751465,-0.8577693104743958,0.3066132962703705
0.1331785023212433,0.5761693120002747,-0.1109267994761467,2.0900394916534424,1.7546157836914062,-0.30452367663383484,-0.679686427116394,0.832103431224823,0.11534266173839569,-0.6021161675453186,0.8299899101257324,0.7784668207168579,0.03464866429567337,-0.6260294318199158,0.5182387828826904,-0.24641184508800507,-0.44130054116249084,1.112889289855957,1.3359454870224,-2.1595726013183594,-0.4193268418312073,1.8889589309692383,-0.004796071443706751,0.09814255684614182,0.7556696534156799,-0.32009151577949524,-0.9258254170417786,-0.13323469460010529,0.06399980932474136,1.2056337594985962,-1.1562105417251587,-1.433608055114746,-0.0876096785068512,-1.3442670106887817,0.6642289161682129,-0.4881037473678589,-0.43679898977279663,-0.841375470161438,-0.04313076660037041,-0.5757880806922913,-0.8706325888633728,0.3800985813140869,0.4397556483745575,-0.8567394018173218,1.2072069644927979,-0.5045177340507507,1.4537577629089355,1.5737175941467285,0.21267668902873993,-1.072295904159546
0.49739721417427063,-0.3022595942020416,0.01951054483652115,0.803157389163971,-1.3687291145324707,0.07827094942331314,-1.8828229904174805,0.9441802501678467,1.5659300088882446,-0.43740314245224,-0.5006884932518005,0.741515576839447,0.3715396225452423,-1.1030765771865845,-0.6274716258049011,-1.204737663269043,1.3314520120620728,0.4536469280719757,1.2099729776382446,0.00011034932686015964,-1.044206976890564,0.29166850447654724,-0.2884730398654938,-1.036655068397522,0.600853681564331,-0.47792404890060425,-2.0420033931732178,1.102294921875,-0.3844488561153412,0.5631998777389526,-0.03391134366393089,0.45457929372787476,0.8277223706245422,-0.5082671642303467,2.013535737991333,1.1334468126296997,-1.762642741203308,-0.35485583543777466,0.9194906949996948,-0.6424578428268433,0.23176291584968567,-0.6814203262329102,-0.2540515959262848,0.476435124874115,1.2321770191192627,0.5876872539520264,0.1762431561946869,-0.5701001882553101,0.539732038974762,0.7030841112136841
0.42709097266197205,0.5863955020904541,0.530238687992096,-0.4714485704898834,1.4719796180725098,0.3290223181247711,0.6592594385147095,-0.9345700740814209,-0.6143441796302795,0.49264663457870483,1.0355937480926514,-0.38404756784439087,2.0039141178131104,-1.3528292179107666,-1.5039933919906616,1.6657747030258179,0.6151925921440125,-0.03609044849872589,0.5937395095825195,0.9700782299041748,1.438014268875122,-1.3194996118545532,0.1796703189611435,0.5326669812202454,0.5259063243865967,0.034170038998126984,0.01829967461526394,1.1800545454025269,0.9282308220863342,-1.3474795818328857,0.8953005075454712,0.1754891574382782,0.12796038389205933,0.14188744127750397,-0.4289640486240387,0.05404390022158623,-0.44340676069259644,0.23605194687843323,0.7928640246391296,-0.20902840793132782,0.9066500067710876,0.5847620964050293,-0.7128062844276428,1.3123598098754883,1.4573955535888672,-0.06740152835845947,1.2595351934432983,-0.8299707174301147,0.6962592005729675,-0.4333360195159912

Slice 43
-2.7262425422668457,1.214019775390625,-0.9264235496520996,-0.15091921389102936,-0.37695860862731934,0.27901673316955566,0.7747809886932373,0.46912869811058044,-0.7852890491485596,1.7424870729446411,-0.03799646347761154,0.4054758548736572,-0.37925395369529724,0.3396235406398773,-0.6183837652206421,-1.8492820262908936,0.06895070523023605,0.4539569318294525,-0.1709638386964798,-0.5798861384391785,-1.8582780361175537,0.7248226404190063,0.22124165296554565,0.11467363685369492,-1.0380979776382446,-0.08296667039394379,-0.2699131369590759,-0.3932347297668457,0.3632565438747406,1.6131564378738403,0.029937371611595154,-0.687213122844696,-0.5408003330230713,-2.937575340270996,-0.5301553606987,0.5826826095581055,-1.1817176342010498,-1.3587526082992554,0.360065758228302,0.2282448261976242,0.43060168623924255,-0.8050637245178223,0.34184932708740234,0.6325021386146545,0.5207797884941101,-0.40227392315864563,0.433226615190506,-0.19971038401126862,-0.322273850440979,0.4796288311481476
0.9034852385520935,1.7644699811935425,-0.2872689366340637,0.4234261214733124,-0.6713408827781677,0.17900137603282928,0.3975720703601837,0.1749149113893509,0.6860693097114563,1.2848299741744995,-1.2603765726089478,-0.11719946563243866,-0.5336565375328064,1.397807002067566,0.17753680050373077,1.9999171495437622,1.685065507888794,-0.14347609877586365,-0.8836256265640259,0.2869932949542999,-1.4472135305404663,2.051931381225586,-0.8236100673675537,0.8108172416687012,0.36657947301864624,-0.14347146451473236,-0.3890875279903412,1.4180628061294556,1.80237877368927,1.3216590881347656,0.6427090764045715,-0.5291603207588196,-0.37247028946876526,-0.3314100503921509,-0.3482211232185364,2.0268969535827637,-0.5781608819961548,-0.2747710645198822,-0.6344929933547974,0.8628634214401245,0.42580902576446533,-0.4432036280632019,-0.26476332545280457,-0.5437090396881104,-0.6975627541542053,1.5983140468597412,-0.8817399740219116,0.7960098385810852,-0.3876829445362091,0.01440767478197813
0.047950953245162964,0.6677073836326599,0.3755265772342682,-0.12758003175258636,1.5213271379470825,-0.39170825481414795,-0.44998735189437866,-0.7053957581520081,-0.16759955883026123,1.5618302822113037,-0.051162004470825195,-1.3062095642089844,-2.4123122692108154,0.8362159132957458,-1.7635626792907715,1.1019481420516968,-0.22320972383022308,-1.0378462076187134,1.5672810077667236,-0.6025716662406921,0.710832953453064,1.580621600151062,-1.1083570718765259,0.51692134141922,0.2866950035095215,-1.021031379699707,-1.2020765542984009,0.9801178574562073,1.398477554321289,-0.15941889584064484,-0.3800278306007385,1.2802108526229858,0.2604577839374542,-0.3851320445537567,-1.1619411706924438,0.8095037937164307,-0.512467622756958,-0.4688311219215393,0.9387333989143372,-0.6425767540931702,0.4336605966091156,0.43908077478408813,-0.06049063429236412,-0.20152609050273895,0.04041632264852524,-1.3120942115783691,0.5238891243934631,0.9721140265464783,-0.6308797001838684,0.7994399070739746
0.9169905185699463,2.0915584564208984,0.560276448726654,-0.1890682578086853,-1.1352629661560059,-0.9703895449638367,-0.5325497984886169,-0.10715015977621078,0.5279144048690796,-0.0740475133061409,-0.3704507052898407,-0.1210753470659256,0.10610213130712509,-0.6091276407241821,-1.2274929285049438,0.5247972011566162,-0.582870364189148,1.5565568208694458,0.17888177931308746,0.22221623361110687,0.5665443539619446,0.5032427906990051,-0.5227289199829102,-1.2380824089050293,1.0677026510238647,-1.095335602760315,-0.9981700778007507,-0.882233738899231,-0.313289999961853,1.87075936794281,1.1563152074813843,-0.26358550786972046,1.0679222345352173,-1.2594127655029297,-0.19712775945663452,-0.7069405317306519,0.2749802768230438,0.2896815240383148,-1.330899953842163,-0.9596462845802307,0.014918643981218338,0.10613397508859634,-0.4158346652984619,-0.566466748714447,-1.7427477836608887,0.30759185552597046,-1.3009198904037476,-1.3223856687545776,-0.07920225709676743,-1.1752915382385254
0.4388202428817749,0.6707693934440613,0.1333085000514984,0.3767894506454468,0.04409244656562805,1.0200819969177246,-0.14088530838489532,0.9876517057418823,-0.7745063304901123,-1.0354406833648682,0.8008536696434021,-1.2219314575195312,-1.6642048358917236,-0.8245385885238647,-1.028742790222168,0.5296043157577515,1.0220515727996826,-0.8792334794998169,0.026357529684901237,1.6550359725952148,-0.2306782454252243,-1.7381398677825928,0.10446259379386902,0.1280726045370102,-0.7032708525657654,-0.019797220826148987,-0.7744814157485962,-1.7430822849273682,-0.8525925278663635,-0.14320635795593262,-0.2505202889442444,0.6190938353538513,0.43736356496810913,0.2198510617017746,0.8300357460975647,-1.4047982692718506,-1.3310002088546753,-0.10421496629714966,0.6887230277061462,0.42762210965156555,1.4819279909133911,0.6328808069229126,1.1516436338424683,-0.7997338771820068,-0.9254005551338196,0.34699738025665283,-0.6270444989204407,-0.6597865223884583,-0.5281397700309753,1.2537024021148682
-0.4421064555644989,-1.0186711549758911,0.5783451795578003,-1.551012635231018,0.998798131942749,0.04300323873758316,1.2569365501403809,-2.2002267837524414,-2.1599178314208984,0.3748621940612793,-0.5335965156555176,-0.17572060227394104,0.9567445516586304,-0.001782241277396679,-0.8049259185791016,-0.6377843022346497,0.1764148622751236,1.1650735139846802,0.6935848593711853,-1.0392093658447266,-0.16954347491264343,0.42527666687965393,-1.8581430912017822,0.32030490040779114,0.49209102988243103,-0.6116276979446411,-1.7465251684188843,-0.9809165000915527,0.026685571298003197,0.0024556894786655903,-1.5384942293167114,-0.26541581749916077,0.337194561958313,-0.4766075611114502,-1.4458311796188354,0.166319340467453,-1.5295368432998657,-1.5629782676696777,0.14962869882583618,1.283685326576233,-0.8425680994987488,-0.19940516352653503,-1.2089239358901978,0.39686137437820435,-1.3135861158370972,0.1562221795320511,-0.5283161997795105,0.18661978840827942,-1.056800127029419,-0.00578497676178813
0.9022122621536255,-0.6331446170806885,1.2486428022384644,-1.3942527770996094,-0.6758961081504822,-0.6680597066879272,0.7478503584861755,-0.7892252802848816,-0.38376301527023315,-1.1823772192001343,0.6812791228294373,-1.8211637735366821,-1.9703278541564941,-1.340004563331604,0.752315878868103,0.32119670510292053,1.7980471849441528,0.6393947005271912,0.854792594909668,1.3021479845046997,0.19130468368530273,0.1827080249786377,-1.6246336698532104,0.45136430859565735,0.5925971269607544,-1.821718454360962,-0.8292965292930603,0.7212601900100708,0.9639222025871277,-0.1546718031167984,-0.9037029147148132,0.6755984425544739,0.7082590460777283,0.7171211838722229,0.3419686555862427,1.6401995420455933,-0.5745707154273987,0.5226301550865173,-1.9337818622589111,1.2632509469985962,-0.9734456539154053,-0.5852611064910889,-1.5079214572906494,0.0866163894534111,-1.0829941034317017,-0.23637433350086212,-0.18669314682483673,2.1815662384033203,0.9711766839027405,1.132688283920288
0.6586402058601379,0.59523606300354,0.09064099192619324,-0.568585991859436,-0.42704543471336365,-0.07268941402435303,-2.9100050926208496,-0.8254861831665039,-1.923232078552246,-1.024802803993225,1.3737006187438965,-0.5704998970031738,-0.21485470235347748,0.9024770259857178,0.12724149227142334,0.05541655793786049,0.06334657222032547,1.555708885192871,-0.8904496431350708,0.48440203070640564,1.1434694528579712,-1.0995584726333618,0.9644430875778198,-1.6631479263305664,0.7825542092323303,-0.5754492282867432,1.0805747509002686,0.3884218633174896,1.7360944747924805,2.008042335510254,0.0560220442712307,-1.2095108032226562,1.9139654636383057,0.3573828935623169,1.4583851099014282,1.1650351285934448,-2.9304447174072266,-0.1338232010602951,-0.940949022769928,-2.1355390548706055,-0.945652961730957,2.217782735824585,-0.37441033124923706,0.6914977431297302,-0.036152251064777374,0.06522515416145325,-1.3430076837539673,-0.4381365180015564,0.9029932618141174,-2.348538637161255
0.2151808738708496,-0.09950002282857895,0.23525585234165192,0.6260938048362732,-1.2436573505401611,-0.1376158446073532,0.20713770389556885,0.4432702362537384,1.0574536323547363,-0.7916431427001953,-1.4744882583618164,1.2717742919921875,2.29196834564209,-0.4632996916770935,0.14561231434345245,1.5024853944778442,-1.3245787620544434,1.717052698135376,-0.3221968114376068,-0.9585205316543579,-1.3546855449676514,0.04664595425128937,-0.2069513350725174,-0.8502107858657837,1.7948813438415527,-0.01750398799777031,0.904369592666626,0.16364742815494537,-1.2189674377441406,1.278346300125122,1.9125970602035522,0.8622512817382812,1.5928186178207397,1.4352129697799683,-0.6541212797164917,-0.3170023262500763,1.2801640033721924,-1.7837166786193848,0.8489552736282349,-0.6623218655586243,1.157299280166626,1.8471925258636475,0.41715407371520996,-2.0386428833007812,0.46400728821754456,-0.13232843577861786,-1.733120083808899,-0.7928669452667236,0.7275844812393188,0.26589828729629517
-1.5730371475219727,1.5219261646270752,-0.7686986923217773,-0.14515283703804016,-0.6829839944839478,-0.22717441618442535,1.0443220138549805,-0.048805732280015945,-0.11692848801612854,-1.7806082963943481,-0.26861628890037537,0.7106292843818665,0.8133420944213867,-1.2285555601119995,0.8219212889671326,-0.5521782636642456,0.04376862198114395,0.5665826201438904,0.9696794152259827,-0.02508859895169735,-1.2165107727050781,-0.3793134093284607,0.23782366514205933,-0.5224525928497314,0.28067949414253235,0.24134904146194458,-0.8476482033729553,-0.25551652908325195,-0.30066725611686707,0.019895823672413826,0.5755305290222168,0.943824052810669,-0.23725949227809906,-0.007354637607932091,0.4025532305240631,0.08835136890411377,-0.9840691089630127,-0.21512159705162048,-1.2254464626312256,-0.7598423957824707,1.5316989421844482,-0.37467846274375916,-0.8611453771591187,0.3639416992664337,-0.08889923244714737,-0.8607908487319946,-0.33147841691970825,0.2720795273780823,1.116611123085022,-0.4121326804161072

Slice 44
0.009475831873714924,-1.1220544576644897,0.7208897471427917,-0.6062606573104858,-0.0479472316801548,-0.5498468279838562,-1.5250463485717773,1.4446219205856323,0.14919337630271912,-1.1222184896469116,-0.6005694270133972,0.25298723578453064,-0.75531005859375,-0.0004569207667373121,-0.7945078015327454,1.1704044342041016,-2.0011534690856934,-0.8087950348854065,-1.3238667249679565,-0.9887621998786926,-0.36465272307395935,-0.7598326802253723,-1.2763066291809082,-0.6178088188171387,-1.0830321311950684,-0.8523615598678589,-0.041155584156513214,-0.9859799146652222,-0.21445588767528534,0.3505827784538269,-0.600327730178833,1.1185393333435059,-0.6663037538528442,-0.6434873342514038,0.18231841921806335,-0.13221468031406403,0.5963547229766846,-0.7605613470077515,0.04525681585073471,-0.5461333990097046,0.7355907559394836,-1.0148847103118896,-1.061659574508667,0.5571085214614868,0.5829735994338989,-0.15984484553337097,0.6358272433280945,0.10443951934576035,-0.3287515938282013,-0.11963750422000885
-0.2869518995285034,-0.38219714164733887,-0.4973161220550537,-0.12064237147569656,-0.19748692214488983,-1.33316969871521,-2.9192633628845215,-0.0671764612197876,0.3324253261089325,-1.0129812955856323,0.505735456943512,-0.9093990921974182,0.9838668704032898,-0.39165815711021423,-0.17339029908180237,0.43015676736831665,-0.6127271056175232,-1.21951425075531,-0.33924153447151184,-0.805124044418335,-0.34654438495635986,0.32721030712127686,0.29915764927864075,-0.2261415272951126,-0.44433560967445374,-1.475130558013916,0.4645879566669464,0.40757647156715393,-0.46414685249328613,-0.6308204531669617,-0.3385973870754242,0.7217267751693726,-1.321115493774414,1.1662118434906006,-0.11563141644001007,-0.5040799379348755,-0.35872775316238403,0.30695316195487976,0.655242383480072,0.8635047078132629,0.5222302675247192,-1.5315062999725342,-0.6977222561836243,0.2605668008327484,-0.233170747756958,0.5563774704933167,-0.41078564524650574,0.570431649684906,-0.3157561719417572,0.3439818322658539
-1.0268474817276,-0.00816267542541027,-1.2580504417419434,0.20842742919921875,0.9139211177825928,-0.5596629977226257,-0.12929531931877136,-0.29639819264411926,-2.0758581161499023,0.2635294795036316,0.8529384732246399,-0.9894724488258362,-0.4749903678894043,0.534718930721283,-0.9728829264640808,-0.5189926028251648,0.554112434387207,-0.6220515966415405,0.08627436310052872,0.32463538646698,1.1366959810256958,0.6332399845123291,-0.288959264755249,0.7352424263954163,-0.9530745148658752,0.1194375529885292,-0.8842118978500366,-1.2904587984085083,-0.05319621041417122,-1.0421605110168457,0.23433275520801544,-0.36812451481819153,-0.010091187432408333,0.6261354088783264,0.10379000008106232,0.8950144648551941,0.8481768369674683,0.7950316071510315,-0.5492705702781677,-0.2357976734638214,0.1352742314338684,-0.5839555859565735,0.18007348477840424,-0.23683549463748932,0.5386214852333069,1.65993070602417,-0.628345787525177,-0.46152955293655396,0.14095936715602875,-0.966357946395874
-0.29003095626831055,0.1384294331073761,0.7243678569793701,1.2869247198104858,0.8998050093650818,1.80305016040802,1.1119203567504883,0.8143512606620789,0.14514386653900146,1.0990463495254517,-0.02693050727248192,2.0914039611816406,0.8111668825149536,0.5852682590484619,0.4894980490207672,1.1115158796310425,-0.6221492290496826,0.17733165621757507,1.242308259010315,1.1668888330459595,-1.023305058479309,0.5466402769088745,1.7669185400009155,0.6884818077087402,0.1569143682718277,0.4982071816921234,1.5233982801437378,-0.9715786576271057,-0.6844003200531006,2.0376298427581787,0.8227689266204834,0.8603666424751282,0.43636980652809143,1.4675967693328857,-0.5639725923538208,-0.2817745804786682,0.0029424785170704126,-0.5981712341308594,0.6627675890922546,1.0933153629302979,0.35034844279289246,-0.36337196826934814,0.413676381111145,0.8776149153709412,0.4345587491989136,0.2902798652648926,-0.033637210726737976,0.899726390838623,1.4646114110946655,1.9527508020401
0.6507515907287598,1.056358814239502,-0.8795263171195984,-0.8186975121498108,0.7130511403083801,0.414060115814209,0.9750926494598389,-1.3719394207000732,0.1883360892534256,-0.7531406879425049,-0.9537026286125183,0.027432184666395187,1.032179594039917,-1.5777301788330078,1.034916639328003,-0.10472271591424942,-0.14362682402133942,-0.2011820524930954,-1.498155117034912,-0.9686927199363708,1.8858373165130615,-0.43589678406715393,0.7461318969726562,-1.5390498638153076,-0.5125095844268799,-0.8477742671966553,-0.23040924966335297,-0.15176139771938324,0.0673053115606308,-0.40745651721954346,0.5830258727073669,-0.7087630033493042,0.0878092423081398,-0.4058859944343567,0.8591724634170532,-0.715096652507782,-1.8423696756362915,-1.1182509660720825,-0.11018430441617966,0.3191521465778351,0.01056461688131094,-0.23900656402111053,-1.4140230417251587,-0.8374328017234802,0.19453613460063934,-1.6920864582061768,-1.1209404468536377,-0.9826048016548157,-0.7974629402160645,-0.4656306207180023
-0.048085298389196396,-1.6389389038085938,0.4263785779476166,-1.3082195520401,-0.05980883911252022,-1.1031407117843628,-0.43019384145736694,0.09278297424316406,0.4911664128303528,0.5083343386650085,1.2093486785888672,0.19439898431301117,1.2073519229888916,-0.17700761556625366,1.2238891124725342,-1.11488938331604,1.3774951696395874,-0.3102641999721527,0.5246392488479614,0.48345354199409485,0.49531427025794983,-2.4023587703704834,1.8187544345855713,0.07528534531593323,0.3843421936035156,-0.8186630606651306,0.3885335922241211,0.34099701046943665,-2.0005998611450195,-1.1062042713165283,1.862062692642212,-0.57743239402771,-2.465681552886963,1.7600163221359253,0.03729116544127464,-0.7350079417228699,0.551738977432251,-1.0300366878509521,1.7350022792816162,-0.10905928164720535,-0.8942614793777466,1.0710734128952026,-0.6203727722167969,1.7568806409835815,-1.2933903932571411,0.012687372043728828,-0.09033473581075668,-0.10445649176836014,-0.7836830615997314,-0.288051038980484
1.7395073175430298,-0.7866275906562805,0.2719016969203949,-0.5147229433059692,-0.7561621069908142,0.29093360900878906,-0.16494041681289673,0.9794853925704956,-0.074989452958107,-0.21404242515563965,0.17344622313976288,0.13903380930423737,1.3206661939620972,-0.8903335332870483,-0.512331485748291,-0.0006481966120190918,1.606067180633545,-0.4881913959980011,0.11724853515625,-0.19928359985351562,-0.26088371872901917,-0.2770378291606903,0.37737077474594116,-0.28883883357048035,-0.4205705523490906,0.686642050743103,0.43775853514671326,-0.6915804147720337,0.5859380960464478,0.27662405371665955,0.06612686812877655,0.1753007024526596,0.25664880871772766,0.2729171812534332,0.7021211981773376,0.8434439897537231,0.21159879863262177,-1.1002790927886963,0.23290561139583588,0.5730068683624268,-0.3992750644683838,0.42464491724967957,1.2164149284362793,0.537678062915802,-0.9779766201972961,-0.08678894490003586,1.1835954189300537,0.8168764114379883,-0.7044501304626465,0.4832092821598053
0.7967347502708435,0.22898736596107483,0.1361851543188095,-0.7106366753578186,-0.12342480570077896,-0.9919330477714539,-0.8191648125648499,-0.05614764615893364,0.8885265588760376,1.3012162446975708,1.49000084400177,-0.3127442002296448,0.1391800343990326,-0.15395422279834747,-0.5802983045578003,0.5861360430717468,0.30570513010025024,-1.949957251548767,-0.9312203526496887,0.2058563083410263,-0.49979260563850403,-1.5147489309310913,-0.12389355897903442,0.33792203664779663,-1.6794116497039795,0.6210759282112122,-0.42656251788139343,1.734737753868103,-0.6160129308700562,-0.780830979347229,-2.0638511180877686,-0.18413104116916656,-1.5098973512649536,-1.0795490741729736,-1.4589086771011353,-0.5657429099082947,0.739207923412323,0.6923410892486572,1.047250747680664,-1.8341140747070312,0.7224608063697815,-0.32414621114730835,-0.7968365550041199,0.5487930178642273,1.0830271244049072,-0.16731838881969452,0.4864045977592468,-1.0893349647521973,-2.0935611724853516,-1.8587656021118164
0.806329607963562,0.7170298099517822,0.007713268510997295,0.09874816983938217,0.7407823204994202,-0.05481710284948349,-0.17230109870433807,0.7518185377120972,-0.6284342408180237,-1.4462028741836548,-0.6404778957366943,-0.028797870501875877,0.5051566362380981,1.6287848949432373,-0.11114295572042465,0.9460784792900085,1.058671236038208,1.7087287902832031,0.39593005180358887,-1.223343849182129,0.5550194978713989,-1.3527957201004028,0.5473913550376892,-0.6180292963981628,0.8216498494148254,0.23942410945892334,-0.8686923980712891,-0.45746350288391113,-1.3342257738113403,1.139554500579834,0.8916202187538147,0.7991719245910645,-1.394701361656189,0.22575592994689941,-1.5683841705322266,0.6310611367225647,-0.15198558568954468,-0.52858567237854,-0.25000089406967163,-0.47158217430114746,0.42902448773384094,1.1858869791030884,0.389311820268631,0.9497299194335938,0.9093290567398071,-0.8588137626647949,0.20588557422161102,0.6067199110984802,0.2319517433643341,-0.6549397706985474
-1.1510236263275146,-0.5607820153236389,-0.9513556957244873,-1.0679389238357544,-2.024960994720459,-0.4105667471885681,0.3931412994861603,-1.6267650127410889,-0.5779972672462463,-0.10321614146232605,-0.49174490571022034,-0.20354485511779785,-0.6860071420669556,-0.9170362949371338,-0.914406955242157,-1.06378173828125,-0.24168014526367188,-0.6012333631515503,-1.0814526081085205,-0.20620977878570557,1.3657326698303223,1.3605382442474365,-1.3827083110809326,-0.5213237404823303,-0.2170591801404953,-0.4458024203777313,-1.6193275451660156,-0.516130268573761,0.30889880657196045,-1.420207142829895,-0.28970086574554443,0.762712299823761,0.08434854447841644,-1.5785155296325684,-0.12832216918468475,0.4101303517818451,-0.44428542256355286,-0.24094301462173462,-1.4010159969329834,0.009008403867483139,-1.027350902557373,-0.1257203221321106,-0.157429039478302,-0.2995924949645996,-0.22350308299064636,-0.21735596656799316,-1.2760978937149048,-1.908609390258789,0.8379505276679993,-0.8434387445449829

Slice 45
-0.791952908039093,1.0008647441864014,-1.2364006042480469,0.5281000733375549,-1.0387790203094482,-0.19869157671928406,0.6206595301628113,-0.3424419164657593,-0.019261164590716362,-0.5783079862594604,0.5975978374481201,0.9624276161193848,-0.9820842146873474,1.1111524105072021,1.8293728828430176,0.22864268720149994,-0.3933885395526886,0.20796559751033783,-0.07778086513280869,0.7795690894126892,1.0235018730163574,0.7885423898696899,0.69195955991745,1.6503008604049683,-0.06858896464109421,-0.2008226215839386,0.9944469332695007,0.613714337348938,0.039777711033821106,0.9347894787788391,0.2645033299922943,-0.12842819094657898,0.12307615578174591,1.8477449417114258,0.4821587800979614,-0.3692622780799866,-0.12133535742759705,-0.21628309786319733,-0.06474236398935318,0.18309850990772247,0.3670070171356201,0.9163135290145874,0.7624969482421875,-0.9119145274162292,-0.0024989633820950985,-1.7960939407348633,-1.05081045627594,0.6796814799308777,1.025428295135498,-1.3763624429702759
-0.42624372243881226,-0.1091146469116211,-0.8403323292732239,-0.9592380523681641,1.209583044052124,0.05954958125948906,0.06416000425815582,2.2405104637145996,0.02858850732445717,0.7105759978294373,-1.0580246448516846,-0.7209477424621582,0.3648284673690796,0.8003318905830383,-1.0427591800689697,-0.12906396389007568,0.07409530133008957,0.2738518714904785,-1.224539041519165,0.9716328382492065,1.0693942308425903,-1.0014625787734985,-0.5830337405204773,0.41703304648399353,-1.1292041540145874,0.8070955872535706,1.7844144105911255,-0.1983514428138733,-1.2486133575439453,0.4815836250782013,-0.37168559432029724,-0.6030874252319336,0.601052463054657,0.6026705503463745,-1.6895533800125122,1.4743374586105347,0.9537462592124939,-0.5675181746482849,-0.22965015470981598,0.7825295925140381,0.4530588686466217,-0.887008786201477,1.3933123350143433,0.5474445223808289,-0.3491646647453308,0.05353924632072449,1.7313183546066284,-0.6351571083068848,-0.054622337222099304,0.549375057220459
-0.8601565361022949,2.152467727661133,-0.4589572250843048,0.30135539174079895,-0.8867829442024231,0.27373355627059937,0.22980065643787384,1.124754786491394,-1.2912771701812744,0.1612316370010376,-0.06672820448875427,1.215255856513977,1.3502310514450073,-0.3101109564304352,-0.5779100656509399,-1.0051281452178955,-0.12837465107440948,-0.7164990901947021,-0.9185431003570557,0.8064343929290771,0.9686467051506042,-1.0142207145690918,0.24179872870445251,-0.11204621195793152,1.2435566186904907,-1.0796239376068115,-0.3644193708896637,-0.930855929851532,-0.015271889045834541,-0.41595911979675293,-0.7817583084106445,-0.013733858242630959,-0.7267990708351135,0.6720902919769287,-0.9424681067466736,0.9886211156845093,-0.5764398574829102,-0.20449844002723694,-0.20145024359226227,0.6709997057914734,-0.7947388887405396,-0.8859971165657043,-1.0882751941680908,0.04025524854660034,0.27441638708114624,-0.7533208131790161,-1.0625351667404175,0.673870861530304,1.0153987407684326,-1.2498441934585571
-0.7071025371551514,0.11598923802375793,-0.2949058413505554,0.18359041213989258,-0.8193355798721313,-0.5878991484642029,0.25154218077659607,0.06892833858728409,-1.5648539066314697,1.653442144393921,0.7155705094337463,0.33294516801834106,-0.6558497548103333,-1.5728157758712769,0.25549405813217163,1.148587703704834,-0.9653913378715515,-0.09738804399967194,-0.0584847666323185,-0.6762130260467529,-0.49148669838905334,-0.016688531264662743,-1.0399986505508423,0.43843188881874084,-0.3786621391773224,-0.873684287071228,1.7543407678604126,0.3148597776889801,0.04628640413284302,-0.7164279222488403,0.22938954830169678,1.3325897455215454,1.589516282081604,-0.2266462743282318,0.590095579624176,0.24410036206245422,-0.5033567547798157,0.89371657371521,0.8401803374290466,0.7193804979324341,1.0672184228897095,0.5484296679496765,1.193872332572937,-0.734915554523468,-1.466554045677185,-0.4037361145019531,0.2572440207004547,-1.1171410083770752,-0.29227638244628906,-0.20229853689670563
-1.6474149227142334,0.015195006504654884,0.5625251531600952,-1.5192930698394775,-0.08881624788045883,-1.8606756925582886,-1.8251677751541138,-0.14796558022499084,-1.2352813482284546,0.8474248647689819,0.0828118547797203,0.18243467807769775,-0.4151988625526428,-0.3785063326358795,0.22985197603702545,0.8395822644233704,-2.0951907634735107,-0.6423650979995728,-1.0322450399398804,1.5190685987472534,-0.16300980746746063,-0.4825360178947449,-0.7348169088363647,-0.06375274062156677,-0.9361200928688049,-0.7410911321640015,-0.3565121591091156,-0.6648789048194885,-0.21147894859313965,-1.286569595336914,0.8108627796173096,-0.5524502992630005,1.205499291419983,-0.5793067216873169,-1.398125171661377,-0.6644542217254639,-0.8354160189628601,-0.7621421217918396,1.1207939386367798,0.6542997360229492,0.036718178540468216,0.22043339908123016,0.04244992509484291,-0.14863881468772888,-0.5723831653594971,-0.9583876132965088,0.2564937174320221,-1.0248544216156006,0.1376877725124359,-0.14248207211494446
1.2456456422805786,-0.6250259280204773,-0.7931799292564392,-0.05611172318458557,-0.1765572875738144,0.891782283782959,-1.2453804016113281,-1.2017854452133179,0.2019065022468567,1.3939110040664673,1.109330415725708,-1.0356850624084473,-0.892383873462677,-0.14556026458740234,-0.15939152240753174,-1.4483120441436768,1.3758348226547241,0.46239224076271057,0.3596023619174957,0.063739113509655,1.668708324432373,0.6747379899024963,0.4271792769432068,1.4909462928771973,0.6314190030097961,-1.6841760873794556,-1.0289545059204102,-0.5202957391738892,-1.5685259103775024,1.156564474105835,1.4785914421081543,-0.5918434262275696,0.7917234301567078,-1.003344178199768,0.9845036864280701,-0.7551022171974182,-0.01692187786102295,-0.05369918420910835,0.46637585759162903,0.7982827425003052,0.4547615945339203,0.38488855957984924,-1.0057590007781982,0.25274819135665894,-1.1584726572036743,0.5240039229393005,0.4766487777233124,0.212077796459198,-1.0192455053329468,1.3178508281707764
-0.026118876412510872,-0.2639633119106293,1.1161887645721436,-1.1101564168930054,-0.1496310532093048,-0.5267024040222168,-0.35660526156425476,-0.2291250377893448,0.24518375098705292,-0.6389340758323669,-1.0651614665985107,0.1577034592628479,0.750700831413269,-0.6054604649543762,1.6096925735473633,-1.1109628677368164,-0.6445122957229614,0.5807347893714905,0.019299495965242386,0.09596406668424606,0.6064469814300537,-1.7985838651657104,-0.7690086960792542,-0.12461765110492706,1.2015784978866577,1.3764876127243042,0.6917087435722351,-1.308005452156067,0.12430962175130844,0.3394027352333069,-0.5440959930419922,-0.5100559592247009,-1.1773951053619385,-0.6141611933708191,1.0894142389297485,-0.29998335242271423,-0.35404667258262634,-1.878584623336792,1.2363545894622803,0.22487695515155792,1.3152204751968384,-1.246423363685608,-0.7417991161346436,-0.2604522109031677,0.3319198787212372,-1.2210274934768677,-1.143088936805725,-0.4690612852573395,-0.36174827814102173,-0.2603116035461426
-0.2860366404056549,-0.5752759575843811,1.387940526008606,0.9214672446250916,-0.11156248301267624,0.8461472988128662,0.6771968603134155,-1.540931224822998,-0.7073664665222168,1.7080987691879272,-0.11748888343572617,-0.9736270904541016,-0.29148387908935547,-1.3538874387741089,-1.117246150970459,1.9672900438308716,0.5402700304985046,-0.06252207607030869,-0.8820457458496094,-0.10397865623235703,-1.05294668674469,0.11185135692358017,-1.4199775457382202,-0.8894152641296387,-0.43586111068725586,-0.9616430401802063,0.22758637368679047,1.0348016023635864,0.9913384318351746,-1.0282365083694458,-2.3918399810791016,1.5640296936035156,2.2075393199920654,-0.1893751323223114,-0.004673874471336603,0.4955900311470032,1.446474552154541,0.6064117550849915,1.5168596506118774,1.581406593322754,-0.22538568079471588,-0.12104343622922897,-0.5531430840492249,1.3317625522613525,-1.1685441732406616,-0.34356340765953064,1.4235734939575195,-0.29985374212265015,-2.1781959533691406,1.611809492111206
0.5606442093849182,0.2556990683078766,-1.0756393671035767,-0.32259654998779297,1.4020957946777344,0.046581681817770004,-0.7715209126472473,-0.257196843624115,1.218563199043274,-1.4645131826400757,-1.2656292915344238,-0.28697696328163147,-0.17540325224399567,0.87679123878479,-0.05570082366466522,-0.8539727926254272,-0.43492645025253296,0.12760469317436218,0.7186669707298279,0.03188372030854225,0.08604653924703598,-0.44875165820121765,0.9768214225769043,0.19097398221492767,0.26334720849990845,1.9132182598114014,2.592200994491577,-1.6394051313400269,-0.41172516345977783,0.5657438039779663,-0.1830209493637085,-1.1363699436187744,-1.330047369003296,0.16736356914043427,1.1896069049835205,-0.8932561278343201,-0.6993821859359741,-0.5939221382141113,0.06710806488990784,0.1995861977338791,-0.8444742560386658,-0.5441857576370239,0.12634864449501038,-0.8155736327171326,1.4840482473373413,0.045856036245822906,-0.9753663539886475,-0.11037783324718475,0.3326447308063507,-1.3023123741149902
-0.35127171874046326,0.0683714970946312,1.126680850982666,-1.012820839881897,0.7597358822822571,-0.3434157371520996,-1.1392136812210083,-0.07966554164886475,0.6469525098800659,-0.19189390540122986,-2.435716152191162,-0.5353313088417053,-1.019675850868225,0.20579566061496735,0.1185998022556305,0.10740430653095245,-1.3361835479736328,-0.08082064241170883,-0.6970608830451965,0.9550480246543884,0.0023835666943341494,-1.7878397703170776,-0.7048149108886719,0.5909699201583862,-1.9206734895706177,-1.1978293657302856,2.312023401260376,-1.832585334777832,0.497043251991272,0.5299580097198486,0.04769308492541313,-0.7030206918716431,0.4860759973526001,-0.0497809536755085,-0.2044357806444168,0.35968881845474243,-0.5754977464675903,-0.35486334562301636,-0.5336301326751709,1.0292584896087646,-1.7722924947738647,-2.0983874797821045,-0.8572536110877991,0.3709139823913574,-1.2251802682876587,-0.1038837656378746,0.7982079982757568,0.18781863152980804,0.584661602973938,-0.6083046197891235

Slice 46
0.2847093343734741,0.320463627576828,1.073767900466919,1.2204545736312866,1.5688591003417969,0.37595027685165405,0.08869563788175583,0.8394246697425842,1.3356436491012573,-0.48109760880470276,-1.1704977750778198,-0.17849047482013702,-0.9637153148651123,0.3536003828048706,-0.37583279609680176,1.1652077436447144,0.11958948522806168,0.9689357280731201,-0.11172464489936829,-0.08470644801855087,-1.0066249370574951,2.3532214164733887,-1.0456095933914185,0.03661127761006355,-0.2746158838272095,0.7484488487243652,-0.8202123045921326,-0.27725717425346375,0.005107384640723467,0.9563157558441162,-0.4864479899406433,0.23507288098335266,-0.9429843425750732,0.10114988684654236,-0.43840745091438293,-0.4611454904079437,0.795352578163147,-0.4801860749721527,0.7134436964988708,-0.016232170164585114,-0.9018328189849854,-1.2390868663787842,-0.19176018238067627,0.2365310788154602,0.8133957386016846,-0.12047959119081497,0.22364506125450134,0.5886222124099731,0.012586921453475952,-0.9089582562446594
1.3915836811065674,0.4056835174560547,-0.5779904127120972,-0.3458603620529175,1.4793950319290161,-0.4436940848827362,0.6918023228645325,1.1054136753082275,0.2827589511871338,0.745903730392456,-0.9872853755950928,0.497338205575943,0.09238814562559128,1.5277812480926514,-0.3280574083328247,-1.537415623664856,0.09914980828762054,-0.8414165377616882,-0.6479448676109314,0.7987006902694702,1.4185354709625244,-1.8656176328659058,-0.9150804877281189,-1.0712629556655884,-0.8042784929275513,-1.0164177417755127,-0.5220319032669067,-1.3348664045333862,-1.036643147468567,0.727767288684845,-0.22141067683696747,0.21377412974834442,0.8281511664390564,-0.4579137861728668,0.8095300197601318,-1.0705736875534058,-0.461993932723999,-1.2173923254013062,-0.254853218793869,-1.3996373414993286,0.880929172039032,-0.5113310217857361,0.8333686590194702,-1.1802846193313599,0.7680126428604126,1.709416151046753,-0.3335000276565552,-0.8370499610900879,-0.36627113819122314,1.6040542125701904
0.08573324233293533,-0.8979166150093079,0.5819814801216125,0.19433975219726562,0.26211056113243103,-1.0641907453536987,-1.4380898475646973,0.29564300179481506,0.43169131875038147,-0.5974417924880981,0.42284902930259705,-0.6725711822509766,-0.15946976840496063,-0.010220469906926155,0.43373653292655945,-0.19079093635082245,-1.8721482753753662,0.6907763481140137,0.2845917046070099,-0.16224569082260132,-1.267224669456482,-0.21608546376228333,-0.08448426425457001,0.8560477495193481,1.1436426639556885,1.8799272775650024,0.5714287161827087,-0.5933159589767456,0.4922671318054199,-2.3722105026245117,-0.7244227528572083,0.5068280100822449,-0.4615328311920166,-1.6541138887405396,-1.201285719871521,-0.22103610634803772,0.9651166796684265,-1.3943045139312744,0.9019703269004822,1.5547064542770386,-1.2398710250854492,-0.28381597995758057,-0.7242118120193481,0.6703444719314575,1.2489359378814697,0.16403046250343323,0.5338528752326965,-1.2572563886642456,-1.133528232574463,-0.4415169954299927
0.18599995970726013,0.05836153030395508,0.7081779837608337,1.127819538116455,-0.44260331988334656,-0.4516850709915161,-0.4840535819530487,0.5054398775100708,-1.7734863758087158,0.18265657126903534,0.2708562910556793,0.14642661809921265,0.9322672486305237,0.2776501774787903,0.3595428466796875,-0.19887320697307587,-1.2499268054962158,0.08271671831607819,0.3226742446422577,1.82163405418396,-0.8835018277168274,0.22140519320964813,0.9677132964134216,0.6723737716674805,-0.795315682888031,-0.3509850800037384,-0.6060184240341187,-0.184841126203537,0.2994042634963989,-1.2742950916290283,0.14879587292671204,0.8498647212982178,-0.02168593741953373,-0.22267572581768036,0.0729549378156662,0.559954822063446,-0.8695067167282104,1.1046600341796875,-0.4042804539203644,0.5118101835250854,-0.516649067401886,-0.12485013902187347,0.6437456607818604,0.700030505657196,0.9100208878517151,0.6507237553596497,0.3747395873069763,0.7635202407836914,0.6287562847137451,-0.5459808111190796
0.50128173828125,-0.38193053007125854,2.048011064529419,-0.04315399378538132,0.23195143043994904,0.33881354331970215,-1.4221572875976562,0.10328103601932526,-1.8896712064743042,-0.7983025312423706,-1.1928662061691284,-0.4029709994792938,0.07727637141942978,-0.5673128366470337,0.45066210627555847,0.719419002532959,0.6204631924629211,-0.21389208734035492,-0.6085264086723328,-0.07078272104263306,0.34658706188201904,2.2881219387054443,0.7147070169448853,0.04777982458472252,0.42533940076828003,-1.0247541666030884,-0.9343380331993103,-0.9280951023101807,1.75461745262146,-0.013856076635420322,-0.8443899154663086,-0.5153116583824158,0.8711795210838318,-1.371759057044983,-0.03761507570743561,-0.9354361295700073,-1.616280198097229,-0.12153150141239166,1.1582627296447754,-1.3899532556533813,-1.0121618509292603,-0.7614650130271912,1.0354641675949097,-0.7653627991676331,0.8490388989448547,0.1289214938879013,-0.20900462567806244,0.7172414064407349,-0.4260605275630951,-1.236968755722046
0.2431357204914093,1.2530875205993652,0.4158480763435364,-0.022861788049340248,0.6425897479057312,-1.3172920942306519,1.7490806579589844,0.5835439562797546,2.203259229660034,1.1150065660476685,-0.7079265713691711,1.326536774635315,0.6722000241279602,-0.5880922675132751,-0.25878453254699707,0.7309486269950867,-0.2659509479999542,-1.095708966255188,-0.9716489911079407,-1.4100418090820312,-0.28891804814338684,-1.1090689897537231,-0.12386047095060349,-0.4387771487236023,-0.3133423328399658,-0.766593337059021,0.46508684754371643,-0.7620366215705872,0.24885497987270355,0.7206748723983765,-1.1159534454345703,-0.802272617816925,0.17928098142147064,1.7598191499710083,-0.9227312803268433,0.9494731426239014,-0.7462330460548401,0.4534987509250641,-1.0501313209533691,-0.24434801936149597,-0.3654967248439789,-0.5028746128082275,-0.27192434668540955,-0.31030479073524475,1.1911778450012207,-1.1292656660079956,-0.40720564126968384,1.8845981359481812,0.26401570439338684,0.41425466537475586
0.2092774212360382,-0.9843977689743042,-0.2387780249118805,0.3148888647556305,-1.0171430110931396,-0.5671489834785461,0.8010861873626709,-1.3235101699829102,1.4257698059082031,0.21077461540699005,-1.2470927238464355,-1.568811297416687,-1.3818061351776123,-1.1118614673614502,0.8761107921600342,-0.2660815417766571,-1.1132073402404785,0.3602275848388672,-0.6999912261962891,-0.1409740149974823,-0.8011496663093567,-0.3944941461086273,0.4135974645614624,0.23531125485897064,-0.46114683151245117,-0.5596228837966919,1.141655683517456,1.7704236507415771,-0.10997697710990906,0.060077205300331116,2.3989932537078857,-0.97071772813797,-1.86191987991333,-0.05478372797369957,-0.16288849711418152,1.1489909887313843,0.4816868007183075,0.20656518638134003,-1.7971786260604858,0.006236400920897722,-0.8380046486854553,-0.736309289932251,-1.714975118637085,-0.484784871339798,-1.458385944366455,-0.28808850049972534,-0.2719121277332306,-0.6365413665771484,1.094448447227478,1.2355893850326538
-0.4675714671611786,-0.6800456643104553,1.4225811958312988,-0.5182088017463684,-0.6901861429214478,0.47034505009651184,-0.2722714841365814,-0.16767051815986633,1.6835763454437256,-1.0933539867401123,0.2358420193195343,-1.6298929452896118,-2.1978774070739746,0.2687394618988037,-1.0881330966949463,-0.6329036951065063,-0.09122603386640549,-0.25529152154922485,0.09029395133256912,1.0336683988571167,-0.5384647250175476,0.82242751121521,0.5776588916778564,2.0102686882019043,1.09333074092865,0.4796363413333893,1.0730268955230713,-0.04995700344443321,-0.2625112235546112,-0.0938735380768776,-0.8987681865692139,0.9325749278068542,-0.8008490204811096,-0.6298115253448486,-0.03609311953186989,-0.9828455448150635,-0.7653010487556458,-0.783105731010437,-0.4135618805885315,0.5135655403137207,-0.679612934589386,-0.19360877573490143,-0.5302330851554871,0.8499626517295837,-0.27638471126556396,0.9205471277236938,0.7412928938865662,-0.15352065861225128,-1.446885108947754,-0.8429810404777527
0.6238739490509033,0.9678651094436646,0.5136517286300659,-0.34284189343452454,0.8197761178016663,0.7203874588012695,1.276318073272705,0.8983101844787598,-0.796316921710968,2.006059169769287,0.3860660195350647,1.0999226570129395,0.5676283240318298,0.3954659104347229,0.4162755310535431,-2.1917779445648193,1.3400553464889526,-1.054770827293396,0.9550470113754272,-0.2571297883987427,0.4123663306236267,-1.058850646018982,1.7801852226257324,-1.006803274154663,-1.4199098348617554,-0.13910190761089325,-0.24498438835144043,-1.139648199081421,1.1708024740219116,1.5072847604751587,-0.5636414885520935,-0.49718356132507324,-0.9438973665237427,0.29447928071022034,-1.3338770866394043,-0.013561897911131382,-1.8641103506088257,0.28229495882987976,-1.6644214391708374,-1.4645072221755981,-1.4401392936706543,1.368927001953125,-0.021486150100827217,1.005007266998291,1.0605227947235107,-0.6049327850341797,1.7329435348510742,-1.7238372564315796,0.20686785876750946,0.06560942530632019
0.17729239165782928,-0.26699554920196533,-0.5215277075767517,-0.038362711668014526,1.1012673377990723,-0.2542366683483124,-0.3134797513484955,1.0377322435379028,0.36273205280303955,-0.38872194290161133,-1.0574681758880615,0.02174447290599346,0.6857603788375854,1.446330189704895,1.5029302835464478,-0.9651620984077454,0.7994516491889954,0.5051871538162231,-0.09759070724248886,0.2574741542339325,-1.1374117136001587,-0.2948921322822571,-1.457617998123169,-1.204316258430481,-1.3069138526916504,0.9196347594261169,-1.3271323442459106,-1.7620972394943237,-0.6405917406082153,1.4285579919815063,-1.2553781270980835,1.1512839794158936,0.6737861633300781,-1.4748921394348145,-1.5776923894882202,0.1612035632133484,0.7515330910682678,-1.419677972793579,1.7255277633666992,0.07600750029087067,-1.213897705078125,0.43398308753967285,0.9128791093826294,-1.190495491027832,0.6525386571884155,1.2996951341629028,-1.1108100414276123,-0.539705753326416,-0.06699147075414658,-0.8451627492904663

Slice 47
-0.5039184093475342,-0.4901551306247711,0.31710368394851685,1.0482295751571655,0.23982717096805573,-0.2341664582490921,-0.37573710083961487,-1.0093982219696045,1.0128352642059326,0.44546782970428467,-1.5211626291275024,0.10475967824459076,-0.5638667345046997,1.1209163665771484,-0.5346315503120422,0.9326494932174683,0.4184861183166504,0.8106877207756042,-0.5592721700668335,0.8336719274520874,0.592930793762207,0.22457197308540344,-1.5757040977478027,-0.7238883376121521,-0.3538925051689148,-1.1165341138839722,0.22732742130756378,-0.5124419331550598,-0.10478666424751282,-0.28212258219718933,-1.1856930255889893,-0.8332955837249756,-0.24834994971752167,1.0988707542419434,1.1922093629837036,-0.5104401707649231,-0.16726703941822052,-1.661863923072815,0.24107496440410614,-1.1027404069900513,-1.2440273761749268,0.16268953680992126,0.7742289900779724,-1.003078579902649,-0.014845222234725952,-0.6707755923271179,-0.12361212819814682,-0.1717597097158432,-0.6342903971672058,-1.060999870300293
0.45447275042533875,-0.4551534056663513,0.7147157192230225,0.6148507595062256,0.40413135290145874,-1.1662254333496094,0.3941933512687683,-0.5343294739723206,-0.26606738567352295,-0.37318769097328186,0.017917947843670845,0.05099332332611084,-0.3019241988658905,0.37639909982681274,0.7444965839385986,-0.42747244238853455,0.9279025793075562,0.6566108465194702,-0.1944238841533661,0.09136486798524857,1.184342384338379,1.2970991134643555,-0.9328766465187073,-0.3262389302253723,1.4005225896835327,0.5686100125312805,-1.3525786399841309,-0.012052066624164581,-0.9263715744018555,0.455432653427124,0.49124932289123535,0.873716413974762,1.0615414381027222,-1.1814812421798706,-0.1005694717168808,0.14874956011772156,-0.4821729063987732,0.8385100364685059,-0.01908060908317566,-0.7147153615951538,0.13334627449512482,2.27429461479187,0.3180149495601654,0.4410896897315979,-0.45265236496925354,1.380444884300232,1.7834327220916748,-1.7032662630081177,-1.2167726755142212,0.8112972378730774
-0.030753202736377716,-1.1259377002716064,-1.4110682010650635,-0.6951830387115479,-0.32150810956954956,-0.5765195488929749,1.0262962579727173,-1.075075626373291,0.5837451219558716,-0.30590811371803284,-0.717674970626831,1.5137542486190796,-0.013086777180433273,-0.08426101505756378,-0.5637479424476624,0.23512214422225952,0.6727199554443359,0.2728109061717987,-0.050650037825107574,-0.8660396933555603,0.44888004660606384,-1.6199190616607666,0.7213039994239807,0.9434933066368103,-0.198768749833107,0.4058222472667694,-1.3596681356430054,0.22178028523921967,-0.7330790162086487,-0.12710349261760712,-0.11859769374132156,0.4276469945907593,-0.9012531042098999,0.5863937735557556,1.455183506011963,-1.108552098274231,-1.167624592781067,0.9280847311019897,-0.19619540870189667,-1.365922451019287,1.1040912866592407,-1.5737230777740479,-0.8900638222694397,0.20270048081874847,-0.8390064835548401,-0.9034051895141602,0.22392690181732178,-0.5133848786354065,-1.391830563545227,0.6223104596138
0.1771940141916275,-0.8025327324867249,1.1040925979614258,1.275189757347107,1.7972793579101562,0.1438360959291458,-1.3096787929534912,-1.5116230249404907,-0.4209133982658386,0.023803122341632843,0.038619063794612885,-0.48234713077545166,-0.29974696040153503,1.9145418405532837,-0.7179914712905884,1.1084915399551392,1.3800967931747437,-0.041648659855127335,1.0943315029144287,1.528449296951294,-0.47661855816841125,0.07048608362674713,0.05663878470659256,0.1279342621564865,-0.8059725761413574,0.47651028633117676,0.9239485263824463,-0.6396369338035583,-0.10747520625591278,-0.9596522450447083,0.05992736667394638,1.294265627861023,0.13150440156459808,0.1849786788225174,-0.02489372156560421,0.37798643112182617,-1.3798072338104248,0.17666344344615936,1.9072833061218262,-0.6150288581848145,-0.7711004614830017,0.784092128276825,1.004412055015564,0.8715295195579529,0.03376385197043419,0.2654861509799957,0.08088146150112152,-0.2658022940158844,0.6025204658508301,0.9606881737709045
1.7861613035202026,-1.0133750438690186,-0.034061845391988754,-0.26367443799972534,-0.5058639645576477,1.290528655052185,2.705716133117676,-0.6762996912002563,0.32254043221473694,0.5561164021492004,-0.8481369018554688,1.846902847290039,-0.19781503081321716,-0.4608727991580963,-0.24128727614879608,0.9715555906295776,0.46762222051620483,0.4558684825897217,1.8726097345352173,0.39411547780036926,0.6800833344459534,-0.6783444285392761,-0.09016799926757812,-0.5562537908554077,-1.326988697052002,1.232478380203247,1.0415396690368652,1.0606160163879395,0.5474902391433716,0.5264538526535034,1.3608771562576294,-0.8994662761688232,-1.578769326210022,1.0621087551116943,1.6043100357055664,0.9826332926750183,-0.1622987985610962,-1.5171178579330444,0.4950404763221741,-0.4634970426559448,0.38931769132614136,-1.0771125555038452,-1.2974739074707031,-1.26949942111969,1.2594908475875854,-0.19498813152313232,-1.992690086364746,1.331890344619751,1.8643652200698853,-1.810304045677185
-1.151254653930664,-1.000368595123291,-0.36791425943374634,0.7063425183296204,-0.9114672541618347,-0.5604543685913086,-0.36935755610466003,-0.7476614117622375,-0.2557690441608429,-0.6752525568008423,-0.9330360293388367,-0.6371287107467651,-0.5495894551277161,-0.8353745341300964,-0.6419192552566528,0.8453068137168884,-0.15834587812423706,-0.45068028569221497,0.6930398941040039,0.7944638133049011,-1.0868040323257446,-1.3850133419036865,-1.020714521408081,-0.9370087385177612,0.15242448449134827,0.006597590167075396,-0.06408385187387466,-0.8747581243515015,-0.1881127506494522,-0.5656322836875916,-0.428100049495697,-0.22613218426704407,-0.8811714053153992,-0.6267297267913818,-0.7155735492706299,1.3323527574539185,0.06326504051685333,1.2794421911239624,0.8780052065849304,0.9819615483283997,-0.8022851943969727,0.009047158062458038,-0.8173962831497192,0.48798951506614685,0.243397518992424,-1.3174277544021606,0.28495359420776367,-0.32764020562171936,1.7054107189178467,-2.4540793895721436
0.4586135447025299,-0.7549859881401062,-1.45737624168396,0.045647356659173965,0.5389034152030945,0.01935712993144989,0.286537766456604,-0.8857795596122742,1.0407854318618774,-1.0485225915908813,0.05010827258229256,-0.8496785163879395,1.047243356704712,0.8701639175415039,0.34116095304489136,0.06893236935138702,0.8462957739830017,0.6110661625862122,0.2889842092990875,-0.38549646735191345,0.6809499263763428,-0.3271382451057434,0.23661793768405914,-1.4699642658233643,1.0421626567840576,-0.9052717685699463,-0.9110782146453857,1.57822585105896,-0.9031818509101868,0.4449082016944885,-0.743508517742157,1.1517131328582764,0.5079413652420044,-1.9496116638183594,-0.24602195620536804,-0.03625993803143501,0.34049731492996216,-0.8178684115409851,-0.5727012157440186,0.763480544090271,1.0044761896133423,1.4636203050613403,0.01594558171927929,0.7766376733779907,-0.4539174735546112,-1.3540335893630981,-1.6701164245605469,-1.9214507341384888,-0.4218379855155945,-0.9553054571151733
0.5383176207542419,2.5955400466918945,-0.8346689939498901,-1.1496981382369995,-0.6557745337486267,1.5202499628067017,0.427318811416626,1.0234631299972534,-0.548673152923584,0.7773404717445374,-0.7428474426269531,1.0353915691375732,-0.9452163577079773,0.6172402501106262,0.7544859051704407,-1.6142222881317139,-1.3063678741455078,2.2136034965515137,-0.7028136253356934,-0.5799955725669861,-1.0165191888809204,-0.21873238682746887,-0.6297421455383301,0.6564255952835083,0.08377908915281296,-0.47652697563171387,0.9775093197822571,-1.0069150924682617,1.1159234046936035,-0.9812885522842407,-0.033890001475811005,-0.7876430749893188,-0.9979376792907715,0.25549978017807007,0.973740816116333,0.14552070200443268,-0.9726568460464478,-0.04585564509034157,-0.953231692314148,0.43772050738334656,-0.1346123069524765,0.18838539719581604,-1.2873470783233643,-1.6998186111450195,-0.5870577692985535,1.4928297996520996,-0.6841487884521484,-0.6565407514572144,1.76996648311615,-1.5558812618255615
-0.45291078090667725,0.10158612579107285,-0.36763423681259155,-0.45377615094184875,0.4641490578651428,0.4324627220630646,-0.4598122835159302,0.6118858456611633,0.7573999762535095,-1.712792158126831,0.2521667778491974,-0.959511935710907,-0.189618319272995,0.527595043182373,1.1310211420059204,0.7594978213310242,-0.7774559259414673,-1.0612127780914307,0.34699389338493347,0.11346995830535889,-1.424895167350769,-0.2564646005630493,0.6019592881202698,-1.495298981666565,-0.405467689037323,-0.3729378879070282,1.630066990852356,0.6232568621635437,-1.0457873344421387,-0.4444431662559509,0.3925638496875763,-0.6847655773162842,0.2948744297027588,-0.817772388458252,-1.083304524421692,0.5045840740203857,0.5643447041511536,-0.3588533401489258,0.4669588804244995,0.3336602449417114,-0.0703967958688736,1.3486579656600952,0.8543055653572083,-0.31049033999443054,0.4463162124156952,0.7037522792816162,-1.1903268098831177,0.649863064289093,1.6182844638824463,0.25978758931159973
-1.2114514112472534,0.2779393792152405,-0.06735917180776596,-0.9325805306434631,-0.8413143754005432,-0.6355785131454468,0.7010411620140076,0.4545770287513733,-0.10016848146915436,1.116740345954895,-0.8593190312385559,0.2351711541414261,-1.2365550994873047,-0.37507617473602295,-0.765265166759491,-0.27729660272598267,-1.7242928743362427,0.3197581470012665,-1.3492845296859741,0.9934688806533813,0.021494586020708084,-0.5076864361763,-1.1459628343582153,-0.5007106065750122,0.25468337535858154,-0.39082783460617065,-0.34974297881126404,-2.3295578956604004,0.5570444464683533,-1.070882797241211,0.3478001654148102,-0.791549801826477,-0.16409751772880554,1.4742940664291382,0.1764308363199234,-0.25268974900245667,-0.11307419091463089,0.6904489398002625,-0.30681341886520386,0.30911514163017273,-1.826117992401123,-0.8434452414512634,0.2239334136247635,-0.1569732427597046,0.5020268559455872,0.732538104057312,0.0020053586922585964,0.3931017518043518,0.10554829239845276,-0.07115424424409866

Slice 48
0.0818633958697319,0.45494794845581055,-0.7979427576065063,0.28369322419166565,0.3111002445220947,-1.8377163410186768,-0.9674638509750366,0.37873080372810364,0.35575568675994873,-1.5197993516921997,-1.2712950706481934,-0.5690751075744629,0.028626173734664917,-0.020159665495157242,1.8650624752044678,0.5892086625099182,-0.7838861346244812,0.49948954582214355,-0.09831144660711288,0.3805652856826782,0.5195248126983643,0.65492182970047,-0.6483545899391174,-0.6668674945831299,-0.2460625171661377,-0.029699886217713356,-0.9564560651779175,0.9812861084938049,-0.008829553611576557,1.2061456441879272,-0.717208743095398,1.3408303260803223,0.8634949326515198,1.0992017984390259,0.42165258526802063,-0.48823457956314087,0.977117121219635,0.08618584275245667,0.9359671473503113,-0.3562638461589813,-0.6831490993499756,-0.5044806003570557,0.35451051592826843,0.14026090502738953,0.4239356219768524,0.6007227897644043,1.3136061429977417,1.0264980792999268,-0.41412028670310974,1.4980624914169312
-1.6879501342773438,1.108217716217041,-0.08430413156747818,-1.7806426286697388,0.31655821204185486,-0.11435282230377197,-1.4142017364501953,-2.6766700744628906,-0.8891059756278992,-1.4641238451004028,-1.4388450384140015,-0.09340488910675049,-0.4325990080833435,-0.5323449969291687,-0.16532862186431885,-0.5911813378334045,1.1085680723190308,-0.1371261328458786,-0.6818328499794006,-0.9384588003158569,-0.2991122901439667,0.6975048184394836,1.2715754508972168,-1.2614561319351196,0.4871668815612793,0.3738537132740021,1.110178828239441,-0.7265046834945679,-0.10320955514907837,0.9147645235061646,0.1342417597770691,-1.1316781044006348,0.10188703238964081,-0.5562899112701416,0.2521723508834839,-0.4646216630935669,-1.4452906847000122,-1.4888163805007935,0.8480672240257263,-0.03113248012959957,0.5807324051856995,-0.22148603200912476,0.9120450019836426,-1.225523829460144,-0.7367684841156006,-1.6774542331695557,-0.21925854682922363,-0.8131119012832642,-0.8510470390319824,0.4788040518760681
-1.5754166841506958,-0.3365172743797302,-0.8485122323036194,-0.6753222346305847,-1.0498111248016357,1.009779453277588,1.5813125371932983,-0.7651494741439819,-0.6915789842605591,1.948918342590332,-1.1629955768585205,-0.2671196758747101,-1.0257068872451782,-0.27153220772743225,-0.4317358434200287,0.7384540438652039,-0.35341617465019226,-0.08164370805025101,-0.6082627177238464,1.3261326551437378,-0.957042396068573,-0.3659610450267792,0.16001933813095093,0.3634684979915619,0.26525092124938965,0.4401208162307739,1.8066751956939697,0.8451459407806396,0.5225481986999512,-0.20824576914310455,1.0147590637207031,-0.5201445817947388,0.037168677896261215,-0.7412462830543518,-0.3093292713165283,0.7446938157081604,-0.1770043820142746,1.0792734622955322,-0.6005842685699463,0.20211899280548096,1.4766567945480347,1.1781070232391357,-1.760047435760498,-0.8698850274085999,-0.2555778920650482,0.19613614678382874,-0.7622392773628235,-0.7086853981018066,1.1901527643203735,0.5813443660736084
-0.8330993056297302,-1.7454133033752441,1.3612782955169678,-0.28343909978866577,-1.238709568977356,-1.1367933750152588,1.9165791273117065,0.24565978348255157,0.23078098893165588,0.42471176385879517,0.517635703086853,0.7227031588554382,-0.305927038192749,0.7046611905097961,1.5138036012649536,-0.9271429181098938,-0.21597538888454437,-0.025425488129258156,0.7864835262298584,1.1609268188476562,0.07517484575510025,0.9255828261375427,1.0172947645187378,0.3930256962776184,-0.06146395951509476,0.08898196369409561,-1.2940828800201416,-0.7998247742652893,-0.677462100982666,-1.4525238275527954,-1.2282649278640747,0.8311911821365356,-1.1543071269989014,-0.06178532913327217,-0.8188871145248413,0.20494328439235687,1.6543127298355103,-0.5679319500923157,-1.7194966077804565,1.7265230417251587,-0.49020370841026306,-0.8640903830528259,0.3840767443180084,-1.131574273109436,0.31314393877983093,0.5592634677886963,1.4031217098236084,0.002274519531056285,1.3161673545837402,-1.628765344619751
-2.1939775943756104,-0.733288586139679,0.8722746968269348,0.8377975225448608,-0.44316366314888,-0.360660195350647,-1.3938785791397095,-1.9449844360351562,1.566880226135254,1.4805001020431519,0.24840930104255676,0.7054975032806396,0.7579381465911865,-0.5466698408126831,-0.7120885252952576,-0.7756584286689758,0.1486564576625824,0.5937011241912842,0.586665153503418,0.597705602645874,0.2288985252380371,-0.04867292940616608,-1.8253450393676758,0.6981216669082642,-0.8692883253097534,-1.0902836322784424,0.3695482611656189,0.519114077091217,0.18034382164478302,0.10374510288238525,0.9564412236213684,0.7450070977210999,-2.3773138523101807,0.14049117267131805,-0.6412052512168884,0.6936740875244141,0.47395560145378113,1.243463397026062,0.33621472120285034,-0.5731239318847656,-0.7770968079566956,-0.27030080556869507,-0.091820627450943,-1.6023764610290527,1.083250641822815,-0.6654057502746582,-0.41009753942489624,0.39613738656044006,-0.4019182026386261,-0.8215408325195312
1.0813508033752441,1.355958104133606,0.5304466485977173,0.7473417520523071,1.5523560047149658,-0.16854903101921082,-0.04825123772025108,-0.9517062306404114,-1.6519447565078735,-0.5197778940200806,-0.17419880628585815,0.22847893834114075,-0.821621835231781,-1.070626139640808,-1.3948209285736084,0.8789228796958923,-0.8574421405792236,0.6688513159751892,-0.2052668184041977,-1.1925925016403198,0.3680226802825928,0.9964760541915894,-0.06306418776512146,-1.4507365226745605,0.5819467306137085,-0.040079642087221146,-0.8463364839553833,0.2381809502840042,0.5054740905761719,0.7603509426116943,0.19577738642692566,-1.0613335371017456,-0.2513570785522461,1.0753401517868042,0.3184898793697357,0.25251346826553345,-0.764748215675354,0.4462524950504303,1.8589692115783691,-0.8881094455718994,-0.22690637409687042,-1.6913344860076904,0.26301372051239014,0.17993634939193726,-0.056568294763565063,0.1908724159002304,-1.3065553903579712,1.174278974533081,-0.2536013722419739,0.5282398462295532
0.7515014410018921,-0.5279536843299866,0.6417841911315918,0.5994144678115845,0.22298692166805267,0.23398612439632416,-1.5684959888458252,0.08865603804588318,-1.2737164497375488,-2.0200743675231934,0.3514541983604431,-0.7819122672080994,-1.2429206371307373,0.4055924117565155,-1.86138916015625,-2.5214245319366455,0.6981372833251953,-0.15817388892173767,-0.2845672369003296,-1.7884076833724976,-2.2853245735168457,0.9371589422225952,1.101888656616211,0.11307460069656372,-1.914923071861267,-1.10908043384552,0.07670365273952484,0.5659329891204834,0.043995071202516556,0.9674522280693054,-0.7973330616950989,0.03088412992656231,-1.2277435064315796,-0.028119374066591263,0.05460428074002266,-1.2780489921569824,0.14040279388427734,0.2847220003604889,-0.6306868195533752,0.6282630562782288,0.36282482743263245,0.8382903933525085,-0.403960257768631,-0.34049171209335327,1.3578174114227295,0.9727487564086914,-1.4611542224884033,0.9187167286872864,-0.7936027646064758,-0.3949432969093323
-1.2466591596603394,-0.9330704212188721,-0.08393710851669312,-2.22664213180542,0.48002001643180847,-0.06665583699941635,-0.17150796949863434,0.32550448179244995,-0.9667083621025085,-0.3015459477901459,-0.3177013695240021,0.9958764314651489,-0.7888470888137817,1.394919753074646,-0.24096734821796417,0.10425174981355667,-1.4237899780273438,1.6940594911575317,-1.3480740785598755,0.883171558380127,0.3784995377063751,-1.216692328453064,-1.643517255783081,1.1209754943847656,1.060628890991211,-1.3768523931503296,-1.4118515253067017,1.3612033128738403,1.5895839929580688,-1.1570181846618652,-0.11858335882425308,0.9736857414245605,0.1621241569519043,1.1039586067199707,1.1156119108200073,0.7625158429145813,0.190021350979805,-2.1019279956817627,-1.3077057600021362,0.6002066731452942,0.5729070901870728,-1.3582240343093872,-1.805953860282898,0.5309247374534607,0.36749279499053955,1.0480905771255493,-0.48517879843711853,-2.960028886795044,0.30331897735595703,-1.4651029109954834
-0.20085400342941284,-0.23052580654621124,0.233885258436203,0.04463134706020355,-1.5236395597457886,-3.112361192703247,0.3739892840385437,1.3969104290008545,0.6442052721977234,-0.7192829847335815,-1.823693037033081,1.6150121688842773,0.8761168718338013,0.5509105324745178,0.47979846596717834,1.409058928489685,1.2750009298324585,-0.08754091709852219,0.8685405254364014,-1.2489339113235474,0.747251033782959,0.586823046207428,0.14976759254932404,-2.1051135063171387,1.1697030067443848,0.7719480991363525,0.8368150591850281,0.4623657166957855,0.8606935143470764,-0.3036084473133087,1.2767670154571533,-1.7149447202682495,0.8105254769325256,-0.16346469521522522,-0.896149754524231,0.42589426040649414,-0.09043014049530029,0.24862118065357208,-0.046923212707042694,1.7751542329788208,0.6752458214759827,-0.013118562288582325,1.0534559488296509,-0.8207302093505859,0.1798355132341385,-0.9135883450508118,-0.8653088212013245,-1.294861078262329,-1.4350234270095825,-2.251983642578125
-1.106877326965332,1.55741286277771,0.21138228476047516,0.04812290519475937,-0.23096291720867157,-1.051875114440918,-0.8128573894500732,-0.4396916329860687,0.4544295072555542,-0.983150064945221,0.07986915856599808,-1.1288437843322754,0.0008816787740215659,-0.8157455325126648,-0.12391530722379684,0.7619786262512207,1.763317584991455,-0.30423423647880554,-0.20507927238941193,-0.346305787563324,-0.06258080899715424,-0.3595302700996399,-0.3375098705291748,-0.07179219275712967,-0.7412640452384949,-0.6991500854492188,0.1434662789106369,1.0506426095962524,0.35494932532310486,1.009332299232483,0.6809013485908508,1.5651333332061768,1.161327838897705,-0.12932048738002777,-1.021397352218628,-0.9486747980117798,0.5778926610946655,-0.23819848895072937,0.8028196692466736,0.8831983208656311,0.17527760565280914,0.823657214641571,0.5016781687736511,-1.4057843685150146,0.4471617341041565,0.34178656339645386,-0.7323504090309143,0.5722397565841675,-0.5407560467720032,0.29180845618247986

Slice 49
-0.09541033953428268,-0.18600057065486908,-0.9957467913627625,-0.9049747586250305,-0.775149405002594,0.326618492603302,-0.4708084166049957,0.0654464140534401,-0.26402392983436584,-0.6391648650169373,0.7556449770927429,-0.8312582969665527,0.417142778635025,0.32048776745796204,-0.45669248700141907,0.31146499514579773,1.4683469533920288,0.008031853474676609,0.82132887840271,0.8177553415298462,1.6729979515075684,-0.3694983124732971,-1.063066840171814,-1.048587441444397,0.5138862133026123,0.5840321779251099,-1.9592984914779663,-0.21053330600261688,0.07119885087013245,-1.230280876159668,0.46796250343322754,0.16710960865020752,0.8864725828170776,0.1737406849861145,-0.5585362315177917,0.26013606786727905,-0.5996010303497314,0.24258184432983398,-1.1782910823822021,0.8240975141525269,0.696995198726654,-0.006537419278174639,-1.1168582439422607,1.6660960912704468,-0.21922548115253448,-0.7909681797027588,-1.4558321237564087,-1.6012601852416992,-0.7204834222793579,-0.9324939250946045
0.7555549740791321,-1.6983200311660767,-0.10791207104921341,0.04220907762646675,-0.39596444368362427,1.5782930850982666,1.194168210029602,0.5191094875335693,1.3296928405761719,1.5007824897766113,-0.2480774074792862,0.35642626881599426,0.28455233573913574,0.7841064929962158,1.0860942602157593,-0.20783819258213043,-0.7636207938194275,0.8606562614440918,0.4382295310497284,0.6379374265670776,-1.4427680969238281,1.3834724426269531,1.4295127391815186,0.15511208772659302,-0.2603115141391754,-0.02160828560590744,0.9370198249816895,1.301918625831604,1.324190378189087,1.3047882318496704,-1.212794542312622,0.8249675631523132,0.5043729543685913,0.7674427032470703,-1.0751224756240845,0.29718074202537537,1.6075029373168945,-0.022538648918271065,0.6791988611221313,1.0220144987106323,-0.021338511258363724,0.2603362500667572,1.1404904127120972,-1.5642644166946411,0.9668382406234741,-0.3904600441455841,0.28944236040115356,1.8385475873947144,-0.37561777234077454,0.14307236671447754
0.5203112363815308,-0.7763969302177429,1.2062820196151733,-0.41538530588150024,1.2624776363372803,-0.971300482749939,-0.08869488537311554,-0.5149428248405457,0.09011683613061905,0.6589968800544739,0.08126942813396454,-0.5283122658729553,0.36396524310112,-0.8504934310913086,-1.4498456716537476,0.48328524827957153,-0.624610424041748,2.2849390506744385,0.6687814593315125,1.6392799615859985,-0.06915874034166336,0.6314762830734253,-0.6816571950912476,0.29733070731163025,0.4058866798877716,0.47374075651168823,-1.8957836627960205,-0.15383566915988922,1.9071439504623413,1.194151759147644,0.034495290368795395,0.9168750047683716,1.0542080402374268,1.0841906070709229,-1.3901511430740356,0.6482113599777222,-0.9395787715911865,-0.9761895537376404,1.7048393487930298,-0.9283785223960876,-0.6303669214248657,-0.6998715400695801,-0.7698827385902405,-0.7854294180870056,-0.6202442646026611,-0.8400007486343384,0.4568677842617035,-0.8327216506004333,0.2165418267250061,0.23970188200473785
0.2535628378391266,-1.0103901624679565,0.1817178726196289,1.2484756708145142,0.48412802815437317,-0.4897785186767578,0.8745801448822021,2.3301467895507812,-0.16586951911449432,0.23314128816127777,-0.06902690976858139,0.4095061719417572,-0.9718048572540283,-0.10955740511417389,0.9090654253959656,0.5958836674690247,-0.02768632210791111,-0.5362576246261597,0.8590461015701294,-0.4319872260093689,0.7562016248703003,-2.1384735107421875,-1.3550727367401123,-0.9327934980392456,1.22221839427948,0.2757006287574768,0.29384803771972656,-0.39629116654396057,0.2078709602355957,0.01825540140271187,-1.8716857433319092,0.07203533500432968,0.42916640639305115,-1.539547324180603,-0.23487858474254608,-0.5224714279174805,1.4042211771011353,0.38720667362213135,-0.20704886317253113,0.14517295360565186,-2.157825231552124,0.6516600847244263,-0.466898113489151,1.5738613605499268,0.31678837537765503,0.18567946553230286,1.5582644939422607,0.5229286551475525,1.465134620666504,0.7896506190299988
1.0324987173080444,-1.4725106954574585,0.8200066685676575,-0.5421823263168335,-1.404936671257019,0.9933648705482483,-0.789474606513977,-0.0059134457260370255,-0.09036633372306824,0.9688826203346252,2.1070876121520996,0.01712656393647194,-0.3776240348815918,0.6552684307098389,-1.002919316291809,-0.12894988059997559,-0.31969621777534485,0.6555892825126648,-1.137760043144226,1.989951491355896,-0.237842857837677,1.7093794345855713,0.658974289894104,0.23011671006679535,0.4463110864162445,1.0079400539398193,-1.1784133911132812,-0.5797792077064514,-0.27919989824295044,-1.1346720457077026,1.3931316137313843,0.7615170478820801,0.5542550086975098,-0.6837543249130249,-1.6281596422195435,0.35008957982063293,-0.8006048202514648,0.3642525374889374,-0.9438906311988831,1.034615159034729,0.7756861448287964,1.5089659690856934,0.7758181691169739,1.1858336925506592,-0.08448373526334763,-1.1633580923080444,1.7046235799789429,-1.0295425653457642,0.38835686445236206,-0.6938362121582031
-0.9516111612319946,-0.08136983215808868,0.9436253309249878,0.673639178276062,0.9462974071502686,-1.2062962055206299,-0.15682993829250336,0.08675006031990051,-0.18282511830329895,-0.8921015858650208,-1.420098066329956,-2.112994909286499,-0.8005378842353821,-1.4173552989959717,-0.2763434052467346,-1.493890643119812,1.0201629400253296,0.1322770118713379,0.5800556540489197,0.09402896463871002,2.0325467586517334,0.17513705790042877,1.3314915895462036,-1.2061882019042969,0.20811522006988525,-1.8973149061203003,0.27431750297546387,-1.0414825677871704,0.05140533298254013,-0.926921546459198,0.4408261775970459,1.4301618337631226,1.6378402709960938,-0.9465405344963074,0.265730082988739,0.0388641357421875,1.041064977645874,0.1967664361000061,-0.7279021739959717,-0.7446445226669312,-0.8019677400588989,-0.37126535177230835,1.0574147701263428,0.3601810336112976,-1.6016446352005005,0.9882469177246094,-0.93618243932724,0.06156165525317192,1.5061917304992676,0.7244294881820679
-0.09528602659702301,-0.07339860498905182,-1.774336814880371,-0.834774911403656,0.821285605430603,2.081698417663574,1.4818508625030518,-0.9587095379829407,-1.7533849477767944,0.3551950752735138,0.6269664168357849,0.10341072827577591,-0.8554776906967163,0.40691524744033813,-0.5916407108306885,-0.4551428556442261,1.6159805059432983,1.244724154472351,0.5366650819778442,1.3912614583969116,0.8169638514518738,0.10327326506376266,-1.174055576324463,-0.903409481048584,-0.16280804574489594,-0.7209721207618713,-1.4817235469818115,-1.3572049140930176,0.5486937165260315,0.2816943824291229,-1.950418472290039,-1.4965894222259521,-0.2649107575416565,-1.2020606994628906,-0.7564235925674438,1.574790596961975,1.8046581745147705,-1.1281452178955078,0.19757023453712463,1.1976419687271118,0.45601388812065125,-0.5182827115058899,0.4204207956790924,0.7822180986404419,-0.7855379581451416,0.9229245185852051,0.4017409384250641,0.47801366448402405,0.7991356253623962,-1.0808602571487427
-0.7358734607696533,1.2067959308624268,0.7266417145729065,-1.4107327461242676,-0.16317437589168549,0.2490774691104889,-0.6445901989936829,0.3313089907169342,-0.39056217670440674,0.03207080066204071,-1.2345173358917236,0.9950673580169678,-1.259986162185669,-0.73534095287323,1.0187227725982666,1.3459632396697998,-0.9902999997138977,0.27361974120140076,2.1611924171447754,1.1900246143341064,0.7049775719642639,1.1631810665130615,0.9002097845077515,-0.1250895857810974,0.7038100957870483,0.7064415216445923,0.3146064877510071,-1.4125689268112183,0.9178792834281921,0.024396678432822227,1.2154308557510376,0.3385726809501648,0.5728853344917297,2.016343832015991,1.2411940097808838,-0.5980979204177856,-0.6113280057907104,-1.006953477859497,0.8621379137039185,-1.1672910451889038,-0.6094082593917847,1.8735486268997192,-0.07204495370388031,0.5535053610801697,-0.5487552285194397,-0.41474828124046326,0.5478340983390808,-0.4973181486129761,-0.08379983901977539,-0.35939791798591614
1.270210862159729,-2.6153764724731445,-0.4010094106197357,-0.22504566609859467,0.3952433466911316,-0.08117606490850449,0.7697203755378723,-1.117977261543274,-0.07689186930656433,0.9689615368843079,0.11052392423152924,0.5804811716079712,-0.6664478778839111,1.2470155954360962,-0.7115814685821533,-2.1261239051818848,0.7914597392082214,0.4068280756473541,1.2116293907165527,0.9086000323295593,0.8091776371002197,-0.0999831035733223,-0.7538171410560608,0.1732509881258011,-1.302811622619629,-1.7619954347610474,-0.8780533075332642,0.19731391966342926,0.9676065444946289,1.2169570922851562,-0.019566766917705536,1.5837663412094116,0.9653454422950745,-1.0022236108779907,0.24446898698806763,0.320078045129776,-0.4437292814254761,1.2391798496246338,0.9391762018203735,0.5052585601806641,-0.03410163149237633,-0.3226277828216553,-2.0672810077667236,0.785820722579956,-0.5500730872154236,-0.636472761631012,-1.7645623683929443,-0.6370197534561157,-1.1741125583648682,-0.5123979449272156
0.21612900495529175,-1.7843058109283447,0.08283542096614838,-0.46836262941360474,-1.7157448530197144,1.7210756540298462,-0.025271067395806313,-0.3079286217689514,-1.5493658781051636,1.4778307676315308,0.32441791892051697,-1.1471452713012695,-1.9460046291351318,-0.44506776332855225,-1.0287736654281616,-0.6960297226905823,-1.2716177701950073,0.23582378029823303,0.37657323479652405,1.1555830240249634,-0.4428834617137909,-0.09862532466650009,-0.023421837016940117,-1.3012841939926147,-1.8085945844650269,-0.5661507844924927,-0.19726745784282684,-1.3881065845489502,1.2353893518447876,-0.6047512888908386,-2.176867961883545,-0.7160959839820862,1.2820823192596436,-0.7467190027236938,0.03613145276904106,0.5115900039672852,0.29084306955337524,-0.0423189252614975,-0.5298835635185242,1.758924961090088,1.0447453260421753,-1.9108461141586304,-1.6953675746917725,-1.4122923612594604,-1.068580985069275,-1.9820243120193481,-1.6294879913330078,-0.7516364455223083,-0.6095938086509705,0.690528929233551

Slice 50
-1.0601301193237305,1.7562428712844849,-1.1634759902954102,-0.5948277115821838,1.6282376050949097,-0.3028847575187683,-0.14776018261909485,0.3854179084300995,0.1289917230606079,0.06925054639577866,0.08168643712997437,-1.1536939144134521,-0.5291113257408142,0.047744978219270706,0.01526386383920908,-0.6056748628616333,0.5331462025642395,-0.8523110151290894,0.694086492061615,0.4055963456630707,0.12091518193483353,-0.26636287569999695,-0.4069989323616028,0.0974244773387909,1.061855435371399,-1.7635499238967896,-0.9577900767326355,-0.21951493620872498,-0.5740755200386047,0.7847944498062134,-0.3883965313434601,0.6401801705360413,-0.6790112257003784,-0.7033876776695251,-0.25963294506073,1.1370118856430054,-0.13559839129447937,0.5943077206611633,-0.2543393671512604,0.6788839101791382,1.1681138277053833,1.7847048044204712,1.8263416290283203,1.2788379192352295,1.650400996208191,0.6651908755302429,-0.25327613949775696,1.0768452882766724,0.7420591115951538,1.1205716133117676
-1.8407113552093506,-0.16567611694335938,-0.0538647286593914,-2.095672607421875,-0.01931712217628956,0.5521295070648193,1.7019686698913574,-1.051470160484314,0.7300927042961121,0.9988201260566711,-1.0963752269744873,-1.7685770988464355,1.8666101694107056,-0.6385128498077393,0.020571839064359665,0.5267320871353149,-1.1414897441864014,-0.840697169303894,0.44412100315093994,0.8008111715316772,-0.808678150177002,2.5958614349365234,-1.7581051588058472,1.2191933393478394,-0.07436062395572662,-0.9135779142379761,-1.729002833366394,-0.46136900782585144,0.26381993293762207,0.2438827008008957,1.9710062742233276,0.007281469646841288,1.0924029350280762,1.0071722269058228,0.6016241312026978,0.19085997343063354,1.819277286529541,-0.024231651797890663,-1.8400728702545166,0.3644888699054718,-0.8214379549026489,0.427030473947525,0.04202522709965706,0.5980479717254639,0.19559846818447113,0.7581973671913147,1.7322310209274292,-0.23224425315856934,-0.7273850440979004,-0.4458011984825134
-0.829443097114563,1.7130876779556274,-0.25962045788764954,-0.20633269846439362,0.32797902822494507,-0.14765486121177673,-1.1717723608016968,0.4599311947822571,0.9935940504074097,-0.17235398292541504,0.2719953954219818,-2.172260284423828,-0.3452996015548706,0.7018056511878967,-1.0170537233352661,-1.663055658340454,0.5962066650390625,-1.0672392845153809,-0.9273610711097717,0.04534049332141876,0.993166446685791,-0.562042772769928,-0.4010888636112213,-1.2162672281265259,-0.46174106001853943,-0.21982330083847046,0.8841360211372375,1.5176467895507812,0.7144749760627747,0.5557955503463745,-0.08768881857395172,-2.0018067359924316,1.1112847328186035,-0.2762965261936188,-0.1375565528869629,1.109004020690918,0.4158766567707062,0.4806610345840454,0.18058955669403076,1.472231388092041,-0.01933261565864086,-0.8431693315505981,0.23099249601364136,-0.2403383105993271,-0.33690115809440613,0.9979483485221863,0.787837028503418,0.7039545774459839,-0.8708497881889343,0.9660509824752808
-0.12067531049251556,-0.19750502705574036,-0.921343982219696,-0.17283444106578827,0.5305831432342529,-0.8455546498298645,0.5632320642471313,0.3660377860069275,-0.4529630243778229,0.08565182983875275,0.08798695355653763,0.6979535818099976,-0.4375598728656769,-0.13267762959003448,0.6202855706214905,0.05775412172079086,0.8821932673454285,0.4801414906978607,0.25591012835502625,0.1921779364347458,0.10877818614244461,-0.4043745696544647,0.04586772993206978,0.008561156690120697,-0.8772967457771301,-0.302778422832489,-0.24599429965019226,0.22462517023086548,-0.004090016707777977,-0.6490888595581055,-0.5063334107398987,-0.024253789335489273,0.12438814342021942,-0.6757662892341614,0.10880761593580246,-1.337640404701233,-0.31883159279823303,0.5149968862533569,-0.5591700673103333,-0.2941294312477112,0.19265897572040558,-0.41747021675109863,-0.76546710729599,-1.4666470289230347,-1.798417091369629,-1.3453364372253418,0.23973378539085388,0.2876870632171631,-0.2887206971645355,-0.9756579995155334
-0.8452894687652588,-0.5396461486816406,-0.7141316533088684,-0.7032872438430786,-0.8033199310302734,0.09564562886953354,0.3316885828971863,1.1422277688980103,-1.3262048959732056,-1.0422662496566772,-0.5750294327735901,-1.0629996061325073,1.2483115196228027,0.5181621313095093,-0.16559197008609772,0.4491996765136719,-0.6043362617492676,0.2964555621147156,-1.3053650856018066,0.7508493661880493,0.07496394217014313,0.5970090627670288,0.06295505166053772,0.20564649999141693,-0.9522992968559265,-0.6854718327522278,-0.8789743781089783,0.5734436511993408,1.4384844303131104,-1.2605862617492676,0.3771178126335144,-0.294580340385437,-0.005388154182583094,1.8546090126037598,0.3400498628616333,-0.47119563817977905,-0.9559344053268433,0.09036903083324432,-0.11300180107355118,-0.05433737486600876,0.6414218544960022,-0.8251450657844543,-0.32868465781211853,0.9220112562179565,0.02469813823699951,-0.3726970851421356,0.9488715529441833,-0.4622156620025635,-0.22990010678768158,-1.1633487939834595
-0.7712404131889343,-1.2502431869506836,0.8533977270126343,-0.2487863004207611,-1.215531826019287,0.9615291357040405,0.7766714692115784,-0.27152955532073975,0.26222461462020874,-0.1902393251657486,-1.374348759651184,0.09849340468645096,-0.23763582110404968,-0.9634339809417725,-0.35014650225639343,-0.1520024687051773,-0.9242545366287231,0.12325556576251984,0.6385765671730042,-0.32578030228614807,-0.8500344157218933,-0.2380969226360321,-0.9616778492927551,0.13802608847618103,0.9056010842323303,-0.9361615777015686,-1.2441089153289795,0.4420087933540344,-0.33388203382492065,-1.385603904724121,0.6559950113296509,0.7251525521278381,0.35358092188835144,-1.0266382694244385,-0.9154506325721741,-0.48074764013290405,0.21818408370018005,-0.6328170895576477,-1.487465739250183,0.8606241345405579,-0.9390683770179749,-0.24264127016067505,0.2028025984764099,-1.0236625671386719,1.7071696519851685,-0.04592033475637436,-1.0114738941192627,-0.43257904052734375,-0.7182974219322205,-0.6850852370262146
-0.6446195840835571,0.731267511844635,-0.49979469180107117,-0.5466250777244568,1.211669921875,-0.4430539309978485,0.3403366208076477,0.32252827286720276,-0.8618095517158508,-0.6373136043548584,-0.6735109090805054,0.7606307864189148,-0.6109542846679688,-0.6519589424133301,-0.36375319957733154,0.8288949131965637,0.45867428183555603,0.48965781927108765,-0.08152774721384048,0.04814234375953674,0.8234474062919617,-0.00890774093568325,-0.9870231747627258,0.16595813632011414,-1.0539543628692627,-0.8597090840339661,-1.6604607105255127,-0.3097711205482483,0.1384146809577942,-1.4809356927871704,-0.18755517899990082,0.9097563028335571,0.24741137027740479,-1.8704023361206055,-1.149895429611206,-0.02562754973769188,0.1251949667930603,0.49085533618927,-0.8804052472114563,0.945423424243927,0.3913312256336212,0.8354119658470154,1.2756240367889404,0.7726724743843079,-0.6371865272521973,-0.6137012243270874,1.4112499952316284,0.7423694133758545,0.9962665438652039,-0.7816784977912903
-0.49579498171806335,1.2744004726409912,-0.6615332365036011,-0.2784455120563507,0.8560261130332947,1.2257274389266968,1.9091651439666748,-1.069252610206604,-1.1519581079483032,-1.036637783050537,-0.43764448165893555,0.06522832810878754,0.2776469886302948,-0.8244755268096924,-0.611139714717865,0.6009577512741089,-1.2119395732879639,0.6180700063705444,-0.8247275352478027,1.2695302963256836,-0.8762391209602356,0.32484114170074463,-0.621055006980896,2.555976390838623,-0.5048382878303528,-0.12264914810657501,-0.811869740486145,-1.0136220455169678,-0.573552131652832,-0.6464168429374695,0.40755122900009155,0.13601399958133698,0.888190746307373,-1.327057123184204,0.07172010093927383,0.6423105597496033,-1.515346646308899,0.21265478432178497,-1.0305490493774414,-0.5368222594261169,-0.5739105343818665,-1.1847096681594849,0.35853511095046997,1.340316653251648,0.4142611622810364,-0.5299949645996094,1.5277321338653564,0.19717608392238617,1.3723174333572388,0.2433507889509201
-1.2579495906829834,-0.9411129951477051,-0.6478610038757324,-0.9660364389419556,-0.2439909726381302,0.35437172651290894,-0.8082506060600281,-0.5048111081123352,0.6914494037628174,1.1614328622817993,-0.977573573589325,-1.3082243204116821,0.6946774125099182,-1.2984678745269775,-0.05380500853061676,-0.4061683714389801,-0.6944928765296936,-1.7315994501113892,1.0641967058181763,1.1793657541275024,-1.0644677877426147,0.5681430697441101,1.604986310005188,0.479239284992218,2.025803327560425,-0.28534194827079773,0.2062155157327652,0.416220098733902,0.32718926668167114,0.07122895866632462,1.1052724123001099,0.2796073257923126,0.4299992620944977,0.4103624224662781,1.0807713270187378,-0.19338539242744446,0.19753198325634003,0.41558292508125305,0.5988368391990662,0.38010019063949585,0.23980912566184998,0.978573203086853,0.06966815888881683,-0.168978750705719,1.9457453489303589,0.4545183777809143,-1.3000967502593994,0.11130586266517639,0.19519716501235962,0.10465776920318604
0.39573976397514343,0.5787543058395386,-0.45974719524383545,-0.1005939170718193,0.39496272802352905,0.6977956295013428,-1.1194889545440674,-0.2453862875699997,0.16282090544700623,-0.9873983263969421,0.6559745669364929,0.5921674370765686,1.1108342409133911,1.136583685874939,0.38283368945121765,0.18335920572280884,-0.8234554529190063,0.5656378269195557,-1.6832572221755981,-0.7487720251083374,-1.0784316062927246,1.6397147178649902,0.30614912509918213,-0.8358810544013977,-1.4330893754959106,0.007692293729633093,-0.2965686023235321,1.1010764837265015,1.7549681663513184,-0.33279234170913696,0.5919269323348999,-0.9277330636978149,2.1258156299591064,0.8447758555412292,-0.7311521768569946,0.15373973548412323,-0.7611743807792664,1.1381257772445679,-0.1740405112504959,0.4989544451236725,0.6453906297683716,-0.21266956627368927,-1.1782211065292358,0.24975919723510742,-0.1738324761390686,1.0432173013687134,-0.05740933492779732,1.1184558868408203,0.12071017175912857,-0.7899024486541748

Slice 51
0.016933197155594826,1.6330604553222656,0.002053402131423354,-1.6885939836502075,0.47291848063468933,0.129683256149292,0.15959447622299194,0.02216699905693531,-1.415503978729248,-0.22275212407112122,-0.7890685796737671,0.1678723841905594,1.3715887069702148,-0.7190389633178711,-0.053211476653814316,-0.16340169310569763,0.7281883358955383,0.8901007175445557,0.2808478772640228,-0.09708521515130997,-0.03406976908445358,-1.5008554458618164,0.495076984167099,0.7036123871803284,1.1410973072052002,0.5258424878120422,0.8806530237197876,-0.5528287291526794,1.1683212518692017,0.7400355935096741,0.6373620629310608,1.5779379606246948,0.38709262013435364,-0.328190416097641,0.3352680206298828,1.560492992401123,-0.010447465814650059,-0.5295660495758057,-0.30293306708335876,-0.4026435911655426,-0.1454281061887741,1.6565707921981812,-0.03791182115674019,0.5207909345626831,-1.8146878480911255,-0.9772318005561829,0.40533992648124695,1.2948867082595825,-0.1307765692472458,1.2992777824401855
-0.7977021932601929,-0.01710435375571251,-1.5159834623336792,0.8953440189361572,0.7239458560943604,-0.6446305513381958,-1.0165998935699463,-0.9532784223556519,-0.11656066030263901,-0.23251019418239594,-0.5397552847862244,1.4093458652496338,-1.4701015949249268,-0.002766859019175172,1.8001935482025146,-1.3108690977096558,-2.0119855403900146,1.2531670331954956,1.9828602075576782,-0.22397783398628235,0.43552032113075256,1.0368309020996094,-0.5544983744621277,-1.1634159088134766,-2.0505645275115967,0.18099436163902283,1.0282342433929443,0.054160162806510925,-1.1930804252624512,-0.7898094654083252,0.8216261863708496,-0.9878678917884827,1.472870945930481,0.4848676919937134,0.05817553773522377,-0.6238679885864258,-1.2959377765655518,0.751552939414978,0.4760451316833496,0.0021165332291275263,0.42891281843185425,-0.3820415139198303,2.596409797668457,1.0583581924438477,-1.1262705326080322,0.12880441546440125,-1.1417267322540283,-0.1721077412366867,0.8243967294692993,-0.13969503343105316
0.1821943074464798,-1.1150460243225098,-1.5361511707305908,0.710599422454834,-0.3241412937641144,0.3612002730369568,0.8943531513214111,1.1346724033355713,1.0667736530303955,0.39436009526252747,-1.4170103073120117,-0.90850430727005,-2.261215925216675,0.39290568232536316,-1.2543044090270996,-1.8065747022628784,0.22555111348628998,-1.0989863872528076,-0.6780633330345154,-1.226609230041504,1.1453315019607544,1.834004282951355,-2.284883737564087,-1.1463778018951416,-1.541042685508728,-1.7211682796478271,0.5919387936592102,2.265955924987793,-0.7062377333641052,-1.0434465408325195,-0.7233399748802185,-1.5777703523635864,-0.6629763245582581,0.3497403562068939,-0.9838107824325562,0.4779840409755707,0.45531418919563293,1.3760327100753784,-0.0782688707113266,-0.04422503337264061,0.2344149649143219,-0.20960678160190582,0.36992713809013367,1.0670124292373657,0.04194110631942749,-0.2764291763305664,-1.094765305519104,2.042271852493286,1.255940318107605,-1.084229588508606
0.23785628378391266,0.9279941916465759,-0.26490604877471924,-0.49178993701934814,-2.2173094749450684,0.4853614568710327,0.6873877644538879,0.5358028411865234,0.011755462735891342,0.3522353172302246,-0.12249292433261871,1.518479585647583,-1.3293571472167969,2.0171618461608887,0.2809697985649109,1.015394687652588,0.13690002262592316,2.7525525093078613,-0.44279903173446655,-0.6872330904006958,0.7647241950035095,0.04586227238178253,-1.7449827194213867,-1.4169842004776,-0.23532140254974365,0.9507245421409607,-1.391400694847107,-0.6771231293678284,0.6127194762229919,-0.294026643037796,2.193650007247925,-0.01562640815973282,0.6210611462593079,1.4712867736816406,1.2260710000991821,-0.2872522473335266,0.6400115489959717,-0.2991400361061096,-0.6308385729789734,1.3430885076522827,0.10413982719182968,-1.394670009613037,1.0254822969436646,-0.18217425048351288,-0.4842454195022583,-0.05474309250712395,0.4631735384464264,-0.8933525681495667,-0.7856278419494629,1.4129948616027832
-1.6303318738937378,0.5394604206085205,-1.8269431591033936,1.2592986822128296,-0.04623480513691902,1.5271252393722534,-0.9313855171203613,-1.2676151990890503,0.1966191828250885,1.2985689640045166,1.0906397104263306,1.9160211086273193,0.38809940218925476,-0.6443510055541992,0.14360152184963226,-0.7876647710800171,-0.8077315092086792,-1.1812702417373657,0.1108851358294487,-1.817689299583435,0.7333949208259583,-0.29716217517852783,-0.8518266677856445,0.2927464544773102,0.5490847229957581,-0.6471722722053528,1.0265241861343384,-0.23300915956497192,-0.36796820163726807,-1.0389742851257324,-0.3252314627170563,0.20742054283618927,-0.5848915576934814,-0.6171217560768127,-0.5960182547569275,0.11471354216337204,-1.1072518825531006,0.5900377631187439,-2.2961530685424805,-0.5676773190498352,0.8134137988090515,-0.5002149939537048,1.1547805070877075,0.09208446741104126,0.1888984739780426,-0.48146477341651917,0.889323890209198,0.539948046207428,0.3206050395965576,0.062126949429512024
0.8442102074623108,1.084529995918274,-1.3792905807495117,0.29417383670806885,-1.697922706604004,0.9977163672447205,-1.5317705869674683,0.5408474802970886,0.18396197259426117,-0.32889607548713684,-0.17994210124015808,-0.05350847169756889,-1.4158215522766113,0.6627607941627502,-0.5265551209449768,0.7096062302589417,1.287819743156433,0.419084370136261,-1.7157715559005737,-0.9156481623649597,1.471517562866211,-0.85304856300354,0.7747458219528198,0.5492980480194092,-0.06861782819032669,0.3542942702770233,1.2931089401245117,0.5074325799942017,0.5118246674537659,-0.2666328251361847,0.6185146570205688,0.1546560674905777,-0.00217739911749959,-1.172934651374817,-0.22191202640533447,-1.3721188306808472,1.1179698705673218,-2.25622296333313,0.3688475787639618,1.971336007118225,1.1596192121505737,-2.3294246196746826,0.42316874861717224,-0.7150346636772156,0.6512240767478943,-0.6007174253463745,1.480232834815979,0.8499953150749207,-0.3166535198688507,0.40901678800582886
0.30580541491508484,0.550447404384613,1.0895596742630005,0.5270525813102722,0.20480568706989288,-0.3781460225582123,0.6999763250350952,1.2916343212127686,0.6053543090820312,-0.5607089400291443,-1.6119662523269653,0.35217833518981934,0.2878383994102478,0.5702452063560486,-0.3771147131919861,-0.8455393314361572,1.1539825201034546,-0.5425145626068115,0.22503508627414703,0.810059130191803,0.8781417012214661,0.6736741662025452,-0.9960618019104004,0.7753395438194275,0.7100768685340881,-1.163193941116333,0.6835245490074158,0.11723391711711884,1.6239395141601562,1.4187217950820923,0.41803407669067383,0.4822961390018463,1.1842007637023926,1.1306936740875244,0.38904035091400146,0.43388232588768005,0.45516765117645264,0.19700898230075836,-1.4215928316116333,-0.14482329785823822,-0.5672236084938049,-0.4213361144065857,0.6970233917236328,0.11969002336263657,0.8805598616600037,-1.5305384397506714,-1.3991509675979614,0.28482526540756226,-0.20036432147026062,-0.7817201614379883
0.82015061378479,-1.2938480377197266,-0.6481266021728516,-1.5551577806472778,-0.06515171378850937,0.38270553946495056,0.7665449976921082,1.3012617826461792,1.3012666702270508,0.3669874668121338,-0.8834880590438843,-1.1958876848220825,-0.499442458152771,0.20758672058582306,1.5761069059371948,-1.9074615240097046,1.5462286472320557,1.2863391637802124,-1.227702260017395,0.2244255095720291,0.867766797542572,0.026387633755803108,-0.436900794506073,1.9966992139816284,1.8576780557632446,0.8643330335617065,-0.8001822233200073,0.7293275594711304,0.07872867584228516,-0.10794369131326675,-0.18291263282299042,0.134797140955925,-1.3214154243469238,-0.09081397950649261,-1.5598773956298828,0.6493918299674988,2.492964267730713,-0.2549807131290436,0.13310407102108002,-0.641599714756012,0.7598787546157837,0.31227120757102966,-0.9453641772270203,0.28141188621520996,-1.0439956188201904,0.6449641585350037,-1.2181705236434937,-0.38152575492858887,0.026591569185256958,0.27652376890182495
-1.1548901796340942,1.6886342763900757,-0.8386490941047668,-0.25694599747657776,0.518501341342926,-0.4346981942653656,-0.5933632850646973,-1.6096744537353516,-0.7090513706207275,-1.6967291831970215,0.06645184010267258,0.08218904584646225,-0.13594293594360352,0.8422635793685913,1.05060613155365,-0.505527138710022,-0.07447952032089233,0.3273564279079437,0.8197361826896667,-0.9260892271995544,0.61142498254776,-0.8262365460395813,1.0920242071151733,1.4857194423675537,1.4573861360549927,-0.10974401235580444,1.2803785800933838,-0.4622074067592621,-0.6797553896903992,-1.1583393812179565,1.6025702953338623,0.27969664335250854,0.8511396646499634,0.7130684852600098,-0.12522511184215546,0.5929292440414429,0.5193566083908081,0.6114595532417297,0.7548477649688721,2.0809855461120605,-1.350968599319458,-0.07934793084859848,-0.986638069152832,0.5278496742248535,0.31291285157203674,1.7597460746765137,1.197474479675293,1.0619317293167114,2.114833354949951,-0.5815001726150513
0.07976288348436356,-1.7755986452102661,0.321794718503952,0.10892148315906525,-2.695659637451172,1.8858331441879272,-0.5639025568962097,-0.7455511689186096,-0.23259493708610535,-0.03091723658144474,1.327288269996643,0.38181525468826294,-1.2707115411758423,-1.0633622407913208,-1.3200757503509521,-0.46004483103752136,-0.7983871698379517,0.10217460244894028,-3.0247623920440674,-0.6325321793556213,0.11374630033969879,-0.17804811894893646,0.14627507328987122,-0.6826655864715576,-0.8575771450996399,0.8157144784927368,0.016510026529431343,0.7221888899803162,-1.0927231311798096,-1.227865219116211,-0.8187823295593262,-1.454481840133667,1.8457653522491455,-1.1127266883850098,0.7727442383766174,-1.5405404567718506,-0.14813299477100372,0.05234001576900482,1.1343293190002441,-0.05907195433974266,0.7564404606819153,-1.505486011505127,-0.1837409883737564,0.9355736970901489,-0.22971120476722717,1.231622576713562,0.4467095136642456,0.4153081774711609,-0.8800739645957947,-0.9969223141670227

Slice 52
-0.9091906547546387,-1.1807314157485962,0.3779546916484833,1.368141531944275,0.5529349446296692,-1.0753957033157349,-0.7349132895469666,0.19585919380187988,-1.5293433666229248,0.029156548902392387,-0.6323428153991699,-0.4618319272994995,-0.870204746723175,0.07160600274801254,-1.2098275423049927,0.2784251570701599,1.3308879137039185,-0.15929529070854187,-1.7224743366241455,1.8449150323867798,0.14835943281650543,1.5369369983673096,-0.9644173979759216,-0.3209937512874603,1.1785786151885986,-1.65176522731781,-1.3555234670639038,1.3841837644577026,-0.9514167904853821,-2.3583555221557617,-1.0499320030212402,-1.8034926652908325,-1.0562448501586914,1.3791985511779785,-0.7874000668525696,-1.3967750072479248,1.8333450555801392,-0.10975107550621033,-1.2160753011703491,1.1141043901443481,-0.3140861690044403,0.7556562423706055,-1.1894954442977905,0.8358848690986633,-1.5495645999908447,-0.3103909194469452,-0.015012981370091438,-0.02114313654601574,0.6682202219963074,0.6060135364532471
1.5623387098312378,1.0381602048873901,-0.8657466769218445,0.49072548747062683,0.556245744228363,-1.4111855030059814,0.07790947705507278,-1.0535588264465332,-0.5052803158760071,-0.9273834824562073,-0.2226213663816452,-0.17810392379760742,0.9668134450912476,1.3501602411270142,-0.20106559991836548,-1.408083200454712,1.1108543872833252,0.11877118051052094,0.4117596745491028,0.2554323971271515,1.4198644161224365,1.353521704673767,-1.853276252746582,-0.8276665806770325,1.3272573947906494,0.6188215017318726,-1.2140674591064453,1.598663330078125,1.7545952796936035,1.9600862264633179,0.34332719445228577,0.05228235945105553,-0.3869893550872803,-0.030278325080871582,-1.5116958618164062,0.05324035882949829,2.5947370529174805,1.1014100313186646,-0.680621862411499,-0.9367250204086304,-0.7733836770057678,1.6773951053619385,-0.6121212840080261,0.4873480498790741,-0.018300045281648636,0.6942552328109741,-0.075630784034729,-0.973717212677002,-0.9040574431419373,0.7755371928215027
-1.3292319774627686,-0.8183673620223999,-0.8301265239715576,0.29885441064834595,0.3030230700969696,2.4404242038726807,-0.5332851409912109,-0.36937546730041504,-1.8245604038238525,1.4283182621002197,0.7076213955879211,0.5575549006462097,-1.8329466581344604,0.10907410085201263,-0.43556344509124756,-1.1195085048675537,-1.0080692768096924,1.800200343132019,1.297188401222229,-1.0855216979980469,-0.5033252835273743,0.840886116027832,-3.0496389865875244,1.846665859222412,0.3107106685638428,0.790139377117157,-0.533926784992218,1.0622836351394653,0.7752960920333862,-0.0965791568160057,1.9970121383666992,-0.9641558527946472,1.5538443326950073,0.044137291610240936,2.203554153442383,-0.5508484244346619,0.9406150579452515,1.8299074172973633,1.6470028162002563,-0.18308711051940918,0.04862995445728302,-0.3560393750667572,0.7717239856719971,-0.5559226870536804,-1.2623177766799927,0.28470930457115173,1.9011012315750122,-0.4292408525943756,-2.28349232673645,0.19369885325431824
0.28948017954826355,0.8092506527900696,-0.27363425493240356,0.17453058063983917,-1.6083407402038574,-0.6236459016799927,-0.38387802243232727,-2.674762010574341,0.8648843169212341,0.0396292507648468,0.9595909118652344,-0.6266141533851624,-2.323352336883545,0.7724358439445496,-0.36624595522880554,-0.4813232719898224,-1.318692684173584,-0.35334232449531555,0.18491995334625244,0.12538251280784607,-1.1417231559753418,0.2734137773513794,-0.22206257283687592,-0.007491309195756912,0.27866774797439575,1.0005370378494263,0.2160763293504715,0.31441783905029297,-0.4057072103023529,-0.8667194247245789,-0.08499813824892044,-1.7110533714294434,-0.4379008114337921,-1.6005712747573853,0.9058888554573059,-0.029075872153043747,-0.6093266606330872,-1.0205540657043457,-0.5796099305152893,-1.8691376447677612,0.5583682656288147,-0.5238706469535828,-0.8676486015319824,-0.0001985638082260266,1.6892457008361816,1.8652187585830688,-1.5531566143035889,-1.110519528388977,0.5921377539634705,0.7573879957199097
-0.7359816431999207,-0.9368913173675537,-1.7287018299102783,-1.7406960725784302,-0.6026344299316406,1.0498288869857788,-0.5700249671936035,-0.08935903757810593,-0.20102594792842865,-0.12935590744018555,-0.4549252390861511,0.10423170030117035,0.8535937070846558,-2.074580192565918,-1.5570757389068604,-0.7081362009048462,-0.039239123463630676,-0.019945451989769936,-1.0726739168167114,0.4930723011493683,-1.809883713722229,-0.020411068573594093,-1.8130741119384766,0.3010961711406708,-0.5808354020118713,-1.2219043970108032,-0.45577043294906616,-1.7347456216812134,0.40858882665634155,-0.9245521426200867,-0.238938108086586,0.23921672999858856,-0.041700635105371475,-2.2895922660827637,0.33611932396888733,0.5950247049331665,-1.3769116401672363,-0.1851383000612259,1.6646262407302856,0.6414436101913452,-0.4641801714897156,0.8474471569061279,0.7178308963775635,0.7886468172073364,-0.8957714438438416,-0.03598136082291603,-0.2521580457687378,-0.2107614427804947,-0.7476926445960999,-0.8776753544807434
1.3407257795333862,0.12089810520410538,1.965651512145996,0.8309341669082642,-0.9794225096702576,-1.0148799419403076,0.4381578862667084,2.1817986965179443,2.2527387142181396,-0.8230498433113098,-0.8248726725578308,2.1770172119140625,-0.5530500411987305,0.3736914098262787,-1.1398861408233643,-0.8001964092254639,1.4737104177474976,-1.23735773563385,-0.12365102022886276,0.619975745677948,0.9650943875312805,1.6167395114898682,1.7612839937210083,-0.3894425332546234,0.3453916609287262,-1.2842284440994263,0.007194289937615395,0.9704579710960388,0.5229123830795288,0.7433001399040222,1.6619750261306763,-0.17016847431659698,-2.184847354888916,0.7298142910003662,-0.3295331597328186,0.672177255153656,-1.1713024377822876,-1.6500763893127441,-0.7561742663383484,0.7802268266677856,0.8689103722572327,1.031538486480713,0.16309960186481476,0.8940036296844482,-0.1678064912557602,-1.811749815940857,-1.0870609283447266,-0.7641448378562927,0.8029418587684631,0.9816474318504333
-0.27140751481056213,2.121375322341919,0.828031063079834,-1.7940800189971924,1.8912469148635864,-0.017735203728079796,-1.3294230699539185,1.60211980342865,0.5387071371078491,-0.05773480609059334,1.604453682899475,0.6305568218231201,-0.4173223674297333,2.0227928161621094,0.9792465567588806,0.5729734301567078,1.0320006608963013,1.0867531299591064,0.12830975651741028,-1.875954508781433,0.16312983632087708,-2.1336138248443604,0.000740528164897114,-0.6545435190200806,-1.338709831237793,-0.10908471792936325,0.1355232447385788,-1.650952935218811,2.026317596435547,0.9207140803337097,-0.870476484298706,-0.4040904641151428,0.5647730827331543,-0.18576937913894653,0.06682281196117401,1.113335371017456,-0.15195535123348236,0.15541088581085205,0.5523139834403992,-2.069737672805786,1.5446369647979736,1.0498000383377075,-0.2851228713989258,-0.013250242918729782,-0.055329110473394394,-0.100229911506176,-0.8912139534950256,-0.05485852062702179,-1.1104915142059326,-1.9040405750274658
-2.0786023139953613,-0.08447840809822083,0.6713917255401611,2.042304277420044,-0.5948432683944702,1.326035737991333,-1.1483298540115356,0.1808350533246994,0.5675638914108276,-0.8386052250862122,-0.5691404342651367,-0.5068914294242859,-0.05062807351350784,-0.06129568815231323,-1.0335780382156372,-1.6924843788146973,-0.5012099742889404,0.16877016425132751,-0.19186866283416748,0.5527008175849915,0.9921606779098511,-1.0738754272460938,-0.06386640667915344,-1.6394503116607666,1.732309103012085,1.281215786933899,-0.47190389037132263,0.20257572829723358,-0.5122447609901428,-0.7542595267295837,-0.5213109254837036,1.0392552614212036,0.05502624809741974,-0.6480588912963867,0.3782925605773926,-1.155508279800415,0.6320127248764038,0.11748779565095901,0.7164183259010315,0.1199726015329361,-0.5032196044921875,-0.7076905369758606,1.2590997219085693,0.5969818234443665,0.5463435053825378,0.6123274564743042,-0.5488503575325012,-2.141976833343506,0.47030097246170044,-1.5483149290084839
-0.37654659152030945,0.5905666947364807,-0.4612356424331665,-0.7350092530250549,-0.423381507396698,0.07705415785312653,-2.091780424118042,-2.1149439811706543,-0.9965018033981323,-2.5868098735809326,-0.5093534588813782,-1.7144438028335571,-0.18249735236167908,1.0226505994796753,-0.9226707816123962,0.3544657528400421,-0.5443267226219177,-1.430111050605774,-0.15231463313102722,1.345613718032837,-1.0794754028320312,0.6916782259941101,-1.1314893960952759,0.2062934935092926,-0.2958763837814331,0.05802001431584358,-1.5370889902114868,0.7077537178993225,0.016714323312044144,-0.03720618039369583,0.7933074235916138,-0.6339643001556396,-0.4829716980457306,-0.507206916809082,-1.017241358757019,-1.0296844244003296,-0.19189029932022095,0.32010072469711304,1.1829899549484253,-1.1273300647735596,-0.38364070653915405,-0.1286083310842514,0.4464307725429535,-1.5316448211669922,-0.8372745513916016,0.3818033039569855,1.4794280529022217,-1.1099750995635986,0.32039424777030945,-0.06977476179599762
-0.6068010330200195,0.8912986516952515,-0.8826259970664978,-0.22237549722194672,0.32581111788749695,-0.9588958621025085,1.163905382156372,0.6890630125999451,0.164378821849823,0.7314726114273071,1.5050673484802246,-0.7252473831176758,2.443661689758301,0.6513004302978516,0.4629512131214142,-0.5212623476982117,0.8738580942153931,0.5950571894645691,-0.178729847073555,1.2475659847259521,-0.4369240999221802,-0.510081946849823,0.758152961730957,-0.13785991072654724,-1.7796592712402344,0.573189377784729,0.9848310947418213,1.2657802104949951,0.2501695156097412,-0.6222649216651917,-0.3320832848548889,1.241068959236145,1.565877914428711,-0.3824264109134674,-0.4865078628063202,1.344091773033142,1.3116216659545898,1.9181301593780518,-0.14892864227294922,-1.6610630750656128,0.26306456327438354,-0.17187081277370453,0.4590104818344116,0.012214885093271732,0.5468692183494568,-0.2614175081253052,-0.15538719296455383,0.876588761806488,0.1518486887216568,-0.7579659819602966

Slice 53
-1.4206088781356812,-2.04762864112854,1.3387396335601807,1.1539790630340576,-1.6877175569534302,0.29051363468170166,0.9871784448623657,0.5411289930343628,-1.0078591108322144,1.4854307174682617,0.3766224980354309,0.8405699133872986,-2.2944412231445312,-0.394728422164917,-0.6279376745223999,0.9917541146278381,-0.37879833579063416,-1.548926591873169,0.1622321605682373,-1.435150384902954,-0.5246998071670532,0.2778010368347168,-0.9680215120315552,0.5714243650436401,-2.0864672660827637,-0.866393506526947,1.3234045505523682,0.49790287017822266,1.20493483543396,-0.6149521470069885,-1.5812535285949707,-0.3424348831176758,-1.4087196588516235,-2.1490871906280518,-1.2196931838989258,1.1291782855987549,-0.09711595624685287,0.24517035484313965,0.6729016304016113,-0.8287516832351685,-1.1650396585464478,0.9155511856079102,0.8085002899169922,-0.8487974405288696,0.8942397832870483,-0.7809082269668579,0.9980459213256836,0.7864881753921509,-0.6269026398658752,-0.8854847550392151
-0.6523293852806091,-1.4438655376434326,0.7575638294219971,0.8699913024902344,-0.4254136085510254,-0.4857481122016907,0.10924248397350311,-0.3093705475330353,-0.004366044420748949,1.1210823059082031,-1.1641746759414673,-0.5974161624908447,-0.7023728489875793,0.34209439158439636,-0.7357216477394104,0.22511383891105652,-0.16304026544094086,2.3160579204559326,0.07865706831216812,1.1546903848648071,-0.6683292984962463,0.7045170664787292,-0.5713310241699219,0.4087083637714386,0.3426322340965271,-0.3287333548069,0.6643739938735962,0.7700870037078857,-0.5856644511222839,0.0782741829752922,1.2134941816329956,-0.3658621609210968,0.10171739757061005,-0.02592422626912594,0.7237522602081299,-0.23371706902980804,-0.048531316220760345,-0.24043644964694977,-1.162086009979248,-0.16412249207496643,-0.40964826941490173,1.253496527671814,0.8710675239562988,1.4245141744613647,-0.15963050723075867,-1.305703043937683,0.1958358734846115,-0.036374904215335846,-0.2633383572101593,1.3991717100143433
-1.3099110126495361,0.21403750777244568,0.22427435219287872,0.034112054854631424,1.757487416267395,-0.20760300755500793,-1.1075146198272705,-0.3123345673084259,-1.2713463306427002,-0.44672977924346924,0.43035367131233215,1.062048316001892,1.3580418825149536,-0.5335649251937866,-2.005312919616699,-0.18837493658065796,-0.09429150074720383,0.7157709002494812,-0.6288643479347229,-0.16780146956443787,-0.6775816679000854,0.780612051486969,0.03897486627101898,0.07178626954555511,0.9109833240509033,1.7588160037994385,1.7196288108825684,-2.4045803546905518,0.42738646268844604,0.5745700597763062,0.21160633862018585,-0.32147592306137085,0.37027767300605774,0.16218119859695435,0.19080674648284912,0.9528356194496155,-1.057775616645813,1.493458867073059,0.343845397233963,0.8701933026313782,-1.206870436668396,0.21631737053394318,0.21147170662879944,1.1893634796142578,0.7976574897766113,-0.39502593874931335,1.1063734292984009,0.4010651111602783,1.0773439407348633,0.20683149993419647
-0.1559254229068756,0.5354621410369873,1.455403208732605,0.539251446723938,-0.25021421909332275,0.3270253539085388,-1.0332398414611816,-2.1575284004211426,-1.3736687898635864,0.40353378653526306,-0.011682333424687386,-0.9125210046768188,0.16143694519996643,-1.752563238143921,-0.10484547913074493,-0.7928835153579712,-0.3266860246658325,1.1366751194000244,-1.1204426288604736,0.4435459077358246,1.6949856281280518,-0.4877191483974457,0.1433117687702179,-0.0006969298119656742,0.34029749035835266,1.2735944986343384,1.5423530340194702,0.4056154191493988,0.5095967650413513,0.9092998504638672,0.6845865845680237,-1.8029950857162476,0.49990114569664,-0.005374523811042309,-0.21298016607761383,0.008647729642689228,-0.6162814497947693,0.9163765907287598,0.03677685186266899,-0.6962838172912598,0.1426032930612564,-0.45347118377685547,1.626854658126831,-0.16661223769187927,-0.29287925362586975,2.0501906871795654,-1.610732078552246,1.0409131050109863,1.482115626335144,1.6892598867416382
0.6009400486946106,0.8494474291801453,0.6684200167655945,-0.751605212688446,0.3510379195213318,0.4025156795978546,-1.0418528318405151,-0.6027063131332397,0.32909417152404785,0.629535973072052,1.2884234189987183,-1.1305344104766846,1.3629992008209229,0.9884044528007507,0.3286711573600769,-1.0902984142303467,0.9769817590713501,-1.1039372682571411,0.23528707027435303,-0.5782597661018372,-1.640581727027893,0.0004434649890754372,1.3598661422729492,-0.6936939358711243,1.1236178874969482,1.1104625463485718,-0.031859759241342545,-0.21621690690517426,-0.27959293127059937,-1.3186382055282593,-2.1498208045959473,-0.7173697352409363,-0.21483531594276428,1.2360968589782715,-0.4514555335044861,-0.1983671933412552,-1.2004704475402832,0.7337942719459534,-0.8868985772132874,0.3602074086666107,-0.23828434944152832,-0.36659878492355347,0.1934577375650406,0.6770726442337036,0.8948110938072205,-0.3930412530899048,-1.4596834182739258,1.1165465116500854,1.1756370067596436,0.0902976542711258
-0.535571277141571,0.8131232857704163,-1.626926064491272,-0.6155351996421814,1.6108664274215698,1.1059116125106812,-0.7029508352279663,-1.9044649600982666,0.19987402856349945,-1.7399475574493408,1.073553442955017,-0.5865632891654968,2.003988027572632,1.0111820697784424,-0.6489872932434082,0.7426885366439819,1.509321928024292,0.46640557050704956,-0.6855770349502563,-0.46015647053718567,0.0931774154305458,1.045862078666687,-0.5577868223190308,-0.45457252860069275,-0.8245671987533569,-0.3564836382865906,-1.1640704870224,-0.8967031836509705,-2.2087759971618652,0.7316940426826477,1.4681673049926758,-1.3252097368240356,-0.2371419370174408,0.19234640896320343,0.8123071193695068,-1.1676486730575562,-0.20247340202331543,0.23165562748908997,-1.3870713710784912,1.548484444618225,-0.2049294263124466,-0.5386203527450562,0.0720541775226593,-0.11757555603981018,-0.7208285927772522,-2.9023489952087402,-0.9818691611289978,-1.628494381904602,0.31439948081970215,0.15653011202812195
0.9415097236633301,1.5669033527374268,0.7156433463096619,-1.0685248374938965,0.425199419260025,0.14375431835651398,0.2496461123228073,-1.201331377029419,-0.27618521451950073,1.575684666633606,2.0367047786712646,0.18669992685317993,-0.2858218550682068,-1.169447422027588,0.8641844987869263,-0.17426103353500366,-1.0983022451400757,-1.0496894121170044,0.610339879989624,0.08277541399002075,-0.5793815851211548,-2.2957239151000977,-1.2020267248153687,1.4480739831924438,1.0437482595443726,0.18014438450336456,-0.1016898900270462,-1.4359512329101562,-0.2509436309337616,-0.9876299500465393,-0.3475307822227478,-2.028480291366577,0.7875197529792786,-0.9136400818824768,1.1715511083602905,0.8922070860862732,0.4633452594280243,1.6597357988357544,-0.020800383761525154,1.7931181192398071,1.1349222660064697,-1.1140137910842896,0.7665066719055176,1.467207670211792,1.8902876377105713,-1.3455471992492676,0.9038758873939514,-0.044154778122901917,-0.9403201341629028,-2.4262213706970215
0.32338446378707886,1.2784010171890259,0.9838516116142273,0.20575405657291412,-1.4893168210983276,0.7610637545585632,0.09395413845777512,0.05081796273589134,-0.12434802949428558,-0.8044432997703552,0.5122935175895691,0.6780762076377869,0.8696225881576538,0.2497592717409134,0.362094908952713,-1.1499184370040894,1.7334845066070557,0.8324742913246155,-2.1832363605499268,-0.3367670178413391,0.2446184754371643,0.5106264352798462,0.9483317732810974,0.5652952790260315,-0.5498033165931702,-1.151229739189148,1.7944482564926147,-1.1693109273910522,-0.8660037517547607,0.6616562008857727,-0.5148091316223145,-0.15899482369422913,0.02747255377471447,1.4163037538528442,1.6113992929458618,0.5856838226318359,0.3187009394168854,1.2445180416107178,0.03706024959683418,-0.8745554685592651,1.2305283546447754,-0.05694478005170822,-1.2358899116516113,0.22573864459991455,-1.0861092805862427,0.9520662426948547,0.6653088927268982,0.30630865693092346,0.5967718958854675,-1.5851861238479614
1.1315892934799194,-0.3600969910621643,-0.6965553164482117,0.04169256612658501,-1.665949821472168,0.056959863752126694,-0.4134199917316437,0.5627181529998779,1.2937456369400024,1.5733782052993774,0.0629642978310585,1.2735896110534668,-1.982938289642334,-0.16632528603076935,-0.19209957122802734,1.610662817955017,-0.8136000633239746,0.04602157697081566,-2.5717661380767822,-0.9535229802131653,-1.6102640628814697,-0.7362349033355713,1.0737831592559814,0.9112316966056824,0.18166136741638184,-0.2913762032985687,-2.33672833442688,-1.0757732391357422,-0.050096120685338974,1.762874722480774,1.1841834783554077,0.8463428020477295,1.0381999015808105,-1.1137566566467285,0.369947612285614,-0.14984893798828125,0.12529058754444122,0.5829135775566101,0.43634599447250366,-1.311989665031433,0.40983858704566956,0.6574722528457642,1.1936216354370117,-0.05574331060051918,-0.6158369183540344,-0.8925732374191284,1.3848836421966553,-0.11882250756025314,-1.3284435272216797,0.5124989151954651
-1.229880690574646,1.3821734189987183,-0.07305235415697098,0.5187126994132996,1.1379625797271729,0.5239139795303345,0.6533038020133972,-0.49787217378616333,1.4712013006210327,0.13069002330303192,-0.7085632085800171,0.9263051152229309,-0.5588409900665283,1.401076316833496,0.14587834477424622,1.052771806716919,2.4129984378814697,-0.13806003332138062,1.0182979106903076,-2.6820108890533447,1.818697214126587,-0.8432443737983704,-0.9809967279434204,-0.060766320675611496,0.8473330140113831,0.1970347762107849,-0.11703254282474518,0.8463723659515381,0.4752540588378906,0.3373759984970093,0.30849146842956543,0.14083050191402435,-2.2098190784454346,-1.5483232736587524,0.7325688004493713,0.36839422583580017,1.4079450368881226,0.560324490070343,-0.4688339829444885,0.9794779419898987,0.7231935858726501,-0.004424366168677807,0.676160454750061,-0.49281978607177734,1.1343274116516113,0.2448834478855133,-0.44847699999809265,0.11341428756713867,-1.385854959487915,0.288628488779068

Slice 54
0.9771963953971863,0.3035045862197876,-0.5659683346748352,-0.3888440430164337,-0.6115047335624695,0.6568991541862488,0.3960852324962616,1.0362870693206787,-1.5475521087646484,-0.39958471059799194,-0.5652603507041931,0.4007127583026886,0.7220052480697632,-0.3830096125602722,-0.946233868598938,-0.308912992477417,0.29170748591423035,1.6842626333236694,-2.38704252243042,-1.8031165599822998,0.2809560000896454,-1.4792728424072266,1.2612146139144897,-0.4055214524269104,-0.7186782956123352,1.264563798904419,-0.7559546828269958,1.0391432046890259,-0.6091686487197876,0.39291155338287354,-0.792229413986206,-1.6165392398834229,-0.011044994927942753,1.7030959129333496,0.1979503482580185,-0.09394794702529907,2.0319337844848633,-0.2071063369512558,-0.1530509889125824,-0.31921494007110596,-0.7803579568862915,1.2752619981765747,1.5972071886062622,-0.5826193690299988,1.024958848953247,-0.887424647808075,-0.5004996061325073,0.9492939114570618,-0.8040759563446045,-0.12391500174999237
0.8761693239212036,1.2030588388442993,-0.3450779318809509,1.4198540449142456,-0.3402973413467407,-1.7888331413269043,1.4199081659317017,1.204337239265442,0.6795276403427124,-0.574521541595459,1.5110650062561035,0.9172815084457397,1.643522024154663,-0.5624845623970032,-1.1766550540924072,-0.2655857801437378,0.7597391605377197,0.35824617743492126,2.1676156520843506,-1.312146782875061,0.6214677095413208,-0.6374205946922302,0.25121065974235535,-0.6572373509407043,0.18616844713687897,-0.3619382977485657,-0.8460987210273743,1.0258389711380005,1.0771276950836182,-0.09591411054134369,-0.9786485433578491,-0.9963583946228027,1.9157017469406128,-0.05447838827967644,-2.4727492332458496,-0.9249603152275085,-0.4023081362247467,0.003123898757621646,-1.1391642093658447,-1.0447241067886353,-0.6599252223968506,0.29094168543815613,0.4643862247467041,1.1969865560531616,-0.6213673949241638,-0.9681054949760437,-0.883700966835022,-0.6760683655738831,-0.897706151008606,-0.6997516751289368
0.39764589071273804,-1.908327579498291,-0.6765367388725281,0.13763579726219177,-0.5506842732429504,-1.854838490486145,-1.530504822731018,0.7693488597869873,-0.12877891957759857,-2.8805928230285645,1.5411183834075928,-0.6543310284614563,0.3949686288833618,-0.622698962688446,0.5333224534988403,-0.6652607321739197,1.215080976486206,-1.3889015913009644,1.0078564882278442,0.0434621125459671,0.14134185016155243,0.20395870506763458,-0.4235011339187622,0.3611762821674347,1.0860233306884766,2.344906806945801,-1.6978380680084229,0.7352830171585083,-0.7373933792114258,-0.6444689035415649,1.236890196800232,1.0536075830459595,1.2734315395355225,0.7164590358734131,-2.2590978145599365,0.5071349143981934,-0.4364141523838043,0.6344329714775085,-1.5952333211898804,0.8057002425193787,1.5562766790390015,0.7959238886833191,1.0671716928482056,0.30967089533805847,0.7752118110656738,-0.15274888277053833,0.7781049013137817,2.9799091815948486,0.8981374502182007,-1.4580293893814087
1.6806777715682983,-0.04539479315280914,-0.5091937780380249,-0.13517937064170837,-0.9255620241165161,2.4047017097473145,1.0236433744430542,1.3204421997070312,-0.23759984970092773,-1.1360939741134644,-1.1265355348587036,1.6992563009262085,-0.6426305174827576,-0.9055674076080322,0.5121870040893555,-1.5581916570663452,1.4908623695373535,0.4301849603652954,0.3250419497489929,0.5018398761749268,0.2956668734550476,-1.2022178173065186,1.8385086059570312,-0.20285850763320923,-1.6266279220581055,0.7580246925354004,0.7638587951660156,0.22497452795505524,0.1319560557603836,-2.093830108642578,0.12973269820213318,-1.888035535812378,1.291505217552185,-1.1386014223098755,2.093708038330078,-1.2703934907913208,1.869066834449768,0.11330433934926987,-0.40386897325515747,-1.1028443574905396,0.2429291158914566,0.17961616814136505,0.0836888775229454,0.14040245115756989,0.4062313139438629,0.4935505986213684,-0.4326305389404297,1.938553810119629,-1.6585040092468262,-0.2749345004558563
0.5042641758918762,0.29176995158195496,-0.5234273076057434,-0.3742649555206299,-1.5948721170425415,-1.3571285009384155,-1.1455252170562744,-0.11793093383312225,-0.5510848164558411,0.3566112220287323,-0.012602219358086586,-1.006208896636963,0.3859252333641052,-1.2906807661056519,1.274738073348999,-0.4508764147758484,2.6563222408294678,-0.28573039174079895,-0.927939772605896,1.6804957389831543,-0.5794432163238525,0.5749979615211487,-0.714383065700531,-0.3961646854877472,1.4764984846115112,-0.4598776400089264,1.7659718990325928,1.226508378982544,-0.6952795386314392,0.030238810926675797,0.05360644683241844,-0.060021474957466125,-2.2169346809387207,-1.4592069387435913,-0.5182520151138306,0.7087130546569824,0.24235031008720398,1.3577691316604614,1.0472381114959717,-0.38486236333847046,1.325278639793396,-2.3410637378692627,0.8945034742355347,-0.6866863965988159,-0.6075412034988403,0.7193603515625,0.5210647583007812,-0.6408419609069824,-0.07117456942796707,1.1565130949020386
-0.005101720802485943,1.0816354751586914,0.6119101643562317,1.648904800415039,-0.37388697266578674,-1.2981693744659424,-1.73811674118042,-1.481126308441162,1.4266102313995361,0.9274218678474426,-0.047934677451848984,-1.5198822021484375,1.4473692178726196,-0.30933305621147156,-0.5834119319915771,0.13326843082904816,-0.7358726263046265,0.5690784454345703,0.2656998336315155,-0.7519906163215637,-2.383701801300049,1.1646958589553833,-2.078279733657837,-0.7671941518783569,0.5161511301994324,0.49386459589004517,-0.636821985244751,0.12657399475574493,1.4284698963165283,1.8947527408599854,-1.4288132190704346,-0.48835769295692444,-0.48145708441734314,-0.030754631385207176,-0.5890686511993408,-0.5506375432014465,-1.7239986658096313,-1.775148868560791,-1.10344398021698,1.3066436052322388,0.36110764741897583,-1.321781873703003,0.2467910200357437,2.0076146125793457,0.3338596820831299,-1.4808419942855835,0.43725886940956116,-0.8573613166809082,-0.5406320095062256,-0.7499548196792603
0.30036887526512146,-0.11376016587018967,1.7599273920059204,-0.7455195188522339,-0.02767544984817505,-0.2175489366054535,-0.38703954219818115,-0.617112398147583,-1.0714446306228638,1.3614789247512817,0.1377520114183426,0.9632334113121033,-0.8588258028030396,-1.4151954650878906,0.9521779417991638,-1.0943970680236816,0.17807026207447052,0.3505358099937439,-0.6399533152580261,1.196907639503479,-0.12189631909132004,-1.7614054679870605,0.363533616065979,-1.8140804767608643,0.4789806604385376,0.04983443394303322,0.9162817597389221,-1.197202205657959,-0.38661062717437744,0.10347004979848862,-0.47773635387420654,0.026523498818278313,-1.2675912380218506,1.368318796157837,1.326482892036438,0.3839406371116638,-0.7744482159614563,-0.6074066758155823,-0.6834360361099243,0.4005323648452759,-1.2341208457946777,-0.059728268533945084,-1.4824109077453613,0.6250293850898743,-1.7716083526611328,1.1923829317092896,-0.09623029083013535,0.5895339250564575,-0.013586793094873428,0.7998977899551392
0.7380257248878479,0.5346725583076477,-1.672823190689087,-0.6228000521659851,-0.4113863706588745,-0.9385870099067688,-0.9343322515487671,-0.3617633283138275,-0.3352430462837219,-0.2871975004673004,0.37184345722198486,0.5109678506851196,1.3078076839447021,-1.8063569068908691,-0.3035120368003845,-1.1725823879241943,1.166324496269226,0.3274315595626831,0.6437094211578369,0.7822728157043457,-0.1360146552324295,-1.0870957374572754,1.1152814626693726,-0.8729282021522522,-0.26844048500061035,0.6537922024726868,-0.2616950571537018,1.4888471364974976,-0.5741820931434631,-0.6666605472564697,-1.3556331396102905,-0.28901681303977966,-0.997627317905426,-0.4119724631309509,-0.0888759046792984,1.00996732711792,0.5032758116722107,0.534557580947876,0.6878536343574524,-1.26703679561615,0.0992116779088974,0.813407838344574,-0.7322745323181152,0.1392008513212204,0.35959160327911377,-0.6547569632530212,1.0534038543701172,0.7494120597839355,-1.9582173824310303,-0.8464249968528748
-0.26151561737060547,-0.27454519271850586,-0.2507147490978241,-0.6234728097915649,0.657374918460846,-2.0082848072052,-0.7819788455963135,-1.554299235343933,-1.002182960510254,1.593118667602539,-0.38691446185112,-0.7833324670791626,-0.9711520075798035,0.24350278079509735,-0.8052016496658325,1.0855026245117188,-0.10333997011184692,0.8193320035934448,-0.03305729106068611,0.07634393870830536,-2.21897029876709,-1.504091739654541,-0.4265384376049042,-0.6114153861999512,0.7563837766647339,-0.510244607925415,0.7062996029853821,1.1791973114013672,-0.6284539699554443,1.2778253555297852,-0.3551999032497406,1.9104803800582886,-0.3212580978870392,-0.5831819176673889,0.3841700553894043,1.379724144935608,1.1877033710479736,-0.4121784567832947,1.1244657039642334,-0.5651825070381165,-1.6096233129501343,0.50642329454422,0.6728672385215759,-1.5358128547668457,-1.2220187187194824,0.023135576397180557,-1.1750457286834717,0.18737879395484924,1.18256676197052,0.5072172284126282
-1.0613210201263428,-2.551361322402954,0.6584067940711975,0.33697161078453064,1.121557593345642,-1.0109113454818726,0.9670264720916748,1.068428874015808,0.1100546270608902,0.783078670501709,0.5434136986732483,1.4061768054962158,0.6096850633621216,0.10331695526838303,-0.16644203662872314,0.49787309765815735,-0.19355063140392303,-0.6220211982727051,0.7348900437355042,0.5147502422332764,0.06442089378833771,-1.0765025615692139,-0.746275007724762,0.15398496389389038,1.686871886253357,-0.8137276768684387,-2.233203887939453,-1.8456367254257202,0.41637951135635376,1.0136090517044067,2.469895839691162,-0.896191418170929,0.37494391202926636,1.1300455331802368,0.520248293876648,-0.29083824157714844,-1.79498291015625,-1.3366249799728394,-1.5434967279434204,-0.554181694984436,-0.8776991963386536,-0.7282322645187378,0.19951431453227997,-1.7194907665252686,-1.600921392440796,-1.5874099731445312,-1.4563430547714233,1.2715576887130737,0.5658325552940369,1.139656901359558

Slice 55
-0.498363733291626,0.9315412640571594,0.6719566583633423,1.3055548667907715,-0.9023337364196777,0.052612222731113434,0.9385882019996643,-0.4075767993927002,0.9393564462661743,-0.49153369665145874,-0.21402031183242798,-0.3708462715148926,-2.00460147857666,-1.3015286922454834,-0.2900006175041199,0.21312128007411957,-0.9084461331367493,0.34513095021247864,0.4089471697807312,0.5219246745109558,-0.7174261212348938,0.5672644376754761,-1.9361398220062256,1.4448000192642212,1.5976378917694092,-0.5989833474159241,0.16349191963672638,0.9411126971244812,-0.7579644322395325,0.7403870224952698,-1.445205569267273,-1.598881483078003,-0.2825310528278351,-0.3940424919128418,0.9294770956039429,1.908390998840332,0.35852888226509094,0.08382702618837357,0.08123794198036194,1.1400153636932373,0.18585990369319916,0.1688716560602188,0.3119836449623108,-1.9629483222961426,0.4756234884262085,1.0266673564910889,-1.383831262588501,-1.0350550413131714,0.5793771147727966,2.0172529220581055
-0.7194098830223083,0.6757827401161194,-0.47876104712486267,-1.2154778242111206,0.31473109126091003,1.7305947542190552,1.7504703998565674,-0.9269685745239258,0.08820734918117523,-0.07278293371200562,-1.291816234588623,-0.41717180609703064,-0.007134837564080954,0.1919572949409485,1.8706398010253906,-0.7816764712333679,-2.7360682487487793,0.14813554286956787,0.5215649604797363,-1.5049855709075928,1.0505472421646118,0.5018040537834167,-2.285649061203003,-0.0405157171189785,-0.11078565567731857,1.0325515270233154,0.43467703461647034,-1.801238775253296,-0.49555888772010803,-0.05913204699754715,0.48195546865463257,-0.9727156758308411,-0.36440786719322205,-1.6333497762680054,0.5487905144691467,0.8081557154655457,0.0996369794011116,0.16835619509220123,-0.9396928548812866,0.5789476037025452,1.6865909099578857,-1.5188636779785156,1.8370578289031982,1.1779406070709229,0.3987595736980438,-1.2308106422424316,1.7969661951065063,-0.05236135050654411,-1.2823463678359985,0.011158489622175694
-0.4147576689720154,2.7234768867492676,-1.2891199588775635,0.6123045086860657,1.6910804510116577,1.4962890148162842,0.3342997431755066,1.0322184562683105,0.1103137880563736,0.7826454639434814,1.1072036027908325,0.8636108040809631,-0.6437345743179321,1.4273337125778198,0.7381783723831177,-0.9321784973144531,-0.9617312550544739,0.615257978439331,-0.7379698157310486,-0.2528582215309143,-1.2753102779388428,-0.13850361108779907,-1.1722744703292847,0.1777324676513672,0.1009749174118042,1.1464273929595947,-1.2865252494812012,-0.037662822753190994,1.1739907264709473,-1.1332367658615112,0.39516860246658325,-0.8410831689834595,-0.01654691994190216,-0.15701411664485931,-0.3988472521305084,1.1755081415176392,-1.2934091091156006,0.4851270020008087,-0.7377419471740723,-2.1143624782562256,-0.2818170487880707,-1.2092089653015137,-1.2965773344039917,-0.7319721579551697,1.4567642211914062,1.015598177909851,-0.25280237197875977,1.4282556772232056,0.022439705207943916,1.476533055305481
-0.18201391398906708,0.8175740838050842,-0.9036951661109924,-1.553059458732605,-0.5551599860191345,-0.4865127503871918,-0.843251645565033,-0.5004830360412598,-0.6983160972595215,-0.6955394148826599,2.0559356212615967,0.5311824679374695,0.8889521956443787,-0.3307386338710785,0.6273938417434692,-1.4768052101135254,-0.5566370487213135,1.1444603204727173,-0.2775922119617462,-0.6851751804351807,0.5838850140571594,-1.736117959022522,-0.00268227094784379,-0.08200805634260178,0.18665598332881927,0.9187449812889099,-0.8298286199569702,-0.4970139265060425,0.8025107383728027,-0.8990922570228577,-0.3013021945953369,-0.6442423462867737,1.6339998245239258,0.15311826765537262,1.4237937927246094,-0.6458336114883423,-0.7476353645324707,-0.7048079967498779,0.7258968949317932,0.03999948501586914,1.3043607473373413,0.24796757102012634,-0.4925273060798645,-0.9419419765472412,-0.4243464171886444,-0.006871840450912714,-1.2624918222427368,0.4038134217262268,-0.334783136844635,0.6164864897727966
-0.7937452793121338,-0.8796399235725403,-0.8519847989082336,0.7980155944824219,0.9605614542961121,-0.49905893206596375,0.3669641613960266,1.3440754413604736,-0.2476419061422348,0.14890584349632263,0.9223254919052124,-2.4579532146453857,0.839280903339386,0.6032302379608154,-0.06751006096601486,0.4458834230899811,1.5834126472473145,-0.11164921522140503,0.26701852679252625,1.7466977834701538,0.3233206570148468,-0.12516126036643982,-0.07651712745428085,-2.2447011470794678,-1.7420920133590698,0.027674878016114235,-1.3203407526016235,0.351856529712677,-1.416008710861206,-0.1558791995048523,0.15717656910419464,-0.027248304337263107,0.7091807126998901,-1.9412996768951416,0.4186161458492279,0.05931331217288971,-1.0344736576080322,-1.3802211284637451,-0.4197827875614166,1.180112600326538,0.9228372573852539,-0.2107703983783722,-1.6204016208648682,-1.187276005744934,-0.409095823764801,-0.6677085757255554,-0.21369121968746185,0.8037191033363342,-1.4602640867233276,0.09260629862546921
0.9127629995346069,0.16356708109378815,-0.8076526522636414,2.0819008350372314,0.4303095042705536,-1.1567022800445557,-0.9086803197860718,0.996780276298523,0.5837219953536987,0.3009820282459259,-0.3947625458240509,0.7315768003463745,0.38295310735702515,-0.541281521320343,-1.241912603378296,0.3576391339302063,1.0397769212722778,0.21862488985061646,1.3001641035079956,0.2552426755428314,-0.5199125409126282,-0.3494839072227478,0.5345780849456787,1.2912099361419678,2.2213597297668457,-1.0086337327957153,0.9086288213729858,1.278502345085144,0.5954276323318481,-1.7230256795883179,0.6948431730270386,1.5280708074569702,0.1714448183774948,0.6097127199172974,2.161440372467041,1.0115536451339722,1.1586655378341675,0.3386330306529999,1.3819636106491089,-0.7772598266601562,1.1022520065307617,0.2153584361076355,-1.9678055047988892,-0.1888907253742218,0.7031440734863281,-0.9138301014900208,-0.17203086614608765,-0.747684121131897,0.9933879971504211,1.5588606595993042
-0.9395000338554382,0.21810676157474518,-1.3287607431411743,0.2845592200756073,-1.3531347513198853,-0.4216358959674835,1.7559372186660767,-0.24157455563545227,1.364176869392395,0.40952563285827637,-0.14666156470775604,-0.28452691435813904,-0.8616440892219543,-0.6375989317893982,-0.9807748794555664,1.0827069282531738,0.6770226359367371,-0.9986549019813538,-2.1824958324432373,1.4737316370010376,-0.9405162334442139,1.9927383661270142,1.1418617963790894,-0.4110518991947174,-0.6273759603500366,-0.43159162998199463,0.4331605136394501,0.3511790335178375,-0.6478618383407593,-1.8010514974594116,-0.9102295637130737,0.15892748534679413,-0.07770010083913803,0.18568885326385498,1.7247000932693481,0.14879295229911804,0.8521879315376282,1.2859301567077637,-0.2661806344985962,0.10728355497121811,-0.03532519191503525,-1.0815688371658325,-0.25251415371894836,-1.1463472843170166,0.9998776912689209,-0.20893411338329315,-1.415001392364502,-0.9266030788421631,0.026988083496689796,2.4088127613067627
-0.08667348325252533,1.302076816558838,-0.921860933303833,-0.9489430785179138,1.3986036777496338,0.9440407156944275,0.30783963203430176,-0.23362162709236145,0.5370790362358093,-1.6266156435012817,-1.7481904029846191,-2.6844096183776855,1.3804450035095215,2.2824201583862305,-0.26733094453811646,1.1503387689590454,-0.7289375066757202,1.4811118841171265,-0.6268419027328491,-2.0525262355804443,1.329720377922058,0.10070719569921494,-0.1835920661687851,-0.029386745765805244,-1.1800318956375122,0.813505232334137,-0.10534409433603287,-0.20561647415161133,-2.3663041591644287,-1.1667083501815796,2.1031711101531982,-0.8397950530052185,-0.43137112259864807,0.04472614452242851,-0.9643001556396484,-1.144437551498413,0.9827813506126404,1.1361010074615479,-1.67209792137146,0.6649280190467834,0.37413161993026733,-0.19818003475666046,0.2750124931335449,0.5681670904159546,0.7372234463691711,0.9777641296386719,1.0586603879928589,1.9651374816894531,0.25235074758529663,-0.20168037712574005
0.7036033868789673,-0.4471241235733032,-0.15587934851646423,0.20750612020492554,0.6875686645507812,0.6642207503318787,-1.2075713872909546,-1.1319552659988403,-0.37348681688308716,-0.328980952501297,-0.5552058219909668,-0.6967899203300476,0.7781366109848022,0.9290242791175842,-0.060793112963438034,0.44493430852890015,0.4132509231567383,-0.22292643785476685,-2.195089817047119,-1.4568043947219849,0.9350540637969971,1.1028181314468384,0.7666189670562744,-1.0867246389389038,1.0415996313095093,1.2030984163284302,0.7414194345474243,-0.4980242848396301,-0.3260606825351715,-0.5498995184898376,1.38034188747406,1.2277659177780151,-1.4538432359695435,-0.008023551665246487,0.9006977677345276,1.1592530012130737,-0.5053485631942749,-0.13890089094638824,0.7814610600471497,0.9074301719665527,-0.9531385898590088,0.657522439956665,1.756940245628357,0.8663290143013,0.42449951171875,-0.9483793377876282,-0.27969858050346375,-0.02588667720556259,-0.014945420436561108,0.06842871010303497
0.5508958697319031,0.9393121600151062,-0.7147977352142334,0.45697903633117676,0.5789191126823425,1.5238969326019287,1.5353188514709473,0.8691489696502686,-1.8845614194869995,0.8611005544662476,0.28896355628967285,0.48548975586891174,-0.2582363784313202,1.3492801189422607,-1.4596171379089355,0.5455366969108582,0.6412250995635986,-1.420852780342102,1.0434852838516235,0.0010431830305606127,-0.6353921890258789,0.8810259699821472,-0.009419134818017483,-0.403199166059494,-0.6999472975730896,-0.17219732701778412,-1.4280248880386353,-1.2719961404800415,-0.5930442214012146,-0.28962934017181396,0.5170988440513611,-0.3156527876853943,-0.5185816287994385,-2.1413166522979736,-0.47291481494903564,-0.12051857262849808,-1.5239862203598022,0.0359107181429863,-0.5346007347106934,0.3773946762084961,-0.04187953472137451,0.6149412393569946,-0.3773006200790405,-0.2745397686958313,-2.1377511024475098,0.3650844395160675,0.5135819315910339,-0.13556717336177826,-0.8992239832878113,0.11448457092046738

Slice 56
0.38062813878059387,-0.539989709854126,0.2168545424938202,0.979279100894928,-1.4744340181350708,0.8167086243629456,1.139113187789917,-0.9097798466682434,-0.8991937637329102,0.41739678382873535,-0.13523414731025696,-0.5055705904960632,-0.9626562595367432,-0.7751887440681458,-0.9183657169342041,1.7754871845245361,1.1517343521118164,-0.5899490714073181,0.9165733456611633,-0.3202078640460968,1.7701693773269653,0.7228947877883911,0.7114241719245911,-0.7034189105033875,1.0409618616104126,0.7044786214828491,0.9758710861206055,0.877613365650177,-0.3874894976615906,0.37021031975746155,-0.4662942886352539,-0.6537230014801025,0.3590530455112457,0.3993285596370697,0.7784624695777893,0.8607013821601868,0.648202121257782,-1.175538420677185,1.6767069101333618,0.026988936588168144,-0.008222649805247784,0.42955806851387024,-1.2313990592956543,-0.5093360543251038,-0.27463576197624207,-0.8560813069343567,-0.47761934995651245,-0.890165388584137,2.233250617980957,1.355698585510254
1.076503038406372,-0.865077555179596,-0.16924801468849182,2.042747974395752,-0.731071412563324,1.7022740840911865,1.3899106979370117,-1.7481987476348877,-0.0869668498635292,-1.063895583152771,-1.6363236904144287,-1.7205119132995605,-0.16751454770565033,1.1141496896743774,-0.6164590120315552,2.3753199577331543,0.8357136249542236,-0.14781871438026428,0.7226845026016235,0.4297181963920593,1.3231207132339478,-0.8367563486099243,-1.2941609621047974,-0.08077634125947952,0.6553648710250854,-1.2478106021881104,1.495503306388855,1.6965559720993042,-0.16771607100963593,-0.5698230862617493,0.8863481283187866,-1.0814727544784546,0.7849159240722656,0.3955732583999634,1.3179218769073486,-0.2958635091781616,1.3787827491760254,-0.11350157856941223,0.8069702982902527,0.38116779923439026,0.5766950845718384,1.2025961875915527,0.2900209128856659,0.760157585144043,-0.6403763294219971,-0.46522873640060425,-2.3565781116485596,0.05911348760128021,1.0459486246109009,-0.7900753021240234
0.47187626361846924,-1.3569867610931396,-0.5679368376731873,-0.30663707852363586,0.2375134527683258,0.485734224319458,0.04015554487705231,0.7199104428291321,0.6235544681549072,0.7864113450050354,0.24464666843414307,-0.0567021481692791,0.20206639170646667,0.6473802924156189,-1.3648532629013062,-0.8292270302772522,-0.3553532361984253,0.696501612663269,-1.131547212600708,0.6637486219406128,1.032158613204956,-0.8103318810462952,-1.1343975067138672,-0.23729854822158813,-0.8701873421669006,0.43911677598953247,0.5053611397743225,-0.05949096754193306,0.7035360932350159,0.3822138011455536,0.46814045310020447,0.8238431811332703,0.9694995880126953,0.4433685839176178,0.5133602023124695,0.37649115920066833,0.5470154285430908,-0.10976378619670868,1.1598842144012451,0.35362035036087036,0.6960657835006714,-1.2094969749450684,-0.51811283826828,-0.7787067294120789,0.77186518907547,0.04064733535051346,0.07773690670728683,0.10358572006225586,-0.3947354555130005,1.6483232975006104
-0.889563262462616,0.7357726693153381,-1.0704600811004639,-0.885616660118103,0.3354509472846985,1.2859396934509277,0.4619635045528412,-0.7588150501251221,0.8989102244377136,-0.945936381816864,-0.894805908203125,-0.3899199664592743,0.2745245695114136,1.058951497077942,1.3636616468429565,0.3182738125324249,0.7381940484046936,0.199965700507164,0.6771818995475769,-0.2519921362400055,-0.8373395204544067,-1.0022896528244019,-1.132941484451294,-0.9664328694343567,-0.2827085256576538,-0.9331841468811035,-0.4323284924030304,0.7309894561767578,0.1315128654241562,-0.8262766003608704,-0.4298427700996399,-0.7906502485275269,0.20210027694702148,-1.0628795623779297,-0.49116572737693787,-1.0188825130462646,-1.1700385808944702,1.1367965936660767,-0.5803688764572144,-0.2140062004327774,0.1583719700574875,0.45027557015419006,1.809285283088684,-0.24761439859867096,0.01578562520444393,-0.2269778996706009,-0.6120292544364929,-0.8309617638587952,0.3333314061164856,-0.47038155794143677
-1.4526878595352173,-0.19471992552280426,-1.240516185760498,0.16314579546451569,0.002526946133002639,-0.9292759299278259,-0.12364719063043594,0.7159625887870789,-0.7881006598472595,-1.7574857473373413,0.23078736662864685,-0.21345220506191254,-0.11521323770284653,0.2663736641407013,0.010163047350943089,0.20227186381816864,1.1379376649856567,0.21115264296531677,-1.0820834636688232,-0.6192402839660645,-0.7525148391723633,0.009419919922947884,-0.22925107181072235,-0.5824850797653198,0.10348480194807053,-0.24920502305030823,0.24705059826374054,2.395395040512085,-0.4224199950695038,0.932646632194519,0.2050364762544632,1.1545833349227905,1.9418535232543945,0.14152991771697998,-0.27841246128082275,0.04739166796207428,-2.236797332763672,-0.22054649889469147,0.9094627499580383,-2.550468921661377,1.462178349494934,-0.7967807054519653,0.3354038894176483,0.046881552785634995,0.04759537801146507,-1.0369383096694946,-1.1932787895202637,1.1505435705184937,-0.25835907459259033,0.7025772929191589
-1.896401286125183,0.5016599297523499,0.08052937686443329,-0.42990025877952576,0.6630162596702576,-0.4679933488368988,-1.3388751745224,0.7905324101448059,0.7737426161766052,0.4709664285182953,1.2762774229049683,1.14089035987854,1.3414194583892822,-0.4749631881713867,0.6256163716316223,-1.7635217905044556,-0.7478295564651489,-1.162968635559082,1.1024539470672607,-0.8859784603118896,0.18736132979393005,-0.11958567053079605,-0.2782851755619049,-1.081966519355774,0.4652247428894043,0.24701298773288727,-1.7006486654281616,-0.09596554189920425,0.6261887550354004,0.01882763020694256,-0.7551602125167847,0.12441369891166687,-0.4720531702041626,-0.5272518396377563,-1.3596314191818237,-0.2231776863336563,0.08070787787437439,0.6860918998718262,-1.1443592309951782,-0.3514764606952667,0.11831297725439072,-0.8423384428024292,1.3682975769042969,1.1083821058273315,0.4978008270263672,-0.5226815938949585,0.7181222438812256,-0.12841209769248962,0.4674471616744995,1.1247498989105225
0.4552845358848572,-0.02448565512895584,-0.34139901399612427,1.8423374891281128,-0.980749249458313,1.0207797288894653,0.5019148588180542,-1.281436562538147,-0.9601297974586487,-0.39763107895851135,-1.4319934844970703,-0.3008088171482086,-0.33181828260421753,-0.824689507484436,0.6171245574951172,-0.38713470101356506,-1.6926453113555908,1.980599284172058,-0.7329656481742859,0.6541652083396912,0.3782684803009033,-1.3486360311508179,-0.6597603559494019,-0.09843971580266953,-0.5585820078849792,0.9135885238647461,0.3362245261669159,1.4720321893692017,-0.546047568321228,1.424381136894226,0.26480984687805176,1.2268717288970947,-0.07430285960435867,1.462378978729248,0.23788675665855408,-0.6448438167572021,-0.6099088788032532,-0.6646621227264404,1.761288046836853,1.3974826335906982,-0.03246283903717995,0.8855686187744141,-0.352691113948822,-0.6356968879699707,-1.167601466178894,0.5855959057807922,0.5349299311637878,-1.4474979639053345,-0.3875257968902588,0.05889911949634552
0.044930100440979004,-0.26376205682754517,-0.18762987852096558,0.5069156289100647,-0.363940566778183,0.8949873447418213,1.573339581489563,-0.3268882632255554,-0.43453535437583923,-0.3041394054889679,-0.7915292382240295,-1.7658711671829224,-0.45675715804100037,-1.1346766948699951,0.008687957189977169,0.4426552355289459,0.44121459126472473,-0.9153417348861694,0.7863364219665527,-0.6488388776779175,-0.5507984757423401,1.527721881866455,0.1846492439508438,0.11015336215496063,2.0653114318847656,0.9830114841461182,0.41693106293678284,0.9846869707107544,-1.8041104078292847,0.4181175231933594,0.774579644203186,0.09327276051044464,-0.32119762897491455,1.1080806255340576,1.2599157094955444,2.2371938228607178,-0.5418565273284912,-0.31426969170570374,0.5096887350082397,-1.4097776412963867,-1.293530821800232,0.2403305619955063,-0.024564189836382866,-1.1306042671203613,1.2657663822174072,-0.24049711227416992,0.013022111728787422,-0.7000518441200256,0.3862631916999817,1.7424181699752808
1.1973069906234741,1.5038633346557617,-0.8155989050865173,-0.21292057633399963,1.062185525894165,-0.5099637508392334,0.8938184380531311,0.3396051228046417,0.29017260670661926,-0.8423255085945129,1.1502796411514282,0.8976561427116394,-0.10917311906814575,0.02453973889350891,-0.07186140865087509,0.6249082088470459,0.422379732131958,-0.5769108533859253,0.8049177527427673,-0.9091835618019104,-0.5660294890403748,0.8963891267776489,-2.1512370109558105,1.845656394958496,-0.6821242570877075,-0.0798637866973877,1.1425302028656006,-1.7597273588180542,0.024178359657526016,-0.7981772422790527,-0.7876500487327576,0.29591599106788635,-0.2458178550004959,-0.035614896565675735,0.9283795356750488,-0.2895278334617615,-1.3738089799880981,0.9517050981521606,-0.8732740879058838,0.14430327713489532,0.009533862583339214,0.9728027582168579,-0.41424110531806946,0.2976793646812439,-0.2572174072265625,0.55284583568573,0.8909484148025513,0.22224164009094238,0.17410728335380554,-1.8755006790161133
-0.5187684893608093,0.29774734377861023,1.435720682144165,-1.4529846906661987,0.5976942777633667,0.5121464133262634,-0.45628273487091064,-0.2806552052497864,0.9929381608963013,-1.5488814115524292,-0.8714444041252136,0.6178752183914185,-0.748382031917572,0.017731143161654472,-1.2841535806655884,0.6176183819770813,-0.009810718707740307,-0.6430580615997314,0.8112965226173401,0.25223371386528015,0.5128968358039856,0.38503095507621765,0.8257772922515869,0.7078500390052795,-1.392313003540039,0.3581681549549103,0.6380091905593872,-1.4476206302642822,-0.38606178760528564,0.5353362560272217,-0.5806247591972351,0.3134722113609314,0.4465767741203308,0.6111469864845276,-0.31025591492652893,-0.30947646498680115,-0.7208818197250366,0.6380192041397095,0.2771216332912445,0.00042683244100771844,0.37031304836273193,-0.7923218607902527,-0.5330838561058044,0.3538827896118164,1.3190209865570068,1.4245985746383667,2.1432268619537354,1.1052416563034058,1.3481779098510742,-1.2012044191360474

Slice 57
-0.4368050694465637,-0.3231138288974762,-0.184574156999588,-0.8593023419380188,-1.312204360961914,1.109389305114746,0.5621498823165894,-0.6742264628410339,0.046618156135082245,0.33969733119010925,-0.1168922483921051,0.3050342798233032,0.1827283650636673,1.2782336473464966,1.3193975687026978,1.2118337154388428,-0.5471293330192566,0.17275235056877136,-0.0754140168428421,-0.6934723258018494,0.5126416683197021,-0.9027101397514343,1.2705719470977783,0.37933921813964844,1.0288833379745483,1.319833755493164,0.9717080593109131,0.41651493310928345,-0.27757546305656433,-0.6290252804756165,-0.4676870107650757,0.24893245100975037,-0.5927318930625916,0.1574665606021881,0.3944346606731415,0.2382524609565735,-0.291265070438385,-0.01737678237259388,-0.09058084338903427,0.1959029734134674,1.5508525371551514,0.7658678889274597,-0.6404449939727783,-1.2358627319335938,0.7424389719963074,-1.3885626792907715,0.1345120072364807,-0.011084182187914848,-0.18090806901454926,-0.03571457043290138
0.13361720740795135,-0.08318166434764862,0.61356520652771,1.6519086360931396,-1.3435311317443848,1.9964923858642578,0.2352566123008728,1.0639699697494507,1.1315510272979736,0.5917315483093262,-1.1283080577850342,1.7240943908691406,-0.5397579669952393,-0.5436674356460571,1.3764201402664185,-0.5743025541305542,-1.8060011863708496,-0.036158062517642975,0.5568604469299316,-0.3339828848838806,-1.7898774147033691,1.6625171899795532,-0.9461450576782227,0.2948785722255707,-1.7314097881317139,-2.2590818405151367,0.31174391508102417,-0.5162380933761597,1.5832260847091675,-1.0427364110946655,-0.9915065765380859,0.9871046543121338,0.7282086610794067,0.106341153383255,0.6092289090156555,-0.4891943633556366,0.964319109916687,-0.010434257797896862,0.1367465704679489,-0.7896292209625244,1.2462332248687744,-0.8226327300071716,1.0427818298339844,-1.0257433652877808,0.10252203792333603,-2.14772629737854,-1.1214386224746704,0.9365576505661011,1.0325013399124146,0.12474659830331802
1.31448233127594,0.30072444677352905,0.6761424541473389,0.44424834847450256,-0.38089847564697266,-0.3937654197216034,-0.12979570031166077,0.4687806963920593,-0.1519387662410736,0.3910768926143646,-2.1685473918914795,-0.22895076870918274,-0.0912691056728363,-0.9413765072822571,1.4297646284103394,0.9177884459495544,-0.5684004426002502,1.294920563697815,-0.28437334299087524,-1.2355499267578125,1.7720632553100586,0.16490885615348816,-1.4889155626296997,0.8786025643348694,-0.9891308546066284,1.214032530784607,1.8200342655181885,0.029291829094290733,-1.272029995918274,0.39951711893081665,0.7012564539909363,1.5014760494232178,0.38840246200561523,-1.674049735069275,-0.24995116889476776,-1.2041926383972168,-0.4850309193134308,1.5122098922729492,1.8647876977920532,-0.6057555079460144,-0.8573220372200012,1.2458529472351074,-0.6984536647796631,0.8686938881874084,-0.5733587145805359,-0.5531793832778931,1.6492661237716675,-0.9978258013725281,-1.7841758728027344,-0.8462569713592529
0.2638603448867798,-0.023481233045458794,0.5092802047729492,-0.7254986763000488,-0.4330631494522095,-0.8677502274513245,-0.021703217178583145,-0.542852520942688,0.21302665770053864,-0.8841023445129395,1.1332929134368896,-0.4344034790992737,1.1657636165618896,1.410630226135254,-0.898890495300293,-0.5831265449523926,0.9254780411720276,1.27423095703125,-1.2501070499420166,-1.4918887615203857,0.17662562429904938,0.07748569548130035,1.603118896484375,0.6878257393836975,0.8915316462516785,1.1329011917114258,0.9205398559570312,0.782346248626709,-0.41887083649635315,-0.12628932297229767,0.2510233223438263,-0.6553429365158081,-0.3076535165309906,-0.5942012071609497,0.7103582620620728,1.3424638509750366,-1.164808750152588,1.7827768325805664,0.32498711347579956,-1.253160834312439,0.3034522831439972,0.4903373420238495,-0.7906095385551453,-1.2159059047698975,2.297339916229248,-0.6215105056762695,-0.11701676994562149,-0.06737473607063293,0.40002498030662537,1.0957794189453125
0.8201361894607544,1.503502607345581,-0.6139333844184875,0.6316948533058167,1.5576667785644531,-0.6375336647033691,-1.6956645250320435,-0.7166499495506287,0.00107772764749825,-0.7937080264091492,-0.5229524374008179,-0.3429511785507202,0.5459530353546143,-1.3554575443267822,0.08459650725126266,-1.337004542350769,1.3505315780639648,0.3988931179046631,-0.8114452362060547,-0.3316253423690796,0.2696931064128876,-2.0805232524871826,-0.691338062286377,-0.44624873995780945,-0.8824331760406494,-1.0457130670547485,0.740498960018158,-1.0140109062194824,0.8328449726104736,2.348538875579834,1.6800265312194824,-0.4442307651042938,-1.2644524574279785,-0.18861742317676544,-1.4527512788772583,-0.35914674401283264,-0.5070676207542419,-0.6777163743972778,-0.1886642575263977,-1.4641517400741577,0.08354683220386505,1.0254110097885132,-0.4849030077457428,0.37750840187072754,-1.3577786684036255,2.1793179512023926,1.1491426229476929,-0.6602152585983276,0.3282930850982666,1.6439977884292603
0.6200879216194153,-0.0745796263217926,-1.1539921760559082,-0.18879857659339905,-0.33792945742607117,0.2297223061323166,-0.9538000226020813,-1.0714777708053589,-0.7711451649665833,0.8368675708770752,1.4650999307632446,0.9281858801841736,0.049627967178821564,0.0022648407611995935,-1.7162258625030518,-1.4136369228363037,-0.13076786696910858,1.2469712495803833,0.04717162624001503,-0.8797666430473328,0.7803005576133728,-0.8136645555496216,0.18957030773162842,0.30562081933021545,0.7065901756286621,0.6507044434547424,1.5024856328964233,0.12915395200252533,-0.17287631332874298,-0.8249160051345825,0.3671686351299286,-1.3660320043563843,0.6934278011322021,1.1002305746078491,0.2907537519931793,1.0412577390670776,-0.9117372632026672,0.9155725836753845,-0.9341451525688171,0.25263816118240356,-0.8637444376945496,-0.5201061964035034,0.6282484531402588,-0.07741323113441467,0.24391135573387146,-1.0494272708892822,0.5722188353538513,0.7529968619346619,-0.2676753103733063,1.6966418027877808
0.04016592726111412,0.1632581204175949,-1.746303677558899,1.0010943412780762,0.7659284472465515,-0.22321581840515137,0.9546831846237183,-0.4163285791873932,-1.3726681470870972,-1.2080045938491821,1.2769792079925537,-1.1756118535995483,0.8303261995315552,1.5772953033447266,-0.34884005784988403,1.2375037670135498,-1.511062741279602,0.5281538367271423,0.6775257587432861,-0.34025701880455017,-1.2169463634490967,0.17022617161273956,0.940546452999115,0.03967433422803879,0.3261348307132721,2.4651007652282715,0.4737192988395691,-0.694347083568573,0.9281619787216187,-0.6672136783599854,-1.210274577140808,-1.0114809274673462,-1.4889764785766602,1.9859497547149658,1.0015528202056885,1.7511522769927979,-0.009811706840991974,0.6384149193763733,-0.21893498301506042,-1.2528226375579834,-0.1643196940422058,0.3117090165615082,-0.849251389503479,1.1561859846115112,1.27506685256958,-0.7296077013015747,1.330432415008545,0.22833620011806488,0.6297656297683716,-0.6901571154594421
-0.5915963053703308,0.5789321660995483,0.8794854879379272,1.3008452653884888,-0.23127271234989166,-1.567609429359436,0.6992318630218506,1.264488697052002,1.3893755674362183,-1.4160491228103638,-0.5721807479858398,-1.5654687881469727,0.5346391797065735,1.8622645139694214,-0.18126541376113892,0.7579663991928101,0.26568925380706787,0.36417996883392334,-0.7633631825447083,-1.1269358396530151,-1.0769964456558228,-0.1864764392375946,2.0283005237579346,1.6163500547409058,1.5748597383499146,0.6029155850410461,0.8560318350791931,1.9040617942810059,0.2928508222103119,-0.08570535480976105,-0.6884099245071411,0.6113286018371582,-1.6262582540512085,-1.5669450759887695,-0.2751547694206238,0.927151620388031,-1.718430519104004,0.8531202673912048,-0.22388125956058502,-0.9735405445098877,-1.0773035287857056,1.0539000034332275,-0.6097297072410583,-0.42617112398147583,1.8521289825439453,0.24653595685958862,0.6106773018836975,0.34902748465538025,-1.1210412979125977,-1.540229320526123
1.82375967502594,-2.4229345321655273,-0.5922628045082092,-0.6222781538963318,-0.570758044719696,0.6965168118476868,-1.3931241035461426,-2.377833604812622,-0.3981229066848755,0.9385879635810852,-0.09323431551456451,-0.7817168235778809,-1.5385710000991821,-0.7568506598472595,0.8616501688957214,-0.4606591463088989,0.42617321014404297,-0.8006348609924316,0.45047834515571594,0.1724582463502884,0.6098598837852478,-1.3177438974380493,-0.025393864139914513,-1.1117960214614868,-0.39783066511154175,0.6412384510040283,-1.2606806755065918,-0.981374204158783,-0.6801876425743103,-0.9855979681015015,1.1958222389221191,0.7943641543388367,-0.7431379556655884,-1.5958576202392578,0.7811503410339355,-1.1142432689666748,0.8315256834030151,1.0822564363479614,-1.2370082139968872,-0.5974125862121582,1.0333119630813599,-1.504021406173706,0.27614516019821167,1.1111540794372559,-0.08626163750886917,0.40570154786109924,-0.6350600123405457,1.3245270252227783,0.11528906971216202,-0.8648078441619873
-0.7150741219520569,0.06464038044214249,-0.22710131108760834,0.8428744077682495,-0.4315545856952667,1.1725363731384277,0.5074939727783203,0.2880026400089264,-0.9768139719963074,0.46645206212997437,0.48921361565589905,-0.1982247233390808,0.15010155737400055,1.008111596107483,1.6716965436935425,1.2184522151947021,-2.021345376968384,1.0263664722442627,1.4428887367248535,0.6816296577453613,-1.0410610437393188,0.2605699896812439,0.46068915724754333,0.87764573097229,-0.19999414682388306,0.8793758153915405,1.127690315246582,0.5739778876304626,-2.699312686920166,-0.21211838722229004,0.5282357335090637,0.6949355006217957,0.07951907813549042,-0.6536346077919006,0.57864910364151,0.4990859627723694,1.0377792119979858,-0.7397772073745728,-0.05183253064751625,-0.30612751841545105,1.5516235828399658,1.4492430686950684,0.2987380623817444,-0.3626026213169098,1.4003748893737793,-0.8202268481254578,0.07673066109418869,-1.3098639249801636,0.8849292993545532,-0.4322773516178131

Slice 58
1.6260930299758911,-0.017462024465203285,-1.3316696882247925,0.3255496919155121,-0.7708431482315063,1.056404948234558,-1.0917936563491821,1.1226385831832886,1.0057083368301392,1.3584344387054443,-0.06047253683209419,0.6830786466598511,-0.9255825281143188,0.7160202860832214,1.0366195440292358,-1.6535067558288574,1.6806488037109375,-0.18893074989318848,-0.9125388264656067,0.5201867818832397,0.7313771843910217,0.3368965983390808,0.27030229568481445,-1.0020241737365723,0.39771461486816406,0.8353503346443176,2.152271032333374,0.9719211459159851,-0.4636804759502411,0.6128714680671692,1.0367389917373657,1.9387571811676025,-0.16825291514396667,0.4634881019592285,0.5311052203178406,0.15918543934822083,-0.07629577815532684,-0.4122065007686615,-0.0152742313221097,-0.8729217052459717,0.20898319780826569,1.6575762033462524,0.1148207038640976,1.32931387424469,0.23606322705745697,-0.02571619488298893,-0.2946677505970001,-1.1422373056411743,-1.1020102500915527,0.08872129768133163
-0.3668461740016937,0.7041531205177307,-1.979753851890564,1.1453200578689575,0.21307408809661865,0.9064614176750183,0.6210476160049438,-1.3492152690887451,1.0824371576309204,-0.3640078604221344,1.3302221298217773,-0.3893367350101471,1.0953152179718018,-0.7246057391166687,-0.40493687987327576,-0.7023820877075195,-0.3966432213783264,0.19371479749679565,-1.4675509929656982,0.5422996878623962,0.40817955136299133,-0.8133687973022461,-1.8543546199798584,-1.7735391855239868,-0.6071031093597412,0.7505828738212585,-0.7212558388710022,0.19565606117248535,-1.9459624290466309,0.48895615339279175,1.8051772117614746,0.8452066779136658,-2.553419828414917,0.1257731169462204,0.194762721657753,-1.117981195449829,0.1273423284292221,-0.2152469903230667,0.21839962899684906,-1.1834697723388672,0.859857976436615,-1.3069826364517212,-0.16491131484508514,0.731121838092804,1.1564892530441284,0.7172056436538696,-0.065383180975914,-0.3272731304168701,-0.13692548871040344,1.777800440788269
0.4640830159187317,0.5774232745170593,0.00025543171796016395,-0.19097043573856354,0.9455190300941467,0.1564866006374359,1.0560163259506226,0.06001804769039154,-0.42054104804992676,-0.7122086882591248,-0.14466772973537445,-1.3038171529769897,0.22187833487987518,1.0454597473144531,-0.6871263980865479,0.41525813937187195,-0.8611470460891724,-0.28737330436706543,-0.4178823232650757,0.4286819398403168,-0.46695151925086975,-1.0707387924194336,-0.6456353068351746,0.2935729920864105,-1.4522119760513306,0.608052670955658,-0.5271410942077637,-1.5146663188934326,0.11381730437278748,1.7330117225646973,0.4501301646232605,-1.1988279819488525,-0.8856342434883118,-1.2746045589447021,-0.08101493865251541,-1.1803706884384155,1.624395489692688,0.9520437121391296,1.1725672483444214,-0.7124968767166138,-1.1641674041748047,-0.8559284806251526,1.2071031332015991,0.6526730060577393,-1.6558687686920166,1.383384346961975,-1.2856045961380005,-1.1196529865264893,1.8117865324020386,0.30546846985816956
0.28280478715896606,0.8023350834846497,-0.7298383712768555,1.001956820487976,-1.3908931016921997,-0.2717420756816864,-0.32750940322875977,0.34793853759765625,1.0477627515792847,0.16090188920497894,-0.9150561690330505,0.021651465445756912,-1.0341728925704956,-1.3222731351852417,2.6557915210723877,0.2720475494861603,0.894370436668396,0.915297269821167,0.10618462413549423,-1.010324239730835,-0.14215245842933655,-0.6471952199935913,-0.8450082540512085,1.357621669769287,-0.803225040435791,-0.46181315183639526,-0.7493787407875061,-0.9159885048866272,1.8513597249984741,-1.2929900884628296,-0.8380246758460999,-0.7928465604782104,1.0029218196868896,-0.6911135911941528,-0.9105907678604126,1.501303791999817,-0.11328429728746414,-1.1180270910263062,1.0507310628890991,1.33536958694458,-0.40326425433158875,-1.1965736150741577,1.667299747467041,-0.24075593054294586,-0.07942903786897659,0.5892067551612854,-0.5742241144180298,0.7105140089988708,-1.2804195880889893,-0.32475483417510986
0.37338727712631226,-0.41683071851730347,0.17113471031188965,0.4545203447341919,0.8668705224990845,0.8536756038665771,-0.37001892924308777,-0.24151170253753662,-1.0583760738372803,1.3997925519943237,1.2985577583312988,-1.4602514505386353,1.0253523588180542,-0.8306952714920044,-1.1047443151474,-0.8817903399467468,1.3286595344543457,0.3807964622974396,0.7380688786506653,-2.1105172634124756,1.1000189781188965,0.19928158819675446,-0.13230417668819427,-0.539413571357727,0.7326502203941345,0.06469418108463287,-0.2865503430366516,0.5034917593002319,-1.3861744403839111,-0.20739156007766724,0.8818619847297668,1.808325171470642,-2.66153883934021,0.7745069265365601,1.5782626867294312,0.8568916916847229,-0.4228004813194275,-0.22106517851352692,0.08555959910154343,-0.4821629226207733,0.3750642240047455,1.2018208503723145,-0.5557142496109009,0.8600543737411499,-1.912888765335083,-0.36392083764076233,-0.2885954678058624,-2.2464346885681152,0.3245512843132019,-1.5269241333007812
0.19808267056941986,-0.6288754940032959,-0.5574048161506653,0.2258598506450653,-0.7016773819923401,0.06896257400512695,-1.45376455783844,-0.9354856610298157,0.349761039018631,0.41556456685066223,0.3351013958454132,-0.31534484028816223,-1.0819488763809204,0.9481102228164673,0.28671708703041077,0.9182253479957581,-0.1667850762605667,-0.6831802129745483,0.7654740810394287,-0.6312656402587891,1.33669114112854,1.0046634674072266,-0.481472373008728,0.161044180393219,-1.6031192541122437,-0.5174908638000488,-0.6124911904335022,0.4643020033836365,-0.2942574620246887,-0.3056787848472595,0.898786723613739,0.37380826473236084,-0.012886918149888515,0.8573822975158691,2.0041654109954834,-0.06283070892095566,-1.5247002840042114,0.7204483151435852,-0.6254264712333679,1.1246012449264526,0.31740495562553406,1.0356000661849976,-1.1023108959197998,0.33347922563552856,-0.033616505563259125,-0.3750486969947815,-0.8776379823684692,0.8092857599258423,-1.5726293325424194,-0.10821156203746796
-1.2269030809402466,-0.9413353800773621,0.542783796787262,-0.6717729568481445,0.24023140966892242,-0.9152345061302185,0.15344001352787018,-0.5769303441047668,0.9363842606544495,0.6572707891464233,-1.4899280071258545,1.035903811454773,0.15898250043392181,-0.6224238872528076,1.1589168310165405,-0.0067865862511098385,0.7166313529014587,-0.048160817474126816,0.6303911209106445,0.6359333395957947,0.3804495632648468,1.2836397886276245,1.2389335632324219,0.5056120157241821,1.7122876644134521,-0.9135862588882446,1.6382883787155151,2.1133294105529785,-0.6830244660377502,0.05146532878279686,0.04559938609600067,1.5306349992752075,-0.4921276867389679,-0.9313825368881226,-0.8954426646232605,0.5280523300170898,0.4538586139678955,-0.8393239378929138,-0.1391812264919281,-0.2878110408782959,0.8277348279953003,-0.007990894839167595,0.47495487332344055,-0.6991936564445496,0.18145295977592468,0.907827615737915,1.1093335151672363,0.2119775414466858,0.9436385035514832,0.20701824128627777
-1.2321830987930298,0.1508517563343048,1.0276333093643188,1.0450676679611206,1.7962816953659058,-0.39871877431869507,-0.7532042860984802,-0.8585289716720581,-0.45447662472724915,-0.7624437808990479,0.9758066534996033,0.8633714914321899,0.34405824542045593,-0.8573081493377686,-1.1887463331222534,-1.0778892040252686,-0.9876341819763184,0.22869062423706055,-0.5208009481430054,0.042819391936063766,0.2112751603126526,0.7623022794723511,1.0478872060775757,-1.1813735961914062,-0.8594635128974915,-0.7950648665428162,-0.7631268501281738,-0.6339907050132751,-1.5611075162887573,0.12742647528648376,1.306390404701233,-1.112455129623413,-1.607739806175232,-0.5222276449203491,0.6203151345252991,0.794298529624939,0.896186113357544,-0.9688275456428528,0.35162484645843506,0.11429891735315323,1.2949718236923218,-0.7357891201972961,-1.1325029134750366,-0.9121904373168945,0.3972148895263672,-1.4721641540527344,0.8107772469520569,-1.3563848733901978,-0.01610277034342289,-0.7338773608207703
0.12992462515830994,0.11734023690223694,-0.931995689868927,0.7320830821990967,-1.09357750415802,0.5270135998725891,0.8869713544845581,0.8495869636535645,-0.2931649088859558,-0.7877671122550964,0.6693108081817627,1.2367624044418335,0.11033568531274796,0.10064276307821274,-0.3655993342399597,-0.885762631893158,-0.903555691242218,-0.9027007818222046,-1.5841487646102905,0.512728214263916,-0.7500757575035095,0.5028803944587708,0.7476020455360413,0.04970885440707207,0.5263344049453735,1.4754719734191895,0.700144350528717,-0.6186495423316956,-0.7152954339981079,-0.236324742436409,0.7137981057167053,1.5659500360488892,-0.28522589802742004,-0.802496075630188,-0.2120218724012375,-1.179855465888977,-0.18644961714744568,0.1820821911096573,0.014731986448168755,0.07618164271116257,-0.7700611352920532,-0.1098335012793541,-0.2751532793045044,0.3983841836452484,0.8609454035758972,-0.3312138319015503,-0.01141932513564825,-0.32691556215286255,0.1828056275844574,0.15679243206977844
1.0569905042648315,0.8688133955001831,0.3358742594718933,-0.3288973271846771,1.388410210609436,1.3613054752349854,-0.598226010799408,1.7412222623825073,-1.9110126495361328,2.119047164916992,0.26865288615226746,0.03768027946352959,0.13933604955673218,1.0971784591674805,-2.8525772094726562,0.6826760172843933,1.353102445602417,2.127272844314575,-1.0374884605407715,-0.4902649521827698,0.5527199506759644,0.2280193716287613,0.586804211139679,-1.7711745500564575,-0.8992105722427368,0.5020055770874023,-1.6199402809143066,0.0944850966334343,0.7096651792526245,-0.4418657422065735,1.0389775037765503,0.059396419674158096,-0.5888213515281677,0.6550285220146179,0.9098325967788696,0.4858129620552063,0.6957348585128784,0.7322306632995605,0.8855488300323486,0.41924622654914856,0.8263896107673645,1.2303791046142578,0.22893108427524567,1.7426751852035522,-1.2776423692703247,-0.3617430627346039,-0.7446773648262024,-0.8056473731994629,-0.20228958129882812,-1.7277299165725708

Slice 59
-0.7731003165245056,0.879490077495575,-1.314568042755127,0.15402495861053467,-0.5723670721054077,0.09444750845432281,-0.2893562614917755,0.21356941759586334,-0.606359601020813,-0.7125134468078613,1.3733301162719727,-0.8666765093803406,0.25073519349098206,0.6231969594955444,0.1811780333518982,-0.2323865443468094,-1.9561231136322021,-1.8866413831710815,-0.3545655906200409,-0.4052127003669739,1.7296099662780762,0.8196648955345154,0.2310493141412735,-1.6293939352035522,1.3210279941558838,-0.08470601588487625,0.13993847370147705,0.7365757822990417,-0.28982627391815186,-0.18166352808475494,-0.09188056737184525,-0.2968199849128723,0.624347448348999,-0.10652659833431244,0.877822995185852,-0.855046808719635,-0.150605708360672,0.5404767394065857,-0.486561119556427,0.8512504696846008,-0.42713600397109985,0.930922269821167,1.17331063747406,0.19214537739753723,0.7643712759017944,-1.1402966976165771,-0.614569902420044,1.6794652938842773,1.1748909950256348,0.5050513744354248
-0.13598810136318207,-0.6009230017662048,-1.071751356124878,-0.24432943761348724,9.446081821806729e-05,-0.1578628122806549,1.18072509765625,1.6293712854385376,0.05275055021047592,2.0323116779327393,0.0765913724899292,-0.859249472618103,-1.167067289352417,1.2241902351379395,1.5491164922714233,1.2152140140533447,-0.9542285203933716,0.6758424043655396,2.3546676635742188,1.8976765871047974,0.7460049390792847,1.4882830381393433,-1.0797563791275024,-1.3362356424331665,-1.7193268537521362,1.2702176570892334,-1.2611119747161865,0.9904080629348755,0.21408884227275848,-1.5578218698501587,-0.3343748450279236,-1.8259491920471191,1.747468113899231,-0.016614044085144997,2.182429552078247,0.8195383548736572,-1.4745560884475708,0.5265692472457886,-1.1857181787490845,-0.255153089761734,0.727521538734436,-1.532896637916565,0.5388890504837036,-0.3963654935359955,-1.2443625926971436,0.04047154635190964,-0.04691198095679283,1.255254864692688,-0.19893033802509308,2.113229751586914
-1.2724066972732544,-0.48856815695762634,-0.13989439606666565,1.8020564317703247,1.0919458866119385,-0.2686278223991394,-0.6496346592903137,-1.8293647766113281,1.0839473009109497,-0.4728906750679016,-0.31220299005508423,-1.0462651252746582,0.05818261578679085,-0.8047173619270325,-1.2529453039169312,0.025461439043283463,-1.445626139640808,1.3607348203659058,1.1872297525405884,-1.250367522239685,0.2745782434940338,-0.2916810214519501,0.5231589674949646,0.09327620267868042,-0.8241336941719055,0.2526748478412628,-0.28614547848701477,1.273802638053894,0.1449507176876068,0.8355433344841003,-0.560274064540863,-0.3395390808582306,0.6281015276908875,0.2675754129886627,0.5641600489616394,-0.5878901481628418,-0.42394113540649414,-1.636387825012207,0.33392009139060974,1.4915361404418945,0.08561103045940399,-0.8379983305931091,-2.1442883014678955,1.3970144987106323,0.3889339864253998,-0.9009135961532593,0.735072910785675,0.7511398196220398,-0.18559308350086212,0.12784822285175323
0.7416974306106567,0.14232736825942993,0.7941120266914368,1.6307822465896606,-0.6533730626106262,-0.7660505771636963,0.8510704040527344,0.26934024691581726,-0.3175378143787384,-0.8796347975730896,1.4406697750091553,0.8279541730880737,0.6217140555381775,0.3894791305065155,0.09158745408058167,0.4427017867565155,-0.44071733951568604,-0.1686777025461197,2.037247657775879,-0.382870614528656,0.2733551859855652,-1.663068175315857,-0.3495026230812073,1.5020124912261963,0.18712134659290314,-1.2963416576385498,-0.9804407358169556,0.9147522449493408,0.7641611099243164,-0.664845883846283,-0.011877821758389473,0.04848447069525719,-1.1096246242523193,1.118420124053955,0.30168235301971436,-0.9458367228507996,-1.39845609664917,0.6064524054527283,-0.4431706964969635,-1.2347878217697144,0.028809860348701477,0.6130756735801697,-1.2092382907867432,1.2258193492889404,1.1296916007995605,-1.2768162488937378,-1.4309710264205933,-1.843410849571228,0.22572925686836243,0.9642344117164612
0.03081575781106949,0.9601454734802246,0.051391590386629105,-0.035365477204322815,0.7261104583740234,-1.5242570638656616,1.7533437013626099,-0.1682475060224533,-0.49108678102493286,0.1257481873035431,2.3029258251190186,0.5735401511192322,1.5781195163726807,-1.8264392614364624,0.47303125262260437,-1.2039626836776733,-0.35847821831703186,0.3831454813480377,0.6001274585723877,1.9004427194595337,-2.2537360191345215,-3.0494914054870605,2.3035435676574707,1.2897077798843384,0.2360452264547348,-0.33108970522880554,-1.596291422843933,-0.04440249875187874,0.22177821397781372,-0.2176036536693573,0.5649901032447815,-0.8582188487052917,-0.8083380460739136,0.531988799571991,-1.715208649635315,-0.03467535227537155,-0.6814957857131958,0.7359411120414734,-0.2940637469291687,-1.087900161743164,2.6922414302825928,0.28373998403549194,0.18919986486434937,0.3050640821456909,0.14244337379932404,-0.8321717977523804,0.8582032322883606,0.6269352436065674,-1.4626188278198242,0.6159695386886597
-0.5593140721321106,0.6603776812553406,0.4603429436683655,-0.3101431131362915,0.6074762344360352,-0.7513622641563416,-0.4422113597393036,1.6887741088867188,-1.2401543855667114,1.1933414936065674,-0.34458398818969727,1.84223473072052,-1.358119249343872,0.09871377050876617,-0.014325800351798534,-1.1106479167938232,-0.7394343018531799,-0.4088887572288513,-0.753542423248291,-0.6765983700752258,-0.24824093282222748,-0.8931922912597656,0.7767128944396973,1.325912356376648,0.284560889005661,-0.029652215540409088,-0.9367877840995789,-0.5158743858337402,1.295034646987915,-0.6699451208114624,-0.943203330039978,-1.1939960718154907,-0.6112554669380188,1.3197712898254395,-1.072246789932251,0.6379165649414062,-0.6274069547653198,-0.10382648557424545,-1.2660574913024902,-0.6598483920097351,0.017771929502487183,1.156370997428894,0.18097473680973053,-0.8402349948883057,-1.5168607234954834,-0.8144952058792114,-0.6492677330970764,-0.8743105530738831,-0.7837894558906555,-0.17400364577770233
1.855760097503662,1.6285860538482666,0.9384596347808838,0.8204001784324646,0.39620286226272583,0.6740254163742065,-0.882552981376648,0.39121952652931213,-1.791115641593933,0.31663256883621216,-1.225820779800415,0.5534883141517639,-1.1909080743789673,-3.274294137954712,1.6661174297332764,-1.6510993242263794,-1.551918387413025,-1.4553667306900024,1.6511814594268799,-0.19385428726673126,-0.5252920389175415,-1.9212734699249268,-0.4240116775035858,-0.14485490322113037,1.7448590993881226,0.5221936702728271,-0.7031610608100891,0.8927152156829834,3.222425699234009,-1.951802372932434,2.2027533054351807,-1.1986688375473022,2.2527973651885986,2.073071002960205,1.0747478008270264,-0.31335949897766113,-1.4287354946136475,-1.6053049564361572,-2.248049736022949,-1.7951035499572754,0.37102773785591125,1.6582375764846802,-0.714136004447937,-1.902346134185791,0.5101065635681152,-1.7685339450836182,-1.1168735027313232,1.3610334396362305,-0.8773656487464905,0.6638730764389038
-0.9613850116729736,0.14185065031051636,-0.35502979159355164,0.5843237638473511,0.8739027976989746,0.847367525100708,1.2450120449066162,-2.3034422397613525,0.433081716299057,0.23369546234607697,1.1465481519699097,0.8085174560546875,-2.1880199909210205,0.614676833152771,-3.1423511505126953,1.0136330127716064,-0.4931785464286804,0.5819740891456604,0.01080544013530016,0.15383857488632202,-2.169842004776001,0.3288382291793823,0.3194676339626312,0.5652560591697693,0.07468993216753006,0.096013642847538,0.2892311215400696,1.1509735584259033,-0.9855063557624817,-0.8772566318511963,-1.2164971828460693,-0.16016501188278198,-0.7858113646507263,0.467213898897171,-0.3229287266731262,0.5240681171417236,-0.7093232274055481,0.9099562168121338,0.5399991273880005,0.2432490885257721,0.4532812833786011,-0.3960968554019928,0.023931806907057762,-0.060437578707933426,-0.8069311380386353,-1.647220492362976,0.49403491616249084,0.7369517683982849,-2.0884933471679688,0.5751246809959412
0.3434247076511383,0.6227936744689941,1.1171035766601562,2.4263217449188232,-0.8504294753074646,0.2124718278646469,0.6162387728691101,-0.408131867647171,-0.9680988192558289,1.7650460004806519,0.9291089177131653,0.18100647628307343,-0.5550915002822876,1.573132038116455,-0.08212225139141083,-0.6206363439559937,-1.3266522884368896,0.07315003126859665,-1.779492974281311,-0.14114533364772797,0.7627705931663513,-0.4855014681816101,0.5909221768379211,1.8795881271362305,0.723848819732666,-1.8167095184326172,-0.1117766723036766,0.7028720378875732,-1.405443787574768,-1.3592232465744019,0.3395962417125702,-1.0690436363220215,-0.6257725358009338,-1.7026904821395874,-0.8555434942245483,-1.2796269655227661,-1.2753956317901611,1.1280966997146606,0.6570103764533997,-0.7304731607437134,1.0644357204437256,0.011048720218241215,1.3414595127105713,0.386972039937973,0.002911367453634739,0.09411686658859253,-0.6630518436431885,0.46556389331817627,0.05622182413935661,0.549750030040741
-0.360170841217041,1.3554223775863647,0.7254844307899475,-1.625408411026001,-1.5099011659622192,0.8905345797538757,-0.2702435553073883,1.8150824308395386,0.745733916759491,-0.4107658863067627,1.4586087465286255,-0.4883576035499573,1.4958475828170776,-1.0185238122940063,-1.693095088005066,1.101786732673645,-0.20133458077907562,1.4108951091766357,-0.628078818321228,-0.6794244647026062,0.5366762280464172,-0.7130029797554016,1.5210753679275513,0.10953319072723389,1.333616018295288,0.36948341131210327,-0.28251853585243225,-1.958782434463501,-0.00895137619227171,0.9207492470741272,-0.6329478025436401,0.5361528992652893,1.0021212100982666,-1.0173773765563965,-0.918022096157074,0.48445332050323486,0.7852111458778381,0.46189990639686584,1.8838834762573242,0.13734211027622223,0.6527916789054871,0.6018216013908386,1.5135254859924316,0.8468241095542908,0.5005605220794678,-0.5540761947631836,1.4156395196914673,0.4846387505531311,1.288973093032837,-0.6992308497428894

Slice 60
-0.5072576403617859,-1.050468921661377,-0.0655931681394577,1.069907546043396,0.06289933621883392,1.2242252826690674,0.7785206437110901,0.44653940200805664,-0.4469269812107086,-0.24100346863269806,-0.20252616703510284,-1.1088742017745972,0.8721070289611816,0.16885656118392944,1.0015219449996948,1.0327728986740112,0.8663796782493591,0.5815514922142029,-1.2530009746551514,-0.8682906031608582,2.031367778778076,-0.020315226167440414,-1.075991153717041,-0.0840657576918602,-1.1554750204086304,0.23194456100463867,0.8253500461578369,0.309466153383255,-0.7778841257095337,-2.329237222671509,-0.4290890693664551,-0.8299568891525269,-1.7001099586486816,-0.1328839510679245,1.8514976501464844,-0.10767553001642227,0.42709043622016907,-0.6506636142730713,-1.6770793199539185,-1.2439082860946655,-0.9219105243682861,1.36915922164917,-0.9731449484825134,-0.09268410503864288,0.9468879103660583,0.5294286608695984,0.5187193751335144,1.0326662063598633,0.3822925388813019,0.8448761105537415
0.6586034297943115,0.6102844476699829,-0.18328116834163666,-0.08879225701093674,-0.006405314896255732,0.6332080364227295,-1.0914021730422974,-0.5816888809204102,0.5460847616195679,1.707984447479248,-0.5675898790359497,-0.5108535289764404,-0.39035987854003906,-1.2328919172286987,-0.5824025869369507,-0.6536343693733215,0.09391636401414871,1.23860502243042,0.31897827982902527,-0.7200800180435181,-0.43682417273521423,-1.9459526538848877,-1.190021276473999,-0.5656229853630066,-0.9440728425979614,-0.48989996314048767,-0.9634103178977966,-0.8409808874130249,-0.6711993217468262,0.5921703577041626,-0.6415092945098877,-0.7606430053710938,-0.2273227721452713,0.6816632747650146,1.0115604400634766,0.2626965343952179,-0.2034081667661667,1.0931159257888794,-0.37039297819137573,-0.017320342361927032,-0.27585992217063904,1.0211433172225952,-0.14042392373085022,-1.3754665851593018,-0.3580123782157898,-1.0717114210128784,-0.9394963979721069,0.9971965551376343,-0.5040333867073059,-1.474956750869751
-0.7671881318092346,-1.3911771774291992,-0.011535562574863434,0.16830575466156006,-0.710032045841217,0.16113030910491943,-0.6675545573234558,-0.08589223027229309,0.5311166048049927,-0.16251304745674133,-0.4545441269874573,1.0285183191299438,-0.08490808308124542,0.30024290084838867,0.24582859873771667,0.08946439623832703,1.1696898937225342,-0.3721012473106384,-1.3686825037002563,-1.2743465900421143,0.9493417143821716,-0.2846373915672302,0.9138373136520386,0.2746484577655792,0.27136823534965515,-0.7593393325805664,0.1375347375869751,0.3417993485927582,-1.3786355257034302,-1.4085723161697388,0.18541675806045532,-1.0774831771850586,-0.3071456253528595,-0.29897114634513855,-0.9971394538879395,-1.6683334112167358,-0.07720750570297241,-1.2993401288986206,-1.1263989210128784,0.3900400400161743,1.0703489780426025,-0.39410948753356934,-0.8250303864479065,0.38166218996047974,-0.17570289969444275,1.4531660079956055,0.0012000426650047302,-1.1899968385696411,0.70065838098526,1.06333327293396
-1.8668408393859863,0.7001241445541382,0.9832131862640381,-0.8519063591957092,0.6119107007980347,0.8506934642791748,0.7078717947006226,-0.01373220607638359,-0.4068259298801422,-0.7097642421722412,0.11056908965110779,0.20908573269844055,0.6577639579772949,-1.3271710872650146,0.629586935043335,0.5384169220924377,-0.6003472208976746,1.0410314798355103,-0.21341049671173096,0.7540470361709595,0.6917034387588501,0.03473162651062012,0.136736199259758,0.9756830930709839,1.264725685119629,0.5352534651756287,-0.011171971447765827,0.1563364416360855,0.4714873135089874,0.4857484996318817,-1.6389708518981934,1.3846862316131592,-1.0281352996826172,0.917884349822998,-0.4684353768825531,-0.43240800499916077,0.2817705571651459,-0.3263372480869293,0.21364259719848633,-1.0414838790893555,0.7027844786643982,0.6558362245559692,-0.9611554741859436,-0.8491604924201965,-0.2960547208786011,-0.36287930607795715,-0.29630061984062195,-0.3096476197242737,-0.6849825978279114,0.47366032004356384
0.08149294555187225,-1.0009387731552124,-0.04502816125750542,0.6725891828536987,0.8607540726661682,0.0423857755959034,-1.1111047267913818,0.3710637390613556,-1.2064411640167236,0.6700119376182556,0.8353721499443054,-1.2114206552505493,-0.5550334453582764,-0.33372023701667786,-0.557248055934906,-0.044913507997989655,-0.7284223437309265,-0.9253939390182495,2.4939310550689697,1.6542152166366577,0.7262300848960876,1.0402742624282837,-0.11806739121675491,0.5137355327606201,-1.2668848037719727,1.8041043281555176,1.0091028213500977,-1.9316129684448242,1.0194028615951538,-2.093313217163086,0.9269135594367981,-0.6046872735023499,-0.9634590744972229,2.2438745498657227,0.6814351081848145,0.4136953353881836,-1.1781634092330933,0.2875545024871826,1.0573289394378662,-0.06924349814653397,-1.6988519430160522,-0.683250367641449,1.4418737888336182,-0.0766795426607132,-0.2697436511516571,0.03631461411714554,0.6117083430290222,-1.2627062797546387,-0.08392838388681412,1.5316263437271118
1.0995818376541138,-0.9054399728775024,0.21390093863010406,-0.3513522744178772,-2.5539069175720215,-2.0080509185791016,1.3082860708236694,0.09890206903219223,0.004532738123089075,0.793285071849823,-0.6548252701759338,-0.6758173704147339,-2.0919065475463867,0.9463939070701599,0.3046032786369324,1.6192575693130493,-0.22744220495224,0.3279237747192383,-0.15874020755290985,1.087217926979065,-1.853698492050171,0.982929527759552,1.4189598560333252,-2.185654878616333,0.9567853808403015,0.275566041469574,-0.1397373378276825,0.6722286343574524,0.7133767604827881,-0.8703009486198425,-0.6106477975845337,0.23795180022716522,1.3998198509216309,-0.07636622339487076,-0.7054303884506226,0.13255703449249268,-0.5176312923431396,0.30525246262550354,2.289505958557129,0.6390970349311829,-0.5716986060142517,1.1099014282226562,-1.2970294952392578,1.8491120338439941,-0.5882584452629089,-1.307323694229126,-0.8873705267906189,0.10364646464586258,-1.013324499130249,-0.23439247906208038
-0.16586941480636597,0.4620802402496338,2.5726170539855957,-1.5956467390060425,1.821643352508545,0.6539084315299988,0.9246448278427124,-0.8895087242126465,-0.9075883030891418,1.2393732070922852,-0.6891447305679321,-0.679174542427063,1.826380729675293,0.7082324028015137,0.3751796782016754,0.7726497054100037,0.5916661620140076,1.244998574256897,-0.28875046968460083,1.4903438091278076,0.4898853003978729,0.5599825978279114,1.038590431213379,1.6950702667236328,1.0426512956619263,-0.5741989016532898,0.9967180490493774,0.544187068939209,-0.33349236845970154,-0.6752941608428955,0.09652279317378998,1.0873748064041138,-0.3558200001716614,0.2752144932746887,-0.3590519428253174,-1.0124728679656982,-0.9986938834190369,2.102670192718506,1.0384451150894165,-0.012712860479950905,0.596002995967865,0.8157620429992676,0.2666715085506439,1.3540406227111816,-0.6055241823196411,-0.12173444032669067,0.4815559685230255,-0.4168688654899597,-0.6078276038169861,1.817411184310913
-0.2967664897441864,-0.8704196810722351,-0.5367136597633362,1.4798738956451416,-0.36916837096214294,0.026224786415696144,-0.9396499991416931,-1.5377017259597778,0.41830119490623474,-0.7045378684997559,-2.2103676795959473,-1.5576117038726807,0.963239312171936,0.72244793176651,0.10676918923854828,-1.2085771560668945,-0.05989046022295952,1.168561339378357,-0.036243684589862823,0.8649984002113342,-1.0839251279830933,1.619221568107605,0.6901519298553467,0.44892600178718567,0.8161727786064148,-1.328518033027649,-0.972820520401001,0.5314551591873169,0.6482784748077393,0.2892233729362488,0.8486555814743042,0.6125755906105042,-0.17927078902721405,0.4367961585521698,0.34578394889831543,-1.226679801940918,-0.15496855974197388,1.4342041015625,0.7364788055419922,0.22885146737098694,-2.0036447048187256,-0.19569149613380432,0.7297271490097046,1.3459651470184326,-1.512595295906067,-1.049282431602478,0.6916889548301697,0.22029732167720795,0.17743271589279175,0.9696381092071533
-0.8420789241790771,1.2178089618682861,-0.614753782749176,0.8399450778961182,-0.3301362693309784,-0.3811085522174835,0.059245675802230835,-0.39081379771232605,-1.276672124862671,-0.4188922643661499,0.1105247437953949,-0.5220006108283997,1.7323652505874634,0.2949365973472595,0.3527986407279968,-1.0241550207138062,0.4808181822299957,-0.6680460572242737,0.635024905204773,0.10955315083265305,-0.8415429592132568,-0.1130276471376419,-0.5747305750846863,0.14136381447315216,-1.7466881275177002,0.28334107995033264,-0.4712637960910797,0.11992308497428894,-0.6493589878082275,0.02629907615482807,1.606798768043518,0.15824075043201447,-1.2689824104309082,-0.39165470004081726,1.4398751258850098,-0.23400087654590607,0.5825323462486267,1.0307657718658447,0.4241461753845215,1.8138171434402466,-1.5883623361587524,-1.2847607135772705,-0.2401377111673355,-0.5630388855934143,0.06344815343618393,-0.029867971315979958,0.6880406737327576,-1.9822914600372314,1.1705244779586792,-0.8594624996185303
-0.9923235177993774,-0.8182728290557861,0.07780636101961136,-0.3163316249847412,0.25607478618621826,0.08810960501432419,0.5096266865730286,0.8190159201622009,0.37049537897109985,0.38980811834335327,0.3182458281517029,0.17446865141391754,-0.4955596625804901,-1.3637131452560425,-1.5433388948440552,0.686640739440918,0.42908889055252075,-1.9460796117782593,-0.19847911596298218,-0.46257415413856506,0.23663537204265594,0.600446343421936,-1.2389967441558838,0.5569676756858826,0.6276220083236694,-0.15774458646774292,0.03671182692050934,-1.5827699899673462,1.0878980159759521,-0.5518804788589478,-0.35494759678840637,-0.22154313325881958,0.10735641419887543,-0.7696922421455383,-0.9472826719284058,1.2076784372329712,-1.4294514656066895,-0.07096859812736511,0.4432229697704315,-2.131195068359375,0.6392842531204224,0.22374114394187927,0.4971972107887268,1.369701623916626,1.0254099369049072,-0.17622794210910797,1.5019439458847046,1.7394287586212158,0.14464223384857178,-0.5830706357955933

Slice 61
-2.341840982437134,0.18311838805675507,0.31635576486587524,0.09909042716026306,-0.2804105877876282,-1.0588239431381226,0.31401002407073975,0.9676576852798462,-0.9405564069747925,0.5752549767494202,-0.7332748174667358,0.027326086536049843,-1.679635763168335,-0.7284548878669739,-0.16188089549541473,-1.3546892404556274,-1.8200340270996094,1.1139607429504395,-1.4567843675613403,-0.003936683293431997,-0.6501963138580322,-2.188075304031372,1.8256736993789673,0.29751890897750854,-2.275421619415283,0.3458457887172699,1.934052586555481,-0.030629005283117294,-0.5052474737167358,-0.11385735869407654,-0.441627562046051,-1.0024831295013428,0.6563201546669006,0.14502960443496704,-2.141287326812744,0.1987975537776947,1.3111437559127808,0.7665374279022217,-0.5152943730354309,1.0350192785263062,0.0385814905166626,0.4009971022605896,-0.9509093761444092,0.21309979259967804,0.19318130612373352,-0.39052584767341614,-1.3102076053619385,0.021873991936445236,0.5866014361381531,0.07680245488882065
-0.8977515697479248,-0.9021412134170532,1.0522973537445068,0.01186384353786707,1.0896751880645752,-0.4145853817462921,0.15962757170200348,0.013530869968235493,-0.36229994893074036,1.236070990562439,0.6962255239486694,-0.4410831332206726,1.2451082468032837,0.8096030950546265,-1.096310019493103,0.5352181196212769,2.3194046020507812,-1.911548376083374,0.08595290035009384,0.650367796421051,0.6781116724014282,-0.40863528847694397,-0.39628976583480835,0.5437616109848022,-0.12811613082885742,0.9948700070381165,-0.4896908104419708,1.8934992551803589,0.7181534171104431,-1.09169340133667,0.5124109387397766,-0.9433668851852417,-0.2643301784992218,0.6366386413574219,1.0963789224624634,0.8870810866355896,1.0134106874465942,-0.08548147976398468,0.7526833415031433,-2.241259813308716,0.5684990882873535,0.15447808802127838,-0.6734324097633362,1.3342933654785156,-0.10680589079856873,-1.0559097528457642,-1.0457627773284912,0.12261997163295746,1.6588730812072754,-0.05104026198387146
-0.4550209939479828,1.065680742263794,0.09293744713068008,-1.5340677499771118,-0.9480756521224976,-1.0937143564224243,-1.0571153163909912,-0.37338384985923767,-0.6694534420967102,0.2310754358768463,0.2256181389093399,0.9570735692977905,0.3868367671966553,-1.1125178337097168,-0.4029505252838135,-0.4521692991256714,-0.39200159907341003,1.4145455360412598,2.4142298698425293,0.871239960193634,1.4785418510437012,0.3528403341770172,-0.44312959909439087,-1.1444580554962158,0.9621022343635559,0.7717704176902771,1.150277018547058,-0.04146094620227814,-0.15480026602745056,1.4587452411651611,0.06949398666620255,0.7573567032814026,1.132535696029663,1.8740010261535645,0.453701913356781,1.3870681524276733,0.16830366849899292,0.609828531742096,2.3770346641540527,0.30461353063583374,-0.139858216047287,0.41693273186683655,-0.675346314907074,-0.4374443590641022,0.3861936330795288,0.8139197826385498,0.5616876482963562,2.07285737991333,0.06347058713436127,-0.6086775660514832
0.24636173248291016,-0.31236201524734497,-1.1372251510620117,0.22859454154968262,0.2621322572231293,-0.7333205938339233,0.9579681754112244,-1.0603898763656616,-0.5899057984352112,-0.942507266998291,-1.0895087718963623,-0.4496115744113922,0.48696446418762207,-0.824504554271698,-0.07136700302362442,1.0034595727920532,-1.1869666576385498,-0.14686360955238342,-0.7530486583709717,-0.42555394768714905,-0.9045116901397705,0.16716626286506653,0.7742084860801697,-0.1230640783905983,-0.7788624167442322,-0.7825390696525574,1.4667644500732422,-1.0230308771133423,-0.2011658400297165,-0.8956306576728821,0.7616843581199646,-0.30414482951164246,1.1687897443771362,-1.0856003761291504,-1.8236676454544067,0.574661374092102,-1.0034936666488647,0.35027703642845154,-0.02844083495438099,2.1844558715820312,-0.46322503685951233,-0.02182955853641033,-1.5669752359390259,-0.6730262637138367,0.8830955028533936,0.20209401845932007,1.3004292249679565,0.8167833685874939,-0.3833325207233429,-0.03406304866075516
-1.2167705297470093,-0.887138307094574,0.4582441449165344,1.6376925706863403,0.5269869565963745,-0.13958293199539185,-0.1134488582611084,1.1121107339859009,0.6315651535987854,1.0259956121444702,0.37008702754974365,-0.6072441339492798,-0.8876537680625916,0.5421199798583984,-0.6605145335197449,1.6964949369430542,-0.6270952820777893,-0.07031220942735672,-0.5083621144294739,-0.17689551413059235,-1.3080148696899414,0.5997596383094788,-0.6098768711090088,1.3912620544433594,1.1637461185455322,-1.0634468793869019,1.6194086074829102,0.8045578002929688,0.7684677839279175,-0.8373759984970093,-1.5250725746154785,-0.9359524846076965,-0.22426775097846985,-1.294645071029663,0.7496622204780579,-0.49009448289871216,0.26161399483680725,2.566324472427368,-0.6276331543922424,2.0677578449249268,-0.9660276770591736,1.6842997074127197,-0.6133594512939453,1.9378719329833984,-1.7770205736160278,0.1161208376288414,-1.8910740613937378,1.2626394033432007,2.2262485027313232,1.2424458265304565
2.4778335094451904,0.6244788765907288,-1.3051609992980957,-1.2500101327896118,-0.15882016718387604,-0.326709121465683,-1.8519153594970703,-0.44159623980522156,0.7149361968040466,0.35798126459121704,-1.3389281034469604,0.9228766560554504,0.7937456369400024,-1.6445928812026978,0.1147351786494255,-0.6215093731880188,1.0798550844192505,-0.7385668754577637,-0.2059585601091385,0.7931114435195923,-0.22698938846588135,0.10381191968917847,-2.011401653289795,-0.7338802218437195,1.0072473287582397,-0.46760252118110657,-0.6357498168945312,-0.6121377348899841,0.5171207785606384,0.37580516934394836,-0.29999157786369324,-1.8979483842849731,-0.5169575214385986,-0.9667291045188904,-0.062272701412439346,-0.9162521958351135,-1.3071538209915161,0.12118068337440491,1.1133742332458496,0.3878583014011383,-0.6577964425086975,0.8000956773757935,-1.1429251432418823,-1.6845146417617798,0.9998390674591064,-0.5424733757972717,-1.6246799230575562,0.39253032207489014,0.030048681423068047,-1.23206627368927
-0.4374854564666748,2.042633295059204,-0.16092845797538757,1.2603353261947632,0.2140789031982422,0.9741915464401245,0.631515383720398,-1.0910791158676147,0.865920901298523,-0.7464563846588135,-0.08479584753513336,-0.776692807674408,3.006734848022461,0.2891539931297302,1.3865265846252441,1.0978151559829712,1.4660146236419678,0.495698481798172,0.8078135848045349,0.8380832672119141,2.2835230827331543,-1.2263010740280151,0.6743194460868835,0.6695371866226196,-1.2135218381881714,1.9323339462280273,0.6710849404335022,-0.029317788779735565,0.40435290336608887,1.2804135084152222,0.28637799620628357,-0.7615339756011963,-0.6082659363746643,1.2481131553649902,0.40711063146591187,1.4176572561264038,0.06470287591218948,0.654052197933197,2.0215041637420654,1.5947349071502686,1.773980736732483,1.118242621421814,-0.026829233393073082,-0.6425004005432129,1.1350990533828735,-0.3142333924770355,-0.3177489638328552,1.3078186511993408,-0.951748251914978,2.214193344116211
0.3263292908668518,1.0866645574569702,-1.237378716468811,-1.0691620111465454,0.980160117149353,-0.15117189288139343,-0.9169369339942932,-1.463093638420105,1.10710608959198,-1.3950772285461426,0.4849976599216461,0.32050323486328125,2.3563649654388428,0.5559537410736084,-0.3165120780467987,-0.012477114796638489,-0.4834217429161072,-1.0616328716278076,1.8727202415466309,0.12430869042873383,1.117719292640686,-1.567495584487915,-2.079261064529419,0.02897971123456955,-0.4026971161365509,0.20783346891403198,-0.7234012484550476,-0.5761553645133972,0.28068089485168457,0.8040367364883423,-2.133108615875244,-0.6433444619178772,-2.635915756225586,1.238753318786621,-0.8308516144752502,-1.464259147644043,-0.8161055445671082,0.10356765240430832,-0.3177686929702759,0.5194181203842163,1.1832443475723267,0.4174427092075348,-0.6295856833457947,-0.028292899951338768,-1.7831891775131226,-1.6303282976150513,-0.5585713982582092,-0.10185595601797104,-1.0765434503555298,-0.9587429761886597
-0.9054306149482727,0.09508395940065384,0.12903766334056854,-1.069947600364685,0.6883372664451599,0.838994562625885,0.25615188479423523,-0.6159911155700684,1.3122881650924683,-0.2640840709209442,1.0035845041275024,-0.482143759727478,0.47551390528678894,1.3715227842330933,0.8345739245414734,0.6625190377235413,-0.8552325963973999,0.5414479374885559,0.6045325994491577,-0.10916181653738022,-0.40213826298713684,0.7809549570083618,-0.8656212091445923,0.8845029473304749,1.3940932750701904,-1.3521732091903687,0.14047221839427948,-0.3147543966770172,-0.6738277077674866,-0.0808018371462822,-0.8427320122718811,0.47897469997406006,-0.015406355261802673,-0.6152262091636658,1.0416347980499268,-0.39970651268959045,0.31453830003738403,0.7358154058456421,0.7580050826072693,0.24254575371742249,-0.1359146684408188,0.542911946773529,0.5699020028114319,0.05810799077153206,-0.35789453983306885,0.8361441493034363,-0.32616475224494934,0.8802790641784668,-0.48872923851013184,-0.11264744400978088
-1.20602285861969,0.4887160062789917,0.7756228446960449,-0.9560381770133972,1.225013017654419,0.6592721343040466,1.3685880899429321,-0.2967519164085388,0.8036336302757263,0.25907254219055176,-0.9326886534690857,-1.9332212209701538,0.39023357629776,0.21416960656642914,0.6484664678573608,1.029995083808899,0.8958331942558289,0.8050264716148376,-1.3289762735366821,-0.3248113989830017,0.29678788781166077,-0.09417619556188583,-1.229642629623413,0.09239598363637924,-1.346341848373413,0.6839200258255005,-1.2408427000045776,-0.19351071119308472,-1.5685887336730957,-1.386753797531128,1.0317169427871704,-0.8396373987197876,1.387386441230774,-0.9128631353378296,-0.9518276453018188,1.3336976766586304,0.7435229420661926,0.9731140732765198,0.3759832978248596,-0.30638113617897034,0.5206153988838196,1.2668436765670776,-0.7602511048316956,-0.43436136841773987,-0.17379902303218842,0.2033122181892395,-0.6379699110984802,-0.26053953170776367,-0.738119900226593,0.6971594095230103

Slice 62
-1.3222954273223877,1.1841363906860352,-0.42238324880599976,2.2273826599121094,-0.2557973563671112,0.3591454029083252,0.6761817336082458,0.1699492186307907,-1.1842927932739258,-1.0112481117248535,-0.8184402585029602,-1.2567254304885864,-1.3542145490646362,0.7684524059295654,0.48611629009246826,0.4666236639022827,0.45871612429618835,-0.6018739938735962,-0.04319261014461517,0.4089943468570709,-0.9253928065299988,-0.41778409481048584,-0.29737213253974915,-0.054715778678655624,-1.1421139240264893,-0.7035513520240784,-1.2408702373504639,0.2958604693412781,-0.14884363114833832,0.449189156293869,-1.134108066558838,-0.3911459445953369,0.33327892422676086,0.9154849648475647,-0.6104832887649536,0.817995548248291,-1.0498892068862915,0.17456869781017303,-0.12469521909952164,-0.4312274158000946,0.06754136085510254,0.10830284655094147,-1.0468202829360962,-2.3982467651367188,0.27826735377311707,-1.824632167816162,0.6436821222305298,-0.15706880390644073,0.1956966370344162,0.6952857971191406
0.15020713210105896,0.1985345482826233,-0.8887290358543396,-1.0637245178222656,0.24387197196483612,-0.3457915186882019,-0.8264448642730713,1.3601469993591309,0.16958260536193848,-1.6320880651474,-2.472691297531128,-0.900644063949585,-0.3524121940135956,1.4865778684616089,0.18210254609584808,-1.1244697570800781,-0.7097262144088745,-1.0443285703659058,0.26678767800331116,0.9492189288139343,0.02866937220096588,0.33962738513946533,-1.8283697366714478,1.4090083837509155,-0.21609541773796082,-1.475015640258789,1.5385510921478271,-0.8367377519607544,-0.3330055773258209,0.9279320240020752,0.6156339049339294,0.6541267037391663,0.7602910995483398,0.4594424068927765,0.820446789264679,0.7488836050033569,0.6272028088569641,-0.3570343554019928,-1.2176977396011353,0.1992161124944687,-0.1563325822353363,-1.2713631391525269,0.40096476674079895,0.8105250000953674,-0.5358558297157288,-0.12320145219564438,0.9600515365600586,0.48421725630760193,0.6635240912437439,-1.0501524209976196
-1.5327836275100708,-0.33417314291000366,-1.234561800956726,0.885589599609375,0.227398082613945,0.2729223966598511,0.2686310112476349,0.09481518715620041,1.2284507751464844,-0.6877446174621582,-0.1383657306432724,-1.091475486755371,-0.0020335237495601177,-1.5812071561813354,-2.7191264629364014,0.7645509839057922,1.2969192266464233,-0.09832551330327988,0.24112340807914734,0.3436158299446106,0.44345077872276306,-1.1115714311599731,-0.5256475210189819,0.2221154272556305,-1.1761926412582397,-0.6481972336769104,0.4751991629600525,-1.0875173807144165,0.7737014889717102,1.1371355056762695,-1.9660841226577759,-0.21545425057411194,-0.2646303176879883,1.669879674911499,-1.239327073097229,0.8416135907173157,0.37715429067611694,-0.6326606273651123,1.3106621503829956,-0.4030548334121704,-1.4640986919403076,-2.2975051403045654,-0.3493271470069885,0.4302254915237427,0.25472670793533325,-0.5742075443267822,0.21814705431461334,0.3521767854690552,0.3487415313720703,-0.25617557764053345
0.5144056081771851,-0.6652162075042725,-0.01416096743196249,0.644774854183197,-0.9045096039772034,-0.14338238537311554,0.6866848468780518,1.5519545078277588,-0.7607791423797607,0.6133344173431396,1.1949856281280518,0.6648423075675964,-0.29075226187705994,-0.15268680453300476,0.0769132524728775,-0.3005985915660858,-0.19631288945674896,-0.5194613933563232,1.7870491743087769,-0.07344979792833328,1.3642128705978394,-0.28175118565559387,1.4103894233703613,-0.5086014270782471,1.330449104309082,0.17544789612293243,-0.1887555867433548,2.1090505123138428,-0.7446692585945129,-1.4557785987854004,-0.3785942792892456,-1.363696575164795,1.7895278930664062,-0.2437315732240677,0.5138062834739685,-0.0890076532959938,0.5762417316436768,-1.1716820001602173,0.3219011127948761,0.6847694516181946,-0.5522453188896179,-0.9611401557922363,-0.9155185222625732,-0.24473874270915985,-2.0178093910217285,-0.37820494174957275,0.32193344831466675,0.4409019947052002,0.9571852087974548,1.1494594812393188
0.2952348589897156,-0.2754155397415161,1.061722755432129,0.691426157951355,0.27281951904296875,0.2767021656036377,-2.2480051517486572,-0.8885485529899597,-0.9810377359390259,-0.5635318756103516,-0.8927974104881287,-0.35476967692375183,-0.2933383882045746,0.5446614623069763,-0.11049512773752213,0.20982016623020172,0.39646026492118835,-1.1311944723129272,-1.0621494054794312,0.20490360260009766,1.0556540489196777,1.5967509746551514,0.26100480556488037,-0.36709466576576233,0.195112943649292,-1.5874409675598145,0.026842648163437843,-0.3020443320274353,1.3199458122253418,1.1326229572296143,0.2042512148618698,-0.6252995133399963,-0.5492676496505737,1.060139775276184,-0.33375370502471924,0.40731751918792725,-0.01691371761262417,0.24516475200653076,-0.5366220474243164,-0.7181392908096313,0.020353786647319794,0.07029072195291519,0.41609179973602295,-0.21886885166168213,0.9295756220817566,0.06296586990356445,-0.9300359487533569,1.8947588205337524,0.35397788882255554,-0.7395449280738831
0.5603615641593933,0.8189265131950378,-0.43585205078125,-0.4273923635482788,-1.6371663808822632,2.9977071285247803,-1.020216703414917,-0.6042435765266418,1.0040874481201172,-0.09552828967571259,0.9077900052070618,0.6876261830329895,0.8360984325408936,0.3532891869544983,-1.4838107824325562,0.8452562689781189,1.1852952241897583,-0.8783444166183472,0.4996285140514374,0.9628378748893738,0.6554744243621826,1.0069657564163208,0.6183114051818848,0.8877344131469727,-1.056082010269165,-0.86395263671875,0.983618438243866,-0.5998557806015015,-1.1476123332977295,-0.7110129594802856,-0.7647470235824585,0.7307671904563904,-1.0263766050338745,-0.16880135238170624,-0.2574322819709778,-2.261591672897339,0.07556609809398651,-1.57320237159729,1.0808579921722412,1.0709190368652344,-0.8384857773780823,1.4367823600769043,1.2021700143814087,0.4626070261001587,-0.9637634754180908,0.8232843279838562,1.181412696838379,1.1979691982269287,1.6825746297836304,-1.8462769985198975
0.8128811717033386,-0.41631990671157837,1.8112133741378784,-1.3289358615875244,0.8590342402458191,-0.0654725730419159,0.05445852503180504,0.42902636528015137,1.7087527513504028,0.14947950839996338,0.36339396238327026,1.2907090187072754,0.8429780602455139,-0.5386727452278137,0.31271132826805115,0.10714083164930344,-0.4000576138496399,0.8698909878730774,0.2212124764919281,1.8143303394317627,-0.33300939202308655,-0.5795945525169373,0.7141011357307434,-0.02657327614724636,0.05352025479078293,0.21035103499889374,1.344925880432129,0.05519794672727585,-1.5308853387832642,1.173216700553894,0.32325834035873413,-0.0765085443854332,0.14159569144248962,-0.717029333114624,-1.6476771831512451,-0.4774329662322998,-0.930144727230072,-1.258715271949768,0.37151965498924255,0.42782387137413025,0.7190129160881042,0.31917473673820496,-0.527988076210022,1.1427830457687378,-1.7473443746566772,-0.4311561584472656,-0.23807045817375183,1.2197248935699463,0.6584290266036987,0.5539236068725586
-1.197943925857544,0.5235487222671509,-0.8067811131477356,-0.009579994715750217,0.7077685594558716,-0.0670621395111084,0.38789936900138855,-1.559474229812622,0.5977098941802979,-0.42483821511268616,-0.5049259066581726,-0.36295056343078613,0.2566124200820923,1.4448144435882568,0.32117730379104614,-1.157686471939087,0.16828401386737823,0.19658441841602325,-1.423134446144104,0.6350312232971191,1.1820182800292969,-2.3809280395507812,-1.33681321144104,1.0992109775543213,0.7145515084266663,-0.15360793471336365,-2.3610668182373047,-1.4583908319473267,-0.3002226650714874,-1.4388282299041748,-0.7131803631782532,0.7118330597877502,-0.6443113088607788,-0.4982298016548157,0.32465052604675293,1.0241576433181763,-0.8919849395751953,-0.42306792736053467,0.163826122879982,-1.1619925498962402,-0.42541682720184326,0.06895007193088531,0.4034278094768524,-1.35988450050354,0.09739350527524948,-1.2198244333267212,-0.5447953939437866,-0.6965946555137634,0.36346736550331116,0.40181535482406616
0.09806034713983536,-1.24888014793396,-0.9397456645965576,0.46852001547813416,-0.2454136312007904,-1.7584112882614136,-0.15010076761245728,-0.7974240183830261,0.026855340227484703,-1.8258358240127563,1.767896056175232,-0.2651020288467407,-1.8850833177566528,-0.5517562627792358,1.7421278953552246,-0.21576429903507233,-0.7392033934593201,0.7793798446655273,0.7504658699035645,0.27204224467277527,1.2384240627288818,1.586719274520874,0.2846662998199463,-0.8759179711341858,1.8241117000579834,-0.7962017059326172,-0.5579572916030884,-0.9252047538757324,-0.053802989423274994,1.0484533309936523,0.7176564931869507,-1.0643240213394165,-0.9666947722434998,0.3403775990009308,0.43722614645957947,0.1078304648399353,-0.13845422863960266,-0.3607679605484009,-0.32531124353408813,-1.6791125535964966,-0.5378948450088501,-0.6221567392349243,-1.5980761051177979,-0.5022976398468018,-0.7852287888526917,1.1857004165649414,-1.393964409828186,0.005712255369871855,0.01698765531182289,1.0041934251785278
-1.042444109916687,0.45309531688690186,2.2153077125549316,-1.2268493175506592,-0.28939560055732727,-0.5751413106918335,-0.22805649042129517,-1.023552656173706,1.0319727659225464,0.3974682688713074,-1.5508220195770264,-1.0083125829696655,1.0361957550048828,0.53538978099823,1.2381525039672852,0.21889521181583405,-0.35446450114250183,-0.8938236832618713,-0.6739354133605957,-1.7146828174591064,-1.5777429342269897,-0.27060315012931824,0.279319167137146,0.6752982139587402,-0.8102427124977112,0.3132747709751129,0.2532024085521698,1.1836216449737549,-0.028791585937142372,-0.6666050553321838,1.5779178142547607,0.9367164969444275,-0.9009212255477905,-0.005300997290760279,0.03451947495341301,-0.8376188278198242,0.9547306299209595,0.7466240525245667,0.4964641034603119,1.2366238832473755,2.7671825885772705,0.300307035446167,0.7747427225112915,1.1727937459945679,-0.10778463631868362,-0.888778567314148,0.5378049612045288,-0.3411952257156372,-2.02344012260437,-0.6401427984237671

Slice 63
-0.9726414680480957,-0.4780281186103821,0.8043810725212097,-0.785211980342865,0.5973922610282898,-0.48236793279647827,-1.485272765159607,1.0380641222000122,0.7287142872810364,0.24088071286678314,-0.34247738122940063,0.9793151617050171,-0.3563161790370941,0.045858416706323624,-2.8877785205841064,1.0051865577697754,-0.6887493133544922,-0.3767869770526886,-1.8948382139205933,1.3873775005340576,-1.1086612939834595,-0.9197632074356079,0.29491451382637024,0.5572737455368042,-0.7208898663520813,0.8250643610954285,-0.5082396268844604,0.4869324266910553,1.236682415008545,-0.3440472483634949,1.223786473274231,0.6591371893882751,-0.24662934243679047,1.3051413297653198,0.4522359073162079,1.2488888502120972,-0.8939770460128784,0.7092495560646057,0.12325469404459,-0.45539289712905884,-0.928376317024231,-0.18083485960960388,-0.17941731214523315,2.4669129848480225,-1.027207612991333,-1.0171897411346436,-0.43763744831085205,-0.39414528012275696,-0.887815535068512,-1.213154673576355
-0.32116028666496277,-0.9629911184310913,0.4442378282546997,-0.9144579768180847,-0.691162109375,-1.1299469470977783,1.786351203918457,-0.7384498715400696,-0.4872581660747528,0.7405539751052856,0.10710856318473816,1.5479252338409424,-0.21763192117214203,0.48555561900138855,-0.9000365734100342,-0.32187461853027344,-0.42662563920021057,-0.6856892108917236,0.2356998175382614,0.635118305683136,-1.6447010040283203,0.7037497162818909,-0.34120890498161316,0.7997022867202759,-0.19137625396251678,-0.3399999141693115,0.32650047540664673,0.8036905527114868,1.2143629789352417,1.402014136314392,0.5111265778541565,0.5175063014030457,0.8828637599945068,-0.07544687390327454,0.4860464632511139,1.0323289632797241,-1.1483592987060547,1.1924095153808594,-1.5626407861709595,-0.33477523922920227,-0.46652403473854065,0.32206669449806213,-0.2941991090774536,0.8531247973442078,2.0906851291656494,-0.7434576153755188,1.827236533164978,-0.030626216903328896,-0.6304855346679688,-0.25286340713500977
-0.4432086944580078,1.6346821784973145,0.2666652798652649,-0.01822274550795555,0.1045243963599205,0.6201475262641907,-0.6235129237174988,0.059262633323669434,-1.2094920873641968,-0.05761466920375824,0.1550915390253067,-0.5786453485488892,-0.03462863713502884,0.5965651869773865,-0.39073359966278076,0.7324082255363464,1.5118666887283325,0.7109100222587585,-1.8959029912948608,-0.4551335871219635,1.2791146039962769,0.10043337196111679,0.5369300842285156,-0.49535632133483887,0.3935045599937439,0.8074418306350708,-0.6830230355262756,-0.728148877620697,-1.0780317783355713,-0.3289981186389923,-0.3486380875110626,-0.3628326952457428,-0.5259946584701538,-0.37978869676589966,-0.7335483431816101,-0.978198766708374,0.8707611560821533,-0.8404216170310974,-1.1309117078781128,-0.08976741880178452,0.3126068413257599,0.7041451334953308,1.1553152799606323,-1.159881591796875,-1.0777779817581177,0.9745117425918579,-1.9667891263961792,-0.6063470244407654,1.3266422748565674,0.2404250204563141
-0.9336701035499573,0.32610538601875305,1.4765876531600952,1.061844825744629,1.1051393747329712,-0.5432118773460388,-0.6830019950866699,0.9470029473304749,-0.7604784965515137,1.5932928323745728,0.46538957953453064,0.34020817279815674,-1.93377685546875,-0.20835734903812408,-0.5086672902107239,-0.48230984807014465,-0.7846248745918274,0.7478540539741516,-0.6346307992935181,-1.1631776094436646,-0.5511820316314697,-0.04971612989902496,1.0122371912002563,0.8242380023002625,0.11667082458734512,2.0825014114379883,-0.7495774030685425,-0.005886249244213104,-0.10217305272817612,0.03941160812973976,0.28780680894851685,-1.5864179134368896,-1.0584311485290527,1.1808207035064697,-1.0455564260482788,1.1015686988830566,0.7853280901908875,-1.004067063331604,1.0855865478515625,1.7996633052825928,-0.8152663707733154,-0.16037039458751678,-0.08142111450433731,1.0917627811431885,-0.4588173031806946,-0.5811911821365356,-0.20812445878982544,1.5255789756774902,-0.32214802503585815,0.14912614226341248
-0.12891264259815216,0.17926909029483795,-0.4444788694381714,0.15551602840423584,0.7314167618751526,-1.2115395069122314,1.4390281438827515,-1.1082665920257568,-0.5233344435691833,-1.2065603733062744,1.3304110765457153,0.3913995623588562,0.7396538257598877,-1.0058273077011108,0.1159452274441719,-1.3059192895889282,1.1125279664993286,1.6228070259094238,-0.20983469486236572,0.3262259364128113,2.1474056243896484,0.1552739441394806,2.097440242767334,1.0998529195785522,0.5106654167175293,-1.024936556816101,1.876416563987732,-0.7039008736610413,0.9383480548858643,-0.6742368340492249,-1.245712399482727,-0.5730832815170288,0.3467788100242615,0.24102407693862915,-0.8704609274864197,0.5194836258888245,-2.0446765422821045,-0.1420639455318451,-0.4640231728553772,-0.269188791513443,-1.7266933917999268,0.5101227760314941,-2.084301710128784,-0.9646648168563843,1.058789610862732,0.14174319803714752,-0.9976248145103455,1.1743255853652954,0.5000104308128357,-0.44532912969589233
0.1451738476753235,-0.28920939564704895,1.1141276359558105,0.3651021718978882,-0.5954153537750244,-0.6062044501304626,0.9969735741615295,2.8639492988586426,0.3408450782299042,-0.5632718801498413,0.4662166237831116,0.7583069205284119,0.7991943955421448,-1.2054612636566162,-0.26794347167015076,0.5398834347724915,-1.0369620323181152,-1.9332937002182007,-0.8287529945373535,0.21276123821735382,-0.6731762886047363,0.8891974687576294,-1.03754460811615,0.33612722158432007,0.21961168944835663,1.0880358219146729,-0.09643087536096573,0.45580512285232544,0.3531286120414734,0.19655606150627136,0.13034582138061523,-1.2463569641113281,1.9364123344421387,0.572960376739502,-0.9443361163139343,0.18570636212825775,-0.9399598836898804,1.1083136796951294,-2.5922691822052,0.4066919982433319,-0.1039818674325943,0.7466808557510376,-0.038972314447164536,1.6434943675994873,1.2374318838119507,1.7807011604309082,-0.15001127123832703,-0.45764991641044617,0.5120599269866943,-1.4935154914855957
-0.7492361068725586,0.7654061317443848,1.6411809921264648,0.40772727131843567,1.1202502250671387,0.2752522826194763,-0.007867815904319286,-1.4969018697738647,-0.2349691390991211,-0.04892349988222122,1.7268880605697632,-1.41206693649292,-0.5966078042984009,-0.9162795543670654,-1.362601399421692,1.0942823886871338,-0.37108269333839417,-0.7905550003051758,0.9493517279624939,-0.7573685050010681,-0.7318495512008667,0.6408869028091431,-1.3899970054626465,0.21196384727954865,-0.4952647387981415,-0.4961148798465729,0.5388369560241699,-1.99220609664917,-1.0312769412994385,2.0339083671569824,-1.1788346767425537,0.7911437153816223,-0.7796465754508972,-1.297296404838562,0.7276045680046082,1.5145037174224854,-0.3578944504261017,-0.9587638974189758,-0.2398315817117691,0.1430097371339798,0.8005520105361938,0.671079158782959,0.8210475444793701,2.043301582336426,-0.04638086259365082,0.1391712874174118,1.5612564086914062,-0.7651773691177368,0.835466742515564,1.4005399942398071
0.848233163356781,-1.175671100616455,0.6596779227256775,0.5743507742881775,1.9761027097702026,-0.4829722046852112,0.07479581236839294,1.4604148864746094,-2.0482988357543945,-2.223050117492676,0.9098560214042664,-0.9537509083747864,-0.1936863362789154,1.6236708164215088,0.061276063323020935,1.4779366254806519,-0.26635995507240295,0.943744421005249,-0.888474702835083,-0.8884626626968384,-0.0033631238620728254,-0.2860833704471588,-0.3755451738834381,0.5208218693733215,-0.09009288251399994,0.41732513904571533,0.03537067398428917,-1.0483959913253784,-1.4599740505218506,-0.678316593170166,-1.4566950798034668,0.9365314245223999,0.9861483573913574,-1.3082363605499268,-0.10159341990947723,1.271630883216858,-1.9944831132888794,-0.7687981128692627,0.11284580826759338,1.4170507192611694,-0.7673891186714172,0.02699604071676731,-0.7345852851867676,-0.2727697789669037,-0.5621094107627869,1.3163918256759644,0.3142951428890228,0.14814424514770508,2.1733100414276123,-1.2025490999221802
-0.5508891940116882,0.9112868905067444,-0.656916081905365,2.3265721797943115,0.05900302529335022,-0.8906746506690979,-0.6128690838813782,0.1822485327720642,0.646905779838562,-0.2908971607685089,0.8270543217658997,0.9820628762245178,0.7941507697105408,-0.27315524220466614,1.6644067764282227,-0.0195666141808033,-0.5212655067443848,-0.6209376454353333,-0.13937747478485107,0.8892013430595398,0.6658547520637512,0.158181831240654,-0.646507978439331,-0.5956835746765137,-1.4407703876495361,-0.007979117333889008,-0.057011786848306656,0.05424783006310463,1.1656768321990967,-0.5795322060585022,-0.47209641337394714,-0.2772529125213623,0.24306543171405792,2.4540538787841797,0.055278122425079346,-1.3521571159362793,-0.12802204489707947,0.4833809733390808,0.0855790451169014,0.9665183424949646,-0.6279346942901611,0.8540503978729248,0.5502322316169739,-0.3471454679965973,-0.66731196641922,0.8228866457939148,0.1821008175611496,0.454634428024292,0.23825959861278534,-0.9462431073188782
1.2912163734436035,2.36346435546875,-0.20255249738693237,-0.5602017045021057,0.8184741735458374,-0.5969492793083191,-0.14026516675949097,-0.7804137468338013,-1.6516655683517456,-0.481362909078598,1.1507612466812134,-0.641877293586731,2.042212724685669,-0.4353845417499542,1.8286548852920532,1.2668756246566772,1.8067526817321777,1.1979807615280151,1.024225115776062,-0.04006299749016762,2.0858116149902344,-1.8522764444351196,1.675632119178772,1.7434499263763428,1.0354574918746948,-1.6499475240707397,-0.19255734980106354,0.8603274822235107,-0.5485090017318726,0.04709303379058838,-1.6494563817977905,0.24663551151752472,0.2274796962738037,0.46004003286361694,-0.5524345636367798,0.02602880261838436,-2.072253942489624,1.7457563877105713,-1.6833263635635376,1.1443926095962524,-1.261744499206543,1.5688353776931763,1.3929365873336792,-0.2515166401863098,-0.044744834303855896,0.2691289484500885,0.362050861120224,1.5733988285064697,0.7936177849769592,-0.6550616025924683

Slice 64
-0.42455631494522095,0.9738088250160217,0.35201236605644226,-0.8335690498352051,-0.547885537147522,0.6319261193275452,-1.481964111328125,-0.934668242931366,0.16299353539943695,-0.10472385585308075,-1.0108286142349243,1.1926498413085938,0.10470233857631683,-0.43898212909698486,0.83167964220047,0.5850532054901123,-0.9508982300758362,0.9682573080062866,-0.20037803053855896,0.5835142135620117,1.7492742538452148,-0.9141094088554382,-0.41167059540748596,-1.00115168094635,0.9674709439277649,-0.29524004459381104,-0.6796864867210388,0.35197317600250244,-0.10817314684391022,-1.2963674068450928,1.3950612545013428,-0.539104163646698,-0.39800044894218445,-1.0784176588058472,-0.48396438360214233,-0.3925964832305908,-1.175405502319336,-1.0281298160552979,0.34731802344322205,0.09527832269668579,0.4256541430950165,0.19971689581871033,-0.07853765040636063,-1.1770501136779785,1.5267868041992188,-0.4579964578151703,0.35564061999320984,-1.5357824563980103,0.20649993419647217,-1.3040006160736084
-0.9562231302261353,-0.367689847946167,-0.6312112808227539,0.9650176763534546,-0.08873426169157028,1.0705339908599854,1.252044677734375,-1.100592017173767,0.10574273765087128,-1.3338162899017334,-1.0810106992721558,-0.2564120292663574,1.8389017581939697,0.2607831358909607,-0.46159836649894714,1.0795059204101562,-0.06645116209983826,-0.7066465616226196,-0.6345008611679077,0.08786249160766602,-0.5373707413673401,0.6808170080184937,0.7036952972412109,1.2998406887054443,0.4025484025478363,-0.910516619682312,0.7143346071243286,-0.023294152691960335,0.33027592301368713,0.04162013158202171,-0.6581567525863647,0.8827217817306519,0.08607741445302963,1.240570306777954,0.47757917642593384,-0.7020886540412903,1.1709895133972168,0.27717602252960205,1.2068185806274414,1.047904133796692,0.2714822590351105,1.3333061933517456,-0.7220830917358398,0.32924386858940125,0.7648410797119141,-0.9995090365409851,-0.6581419110298157,-1.1645764112472534,-0.2011234313249588,0.9069084525108337
-1.2495650053024292,-0.029611624777317047,0.5346853137016296,0.9234973192214966,-1.1010762453079224,0.6215856671333313,-2.4334230422973633,-0.5106210112571716,-0.8419628739356995,-0.3778935372829437,-0.7228636145591736,0.5153800845146179,-0.14731599390506744,-0.860255241394043,1.0340204238891602,-0.5529056191444397,-1.0260653495788574,0.30152711272239685,0.3407835364341736,0.1885848194360733,0.7980483770370483,-1.8547159433364868,-0.4939250349998474,-0.6697931885719299,0.67487633228302,-0.6884545683860779,1.6031816005706787,0.8051730394363403,-0.39035215973854065,-1.0488481521606445,0.1975567638874054,0.13034115731716156,-1.2215697765350342,-1.0675567388534546,-0.09276766330003738,-0.9782113432884216,-0.13873907923698425,-0.30299752950668335,-0.8812612295150757,-0.03725267946720123,0.4859517514705658,-0.7126785516738892,-0.4830111265182495,1.005780816078186,0.5461098551750183,-0.4880765974521637,-0.9404187798500061,-0.3804554045200348,-0.605365514755249,0.6620936393737793
-0.5298466682434082,0.4582507908344269,0.9814584851264954,-0.9014835357666016,0.5150623917579651,0.4339333176612854,-0.4954589009284973,-1.7641092538833618,0.6376187205314636,0.2910030484199524,-0.6671907901763916,0.940219521522522,-0.18399015069007874,0.5716980695724487,2.036801338195801,-0.3165828585624695,-0.1402624547481537,0.893215537071228,-0.8409059047698975,0.21887944638729095,1.5200376510620117,-0.30890458822250366,1.5042051076889038,0.8153640627861023,0.9243801236152649,0.1697782427072525,-0.8538453578948975,-1.286396861076355,0.36853134632110596,-0.951415479183197,0.37382975220680237,-1.3919851779937744,-0.12792879343032837,0.8916180729866028,-0.13143472373485565,-0.3235965371131897,-0.6674694418907166,-1.376548171043396,0.28802967071533203,-1.3843191862106323,-0.2390177696943283,-0.4171793460845947,-1.3320093154907227,-0.1515505164861679,0.9569323658943176,-0.9175713658332825,0.9220423102378845,-1.5540354251861572,-0.8083938360214233,-0.07707924395799637
-0.21620137989521027,-0.17170846462249756,-1.1999342441558838,1.1842519044876099,-0.8949506878852844,0.12045039981603622,0.8623610138893127,-0.8203949928283691,-0.35189399123191833,-0.3070894181728363,-0.6366844177246094,0.3923473656177521,0.8252139687538147,0.42910629510879517,-0.8080281019210815,-0.8585222363471985,-0.6747854351997375,-0.2332964986562729,-1.7028331756591797,-0.816104531288147,-0.4318409562110901,-0.02874208241701126,0.9002662897109985,0.05487740784883499,0.582883894443512,0.5767279267311096,-0.4555725157260895,1.133130669593811,0.41988226771354675,-0.8091363310813904,-0.8110770583152771,1.1494868993759155,-1.490473985671997,0.045037053525447845,-0.24256619811058044,-0.5415822863578796,1.1664587259292603,-1.1192991733551025,1.2555104494094849,0.15755462646484375,-0.423151433467865,1.192566990852356,0.015791358426213264,-0.7933162450790405,1.8407212495803833,-1.2275888919830322,-1.2516204118728638,-0.22661511600017548,0.009966534562408924,-0.20332127809524536
0.8486483097076416,-0.9877814054489136,-0.7758007645606995,0.5101222991943359,-0.0479939766228199,-1.238123893737793,0.4942590594291687,0.20770657062530518,-1.1359634399414062,0.1829957664012909,0.35516873002052307,0.9491663575172424,-1.5265345573425293,1.1364771127700806,-0.7785905003547668,-0.5574687123298645,1.507154941558838,-0.8732854723930359,0.610253095626831,0.697646975517273,-0.7807551622390747,0.7390820384025574,0.8333946466445923,-0.04774940013885498,-0.8073678612709045,0.43046703934669495,1.1491447687149048,-0.29714682698249817,0.3654303252696991,-0.2983640134334564,-1.1039868593215942,-0.16420742869377136,0.6594213247299194,-0.2778891324996948,-1.0524860620498657,0.3980278968811035,-1.5781916379928589,0.24127672612667084,-1.310141921043396,-1.3197782039642334,0.6551194787025452,-0.99590665102005,-0.26563209295272827,-1.183231234550476,0.2325000911951065,0.18269294500350952,-0.291219025850296,0.7677048444747925,-0.48842155933380127,-0.9340603947639465
0.13761241734027863,-0.1218562126159668,0.387300968170166,1.677700400352478,-0.24538421630859375,-0.1905224472284317,1.5798916816711426,-0.7105929851531982,-0.9547937512397766,-0.23582236468791962,0.025114813819527626,0.33955714106559753,-0.7958317399024963,-0.4320773184299469,0.14178237318992615,-1.2959989309310913,-0.3125801682472229,1.2401989698410034,0.063946932554245,1.1526639461517334,-1.2092745304107666,0.9432574510574341,-0.1370001584291458,-0.4753318727016449,2.2222683429718018,-0.9918047785758972,-1.003374457359314,-1.012898325920105,0.8197320699691772,0.22088013589382172,-0.383728563785553,2.28438138961792,-0.5625694990158081,-0.34648990631103516,-0.11925972253084183,-0.5463564395904541,0.5394706130027771,-1.1502809524536133,-0.34989163279533386,-1.0217077732086182,1.026551365852356,0.05000049248337746,-0.2634897828102112,1.2949261665344238,0.32466500997543335,-0.6562891602516174,-0.42897284030914307,0.0743648111820221,-0.7216078639030457,1.1922683715820312
1.2184151411056519,0.6008293032646179,0.744879961013794,0.08522608131170273,1.4180705547332764,-1.395068645477295,0.8359134793281555,0.054567039012908936,0.7898433208465576,-0.09167420119047165,1.5309399366378784,-0.3284268081188202,-0.5378366708755493,0.29261863231658936,0.11964518576860428,0.6479349732398987,0.2019888460636139,-0.6494966745376587,-1.3060131072998047,-0.1067434549331665,-0.7450990676879883,0.8666777610778809,-0.4788942039012909,0.868523359298706,0.5204079151153564,0.7819817662239075,-0.7726003527641296,1.2003600597381592,-0.20579582452774048,1.07505202293396,1.316333532333374,-0.06750577688217163,-0.024286439642310143,-0.04013625532388687,0.9039513468742371,0.7330825924873352,1.0634300708770752,0.19520896673202515,-0.5655856728553772,-0.6982079148292542,-1.1909732818603516,0.18234644830226898,0.9392035007476807,0.9622483253479004,-0.41771039366722107,-0.41487187147140503,-0.4983328878879547,0.9917344450950623,1.5390592813491821,0.7289723753929138
-0.2838050127029419,0.9274788498878479,-0.12364232540130615,1.113152027130127,-0.7211940288543701,0.11245553195476532,-0.918597936630249,1.1708998680114746,-1.0434679985046387,1.0536068677902222,0.22142082452774048,-1.1580955982208252,0.3813183903694153,-1.0976945161819458,0.0706212967634201,-1.1446139812469482,-0.7453339695930481,0.6973152160644531,1.2415863275527954,0.22788819670677185,-0.10540101677179337,-0.8000568151473999,-1.601036548614502,0.04082954674959183,0.30156636238098145,0.6045789122581482,-1.474481225013733,-1.0184270143508911,0.5626994967460632,-0.2516615688800812,-0.858746349811554,0.6460455656051636,-0.44161826372146606,0.054684244096279144,-0.047504980117082596,-0.05421583354473114,-0.2168894112110138,-0.3099449872970581,0.12911519408226013,-0.16858869791030884,0.5649953484535217,0.14418843388557434,0.44237443804740906,0.5207267999649048,-1.2093183994293213,0.8954021334648132,-0.45065489411354065,1.130588412284851,-0.9404658675193787,0.8533357381820679
-1.3217746019363403,-2.089266061782837,-0.8045376539230347,1.0849262475967407,-0.6081406474113464,0.039131347090005875,0.7085710763931274,-0.1220286637544632,-0.3408859968185425,-0.7753697633743286,-1.156309723854065,-1.568870186805725,1.3539104461669922,-0.599314272403717,-0.7468482255935669,0.6800224184989929,-0.2946675419807434,-1.412812352180481,-0.33749306201934814,0.20944075286388397,-1.1234403848648071,-0.0011321631027385592,0.021184265613555908,0.29307428002357483,0.006181756034493446,-0.5296542048454285,-0.4176271855831146,-0.943434476852417,0.12134739011526108,-0.3262573480606079,-1.14385187625885,0.022569993510842323,0.04657907411456108,0.46811673045158386,-0.916921079158783,-0.814919650554657,-0.5981581211090088,0.8022021651268005,0.3753904402256012,1.2149569988250732,-0.9848838448524475,-0.294185608625412,-2.000793933868408,0.006360361352562904,-0.28315991163253784,-0.41717031598091125,-0.32181087136268616,-1.2787132263183594,-0.9556481838226318,0.3619954288005829
