64 21 21

Slice 1
-1.2130329608917236,-0.6398871541023254,0.46126589179039,0.0580478273332119,-0.550078272819519,-1.154477834701538,0.10094933956861496,1.0014675855636597,-0.5141361951828003,3.018857002258301,1.0226024389266968,1.522209644317627,-0.7183982133865356,1.328752875328064,-1.1288793087005615,0.3482993245124817,-1.2317413091659546,0.8868476152420044,-0.15038655698299408,-0.5892136693000793,0.1473730355501175
-0.5477377772331238,0.38208404183387756,-0.3541214168071747,-0.2524047791957855,0.15713578462600708,-0.09884185343980789,0.07845914363861084,0.7519305348396301,0.38272103667259216,-0.23515062034130096,-0.359251469373703,0.2572512626647949,-0.23769646883010864,-0.3585035502910614,-0.24601900577545166,-0.10478214174509048,-0.008746198378503323,-0.0011003996478393674,-0.10459569841623306,-0.6185041666030884,0.27844205498695374
1.728736162185669,-0.12200099229812622,0.4711141884326935,-0.1710701286792755,-0.8140861988067627,1.2530750036239624,1.4598705768585205,1.0866270065307617,1.053167462348938,0.8615107536315918,-0.22641730308532715,-0.09503652155399323,0.31750062108039856,-0.36724337935447693,1.1839395761489868,0.4283272922039032,0.47280851006507874,0.6655561327934265,0.12328781187534332,-0.5872522592544556,0.5559677481651306
-0.013921474106609821,0.8391487002372742,-1.431059718132019,-0.8164500594139099,-0.5556004643440247,0.2577085494995117,0.024639148265123367,1.304435133934021,-1.4289637804031372,-1.3306095600128174,0.5414471626281738,0.6316575407981873,-0.3774799406528473,0.8211182951927185,0.030406635254621506,1.0823638439178467,1.5467653274536133,0.29928427934646606,-0.034193005412817,-0.3477596342563629,1.157188892364502
-1.7016429901123047,-0.050670426338911057,-0.6312275528907776,0.8323673009872437,-0.2445240318775177,-0.8365573287010193,1.3308898210525513,-0.12533307075500488,-0.18870991468429565,-1.0501583814620972,0.09808912873268127,-0.28777384757995605,-0.9550228118896484,0.1769835650920868,0.7664838433265686,-0.5657150745391846,0.1223587915301323,-0.9613996148109436,0.033511098474264145,1.2450833320617676,-0.7131355404853821
1.0387709140777588,0.11707057058811188,-1.1790369749069214,1.521888017654419,1.4193922281265259,-0.5151222944259644,-0.029188526794314384,-1.0302478075027466,0.8530125617980957,0.21049939095973969,0.06266114115715027,-0.5199376344680786,-0.39214804768562317,0.45792874693870544,1.0524400472640991,-1.091102123260498,0.8710419535636902,1.6402342319488525,0.4546620547771454,0.639317512512207,0.5363875031471252
2.2217164039611816,-0.44599583745002747,1.0891395807266235,0.6271681785583496,1.4895673990249634,0.6120580434799194,-0.10941062867641449,0.6216942667961121,-0.4828825891017914,0.8854331374168396,-0.4502186179161072,1.3947792053222656,1.419899821281433,0.6391248106956482,1.9219679832458496,0.9742271304130554,0.771131157875061,-0.0010722491424530745,0.34526920318603516,2.539937973022461,2.2812864780426025
-1.4206222295761108,0.23996034264564514,-0.8210949897766113,0.23991116881370544,-0.27933764457702637,-0.8211444616317749,-0.5708892941474915,-0.2153005450963974,-0.5777433514595032,0.16013547778129578,0.056734587997198105,-1.0807757377624512,-0.8074570298194885,-0.8425832390785217,-0.5249894261360168,-0.05351991206407547,-0.17004013061523438,-0.5862482786178589,-0.005941829178482294,-0.2831187844276428,-0.6337447166442871
1.2126747369766235,-0.36767974495887756,2.140054941177368,-0.3157276511192322,-0.3554283082485199,1.1506788730621338,0.4660090208053589,-0.1334083378314972,-0.5852839350700378,-1.0735963582992554,0.13397303223609924,-1.2572554349899292,0.8772658109664917,-0.1543658822774887,0.5441824793815613,-0.2926299273967743,0.1228717491030693,0.0917849987745285,0.21890296041965485,-0.3576272130012512,-0.8663328886032104
-1.1614577770233154,0.15011389553546906,-1.7685306072235107,-0.8569647669792175,-0.8345611095428467,-0.6022309064865112,-0.2381633222103119,-0.813447892665863,0.1315011978149414,-2.605281114578247,0.7149272561073303,-0.9944713115692139,-1.5214262008666992,-1.2562541961669922,-0.6303989291191101,-0.7527050375938416,-0.5169383883476257,-1.0839873552322388,0.16186590492725372,-0.10709478706121445,-0.7405929565429688
-1.5197410583496094,-0.15753161907196045,-1.096274971961975,-0.9097039699554443,-0.23896166682243347,-1.0439132452011108,0.18195123970508575,-0.4845059812068939,0.5853490829467773,-0.5357989072799683,-0.37392380833625793,-0.7606658935546875,-0.8202810883522034,-0.62274169921875,-0.16012470424175262,-0.5265682339668274,0.373298317193985,0.03673660755157471,-0.22845397889614105,0.20964819192886353,-0.9618039727210999
1.4162102937698364,-0.2882225811481476,1.0205079317092896,1.1056790351867676,1.0953000783920288,0.9756801724433899,-0.1872389167547226,0.7855226993560791,0.31256216764450073,2.8891565799713135,-0.6084328889846802,0.6635230779647827,0.999235212802887,0.4066101312637329,-0.6939306259155273,0.986263632774353,-0.5561730265617371,0.6732115149497986,0.3431869149208069,-0.22844120860099792,0.7494899034500122
-1.0611484050750732,-0.1308683305978775,1.4218933582305908,-0.31953513622283936,-1.2167562246322632,-0.04593281075358391,0.8345922827720642,-1.0449479818344116,-0.8109389543533325,-2.024794578552246,0.5604021549224854,1.5793421268463135,0.5944586992263794,-0.6065956354141235,0.3413023352622986,-0.17899145185947418,1.4751702547073364,0.287103533744812,-0.6829174757003784,-1.5720142126083374,0.4464319050312042
0.20765212178230286,0.46101826429367065,-0.34276384115219116,1.1521931886672974,0.3055664002895355,-0.6066880226135254,-0.5500664710998535,0.30699023604393005,-0.10657382011413574,-0.744308352470398,-0.15744872391223907,0.6343399882316589,0.49731093645095825,-0.05204584822058678,-1.0296986103057861,0.8337270617485046,0.3158033490180969,-0.7735684514045715,0.13312910497188568,0.5804865956306458,-0.09419421851634979
0.9756118059158325,-0.3267311751842499,1.1479352712631226,-0.2735268175601959,0.49799320101737976,0.23785006999969482,-0.23064038157463074,-0.011514515615999699,0.8057710528373718,-1.0359091758728027,-0.036798182874917984,-0.8671374917030334,0.14178895950317383,-0.6653220653533936,-0.32990217208862305,-1.209877371788025,-1.1091439723968506,-0.243235245347023,0.2223203480243683,0.4297519624233246,0.295681357383728
1.440077781677246,-0.12575271725654602,0.09323772042989731,0.5207934975624084,-1.2294886112213135,0.5186246037483215,-1.0950706005096436,-1.4824124574661255,-0.7886353135108948,-0.01447369810193777,-0.29951006174087524,0.48937711119651794,1.1947005987167358,0.7807080149650574,-0.9296619296073914,0.527217447757721,0.2056371569633484,0.5770177841186523,-0.103999063372612,-1.6388390064239502,-0.6548950672149658
1.7798062562942505,-0.12057510763406754,-0.24284662306308746,-0.4663223922252655,0.2595748007297516,0.977067232131958,-0.6215214133262634,0.17979061603546143,-0.4679557681083679,1.3002104759216309,0.4739413261413574,-0.11978520452976227,-0.191162571310997,-0.5117807388305664,-1.584441065788269,-0.059713929891586304,-0.4949464797973633,0.6049973368644714,0.08091739565134048,-1.3094546794891357,-1.5361733436584473
-0.16541223227977753,0.11189233511686325,-0.8042663335800171,0.16785405576229095,-0.3390028178691864,-0.46542540192604065,0.41533008217811584,-0.23578351736068726,1.1317477226257324,-0.06290416419506073,0.15884992480278015,0.08670978993177414,-1.6878641843795776,-0.12918883562088013,0.2959221601486206,-1.1761027574539185,-0.099480539560318,0.4289797842502594,-0.5023526549339294,-0.4849283993244171,-1.0610053539276123
-1.1384353637695312,0.2183210402727127,1.4865350723266602,-0.2730428874492645,-0.12281768023967743,-0.12052219361066818,-0.02946086972951889,0.14045727252960205,-0.3669094741344452,-1.5606677532196045,-0.2268821746110916,-0.11187797784805298,0.26557543873786926,0.3232613503932953,-0.6335187554359436,-0.9410028457641602,-0.2314479947090149,-0.2630210816860199,0.3468792736530304,0.30193081498146057,0.07704764604568481
-0.024096859619021416,0.3546408414840698,0.3089376389980316,-0.5257845520973206,-0.09648223221302032,-0.35273808240890503,0.9147738218307495,-0.7513458132743835,0.6797353029251099,0.5386340022087097,-0.1463276892900467,-0.41746366024017334,0.3297993838787079,-0.46765783429145813,0.7473294138908386,-0.07626625895500183,-0.7565872073173523,-0.8691723942756653,0.4395618736743927,1.4623160362243652,-0.6490170359611511
-1.6151962280273438,0.22067362070083618,0.09696605801582336,-0.17845508456230164,0.014760332182049751,0.34605520963668823,-0.20752602815628052,0.42462635040283203,0.8867684602737427,1.5414798259735107,0.06827175617218018,-0.14393416047096252,0.37690651416778564,-0.05289974808692932,1.173187017440796,0.2277812659740448,0.25181055068969727,-0.78704434633255,-0.5976651310920715,-0.4923616349697113,1.0645500421524048

Slice 2
0.2923409044742584,-0.7465908527374268,-0.8722646236419678,-0.19313089549541473,1.4358153343200684,-0.18580017983913422,0.4382536709308624,-0.14036794006824493,0.3218326270580292,1.798948049545288,-0.6825703382492065,-0.6842098236083984,1.8774371147155762,0.35481029748916626,1.0862482786178589,-0.7463330626487732,-1.5098774433135986,1.2218809127807617,0.149174302816391,-0.7741400003433228,-0.09652584046125412
-0.17577452957630157,0.057944584637880325,-0.16568581759929657,-0.16578270494937897,-0.2461266964673996,-0.06852778792381287,0.030148254707455635,-0.3211648464202881,0.12157999724149704,0.06277042627334595,-0.12168341875076294,0.044410329312086105,0.8442074060440063,-0.09730658680200577,0.5519987344741821,0.15950796008110046,-0.22748439013957977,0.030981004238128662,0.020619314163923264,-0.030391501262784004,-0.3934110403060913
-0.12565863132476807,0.6908560991287231,-0.17845666408538818,-0.4025464951992035,0.39097389578819275,0.3310970366001129,-0.48436880111694336,0.3008265495300293,0.7970184087753296,-0.5396480560302734,-0.30123233795166016,0.31712350249290466,-0.7868481874465942,-0.1473741978406906,0.706340491771698,-0.11515578627586365,0.9992215037345886,-0.3401699960231781,-0.1841532438993454,-0.5575863718986511,-0.17937137186527252
-0.8491388559341431,0.013245409354567528,-0.4095340371131897,0.0680416077375412,0.43350470066070557,1.4637751579284668,-0.8684564828872681,-1.3604973554611206,0.3901160657405853,1.788692831993103,1.106347918510437,-0.3339424431324005,0.2637433111667633,0.38346797227859497,0.01876862533390522,0.7583643794059753,0.7507414817810059,-0.29500868916511536,-0.14911282062530518,0.6513710021972656,0.2512110769748688
-0.6978946328163147,-0.05864882096648216,-0.922905445098877,-0.5804055333137512,-0.6719540953636169,-1.022068977355957,-0.030446141958236694,0.4940612316131592,-0.04622117429971695,-0.12449472397565842,0.2005656361579895,0.13108381628990173,-0.8973000645637512,0.3150135278701782,0.09985224157571793,-0.1387484073638916,0.33229854702949524,0.7758772373199463,-0.3428443670272827,0.8701779246330261,-0.22858379781246185
1.660509705543518,0.12989667057991028,-0.28061917424201965,0.7661561369895935,0.7113375663757324,-0.6028797030448914,1.1979910135269165,-0.6133555173873901,0.34400472044944763,-0.9878329634666443,0.2107982635498047,-0.5808906555175781,1.1787267923355103,0.3339160084724426,0.4177260100841522,0.21664704382419586,-0.25433671474456787,-0.4953039586544037,0.038412343710660934,0.7911999225616455,0.8463919162750244
0.05608744919300079,0.014680732972919941,-0.9420037269592285,0.0297393761575222,-0.6287018060684204,0.23663906753063202,-0.24188067018985748,-0.4464026689529419,-0.8918761014938354,-1.464755654335022,-0.2739601135253906,-0.15437690913677216,-0.4880455434322357,0.10228032618761063,0.5678917169570923,-0.008226875215768814,0.006394803058356047,0.18207386136054993,0.08454738557338715,0.22114050388336182,-0.9535565972328186
-1.1195659637451172,0.08954965323209763,-0.17329859733581543,-0.5625970363616943,0.08251708745956421,0.19271863996982574,0.3577970564365387,0.259213387966156,-0.6689788103103638,-0.20149250328540802,-0.07169587910175323,0.027624983340501785,-0.13686157763004303,0.6102906465530396,-0.5124589204788208,-1.1919448375701904,-0.3375651240348816,0.3987422585487366,0.057113807648420334,0.3523274064064026,-0.41464439034461975
-1.2991703748703003,0.046039048582315445,1.4139549732208252,1.1373769044876099,0.33850136399269104,1.2819522619247437,0.0028781029395759106,1.3911917209625244,0.2746902108192444,1.5992286205291748,0.480415016412735,0.5177671313285828,-0.7915624976158142,-0.15555615723133087,-1.1131688356399536,0.6199603080749512,-0.28401923179626465,0.4366515874862671,-0.23664867877960205,0.04666651412844658,0.0796615406870842
0.2102743685245514,-0.08035371452569962,1.0271086692810059,-0.16004817187786102,0.26577028632164,0.3012526333332062,-0.459588885307312,0.6315956115722656,-0.5767391920089722,0.7632743120193481,0.40587344765663147,0.33483338356018066,-0.1683335304260254,-0.8052660822868347,-0.7674413919448853,-0.5299093723297119,0.18682599067687988,0.6046409010887146,-0.5079971551895142,-0.1866491734981537,-0.3537265658378601
-1.048977017402649,-0.1909685730934143,0.35778382420539856,-0.17567071318626404,-0.6533717513084412,-0.7031405568122864,0.1611548811197281,-0.10069554299116135,0.23336824774742126,-1.4409981966018677,0.3423956036567688,-0.16991111636161804,0.1456345021724701,-0.43792596459388733,-0.08560832589864731,-0.3852790892124176,0.12899203598499298,0.04685182869434357,0.7108518481254578,0.136216402053833,-0.17695994675159454
0.8193457126617432,0.13468243181705475,-0.12167148292064667,0.6046425700187683,0.923352837562561,0.25027573108673096,-0.3150147795677185,-0.03163086250424385,0.6317094564437866,-1.9292173385620117,-1.1542283296585083,0.4950840473175049,-1.0200392007827759,0.8420175909996033,0.3077622056007385,0.5828209519386292,0.7711837887763977,-0.15599559247493744,-0.23064132034778595,-0.6474632620811462,0.30471187829971313
0.7963085770606995,0.08851171284914017,-1.353768229484558,0.3892691433429718,-0.11174266785383224,-0.3474214971065521,-0.4359573423862457,-0.5506839752197266,-0.4769568145275116,-1.3093574047088623,-0.17908626794815063,-0.6391997337341309,-0.2730798125267029,-0.5526963472366333,0.008083870634436607,-0.8089042901992798,0.3725522756576538,-0.7908347249031067,0.8351520299911499,0.5462243556976318,-0.7363928556442261
0.342837393283844,-0.14978399872779846,0.05846301466226578,0.1757522076368332,-0.39545807242393494,0.4471920132637024,-0.2315964251756668,0.31356778740882874,-0.5575157403945923,-0.1333387941122055,0.2331629991531372,0.13496488332748413,0.8152649402618408,0.6394960880279541,0.4595119059085846,0.23266172409057617,1.0554616451263428,0.16778208315372467,-0.4255087673664093,-0.047241561114788055,-0.023859577253460884
0.6452084183692932,0.16180042922496796,0.12761908769607544,0.8330100774765015,-1.06968355178833,0.9334667921066284,0.6069679260253906,0.2282262146472931,-1.325065016746521,2.233112335205078,0.6107561588287354,-0.06381265074014664,-1.163528323173523,0.3611273765563965,-0.016595501452684402,-0.33203035593032837,-0.15636542439460754,0.25397273898124695,0.18129684031009674,-1.1956052780151367,-0.31352201104164124
0.32138344645500183,-0.1266546994447708,0.8183536529541016,-0.180523082613945,0.42831334471702576,-0.1944444477558136,0.7624278664588928,-0.15204909443855286,-0.014627240598201752,0.4922220706939697,0.05710306391119957,0.8198964595794678,0.24866680800914764,0.23528678715229034,0.4194563031196594,0.8930462002754211,-0.29010990262031555,0.1290307641029358,-0.4214532971382141,-0.33361300826072693,1.610764741897583
1.0009758472442627,0.02422506734728813,1.2758933305740356,0.3462325632572174,0.04828672856092453,0.04486328363418579,-0.33051401376724243,-0.11225830018520355,-0.2175043672323227,-0.20221897959709167,-0.11437385529279709,1.018924355506897,0.22138303518295288,-0.28678056597709656,-0.4251254200935364,0.17610003054141998,0.0021432721987366676,-0.2770600914955139,0.23281657695770264,-0.23571167886257172,1.3126975297927856
-0.38219428062438965,0.14875026047229767,-0.6778781414031982,0.3170755207538605,-0.5987299680709839,-0.4984792172908783,-0.780900239944458,0.6244468092918396,-0.057239267975091934,1.591170072555542,-0.06891946494579315,-0.8553135991096497,0.47991564869880676,-0.46109867095947266,0.043214987963438034,-0.38274630904197693,-0.4680843651294708,0.3110671639442444,-0.3601780831813812,-0.47264474630355835,-0.11598461121320724
-0.9165684580802917,-0.10208889096975327,-0.7808675169944763,-0.4960256814956665,0.08595982193946838,-0.11822506785392761,-0.0022173484321683645,-0.5163887739181519,0.3344377279281616,-1.6563807725906372,-0.2127068191766739,-0.21924014389514923,-0.6552401185035706,-0.2711332440376282,0.7763223648071289,-0.5108229517936707,-0.17014850676059723,-0.43112894892692566,-0.22992385923862457,-0.27505433559417725,-0.6487618088722229
-0.08479677140712738,-0.05425594747066498,-0.5250125527381897,-0.008583955466747284,-0.3893410563468933,-0.8662263751029968,-0.33123478293418884,-0.5181394815444946,0.5450668334960938,-1.1631250381469727,-0.045163240283727646,-0.5608475804328918,-0.8312180042266846,-0.01838337443768978,0.31175270676612854,-0.18478181958198547,-0.5154178142547607,-0.6910914182662964,0.41119253635406494,-0.44877851009368896,-0.1311928927898407
0.041358500719070435,0.08101020008325577,0.583711564540863,-0.7373234629631042,0.2321847379207611,-0.9181780815124512,0.4487939476966858,-0.921146035194397,0.08799338340759277,-1.7422317266464233,-0.5305682420730591,0.44367262721061707,0.538131833076477,-0.3323362469673157,-0.6779611110687256,0.7349997162818909,0.1354493498802185,-0.7016062140464783,0.42547255754470825,1.3414347171783447,-1.6637500524520874

Slice 3
-0.6789824366569519,-0.7425511479377747,0.6820589900016785,0.8368923664093018,0.47127342224121094,-0.17481629550457,-0.197407528758049,-1.3307784795761108,0.30332764983177185,-0.9461655616760254,-0.03970993682742119,-1.334667682647705,-1.141379952430725,0.7029901146888733,0.24160291254520416,-0.9942544102668762,-0.2783932089805603,-0.3114657402038574,-0.47375306487083435,-0.1644718497991562,-0.605332612991333
1.3102965354919434,-0.1348804235458374,-0.3566412627696991,0.13861660659313202,-0.39775538444519043,0.4573192298412323,-0.015277966856956482,-0.7493717074394226,0.4189227819442749,-0.09691277146339417,1.754847764968872,0.26592445373535156,0.01765562780201435,0.053920578211545944,0.13127999007701874,-0.7042876482009888,0.18895120918750763,-0.5166683793067932,0.00993526354432106,-1.413538932800293,-0.65475994348526
-0.20726262032985687,0.557574450969696,0.5530142784118652,-0.2792223393917084,-0.9468374252319336,-0.12859344482421875,0.15422654151916504,0.7769609093666077,-1.1472268104553223,-2.1257715225219727,-0.2516448199748993,-0.30142953991889954,0.9218835830688477,-0.0013820792082697153,-1.2296675443649292,-1.385951280593872,-0.6959331035614014,1.6706790924072266,-0.6537491083145142,-1.754945158958435,0.8316425681114197
-1.5620791912078857,0.05930261313915253,-1.09403657913208,1.2523837089538574,1.2736645936965942,-0.6331065893173218,0.5676937699317932,0.04790965095162392,-0.7346657514572144,-0.48737460374832153,-0.8431302309036255,-0.9315719604492188,0.5614032745361328,-0.3391425609588623,-0.9168335199356079,0.018915696069598198,-1.6530200242996216,-0.06773102283477783,0.041480522602796555,-0.5733382105827332,-0.08696863055229187
-1.1975834369659424,-0.19848579168319702,-0.7479726672172546,-0.05820436030626297,0.019491257146000862,-0.6716368198394775,0.4032866656780243,0.027256324887275696,-0.6880711317062378,0.37238162755966187,0.2304632067680359,-0.32164373993873596,0.16410818696022034,0.3718297481536865,0.2868460416793823,-0.918749988079071,0.22007358074188232,0.7467233538627625,-0.3652699887752533,1.1877816915512085,1.3025821447372437
-0.06277645379304886,-0.08448368310928345,0.6088653206825256,0.24051347374916077,-1.4187575578689575,1.1459091901779175,-1.3415939807891846,-1.025856375694275,-1.2989141941070557,-0.4118198752403259,-0.40697067975997925,0.762903094291687,-0.2863062024116516,-0.3186798691749573,-1.0792099237442017,1.114856243133545,-0.7111791968345642,-1.6024184226989746,0.0708831250667572,-2.843322992324829,1.6181691884994507
0.152785062789917,-0.1067991554737091,-0.14063656330108643,-0.007812067866325378,0.10429612547159195,0.2116686850786209,0.13386653363704681,0.05870585888624191,0.7357973456382751,0.4778003692626953,0.3498678207397461,0.09351605176925659,-0.41749870777130127,-0.09958769381046295,2.343762159347534,0.6314772367477417,0.6745568513870239,0.02906183712184429,0.0005063109565526247,1.1182547807693481,0.9904675483703613
-0.039865750819444656,-0.01715642400085926,-0.28995925188064575,-0.18182553350925446,-0.5399714708328247,0.251675009727478,0.09082216769456863,0.052582837641239166,0.030758801847696304,-0.6666752696037292,-0.753474235534668,-0.8240630030632019,-0.02513849176466465,-0.2632771134376526,1.4044519662857056,-0.3974621891975403,0.7055427432060242,1.771909475326538,0.1329089254140854,-0.9161367416381836,-0.4908633530139923
2.479323387145996,0.05850991606712341,0.625985860824585,-0.9254140257835388,-1.4588830471038818,-0.33498415350914,0.1549774557352066,1.0929158926010132,-2.0137510299682617,0.029834073036909103,-0.6154756546020508,0.5920391082763672,-0.27668216824531555,1.3646320104599,-1.923214077949524,1.7804484367370605,0.44404658675193787,0.7033712267875671,0.34241363406181335,0.324903279542923,-1.4637792110443115
-0.23533371090888977,-0.16574035584926605,0.337622731924057,-0.5501295924186707,0.6671531796455383,1.0092790126800537,1.0282652378082275,-0.4990159571170807,-0.9297727942466736,2.425213575363159,0.2710201144218445,-1.0012301206588745,-0.15382471680641174,-1.5617566108703613,0.7454148530960083,-1.423858404159546,-1.2027575969696045,-1.35761296749115,-0.5444594025611877,-0.29239708185195923,-0.1917736679315567
-0.6302499771118164,-0.27729710936546326,-0.42033055424690247,0.135156512260437,-1.001259446144104,0.5734943747520447,-0.17954915761947632,-0.0442207045853138,0.9898043274879456,0.41989243030548096,0.20710594952106476,0.28884875774383545,0.2053806334733963,-0.5548433065414429,2.1077778339385986,-0.3691585958003998,-0.004014336038380861,0.08535904437303543,-0.11965839564800262,-1.2651938199996948,-1.4722763299942017
-0.23641517758369446,-0.02374776266515255,-1.1069648265838623,0.000294260389637202,-0.6853720545768738,0.47891077399253845,0.18169210851192474,0.8561750650405884,0.311449259519577,-0.758114218711853,-0.524773359298706,0.28812268376350403,-0.10839902609586716,0.12917254865169525,0.38609790802001953,-0.7402491569519043,0.6136317253112793,0.6050931215286255,-0.47752246260643005,-0.03054540790617466,1.0741126537322998
0.29452988505363464,0.0891154482960701,0.7104169726371765,-0.15730354189872742,3.3245139122009277,-0.7977941036224365,-0.8799075484275818,-0.33861494064331055,-1.169237732887268,-0.0013715351233258843,-0.223245769739151,-0.5644516944885254,0.4746175706386566,0.009792844764888287,0.6109126806259155,-0.31946513056755066,-0.267046719789505,-0.44479408860206604,1.48362135887146,2.6534578800201416,0.6145901679992676
-0.7179966568946838,-0.1345752626657486,-0.3950752317905426,-1.1231013536453247,-0.009766839444637299,-0.36838263273239136,-0.14899733662605286,0.6589123606681824,-1.5921225547790527,-0.6583245396614075,0.39209848642349243,0.03026328980922699,-0.09796347469091415,-0.7425334453582764,1.1702525615692139,0.341867059469223,0.9850258827209473,1.3415839672088623,-0.3996066749095917,0.5560245513916016,0.07164741307497025
1.3307710886001587,0.16102035343647003,0.998390793800354,-0.025809137150645256,1.3810863494873047,-0.2527179419994354,0.21071812510490417,0.9876643419265747,0.23717570304870605,2.63316011428833,1.423218011856079,-0.2587735652923584,-0.362917959690094,0.3311440646648407,-2.0195817947387695,1.391262412071228,-0.8626737594604492,0.6865134835243225,0.08869550377130508,3.093883991241455,-1.006579041481018
0.20666183531284332,0.6858154535293579,-0.5326389074325562,0.6944149136543274,-1.1917535066604614,1.7298974990844727,0.7170568704605103,-1.0829555988311768,1.0716153383255005,0.025821641087532043,-0.21331846714019775,1.9579262733459473,-0.13544674217700958,1.1174371242523193,-0.2410568743944168,1.0483965873718262,0.593435525894165,-1.5277032852172852,0.3296673893928528,1.4071714878082275,1.1503812074661255
-0.582557201385498,-0.10717466473579407,-0.9212105870246887,-0.8470719456672668,0.5000426769256592,-0.6649689674377441,0.1621251404285431,-0.9122907519340515,0.7583944797515869,0.4699918031692505,-0.10385001450777054,1.1205693483352661,-0.07662162184715271,1.0406469106674194,-0.17239753901958466,0.5591293573379517,-0.050133418291807175,-1.4241063594818115,0.019554592669010162,0.9707507491111755,-0.507901668548584
-0.4931696653366089,-0.046078458428382874,1.1780532598495483,0.6777717471122742,1.5063138008117676,-0.23898015916347504,-0.33565187454223633,-0.2099967747926712,0.410959929227829,-1.3962225914001465,-0.19777610898017883,-0.543258547782898,-0.6616858839988708,-0.06391779333353043,0.15585801005363464,0.7577160596847534,0.4653603732585907,-0.21822752058506012,0.10626491159200668,-0.986798882484436,-0.4755309522151947
0.18807724118232727,0.04448361694812775,-0.3335413932800293,-0.1058768555521965,-0.9543712735176086,-0.1744508147239685,-0.4504408836364746,0.3906879127025604,0.2842960059642792,0.9216454029083252,0.026871705427765846,0.6991651058197021,0.5194879770278931,0.13636071979999542,0.1307632327079773,0.43786680698394775,-0.018912844359874725,0.22780881822109222,0.3757476210594177,-0.7738742828369141,-0.07217799127101898
0.9224016666412354,0.9845538139343262,0.30336087942123413,-0.8902425765991211,1.2417303323745728,-0.33123093843460083,-0.10612013936042786,1.2303824424743652,0.15886777639389038,0.6198636889457703,0.6378527879714966,0.08200280368328094,0.6878012418746948,-0.5369858145713806,0.2854280471801758,-0.5191510915756226,-0.23534293472766876,0.5947333574295044,-0.1439650058746338,0.5576536655426025,2.0964980125427246
-0.06216616556048393,0.11550278216600418,-0.6975541114807129,0.043606970459222794,-1.8009074926376343,0.16956207156181335,0.24336518347263336,0.22971278429031372,-0.048446591943502426,-1.2226207256317139,-0.12956246733665466,0.5813279747962952,0.4988603889942169,0.2198355346918106,-0.3067610263824463,0.9755927324295044,0.3260897994041443,0.26030734181404114,-0.2887541651725769,-0.6628133058547974,0.8399970531463623

Slice 4
-0.14473295211791992,0.20446433126926422,-0.38213005661964417,-0.6353604197502136,0.6474702954292297,-0.05086062103509903,0.4402550160884857,-0.7620358467102051,-1.8004571199417114,-0.36391860246658325,-0.3455146253108978,-0.36314305663108826,-0.4692637026309967,-0.04063677042722702,-1.137009859085083,0.8858033418655396,0.3141215741634369,-1.3988618850708008,-0.05028465390205383,0.10943315178155899,-0.22883185744285583
0.7826515436172485,-0.12166598439216614,-0.6408424973487854,0.6444410681724548,0.058232735842466354,0.5299336314201355,-0.24688822031021118,-0.1961716264486313,-0.8340145945549011,-0.6363785266876221,-0.11669240891933441,0.18689143657684326,-0.006085497327148914,-0.15570716559886932,0.13966038823127747,0.10341763496398926,0.2151670902967453,-0.10524880886077881,-0.5447114109992981,-0.5931692123413086,0.26691606640815735
0.6467422246932983,-0.20249658823013306,1.1751675605773926,0.41999736428260803,0.5349994897842407,0.3943082392215729,0.5140494704246521,-0.35989800095558167,-0.22532740235328674,-0.9528306722640991,-0.08937064558267593,-0.8771039247512817,1.5144224166870117,0.23924686014652252,-0.2491423785686493,0.16029755771160126,0.4328029751777649,-0.16153234243392944,0.48355552554130554,-0.8883525133132935,0.15906710922718048
-0.6815751194953918,0.8946619033813477,1.1244603395462036,0.2293805181980133,1.0416622161865234,-0.3125520944595337,0.9588184952735901,0.29606732726097107,-0.81023108959198,-0.44298893213272095,0.0435582771897316,-0.32144612073898315,-0.2917879521846771,0.25117817521095276,-1.1333484649658203,-0.8069174885749817,0.34036168456077576,0.3412781357765198,0.5256391763687134,-2.016641616821289,0.34456855058670044
-0.6456356048583984,0.10890176147222519,-1.023356318473816,-0.8834263682365417,0.3625912666320801,-0.007918411865830421,-0.39522531628608704,0.5361999273300171,2.7752816677093506,-0.6974428296089172,0.12561015784740448,-1.0478051900863647,0.2810039222240448,1.231258749961853,1.5300605297088623,0.4142889082431793,0.14745666086673737,-0.05640461668372154,-0.8330249786376953,1.8516855239868164,0.37636464834213257
-0.1601148098707199,0.01483279187232256,0.7078326344490051,1.6291849613189697,-0.16489267349243164,1.7217066287994385,0.2012910097837448,-0.32931286096572876,0.19145464897155762,0.645793080329895,0.16788312792778015,0.6567402482032776,-0.6237436532974243,-0.4510398507118225,0.11762630939483643,0.14453533291816711,-0.4978589415550232,0.0008201008895412087,-0.1852799504995346,-1.1839635372161865,-1.2884215116500854
0.4904760420322418,0.08488935232162476,-1.0450843572616577,0.5755943059921265,0.6641688346862793,-0.2692583501338959,0.3378102779388428,1.882967233657837,2.4184296131134033,1.0815296173095703,0.039210449904203415,0.19058215618133545,-0.13808377087116241,1.4300739765167236,1.8407891988754272,0.33633363246917725,-0.09701956063508987,1.2494832277297974,-0.201127827167511,1.2985211610794067,-0.6799838542938232
-0.848461389541626,0.2130359262228012,1.3813241720199585,-0.15040265023708344,-0.9096315503120422,-0.12310460954904556,-1.1356573104858398,-0.12457489222288132,0.07438642531633377,-0.3734358549118042,0.041059330105781555,0.8219987750053406,0.25616464018821716,-0.47525879740715027,0.7930145859718323,0.04518129304051399,0.0004627107409760356,-0.6682842373847961,-0.19402086734771729,-0.6168153882026672,2.24857234954834
-1.2248274087905884,0.02967083640396595,-1.4085350036621094,-1.3124299049377441,-0.4252224862575531,0.3693942725658417,0.98564213514328,-0.19241125881671906,-3.32004714012146,-0.8885049223899841,-0.6751341819763184,-1.0574272871017456,0.4570741355419159,-0.5339418649673462,-0.9236261248588562,-0.41451939940452576,-0.3735378086566925,-0.4228258430957794,-0.11791975796222687,-0.1146550104022026,-0.8305425643920898
0.4723269045352936,0.2459365576505661,0.7383812069892883,-0.7481955289840698,-1.4907044172286987,0.1065354272723198,-1.1159993410110474,-1.0171152353286743,-1.32817542552948,-2.125079393386841,-0.12836258113384247,0.9079484343528748,-0.2546236515045166,-0.32777678966522217,-1.606345295906067,0.7780766487121582,0.7341970801353455,-0.012030518613755703,0.13569276034832,0.09040556848049164,1.5250275135040283
0.13692353665828705,0.10008100420236588,-0.3364996612071991,-0.2791425883769989,-0.4100649356842041,0.15421165525913239,-0.543219268321991,0.5802258849143982,0.22376710176467896,-0.18178245425224304,0.09554579854011536,-0.081497922539711,0.5000293254852295,-0.33115696907043457,0.28621259331703186,0.1346481591463089,0.2854682207107544,0.012005801312625408,0.15741679072380066,-0.5560802817344666,-0.11500836908817291
0.2771194577217102,0.018873484805226326,0.6877871751785278,1.1760978698730469,0.6983117461204529,0.06310777366161346,0.3006915748119354,-0.3739083409309387,-1.0919654369354248,1.036543846130371,-0.07368043810129166,-1.1602903604507446,0.033799197524785995,0.20720474421977997,-0.9115086197853088,-0.774931013584137,-0.06913168728351593,-0.40871697664260864,0.07992389053106308,0.909061074256897,0.04490990936756134
0.6736647486686707,-0.056148163974285126,-0.6924670338630676,-0.10597957670688629,-0.8572679758071899,-0.4105704426765442,0.6808261275291443,0.020014002919197083,-0.2632732689380646,-0.46290791034698486,-0.11599625647068024,-0.5401746034622192,-0.03815944492816925,0.5393525958061218,-0.6183646321296692,-0.27108263969421387,-0.28909212350845337,-0.21035584807395935,-0.28325173258781433,-1.410833477973938,0.05247509479522705
-0.30148398876190186,0.0346064567565918,-0.3498617112636566,-0.3056929409503937,-0.39279699325561523,-0.3703514039516449,-0.5311692953109741,0.060350704938173294,-0.002467472804710269,-1.5357056856155396,0.04159246385097504,-0.3851339817047119,-0.23764117062091827,-1.551777720451355,-0.7110826373100281,-0.8340409994125366,-0.3583057224750519,0.18452060222625732,0.13995623588562012,-0.9601268768310547,-0.3230223059654236
-1.5169055461883545,-0.41827836632728577,-1.2747676372528076,-1.0443114042282104,0.4057641327381134,0.12828849256038666,0.4006914794445038,-0.2968497574329376,0.6644554734230042,-0.7764371037483215,-0.04507823660969734,0.6581217050552368,-1.6630821228027344,-0.7522391676902771,-1.2011969089508057,-0.629340648651123,-1.3371003866195679,-1.150933861732483,-0.21465426683425903,-0.2917592525482178,-0.21662123501300812
-0.8541375398635864,-0.061337340623140335,-0.37402045726776123,1.174855351448059,-0.10087323933839798,0.6662006974220276,0.2850739657878876,-0.20907850563526154,-0.6614466905593872,0.45233097672462463,-0.10766579955816269,-0.3128388524055481,0.036736030131578445,-0.226938396692276,0.40361297130584717,0.3524673879146576,0.48127222061157227,-1.3449395895004272,0.06748219579458237,-0.3153306245803833,0.48524752259254456
1.315370798110962,-0.038079168647527695,0.3034634590148926,1.437331199645996,-0.07269749045372009,0.16545343399047852,1.5582705736160278,-0.6270228624343872,-0.5461350083351135,0.6056091785430908,-0.40090444684028625,-0.46451571583747864,0.4591609537601471,-0.5684995055198669,-0.6714455485343933,0.09908327460289001,1.477645754814148,0.5862858891487122,-0.21421697735786438,0.7323954701423645,1.9638570547103882
0.7777146100997925,-0.2668667733669281,0.7663518190383911,0.06267369538545609,-1.08540940284729,-0.5346810817718506,0.07030054926872253,-0.47552603483200073,0.871985912322998,-0.756851851940155,0.8778966069221497,0.7383267283439636,-0.25892433524131775,-0.7795189619064331,0.7471550703048706,-0.7850306034088135,0.2509985864162445,-0.012281890958547592,-0.02810041233897209,-0.451956182718277,1.7041665315628052
-0.4509073495864868,-0.13848434388637543,-0.20908690989017487,0.4535503089427948,-0.4379255473613739,-0.0016447356902062893,-0.45721736550331116,0.5671782493591309,0.773067831993103,1.2904748916625977,0.5397056937217712,0.5480561852455139,0.2703980803489685,0.005513300653547049,1.0315883159637451,-0.4229707717895508,0.10426015406847,1.4919623136520386,1.286803960800171,0.9633337259292603,-0.3550768792629242
0.38587722182273865,0.4286160469055176,-0.604568362236023,-0.894759476184845,1.7911401987075806,0.0753975510597229,-2.087761640548706,0.3377656638622284,1.7872364521026611,1.1477694511413574,0.22443725168704987,-0.5103142857551575,0.036228083074092865,1.6838700771331787,1.7837713956832886,-0.15181590616703033,-0.39836397767066956,0.4517125189304352,-0.09292972087860107,3.0285861492156982,-0.15168167650699615
-0.17721597850322723,-0.19114962220191956,0.010446654632687569,-0.2977606952190399,0.2677050232887268,-1.081291913986206,0.5691606402397156,0.819879949092865,0.0018270427826792002,0.866700291633606,0.09065194427967072,0.39253488183021545,0.47790032625198364,0.6103741526603699,0.5715434551239014,-0.05491860583424568,-0.2773716449737549,0.2390708476305008,-0.02457267791032791,0.3450867831707001,-0.7833462953567505

Slice 5
-0.07747398316860199,-0.7526148557662964,-1.9536136388778687,0.5718814730644226,0.8351365923881531,0.8405699133872986,0.4592701494693756,-0.24532634019851685,-1.5620321035385132,-0.019387291744351387,-0.8478659987449646,-0.9565758109092712,0.7529940009117126,0.41208702325820923,-0.22626349329948425,0.23113873600959778,1.292378306388855,-0.23174543678760529,0.4766201674938202,-0.33850938081741333,1.8883551359176636
-0.48656004667282104,-0.1958414614200592,-0.025630541145801544,-0.39159008860588074,0.335611492395401,-0.6872599720954895,-0.08967690169811249,-1.0635100603103638,-0.9342794418334961,-0.7852545976638794,-0.599831223487854,0.13836516439914703,0.662333071231842,-0.8216538429260254,-0.11053462326526642,-0.7608129978179932,0.1591906100511551,-0.274474561214447,-0.12446568161249161,0.6880911588668823,0.4432647228240967
0.7114412784576416,1.0967726707458496,3.500570297241211,1.8528414964675903,0.10838739573955536,1.316298246383667,1.9054383039474487,-0.5721716284751892,0.46604207158088684,-0.9236538410186768,-0.12007127702236176,0.6011552810668945,2.1032874584198,0.5358909964561462,0.24200832843780518,0.2136453241109848,-0.29968252778053284,0.8676422834396362,0.26801082491874695,0.3776386082172394,-0.3640681207180023
1.2706700563430786,-0.296234667301178,1.8609325885772705,1.8054219484329224,0.8168749213218689,0.743788480758667,0.10188072919845581,-0.4097062349319458,-0.43204161524772644,-0.2601231336593628,-0.2779798209667206,-1.3753043413162231,0.6266005039215088,0.2712502181529999,-2.1218698024749756,-1.3822463750839233,-2.6625571250915527,0.1573338359594345,0.5320643782615662,0.4047302305698395,1.3451182842254639
-0.7543390989303589,0.14701230823993683,0.0657673329114914,-0.2501147389411926,-0.8168525695800781,1.1734555959701538,0.09462812542915344,1.4716849327087402,-0.1664361208677292,-0.5514676570892334,0.09238827973604202,-0.26454463601112366,0.10038042068481445,-0.1515052616596222,-0.2233971208333969,0.24825318157672882,0.0013755129184573889,0.8401315808296204,0.285137802362442,-0.16559168696403503,-1.3870939016342163
1.1550167798995972,0.22105474770069122,-0.8749673366546631,-0.43080803751945496,0.018886778503656387,-0.6590427756309509,-0.6375061869621277,-0.6674947142601013,0.14633667469024658,0.07881835848093033,0.6889270544052124,-0.6266453862190247,-0.6784753799438477,-0.40310952067375183,-0.07956751435995102,-1.1572400331497192,-0.3207521140575409,0.6605896353721619,0.49456503987312317,0.3645099997520447,-0.8903620839118958
-0.8728978037834167,-0.03330725431442261,-0.18409699201583862,-0.5165246725082397,-0.05268581956624985,0.4007129371166229,0.3763873875141144,-0.7183396816253662,-0.411674439907074,-0.6215832829475403,-0.4963410794734955,-0.55024254322052,-0.14453859627246857,-0.7623329758644104,-0.4861656725406647,-0.2713325023651123,0.5518919825553894,-1.0923418998718262,0.05959102883934975,-1.507272720336914,-0.672031819820404
-1.002026915550232,-0.494645357131958,0.15111492574214935,-1.6305937767028809,-0.482835590839386,0.4343576729297638,0.3182457685470581,1.0936750173568726,-0.3145226240158081,1.6386860609054565,0.6554986238479614,0.47911015152931213,0.6033165454864502,-1.3395020961761475,-0.7822850942611694,0.38651522994041443,0.7439849376678467,0.11126996576786041,0.2392093390226364,0.40893492102622986,0.16479900479316711
-0.8412941098213196,0.4300138056278229,-0.04800528287887573,-0.4236961007118225,-0.06694594025611877,0.03399847447872162,-0.46833252906799316,0.7538844347000122,2.1885733604431152,2.4132080078125,-0.4186614453792572,0.5116235017776489,-1.3182886838912964,0.5995941162109375,0.10665848106145859,0.22075308859348297,-0.5335944294929504,-0.7307025790214539,0.15487602353096008,-0.34428298473358154,0.3900143504142761
-1.9728403091430664,-0.1438327133655548,0.14434124529361725,0.1873352825641632,-0.06826364248991013,0.7675318121910095,-1.1958597898483276,0.3468552827835083,-2.043843984603882,2.278752565383911,0.7401751279830933,0.24293817579746246,1.7448503971099854,-0.18958470225334167,-0.46701526641845703,-0.771643340587616,-0.8641878366470337,-0.07431770116090775,0.4494529068470001,-1.1009176969528198,1.2668203115463257
-1.7770681381225586,0.24534480273723602,0.1379619836807251,0.7658209800720215,-0.18447962403297424,0.09660977870225906,-0.6187263131141663,-0.9882059097290039,-0.22729870676994324,-0.6315419673919678,-0.33786994218826294,0.6105027794837952,-0.4615129828453064,0.3537062406539917,-1.2082056999206543,-0.7042287588119507,-0.5875116586685181,-0.5067918300628662,-0.2635860741138458,-0.7483112215995789,0.41093865036964417
0.18681101500988007,-0.029378553852438927,1.140313982963562,0.2604980766773224,-3.164384126663208,-0.814573347568512,-0.2596880793571472,2.2545547485351562,1.283413052558899,0.19080662727355957,1.7071877717971802,-0.13847681879997253,0.35905250906944275,-0.2888934314250946,0.348259836435318,1.1973838806152344,1.0676648616790771,-0.45747876167297363,-0.3203587532043457,-1.3760215044021606,-1.1080985069274902
3.3885130882263184,-0.18836364150047302,0.8486824035644531,1.0862563848495483,-0.7313718795776367,-1.4557253122329712,-0.3779013752937317,-0.24023588001728058,1.4395910501480103,-0.3635914921760559,-0.00014136158279143274,0.13276870548725128,-0.5345680713653564,0.2584685981273651,1.8293229341506958,0.29302647709846497,1.1516858339309692,0.24132516980171204,-0.377113401889801,0.27154654264450073,-0.2839950621128082
1.0360649824142456,-0.31751489639282227,0.05788705125451088,1.1764652729034424,0.41447266936302185,0.6697400212287903,0.8912054300308228,-1.2387501001358032,-1.654793620109558,-0.5253562331199646,-0.24297869205474854,0.4550808370113373,1.1602293252944946,-0.18428730964660645,-0.5800163745880127,0.5733910202980042,-0.09830783307552338,-0.8299293518066406,-0.28379911184310913,-0.32339876890182495,-0.8901164531707764
0.4090177118778229,0.24062922596931458,-1.0489822626113892,0.019619282335042953,0.2914276421070099,-0.4418259859085083,-1.1411757469177246,-1.5534639358520508,-1.0669609308242798,2.422010660171509,0.00884748063981533,0.7134695649147034,1.3007889986038208,-0.3794836103916168,0.4953363239765167,0.3701624870300293,1.7769861221313477,-1.5448592901229858,-0.959746778011322,-0.8489400744438171,-0.8989186882972717
0.9905009865760803,0.152901291847229,-0.9398937821388245,0.3296354115009308,0.6411224603652954,-0.2786983847618103,-0.3088504374027252,1.4921470880508423,0.041336700320243835,-1.9270410537719727,0.00525891175493598,-0.07325152307748795,-0.7791580557823181,-0.24805471301078796,-1.139735221862793,-0.8667979836463928,0.33624568581581116,-0.432779997587204,-0.22619029879570007,-0.3914640545845032,0.13650529086589813
-0.8423109650611877,-0.17506995797157288,-0.5630688071250916,0.6189398765563965,1.5657610893249512,-0.8702149987220764,-0.41150614619255066,0.27106979489326477,-0.1786816120147705,-1.1287946701049805,-0.3883042335510254,-0.4617578387260437,-0.05818255618214607,-0.41923776268959045,0.005406405311077833,-0.8386315107345581,1.3116772174835205,0.4436899721622467,0.13783982396125793,0.6773910522460938,0.34135326743125916
-0.9664410352706909,-0.4853249192237854,-0.26778239011764526,-0.814979612827301,0.11218991875648499,-1.2064367532730103,0.1784970611333847,-0.6025342345237732,-1.1100776195526123,1.8032054901123047,0.20153194665908813,0.745078980922699,-0.46371540427207947,-0.06346577405929565,-0.26804837584495544,-1.1765029430389404,0.021893691271543503,-0.12114940583705902,-0.28518280386924744,1.0822018384933472,-1.7391834259033203
-0.4580066502094269,0.10506587475538254,0.13717874884605408,-0.8185619115829468,-0.017077859491109848,-0.08359211683273315,0.5499372482299805,0.4013935625553131,0.6016902923583984,-1.430139183998108,0.10099407285451889,0.09302181005477905,-1.1665834188461304,0.06207164749503136,0.7662021517753601,-0.3663288354873657,-0.14638689160346985,1.2766828536987305,-0.0508151650428772,0.44387760758399963,1.0188745260238647
-0.7558934092521667,0.1533200889825821,-1.8019397258758545,-0.4231959879398346,-0.5202037692070007,0.6261003613471985,-0.5510663986206055,0.3977627456188202,0.8413705825805664,-0.6701486706733704,0.25637274980545044,-0.29676181077957153,0.11889291554689407,0.4072504937648773,0.25866809487342834,-0.714093804359436,-0.5955712199211121,-0.5704257488250732,-1.0790382623672485,0.4822274148464203,0.6283543109893799
0.8658841252326965,-0.2525377571582794,1.0369117259979248,1.0419299602508545,0.045697081834077835,-0.9936877489089966,0.3845267593860626,1.021763563156128,1.635110855102539,-1.2948936223983765,0.2554653584957123,-0.26254090666770935,-1.1094083786010742,0.2263263612985611,-0.08695172518491745,0.9789808988571167,0.5135993361473083,0.5020087957382202,0.8365100622177124,2.4236176013946533,-1.583732008934021

Slice 6
1.4093551635742188,0.566332995891571,-0.8826740980148315,-0.3415678143501282,0.27475494146347046,0.9437994956970215,-0.39186370372772217,-0.9459211826324463,0.7093415260314941,0.30904340744018555,-1.046884298324585,-0.6048276424407959,-0.37087222933769226,-0.5790108442306519,1.8634017705917358,0.15771445631980896,0.11347807943820953,-0.3060537874698639,-0.8064059019088745,-0.10334200412034988,-1.2588772773742676
-0.28117063641548157,-0.024175560101866722,-0.12196725606918335,0.04844255372881889,0.2855153977870941,0.46045923233032227,0.021324442699551582,-0.482267826795578,0.13646528124809265,-0.5634309649467468,0.22015219926834106,0.04238210618495941,0.26524052023887634,-0.04802606999874115,0.1740499883890152,0.013671096414327621,0.06831185519695282,-0.4485146701335907,-0.11881314218044281,0.27603861689567566,0.566360354423523
-1.2965060472488403,-0.05423836037516594,-1.0655579566955566,-0.757807731628418,-0.6025228500366211,-0.5280320644378662,-0.44756871461868286,-0.059562332928180695,0.7732285857200623,-0.040703970938920975,-0.16572687029838562,-0.23625969886779785,-1.039433240890503,-0.8984605669975281,0.29759547114372253,-0.1692313700914383,-0.2409612387418747,-0.3771335184574127,0.008199630305171013,-1.4452067613601685,-0.3410917818546295
-1.1075117588043213,0.450754314661026,-1.0338624715805054,-0.8918478488922119,-0.9577575325965881,0.04866442456841469,0.15790098905563354,0.45291954278945923,0.3892837166786194,0.7184790372848511,0.18851807713508606,-0.8631438612937927,-0.7432031035423279,-0.5491624474525452,0.22619695961475372,0.3250938355922699,-0.05912744626402855,0.2078315019607544,0.5643401145935059,-0.2729213833808899,-1.1534228324890137
-0.0936562642455101,-0.12577402591705322,2.224905014038086,0.22589780390262604,0.6475487947463989,-0.18523158133029938,-0.24212011694908142,0.08689028024673462,-1.1084542274475098,0.4518149495124817,0.11463922262191772,0.8290221095085144,-0.5670031309127808,0.2636204659938812,-0.22929170727729797,-0.21291987597942352,0.5005889534950256,0.04046628624200821,-0.1510578840970993,0.49361976981163025,1.6441295146942139
0.24031664431095123,-0.23438292741775513,-0.6173996329307556,0.5039992928504944,0.2969247102737427,0.22544485330581665,0.38371968269348145,-0.160600483417511,-0.2971633970737457,0.9146431684494019,0.28238341212272644,-0.11018185317516327,-0.8767166137695312,0.6193726062774658,0.47855010628700256,0.058531127870082855,0.13382892310619354,-0.66058349609375,-0.08776314556598663,0.5127471089363098,-0.45408567786216736
0.08871152251958847,-0.03404416888952255,0.7545566558837891,0.012300673872232437,-0.08011947572231293,0.3021974563598633,-0.07189007103443146,-0.5250932574272156,0.0015665519749745727,-0.3013764023780823,-0.4912167191505432,-0.5676379203796387,-0.07464665174484253,0.2025281935930252,0.0815868154168129,0.10253335535526276,-0.6663331389427185,-0.40456047654151917,0.016364650800824165,-0.11427592486143112,0.021020425483584404
-0.618071436882019,0.19199493527412415,-0.3575255274772644,-0.8243982791900635,-0.541577935218811,0.003176518017426133,-0.34849438071250916,-0.2996889650821686,0.39959922432899475,0.09593744575977325,-0.274099737405777,0.38721880316734314,-0.5630245208740234,-0.9058222770690918,0.16751115024089813,-0.24339795112609863,-0.8733256459236145,-0.27630099654197693,-0.0685979500412941,2.275243043899536,-0.09971734136343002
0.2980111837387085,-0.6511236429214478,-0.5358476638793945,0.9334263801574707,1.1819226741790771,0.03952442854642868,0.9498027563095093,0.28357890248298645,-3.127596139907837,-0.1727285087108612,-0.19260887801647186,0.2691177427768707,0.845075249671936,0.30227428674697876,-1.0806899070739746,0.7169577479362488,1.028056263923645,0.3546226918697357,0.2621314525604248,0.6405832767486572,0.053928837180137634
-0.48949408531188965,-0.053115084767341614,-0.4272778332233429,-0.8300809860229492,-0.6366274356842041,-1.2650083303451538,-1.239216923713684,0.7776493430137634,0.7851759791374207,1.173112392425537,1.2522088289260864,0.39876788854599,-0.6187208294868469,0.5202637910842896,-0.195344939827919,-0.47135892510414124,-0.44414106011390686,1.0238417387008667,-0.664857029914856,-0.5932422876358032,0.218346506357193
-0.9244111776351929,-0.04558933526277542,0.48984214663505554,0.31256794929504395,-0.23889832198619843,-0.28595930337905884,0.10889476537704468,0.39188340306282043,0.5049187541007996,-0.2506076693534851,-0.10367702692747116,-0.20736148953437805,-0.20833495259284973,0.16635753214359283,0.7429876327514648,-0.3643610179424286,-0.44156888127326965,0.33661794662475586,0.45523548126220703,0.0607793852686882,-0.43852001428604126
2.4240550994873047,-0.03591640293598175,0.1671847552061081,-0.6393658518791199,-0.8980719447135925,-0.42945218086242676,0.4839124381542206,0.5035243034362793,0.6692723035812378,-0.6724475026130676,0.5942947864532471,-0.14266209304332733,-0.6047291159629822,-0.14645817875862122,0.043726298958063126,0.9229808449745178,0.45654523372650146,0.47475364804267883,-0.02872329019010067,0.3159903585910797,0.04871397092938423
-0.002818412845954299,-0.014089612290263176,-0.5224868059158325,0.7719043493270874,-0.6351833343505859,0.44989582896232605,-1.6662414073944092,0.0716550424695015,-0.8211818337440491,-0.6395133137702942,-0.03815876320004463,-0.8839953541755676,0.24930866062641144,0.2620258629322052,-0.30586233735084534,-0.17407464981079102,0.34178099036216736,0.2899074852466583,-0.28865617513656616,0.01842327229678631,-1.1786974668502808
0.7930127382278442,0.03710363432765007,0.2620376646518707,1.210339069366455,0.04132591560482979,0.17383615672588348,-0.4657517969608307,0.5259711146354675,0.09813344478607178,0.31569400429725647,-0.768616259098053,0.2455548346042633,-0.2130751758813858,0.3011957108974457,-1.6699961423873901,1.0125733613967896,-0.2898511290550232,-0.6314530372619629,0.4304649233818054,-0.33242037892341614,-0.8033274412155151
0.4187021851539612,0.3281780183315277,0.7446457743644714,-0.059915561228990555,0.25009995698928833,0.7591127753257751,-0.03299742937088013,0.2670406699180603,-0.586536169052124,0.5766813158988953,0.4899849593639374,0.02917018160223961,2.0297482013702393,-0.7901184558868408,-0.634550929069519,0.5289251208305359,-0.28083810210227966,1.6342095136642456,-0.044337738305330276,0.49063289165496826,1.526614785194397
0.18144574761390686,0.11617814004421234,-0.48716646432876587,-0.10628686845302582,-0.7441596984863281,-0.4440450966358185,0.7799022197723389,-0.30916309356689453,1.5265873670578003,-0.1975957602262497,-0.2801228165626526,-0.7894095182418823,-0.3999249041080475,-0.048074379563331604,1.3911350965499878,-0.8146634101867676,-0.38695117831230164,0.16701385378837585,-0.4120779037475586,-1.2475028038024902,-1.3609920740127563
-0.33660969138145447,0.004407671745866537,-0.779572069644928,-0.173045814037323,0.746878445148468,0.4359484016895294,1.501260757446289,-0.36900436878204346,-0.25585630536079407,-0.8759186863899231,0.06292843073606491,-0.31246399879455566,-0.2861546277999878,-0.7864274978637695,-0.35870108008384705,-0.03348211199045181,-0.33747100830078125,-0.5856999754905701,-0.48754340410232544,0.35832878947257996,0.058336321264505386
-1.6116303205490112,-0.04004451632499695,0.23987577855587006,-0.4627188742160797,0.21637722849845886,0.041174985468387604,-0.03445478156208992,-0.23002952337265015,0.6913676857948303,-0.563897967338562,-0.5095147490501404,0.40779635310173035,0.14654625952243805,-0.47462382912635803,1.0184751749038696,-0.7525681853294373,-0.2218463271856308,-1.363765001296997,0.16642706096172333,1.7470600605010986,0.7953333854675293
0.09428470581769943,0.17537105083465576,1.3088185787200928,-0.15223369002342224,-0.06284717470407486,-0.1989840418100357,-0.23825255036354065,-0.17804552614688873,-0.6006738543510437,0.20482754707336426,-0.01993503049015999,-0.5284883975982666,0.5322656631469727,-0.2941843271255493,-0.7924733757972717,0.9370192885398865,0.45127925276756287,0.9714005589485168,-0.2875441610813141,-0.08842483907938004,1.686640977859497
-0.5825485587120056,0.07574936747550964,1.9657118320465088,0.6978809237480164,0.507390022277832,-0.09974311292171478,0.08261101692914963,0.1506737470626831,-1.0544427633285522,0.4870055019855499,0.15521787106990814,1.606937050819397,0.06917986273765564,0.4225267767906189,-0.05800913646817207,0.5917585492134094,0.6471726298332214,-0.26494380831718445,0.44237440824508667,0.23312292993068695,2.6885440349578857
0.10561694949865341,0.05557034909725189,-0.8292231559753418,0.25773724913597107,0.2821615934371948,-0.37227025628089905,-0.2212427407503128,0.6251094937324524,0.4231259822845459,0.12513895332813263,0.5341470241546631,0.3713963031768799,0.9103468656539917,0.8024503588676453,-0.42308878898620605,-0.1148160845041275,-0.023529332131147385,0.6787620186805725,0.8740896582603455,-0.9520271420478821,-2.6669349670410156

Slice 7
1.3268046379089355,0.09994026273488998,-0.6760024428367615,-0.5566955208778381,-1.061214804649353,0.5665863156318665,0.7059019804000854,1.534044623374939,1.2434874773025513,0.0770920142531395,0.3544631898403168,-0.10143758356571198,-0.10175340622663498,0.3883812725543976,0.3894728422164917,0.4534786641597748,0.21591240167617798,0.6519011855125427,0.10438698530197144,0.5138919949531555,0.46879202127456665
0.2615390717983246,-0.13619506359100342,-0.24606119096279144,-0.165915846824646,-0.16125072538852692,-0.09368304908275604,-0.048600662499666214,0.007096890360116959,-0.526029646396637,-0.18301630020141602,-0.19502413272857666,-0.11056560277938843,0.2541716694831848,0.35016655921936035,-0.011961441487073898,-0.17136839032173157,-0.07731129229068756,-0.15372364223003387,-0.05852525308728218,-0.0205463245511055,0.2644211947917938
-0.4935463070869446,0.06838220357894897,1.1228069067001343,-0.2593887746334076,-0.10726431012153625,-0.22683313488960266,0.053331177681684494,-0.05053425207734108,-1.3550503253936768,-0.37387919425964355,0.11078904569149017,-0.22732290625572205,-0.24134641885757446,0.14842350780963898,0.0918898805975914,-0.157437264919281,-0.34952351450920105,-0.4010382294654846,-0.1519426703453064,-0.0067802187986671925,-0.5142623782157898
-0.614067792892456,-0.17516550421714783,0.32031920552253723,0.3083904981613159,0.3911990225315094,-0.7113486528396606,0.18098987638950348,-0.8386344313621521,-0.2148466855287552,-0.9543202519416809,-0.17261727154254913,0.04044366627931595,0.20003747940063477,-0.1607052981853485,0.14464318752288818,-0.4194243252277374,-0.43972620368003845,-0.5773176550865173,-0.23838530480861664,-0.05255528911948204,0.8225782513618469
-0.724734902381897,0.15048477053642273,-0.4462531507015228,0.09041336178779602,-0.07562191039323807,-0.2425670176744461,0.2416248321533203,-0.16637888550758362,-0.7254197597503662,-0.38289883732795715,0.08754294365644455,-0.4028877913951874,-0.03333154693245888,-0.20443403720855713,-0.5770947933197021,-0.26289069652557373,-0.2054705172777176,-0.21882720291614532,0.128864124417305,0.4587697982788086,-0.09954103827476501
0.6582885384559631,0.1002979651093483,0.9314317107200623,-0.431536465883255,-0.21312685310840607,-0.5532388091087341,-0.05343962833285332,-0.4509909749031067,-0.5407789349555969,-0.09495395421981812,-0.05126115307211876,0.6834654808044434,0.4878239333629608,-0.20609751343727112,-0.4748103618621826,0.34971100091934204,0.20749472081661224,-0.3767635226249695,-0.20855163037776947,-0.34192460775375366,-0.6867016553878784
-0.8212597966194153,0.06720085442066193,-0.03637886792421341,-0.2564270794391632,0.14539019763469696,0.29878589510917664,-0.02827354148030281,-0.654651403427124,0.022540897130966187,-0.21846888959407806,-0.1579798012971878,0.0018249863060191274,0.3588297367095947,-0.06065823882818222,0.0363197959959507,0.4511270225048065,-0.05974018946290016,-0.06781553477048874,0.11960317939519882,0.062489040195941925,-0.03935984522104263
-0.812374472618103,-0.07540524005889893,-0.10444585233926773,-0.27772924304008484,0.16511763632297516,0.48299241065979004,-0.14259395003318787,1.3608702421188354,0.37325650453567505,0.7536139488220215,-0.09858905524015427,-0.42702603340148926,-0.2215828001499176,-0.06757354736328125,0.4423311650753021,-0.6496712565422058,0.07610165327787399,-0.28253546357154846,-0.2696402370929718,-0.17298324406147003,-1.151759386062622
-1.4209246635437012,0.17571645975112915,1.1756502389907837,1.4672300815582275,-1.0844883918762207,0.3259977400302887,-0.3882942199707031,-0.3904673159122467,1.9899494647979736,0.6007354855537415,-0.09168055653572083,0.24596503376960754,-0.5899224281311035,-0.02787095494568348,0.7341772317886353,-0.9391883611679077,-0.15384335815906525,0.4550608694553375,0.6868649125099182,0.6095812916755676,1.678830862045288
0.880435585975647,-0.11001796275377274,0.3061690628528595,0.5328437685966492,-0.1267610341310501,-0.27908825874328613,0.4947916269302368,0.722579836845398,0.39927971363067627,-0.7830702662467957,-0.26060986518859863,0.9236366152763367,-0.04077195003628731,0.6501149535179138,0.15700262784957886,0.6808798313140869,0.8589431643486023,-0.0011076226364821196,0.09243115782737732,0.7440177798271179,0.12951362133026123
-0.04913496971130371,-0.08498713374137878,-0.19979961216449738,-0.04937712103128433,0.0847020298242569,-0.1255926489830017,0.28906819224357605,0.09033339470624924,0.10112439095973969,-0.1711788922548294,0.03591058775782585,0.2683606445789337,-0.09401070326566696,-0.2287365347146988,-0.29345712065696716,0.045439016073942184,0.020145775750279427,0.46886542439460754,-0.0732407420873642,-0.5049176812171936,0.06742102652788162
0.7921114563941956,0.1723167598247528,0.7112696170806885,0.2571077346801758,0.270342081785202,0.35921603441238403,-0.6487150192260742,0.5658369064331055,1.3633408546447754,0.205973282456398,-0.29452505707740784,0.6097766757011414,0.03649839758872986,0.932942807674408,-0.23532722890377045,0.8800370097160339,-0.14523787796497345,0.13252195715904236,0.04042574390769005,-1.0327142477035522,0.23390145599842072
-0.252475768327713,-0.01271591056138277,-1.1965702772140503,-0.13726267218589783,-0.477561891078949,-0.3558860421180725,-0.4011416733264923,-0.5771542191505432,-0.7063895463943481,-0.18552863597869873,0.10756838321685791,-0.3458613455295563,0.10274846106767654,-0.3550526201725006,-0.3974187672138214,-0.6055539846420288,-0.6222758293151855,-0.8075717091560364,-0.06122741103172302,-0.6858440637588501,0.01967831328511238
-1.2324107885360718,0.033516187220811844,0.3668935000896454,0.9015035033226013,0.5176717638969421,-0.08188018202781677,-0.16932618618011475,-1.2444666624069214,1.449718952178955,1.4694942235946655,0.9341849684715271,0.281760573387146,-0.031487464904785156,0.5416461229324341,0.50079745054245,-0.33565765619277954,-0.05549945682287216,0.3874551057815552,0.07384353876113892,0.22922232747077942,1.2255394458770752
0.2011246681213379,0.02541409432888031,1.0329374074935913,-0.13062335550785065,0.5367267727851868,0.8569751977920532,-0.5145164728164673,-0.008834751322865486,0.02122579701244831,1.3905504941940308,0.2603762447834015,-0.4667796492576599,-0.13520139455795288,0.4018353521823883,0.5787115693092346,-0.8897894024848938,0.5019699931144714,0.5245199799537659,-0.1887311041355133,1.6921662092208862,1.2331593036651611
1.4865235090255737,-0.07525771856307983,-0.17689882218837738,-0.769207775592804,-0.066766157746315,-0.7956617474555969,-0.16473644971847534,0.38697370886802673,1.41633939743042,-0.11750806123018265,-0.04394135624170303,-0.057020869106054306,-0.14306901395320892,-0.08122767508029938,-0.1287143975496292,0.38424429297447205,-0.26917868852615356,0.06432148814201355,0.3333784341812134,-0.7052099108695984,-0.2951246201992035
-0.018114963546395302,-0.017076371237635612,-0.44205451011657715,-0.5704798698425293,-0.42419323325157166,0.36062145233154297,-0.4306829571723938,-0.06783709675073624,0.1714508980512619,0.5895389914512634,-0.20992955565452576,-0.5042313933372498,-0.11906803399324417,-0.46567103266716003,0.3060021996498108,0.3469889461994171,-0.24297977983951569,0.13161909580230713,0.08624919503927231,-0.9037081003189087,-0.43914735317230225
-0.04802862927317619,-0.1765783727169037,-0.1422167718410492,-0.19348101317882538,-0.3513154983520508,0.6029987931251526,0.049365002661943436,0.5943030118942261,-0.6709967255592346,-0.12784358859062195,0.02029062807559967,-0.18216782808303833,-0.4669502079486847,-0.030336270108819008,0.6238142848014832,0.05217622593045235,0.3626472055912018,0.9291325211524963,-0.10361871123313904,-0.058884408324956894,-0.5047576427459717
-0.37800711393356323,0.017371689900755882,-0.17065568268299103,-0.09275320917367935,0.19184279441833496,0.11146684736013412,-0.01602577604353428,-0.4725983440876007,-0.6748760342597961,-0.8196141719818115,-0.06215616315603256,-0.135239377617836,0.15491026639938354,-0.2920466661453247,-0.06546393036842346,0.3114546239376068,0.013885579071938992,-0.7754929661750793,0.21916204690933228,-0.33157309889793396,-0.3440234661102295
0.5040231347084045,0.20314998924732208,-0.7288117408752441,-0.09714974462985992,2.1158604621887207,-0.12357385456562042,0.23593303561210632,-0.32556837797164917,-0.9700461030006409,-0.5481860637664795,-0.05183845013380051,-0.3678184151649475,0.4398799240589142,-0.4508802592754364,-0.5858762860298157,-0.15588097274303436,-0.31393808126449585,-0.2521531581878662,-0.2855454385280609,0.7364901900291443,-0.21682630479335785
-0.451873779296875,-0.24059626460075378,-0.09737999737262726,0.43578439950942993,-0.16109640896320343,-0.752052366733551,0.46930375695228577,-0.38567063212394714,-0.9843303561210632,-0.6087356209754944,-0.450460821390152,0.49876731634140015,0.07139482349157333,0.23441293835639954,-0.6464111804962158,-0.14795933663845062,0.06496775895357132,0.00580911198630929,-0.3170022666454315,0.15072694420814514,0.5882182717323303

Slice 8
2.7574222087860107,-0.25754159688949585,-1.247761607170105,-0.10619231313467026,-0.16692811250686646,-0.3125961422920227,-0.12822872400283813,0.1553914099931717,0.6940792798995972,0.7246355414390564,0.11409901082515717,-0.8465055823326111,2.096721887588501,-0.36259725689888,0.8474118709564209,-0.036662667989730835,0.6301158666610718,1.614478349685669,-0.09550637006759644,-0.42259877920150757,-0.42097270488739014
-0.34619423747062683,-0.20840531587600708,-0.5698076486587524,-0.25206586718559265,-0.635453462600708,-0.573844313621521,-0.14594553411006927,0.029984518885612488,-0.4512597918510437,-0.428901344537735,-0.21287095546722412,-0.36708778142929077,-0.27704477310180664,-0.31263411045074463,-0.7913742065429688,-0.4526854455471039,-0.31918734312057495,0.14832019805908203,-0.1453544944524765,-0.8588687181472778,-0.7142183184623718
-0.5906454920768738,0.33670780062675476,1.073015809059143,-0.29356130957603455,1.7213444709777832,0.36448198556900024,-0.42464378476142883,-0.4300536513328552,-0.5548772811889648,-1.7180500030517578,0.06479573249816895,-0.5024333596229553,-1.146052598953247,-0.14069800078868866,0.5357001423835754,0.04914521425962448,-0.18745657801628113,-0.13729402422904968,-0.13025879859924316,0.9141790270805359,-0.1775287240743637
0.5958468914031982,0.2296370267868042,0.12584641575813293,-0.26506274938583374,1.652204990386963,0.2562190294265747,-0.06123262271285057,-0.07635828107595444,0.48623886704444885,-0.9035942554473877,-0.256853848695755,0.3098130226135254,-0.8983930349349976,-0.18788360059261322,1.8620798587799072,0.180869460105896,-0.6244978308677673,-0.9873496890068054,0.20137570798397064,2.8157742023468018,0.33768659830093384
-1.4418984651565552,0.12137994915246964,0.7438031435012817,0.33750537037849426,-0.020654378458857536,0.5332748293876648,0.3824872374534607,0.2728085517883301,0.38386964797973633,0.5444037914276123,-0.059141576290130615,0.906349241733551,-0.7028578519821167,-0.43978580832481384,-0.43520697951316833,-0.10700877755880356,0.035037845373153687,-0.3756430447101593,0.1385461390018463,-0.2586224675178528,-0.29553619027137756
-1.0651556253433228,-0.07876858115196228,0.07466363161802292,-0.8603104948997498,0.9564763307571411,-0.44878435134887695,0.5229145288467407,-0.505748987197876,0.08854460716247559,0.9426004886627197,0.09079304337501526,0.05437587946653366,0.584212064743042,-0.2175418883562088,0.018211547285318375,-0.5803236365318298,-0.2805519700050354,0.5944156646728516,0.19491246342658997,-0.11977633833885193,0.28246915340423584
0.013782729394733906,-0.03432176634669304,0.39526379108428955,0.2333916872739792,0.5510264039039612,0.21813084185123444,-0.29280057549476624,-0.706375002861023,-0.36124512553215027,0.007368084043264389,-0.2729431986808777,0.3566897511482239,0.340869665145874,0.11065158247947693,-0.5038108825683594,-0.13089999556541443,-0.13416466116905212,-0.12262870371341705,0.04840239882469177,0.6450797319412231,1.2988299131393433
0.39947208762168884,-0.0041097793728113174,0.1581086814403534,0.3268490135669708,0.09070239961147308,-0.9674908518791199,-0.682975709438324,-0.12327807396650314,0.4454178214073181,0.0006514187552966177,-0.09515569359064102,-0.5080858469009399,0.6511237621307373,0.6797055006027222,0.12524950504302979,1.232268214225769,-0.4222170114517212,0.22583067417144775,-0.042775094509124756,-1.0219649076461792,0.05638487637042999
0.10297004133462906,-0.2745382487773895,0.8275918364524841,0.8896732330322266,-0.9149989485740662,-0.18208526074886322,-0.023338034749031067,0.27787306904792786,2.898212194442749,0.4761887788772583,0.38957664370536804,1.1058546304702759,-0.9477010369300842,-0.3372000753879547,-0.914840817451477,0.7943270206451416,0.6299312710762024,-0.21640342473983765,-0.45171481370925903,2.5221734046936035,1.1016044616699219
-0.7501271367073059,-0.19376970827579498,-0.4712868332862854,0.0015763164265081286,0.871526300907135,-0.41825833916664124,0.9323840141296387,1.5849285125732422,-0.8080081939697266,0.7815771698951721,0.06364350020885468,0.25132739543914795,0.0975000262260437,1.119589924812317,-0.37519195675849915,-0.9769507646560669,-0.6282036304473877,-0.07527124136686325,-0.35144558548927307,0.30986422300338745,-0.07129549235105515
-0.6574550271034241,0.04820554330945015,0.013668498955667019,0.24957327544689178,-0.41613760590553284,0.5747140049934387,-0.19207501411437988,0.3565065264701843,-0.5830260515213013,-0.40143561363220215,0.2970729172229767,-0.04738614708185196,-0.1308046281337738,-0.12911397218704224,-0.47450315952301025,-0.35071873664855957,0.2448824942111969,0.3709292411804199,-0.04560834914445877,-0.4659678339958191,-0.24294309318065643
-0.6118967533111572,-0.16803433001041412,-0.09013489633798599,-0.018076419830322266,0.2418322116136551,-0.14809627830982208,0.18809165060520172,-0.5608847141265869,-0.44861963391304016,-0.14705973863601685,-0.7167147994041443,0.6770221590995789,-0.980246365070343,-0.4794779419898987,-0.7868771553039551,-0.1138736754655838,-0.2746126651763916,-0.7370319962501526,-0.30503618717193604,-0.8283762335777283,0.7786571979522705
1.0217660665512085,0.12744739651679993,0.0335051529109478,-0.260698139667511,-0.019682761281728745,0.1830541491508484,0.24665671586990356,-0.7241537570953369,-1.1678863763809204,-1.256885051727295,-0.34278184175491333,-0.34870630502700806,-0.26218143105506897,-0.3843200206756592,-0.22020649909973145,-0.02515105903148651,0.12448757141828537,-0.5956294536590576,-0.15025481581687927,-0.23698556423187256,-1.032109022140503
1.3865710496902466,-0.40066787600517273,-1.0764284133911133,0.24013906717300415,-0.0684024766087532,1.0266497135162354,-0.7378724813461304,0.41812217235565186,-0.20690123736858368,0.15063133835792542,0.4076608121395111,-0.4676206409931183,-0.2908516526222229,0.9570649266242981,0.8711198568344116,0.2159568816423416,0.6021458506584167,-0.24801096320152283,0.18479716777801514,0.6483587026596069,0.024705376476049423
0.952175498008728,0.3422047197818756,-0.32635951042175293,1.25947105884552,-1.758465051651001,0.9457954168319702,-0.13857649266719818,-0.7400892972946167,-0.24625535309314728,-0.06459207087755203,0.21041642129421234,-0.38693225383758545,1.646733045578003,-0.43039631843566895,-1.128818392753601,-0.2534438371658325,0.08320119976997375,0.020289568230509758,0.5059330463409424,0.8098880052566528,0.7591687440872192
-0.08291397243738174,-0.022885005921125412,-1.163969874382019,-1.1355350017547607,0.03015986643731594,0.41559234261512756,-0.19227968156337738,-0.12119868397712708,0.06459207087755203,-0.254843533039093,0.11969055980443954,-0.14040423929691315,-0.3397079408168793,-0.10854055732488632,0.4317867159843445,0.38492056727409363,0.017995065078139305,-0.5247639417648315,-0.032191481441259384,-0.6367576718330383,0.19225643575191498
-0.2419547736644745,-0.20055441558361053,-0.9451935887336731,-0.337155818939209,-1.4049502611160278,-0.27885428071022034,0.04958313703536987,-0.8073364496231079,0.32412999868392944,-0.23990772664546967,-0.2756114900112152,0.11635449528694153,0.46695107221603394,0.2949872314929962,-0.13841810822486877,-0.02391635626554489,0.23535117506980896,-0.31514960527420044,-0.21708820760250092,-0.7493651509284973,-0.19175568222999573
0.7756063938140869,0.08793158084154129,-0.5587023496627808,0.14965751767158508,-0.10081706196069717,-0.42685461044311523,-0.1677776724100113,-0.013010157272219658,-0.05776512622833252,-0.021407710388302803,-0.05803602561354637,-0.03393607586622238,0.3457527458667755,-0.188995361328125,-0.5198400020599365,0.2908344268798828,-0.6241948008537292,0.6628433465957642,0.11489424854516983,-1.1857115030288696,-0.3393022119998932
0.7529162168502808,-0.1103234514594078,1.4720546007156372,0.5269309878349304,-0.04928351193666458,0.3244864046573639,-0.15370793640613556,0.005725922994315624,-0.5815078616142273,-0.7752910852432251,-0.013925870880484581,0.21634908020496368,0.16530780494213104,-0.26450541615486145,0.5590947270393372,0.2527896463871002,0.13240952789783478,0.4357881247997284,0.5145325660705566,-0.5404297113418579,0.2840806841850281
-0.4570590853691101,0.3930510878562927,1.834923505783081,0.5737658143043518,-0.24242934584617615,-0.061360374093055725,0.34489700198173523,0.7695906758308411,0.6827754378318787,0.2639094889163971,0.2351207584142685,-0.0619792640209198,0.3370617926120758,1.1067392826080322,0.7358899116516113,0.9021292328834534,0.6426554322242737,-0.3862851858139038,0.1316918283700943,0.049991365522146225,-0.09111393243074417
-0.3671199381351471,-0.17731396853923798,0.06401281803846359,0.4448350965976715,-0.7970739006996155,-0.23589706420898438,0.04242191091179848,0.521785318851471,-1.06374192237854,-1.4964442253112793,0.1417059749364853,-0.07154294848442078,0.21657519042491913,-0.7466071844100952,0.10554365813732147,-0.7061463594436646,0.09645742923021317,0.29739701747894287,-0.032553818076848984,-0.36874935030937195,-1.1801027059555054

Slice 9
1.5527642965316772,0.5781835317611694,1.0149997472763062,2.225971221923828,-1.8761842250823975,0.18885807693004608,0.5187151432037354,-0.6730403900146484,-0.4610081613063812,-1.0618269443511963,-0.7804784774780273,-0.2687716782093048,1.4521969556808472,0.7021457552909851,0.5926849246025085,0.04482857137918472,0.14665476977825165,-0.26806744933128357,-0.3238827586174011,-0.09849286079406738,-0.6963186860084534
-0.8604654669761658,-0.11023391783237457,-0.12044253200292587,-0.39134934544563293,0.3516444265842438,-0.2896208167076111,-0.008911116048693657,0.47934168577194214,-0.012252523563802242,1.1602967977523804,-0.027709441259503365,-0.06420153379440308,-0.5893595218658447,-0.6267370581626892,-0.5719523429870605,-0.12031515687704086,0.004100447986274958,0.286472350358963,0.14062446355819702,0.3101664185523987,-0.08152864873409271
-1.4791691303253174,-0.24392683804035187,0.4392281472682953,0.16845914721488953,0.05164435878396034,-0.7669517397880554,0.8197922110557556,0.02489590458571911,0.3477787375450134,1.9164420366287231,-0.19083958864212036,0.34961435198783875,-0.5428661704063416,-0.2952629625797272,0.006811262108385563,-0.44858404994010925,-0.4978460967540741,0.6934904456138611,0.1488662213087082,-0.5786982774734497,1.5585620403289795
-0.3939765393733978,0.09662036597728729,0.4517154097557068,0.6011913418769836,-1.0892157554626465,-0.1892508715391159,-0.40686747431755066,0.2222331464290619,1.2574974298477173,-0.18435877561569214,-0.11261145770549774,1.267409324645996,-0.5932729840278625,0.23397167026996613,-0.18587853014469147,0.42355355620384216,0.72556471824646,-1.1078402996063232,-0.08256589621305466,-0.35491326451301575,0.9749072790145874
0.057526782155036926,-0.1689613312482834,-0.6722378730773926,-0.7178207039833069,1.681566596031189,-0.16945196688175201,0.44583389163017273,-0.6397446393966675,0.37253570556640625,-0.9963070750236511,0.08592867106199265,0.11736711859703064,0.3491438031196594,-0.25200536847114563,-1.0826201438903809,-0.22772522270679474,0.11309614032506943,-0.2435893714427948,-0.2497480809688568,1.1411129236221313,0.18371015787124634
-1.896134853363037,-0.09581583738327026,-0.5319833159446716,-0.2560276687145233,-1.056413173675537,-0.16187596321105957,0.878253698348999,-0.8500972390174866,0.24852748215198517,-0.9015506505966187,-0.30367836356163025,-0.4077610969543457,-0.9979531764984131,0.20378006994724274,1.2832518815994263,-0.4696640074253082,-0.2222013771533966,-0.2334243357181549,0.08751483261585236,0.28926005959510803,1.7865772247314453
0.8655627965927124,-0.22689329087734222,-0.8414022922515869,-0.9272862672805786,-0.8551711440086365,0.2441631257534027,0.30013903975486755,0.13174061477184296,-0.7353687286376953,-0.426817387342453,-0.12420983612537384,-0.05191284418106079,0.5634592771530151,-0.11488513648509979,-0.37459102272987366,-0.046450480818748474,-0.1881372183561325,0.035185813903808594,0.13035134971141815,-0.18325497210025787,-0.9587125778198242
-1.1653724908828735,-0.10320106148719788,0.39750054478645325,-0.5687405467033386,1.1549664735794067,-0.09357956051826477,-0.06887363642454147,0.22798508405685425,-1.1082253456115723,1.0280592441558838,0.8304857611656189,0.3938116431236267,-0.7509822249412537,-0.6832592487335205,-0.38068586587905884,0.11313485354185104,0.03507982939481735,0.003679641056805849,-0.7643488049507141,0.16458818316459656,-1.145664930343628
-0.9165406823158264,-0.8299444317817688,0.8801240921020508,1.0150775909423828,-0.1105780079960823,0.7993323802947998,-0.2054210752248764,0.48660120368003845,1.049219012260437,2.0700557231903076,0.7866000533103943,-0.27591317892074585,-0.7322279214859009,0.011549112387001514,0.9441713690757751,0.45454055070877075,1.2682206630706787,-1.4226438999176025,0.3668309152126312,-1.0282686948776245,-0.9949861168861389
1.9836417436599731,-0.10341157019138336,-3.112434148788452,-1.094489336013794,0.8184785842895508,0.13424840569496155,-0.570376455783844,-0.5821854472160339,-0.1944265514612198,1.3041898012161255,-0.3666776120662689,-0.7125643491744995,1.4113150835037231,0.844638466835022,-1.0030732154846191,0.6289792656898499,-1.5427417755126953,-0.36629948019981384,0.28919023275375366,-1.0795639753341675,-0.3850996792316437
-0.4204574525356293,-0.12616977095603943,-0.3002910315990448,-0.9985566735267639,0.3627192974090576,-0.3734326958656311,-0.4603579044342041,-0.6838432550430298,-0.6336693167686462,0.7514663338661194,-0.16545847058296204,0.41906431317329407,-0.27746105194091797,0.4569460451602936,-0.20896115899085999,-0.23297560214996338,0.027139311656355858,-0.7249292135238647,-0.043513957411050797,0.5796791911125183,-0.5726550221443176
-1.873299241065979,-0.05590410530567169,-0.8388497233390808,0.41734063625335693,0.12649431824684143,-1.1409695148468018,-0.21299782395362854,1.4401342868804932,1.511301040649414,0.9480612277984619,0.25853946805000305,-0.3484322726726532,-0.5017145872116089,-0.09994373470544815,0.6769458055496216,-0.646218478679657,0.02820560708642006,0.48133212327957153,0.761969268321991,0.6760441660881042,0.6669420003890991
0.9632668495178223,-0.14095205068588257,-1.4340628385543823,-0.1586102694272995,-0.048902470618486404,0.2709365785121918,-0.480642169713974,-0.9084159135818481,-0.8517867922782898,-0.7357596158981323,-0.2939634621143341,-0.9681004881858826,-0.8563714623451233,-0.17880845069885254,0.04145050793886185,-0.09676748514175415,-0.16596665978431702,-0.885530412197113,-0.02559545822441578,0.4108515679836273,1.0232429504394531
0.027121195569634438,0.6055706143379211,0.8605772852897644,0.8064908981323242,-1.3687429428100586,-0.610969603061676,0.8473203778266907,0.832369863986969,-0.07096324861049652,-0.15765497088432312,-0.27997109293937683,0.7844317555427551,0.1916435807943344,0.583470344543457,-0.10253118723630905,0.4188186824321747,-0.05396067723631859,-0.8582925200462341,-0.013802080415189266,0.3588724434375763,-0.7615804672241211
0.6635283827781677,0.1843412071466446,0.34729382395744324,1.2177762985229492,0.4968741238117218,0.9256954193115234,0.29732584953308105,0.6559721827507019,-1.236400842666626,1.1677535772323608,-0.5023671388626099,-0.07236933708190918,0.3757134974002838,-0.1614122837781906,1.3609651327133179,1.3647661209106445,0.010674027726054192,0.9283846616744995,0.4129523038864136,-1.5059747695922852,-1.161332368850708
-0.22801481187343597,0.03174325078725815,1.6289039850234985,0.5823169350624084,-0.9122790694236755,-0.4916188716888428,-0.35691002011299133,0.11430051922798157,-0.9644202589988708,-0.3907649517059326,-0.1825273036956787,-1.143776297569275,-0.9797893166542053,0.6084010601043701,0.8828847408294678,-0.13480356335639954,-0.3723672926425934,0.8072582483291626,-0.04414818063378334,0.33349335193634033,0.19364036619663239
0.9376944899559021,0.44636431336402893,0.6446208953857422,-0.5380755066871643,-0.07012525945901871,-0.5738245844841003,-0.349366158246994,0.2894956171512604,0.5224243998527527,-0.26474884152412415,0.7662609815597534,-0.11219855397939682,-0.6806056499481201,0.4456040561199188,0.2083045244216919,-1.2575907707214355,-0.17185631394386292,0.17178595066070557,0.1135646253824234,0.06048274412751198,-0.43712133169174194
0.4948866665363312,-0.38838961720466614,-0.4825061857700348,0.031198812648653984,0.8432307243347168,-0.025264456868171692,-0.02837347984313965,0.38133201003074646,-0.030948463827371597,-0.5146902799606323,0.41840872168540955,-0.01789330504834652,-0.040599651634693146,-0.4020967483520508,-1.207556962966919,0.025892943143844604,0.7151246070861816,0.7519584894180298,-0.43903523683547974,-1.0555440187454224,-0.8496107459068298
-0.4543900489807129,0.18780866265296936,-0.16858752071857452,-0.32527995109558105,1.0342572927474976,-0.04422800615429878,-0.10376135259866714,0.22029471397399902,-1.2407987117767334,-0.701015830039978,-0.13055388629436493,0.2492833435535431,-0.4002876281738281,-0.18631824851036072,-0.15520229935646057,-0.565852165222168,0.04608349874615669,0.34723830223083496,0.37532666325569153,0.4791339039802551,-0.2328793704509735
1.5256519317626953,0.44159412384033203,-0.4835135340690613,0.06798873096704483,-0.17648939788341522,1.508980631828308,0.8358178734779358,-0.03525388985872269,-0.2969241738319397,0.9620552062988281,0.07401511818170547,-0.21362483501434326,1.045411229133606,-0.3111448884010315,-0.023956486955285072,1.016470193862915,-0.44788455963134766,-0.11213063448667526,-0.26301029324531555,0.8650128841400146,0.02665996551513672
-0.5447803735733032,-0.22620001435279846,0.7047649025917053,-1.3125320672988892,0.9899564385414124,0.1967552900314331,-0.4794568419456482,-0.634791374206543,-0.1429079920053482,0.4495945870876312,0.2801211178302765,0.40357646346092224,1.532135009765625,-0.14446820318698883,-0.6587897539138794,0.24974602460861206,0.22439302504062653,0.9903711080551147,-0.2921045124530792,-0.22021518647670746,2.764409065246582

Slice 10
-0.6732457280158997,-0.6911227107048035,-1.1378865242004395,0.5415684580802917,-0.19417163729667664,-0.652496337890625,-0.01597529463469982,-0.4601815640926361,-1.5694162845611572,-0.1126871183514595,1.3140372037887573,0.628663182258606,1.1539140939712524,-0.29003241658210754,0.5169081091880798,-1.7747387886047363,-0.03854304552078247,-0.6119837164878845,0.7857827544212341,-0.26053735613822937,-0.898306667804718
-0.8486300110816956,0.5997697114944458,0.4960581362247467,-0.6701878309249878,0.20097491145133972,-0.29903367161750793,0.5449119210243225,0.2649936378002167,-0.7460392713546753,0.2788983881473541,0.015484180301427841,0.24958597123622894,-0.9049414992332458,-0.9894328713417053,-0.6633317470550537,0.32969990372657776,-0.10831667482852936,0.15265004336833954,-0.09491892158985138,-0.8958349823951721,-0.5447173714637756
-0.5419653654098511,0.21655499935150146,-0.5047001838684082,-0.46398648619651794,-0.07800287753343582,1.4987720251083374,-1.4798756837844849,-0.4337145984172821,0.7207533121109009,-1.7454267740249634,0.5990619659423828,-1.2578444480895996,-0.8943185806274414,0.01690835878252983,0.4642344117164612,0.09054604172706604,1.1568925380706787,-0.5453072190284729,0.027180392295122147,-0.5800493359565735,0.9858240485191345
0.13773290812969208,-0.024691836908459663,1.685943603515625,-0.11746242642402649,0.33513325452804565,1.2041916847229004,0.041530437767505646,0.882197380065918,2.471632242202759,-2.3949625492095947,0.15815772116184235,1.4501416683197021,-0.36752501130104065,1.4044382572174072,0.7211030721664429,1.553615689277649,0.5799252986907959,0.27819210290908813,0.9165105223655701,-0.8196129202842712,0.7056283354759216
1.4900845289230347,0.13150343298912048,-0.7515075206756592,-0.6530188322067261,0.10032861679792404,-0.2534259855747223,-0.26453518867492676,-1.6266003847122192,-0.5664626359939575,-1.5851480960845947,-1.1983466148376465,-0.0022262355778366327,-1.1170109510421753,-0.6475571990013123,-1.4621105194091797,0.336238831281662,-0.3579486608505249,0.9187714457511902,0.08171076327562332,-1.5392123460769653,-0.8268334269523621
-0.08882957696914673,0.12116515636444092,-0.38243672251701355,0.7157607078552246,-0.5396562218666077,0.13035419583320618,-0.26215553283691406,0.29971396923065186,-0.6530265808105469,-0.003469852264970541,-0.0022337650880217552,-0.7667077779769897,-0.5132669806480408,-0.9384528994560242,0.7146823406219482,-0.7379330992698669,1.2006773948669434,0.7174103856086731,0.021695924922823906,-0.24672159552574158,-0.8143564462661743
-0.010586533695459366,0.05627928301692009,-0.028855348005890846,0.008612253703176975,-0.7488217949867249,-0.49786093831062317,0.6533783078193665,-0.7370231747627258,-1.6401351690292358,-0.6748039126396179,0.45603466033935547,-0.3033086359500885,-0.010166817344725132,-0.5536099076271057,0.40700459480285645,0.04875551164150238,-0.8738360404968262,-0.4780302941799164,0.26477742195129395,0.24496597051620483,-0.2892245650291443
-0.16449487209320068,0.4740511178970337,-1.0633519887924194,-0.09950731694698334,0.5061249136924744,-0.6479589343070984,-0.5873992443084717,1.2516357898712158,0.21670392155647278,-0.4702131748199463,-0.22521649301052094,0.6154196262359619,0.05963829532265663,0.11713221669197083,-1.0913565158843994,-0.8383865356445312,-0.16661278903484344,-0.0529320165514946,0.19189885258674622,-0.7076769471168518,0.5969346761703491
0.04057671129703522,1.1805903911590576,0.78969806432724,0.2328631728887558,0.4877532720565796,-1.145820140838623,-0.9527682065963745,0.09769443422555923,0.4441763460636139,2.0717873573303223,0.7112215757369995,1.7917499542236328,1.577323079109192,1.5702980756759644,-1.50889253616333,1.3681447505950928,0.3313520848751068,-0.44248831272125244,0.20528759062290192,1.872233510017395,0.12348310649394989
0.7020998001098633,0.20834115147590637,-0.8142817616462708,0.020496472716331482,-0.940453052520752,-0.6933872699737549,-0.25009220838546753,-0.9606140851974487,0.6360306143760681,1.0819419622421265,-0.40808776021003723,-0.10149621218442917,-0.9344416856765747,-0.16517424583435059,0.5923941135406494,-0.5620579123497009,0.17869362235069275,1.8554761409759521,0.30504846572875977,2.274541139602661,-0.8005284070968628
2.0934643745422363,0.8566102385520935,0.25317275524139404,-0.15316851437091827,0.00835332926362753,-0.41253525018692017,-0.3130660057067871,0.13607443869113922,0.39420098066329956,0.514903724193573,-0.9407773613929749,-1.0281555652618408,-0.4465422034263611,0.01705176942050457,0.10426907986402512,0.2793997526168823,0.678038477897644,0.9790183305740356,-0.5407968759536743,-0.3197261393070221,-0.590609073638916
-1.485414743423462,0.06986384093761444,2.4279935359954834,0.03684113919734955,1.4009662866592407,0.586120069026947,0.6808251142501831,-0.09224913269281387,-0.7106987833976746,0.4857686758041382,-0.09950017929077148,0.24643023312091827,0.9963417649269104,-0.22531923651695251,-0.052864376455545425,0.1372186690568924,-0.533214271068573,-0.3127785623073578,0.21982353925704956,0.7187172174453735,1.582253336906433
-0.4943165183067322,0.013901341706514359,-1.1821155548095703,-0.8274512887001038,1.1388781070709229,0.37311822175979614,1.2797107696533203,-0.24260637164115906,-0.7195820212364197,-0.9228439331054688,-0.029391106218099594,-1.2062032222747803,1.2702957391738892,0.7004095315933228,-0.31516438722610474,-0.07399079203605652,-0.9787654876708984,1.3186019659042358,-0.10967174917459488,-0.6914657354354858,0.3428555727005005
1.715994119644165,-0.29099759459495544,0.7920411825180054,1.650729775428772,0.5529793500900269,-0.3320101797580719,-0.9657283425331116,-0.28717923164367676,-0.4194839298725128,3.3960704803466797,-0.7432610392570496,-0.7449398040771484,0.6393103003501892,1.450151801109314,-1.3580231666564941,2.5992612838745117,0.3419323265552521,0.6280205249786377,-0.18840402364730835,0.9452880620956421,0.07901018857955933
2.2775349617004395,-0.985734760761261,1.3428431749343872,0.48535194993019104,-0.7740220427513123,-0.6993065476417542,1.3724709749221802,-1.016270637512207,-0.07410746067762375,2.0798704624176025,-0.6846771240234375,-0.7371835112571716,2.2657785415649414,-0.13760116696357727,0.3559650182723999,0.5576351881027222,-1.5790190696716309,-0.7272619605064392,-0.10111753642559052,0.1968761384487152,-0.5857065916061401
-0.9069904088973999,-0.84466952085495,-0.5484277009963989,0.4178965985774994,0.544147253036499,1.4258332252502441,0.03997473791241646,1.601458191871643,-0.7276219129562378,-1.49783456325531,1.128339171409607,0.2530611753463745,-0.35554239153862,1.7865973711013794,0.42664507031440735,0.6945800185203552,0.35786619782447815,0.16984279453754425,-0.6410530209541321,0.9111462235450745,1.4559800624847412
-0.02018600143492222,-0.1979934573173523,0.3091188967227936,-0.14026841521263123,0.7370114326477051,0.9128500819206238,0.28450679779052734,0.998988687992096,0.7358302474021912,1.7348198890686035,-1.320373773574829,0.17906618118286133,0.10446232557296753,-0.41287553310394287,0.47082793712615967,0.4999915659427643,-0.10982736945152283,0.3394412696361542,-0.9075109958648682,1.400493860244751,1.2523736953735352
-0.32243719696998596,0.11210982501506805,0.0765470638871193,0.09105005115270615,0.1060393676161766,-1.1412640810012817,0.6604629755020142,0.4313957095146179,-0.41552862524986267,2.4681496620178223,0.5721539258956909,0.12283865362405777,0.34191232919692993,-0.006401413585990667,0.1369979828596115,-1.2194050550460815,0.20616337656974792,0.8160338401794434,-0.09219968318939209,-0.4955199062824249,1.2525690793991089
-0.7668299078941345,-0.05516931787133217,-0.710858166217804,-1.0777370929718018,-0.6911353468894958,-0.5943852663040161,-0.4826604425907135,-1.3779008388519287,-0.9328145384788513,1.2928746938705444,-0.32269811630249023,-0.3606596887111664,-1.339088797569275,-0.3067556917667389,0.8680744767189026,-0.9946966767311096,-0.38772550225257874,-1.0993096828460693,-0.37039700150489807,-0.820736825466156,0.24076171219348907
0.4727793335914612,-0.34137240052223206,-0.6657067537307739,-1.2427599430084229,-0.6832175254821777,-0.39040544629096985,0.781455934047699,-0.1618800163269043,0.28748205304145813,-0.23768553137779236,-0.3851931095123291,-0.8004056215286255,-1.010353684425354,-2.502396583557129,-0.0389852449297905,0.39987990260124207,-0.6936421990394592,-0.6161612868309021,0.30170872807502747,-2.090108633041382,-1.9356378316879272
-1.2598180770874023,-0.41840580105781555,1.7734894752502441,1.64143967628479,0.35234469175338745,1.1606171131134033,0.7118518352508545,-0.8146334290504456,0.08929352462291718,0.277057945728302,0.328530877828598,0.707265317440033,-0.3643414378166199,-0.617009162902832,1.329944372177124,-0.918804943561554,1.5511192083358765,-0.45582976937294006,-0.19892612099647522,0.008896861225366592,-0.3631044328212738

Slice 11
1.102674126625061,0.044901058077812195,0.4759359359741211,-0.7360400557518005,-0.32071036100387573,1.484265923500061,0.9578713774681091,0.28718510270118713,1.4733331203460693,-1.2177127599716187,-0.5636294484138489,-0.8161635994911194,-0.2943033277988434,0.21418747305870056,1.2836753129959106,-0.6822290420532227,1.0719455480575562,0.23856136202812195,0.17191563546657562,-1.0308926105499268,-0.3701036274433136
-0.8112940192222595,-0.029307996854186058,-0.10563723742961884,-0.09927688539028168,-0.04716016724705696,-0.5090731978416443,-0.5112627148628235,-0.19320356845855713,-0.8506917357444763,0.40611663460731506,-0.2076789289712906,-0.44197696447372437,0.024580884724855423,-0.39752501249313354,-0.8678383231163025,-0.3351350426673889,-0.2155318558216095,-0.24899722635746002,0.15326274931430817,-1.1161472797393799,-0.9777992367744446
0.5495290756225586,-0.25278860330581665,1.7054367065429688,0.022831788286566734,1.2444928884506226,1.1745084524154663,-0.28742438554763794,0.7908016443252563,0.6403488516807556,3.224398612976074,0.3084515333175659,1.0006074905395508,2.1278014183044434,-0.37457409501075745,0.29666805267333984,0.11622228473424911,0.5579226016998291,0.07675839960575104,0.5721628665924072,-0.2758490741252899,1.2963488101959229
-0.787030816078186,-0.18810106813907623,0.8946661949157715,0.9487631916999817,-0.36885160207748413,-0.04225141927599907,0.3230445981025696,0.28000161051750183,1.4415605068206787,0.08360923081636429,-0.28166669607162476,0.5395171046257019,0.9012455940246582,0.6800003051757812,1.251678228378296,1.0592340230941772,1.3714418411254883,0.013810125179588795,-0.46389850974082947,0.015675093978643417,1.3609753847122192
0.5160412788391113,-0.06667561084032059,-0.596413254737854,0.9278941750526428,0.056867148727178574,-0.4363097846508026,-0.6579080820083618,-0.035137444734573364,0.05901174247264862,-0.9357082843780518,0.31410977244377136,-0.16372784972190857,-0.5284468531608582,-0.4111078679561615,-1.4094960689544678,-0.1517416536808014,0.42026519775390625,-0.195259228348732,0.20075275003910065,-0.6118775606155396,-0.22761045396327972
0.15472684800624847,0.24316078424453735,-0.48522651195526123,-0.39461538195610046,-0.34949809312820435,-0.03656995669007301,0.41398221254348755,-0.5658142566680908,-0.30634257197380066,2.4229252338409424,0.37806493043899536,0.15806011855602264,-0.1535651981830597,0.5023068189620972,0.5797164440155029,0.06750700622797012,-0.776313841342926,-0.7979976534843445,-0.38109931349754333,0.6411101818084717,1.4346635341644287
-0.20297783613204956,-0.05667462572455406,-0.9984241724014282,0.02470005489885807,-0.29560065269470215,-0.34805235266685486,-0.024953659623861313,-0.0581221804022789,-0.7010688781738281,-0.5666812658309937,-0.15990620851516724,0.26450634002685547,0.12732107937335968,0.0870104432106018,-0.7930382490158081,-0.07765183597803116,-0.5018414855003357,-0.2576448321342468,-0.2785114347934723,-0.24812951683998108,-0.7485055327415466
0.3838808536529541,-0.04324783384799957,-1.318923830986023,0.008715884760022163,-0.026221584528684616,-0.017081720754504204,0.40751487016677856,-0.24550271034240723,-0.7474713921546936,-0.9186434745788574,0.3849160373210907,-0.5443733930587769,-0.889246940612793,0.1341697871685028,-0.9276032447814941,-0.3126242160797119,-0.2992028295993805,0.20625276863574982,0.19548828899860382,-0.33765605092048645,-1.7012356519699097
-0.8852522373199463,-0.11570451408624649,0.3916146457195282,-0.49386557936668396,-0.22747473418712616,0.5442482829093933,-1.0577718019485474,-0.15941211581230164,0.8342128992080688,-0.2565663158893585,-0.8365446925163269,-0.8856788277626038,0.40438053011894226,-0.9273590445518494,0.382424533367157,-0.48716872930526733,-0.6195694804191589,0.31058579683303833,-0.5356563329696655,0.25173476338386536,-0.01103273592889309
-0.7494120597839355,-0.12552063167095184,-0.08529912680387497,0.1171332374215126,0.41340845823287964,-0.8017481565475464,0.46138206124305725,0.043686673045158386,-0.69031822681427,0.07840364426374435,-0.04462476819753647,-0.1289907544851303,-1.0222827196121216,-0.06739218533039093,-0.4191935360431671,0.0002830435405485332,-0.07738814502954483,-0.5205525159835815,-0.10031355172395706,-1.1781113147735596,-1.2784775495529175
-0.3634001910686493,-0.11520065367221832,-0.15525463223457336,0.019635125994682312,0.8640831112861633,-0.6734955310821533,-0.31385523080825806,-0.1554626077413559,-0.7270557880401611,-0.7982012033462524,0.02857593074440956,0.23262229561805725,-0.08242497593164444,-0.10735028237104416,-0.7256014943122864,-0.5159987211227417,-0.056508153676986694,-0.374301552772522,-0.11279625445604324,-1.050024151802063,-0.6514148116111755
-0.7264223098754883,-0.020470499992370605,-0.13135884702205658,-0.41587474942207336,-0.17907890677452087,-0.03975186124444008,-0.3621929883956909,-0.3088701367378235,0.30867642164230347,1.3606066703796387,-0.17114673554897308,0.8551949262619019,0.14956049621105194,-0.130701944231987,-0.9318645000457764,0.4170251488685608,-0.7661049365997314,-0.3998207449913025,0.3761163055896759,0.7727379202842712,0.2848772704601288
0.7572037577629089,0.01689421758055687,0.42806026339530945,0.2334936261177063,-0.13273270428180695,0.03825867921113968,0.5259735584259033,0.2642252445220947,-0.43598195910453796,1.042999505996704,0.11339797079563141,-0.2939939498901367,0.4567388594150543,1.2435548305511475,1.082353949546814,0.5479194521903992,0.4332647919654846,-0.023620767518877983,1.0353541374206543,1.9441945552825928,-1.1025538444519043
-0.812811553478241,-0.006788228172808886,0.5132663249969482,0.9798997044563293,0.23687678575515747,-0.30575814843177795,-0.6760246753692627,0.15615320205688477,-0.707456648349762,-0.3309761583805084,0.1748761087656021,-0.17622701823711395,-0.18708392977714539,-0.18113665282726288,-0.2179461270570755,-0.17658104002475739,-0.27469295263290405,-0.24405056238174438,-0.028590623289346695,-0.9208998084068298,-0.1375209391117096
-0.5780078172683716,0.27916643023490906,0.0022783828899264336,-0.4556812644004822,0.976806104183197,0.6827844977378845,-0.7382339835166931,0.32753556966781616,0.145436629652977,-0.251699298620224,-0.5399047136306763,0.17034371197223663,-0.8096240162849426,-0.47254350781440735,0.9091891646385193,0.5229873657226562,0.27364328503608704,-0.1077849268913269,0.08791904151439667,-0.011810000985860825,-1.3423466682434082
0.8028151392936707,0.19605091214179993,-0.19754987955093384,-0.9701797366142273,-0.0809740349650383,-0.48166975378990173,0.8312007188796997,-0.0019450333202257752,0.4799206852912903,0.37585124373435974,0.3790714144706726,-0.3043937385082245,0.10051820427179337,-0.23125386238098145,0.7565277218818665,0.4861901104450226,0.2615709602832794,-0.22723634541034698,-0.1900017112493515,2.8101813793182373,0.586660623550415
0.6489176750183105,0.27769824862480164,-0.20526796579360962,-0.4390181005001068,-0.7327514886856079,0.13507585227489471,0.2817791700363159,-0.7004354000091553,0.2861800193786621,0.5666558742523193,0.02227688767015934,0.1461016982793808,0.10323009639978409,-0.35016629099845886,0.16401530802249908,0.5793065428733826,-0.7706120014190674,0.041280124336481094,-0.24842053651809692,2.4811205863952637,2.4315173625946045
0.3007914125919342,-0.10944698750972748,-1.456969976425171,-0.2843722403049469,0.24168312549591064,0.36484959721565247,0.49522581696510315,0.41245415806770325,-1.0347923040390015,-1.9591490030288696,0.13011163473129272,-0.1578376293182373,-1.1122705936431885,0.0034962622448801994,-0.7335956692695618,0.2391197234392166,0.05040154606103897,0.5371654629707336,0.07657631486654282,-0.43233856558799744,0.413937509059906
-0.946822464466095,-0.04697050526738167,0.14284053444862366,-0.3154802620410919,-0.22533880174160004,-0.40988197922706604,-0.1356421262025833,-0.05552684888243675,-0.6943280696868896,-0.20154833793640137,0.007798127830028534,0.22050397098064423,-0.05021200701594353,-0.15850628912448883,-0.3642268776893616,-0.06847335398197174,0.18086804449558258,-0.06745021045207977,-0.32489800453186035,-0.6631712913513184,-0.5062894821166992
-1.0028080940246582,-0.2639000415802002,-0.3507903516292572,-0.21224306523799896,-0.91166090965271,-0.3547869324684143,-0.597604513168335,-0.32324525713920593,-0.7112714052200317,-0.3685569167137146,0.30425170063972473,-0.6436309814453125,-0.26974472403526306,-0.17367731034755707,-0.5631713271141052,-0.13008373975753784,-0.42622488737106323,0.09002947807312012,-0.045819271355867386,-1.0208786725997925,-0.18189410865306854
1.4787795543670654,0.10686488449573517,-0.1353742778301239,1.1587368249893188,0.1784476935863495,-0.8026717901229858,1.0333164930343628,0.747893214225769,0.654691755771637,0.6234491467475891,0.17195767164230347,-0.09017341583967209,0.05520355701446533,1.1081669330596924,0.9094719290733337,-0.6715952157974243,0.06610306352376938,1.3303663730621338,-0.02653329260647297,-0.9196656346321106,2.711444139480591

Slice 12
-0.07041287422180176,0.20330341160297394,-0.5579787492752075,0.03583378717303276,-0.6689741611480713,-0.3833802342414856,-0.36002427339553833,0.3322763741016388,0.6163582801818848,-0.826960563659668,0.11312823742628098,0.7277990579605103,1.2093327045440674,-0.13158446550369263,-0.8966807126998901,-0.0015916971024125814,-0.4825596213340759,-0.8340579271316528,-0.2125563770532608,-0.56524658203125,-0.3536628782749176
0.1282777190208435,0.035087160766124725,0.3414795398712158,0.10863449424505234,0.2523883581161499,0.11552292108535767,-0.026704460382461548,-0.037858232855796814,0.5637326240539551,0.22664472460746765,0.08760349452495575,0.22610151767730713,-0.15727487206459045,0.11605873703956604,0.5943541526794434,-0.020821463316679,0.1668863743543625,-0.05221099033951759,0.14654454588890076,1.2416657209396362,0.2275540977716446
0.1492290049791336,0.16656984388828278,-0.2988574802875519,-0.2442968636751175,-0.05040740221738815,-0.17655399441719055,-0.4610674977302551,0.7309408783912659,-0.11799850314855576,1.9998669624328613,-0.044370219111442566,0.46121183037757874,-0.08371614664793015,-0.609164834022522,-0.03791503608226776,-0.7238327264785767,0.055081650614738464,0.8730745315551758,0.17736420035362244,-0.9832332134246826,-0.8374852538108826
0.7620043158531189,-0.08083493262529373,-0.46512043476104736,0.24640436470508575,-0.9906822443008423,-0.7462995052337646,-0.1864117980003357,0.8664202690124512,-0.17763715982437134,1.8813657760620117,0.3833954632282257,-0.9524169564247131,0.39565151929855347,0.5908399224281311,-0.7820718288421631,-0.4387906789779663,-0.21246793866157532,-0.6258457899093628,-0.5164328217506409,0.000216795684536919,-2.368083953857422
0.436933696269989,-0.22107116878032684,1.1332753896713257,-0.11314506083726883,0.269854873418808,0.5627824664115906,0.9070016145706177,-0.315875381231308,-0.5089141130447388,-1.5308760404586792,-0.1164611354470253,-0.05510015785694122,0.3354984223842621,0.1999741941690445,0.2787753939628601,0.22814930975437164,0.10189938545227051,-0.29062286019325256,0.060901008546352386,0.34139180183410645,0.38906145095825195
0.4812051057815552,-0.03392041102051735,0.08436477184295654,0.5139751434326172,1.0242505073547363,0.016489645466208458,-0.11603406816720963,2.2572290897369385,0.9092027544975281,1.9514729976654053,0.8869270086288452,-0.37240493297576904,0.38000476360321045,0.35968977212905884,0.14239245653152466,-0.23921379446983337,0.08611225336790085,2.46989107131958,0.25858405232429504,-0.3132936358451843,-0.6386014223098755
-0.3080669641494751,-0.1124703660607338,-0.24771396815776825,-0.08562707901000977,0.11819568276405334,0.38539919257164,0.4198979437351227,0.4338945746421814,0.5394102931022644,-1.2054606676101685,-0.36320069432258606,-0.3072383403778076,-0.19816555082798004,-0.23491889238357544,-0.40323323011398315,-0.10549832880496979,0.21332161128520966,-0.1839013397693634,0.29715588688850403,-0.11100087314844131,-0.042364154011011124
0.1333838254213333,-0.12682408094406128,0.6643985509872437,0.15904882550239563,0.3613007366657257,0.05373396351933479,0.13078442215919495,-0.2773902416229248,-0.09575702995061874,-0.35994279384613037,-0.23361767828464508,0.09563730657100677,0.9790483117103577,-0.2627726197242737,-0.5669519901275635,-0.23880785703659058,-0.09977307170629501,0.4163260757923126,-0.010040187276899815,0.26435476541519165,0.6171092391014099
-0.17788885533809662,-0.24053552746772766,-0.8778776526451111,-1.0168894529342651,-1.0131572484970093,-0.9185485243797302,0.11351501196622849,-0.21055178344249725,-0.43299925327301025,-0.5162675976753235,-0.004236499313265085,0.45658940076828003,0.4673135578632355,-0.3394950330257416,-0.8615685105323792,-0.7598626613616943,-0.7521663904190063,-0.2013673335313797,0.13919557631015778,-0.510046660900116,-0.7838886380195618
-0.5417765378952026,-0.1667003631591797,0.26955166459083557,-0.1551903337240219,0.0987670049071312,-0.024159058928489685,0.1934633105993271,-0.8501351475715637,0.2763942778110504,-1.0294824838638306,-0.15067386627197266,-0.17619848251342773,0.6547567248344421,-1.0076658725738525,-0.432147353887558,-0.10462614893913269,0.007736290339380503,-0.7584729194641113,0.43774867057800293,-0.6015779376029968,0.17767612636089325
-0.13155785202980042,-0.03920620679855347,0.29972556233406067,-0.35657110810279846,0.4350769817829132,0.4527398943901062,0.4572802484035492,-0.842705488204956,-0.5380192399024963,-0.6134198307991028,-0.2624669671058655,0.29634901881217957,-0.269224613904953,-0.10676930099725723,-0.02291470766067505,-0.006139937788248062,0.009472736157476902,-0.704597532749176,0.09126769006252289,0.9764878153800964,0.20309233665466309
0.1985996812582016,-0.2366890162229538,0.513464629650116,-0.6016249656677246,0.39763545989990234,-0.30442556738853455,-0.3264046311378479,0.16249260306358337,-0.028866585344076157,0.4544808864593506,0.3796330690383911,-0.41777685284614563,-0.48422718048095703,-0.06632011383771896,0.6990628242492676,0.10350502282381058,0.4986778795719147,0.8005688786506653,-0.09335856139659882,-0.5625908970832825,-0.6853720545768738
0.9434311389923096,-0.08126038312911987,0.3451893627643585,-0.22719146311283112,-0.5327135920524597,0.9434390664100647,-0.8950036764144897,-0.1950000673532486,0.3638390600681305,-1.9265364408493042,-0.15733012557029724,-0.06801028549671173,-0.10813631117343903,-0.06789740920066833,0.2626623213291168,0.40257784724235535,0.11188358813524246,0.5929880738258362,-0.34345313906669617,-0.4504765272140503,0.6345714926719666
0.4754188358783722,0.01125406939536333,-0.38165995478630066,-0.5043037533760071,-0.1615993231534958,0.3660201132297516,-0.07952025532722473,-0.16231518983840942,-0.5028089284896851,0.5260712504386902,-0.23574618995189667,-0.40020835399627686,0.46885955333709717,-0.9188637733459473,0.11818002909421921,-0.28363358974456787,-0.40838709473609924,-0.46271970868110657,0.08036690205335617,-0.5094388723373413,-0.3898235857486725
0.452587753534317,0.11544199287891388,-0.6169113516807556,-1.0551596879959106,-0.03051203116774559,0.48716747760772705,-0.12038177251815796,-0.23995475471019745,0.37751710414886475,-0.7139068841934204,-0.2365415096282959,0.14703138172626495,1.2023255825042725,-0.24085783958435059,1.5758708715438843,0.08545409142971039,0.15044111013412476,-0.14080801606178284,0.010908213444054127,0.38210347294807434,-1.7498100996017456
-1.1976858377456665,-0.21071840822696686,0.17282596230506897,0.4611765146255493,0.26976004242897034,-0.17596493661403656,-0.3931080102920532,-0.07747907191514969,0.34004196524620056,-0.7035405039787292,0.07098300009965897,-0.3074055314064026,0.1595306694507599,-0.3438847064971924,-0.4156487286090851,-0.15403792262077332,0.3072529435157776,1.406285047531128,-0.4264862537384033,-0.8311896920204163,-0.5877349376678467
0.11720932275056839,-0.03374739736318588,-0.4030818045139313,-0.10855153948068619,-0.5357356071472168,-0.15992480516433716,-0.5048795342445374,0.1931154578924179,0.5789237022399902,-0.7467684149742126,-0.028008896857500076,-0.6555818915367126,-0.06901860982179642,0.638762891292572,-0.19151493906974792,-0.7801342010498047,-0.10219139605760574,0.33320584893226624,-0.1942882388830185,-0.7315417528152466,0.13569232821464539
-0.8945286870002747,0.08534721285104752,1.2372663021087646,0.07148681581020355,-0.2018028348684311,0.40489715337753296,-0.6958870887756348,-0.33096498250961304,0.00949701014906168,-0.3954567015171051,-0.2960904836654663,0.26294419169425964,0.6627461910247803,0.5195001363754272,0.5795086622238159,-0.01877814158797264,0.3213447630405426,-0.7881853580474854,-0.08427365869283676,0.1992083042860031,0.8170738220214844
0.28989464044570923,-0.02664448879659176,-0.03072943538427353,0.03487606346607208,-0.006231925915926695,0.036076292395591736,0.21839997172355652,0.13407032191753387,0.20132030546665192,-0.5399832129478455,-0.04609503597021103,0.6364025473594666,-0.02536824718117714,0.24264024198055267,-0.540370762348175,0.6046306490898132,0.45827507972717285,-0.006616320926696062,0.3942467272281647,0.4232523441314697,0.2581429183483124
0.22970938682556152,0.2538367807865143,0.39504504203796387,1.0642814636230469,0.04921089485287666,0.02235829271376133,1.2907955646514893,-0.3056472837924957,-0.8880742192268372,0.9380868077278137,-0.25950226187705994,0.4942035675048828,-0.12549233436584473,0.13277682662010193,-0.0005193507531657815,1.7132912874221802,0.20436780154705048,-0.059754878282547,-0.26609188318252563,1.6359450817108154,-1.5118714570999146
0.4794619083404541,0.29635369777679443,-0.31048011779785156,1.3529773950576782,-0.01386126596480608,-0.618704080581665,0.4718743860721588,-0.7768843173980713,0.7885462045669556,1.1240379810333252,0.10651791095733643,0.5744693279266357,-3.1418492794036865,0.8639930486679077,0.5685727000236511,0.12511314451694489,-0.7019475102424622,-1.4726449251174927,0.12690351903438568,0.9032202959060669,3.82499623298645

Slice 13
0.0012851457577198744,0.30686163902282715,2.1040570735931396,1.5267021656036377,-1.506489634513855,0.8689213395118713,-0.266912579536438,-0.9769197702407837,-1.6351299285888672,0.7384927868843079,-0.12523722648620605,-1.4613820314407349,-0.2196473628282547,1.7801648378372192,-0.7448052167892456,-0.47510460019111633,0.07615531980991364,2.03139591217041,0.33573219180107117,0.9930139183998108,-0.15410466492176056
-0.9644156098365784,-0.11837398260831833,-1.037904143333435,-0.6886967420578003,-0.1894659698009491,-1.1285079717636108,0.39559367299079895,-0.6850489974021912,-0.45267534255981445,-0.4586331844329834,0.3196367025375366,-0.519974946975708,-0.5941275954246521,0.5919113755226135,-0.4034644663333893,-0.4464484453201294,-0.33887946605682373,-0.549329400062561,-0.15157267451286316,-1.0790952444076538,-0.8314714431762695
0.8170014023780823,0.7758905291557312,0.5193187594413757,0.3859938979148865,-0.7467177510261536,0.9645290374755859,-0.6386168003082275,0.06194125860929489,-1.5069953203201294,-0.47015252709388733,0.45986273884773254,-0.06812405586242676,0.03175850212574005,-0.046128835529088974,-0.19374918937683105,-0.315461665391922,-0.4922487437725067,1.280263900756836,-0.3298994302749634,-0.7702730894088745,-1.0634965896606445
0.9259620308876038,0.2160927951335907,0.33099639415740967,0.1101180836558342,-1.0616583824157715,1.5552600622177124,-0.3133211135864258,1.1426640748977661,0.585637629032135,-0.3819600045681,0.41905561089515686,0.7585359811782837,1.136406660079956,0.6925925612449646,-0.9749486446380615,-0.6238111853599548,0.24444717168807983,2.0671091079711914,0.2968651056289673,0.7651413679122925,0.23180224001407623
0.7994300127029419,-0.3084952235221863,-0.26442229747772217,-0.8037673234939575,-0.7749062776565552,-1.3265184164047241,-0.5347124338150024,-0.0219077467918396,-0.03599138185381889,0.2573319971561432,0.3324112594127655,0.07608921825885773,-0.38855504989624023,-0.9840969443321228,-0.6553406715393066,-0.4260406494140625,-0.1644390970468521,-1.1066943407058716,-0.3319375514984131,-0.46369045972824097,-0.3021126687526703
-1.3648040294647217,-0.06150924041867256,-1.718146800994873,0.10778272897005081,-0.1321120411157608,0.5457810163497925,0.04726751893758774,-0.46003907918930054,-1.3618372678756714,-0.594383180141449,-0.18232642114162445,-0.6402136087417603,0.2005598098039627,0.11179374158382416,-0.5341076850891113,-0.32615458965301514,0.019425300881266594,0.16641469299793243,-0.22215776145458221,0.6211800575256348,-1.3630911111831665
1.0299036502838135,-0.08217388391494751,-0.2008230835199356,1.2757320404052734,0.3686325252056122,-0.4792330861091614,0.34363189339637756,-0.2891460061073303,0.07328605651855469,-0.7245978713035583,0.29457786679267883,-0.43668416142463684,0.0985276997089386,0.4203531742095947,0.6825936436653137,0.34862712025642395,0.08306392282247543,-0.3448324203491211,0.12458587437868118,-0.11862539499998093,-0.261526495218277
0.043293941766023636,-0.3436851501464844,1.024466633796692,-1.1065547466278076,1.3907506465911865,-0.7072973847389221,0.6738870143890381,0.04442340508103371,1.0042780637741089,-0.7997792363166809,-0.20129714906215668,1.583949089050293,-0.924344003200531,0.3089123070240021,-0.6554452180862427,1.2782073020935059,0.9672181010246277,0.0016458305763080716,0.47942933440208435,1.152428388595581,4.177824974060059
-0.022270305082201958,-0.25752076506614685,0.18496328592300415,-1.2000648975372314,-0.05889352411031723,1.0536977052688599,1.2310271263122559,0.3754611015319824,3.3477632999420166,0.5658021569252014,-0.5533273220062256,0.6331227421760559,1.271630048751831,-1.768750548362732,0.2788597047328949,-0.1010264977812767,-0.9260232448577881,1.5706760883331299,0.02990255504846573,-0.23654448986053467,0.4199138879776001
0.2984029948711395,0.4301229417324066,2.448408365249634,-0.98819899559021,-0.4894261956214905,-0.7582934498786926,0.04521944001317024,-0.443183571100235,0.10329748690128326,-0.12023313343524933,0.07490891218185425,0.8163190484046936,-0.4815540909767151,-1.471240520477295,-1.0645195245742798,0.2245127558708191,0.4750216603279114,-1.7815560102462769,-0.11417204886674881,1.7615360021591187,1.1946126222610474
1.227851390838623,-0.3045806586742401,-0.7299006581306458,0.041962072253227234,0.15543146431446075,-0.72398442029953,-0.8712180852890015,-0.3020160496234894,-1.1905897855758667,0.9889841079711914,0.21974992752075195,-0.4184589982032776,-0.38158077001571655,-0.18633002042770386,-1.058401346206665,0.04894594848155975,0.26090118288993835,-0.6279041171073914,-0.3429555296897888,-0.42206013202667236,0.5392876863479614
-1.0646147727966309,-0.15866269171237946,-0.7436674237251282,-0.8461805582046509,0.602424681186676,-0.23469431698322296,0.5160205364227295,0.1411128044128418,1.293998122215271,0.07952456921339035,-0.27780380845069885,-0.2993925213813782,-0.4308943748474121,-0.536903440952301,2.033432960510254,-0.5062985420227051,-0.8537499904632568,-0.8850551843643188,-0.34147393703460693,0.7571605443954468,-0.24614426493644714
-0.8289189338684082,-0.18550646305084229,-0.406532347202301,-0.45818349719047546,0.7990739345550537,0.46753615140914917,-0.9184200763702393,-0.7889484167098999,-0.17257259786128998,2.3139331340789795,-0.11607717722654343,-0.3206886947154999,-0.15399330854415894,0.12963499128818512,-0.8385090827941895,-0.2102992832660675,-0.22824788093566895,-0.037988971918821335,-0.13818275928497314,-0.5317028164863586,-1.4278432130813599
1.893486738204956,-0.10959078371524811,-0.5206895470619202,-0.8439128398895264,-0.21691009402275085,0.6672780513763428,0.841921329498291,0.15673215687274933,2.1900277137756348,0.217985600233078,0.5701639652252197,-0.005588186904788017,0.3616108298301697,0.08943787962198257,1.2623370885849,-0.039427004754543304,-0.270230770111084,0.1853441745042801,0.0969666838645935,0.9301484823226929,0.849926769733429
-0.227763369679451,-0.08516233414411545,0.8288444876670837,1.0803545713424683,0.19216002523899078,0.5188086628913879,1.3024706840515137,-0.7801640033721924,2.1256611347198486,1.1299657821655273,-0.6809705495834351,-0.17362332344055176,0.41561758518218994,-0.3543247878551483,1.1353535652160645,-0.7833694815635681,-0.7789865136146545,-0.3594261407852173,0.6805316209793091,-1.096755862236023,1.3628617525100708
-1.1104811429977417,0.044438477605581284,-0.1209038570523262,0.16305744647979736,-0.2736078202724457,1.0533396005630493,0.8350003957748413,1.0738389492034912,-0.9193503260612488,-0.16513490676879883,-0.07373390346765518,-0.0529019758105278,-0.29850059747695923,0.048150040209293365,1.1502526998519897,1.4163175821304321,0.5584964156150818,-0.3557296097278595,0.09949535876512527,0.10607174038887024,-1.890467882156372
-0.0539066307246685,-0.2646940052509308,0.81588214635849,0.6346567869186401,1.0990166664123535,1.365285038948059,-0.30628514289855957,0.9855123162269592,0.3296625316143036,-1.2500324249267578,0.19955646991729736,1.8884711265563965,-0.5193672776222229,1.9293599128723145,-0.31877070665359497,-0.3030844032764435,0.4874933958053589,0.2695132791996002,-0.17980502545833588,1.027160406112671,1.0231094360351562
2.05279278755188,0.21631839871406555,2.2950494289398193,0.15929904580116272,0.07680197805166245,-0.9916927814483643,-0.290729820728302,-0.5655088424682617,-0.31420350074768066,-1.2603195905685425,-0.11837953329086304,0.9771562814712524,0.2701716423034668,0.5422403812408447,-1.2820069789886475,0.9188618063926697,1.142624855041504,-0.012269205413758755,0.2116709202528,-0.18295904994010925,1.073395013809204
-0.8639587759971619,-0.04977916181087494,-1.1741279363632202,-0.299198180437088,0.2660025358200073,-1.237532138824463,-0.5021575689315796,0.3447401225566864,-0.5046225786209106,-0.9164218306541443,-0.06480216979980469,-0.12206066399812698,-0.20426061749458313,-0.06252327561378479,-0.34394827485084534,-0.8986895680427551,-0.370523601770401,-0.16721229255199432,-0.03244919329881668,-0.7702646851539612,-1.2590960264205933
-0.637512743473053,0.12893277406692505,-1.543980360031128,-0.5951941013336182,0.08087810128927231,-0.9682350754737854,-0.39657652378082275,0.22625519335269928,-0.7320958971977234,-0.18416178226470947,-0.45286962389945984,-0.4693269431591034,0.14046914875507355,-0.7916726469993591,-0.5884770154953003,-0.2707873284816742,-0.9154377579689026,-0.23886778950691223,-0.03712095320224762,-0.6444727778434753,-1.4216359853744507
0.6911956071853638,0.5226427912712097,-2.0432379245758057,0.8869168758392334,0.6582005023956299,-1.6327893733978271,-1.2709827423095703,1.2895381450653076,-0.34511134028434753,0.9708921909332275,-0.17507952451705933,-1.1334589719772339,0.434763103723526,-0.20189543068408966,0.04976106435060501,0.5974171757698059,0.28115302324295044,-0.458963543176651,-0.28896623849868774,-1.6031774282455444,-0.928165078163147

Slice 14
0.4068886935710907,-0.2504328191280365,-1.8313814401626587,0.2582434415817261,-0.3663865625858307,0.8406058549880981,-0.5338500738143921,-0.7473199963569641,0.23449856042861938,-0.004392090253531933,-0.27631309628486633,-0.8980843424797058,-0.3555591106414795,-0.2496224194765091,-1.3666372299194336,-1.069088339805603,-0.3842446804046631,-0.45976507663726807,0.9353176951408386,-0.726330578327179,-0.7072843313217163
-0.35753384232521057,-0.12518665194511414,0.8740465641021729,-0.7647932171821594,0.17955972254276276,-0.7074175477027893,0.10907886177301407,0.2428976148366928,-0.18386530876159668,-0.2051859200000763,-0.4771128296852112,-0.1344890296459198,0.36564406752586365,0.012760428711771965,-0.3756871521472931,0.05134210363030434,-0.07552119344472885,-0.042237136512994766,-0.02776816487312317,-0.21597017347812653,-1.124764323234558
1.9332859516143799,-0.0641387328505516,-0.8086898326873779,-0.4204956889152527,0.23078382015228271,2.203705072402954,-0.7361961603164673,-0.5712502598762512,-1.7178961038589478,-0.3091893494129181,0.353567510843277,-0.1764167845249176,0.6151692867279053,0.08471626788377762,0.31797486543655396,0.7874576449394226,-0.23732469975948334,-0.7876361608505249,-0.07517963647842407,0.13160213828086853,-1.064065933227539
0.9855004549026489,-0.19763264060020447,-1.1705409288406372,-0.833789050579071,-0.44752001762390137,-0.42979347705841064,-0.3126996159553528,1.2243129014968872,-0.36812227964401245,0.3703440725803375,0.4024966359138489,-0.736404299736023,-0.26573318243026733,-0.6608891487121582,1.4082443714141846,-0.4110121726989746,-0.35979321599006653,-0.5211353898048401,-0.6020846962928772,-1.4939706325531006,-0.233788400888443
-1.4436523914337158,0.12150835990905762,-0.33829212188720703,-1.1105395555496216,-0.7520139217376709,-0.5380606651306152,-0.31197378039360046,0.37555477023124695,1.5049580335617065,-0.47342583537101746,-0.4604496359825134,0.19580185413360596,0.9506070613861084,-0.1421135663986206,0.45209822058677673,-0.9234144687652588,-0.87578284740448,-0.13452772796154022,0.0674985721707344,-1.1144250631332397,1.2653237581253052
-0.8546674251556396,0.032253846526145935,0.001498984289355576,0.03375308960676193,0.2103232890367508,0.03943076729774475,-0.6054448485374451,-0.4800041913986206,-0.18820995092391968,-0.854022741317749,-0.6506596207618713,-0.6400264501571655,-0.515533983707428,-0.6342067718505859,-0.5125573873519897,-0.4268707036972046,-0.6461471915245056,0.5999079942703247,0.15406855940818787,-0.5522589087486267,0.7503254413604736
1.0054689645767212,0.08550374954938889,-0.3721122145652771,0.821089506149292,0.5855048298835754,-1.0835145711898804,0.21074016392230988,-0.7233332395553589,-0.3811701834201813,-0.727879524230957,-0.1656627655029297,-0.6749729514122009,-0.5595351457595825,-0.29711082577705383,-0.7011168003082275,0.38892534375190735,-0.27064383029937744,-0.1250605583190918,-0.022179264575242996,0.7221667766571045,0.24572426080703735
-0.08237700909376144,-0.08733900636434555,0.5844027996063232,-0.5281410217285156,0.1151747852563858,-0.7853376865386963,1.0100499391555786,-0.9075180888175964,0.9356377720832825,0.42862066626548767,-0.05420777201652527,1.1522608995437622,0.2278965562582016,0.31898412108421326,0.14147324860095978,-0.23359325528144836,-0.7075325846672058,-0.038262952119112015,0.10473859310150146,-0.2911891043186188,0.6034879684448242
1.1309765577316284,-0.026577182114124298,1.8306258916854858,2.4889752864837646,-0.698504626750946,0.16126196086406708,-0.20703060925006866,0.9339110851287842,-1.7381621599197388,1.4452691078186035,0.3989418148994446,1.012490153312683,-0.394318550825119,0.33593395352363586,-2.707350492477417,1.8980813026428223,1.7385385036468506,0.6590729355812073,0.09056183695793152,-0.5502760410308838,0.21561981737613678
-1.2302407026290894,-0.23029521107673645,-1.1718541383743286,-0.6633433699607849,0.8355925679206848,1.3478271961212158,1.0420396327972412,1.6544997692108154,1.9470345973968506,-0.1306222826242447,-0.793015718460083,-0.4300943613052368,0.5211885571479797,0.9719914197921753,1.8532086610794067,1.0237793922424316,0.29779285192489624,0.16585683822631836,-0.16147847473621368,1.0123275518417358,-1.6940034627914429
0.004943920765072107,0.3731327950954437,1.0471497774124146,-0.673286497592926,0.7907620072364807,0.34433242678642273,-0.3859609365463257,-0.08546536415815353,1.4229689836502075,-0.5014761090278625,0.04017459228634834,0.5568843483924866,0.5411877632141113,0.8067835569381714,1.0442618131637573,0.28028178215026855,0.02083115465939045,-0.6613457202911377,-0.3016330897808075,0.42007046937942505,0.612790048122406
-0.9620716571807861,-0.19427785277366638,0.010106835514307022,-0.006928001530468464,-0.06472357362508774,0.9208890199661255,0.21378840506076813,-0.42757248878479004,-1.3604209423065186,0.44032174348831177,-0.07032220810651779,0.4044061005115509,-0.11910346150398254,-0.10823018103837967,-0.5882441997528076,0.24595816433429718,0.3168920576572418,0.730519711971283,-0.34212684631347656,0.16233575344085693,-1.215420126914978
-1.2401223182678223,-0.05021914839744568,-0.8079108595848083,-0.2580307722091675,0.6454988121986389,0.2600432336330414,2.8309595584869385,-0.0337347537279129,0.7950278520584106,0.08614139258861542,-0.05673776939511299,-0.5644753575325012,0.10891074687242508,-0.5564397573471069,0.1659010350704193,0.511417031288147,0.055583782494068146,-0.5575507283210754,0.18729527294635773,2.2338030338287354,0.9208710789680481
0.5219137072563171,-0.1275898516178131,-0.9414782524108887,-1.2506401538848877,-0.35503095388412476,-0.09994319081306458,0.6044198870658875,0.6086554527282715,1.4821956157684326,0.09780532866716385,0.29530784487724304,-0.12122498452663422,-0.0504511296749115,-0.38631299138069153,0.946150541305542,-1.2356805801391602,1.4731063842773438,0.8562482595443726,-0.14021079242229462,-0.8450533747673035,-0.4280804991722107
2.6742570400238037,0.13418878614902496,1.3055694103240967,3.657569169998169,-1.6447620391845703,0.27469319105148315,-1.465013027191162,-0.416463166475296,-2.2033438682556152,1.0708272457122803,0.8207653164863586,-0.3459053933620453,-0.4585492014884949,0.18399494886398315,-2.1659042835235596,0.6417116522789001,1.2810397148132324,0.28015369176864624,-0.20811672508716583,-0.828382670879364,-1.0792595148086548
-0.8987662196159363,0.10991563647985458,0.8465480208396912,-0.1032148003578186,0.17170868813991547,0.5451960563659668,0.5252178311347961,-0.0735258087515831,-0.6188980937004089,-0.25165536999702454,-0.012905539944767952,-0.24749256670475006,0.705284833908081,0.2866593301296234,0.9447898268699646,0.06863439828157425,-0.3496079742908478,1.2155659198760986,-0.09367606043815613,-1.5949846506118774,0.48650383949279785
-0.18723101913928986,0.033966269344091415,0.9246503114700317,0.42528367042541504,-0.6132044196128845,0.7353788614273071,-0.17677295207977295,-0.5197974443435669,0.9837233424186707,0.3435605466365814,0.3363923132419586,0.7906864285469055,-0.6173475384712219,-0.14578482508659363,0.8476043939590454,-0.10580762475728989,0.4660683572292328,0.7646927237510681,-0.43149444460868835,-0.4941921830177307,-0.7478281259536743
-0.27329373359680176,0.15878500044345856,0.6946678161621094,-1.7441011667251587,0.13989295065402985,0.04991229623556137,0.6465685963630676,-0.6904537081718445,0.5281212329864502,-0.21210436522960663,0.25110146403312683,-0.013735391199588776,-0.5614602565765381,0.5398899912834167,-0.33779293298721313,0.05230619013309479,-0.30790913105010986,-1.2110310792922974,-0.28363335132598877,-0.08173975348472595,-1.2409611940383911
-0.48721572756767273,-0.06901562958955765,0.4539682865142822,-0.31875449419021606,0.732428789138794,-0.8394898176193237,0.15416069328784943,0.5665045976638794,-0.3762046694755554,-0.9520907998085022,-0.1552666574716568,0.2065640538930893,-0.20679549872875214,-0.7935888767242432,0.8281642198562622,-0.4585382640361786,-0.10105251520872116,-0.05853147804737091,0.1481490284204483,0.06883416324853897,0.2958478629589081
-0.11887647211551666,-0.2274099886417389,0.4180665910243988,0.297445684671402,-0.5012804865837097,-0.2674903869628906,0.2098693549633026,-0.6260536909103394,-0.34030094742774963,-1.2660731077194214,-0.22647425532341003,0.31678974628448486,0.4144359230995178,-0.7228453755378723,0.6506980061531067,-0.2608376443386078,-0.07251791656017303,-0.6437453627586365,0.00733378017321229,-0.6149256825447083,-0.03278043493628502
0.509294331073761,0.07203853130340576,1.246493935585022,0.8669052720069885,-0.20220431685447693,-2.0330400466918945,-0.2051956057548523,0.1487332135438919,-0.18173155188560486,1.2790014743804932,-0.11051131039857864,0.24550765752792358,0.009183014743030071,-0.3331298232078552,0.5984102487564087,-0.7668336033821106,0.33582770824432373,0.026389025151729584,1.1965280771255493,1.8757835626602173,1.4262504577636719

Slice 15
0.6480199694633484,0.3191453814506531,-1.2589221000671387,1.1771458387374878,1.423356294631958,-1.1903058290481567,0.2061169296503067,-0.1569075882434845,0.3750079870223999,0.9166153073310852,-0.7551683187484741,-1.224050521850586,1.4342657327651978,0.27123698592185974,0.22006496787071228,-0.2872745096683502,0.4121416211128235,0.12960335612297058,0.22838379442691803,2.303542375564575,0.5720165371894836
-0.960379958152771,0.15761323273181915,0.13893015682697296,0.040507763624191284,0.0271152351051569,0.1010684072971344,0.10780500620603561,0.17917655408382416,0.04959243908524513,-1.1963690519332886,-0.3710006773471832,-0.31117355823516846,-0.11247684806585312,0.11290924996137619,0.9819124341011047,0.3332838714122772,0.008069278672337532,0.030429217964410782,-0.10540078580379486,2.036466598510742,0.5127056241035461
-0.6785573959350586,0.3242769241333008,0.35486313700675964,0.40796464681625366,0.25670358538627625,-0.3767368793487549,-1.1421719789505005,0.09146611392498016,-0.14978310465812683,0.7191429138183594,0.19227731227874756,-0.5760202407836914,-0.23881182074546814,-0.11491013318300247,-0.5135132670402527,-0.3379793167114258,-0.40365859866142273,0.40235409140586853,0.2552907168865204,0.913913905620575,-2.0651729106903076
1.1763005256652832,0.005397788714617491,0.48762986063957214,0.021293319761753082,-0.7147924304008484,-0.7999996542930603,-0.5502871870994568,0.3103557825088501,-0.048060812056064606,-0.3724125623703003,0.4633660316467285,0.1692785620689392,0.21902291476726532,-0.4460418224334717,0.022945845499634743,0.5720675587654114,0.20004615187644958,1.4082056283950806,-0.35699838399887085,-0.7528189420700073,-0.03998339921236038
-0.6926406621932983,0.23128540813922882,0.25742772221565247,-0.6465854048728943,-0.188925102353096,-0.11516889929771423,0.3956514596939087,0.11554106324911118,0.5023029446601868,0.8179736137390137,0.027701105922460556,-0.12903094291687012,-1.071434736251831,0.23851628601551056,-0.41528332233428955,-0.20449520647525787,-0.10063689202070236,-0.5395540595054626,-0.11981387436389923,-0.48553693294525146,0.046472374349832535
-0.10820937901735306,-0.486928790807724,-0.7090579867362976,0.6053298711776733,-1.0573482513427734,1.19340181350708,0.3944280743598938,-0.9766145944595337,0.2994351089000702,-0.5916891098022461,0.010294032283127308,0.21856440603733063,0.6839690804481506,-0.06510838866233826,0.03495243191719055,-0.6920332908630371,0.17858441174030304,-0.4554336965084076,-0.27219143509864807,-0.41445595026016235,-2.4490156173706055
0.8037719130516052,-0.31981292366981506,0.5152138471603394,0.35045671463012695,-0.5586273670196533,0.07939708977937698,-0.4673774242401123,-0.5107685327529907,0.4164344370365143,-1.2758241891860962,-0.27298954129219055,0.31755509972572327,-0.3222225308418274,0.1049681156873703,-0.2672857642173767,0.2578020691871643,-0.39369508624076843,-0.3079088032245636,-0.12540856003761292,-1.7546398639678955,0.4700511395931244
-0.39743277430534363,-0.054985981434583664,0.3472752571105957,-1.3606750965118408,0.7818479537963867,0.39296647906303406,-0.5279643535614014,1.5660529136657715,-1.0026068687438965,1.0629507303237915,0.6739925742149353,0.8656237125396729,0.49828243255615234,-0.46964147686958313,0.08195995539426804,0.22591163218021393,0.6091393828392029,0.7143645286560059,-0.18060976266860962,0.9167762994766235,1.152253270149231
1.5182960033416748,-0.31703633069992065,0.6130627393722534,-0.18341904878616333,1.1327141523361206,-0.7383917570114136,0.3519205152988434,1.5560202598571777,-0.39534610509872437,0.08737920969724655,-0.2386823445558548,-0.2267249971628189,-0.3191150724887848,0.6203359961509705,0.11105525493621826,-0.4034523367881775,-0.2850828170776367,-0.5035954713821411,-0.5253637433052063,-0.49079763889312744,-0.21070481836795807
-0.20499178767204285,0.6152517199516296,-0.463135689496994,-0.133935809135437,0.8765498399734497,-0.5400265455245972,-0.41694170236587524,-0.058973900973796844,0.6408518552780151,1.1048413515090942,1.5392972230911255,1.6185637712478638,0.16338899731636047,0.04447437450289726,0.061879947781562805,1.0832797288894653,1.4630348682403564,0.7039088010787964,-0.47600433230400085,-1.1244364976882935,1.2013134956359863
-0.09171290695667267,0.07984786480665207,-0.2616874873638153,-0.42361781001091003,-0.8114618062973022,0.10699217021465302,0.23494309186935425,0.65805983543396,-0.7505427002906799,-0.20454487204551697,-0.09440971165895462,-0.4328809678554535,-0.13852933049201965,-0.16463090479373932,-0.8320558071136475,-0.21988146007061005,-0.4366493821144104,-0.29161950945854187,0.0025620542000979185,0.24392515420913696,0.6423051953315735
-1.1224803924560547,-0.23434875905513763,0.3407842218875885,-0.4457279443740845,-1.1404390335083008,-0.616761326789856,-0.7944309115409851,-0.42902103066444397,-0.1280229687690735,-0.4469679594039917,0.5559858083724976,0.0458611324429512,1.2451473474502563,0.06576665490865707,-0.10909997671842575,-0.12665507197380066,-0.42760059237480164,-1.3038090467453003,0.24861207604408264,-1.8196860551834106,-0.777079164981842
-0.644070565700531,0.09179095923900604,-0.0378023236989975,0.2992572784423828,0.1337682604789734,-0.41344133019447327,2.3437678813934326,-0.18905283510684967,-0.4756070673465729,2.206313133239746,0.3744284212589264,0.45462870597839355,-1.8001118898391724,0.8408703804016113,0.35174983739852905,-0.0863601416349411,-0.741126298904419,0.3015587627887726,0.014149247668683529,-1.1319661140441895,-0.6229966878890991
1.567514419555664,-0.029243076220154762,-0.4868052303791046,-0.7157771587371826,-0.4817339777946472,0.5741610527038574,0.266051322221756,0.9274836182594299,0.8395827412605286,-0.29834842681884766,-0.13601091504096985,-0.4243934452533722,-0.7308647036552429,-0.8167742490768433,-0.22056704759597778,0.20679250359535217,-0.851039469242096,0.7132239937782288,0.3618853986263275,-0.24252299964427948,-0.16387203335762024
0.29547587037086487,-0.16903908550739288,0.044234417378902435,-0.2531704902648926,0.25931185483932495,-0.2612035572528839,0.40939241647720337,-0.37335577607154846,-0.37988510727882385,0.756456196308136,-0.5274233818054199,0.6312291026115417,0.42689087986946106,-0.34953880310058594,2.06135630607605,0.7660273313522339,-0.13660283386707306,0.3336609899997711,0.047961149364709854,-0.7860743403434753,-0.4446795582771301
-0.933938205242157,-0.2761085033416748,-0.035838618874549866,-0.11391524225473404,0.19212156534194946,-0.9693975448608398,0.9052931070327759,-0.5940809845924377,-0.47437262535095215,1.5931682586669922,-0.30577653646469116,-1.601346731185913,0.3023677170276642,-0.27610430121421814,0.3313765823841095,-0.640454888343811,0.15841858088970184,-1.2423746585845947,0.1325775682926178,1.603671669960022,-1.144534945487976
0.009817480109632015,0.4656398296356201,1.1795315742492676,1.1652346849441528,-0.07861834764480591,-0.44878408312797546,0.256801962852478,-0.7701228260993958,0.11629628390073776,0.11634759604930878,-0.4392850995063782,-1.4179574251174927,0.5027894973754883,-0.005629555322229862,-0.06552430242300034,-0.7011792063713074,0.0850411057472229,-0.7238498330116272,0.20231084525585175,-0.814752995967865,0.387054443359375
1.10639226436615,0.2791799008846283,0.19833220541477203,-0.08460240066051483,2.1345489025115967,-0.13728228211402893,1.153194785118103,0.8344758152961731,-0.5353840589523315,1.269683837890625,-0.7847579121589661,0.8793083429336548,0.5168114900588989,-0.45252129435539246,-1.2501630783081055,0.08472424745559692,-0.46192601323127747,0.8214287161827087,0.12071897834539413,1.9155969619750977,1.8574602603912354
-1.2935212850570679,0.37056636810302734,0.39976176619529724,0.14249451458454132,-0.41781866550445557,0.3082026541233063,-0.14004923403263092,0.24875248968601227,-0.5848882794380188,-0.8428450226783752,-0.07699736952781677,-0.3601016700267792,-1.2792729139328003,-0.2990594506263733,-0.5673435926437378,-0.11131321638822556,0.2917395532131195,0.15035825967788696,-0.22843274474143982,0.2587144672870636,-0.29576990008354187
0.1775226593017578,-0.3066662847995758,-1.86562180519104,0.7958431839942932,-0.5250164270401001,0.4550027549266815,-0.8229395151138306,-0.02984098345041275,0.10863090306520462,-0.6395713686943054,0.014003858901560307,-0.537544846534729,-1.1203826665878296,0.06150617077946663,-0.18853643536567688,-0.668512225151062,-0.07803668081760406,-0.5371801853179932,0.3344934582710266,0.6108375191688538,0.35486721992492676
-0.15769052505493164,-0.16729411482810974,0.8138949871063232,0.7451459765434265,0.4655006527900696,3.1516168117523193,-1.4003385305404663,-0.7018270492553711,1.1584802865982056,-3.0085043907165527,-0.17062626779079437,-0.1211855411529541,-0.1363636553287506,0.9453363418579102,1.709786057472229,0.905242383480072,0.16909365355968475,-0.505586564540863,0.12077276408672333,-0.6087402105331421,0.6469219326972961

Slice 16
-0.2799966633319855,0.03617524355649948,-0.2720962464809418,-1.28921377658844,0.5193073153495789,0.9468637704849243,-0.0014651718083769083,0.7993355393409729,0.2582857608795166,-0.4980294704437256,0.7221790552139282,0.3090425431728363,-0.799351155757904,-0.5958083271980286,0.4505399763584137,-0.9163696765899658,-1.0102391242980957,1.1197551488876343,0.11133601516485214,0.20915085077285767,-0.7533701062202454
0.32097962498664856,-0.0012578072492033243,0.1393347829580307,-0.18871651589870453,-0.4391106963157654,-0.199228897690773,-0.4376695156097412,0.29919710755348206,-0.49094876646995544,0.6505188345909119,-0.07956381887197495,0.0204001571983099,-0.1507849544286728,-0.09135421365499496,-0.5330716371536255,0.5096290111541748,-0.07501710206270218,-0.2689591348171234,0.11161579936742783,-1.091450810432434,-0.19512584805488586
-0.1534266322851181,0.017046960070729256,0.8001177906990051,0.1927102953195572,-0.6443057060241699,0.8547516465187073,0.814414381980896,-0.18651559948921204,0.5514300465583801,-0.5616556406021118,-0.6282408237457275,-0.08951391279697418,0.02463855780661106,0.9262325167655945,1.1513928174972534,-0.18139757215976715,0.2709912955760956,-0.33499985933303833,-0.11178761720657349,-1.4663270711898804,-0.3506920337677002
-0.6768366694450378,-0.5295662879943848,-0.47137483954429626,-0.4966354966163635,0.45054563879966736,0.237102210521698,0.8163670897483826,-0.5298246145248413,-0.28309905529022217,0.02543049119412899,0.46669524908065796,-0.4289723336696625,-0.6782588362693787,1.7665666341781616,-0.6264042854309082,-0.732017993927002,0.10760747641324997,-0.5774949789047241,0.7166727185249329,1.110518217086792,-0.45981693267822266
0.11315174400806427,0.38218048214912415,0.5077531933784485,0.8772151470184326,0.9542424082756042,0.025001758709549904,-0.05968066304922104,-0.07336260378360748,-0.01986737735569477,0.5024067163467407,-0.14753177762031555,0.5974677801132202,0.6326571702957153,-0.009857697412371635,0.11037693917751312,0.6118236184120178,1.5168266296386719,0.34760618209838867,-0.21141254901885986,-0.002435378497466445,-0.10448945313692093
-0.728183925151825,0.15652331709861755,0.33583685755729675,-0.45624929666519165,0.4748678505420685,-0.16632381081581116,-0.09465719759464264,0.12370732426643372,-0.0021880976855754852,-0.12803368270397186,0.19762548804283142,-0.0434667132794857,-0.5289404988288879,-0.32110947370529175,-0.07503548264503479,0.04574527591466904,0.31642481684684753,-0.3297334909439087,0.36246457695961,0.36106938123703003,0.4875357449054718
-0.485784649848938,0.006943156942725182,-0.16664797067642212,-0.14566367864608765,-0.4203507900238037,-0.07005931437015533,0.024392733350396156,-0.4259963035583496,-0.840012788772583,-0.15893936157226562,-0.47978293895721436,-0.339661180973053,0.2710345387458801,0.06443149596452713,-0.24260574579238892,-0.5786615014076233,-0.6473397016525269,-0.42819300293922424,-0.3591757118701935,-0.3369380235671997,-1.4056942462921143
1.7485625743865967,-0.09651317447423935,1.3309532403945923,0.5284587144851685,-0.44275519251823425,-0.08414171636104584,0.010470123961567879,-0.5247852802276611,-0.26370230317115784,3.5820839405059814,0.5566408634185791,1.300316333770752,0.4415614902973175,0.5730804204940796,0.09474553167819977,0.23947857320308685,0.21209672093391418,-1.0195231437683105,-0.37399035692214966,0.6177480816841125,0.7629010677337646
-2.533325672149658,0.21500049531459808,-1.0583391189575195,-0.5994740724563599,-0.429536908864975,0.8044314980506897,-0.18108920753002167,0.05366240069270134,-0.21519741415977478,-1.2376457452774048,0.0726313516497612,-1.2920726537704468,-0.27509310841560364,-1.074968934059143,0.8367552161216736,0.08934973180294037,-0.41025567054748535,-0.2730608582496643,-0.13515233993530273,-0.5686193108558655,-0.46349626779556274
0.14827285706996918,0.12031086534261703,-0.22496344149112701,-0.8605459928512573,1.375458002090454,1.2583813667297363,0.8214630484580994,0.18845058977603912,1.7763123512268066,1.422623634338379,-0.6299223303794861,0.2121596485376358,-0.3688409626483917,0.5435673594474792,3.479299545288086,-0.7164220213890076,0.01826467551290989,-0.7426908016204834,0.4373624324798584,1.1989489793777466,1.3132250308990479
-0.029135627672076225,-0.46267008781433105,-0.03192609176039696,-0.29226505756378174,0.3227311074733734,-0.019041497260332108,-0.7997421622276306,0.6270635724067688,1.000531792640686,0.8377941846847534,0.44578635692596436,-0.05656130239367485,0.39532607793807983,-0.5232456922531128,1.0035730600357056,-0.057697124779224396,0.10422693192958832,0.6004045009613037,-0.3359399735927582,-0.6200330257415771,0.05015787482261658
0.9586294889450073,0.07198870182037354,-0.26497402787208557,-0.6595752239227295,-0.06667936593294144,0.10795629024505615,-0.7313812375068665,-0.3365574777126312,0.36582887172698975,-0.5963162779808044,-0.4795536696910858,-0.26776525378227234,-0.4853436052799225,-0.5168726444244385,-1.1836557388305664,0.9772368669509888,0.9506219625473022,0.7072558999061584,0.0804140567779541,0.8407135605812073,-0.5965571403503418
0.4887997806072235,0.02722529135644436,-0.2308349311351776,1.1858699321746826,-0.30004215240478516,-0.19864220917224884,2.3670670986175537,1.057268500328064,0.4082799255847931,0.880877673625946,0.09435063600540161,0.17330420017242432,0.37395790219306946,0.44235464930534363,0.8226246237754822,0.9193079471588135,0.3177645802497864,0.2354934811592102,-0.21064406633377075,-0.2780119478702545,-0.998309314250946
-2.2097644805908203,-0.07711944729089737,0.7936481833457947,0.6740396618843079,-0.31862935423851013,-0.10408367961645126,0.21561796963214874,0.22650007903575897,-0.8791604042053223,-0.422553688287735,-0.1904594451189041,0.3478095829486847,0.4637555778026581,-0.445300817489624,-0.7302712202072144,-0.7971287965774536,-0.5765552520751953,-0.7202250957489014,0.8356244564056396,0.8628402352333069,-1.360883355140686
-1.8595370054244995,0.3361669182777405,-0.483615517616272,0.37623968720436096,-0.5237731337547302,-0.7838706970214844,0.0007458115578629076,0.04779873043298721,-0.8271459937095642,-1.4002323150634766,0.3474045693874359,0.0976334884762764,-0.5767894387245178,-0.13340486586093903,-0.3524160385131836,-1.1304209232330322,-0.28322336077690125,0.2596282958984375,-0.7895135283470154,1.2221463918685913,0.1050301045179367
-0.6293842792510986,0.0010478619951754808,-0.7354041337966919,0.06744250655174255,0.2668914496898651,-1.3495322465896606,-0.439985990524292,-0.14539089798927307,0.3487406373023987,1.2596476078033447,0.2524212598800659,-0.16867922246456146,0.00483748922124505,-0.12134319543838501,-1.6082674264907837,-0.4812838137149811,-0.12843652069568634,0.3488011956214905,0.11741425096988678,0.6704934239387512,-1.3644322156906128
1.007962703704834,-0.2222530096769333,-0.9461475014686584,0.34726813435554504,0.6377963423728943,-0.13664378225803375,0.28992339968681335,0.45552441477775574,0.4999900758266449,-0.5073498487472534,0.11245943605899811,-0.07000838965177536,0.25639277696609497,-0.060950037091970444,-0.8857408761978149,-0.6169015169143677,-0.37438732385635376,1.0508193969726562,0.9347496032714844,0.19672593474388123,-0.326132595539093
1.7689257860183716,-0.008889948949217796,0.07499576359987259,0.7796640396118164,-0.09123437106609344,0.7350717782974243,-0.7545680403709412,-0.03336425498127937,-0.013072332367300987,1.8500326871871948,0.06849510967731476,-0.2069537341594696,0.6439144611358643,-0.057944249361753464,0.2265789657831192,1.157142996788025,-0.5348270535469055,0.06442663073539734,-0.1355455219745636,-0.4678853750228882,0.6595377326011658
1.1640886068344116,-0.05036173760890961,0.6570318937301636,0.04558907076716423,-0.10166633129119873,-0.24197381734848022,-0.21050924062728882,-0.3467358350753784,-0.554675281047821,0.013399862684309483,-0.050212323665618896,0.014242115430533886,-0.49185553193092346,0.09454077482223511,-0.2659297287464142,0.34978610277175903,0.1184428408741951,-0.17263780534267426,-0.15326617658138275,-0.5620008707046509,0.08248376101255417
0.27256107330322266,-0.10748698562383652,0.6361513733863831,-0.23105081915855408,0.057281844317913055,-0.11522462964057922,-0.7677761912345886,0.10754793137311935,-1.024013638496399,-0.49899348616600037,-0.21055267751216888,-0.6857838034629822,0.19110998511314392,0.19037622213363647,-0.09867142885923386,0.3213128447532654,-0.36739104986190796,0.5517891645431519,-0.21087048947811127,-0.2912485599517822,-1.0210130214691162
-0.8616665601730347,-0.06922376900911331,0.25324252247810364,-1.3261494636535645,-1.1904411315917969,-0.3374277353286743,-1.258171558380127,-0.7372751235961914,-0.28350311517715454,-2.1100399494171143,-0.498950332403183,-0.06679343432188034,0.8683948516845703,-0.39747729897499084,-2.5322418212890625,-0.21171535551548004,1.1780238151550293,-0.47544288635253906,0.41957685351371765,-0.5121772885322571,5.130969047546387

Slice 17
-0.9629998207092285,-0.6897667050361633,1.8557265996932983,-1.1509400606155396,1.7521836757659912,0.09244708716869354,-0.40716856718063354,0.3258293867111206,0.4320778548717499,0.821779727935791,-0.8735625743865967,-0.7642675638198853,-0.31193143129348755,-0.36848223209381104,-1.6565040349960327,-1.0883028507232666,-1.0747227668762207,0.6376960277557373,-0.44584354758262634,0.11700621247291565,-0.3666050136089325
-0.19484259188175201,0.060372065752744675,-0.11532873660326004,0.5667305588722229,-0.2824258506298065,-0.19998744130134583,0.16986384987831116,0.5401062965393066,0.16551411151885986,0.8869919776916504,0.09189337491989136,0.12688493728637695,0.3819950819015503,0.31072819232940674,0.3299276530742645,0.9076948165893555,0.0938476100564003,0.7546881437301636,-0.13277389109134674,-1.7384889125823975,-0.7075819969177246
0.8811367750167847,0.7385466694831848,-0.5034999847412109,2.277055263519287,-2.404677152633667,-0.3623928427696228,-0.7145907878875732,-0.7580539584159851,-1.944986343383789,0.746520459651947,0.01400609128177166,1.0296756029129028,-0.28956466913223267,0.39854446053504944,-0.3079034090042114,1.3547601699829102,1.4560952186584473,1.150359869003296,-0.3472067415714264,2.6359128952026367,-0.8559302687644958
-0.22716648876667023,-0.027425482869148254,-0.4786372482776642,-0.5385869145393372,0.1483154594898224,0.5114700198173523,0.18799757957458496,-0.2962118089199066,-0.4844352602958679,-0.6124477386474609,-0.005774450488388538,-0.22520533204078674,-0.9852703213691711,-0.1238008365035057,-0.8419845700263977,1.5140870809555054,2.627758026123047,-1.6672157049179077,0.21990539133548737,0.3353364169597626,0.9604846835136414
1.3514224290847778,0.2015049159526825,0.8302158713340759,-0.03975951671600342,-1.0413951873779297,-0.6571853756904602,1.508008360862732,-0.6879491209983826,0.3845069110393524,0.23131097853183746,0.559909462928772,-0.273570716381073,0.8593508005142212,-0.3904762268066406,0.21277832984924316,0.9105736017227173,0.34960320591926575,-0.3388918340206146,-0.1724393516778946,1.99494206905365,0.07272325456142426
0.4822845757007599,-0.18784938752651215,0.1512523889541626,0.5286404490470886,-1.3442703485488892,0.6060808897018433,0.06425748020410538,-0.2426130771636963,-0.24686777591705322,-0.7431965470314026,-0.16313166916370392,-1.3154735565185547,0.7251185774803162,0.13722001016139984,-0.5392138957977295,0.27215737104415894,-0.47548145055770874,0.4039722979068756,-0.40725213289260864,1.3352521657943726,-0.8032731413841248
-0.320784330368042,-0.20286670327186584,1.100912094116211,-0.45950981974601746,-0.9853317141532898,1.7317512035369873,0.22238217294216156,-0.8307688236236572,-0.12052803486585617,-1.0045310258865356,-0.16194269061088562,0.8862032294273376,0.49296724796295166,-0.8387686610221863,0.4903365671634674,0.07715045660734177,0.02972998097538948,-0.4971262514591217,0.03683261200785637,-0.20037934184074402,0.29291796684265137
0.5491406917572021,-0.3389439582824707,-1.3819665908813477,-0.20474302768707275,0.2873731255531311,-0.4130200147628784,-0.6392499208450317,-0.1886593997478485,0.635847270488739,-0.7296362519264221,0.05528442934155464,-0.6426277160644531,-0.13000217080116272,-0.10613378137350082,1.548232078552246,1.0914303064346313,0.20720243453979492,0.9921305179595947,0.03241752088069916,-2.0644195079803467,-0.6358821988105774
-0.018338344991207123,-0.21119649708271027,-1.296349048614502,-2.37839937210083,0.006870937999337912,0.3241153061389923,-0.7394384741783142,-1.841173768043518,-1.5131077766418457,-0.4858362376689911,-0.7220885753631592,-0.6766261458396912,0.017446231096982956,-0.49337634444236755,0.7389160394668579,-0.6818053126335144,-1.3217546939849854,-0.35408082604408264,0.2758733928203583,-0.26375335454940796,0.8153795599937439
-0.6514509320259094,0.01005647610872984,-0.8015896081924438,-1.3531707525253296,-0.5890491008758545,-0.33854544162750244,-0.5784561634063721,-0.02438696287572384,-0.027178995311260223,0.41636407375335693,0.3286632001399994,-1.1378098726272583,-0.41708794236183167,0.2866710126399994,-2.100163698196411,-2.100557804107666,-0.7505921721458435,-0.5214931964874268,0.6711747646331787,-0.8583904504776001,-1.0052275657653809
1.5315511226654053,-0.040736254304647446,0.1630760133266449,-0.013738623820245266,-0.5530301928520203,-0.6962892413139343,0.6279265880584717,0.4686989486217499,-0.6807795763015747,-0.1801449954509735,0.1262734979391098,0.5734490752220154,-0.1805412471294403,0.36824190616607666,0.004313929472118616,-0.21187011897563934,0.3557516932487488,0.7720304131507874,0.05901738628745079,0.02855081856250763,-0.6855413913726807
-0.7281044125556946,0.018125351518392563,0.36405685544013977,-0.12068554759025574,-1.0221869945526123,-0.4221258759498596,-0.14435318112373352,-1.375795841217041,-0.6393904685974121,-0.4398985803127289,-0.10775519907474518,-0.16834774613380432,-0.5555462837219238,-0.44776850938796997,0.6767411231994629,-0.896947979927063,-0.9072014093399048,-0.15120859444141388,-0.8076603412628174,1.5918705463409424,-0.6326627731323242
-0.9849076271057129,-0.3316352367401123,1.5193884372711182,0.9866648316383362,2.2524642944335938,-0.008244303055107594,0.5755400061607361,-0.021221840754151344,0.3471031188964844,0.11893267184495926,0.15014877915382385,-0.29428017139434814,-0.4193117022514343,0.7155409455299377,0.27275535464286804,1.0683420896530151,-0.3909408152103424,0.6541152000427246,0.30085641145706177,-1.0201410055160522,0.1863418072462082
-0.6323877573013306,-0.24934101104736328,0.10870194435119629,-0.3608243465423584,-0.4393766522407532,0.3168705701828003,0.10841207951307297,-0.260869562625885,0.9469681978225708,0.35667622089385986,0.18435129523277283,-0.13680334389209747,-0.6227250695228577,-1.2568472623825073,0.04029359668493271,-0.514962375164032,0.6064548492431641,-0.7897006273269653,0.8885842561721802,0.4963165521621704,0.027019605040550232
0.07017622888088226,0.5633103251457214,-1.0041218996047974,-1.943206787109375,0.2926774024963379,-0.8989623188972473,0.23929284512996674,0.17902885377407074,0.8006642460823059,-0.6489048004150391,0.24543170630931854,0.539027750492096,-0.40840578079223633,0.24947941303253174,-0.4742748737335205,-1.177781343460083,-1.1522636413574219,-2.004096746444702,-0.049377910792827606,-0.6113384366035461,0.12595200538635254
-0.9152941107749939,-0.5539707541465759,0.5617714524269104,0.4694359004497528,1.480810523033142,-0.6224746704101562,0.9007048606872559,2.3848941326141357,-1.3946444988250732,0.5816535949707031,0.10958319157361984,-0.02072296477854252,-0.2302137166261673,-0.6507045030593872,0.5910806655883789,-0.4366810619831085,-1.290560245513916,1.463153600692749,-0.7126197218894958,2.393308401107788,-0.37760841846466064
0.465462863445282,0.16864733397960663,2.1239805221557617,1.3920515775680542,1.0159482955932617,-0.3756110668182373,-0.4655538499355316,0.5482043623924255,0.8071802854537964,-0.6564260125160217,-0.31142324209213257,0.9848198890686035,-0.20976398885250092,1.5826215744018555,-0.48727867007255554,0.5676889419555664,0.20553863048553467,1.5372782945632935,0.4534137547016144,1.1672203540802002,-0.8311388492584229
0.8683570623397827,0.307372510433197,-1.2060357332229614,0.07845160365104675,-0.4548611342906952,0.29571887850761414,-0.4012661576271057,0.8598170876502991,-0.4667002856731415,0.02754231169819832,0.34826624393463135,-0.06587471812963486,1.3713313341140747,-0.15439796447753906,-0.07667457312345505,1.0333093404769897,0.5529555678367615,0.5256025791168213,-0.4488033056259155,-3.138981580734253,-0.7864504456520081
-0.015887396410107613,0.07760997116565704,-0.19437773525714874,-0.16228483617305756,-0.09767033904790878,0.02282916195690632,-0.42506515979766846,0.5244921445846558,0.43331578373908997,-0.9558622241020203,0.11892837285995483,0.3658808767795563,0.8744403123855591,-0.42906108498573303,0.5349463224411011,0.05695054307579994,-0.17264002561569214,0.7232667803764343,0.2855798006057739,0.10243808478116989,0.9473756551742554
2.3291423320770264,0.8824915289878845,1.4549870491027832,1.567725658416748,-0.7879511117935181,-0.01942056231200695,1.4744354486465454,0.18268153071403503,0.5672618746757507,0.5892277359962463,-0.36785829067230225,1.0500770807266235,0.313514769077301,0.41044294834136963,0.4059818685054779,0.2618955373764038,1.0120389461517334,-0.289921373128891,0.4285396933555603,1.459933876991272,0.4993356764316559
-1.1796163320541382,-0.28285619616508484,-0.6929113864898682,0.12514594197273254,1.788011074066162,-1.5082037448883057,-0.3512955904006958,0.004489591345191002,0.46343696117401123,0.2507496774196625,0.019786445423960686,-0.4297342896461487,-0.25677940249443054,0.9398573040962219,1.341650366783142,-0.08019160479307175,0.5965378284454346,-0.7673163414001465,0.0468037948012352,-2.953972339630127,1.385094404220581

Slice 18
-0.39941027760505676,0.1554088145494461,1.3645026683807373,0.4350292980670929,-0.8421868085861206,-0.03158419579267502,-0.28113222122192383,0.9183924794197083,-0.8695704340934753,0.5626745223999023,-0.7549948692321777,0.06293360888957977,-0.31644830107688904,-1.0895376205444336,-0.6614996790885925,0.007648753933608532,0.8276540040969849,0.35531938076019287,0.07468713074922562,-0.995558500289917,1.00079345703125
0.04681946337223053,-0.01172864343971014,-0.9057670831680298,-0.5084314346313477,0.27700939774513245,-0.49566787481307983,-0.0075643532909452915,-0.1937488317489624,-0.23024502396583557,-0.19058482348918915,0.015279295854270458,-0.05628688260912895,-0.37123042345046997,0.04151014983654022,-0.5092452168464661,-0.5218605995178223,-0.42387300729751587,0.27616289258003235,0.20464962720870972,-0.3586917519569397,0.39479050040245056
-0.9326638579368591,-0.1823948174715042,-0.7061803340911865,-2.1918139457702637,1.6993385553359985,-0.4353404939174652,0.6234045624732971,0.6367852091789246,-0.626096785068512,-0.4243375062942505,0.1360308676958084,-0.1934492290019989,-0.5142822265625,-0.7762791514396667,-0.2431088387966156,1.451499104499817,0.5967513918876648,0.20827282965183258,0.1479623168706894,1.8098597526550293,-0.36099374294281006
0.48103708028793335,-0.036883704364299774,-0.34126582741737366,-1.9508438110351562,-0.4605657756328583,0.23578180372714996,0.21827061474323273,-0.2919250428676605,-0.11839363723993301,0.14896488189697266,-0.3051595687866211,0.11746828258037567,-0.018977852538228035,-0.019922733306884766,0.13765402138233185,0.4104189872741699,0.624871551990509,0.5157086253166199,-0.20871102809906006,-0.17480964958667755,-0.010621962137520313
0.2316492199897766,0.16505028307437897,1.5379403829574585,0.2008371502161026,0.7589200735092163,0.3893336355686188,-0.16452890634536743,0.4228227734565735,-1.3209788799285889,-1.1814258098602295,-0.09110143035650253,0.21494513750076294,0.20016802847385406,-0.6473491191864014,-0.6566624641418457,0.5035650730133057,-0.21260496973991394,0.19349771738052368,0.36782214045524597,-0.7757308483123779,-0.4067046046257019
-0.919625461101532,0.2554387152194977,-1.0983092784881592,-0.34959837794303894,-0.8245877027511597,0.4068359136581421,-0.17181991040706635,0.34379932284355164,-0.726974606513977,-0.28443992137908936,0.055251594632864,-0.727342426776886,0.20017997920513153,-0.4341113865375519,0.5153523683547974,-0.10282747447490692,-0.1444500982761383,-0.38634994626045227,-0.6099642515182495,-0.5400819182395935,0.6931873559951782
-0.7011350989341736,0.10135863721370697,-0.4028712213039398,0.27492278814315796,1.9367561340332031,-0.4384263753890991,-0.11392740160226822,0.2757346034049988,1.5572471618652344,1.123380422592163,-0.014116017147898674,0.048822104930877686,0.9449515342712402,0.45633450150489807,1.4040069580078125,-0.8030421137809753,-0.4078250825405121,0.39861729741096497,0.32006657123565674,2.5939621925354004,1.0001362562179565
0.5397598743438721,0.0748308077454567,-0.544097900390625,0.20059949159622192,0.2948678433895111,0.7055172324180603,-0.4726253151893616,-0.8057209849357605,0.9500339031219482,0.35450121760368347,0.04448670148849487,0.4824797809123993,0.35870903730392456,-0.3039936423301697,-0.45161691308021545,1.2233121395111084,-0.49371886253356934,-0.7776053547859192,-0.23418878018856049,-0.5716530680656433,-0.7041662931442261
-0.34343793988227844,0.00273335468955338,0.1608213186264038,3.2122485637664795,-0.0009774373611435294,-0.05533033609390259,-0.45329853892326355,-0.34432727098464966,1.3048374652862549,0.21271085739135742,0.4204098880290985,1.606793999671936,-0.4489578306674957,-0.14929622411727905,-1.5159454345703125,-0.005007049534469843,0.572632372379303,0.21443971991539001,0.61988765001297,-0.8223549723625183,-0.8839116096496582
0.12609551846981049,-0.46432721614837646,1.1378517150878906,-0.41997820138931274,-0.6156372427940369,0.6830887198448181,0.25750020146369934,-1.426449179649353,1.1498074531555176,0.009431058540940285,-0.12224366515874863,0.9586143493652344,0.06870438158512115,0.9883593916893005,1.616109013557434,0.6414426565170288,0.3997882902622223,-0.6902191638946533,-0.3268650770187378,-2.1198012828826904,1.2029199600219727
-0.6010150909423828,0.1157086044549942,1.393184781074524,0.1788274049758911,-0.5550649762153625,0.7545996308326721,-0.07398583739995956,0.5528504252433777,-0.29280683398246765,-0.46569108963012695,-0.09215092658996582,0.41411730647087097,-0.4151131510734558,-0.3399790823459625,0.6000697612762451,-0.13580229878425598,-0.3052946925163269,0.14578838646411896,-0.23059871792793274,-0.8278816342353821,0.1116599515080452
-0.9727482795715332,-0.19005508720874786,-0.8195530772209167,-0.006519756745547056,1.6859240531921387,-0.8646519184112549,0.6924875378608704,-0.6244082450866699,0.12717483937740326,0.7561140060424805,0.7811467051506042,0.8696902394294739,0.13368190824985504,0.10674713551998138,-0.9527416229248047,0.10631214827299118,0.112685427069664,-0.21672217547893524,1.3714848756790161,1.4880223274230957,-0.06925688683986664
-1.1933549642562866,0.017417041584849358,-1.5099011659622192,-0.0965801402926445,-0.5391557216644287,-1.011033296585083,-0.9971578121185303,1.29468834400177,-0.8669666647911072,-1.9811654090881348,-0.1727379560470581,-0.5119922161102295,0.013525552116334438,0.7117897868156433,-0.969917893409729,-0.3996308147907257,-0.6194841265678406,0.14623506367206573,0.034431301057338715,-0.4650265574455261,-0.38692715764045715
0.7236085534095764,0.33374661207199097,0.41221076250076294,0.03462614864110947,-1.5674327611923218,0.32534244656562805,0.5816211700439453,0.24414809048175812,-0.31833580136299133,1.8313250541687012,-0.3690549433231354,-0.22464969754219055,-0.14044131338596344,0.6600511074066162,-0.8785325884819031,0.5877549052238464,0.9556921124458313,0.6114013195037842,-0.10095008462667465,0.14185279607772827,-0.21122893691062927
2.4694976806640625,-0.14161081612110138,0.47151753306388855,1.959691047668457,-0.827361524105072,1.685223937034607,-1.022410273551941,0.43659043312072754,0.7685343027114868,0.9829141497612,0.14428605139255524,-0.6638179421424866,-0.20643338561058044,0.4584779441356659,1.6176799535751343,-0.7820837497711182,0.6080864071846008,0.3034556806087494,-0.3281554877758026,-1.0034897327423096,0.9082990884780884
-0.29482829570770264,-0.15532071888446808,-1.515076756477356,-0.8121181726455688,-0.6094288229942322,-0.37196868658065796,-0.0983661413192749,0.22351855039596558,0.2724899649620056,-0.6174291968345642,-0.27661314606666565,-0.8864473104476929,0.2682037055492401,-1.0539876222610474,0.10371582210063934,-0.8675868511199951,-0.47915348410606384,-0.8391006588935852,0.3004540205001831,1.3184258937835693,-0.2284090369939804
-0.1364709585905075,0.18438731133937836,1.5068089962005615,-0.004375513177365065,-0.5974776744842529,-0.07802214473485947,-0.2842390239238739,0.4697454571723938,-1.0920733213424683,-0.6126742959022522,0.4551392197608948,-0.5298854112625122,-0.4066619873046875,0.573341429233551,0.3700188398361206,-0.9882459044456482,-0.5074344873428345,-0.8686043620109558,-0.5204430222511292,1.2406697273254395,1.1173185110092163
1.2018598318099976,0.028711289167404175,0.5635784268379211,1.7340693473815918,-0.29238176345825195,0.16510015726089478,0.8633778691291809,-0.29378825426101685,-0.427936315536499,-1.286602258682251,-0.316315621137619,-0.09384594857692719,0.9043973684310913,1.1275649070739746,-0.5039476752281189,0.909661054611206,-0.39064183831214905,-0.6203956604003906,-0.6479411125183105,0.23757609724998474,-0.6119153499603271
-0.009759480133652687,0.0462440624833107,0.5214528441429138,0.10290426015853882,-0.40584054589271545,0.21964287757873535,0.004494518507272005,0.033143479377031326,-1.5207350254058838,1.3697484731674194,0.3107810318470001,0.009035596624016762,0.060959916561841965,0.3058954179286957,-0.8368235230445862,0.6451589465141296,0.009535197168588638,-0.8291034698486328,-0.0026616875547915697,0.15529732406139374,-0.5442813634872437
-0.830232560634613,0.26507991552352905,-0.687389612197876,-0.46967893838882446,0.4269598126411438,-0.6041678786277771,0.7043251395225525,-0.23643091320991516,0.008916692808270454,1.1114221811294556,0.22357767820358276,-0.9032889604568481,-0.2328120470046997,0.7044216394424438,-0.5315650701522827,0.17661428451538086,-0.647225022315979,-0.27358660101890564,0.007048474624752998,1.492186427116394,0.6111974120140076
-0.3760450780391693,-0.18846045434474945,-0.24568837881088257,-0.9887233376502991,0.1064390242099762,-0.17152129113674164,-0.0041263522580266,0.6443324685096741,-0.4856576919555664,1.172046422958374,0.007806197740137577,-0.37955331802368164,0.16253115236759186,-0.36287036538124084,-3.1326781027019024e-06,-1.3194621801376343,-0.30140602588653564,0.5007507801055908,-0.08944885432720184,-0.024769702926278114,-1.3404746055603027

Slice 19
-1.2985161542892456,-0.2188979685306549,2.2684690952301025,0.5470041632652283,0.1668720841407776,0.19036850333213806,0.745392918586731,1.838059902191162,0.9704656004905701,-1.9994996786117554,1.5700469017028809,0.285652756690979,0.2426277995109558,0.9053250551223755,1.5523790121078491,0.201325461268425,-0.05274682864546776,-2.1969499588012695,-1.027945637702942,0.36423221230506897,1.197047472000122
-0.12901872396469116,0.059775177389383316,0.20934414863586426,0.19460710883140564,0.6012154817581177,0.007437899708747864,0.15099966526031494,-0.3380298614501953,-0.2860667109489441,-0.15639233589172363,0.0832299217581749,-0.0976620465517044,-0.20218420028686523,0.1425837129354477,-0.22465620934963226,-0.1683351844549179,-0.06694933027029037,0.0035020483192056417,-0.4482554495334625,0.3466866910457611,0.08235196024179459
0.5659905672073364,-0.10142334550619125,-0.9495630860328674,0.2765631675720215,-1.1467958688735962,-1.4910597801208496,-0.9908245801925659,-2.46966814994812,-0.4266534745693207,-0.6110085844993591,-0.34117892384529114,0.577444851398468,0.37057411670684814,0.05018872022628784,-2.088075637817383,-0.3190055787563324,-0.9731453061103821,-0.6078447103500366,0.22899702191352844,-0.6251764297485352,-1.0833194255828857
0.6205958127975464,0.07422659546136856,1.441936731338501,-1.5945820808410645,0.8269721865653992,0.7301986217498779,-0.6338530778884888,0.2219831794500351,-1.2982666492462158,-1.64798903465271,-0.30747345089912415,1.2054691314697266,0.36383339762687683,-0.33563539385795593,-0.5708062052726746,-0.08812826126813889,-0.478310227394104,-0.8266648054122925,0.337448388338089,0.39566344022750854,0.28444260358810425
2.6928839683532715,-0.24154174327850342,-0.0373183973133564,0.38246163725852966,-0.35586971044540405,-0.2296304553747177,0.45016995072364807,-1.3351900577545166,1.1260273456573486,-0.5789282917976379,-2.093526601791382,-0.29342466592788696,-0.18817709386348724,-0.14244763553142548,1.917116403579712,0.3136233687400818,0.0959249809384346,0.5276796817779541,-0.3100908398628235,-0.027783013880252838,0.3972800076007843
0.4499695599079132,-0.024499544873833656,-0.3505037724971771,0.08569156378507614,1.0037291049957275,-0.2723720371723175,-0.30823561549186707,-0.10275683552026749,-0.6828757524490356,-0.2079133540391922,0.29916900396347046,-0.5304367542266846,-0.11647173017263412,-0.07924970984458923,-0.8027977347373962,-0.41669636964797974,-0.7601438760757446,0.5420839190483093,0.7500981092453003,1.0087342262268066,0.32894912362098694
-0.643971860408783,-0.031098956242203712,0.26578861474990845,-0.41717591881752014,-1.0306144952774048,0.22908668220043182,-0.3744666874408722,0.5538620352745056,-0.4563784897327423,1.1771425008773804,-0.25877782702445984,0.341544508934021,0.4084891378879547,0.11702386289834976,-0.3245618939399719,-0.45855841040611267,0.21977168321609497,-0.19298480451107025,-0.2980336844921112,-0.32868659496307373,-0.48665231466293335
0.09204977005720139,0.25310102105140686,0.010020590387284756,1.1494228839874268,-0.4272952377796173,0.21144214272499084,0.19953204691410065,-0.9138369560241699,1.193230152130127,-0.7949498295783997,-1.196837306022644,0.5223768949508667,-0.6456232070922852,0.21547429263591766,0.019516948610544205,-0.2885025441646576,1.014036774635315,0.768842339515686,0.24302281439304352,1.1221885681152344,0.07153420150279999
-0.7725100517272949,-0.6018006205558777,-1.2112679481506348,-1.140839695930481,-0.085221067070961,0.1148458793759346,0.6900006532669067,0.17959563434123993,-0.6398085951805115,1.2888816595077515,0.11317657679319382,-0.40049731731414795,0.11089395731687546,1.4957950115203857,-0.39158371090888977,1.034845232963562,-0.26084545254707336,0.9879863858222961,0.28168123960494995,0.9906057119369507,-0.7499377727508545
-0.15821512043476105,-0.2182912975549698,0.9341253042221069,-0.06427740305662155,-0.7247257232666016,-0.387642502784729,0.399262398481369,-0.9167565703392029,1.294002652168274,-1.3445560932159424,-0.9922258257865906,0.06090980023145676,-0.7522770762443542,-1.6574788093566895,1.1149497032165527,0.06782390177249908,1.837285041809082,1.8189101219177246,-0.43235528469085693,-0.7896909713745117,0.5346145033836365
2.25246524810791,0.8682678937911987,0.5772930383682251,0.26435038447380066,-0.7772408127784729,-0.030979478731751442,0.7474156022071838,-0.7708910703659058,1.1214934587478638,-0.7182050943374634,-1.5091341733932495,0.40147969126701355,-0.458914190530777,-0.694751501083374,0.72393798828125,0.6818373799324036,0.38490909337997437,-0.22766351699829102,-0.20746512711048126,0.5660744309425354,0.588508665561676
0.6314364671707153,0.1917925626039505,-0.8507701754570007,0.40379247069358826,0.46631523966789246,-0.6075146794319153,-0.0936279222369194,-0.33709123730659485,-0.5358638167381287,1.0818496942520142,0.9848369359970093,-0.8048139214515686,-0.03039870783686638,0.10631635785102844,-0.6887590289115906,0.25656336545944214,0.00613790936768055,-0.3988990783691406,-0.3024423122406006,-0.7193095088005066,-1.030124545097351
-0.325314462184906,-0.21840602159500122,1.4663176536560059,0.4300871789455414,-0.6914172172546387,0.1101004034280777,-1.5146054029464722,-0.03469677269458771,-1.064327597618103,0.6961033344268799,-0.3285939693450928,0.8914070725440979,-0.544865608215332,-0.6220058798789978,-1.910461664199829,0.1723971962928772,-0.21376147866249084,0.16367533802986145,0.14168119430541992,-1.599753737449646,-0.41758793592453003
-0.12978455424308777,0.13917091488838196,0.1392044723033905,-0.888271689414978,0.25405576825141907,0.8193709254264832,-0.02303728275001049,-0.3337174654006958,1.9269566535949707,-0.6811870336532593,-0.17782536149024963,0.4326949417591095,0.696241021156311,-0.8531404733657837,0.937249481678009,-0.9981194138526917,0.08984904736280441,-1.196682333946228,0.39863839745521545,0.1671592891216278,-0.6608976721763611
-0.38124018907546997,0.0843997374176979,-0.698662281036377,-0.3590797781944275,0.8888401389122009,0.6117713451385498,-0.6490319967269897,-0.0875779315829277,-0.8155611157417297,0.5228189826011658,1.5864073038101196,-0.7560047507286072,1.113732099533081,0.4861474335193634,-0.04549581930041313,0.3169197738170624,1.0109652280807495,1.3379796743392944,0.876110851764679,2.1556735038757324,-0.5812384486198425
-0.4906810224056244,-0.1317167580127716,-0.11235818266868591,0.5619490146636963,0.2622375786304474,-1.1085013151168823,-0.2995213270187378,0.39213886857032776,0.2906074821949005,-0.797691822052002,1.0244593620300293,-0.4421594738960266,0.527142345905304,0.7288221120834351,2.091120481491089,0.11649162322282791,0.26891615986824036,-1.20310378074646,-0.06641560792922974,-1.1402758359909058,0.013697197660803795
-1.9727659225463867,-0.06073871999979019,1.2071819305419922,1.016226887702942,0.35480979084968567,-0.668260395526886,-0.4684685170650482,2.0466973781585693,1.4093652963638306,1.0106992721557617,0.5129849314689636,-0.7500882148742676,0.6831095814704895,-0.04160761833190918,0.7980185151100159,-1.2789448499679565,-0.013142555952072144,0.634356677532196,-0.5243889093399048,-0.6681711673736572,-1.255393147468567
-0.8755176663398743,-0.15889757871627808,-1.1598995923995972,0.6738417744636536,-0.8669080138206482,-0.3073798716068268,-0.33395251631736755,0.15473230183124542,1.0403053760528564,0.25621530413627625,0.4147593677043915,-0.03440236300230026,-0.11130693554878235,-1.3715460300445557,0.7131098508834839,-0.05456334352493286,0.48884350061416626,0.2950490415096283,-0.4043366312980652,-0.5353973507881165,-0.12637516856193542
-0.24019043147563934,0.08188092708587646,-0.2093852311372757,0.5371881127357483,-0.06100381910800934,0.2886846363544464,1.1567434072494507,0.35463854670524597,-1.0125277042388916,0.42894378304481506,-0.06414276361465454,-0.12677501142024994,-0.460031658411026,1.2050119638442993,-1.116792917251587,-0.3020521402359009,-0.19496072828769684,0.14476266503334045,0.4022003412246704,-0.3395957052707672,0.5813392996788025
-0.1623956561088562,-0.28028130531311035,-1.0382729768753052,1.0054776668548584,-0.5682030916213989,0.10875217616558075,1.1412591934204102,-1.133529782295227,-1.0256801843643188,1.3774442672729492,0.007163194473832846,-0.24116535484790802,0.05705267935991287,-0.43627744913101196,-1.5928192138671875,-0.30928316712379456,-0.31926339864730835,-0.4402872323989868,-0.0690067857503891,-1.1108676195144653,0.7739509344100952
0.07854814827442169,-0.27355828881263733,-0.3443301022052765,-0.5387473702430725,-0.6035275459289551,0.3811889886856079,0.2009996622800827,0.557892382144928,0.2153848260641098,1.8801296949386597,0.7015765309333801,0.01461315993219614,-0.9058622717857361,-0.3151393234729767,-1.0182826519012451,1.1484837532043457,-0.7220054268836975,-0.14554111659526825,0.07222949713468552,-0.046799518167972565,1.0060175657272339

Slice 20
2.1218507289886475,0.16751228272914886,1.1549543142318726,0.4217102825641632,-0.07657476514577866,-0.8584389686584473,-0.28428173065185547,-0.26500171422958374,-0.8878347873687744,-0.3442580997943878,0.1839340776205063,-0.5948930978775024,0.029331449419260025,-0.16130881011486053,1.6564861536026,0.4267522096633911,0.8413421511650085,0.8243913650512695,-0.3257672190666199,-1.0115262269973755,1.1442087888717651
-0.20708835124969482,-0.11147836595773697,-0.17439275979995728,-0.1909307837486267,-0.26193714141845703,-0.29395684599876404,-0.0900803878903389,-0.12612289190292358,-0.09852317720651627,-0.5557607412338257,-0.04758993536233902,-0.15178748965263367,-0.1843700408935547,-0.37527331709861755,-0.5526958107948303,-0.4998210668563843,-0.2310241162776947,-0.5851346850395203,0.25614693760871887,0.07065212726593018,0.664506196975708
-0.402722030878067,-0.199750155210495,-0.08436435461044312,0.6451830267906189,0.7982673048973083,0.2340058535337448,1.043411374092102,0.8057427406311035,0.23617048561573029,-0.4766918420791626,-0.33150210976600647,0.736186146736145,-0.318753182888031,-0.925537645816803,-0.5102646350860596,-0.6749148368835449,0.04671715572476387,0.3968763053417206,-0.07739848643541336,0.34718284010887146,0.5321694612503052
0.056479599326848984,0.3236447870731354,0.2498762011528015,0.4276565909385681,-0.599939227104187,-0.5532326102256775,0.2579759359359741,0.7866792678833008,0.24831438064575195,0.7034131288528442,0.2966192662715912,-1.7478421926498413,-0.17276547849178314,-0.37571796774864197,-0.730551540851593,-0.3813781142234802,0.1875726282596588,0.8547140955924988,-0.5274770855903625,-0.5099260807037354,-0.47465524077415466
-0.8848002552986145,0.9277202486991882,0.09138423204421997,0.027451764792203903,-0.23746511340141296,-0.25730136036872864,-0.031346410512924194,-0.21817129850387573,0.0668838694691658,-0.8403231501579285,0.4746910631656647,-0.5120216608047485,0.22582942247390747,-0.26865097880363464,-0.274679958820343,0.2176084667444229,0.27246102690696716,-0.31712841987609863,0.09404216706752777,0.4304080009460449,-1.0422756671905518
0.23283128440380096,-0.11688219010829926,-0.48952609300613403,-0.019716372713446617,-0.5893508195877075,1.8095228672027588,0.47933346033096313,-0.6645482182502747,0.5352001190185547,-1.45447838306427,-0.2124003916978836,0.7436671853065491,0.4655707776546478,-0.2705758512020111,1.0884090662002563,-0.9267730712890625,0.025417648255825043,-0.11917099356651306,-0.082973413169384,-0.9198455810546875,0.3970952033996582
-0.9465345740318298,-0.1304912120103836,-0.35800692439079285,-0.3909335732460022,0.26980212330818176,-0.18265290558338165,0.1337457001209259,-0.07504357397556305,-0.12691764533519745,-0.45000579953193665,-0.24324414134025574,0.8827008605003357,-0.11012513935565948,0.6114382743835449,-1.0283548831939697,-0.05333174765110016,0.1775168776512146,-0.11780266463756561,-0.20687556266784668,0.011803558096289635,-0.08496545255184174
1.9363362789154053,-0.17759698629379272,0.9697481393814087,0.8482608795166016,0.7432917356491089,0.19805936515331268,0.11927204579114914,-0.8510264158248901,0.112960085272789,-0.7151375412940979,0.2978075444698334,0.19654317200183868,-0.103245310485363,0.07656798511743546,0.14925791323184967,0.42325082421302795,-0.29593464732170105,0.3773321211338043,0.3091093599796295,-0.5754880309104919,0.06239981949329376
-1.333829402923584,-0.10386940836906433,-1.0474517345428467,-0.3714296817779541,0.06283468008041382,-0.5330212116241455,0.06743443757295609,0.4291400909423828,1.074674129486084,-0.07632807642221451,0.25152528285980225,0.5960590839385986,-0.4961986839771271,0.14517857134342194,0.6282219886779785,-0.0068708257749676704,-0.09141677618026733,-0.21134793758392334,0.2168535590171814,0.6026243567466736,-0.5926969647407532
0.17629262804985046,0.13337069749832153,-0.2802819609642029,-0.8863746523857117,0.2174866497516632,0.46208298206329346,-0.14672169089317322,2.381187677383423,0.8545432686805725,2.2423243522644043,0.17214971780776978,-0.20888926088809967,0.7197074294090271,0.03037961944937706,0.0446205772459507,1.0738762617111206,-0.36294689774513245,-0.2593226134777069,0.2262343466281891,-0.41815513372421265,0.1472844034433365
0.5854581594467163,-0.406967431306839,-0.20889635384082794,0.17948929965496063,-0.09791336953639984,-0.46819210052490234,0.1895003318786621,-0.15976592898368835,0.3824399709701538,0.8998662233352661,0.15845048427581787,-0.41359689831733704,1.0068602561950684,-0.024995392188429832,0.4413001537322998,0.07079768925905228,0.01443839818239212,-0.2245938628911972,0.5572666525840759,0.6553286910057068,0.4956212639808655
-0.6061807870864868,-0.24282626807689667,-0.060744307935237885,-0.11753623932600021,1.7247146368026733,-0.6801981925964355,0.005346470978111029,-0.27257680892944336,0.4012000560760498,-0.354998379945755,-0.41341912746429443,1.4898707866668701,-0.15883047878742218,0.2456102967262268,-1.2240911722183228,-0.3119060695171356,-0.006477142684161663,-0.6792553663253784,0.1560865193605423,0.46164220571517944,0.5036401152610779
-1.0866049528121948,-0.16175727546215057,1.262349009513855,-0.449764609336853,-0.1618976593017578,-0.24452286958694458,-0.8062366247177124,-0.5470871329307556,-1.032448172569275,-1.6713917255401611,-0.2425912320613861,1.5089915990829468,0.12654365599155426,-0.1386626660823822,-0.10024033486843109,-0.4218602478504181,-0.040453553199768066,-0.9295766949653625,-0.10488760471343994,0.30100104212760925,-0.49824532866477966
-0.3758602440357208,-0.0045761181972920895,-0.8176155090332031,-0.19245323538780212,-0.3146173059940338,-0.7666304111480713,0.1754603236913681,0.4769260585308075,-1.2893095016479492,3.392174482345581,-0.12175288796424866,-0.31895169615745544,-0.1308143436908722,0.8071560859680176,0.5568862557411194,0.183584526181221,-0.23580077290534973,0.10512452572584152,0.0309111587703228,-0.026872992515563965,0.0913546159863472
-0.18234750628471375,0.2795962691307068,-1.5588300228118896,0.0973849967122078,0.11179660260677338,0.2355041205883026,-0.022131681442260742,0.1052788719534874,-0.766312837600708,-0.1523909866809845,-0.40383777022361755,-0.04806952178478241,-0.10159752517938614,-0.007840078324079514,1.109867811203003,0.0448400154709816,-0.14425864815711975,-0.3764774203300476,0.41517165303230286,-0.48472967743873596,-0.6148478388786316
0.2790980339050293,-0.041370004415512085,0.5256284475326538,0.2826744019985199,-0.19548888504505157,-0.09282831102609634,0.5532795190811157,-0.3048264980316162,0.23323766887187958,1.1478711366653442,-0.35931482911109924,1.3482637405395508,-1.1798481941223145,-0.22521482408046722,-0.5239263772964478,0.3343566954135895,0.2944177985191345,0.048151955008506775,-0.10729126632213593,0.46287867426872253,1.1280876398086548
0.7992517352104187,-0.040354978293180466,0.3397333025932312,-0.36359843611717224,0.14338208734989166,-0.12257152050733566,0.08380211144685745,-0.809211790561676,0.16470448672771454,-0.7226929068565369,-0.31023064255714417,-0.7240496873855591,-0.2944834232330322,0.6735215187072754,0.053434062749147415,0.5685078501701355,-0.5604996085166931,-0.8291440010070801,0.3272743225097656,0.09665744751691818,0.7440099716186523
1.7014329433441162,0.05474970117211342,0.45223650336265564,0.24376842379570007,-0.6106164455413818,-0.30441492795944214,-0.5232586860656738,-0.5997275114059448,0.02700805850327015,0.7380526661872864,-0.41430795192718506,-0.023638779297471046,0.1921500861644745,0.46103960275650024,1.0677509307861328,1.0049225091934204,0.7403658032417297,-0.04888330399990082,-0.6282547116279602,-0.3267062306404114,-0.6291548609733582
-0.3473118543624878,-0.1051202118396759,-0.5949503183364868,-0.3681156635284424,-0.12347456067800522,-0.007801517844200134,-0.040918122977018356,-0.2026679962873459,-0.5836265087127686,-1.228843092918396,0.019474415108561516,-0.03410279005765915,0.17615853250026703,0.1716606765985489,-0.7044755220413208,0.06828335672616959,-0.0024774265475571156,0.7021885514259338,-0.24662452936172485,0.5325148105621338,-0.14748573303222656
-1.0958139896392822,0.004744489677250385,-0.09398537129163742,-0.491128146648407,-0.6980127692222595,-0.2708941102027893,-0.7209288477897644,-0.4184878170490265,0.5592765212059021,-0.4185754358768463,0.7031903266906738,-0.10300450026988983,-0.34078580141067505,0.30519893765449524,-0.6762660145759583,-0.4805523753166199,-0.2983018159866333,-0.22978267073631287,-0.06287521123886108,0.404790997505188,-0.22320255637168884
0.03791363909840584,-0.19210252165794373,1.8377693891525269,0.7940593361854553,-0.4811423718929291,2.8952481746673584,0.030973579734563828,1.0688360929489136,-0.16338138282299042,0.3035910427570343,0.12320183962583542,-2.1776349544525146,0.7618931531906128,-0.2700095474720001,-0.3840603828430176,-0.5643519163131714,-0.8832764625549316,1.3128390312194824,-0.18579472601413727,-0.12810824811458588,-1.8985708951950073

Slice 21
2.4082655906677246,0.10006582736968994,-0.02061026357114315,0.14747241139411926,0.5649486780166626,-0.6526678800582886,-1.6790012121200562,-0.5976925492286682,0.10108622908592224,-0.8940014839172363,-0.8854658603668213,-0.32361432909965515,2.416940450668335,-1.2466566562652588,0.27559664845466614,0.13180586695671082,0.5095030069351196,0.15939217805862427,0.3253685235977173,-0.9585916996002197,1.9447177648544312
-0.05841359496116638,0.051483750343322754,0.0830804780125618,-0.3515472114086151,-0.03409251943230629,-0.46178126335144043,-0.002631903626024723,-0.14062610268592834,0.19682402908802032,-0.09094901382923126,-0.16760393977165222,0.23169687390327454,0.010673601180315018,0.07519643008708954,0.7879655957221985,0.4381216764450073,-0.13425695896148682,-0.1542440950870514,0.08505360037088394,0.14727617800235748,0.2535589635372162
-0.5513306856155396,-0.048247311264276505,-0.35768061876296997,0.16549664735794067,-0.9675046801567078,0.29178985953330994,-0.807176947593689,0.8336054086685181,0.30930209159851074,-0.3182317912578583,0.250112920999527,-0.08372107148170471,-1.5960038900375366,0.8136999011039734,-0.1821902096271515,-0.09601780772209167,-0.5725969672203064,-0.38432517647743225,-0.06112963333725929,-1.1461117267608643,-2.3505067825317383
0.004044376779347658,0.1681688129901886,0.03561822324991226,0.7811040282249451,-0.4208860397338867,0.9370028376579285,0.298749178647995,-0.5035267472267151,0.4751747250556946,0.9601658582687378,-0.1956995129585266,-0.38597404956817627,0.05211038887500763,-0.7262901067733765,0.30907589197158813,0.5165655612945557,0.1382577121257782,0.04618409648537636,-0.678991436958313,-0.2608546018600464,-1.161289930343628
-0.050003886222839355,0.41124147176742554,0.383414626121521,-0.5263745784759521,-1.0967904329299927,-0.30616313219070435,-0.4037267863750458,0.04725180193781853,-0.9096463918685913,-0.917630136013031,0.4807734489440918,-0.1730775237083435,-0.4146249294281006,-0.05758986994624138,-0.5090187788009644,0.35875752568244934,0.5077956914901733,0.3922826945781708,0.38448208570480347,-1.165683627128601,-0.7505746483802795
1.8446394205093384,-0.04990513622760773,0.4749763607978821,-0.5814467668533325,-0.9335902333259583,0.4746190011501312,0.36272862553596497,0.17131400108337402,1.0927201509475708,-1.0831931829452515,0.21217823028564453,0.26878029108047485,0.9036775827407837,0.16079308092594147,0.8786047101020813,0.19435179233551025,0.682270884513855,0.5419452786445618,-1.1380208730697632,-1.7430957555770874,0.07180548459291458
-0.231829434633255,0.3295125365257263,0.049125783145427704,-0.2200409173965454,0.31057122349739075,0.5965030193328857,-0.12018105387687683,-0.1684519499540329,0.23889003694057465,-0.6880831718444824,0.06884418427944183,0.28306707739830017,0.12397768348455429,0.0005661676987074316,-0.5651334524154663,0.09516709297895432,0.4715932309627533,0.148880735039711,0.004771348088979721,-0.7435808181762695,-0.06167568266391754
-0.8322440981864929,-0.011562081053853035,0.6175788640975952,0.0608888678252697,0.05173097923398018,-0.396706759929657,1.1654525995254517,0.8422384262084961,0.20198315382003784,0.4424592852592468,-0.006724280305206776,-0.19619494676589966,0.4259728193283081,-0.18358604609966278,0.47416239976882935,-0.512132465839386,0.5754386782646179,-0.3551226854324341,0.8260871171951294,2.5757055282592773,1.659482717514038
0.5031691193580627,-0.3086649477481842,0.34697577357292175,0.7020675539970398,-0.7015440464019775,0.28077104687690735,-0.14538535475730896,0.07294942438602448,-1.730762004852295,1.847461462020874,0.5773646831512451,0.713309109210968,-0.6486831307411194,0.10914295166730881,-1.6769871711730957,-0.5069705843925476,-1.245131254196167,-0.12067249417304993,-0.2646830976009369,-1.5466225147247314,-0.0453999824821949
0.2813219130039215,0.10491260886192322,1.0265578031539917,0.3392797112464905,1.1629014015197754,0.06741628795862198,-0.13791033625602722,0.20787453651428223,0.43656623363494873,-1.1614335775375366,-0.10698976367712021,0.6503313183784485,-0.33096927404403687,0.3719269633293152,1.0228687524795532,-0.674814760684967,0.4200144410133362,1.2231987714767456,-0.5535191297531128,1.3816298246383667,1.0577008724212646
-0.4665587842464447,-0.11569109559059143,-0.14092007279396057,0.8274591565132141,-0.019314080476760864,-0.03117031790316105,-0.1139524057507515,-0.29332342743873596,-0.8339667916297913,0.2336237132549286,0.008688188157975674,-0.2591927945613861,-0.20305241644382477,0.2798280119895935,-0.2378671020269394,-0.06277764588594437,0.2604382038116455,0.1490435153245926,0.043010905385017395,-0.04594867303967476,-0.41393783688545227
-0.059532102197408676,-0.11509505659341812,0.2051561027765274,-1.0675182342529297,1.2782984972000122,-0.45157909393310547,0.835969090461731,0.24177075922489166,1.5663220882415771,0.17951525747776031,-0.45456036925315857,0.43732592463493347,-0.17641907930374146,0.3562845289707184,0.891331672668457,0.07136093080043793,0.05241812765598297,-1.0312968492507935,0.9653692245483398,0.21954217553138733,-0.7397291660308838
-0.5609396696090698,-0.0024023777805268764,-0.21212106943130493,-0.6234896183013916,0.010101117193698883,-0.621199905872345,0.0647835060954094,-0.234151229262352,0.05750221386551857,-0.6371067762374878,-0.19265182316303253,0.08682281523942947,0.13060303032398224,-0.142319455742836,0.4317510426044464,-0.5006275177001953,-0.025311937555670738,0.7560850381851196,-0.32000425457954407,0.4805918037891388,0.8131192922592163
-0.7875849604606628,-0.23310407996177673,0.7871160507202148,0.22681185603141785,-0.19833718240261078,0.31309619545936584,-0.7585442662239075,0.4133954644203186,0.3082043528556824,1.6975407600402832,-0.21497909724712372,-0.4406331181526184,-0.43747976422309875,-0.26027336716651917,-0.39447835087776184,-0.73295658826828,-0.17296424508094788,0.7003861665725708,0.3752826750278473,-0.21001571416854858,-0.4551045000553131
0.301506370306015,-0.13278253376483917,0.5986835956573486,0.30646488070487976,1.018640398979187,0.4619784355163574,-0.29334399104118347,-0.1464531123638153,-0.8914631009101868,1.4279770851135254,0.7935295104980469,-0.027535371482372284,-0.8369450569152832,0.9841758608818054,-1.632490873336792,-0.3290873169898987,-0.2798970639705658,-0.6138421297073364,-0.27461037039756775,-0.14681082963943481,-1.8778144121170044
0.5819345116615295,-0.08994515240192413,0.3192669749259949,-0.6954246163368225,-0.8396018743515015,0.12678581476211548,-0.0857347771525383,0.3488171696662903,-0.4663980305194855,1.4797589778900146,-0.4661727249622345,-0.1932992786169052,0.3638904392719269,-0.6652209758758545,-0.5500422120094299,0.4400383234024048,0.3822563886642456,-0.2930673062801361,-0.5255051851272583,-0.9934982061386108,-0.5779765844345093
1.0110459327697754,0.0015375122893601656,-0.7151827812194824,-0.5461832284927368,0.7236455082893372,0.5716681480407715,0.4260285794734955,-0.23495298624038696,-0.16593781113624573,1.4074376821517944,-0.10025833547115326,-0.6309617161750793,0.7266120910644531,0.1843581199645996,0.5680336356163025,0.2048194706439972,-0.33680984377861023,-0.32912611961364746,-0.14541709423065186,0.5991532802581787,0.8354045748710632
-0.4669575095176697,0.3108505308628082,-0.7561681866645813,0.9446286559104919,0.08818535506725311,-0.8254444003105164,0.9804994463920593,0.2079547643661499,0.2871173620223999,-0.13055315613746643,-0.06069113686680794,0.8197321891784668,1.1068317890167236,0.706186830997467,1.8578695058822632,0.3716092109680176,-0.7288037538528442,-0.15693920850753784,1.8870023488998413,2.670152425765991,2.0326037406921387
0.2662716507911682,-0.13749846816062927,-0.5546781420707703,-0.2692182958126068,-0.36714303493499756,-0.16685573756694794,-0.3677424490451813,0.4138621985912323,0.13836444914340973,-0.9337754249572754,0.20531044900417328,-0.12325822561979294,-0.4555635154247284,-0.27130627632141113,-0.4116881191730499,0.2648143172264099,-0.04570917785167694,-0.04749182611703873,-0.17954812943935394,0.36623507738113403,-0.2999905049800873
-0.24965119361877441,-0.10761024057865143,0.2076680213212967,-0.3808911144733429,-0.34918302297592163,-0.12095510959625244,-1.0686944723129272,-0.05661214143037796,0.23048186302185059,-1.0452327728271484,0.12408384680747986,-0.27971315383911133,-0.764037013053894,0.11507976055145264,-0.48400363326072693,-0.2250588983297348,-0.13503512740135193,0.4544816017150879,-0.07872749865055084,0.0903649851679802,-0.18803024291992188
-1.1992803812026978,-0.24991345405578613,-0.2004341334104538,0.028313422575592995,0.32732540369033813,0.8634034395217896,-0.029298819601535797,-0.8959510922431946,-0.13462677597999573,-1.2652943134307861,-0.3010806739330292,0.44877785444259644,-0.38271257281303406,0.13646438717842102,-0.7451250553131104,-0.044228412210941315,0.08951365947723389,-1.0111842155456543,-0.5950810313224792,-0.15213564038276672,-0.5143606662750244

Slice 22
2.96549391746521,-0.5262112021446228,0.7631478905677795,0.10110941529273987,0.4492696523666382,0.061723899096250534,0.4112768769264221,-0.10751893371343613,-0.030942227691411972,1.7134120464324951,0.7333042025566101,0.5215494632720947,1.6791538000106812,-0.618391752243042,0.6863508224487305,1.9598071575164795,0.18749204277992249,-0.7841195464134216,-0.5442215800285339,0.021912213414907455,0.18541723489761353
-0.32560160756111145,0.009640811011195183,-0.27358296513557434,-0.16248269379138947,-0.37774723768234253,-0.6938454508781433,-0.6350953578948975,1.0690220594406128,-0.25376152992248535,-0.9088202714920044,0.22733217477798462,-0.2933010160923004,-0.5293853878974915,-0.3436715006828308,-0.3952085077762604,-0.5587206482887268,-0.09048718959093094,0.04517685994505882,-0.07623942196369171,-0.3760770559310913,-0.376082181930542
-0.7551499605178833,-0.2687036693096161,0.5599244832992554,-0.34712159633636475,-0.5629771947860718,-0.2642994225025177,-0.16296109557151794,1.1211844682693481,0.9680912494659424,2.518070697784424,0.3518504500389099,0.1585390865802765,1.3649892807006836,-0.7584762573242188,0.6493008136749268,-0.5726912617683411,1.0201847553253174,0.5901541113853455,-0.030857836827635765,0.5099819302558899,-0.6874850392341614
0.0841192677617073,0.3641812801361084,0.3021579086780548,1.680891990661621,1.0436601638793945,0.27560579776763916,-1.3794015645980835,-0.7286349534988403,2.586244821548462,1.819024682044983,-0.8015787601470947,0.8297709226608276,1.2969542741775513,-0.9435954689979553,3.3130133152008057,-0.20423945784568787,0.20059999823570251,0.7704398036003113,-0.2606756389141083,-0.26496440172195435,0.16537676751613617
-1.3967376947402954,-0.06933031231164932,-0.7822436690330505,-0.3479175269603729,-0.49538442492485046,-0.8578844666481018,-0.351187139749527,0.1052997037768364,-0.043076079338788986,-1.5133118629455566,0.4144856035709381,-0.36175593733787537,0.013004235923290253,0.7139135599136353,-0.8333605527877808,-0.3110058605670929,0.17170223593711853,0.3025602698326111,0.1621762365102768,-0.983154833316803,0.6506444811820984
0.761215329170227,-0.2032771110534668,-0.013961352407932281,-0.48713579773902893,-1.252449631690979,-0.1877690553665161,0.22705106437206268,-0.6920504570007324,-1.1840996742248535,0.03469360992312431,-0.2532252371311188,-0.2561165392398834,-0.4991665482521057,-0.608733057975769,-0.4564037621021271,0.3175884187221527,0.300687700510025,-0.8226260542869568,-0.4865094721317291,-0.7228987216949463,-0.6909783482551575
0.7555731534957886,0.4729194939136505,0.4003956615924835,-0.2540685534477234,-0.15659315884113312,0.4782416522502899,0.13601438701152802,1.375073790550232,-0.09956050664186478,-0.2767801880836487,0.018427774310112,-0.56200110912323,-0.817610502243042,-0.5910435318946838,0.7776902914047241,0.6333015561103821,-0.5249207615852356,1.7524330615997314,0.17222197353839874,1.2510344982147217,-0.5922601222991943
-0.9487417340278625,0.12548547983169556,-0.9805002808570862,0.3561902642250061,-0.14902211725711823,-0.12778590619564056,0.05640798807144165,0.7617495059967041,0.8285022974014282,0.25433963537216187,0.09447039663791656,-0.24695195257663727,0.46040084958076477,1.1118899583816528,0.050584886223077774,0.13226266205310822,-1.1068823337554932,-0.5829225182533264,-0.1574534773826599,-0.43187379837036133,-0.2602742314338684
2.63936710357666,-0.025975458323955536,-0.7512586712837219,-0.32008302211761475,-0.05240752920508385,1.0176111459732056,-0.06248205155134201,0.4509142339229584,0.6408859491348267,-0.7694384455680847,0.40986645221710205,0.6119701862335205,-0.9698761105537415,0.1948975920677185,-1.0040698051452637,0.39642539620399475,0.24515536427497864,-0.6682415008544922,0.9328035712242126,3.480592966079712,0.929940402507782
-1.4950153827667236,-0.4660072326660156,-0.6899028420448303,1.0167919397354126,-0.15826928615570068,0.1332380324602127,0.6516799926757812,-1.1200588941574097,0.7250311374664307,0.005990121979266405,0.2753627896308899,1.1853307485580444,0.21636106073856354,2.3756773471832275,0.7660325765609741,0.7722765207290649,0.6693283915519714,0.08620671182870865,-0.3741002678871155,0.5030498504638672,-0.5227438807487488
-0.9364122748374939,-0.02323034219443798,0.5622890591621399,0.33756402134895325,-0.5367853045463562,-0.5815199017524719,0.6495668888092041,-0.49078595638275146,0.2767516076564789,-0.6169108152389526,-0.12463998049497604,0.09949323534965515,-0.7897542119026184,0.9607504606246948,-0.6664760112762451,-1.1094163656234741,0.23240108788013458,-0.6268662214279175,0.6775720715522766,0.6599836349487305,0.2983960509300232
-0.06998899579048157,0.23268844187259674,0.3997654318809509,-0.06976879388093948,0.7171390652656555,0.584405243396759,-0.3664748966693878,1.5688873529434204,-1.2278128862380981,-0.3780416250228882,-0.6427314877510071,0.4792296588420868,-0.6414551138877869,-1.3970041275024414,-0.8372819423675537,-0.24453751742839813,-0.2188854068517685,0.9919775128364563,-0.031214924529194832,-0.7674724459648132,-0.2625044584274292
-2.1050171852111816,-0.0939120501279831,-0.9464448690414429,-0.6213844418525696,-1.1333597898483276,-0.20154224336147308,-0.6121081113815308,-0.6680722832679749,-0.3938630521297455,-1.6995983123779297,0.11669009178876877,-0.41065487265586853,-1.01382315158844,-0.7175915241241455,-0.09215909987688065,-1.0304383039474487,-0.3910958170890808,-0.41534188389778137,-0.449267715215683,-2.0400140285491943,-1.0327738523483276
1.2695777416229248,-0.04413207992911339,0.8157138824462891,-0.17739669978618622,0.9359784126281738,0.7106904983520508,1.1107233762741089,-0.5724979043006897,-0.36121678352355957,1.6191561222076416,-0.03851917013525963,0.3575180768966675,-0.2703211307525635,0.32985368371009827,0.5420159697532654,-0.08828508853912354,0.49954602122306824,0.08238140493631363,0.41586896777153015,1.199203610420227,1.3723937273025513
2.685030698776245,0.9737368822097778,0.4862036406993866,0.825448751449585,0.45797598361968994,1.599281907081604,2.1971237659454346,-0.40942254662513733,-0.5786582827568054,-0.9134564399719238,-0.05709327757358551,-0.2623337507247925,0.3207467794418335,0.9555286765098572,0.5998680591583252,1.1673705577850342,-0.5985380411148071,-1.1122092008590698,0.9586936235427856,0.7506972551345825,1.1959978342056274
1.238372564315796,0.23550227284431458,1.3790204524993896,-0.1585015207529068,1.5026047229766846,0.32295772433280945,0.5657880306243896,-0.7345343828201294,-1.364894986152649,0.8265225887298584,0.07835685461759567,-0.5000790357589722,0.2523995637893677,-0.45276162028312683,-0.13575971126556396,0.8359938859939575,0.38943564891815186,0.8573216795921326,-0.030752629041671753,0.0930991843342781,0.1244615912437439
2.106870174407959,-0.023241467773914337,0.40479230880737305,0.4550158977508545,1.99086594581604,-0.3162427246570587,1.3912155628204346,0.2025095373392105,-0.8861579895019531,0.7369243502616882,0.018381038680672646,0.2803938090801239,0.5632773041725159,-0.48599275946617126,-0.48682522773742676,0.5899736285209656,0.641682505607605,0.22418740391731262,-0.18962718546390533,-1.0761291980743408,-0.4867840111255646
-0.253886878490448,0.11175298690795898,0.7938176393508911,0.5832462310791016,0.13154776394367218,-0.47844940423965454,-1.086916208267212,-0.20742566883563995,0.27941563725471497,0.6798205971717834,0.3394325077533722,0.1654638946056366,-0.37168779969215393,1.7814557552337646,-0.4022645056247711,-0.31313034892082214,-0.2819926142692566,-0.14866143465042114,0.014772876165807247,-1.1605384349822998,-0.12689432501792908
-0.52418452501297,-0.18610879778862,-0.028474535793066025,-0.5113247036933899,-0.9978504776954651,-0.7259301543235779,-0.24128183722496033,0.21127058565616608,1.041106939315796,0.010780690237879753,0.4444197416305542,-0.336651086807251,-0.4547659158706665,-0.9907330870628357,-0.3114605247974396,-0.970950186252594,0.02366659976541996,1.421452283859253,-0.027740612626075745,-1.3065276145935059,-0.07356848567724228
-0.9285454154014587,-0.39117002487182617,0.7170144319534302,0.29815682768821716,-0.048981428146362305,-0.6374448537826538,-0.4232420325279236,0.5403153896331787,1.8288164138793945,-0.5675773024559021,-0.9914525151252747,0.09497293084859848,-0.7525364756584167,-0.2280324250459671,0.23916247487068176,0.7492389678955078,-0.2214815765619278,0.44735124707221985,-0.03794880583882332,-0.3722829222679138,-0.4988328218460083
-1.5702629089355469,-0.19764277338981628,-0.43864941596984863,-1.7938207387924194,-1.2265801429748535,-0.8744596838951111,-1.1461201906204224,-0.9010762572288513,-1.9064111709594727,-2.1953723430633545,0.26454344391822815,-0.7129750847816467,-0.34163975715637207,-1.095168113708496,-1.8545594215393066,-1.527282953262329,-0.8071503639221191,-0.7538560032844543,-0.7670467495918274,-2.3616087436676025,1.251395344734192

Slice 23
-2.0275931358337402,0.22900405526161194,-0.5451866388320923,1.2604469060897827,2.3809564113616943,1.062787652015686,0.15497030317783356,0.5320627689361572,-0.20050622522830963,-0.6655782461166382,0.25640687346458435,-0.18552608788013458,-0.8985625505447388,-1.3960156440734863,-0.7807141542434692,-0.9926079511642456,-0.7043893337249756,-0.15764400362968445,-0.24848546087741852,1.8779749870300293,-3.140530316159129e-05
0.12547443807125092,-0.08670095354318619,-0.006476623006165028,0.20645421743392944,-0.09808941930532455,-0.6704654097557068,0.3563496172428131,0.0781695693731308,-0.3063712418079376,0.5713056325912476,-0.2763368487358093,-0.24612891674041748,-0.14686453342437744,0.3323560059070587,-0.2121436595916748,-0.2589789032936096,0.197664275765419,0.2193542867898941,-0.09658601135015488,0.4761089086532593,0.01886252872645855
0.28991883993148804,-0.2663498520851135,0.904342532157898,-0.016719253733754158,-1.208844780921936,0.20711170136928558,0.12960274517536163,-0.11839070916175842,-0.028059298172593117,1.3346918821334839,-0.08466347306966782,0.16086603701114655,0.37831544876098633,-0.4885183572769165,0.2785366177558899,-0.07176530361175537,-0.39465925097465515,-0.1387360394001007,0.18392391502857208,-1.330535650253296,0.3574466109275818
-1.0085393190383911,-0.10160551965236664,0.7120535373687744,-0.31836041808128357,-0.44877010583877563,0.09165840595960617,-0.9019480347633362,0.589900553226471,0.9005544185638428,2.021775484085083,0.20104028284549713,-0.31915414333343506,0.32409706711769104,0.125397190451622,0.2986327111721039,0.42744389176368713,-0.278119295835495,0.08344262838363647,-0.009549912065267563,-0.7439286708831787,-1.3999978303909302
-0.601901113986969,-0.2821788787841797,-0.033103298395872116,0.779639720916748,-0.7120258808135986,-0.19499142467975616,-0.9882838726043701,-0.07413144409656525,-1.0644934177398682,0.28899845480918884,0.07865262776613235,-0.06008584424853325,-0.2911887764930725,0.1566389948129654,-0.429786741733551,0.6023765802383423,-0.20275068283081055,0.11797083169221878,-0.028120582923293114,-0.12182268500328064,-0.8927327394485474
0.10357194393873215,-0.05803870037198067,1.0030202865600586,-1.1275044679641724,0.13291144371032715,-0.9162648916244507,-0.4186553359031677,-0.005028524901717901,0.7179602980613708,0.5154372453689575,0.20088189840316772,0.2887558043003082,0.6734142899513245,0.23445479571819305,-0.05394744127988815,-0.37544968724250793,0.15761253237724304,0.2520869970321655,-0.22494633495807648,-1.1464025974273682,3.2247467041015625
-0.6227430701255798,-0.07249266654253006,-0.04775804653763771,0.023507332429289818,0.34950947761535645,-0.016429100185632706,-0.24212846159934998,0.5880457758903503,0.38901665806770325,-0.21335379779338837,0.2907179892063141,0.41521015763282776,0.3299853503704071,0.6467310190200806,0.6529151797294617,-0.40989381074905396,0.061452414840459824,0.050622016191482544,0.015497414395213127,0.9535076022148132,1.385004997253418
1.607040524482727,-0.02577531337738037,-0.6449365019798279,0.43507930636405945,-1.9903419017791748,-0.018403777852654457,-0.7137235403060913,-0.4112251102924347,2.1136984825134277,0.8365340232849121,0.21479448676109314,0.5967581868171692,0.6840934157371521,0.4488544464111328,0.643104076385498,0.9366363286972046,0.3800438940525055,0.6707033514976501,0.25485363602638245,0.644295334815979,0.8979502320289612
0.2262182980775833,0.5340586304664612,-0.7536646723747253,-1.3222471475601196,1.5859071016311646,-1.282026767730713,-0.32460540533065796,0.2047950029373169,0.33751651644706726,-2.3520586490631104,-0.3605043888092041,0.6927608847618103,0.6724746227264404,-0.10528506338596344,-0.8414941430091858,0.6630458831787109,-0.5920725464820862,0.166329488158226,-0.4901556670665741,-0.5667999386787415,-0.8662173748016357
2.8665428161621094,0.3933866620063782,-1.337308406829834,1.8023290634155273,-1.3045001029968262,-0.38043293356895447,-0.6815140247344971,-1.4302647113800049,-1.4719637632369995,-0.26124805212020874,0.3015782833099365,-1.3795089721679688,0.8676699995994568,1.4117975234985352,0.9384803771972656,-0.13431112468242645,0.7468688488006592,-0.7061839699745178,0.9003212451934814,-0.49492284655570984,-0.4029169976711273
1.2282253503799438,-0.0006077423458918929,0.25209978222846985,-0.033830173313617706,-1.8230764865875244,0.7080442905426025,0.5598475933074951,-1.196368932723999,-1.3539413213729858,1.779214859008789,-0.35172224044799805,-0.18707753717899323,-0.2042132019996643,-0.5654273629188538,-0.21333760023117065,0.3012550473213196,0.040762290358543396,0.16639187932014465,0.06726526468992233,1.2030442953109741,0.555342972278595
1.6840777397155762,0.09786902368068695,0.8221493363380432,0.7734168767929077,-1.8151767253875732,-1.087903618812561,-0.09503994137048721,0.818103015422821,1.1916043758392334,1.2641124725341797,2.1374151706695557,0.7290894985198975,-0.5346629619598389,0.18748971819877625,-0.7273537516593933,1.2504138946533203,0.3361053466796875,0.8313385844230652,0.035808950662612915,-0.8391166925430298,1.2800878286361694
-0.13401013612747192,-0.3032279908657074,0.621285617351532,-0.6265332102775574,1.0635387897491455,-0.6564518213272095,0.1652107834815979,-0.19582073390483856,-0.5104855298995972,-0.9471662640571594,-0.07973691821098328,0.7702456712722778,-0.3793342709541321,-0.4891812801361084,-0.561568558216095,0.41409558057785034,0.07584373652935028,-0.4150643050670624,0.5099315643310547,0.35620713233947754,0.7424676418304443
-1.1297019720077515,0.003002307377755642,-0.2825634181499481,-1.1569148302078247,2.775346517562866,-0.08091123402118683,0.9721420407295227,-0.7575387954711914,0.34277600049972534,-2.0684306621551514,-0.7483795881271362,0.03509780392050743,0.21687723696231842,0.1729520708322525,1.3751091957092285,-0.40065205097198486,-0.1803804486989975,0.13930325210094452,-0.2708319425582886,1.2430113554000854,0.548872709274292
-0.4566187858581543,-0.24951502680778503,-0.5320783257484436,-1.6568927764892578,0.34079229831695557,-0.9155141115188599,1.7444010972976685,1.2958741188049316,0.08588017523288727,-2.3690712451934814,-0.38490983843803406,0.38708725571632385,-0.6375777125358582,0.7172021865844727,0.2894253730773926,-0.022368622943758965,0.8080343008041382,0.36893314123153687,-0.10423095524311066,0.2509835660457611,-0.3990016281604767
-0.996812641620636,0.07493236660957336,-0.04333075135946274,-0.3519209027290344,2.623636484146118,0.7695422768592834,0.38666579127311707,-0.5539963841438293,0.831200122833252,-1.5152019262313843,-0.30441248416900635,0.618087649345398,-0.8235967755317688,-0.36661297082901,0.2270745486021042,-1.31202232837677,-0.8914242386817932,-0.260407030582428,-0.17555789649486542,1.5933524370193481,0.9117274284362793
0.11075662821531296,0.11773771792650223,1.4753016233444214,0.41007357835769653,-0.34750205278396606,-0.18361416459083557,0.09132042527198792,0.8588303923606873,0.11950773745775223,0.5496002435684204,-0.1391216516494751,0.19566388428211212,0.31341710686683655,-0.4071490466594696,-0.25986021757125854,0.8892738819122314,1.0913548469543457,0.8426562547683716,0.17533670365810394,0.31604498624801636,-0.6280149817466736
1.4788671731948853,-0.3276848793029785,-1.1047476530075073,1.486492395401001,-0.8641571402549744,0.043930601328611374,-0.5176006555557251,-0.09071224927902222,0.23074516654014587,1.5425513982772827,-0.5239033102989197,-0.3024080693721771,2.8171463012695312,-0.343869149684906,0.01744816266000271,0.34822410345077515,0.4222046434879303,-0.10348384827375412,0.3823958933353424,0.47384971380233765,0.8993718028068542
-0.5778422951698303,-0.104328952729702,-0.1911330372095108,-0.20298177003860474,0.23403503000736237,-0.291475385427475,-0.2954387962818146,-0.5339980125427246,0.8793113827705383,-1.0128010511398315,-0.33264628052711487,-0.32071980834007263,-0.4429928958415985,-0.3364159166812897,-0.6948418617248535,-0.25223374366760254,0.11460626870393753,-0.28400519490242004,-0.36193525791168213,-0.42125457525253296,-0.919653058052063
-0.8297184109687805,-0.27221277356147766,-1.8212848901748657,-0.27763134241104126,-0.6071575880050659,-0.01648997887969017,-0.26873472332954407,-1.0558967590332031,-0.06862098723649979,-0.9288626313209534,-0.05874023213982582,-0.9599762558937073,-0.2003478854894638,0.43026548624038696,0.034475699067115784,-1.660575032234192,-0.9556368589401245,-0.7621323466300964,-0.3568265736103058,-1.517320990562439,-1.3035008907318115
-0.24199169874191284,-0.05775153264403343,0.6369578242301941,-0.5316715836524963,-1.1211652755737305,3.169804334640503,0.28199830651283264,0.6682302355766296,0.715457558631897,1.0840903520584106,0.13945843279361725,-0.0770927295088768,0.5137626528739929,-0.5874872803688049,-0.6363881230354309,-0.7618569731712341,-0.2688102424144745,0.15064550936222076,-0.23023590445518494,-0.1027752012014389,-1.7640961408615112

Slice 24
-1.0060535669326782,0.7300100922584534,0.6239955425262451,-0.38747021555900574,0.6357397437095642,1.568066954612732,-0.27750256657600403,0.8954595923423767,-0.7669835686683655,-1.1923617124557495,0.18666133284568787,0.44959789514541626,-1.2386207580566406,-0.09245360642671585,-0.36615675687789917,0.2255551964044571,0.7984851002693176,-0.24848343431949615,-0.10680454224348068,-0.002622205065563321,0.033497702330350876
-0.3355582058429718,0.0523064024746418,-0.4506935477256775,-0.26615461707115173,-0.1084056869149208,-0.4184263050556183,-0.023778926581144333,0.877185583114624,-0.24590319395065308,-0.5600156188011169,0.19304539263248444,-0.02692248485982418,0.04211201146245003,0.17587493360042572,-0.036732498556375504,0.5490560531616211,0.507746160030365,0.14729075133800507,-0.08082404732704163,0.45436960458755493,-0.10659319907426834
-0.7860375046730042,-0.2716119885444641,0.7242107391357422,1.4371058940887451,0.41841813921928406,1.7422058582305908,-0.40119725465774536,0.5946629047393799,-0.08942924439907074,-0.4541766047477722,-0.15333352982997894,0.09295155107975006,-1.0840708017349243,0.45437195897102356,-1.2665432691574097,-0.3251434862613678,0.2533145546913147,0.2085288166999817,-0.011107061058282852,-0.6479535698890686,-0.9987242221832275
-0.7658814191818237,-0.4181682765483856,-0.14531977474689484,0.8623443841934204,-0.27467602491378784,1.0575776100158691,-1.5387494564056396,-1.6516140699386597,0.006870598066598177,0.3874949812889099,0.2980940639972687,-0.8778441548347473,-0.8272933959960938,-0.6386880278587341,-0.03106013685464859,-0.1339493989944458,-1.0798311233520508,0.43180352449417114,0.0014602579176425934,-1.1221519708633423,-0.010557522065937519
0.25821569561958313,-0.35700881481170654,-0.2628690004348755,-0.5877234935760498,-0.7696115374565125,-0.38211295008659363,0.9495347142219543,-0.3178407549858093,0.4730041027069092,2.5153284072875977,-0.21903124451637268,-0.03039119578897953,0.5109652876853943,0.34464094042778015,1.4673302173614502,-0.09226503223180771,-0.8517051935195923,-1.005028486251831,-0.27734529972076416,0.6831547617912292,-0.05950285494327545
0.4290159344673157,0.11343847215175629,1.1941334009170532,-0.014945815317332745,0.7983694672584534,1.6671162843704224,0.9579951167106628,1.307078242301941,0.11465555429458618,0.5966667532920837,0.18205733597278595,1.1470816135406494,-0.8523109555244446,0.17271697521209717,-0.8156978487968445,0.06366155296564102,-0.02400115318596363,-0.05338810756802559,0.28661641478538513,0.25958168506622314,-1.827147126197815
-0.9485101103782654,0.5814859867095947,0.3026067316532135,0.2323221117258072,0.992380678653717,-0.48523420095443726,0.9458419680595398,-1.0348774194717407,0.34319058060646057,1.0701309442520142,0.2427135556936264,0.0004122871905565262,-0.36914709210395813,0.3467409610748291,0.3088426887989044,-0.7031725645065308,0.1437269002199173,-0.5269428491592407,0.1949731856584549,-0.4120706617832184,0.00974871776998043
-0.01783798635005951,0.4518602788448334,0.22381800413131714,-0.7627063989639282,-1.2525367736816406,-0.2439502328634262,-0.2201041728258133,0.4200514554977417,-0.451192706823349,-0.8419095277786255,-0.02133927121758461,-0.728878915309906,0.31524989008903503,-0.6200916171073914,1.3456224203109741,-0.25332656502723694,0.261322557926178,0.2607640027999878,0.28360098600387573,-0.06662248820066452,0.8301542401313782
1.5737128257751465,0.42746612429618835,-0.9279976487159729,-0.6282548308372498,0.95627760887146,-0.4146515727043152,-0.8171664476394653,-0.1526406705379486,-1.6947489976882935,-0.32930514216423035,-0.19139476120471954,0.3960197865962982,-0.9432576894760132,0.2566123306751251,-0.441812664270401,-0.2187720537185669,-0.7756087779998779,0.18981653451919556,-0.735145628452301,-0.8312490582466125,0.02537705935537815
0.45994263887405396,0.07525032758712769,-0.9564421772956848,-0.04731006547808647,-0.013601472601294518,-1.477301001548767,-0.5779423713684082,-0.7643867135047913,1.2535395622253418,0.22284521162509918,-0.24253256618976593,-0.8665965795516968,1.3144348859786987,0.801801323890686,-0.16419848799705505,0.19599181413650513,-0.2035575807094574,0.1844995766878128,-0.14441348612308502,1.0302518606185913,0.1238890066742897
-0.42872491478919983,0.023083463311195374,-0.14522020518779755,0.006413475144654512,-0.7608608603477478,-0.3380790650844574,-0.1261795163154602,0.10891108959913254,-0.4536759555339813,-0.342839777469635,-0.08872319012880325,-0.7318111062049866,0.37603262066841125,0.203179270029068,0.3593381345272064,1.036323070526123,-0.7354893088340759,1.0195128917694092,-0.320751428604126,0.09280738234519958,0.6341158151626587
0.9341936707496643,0.08826564252376556,0.6167928576469421,1.380760669708252,-0.4720892906188965,0.8152895569801331,0.5588050484657288,0.562468945980072,-0.16966192424297333,0.43621495366096497,0.10639984905719757,0.32496270537376404,0.32671844959259033,0.37934184074401855,0.7534821629524231,-0.27798518538475037,-0.2979114055633545,0.48009273409843445,0.059924423694610596,-0.7902567982673645,0.03523397818207741
1.6822633743286133,0.08546409010887146,0.30424395203590393,1.2817200422286987,-1.1451380252838135,0.00884597934782505,0.5694338083267212,1.0242999792099,-0.12393208593130112,-0.6637711524963379,0.3165193498134613,1.629295825958252,0.2647452652454376,0.4150852859020233,0.8903169631958008,1.3244433403015137,0.48137664794921875,0.3397252857685089,0.3614034056663513,0.015401368029415607,-0.6052700281143188
1.0898979902267456,0.13358381390571594,1.2997599840164185,-1.0806058645248413,-0.5287767648696899,-0.03692217916250229,1.4018242359161377,0.5155344605445862,-0.5048484206199646,0.20030803978443146,0.38643577694892883,0.5009531378746033,0.3875671625137329,-0.763777494430542,-0.3796240985393524,-0.27538084983825684,-0.5723093152046204,0.10675797611474991,-0.7480111122131348,0.5490546822547913,-0.6002459526062012
0.4456010162830353,-0.7172173857688904,-1.1027673482894897,-1.0096867084503174,0.36518990993499756,-0.5784626603126526,0.03339092433452606,0.06938531994819641,-0.32956597208976746,-0.7956225872039795,0.13075374066829681,-0.22853435575962067,-0.9811170697212219,0.46594229340553284,-0.37962666153907776,0.496578574180603,0.797150731086731,-0.8351016640663147,-0.4782039225101471,-0.2690463960170746,0.6534175276756287
0.10760672390460968,-0.20975209772586823,2.358433723449707,0.6391318440437317,1.1848686933517456,2.0322837829589844,-0.6749983429908752,0.1164001077413559,-0.524871826171875,-1.0459100008010864,-0.2581199109554291,1.5612406730651855,0.09689193964004517,-0.8782992959022522,-0.39478519558906555,0.4154253602027893,0.68330317735672,-0.45598530769348145,0.44168519973754883,-0.6866990923881531,-0.13162383437156677
-0.680137574672699,-0.04941745847463608,0.664365291595459,0.24941708147525787,0.479836642742157,0.8225877285003662,0.39418941736221313,0.20226679742336273,-1.007095456123352,-1.2030737400054932,-0.7216899394989014,0.09209691733121872,-0.19533194601535797,-0.5849994421005249,-0.17918063700199127,-0.39827224612236023,1.3279032707214355,-0.5934841632843018,0.3537154793739319,0.1400766223669052,-0.6169911026954651
-0.5092638731002808,-0.3173711895942688,0.17091163992881775,-1.4006034135818481,-0.7084159851074219,-1.1268150806427002,-0.22941915690898895,-0.47682297229766846,-0.30618950724601746,0.18478421866893768,-0.0310212429612875,-0.316185861825943,0.07173390686511993,-0.2514351010322571,-1.2326695919036865,0.513530433177948,0.4643261432647705,0.0566730871796608,-0.02909981645643711,0.1587267518043518,-0.48596876859664917
-0.40620243549346924,0.06357066333293915,-0.9386461973190308,0.05867663770914078,0.273749977350235,-0.7105077505111694,-0.05363662540912628,-0.04666968807578087,0.04547089710831642,0.9304469227790833,-0.07016998529434204,-0.6285239458084106,0.3085786700248718,-0.18871183693408966,-0.043959714472293854,-0.26984354853630066,-0.1458314061164856,-0.17268341779708862,0.5311359167098999,0.06090088188648224,0.29832732677459717
1.4941123723983765,0.46859654784202576,-0.40135669708251953,-0.42307764291763306,1.477967619895935,-0.8648395538330078,0.6453016400337219,0.3320750594139099,-0.5731491446495056,1.6379200220108032,0.0522177517414093,0.10498644411563873,-0.22973550856113434,0.6531815528869629,0.397164523601532,-0.48004668951034546,-0.19728684425354004,-0.11955425888299942,-0.14642615616321564,1.7881501913070679,-0.009555617347359657
-0.2172602117061615,-0.24420396983623505,-2.1397392749786377,-0.3031024634838104,-0.7820853590965271,-0.855654776096344,-0.9388102293014526,0.8407906889915466,1.3655003309249878,-0.5260666608810425,0.026047684252262115,-2.9061245918273926,1.2387210130691528,-0.007655717898160219,-0.49438706040382385,-0.6077942848205566,-0.4929490089416504,0.3775210380554199,-0.07865720242261887,0.9337151646614075,2.431241750717163

Slice 25
3.809866428375244,0.1637560874223709,0.5798226594924927,0.7862195372581482,-0.40702906250953674,-0.014679486863315105,-0.4030805826187134,-0.008932667784392834,-0.35893285274505615,-1.0304791927337646,-0.21326802670955658,-0.4807455837726593,0.3833240270614624,-0.2998596131801605,-0.07299879193305969,1.9262199401855469,0.9208172559738159,1.5505326986312866,-1.0077109336853027,-0.7646217942237854,0.041736721992492676
0.14826908707618713,-0.1473991870880127,0.09059169143438339,0.20676161348819733,0.03834865614771843,0.056539591401815414,0.17486417293548584,0.28914937376976013,-0.21325767040252686,0.035755280405282974,-0.05721699818968773,-0.35046079754829407,-0.09519024938344955,0.21950498223304749,-0.11176051199436188,-0.20920850336551666,-0.3567787706851959,0.2116871029138565,0.00022500564227811992,-0.4805024564266205,-0.3574970066547394
0.5564610362052917,0.07800750434398651,-0.2263389229774475,-1.1151225566864014,0.04102661833167076,-0.06414654850959778,-0.0960296019911766,0.12843677401542664,0.4012833535671234,-0.36932769417762756,0.053737252950668335,0.4471016526222229,-0.992180585861206,0.10568846762180328,1.2501171827316284,0.4418935775756836,-0.19184821844100952,-0.406401127576828,0.09947307407855988,-0.5471543073654175,-1.8193378448486328
0.04342130571603775,-0.1257891058921814,0.4676849842071533,-1.2057141065597534,0.15986685454845428,-0.10735154896974564,-0.7348374128341675,-0.6161289215087891,-0.8033514618873596,-0.7503716945648193,-0.24424153566360474,0.36246103048324585,-0.07121262699365616,-0.45119428634643555,1.291372299194336,0.48400914669036865,-0.47403064370155334,0.3070623278617859,-0.18837909400463104,-1.0758081674575806,-0.28525009751319885
-2.1674530506134033,0.026072995737195015,0.4173959195613861,-0.284681111574173,2.219932794570923,-0.37694045901298523,-0.43156662583351135,-0.18454229831695557,1.3225746154785156,2.0956904888153076,-0.04282945394515991,0.5572922229766846,0.43833041191101074,-0.1167391687631607,-0.7307513356208801,-0.19780850410461426,-0.5917980670928955,-0.6530244946479797,-0.7315927147865295,2.894287109375,1.9490851163864136
-0.565808892250061,-0.01429663598537445,-0.02571985498070717,-0.4473912715911865,0.13421721756458282,-0.7500340342521667,-0.10083755105733871,-0.5628364682197571,-0.42755213379859924,-0.023875311017036438,-0.1845221072435379,-0.09426389634609222,0.5262125730514526,-0.0784289538860321,0.214793860912323,-0.1795727163553238,-0.17384810745716095,-0.19146303832530975,-0.02665666490793228,0.35734862089157104,-0.7654641270637512
-0.8850218057632446,-0.46205461025238037,-0.49645718932151794,-0.43123582005500793,-1.0086112022399902,0.723654568195343,-0.6765175461769104,-0.3538106679916382,-0.9284405708312988,0.7919997572898865,0.024326741695404053,-0.7008584141731262,-0.2839047908782959,0.5246629118919373,-0.46543088555336,-0.2650071680545807,-0.2773049771785736,-0.7933050394058228,-0.1523933857679367,-1.0164988040924072,0.4858541190624237
-0.27888545393943787,0.04853592440485954,-0.22587037086486816,-0.05743905156850815,-0.5553498864173889,-0.14533817768096924,0.07414225488901138,0.3590940535068512,-0.40072089433670044,-1.2607076168060303,0.1592356115579605,-0.08761636912822723,0.28914058208465576,-0.392618864774704,0.3638206124305725,-0.4166581630706787,-0.07064799964427948,-0.135732039809227,-0.09362400323152542,1.0037264823913574,0.5692068338394165
-0.970008373260498,-0.1284039169549942,0.897953987121582,0.9440978765487671,0.13078925013542175,-0.5619456171989441,0.1434447169303894,-0.26315829157829285,1.7094677686691284,0.04989852383732796,-0.06389559060335159,-0.330655574798584,0.10740868747234344,0.5577245354652405,0.8034526109695435,-0.12462552636861801,0.41214460134506226,-0.008188202045857906,0.10314345359802246,-0.7537627220153809,-1.9846667051315308
-0.013992025516927242,0.1583118438720703,0.20135992765426636,1.1131463050842285,0.12835492193698883,0.588514506816864,0.9347485303878784,-0.28647851943969727,-0.46698781847953796,0.4828525185585022,-0.3154071867465973,-0.5606544613838196,0.9100279211997986,-0.7420504093170166,-0.6653222441673279,0.12502199411392212,-0.42884963750839233,-0.08627023547887802,0.692165732383728,2.3201050758361816,0.5931402444839478
-0.44804441928863525,0.04509203881025314,-0.40974339842796326,0.43221163749694824,-0.3990353047847748,-0.006647815462201834,-0.2865593433380127,0.4723707139492035,0.4787192642688751,-0.7852462530136108,0.028649114072322845,0.9415977001190186,-0.12886552512645721,-0.4251542389392853,-1.1020455360412598,0.16926707327365875,0.0031334564555436373,-0.1781146228313446,0.24352729320526123,0.7247284054756165,2.3390982151031494
-0.6103827357292175,0.23689207434654236,0.037764571607112885,1.634827733039856,0.028958464041352272,0.32942697405815125,0.16549648344516754,-0.5038928985595703,-0.109763965010643,0.19079791009426117,-0.37010887265205383,-0.3279317319393158,-0.5832436680793762,-0.1993093192577362,-0.793222188949585,0.37289977073669434,0.3643590807914734,-0.19858020544052124,0.008990347385406494,-0.6589383482933044,-0.9503700137138367
-0.4178885519504547,-0.06922836601734161,-0.7738116979598999,-0.22251072525978088,-0.537996232509613,-0.19558289647102356,-0.9207521677017212,0.0734710693359375,-1.7099039554595947,0.6310464143753052,0.105455681681633,-0.2050136774778366,-0.2357306182384491,-0.11781341582536697,-1.2738432884216309,-0.4235435724258423,-0.15105044841766357,0.025890177115797997,-0.032426491379737854,-0.4984581172466278,-1.30275297164917
-0.4879668653011322,0.10968395322561264,-1.183801531791687,0.06086355075240135,-1.2869306802749634,0.10964009910821915,0.024769775569438934,0.5389478802680969,0.8609488010406494,-2.049717426300049,-0.017412573099136353,0.7734546661376953,0.49682438373565674,1.1259353160858154,0.9589225053787231,-0.11133380234241486,0.3201359808444977,-0.14932826161384583,-0.044567644596099854,-0.9847376942634583,-0.5020886659622192
-0.5789501070976257,-0.0003373946528881788,-0.7159239053726196,-0.22161471843719482,-0.6053698658943176,-0.35932087898254395,0.7045068740844727,0.3711015284061432,-0.8907886147499084,-0.4849086403846741,0.8992902636528015,-0.028559261932969093,0.212609201669693,0.19082632660865784,1.380752682685852,-0.09977173060178757,-0.05101976916193962,0.6147093176841736,0.1345740705728531,-0.35070061683654785,-0.7892520427703857
2.391003370285034,0.014751063659787178,0.405287504196167,0.07162492722272873,0.0006375974044203758,0.029967011883854866,0.20051120221614838,0.11344214528799057,0.8936922550201416,-1.0162262916564941,-0.3092013895511627,0.4205898940563202,0.23346064984798431,1.324557900428772,-0.25899696350097656,0.4862309396266937,0.06261790543794632,-0.3034891188144684,0.11225444078445435,-0.6238484382629395,-1.6804907321929932
1.026261806488037,-0.11384758353233337,1.0915268659591675,0.8650831580162048,-0.22878232598304749,0.10328687727451324,0.06593214720487595,-0.16039106249809265,-0.43960243463516235,-0.5649607181549072,-0.10549448430538177,-0.34786728024482727,0.20676961541175842,-0.8177498579025269,0.06820808351039886,-0.20693045854568481,1.0104947090148926,0.31346797943115234,0.41134873032569885,0.13717128336429596,-0.3041782081127167
0.8613083362579346,0.29635536670684814,-0.2852519452571869,0.32310324907302856,-0.18506474792957306,0.1386951208114624,0.4292706251144409,0.2190255969762802,-1.0336271524429321,-1.2257784605026245,-0.07229478657245636,-0.273569256067276,1.034807801246643,0.11865212023258209,0.07116653025150299,-0.37319865822792053,-0.6943190097808838,0.013837850652635098,0.38629230856895447,-0.6949284672737122,0.670203447341919
-1.0141545534133911,0.06072254106402397,-0.10434791445732117,-0.16892515122890472,1.1376559734344482,0.21826432645320892,0.35116997361183167,0.5787322521209717,-0.35177701711654663,0.7505604028701782,0.038101598620414734,0.0063695055432617664,-0.2980738878250122,0.24010245501995087,-0.19420099258422852,0.14251084625720978,-0.05881603807210922,0.8134067058563232,-0.23695872724056244,0.4882622957229614,0.5856581330299377
-2.24945330619812,-0.18594859540462494,0.35982546210289,-0.32812249660491943,1.0212488174438477,-0.2689237594604492,0.46686476469039917,-0.532812237739563,1.6504433155059814,2.228137731552124,1.18942129611969,-0.6292397379875183,-0.7828148603439331,-0.2763197720050812,-0.1675756871700287,-1.0966475009918213,-0.16341277956962585,-1.1252326965332031,0.5293863415718079,1.088057279586792,1.7898937463760376
-0.016841113567352295,0.11793898046016693,-0.4986051917076111,-1.0165151357650757,0.08620967715978622,0.02713618613779545,-0.23936107754707336,0.33939117193222046,-1.0656170845031738,1.159157395362854,0.1729772984981537,-0.18277032673358917,-1.9098610877990723,-1.4091018438339233,0.27484259009361267,0.027904853224754333,0.10930795967578888,0.24782907962799072,-0.42270708084106445,-0.381173700094223,1.9074759483337402

Slice 26
0.8784682154655457,0.17777276039123535,-0.34287524223327637,0.05165410786867142,-0.7582383155822754,0.019537806510925293,0.6195017099380493,-0.5351739525794983,0.6163477301597595,2.2258708477020264,0.08007236570119858,-0.25959253311157227,1.2070590257644653,-0.28790560364723206,-0.28376734256744385,1.0065604448318481,0.7317832708358765,1.708148717880249,-0.15829472243785858,0.12071720510721207,1.9294742345809937
-0.17531631886959076,0.01992722600698471,-0.43385377526283264,-0.5281366109848022,-0.3002631366252899,-0.33791545033454895,-0.39351537823677063,0.0731453076004982,-0.03712686151266098,0.5049595832824707,-0.215338796377182,-0.20462623238563538,-0.44660642743110657,0.015087797306478024,-0.7802291512489319,-0.22779570519924164,-0.18342234194278717,-0.29622313380241394,-0.029088584706187248,-0.9346544742584229,-0.13534638285636902
0.7093573212623596,-0.2776789665222168,0.639260470867157,-0.10028525441884995,0.6786230802536011,0.35195282101631165,-0.6802586913108826,1.2197237014770508,0.5852465033531189,1.4633420705795288,0.2630600333213806,-0.4876077473163605,0.8175712823867798,1.2725871801376343,1.0438942909240723,-0.1338297426700592,-0.17319154739379883,-0.23293651640415192,0.0971379429101944,-0.16715620458126068,1.5520191192626953
0.041343796998262405,-0.10155496746301651,-0.6551045775413513,-0.6683452725410461,0.8803045749664307,0.1895471066236496,0.37801608443260193,1.1867973804473877,-0.22152066230773926,1.3923053741455078,0.1564539670944214,-0.6559150815010071,0.2692921757698059,1.2687430381774902,0.8548722267150879,-0.5849424004554749,-0.3739936947822571,0.8714426755905151,0.601123034954071,2.950986623764038,1.089247465133667
-1.038009762763977,0.06536265462636948,-0.44263508915901184,-1.036315679550171,0.1312899887561798,-0.6011533141136169,-0.035971127450466156,0.07040148228406906,-0.060642700642347336,-0.35189661383628845,0.24470637738704681,-0.11969549208879471,-1.0016353130340576,-0.30979207158088684,-0.24017873406410217,-0.8321740031242371,-0.3001670837402344,-0.5931570529937744,0.023919710889458656,0.5080705285072327,-0.863361120223999
0.416044682264328,0.15383563935756683,-0.3766821324825287,-0.7777103185653687,0.4692423343658447,0.6528598070144653,-0.2809206247329712,0.5924380421638489,-0.40525758266448975,-1.1582471132278442,0.2034154087305069,0.29868966341018677,0.07297637313604355,-0.14738208055496216,0.6307547092437744,-0.08728709071874619,-0.23258303105831146,0.8391957879066467,-0.003118721302598715,-0.01680425927042961,-0.9545537233352661
-0.5036443471908569,-0.17607562243938446,-1.094037652015686,-1.025769829750061,-0.5180699229240417,0.010981176979839802,-0.3734692335128784,-0.3766553997993469,-0.5030968189239502,-1.2701250314712524,-0.3509252369403839,-0.6493154764175415,0.10175839811563492,-0.1086311936378479,-0.4672102630138397,-0.5682476758956909,-0.005904078017920256,-0.8720557689666748,-0.22544650733470917,-0.4283556342124939,-0.6573560833930969
-0.956074059009552,-0.2753986120223999,-0.048959411680698395,0.05324820429086685,0.5878222584724426,-0.21544495224952698,0.4991503059864044,-0.4077267348766327,-0.1741567999124527,-0.9847074747085571,-0.2543536424636841,0.1858276128768921,-0.7764931917190552,-0.45078158378601074,-0.5064765810966492,-0.288625031709671,-0.8418799638748169,-0.45440977811813354,-0.11514471471309662,0.4968510568141937,-0.48020315170288086
-0.5654465556144714,-0.16675634682178497,2.33660888671875,1.691035270690918,0.9370247721672058,0.7781059145927429,-0.801287829875946,0.3582448661327362,0.990755558013916,0.6177724599838257,0.13385115563869476,0.5756224393844604,0.6968309283256531,-0.7485976815223694,-0.24916653335094452,0.06412412971258163,0.6465839743614197,-0.8418408036231995,-0.009582954458892345,0.9012352228164673,3.0191500186920166
-0.0946791023015976,0.0846429094672203,-0.1389072835445404,-0.2996270954608917,-0.3994201421737671,-0.28356605768203735,0.14569091796875,1.1848359107971191,0.15288695693016052,0.2281549870967865,-0.18904395401477814,-0.1638525426387787,-0.2833615839481354,-0.21641553938388824,-0.37661978602409363,-0.3221263289451599,0.034924332052469254,-0.44577276706695557,0.14791953563690186,0.507085919380188,-0.4141019284725189
-0.4529914855957031,-0.2859675884246826,-0.438334196805954,-0.5363144874572754,0.8175695538520813,-0.17576123774051666,-0.5079644918441772,-0.21757645905017853,-0.07821792364120483,-0.6200892329216003,-0.2087850421667099,0.35988661646842957,-0.4515918493270874,-0.4988373816013336,-0.7541399598121643,0.0975620374083519,0.15169328451156616,-1.0698466300964355,-0.20497013628482819,-0.5620564222335815,0.06714963912963867
-0.18600739538669586,-0.0840025395154953,-0.7274485230445862,0.30098673701286316,0.21175123751163483,-0.15008795261383057,0.07130428403615952,0.14770783483982086,0.7287425398826599,-0.49549996852874756,-0.30467209219932556,-0.26827552914619446,-0.34582462906837463,-0.32678940892219543,-0.8290899395942688,-0.19657295942306519,0.09759791940450668,0.10823184251785278,-0.3392697274684906,-0.17236995697021484,-0.07771019637584686
0.9515799880027771,0.05924655497074127,-0.032550178468227386,0.03764663636684418,-0.14193977415561676,0.2516635060310364,0.35961827635765076,-0.02359255775809288,0.6944902539253235,1.724450945854187,0.09865278750658035,0.3191342353820801,-0.036408498883247375,-0.3367627263069153,0.41317328810691833,0.19676803052425385,-0.537865400314331,-0.004718319978564978,-0.04834039881825447,-0.9959931373596191,-0.130436971783638
-0.3624591529369354,0.3678608536720276,0.49372026324272156,0.9073739051818848,-0.04314270243048668,-0.8622730374336243,0.6105084419250488,-0.6932616233825684,-0.2089194357395172,-0.4994286298751831,0.5379151701927185,0.2736433148384094,-0.3412243723869324,0.7537674903869629,-0.5767341256141663,-0.4208984673023224,-0.6349059343338013,-0.7176427245140076,0.7672576904296875,0.8415020108222961,0.8250793218612671
-0.582820475101471,0.3849695324897766,1.045409917831421,1.5547051429748535,0.9707534313201904,1.0222710371017456,0.5660263895988464,-1.092042326927185,-0.8323670029640198,0.3209727704524994,-0.5463850498199463,0.20961128175258636,1.0831576585769653,-0.9905577898025513,1.0768760442733765,0.7077306509017944,0.4375385642051697,-0.4615364968776703,0.17441020905971527,0.6574906706809998,1.8132716417312622
-0.1420336663722992,0.12283536046743393,0.042644016444683075,1.5762757062911987,-0.4679771959781647,0.0287617277354002,0.035797685384750366,0.37318155169487,0.4190894365310669,0.06316281855106354,-0.16508348286151886,0.683396577835083,0.3902435600757599,1.0868760347366333,0.5457336902618408,0.5524694919586182,0.6716268062591553,0.7693663239479065,0.16478264331817627,-0.6339947581291199,-0.280271977186203
0.5563585162162781,0.19448022544384003,0.4858700633049011,0.6306193470954895,-0.9430965185165405,1.3376275300979614,0.21368572115898132,0.27402016520500183,0.4687992036342621,-0.7959771752357483,0.012993032112717628,0.311214804649353,0.6854887008666992,0.8527824878692627,-0.7798078656196594,0.7275299429893494,0.7774069905281067,1.4948447942733765,-0.15244710445404053,-0.4171624779701233,0.5224106311798096
-0.3143383860588074,-0.007488606497645378,-0.8929356336593628,-0.18208739161491394,0.25635096430778503,0.19478066265583038,0.2848964333534241,-0.5482692122459412,-0.11334285885095596,-1.6493127346038818,-0.07555108517408371,-0.20230719447135925,-0.11773400753736496,-0.23955050110816956,0.14632007479667664,-0.348978191614151,0.4981352388858795,-0.24348093569278717,0.01420020405203104,-0.5364614725112915,-0.44033074378967285
-0.4440982937812805,-0.012612148188054562,-0.7003737688064575,-0.9284282326698303,-0.31226834654808044,-0.7300364375114441,-0.13766424357891083,-0.28337258100509644,-0.5693103075027466,-0.27774739265441895,0.14101628959178925,-0.21338029205799103,-0.555332362651825,-0.46368420124053955,-0.01914941892027855,-0.17266252636909485,-0.2411436289548874,-0.17164118587970734,-0.19844985008239746,-0.4740935266017914,-0.9266822338104248
-0.9616590738296509,-0.14096878468990326,-0.6106014251708984,-1.2855963706970215,-0.22785985469818115,-0.2760706841945648,-0.3922048807144165,0.1687677651643753,-1.1874178647994995,-0.5426427721977234,0.030077338218688965,-0.7735511064529419,-0.3589678406715393,-0.23262536525726318,-0.4103519022464752,-0.313511461019516,-0.7174225449562073,0.38404250144958496,-0.10421434044837952,-0.10326969623565674,-1.0872135162353516
0.9015668034553528,-0.105109304189682,-0.005632053129374981,-0.177469864487648,-0.43183884024620056,-0.5480793714523315,-0.29802045226097107,-0.13145573437213898,-0.6765324473381042,0.2529658079147339,-0.3416081368923187,0.21801888942718506,-0.42975497245788574,0.4140039086341858,0.46149903535842896,1.5027337074279785,0.33626243472099304,-0.2965430021286011,-0.5442396402359009,-0.5854684710502625,-1.7343891859054565

Slice 27
2.1983234882354736,0.3380189538002014,0.581656277179718,-0.26613345742225647,-0.4315693974494934,0.3511497974395752,-0.9329659938812256,-0.012896700762212276,0.8441616892814636,0.0228270273655653,0.21799145638942719,-0.9687573313713074,2.00219464302063,2.130863904953003,0.9651702046394348,0.015115530230104923,-0.4110092520713806,-0.3430407643318176,-1.4649015665054321,-2.122502565383911,0.7759143710136414
-1.639406442642212,0.3555232584476471,-1.2274672985076904,-0.9263438582420349,-0.27568143606185913,2.355649948120117,0.12605413794517517,-0.3533416986465454,-0.20427852869033813,-1.1482529640197754,0.2113518863916397,-0.49086230993270874,-0.2724672555923462,0.15880660712718964,-0.6889292597770691,-0.44365760684013367,-0.8988921642303467,-0.42633455991744995,-0.07598643004894257,0.0741354450583458,-0.9569851160049438
-0.42802557349205017,0.18453605473041534,-2.1122028827667236,-1.8875645399093628,1.3618581295013428,-1.056719422340393,-0.23532840609550476,1.487577199935913,-1.0835967063903809,-0.17554056644439697,-0.30798667669296265,-0.9862624406814575,-1.3214144706726074,0.09703066945075989,-0.33607542514801025,0.5263106226921082,1.247819423675537,-0.015146960504353046,0.3978988230228424,0.1787528395652771,0.1015394851565361
0.4880560040473938,0.3527302145957947,-2.051581382751465,-0.08755377680063248,-0.05473051592707634,2.316885471343994,-1.0189732313156128,0.6636895537376404,2.6316726207733154,1.6631613969802856,1.326627254486084,0.19770072400569916,0.6889082193374634,1.0028550624847412,1.4042836427688599,0.6482962369918823,1.8001940250396729,0.22601749002933502,-0.4615700840950012,0.5378427505493164,0.3611396253108978
-0.4889587461948395,-0.12051251530647278,-0.44376614689826965,-0.5737225413322449,1.9053516387939453,-0.09226042777299881,0.6434983015060425,-0.08744710683822632,-0.24437715113162994,-1.0409985780715942,0.02764914743602276,0.9698069095611572,-1.3457425832748413,-0.16258856654167175,0.37426984310150146,-0.15533219277858734,0.2722357213497162,-0.6157180666923523,0.21404032409191132,-0.3730069398880005,-0.6233539581298828
0.47413116693496704,0.07013078778982162,2.306654930114746,-0.9949576258659363,-0.7524991035461426,0.14771266281604767,0.6390465497970581,0.3316268026828766,-1.1694995164871216,0.013376099057495594,0.3780316710472107,1.1665562391281128,-1.909850835800171,-0.5381303429603577,-0.6844397783279419,-0.08957074582576752,0.4534509778022766,0.2982960641384125,-0.21271517872810364,-0.8280064463615417,2.9380247592926025
0.4761480391025543,-0.12981285154819489,-0.9766870141029358,-0.11220486462116241,0.7651703953742981,0.09093915671110153,-0.271774023771286,0.2309246063232422,0.8968968391418457,-0.01668315753340721,-0.4518295228481293,0.4256840646266937,-0.7157215476036072,-0.03526066243648529,0.765403687953949,-0.7707057595252991,0.15138426423072815,-0.6451564431190491,0.2180173695087433,0.5504255890846252,-0.6939786076545715
-1.515157699584961,-0.03839191794395447,0.05404965579509735,0.7050255537033081,0.5161759257316589,-1.1948481798171997,2.1833372116088867,-0.4805319309234619,-0.19685974717140198,-1.4366998672485352,-0.7097435593605042,0.7547147870063782,1.5166999101638794,-0.2959955930709839,-0.1677943468093872,-0.3130261301994324,-1.5095322132110596,-1.1395084857940674,0.8510594367980957,1.4280093908309937,-0.796421468257904
-0.3661373257637024,0.30321216583251953,3.5213444232940674,0.8029265403747559,-2.4952781200408936,-1.2782959938049316,-1.0874074697494507,0.8981539011001587,0.3123014271259308,0.020914806053042412,-0.8823143243789673,0.22943785786628723,0.2255202978849411,0.15344569087028503,-1.6613919734954834,-0.6228110790252686,0.4154626131057739,0.20763663947582245,0.43136659264564514,0.05538003891706467,-1.62646484375
0.2545141279697418,0.852230429649353,0.40111401677131653,1.4430370330810547,-1.0602366924285889,-0.4831029772758484,0.09849214553833008,-1.2398440837860107,0.37592488527297974,-0.5863697528839111,0.418692022562027,0.6560812592506409,0.336627334356308,0.14499516785144806,0.4051286578178406,0.7604010105133057,-1.4479727745056152,-0.6465595364570618,0.4213101863861084,1.207484483718872,-0.5413845181465149
-0.985005259513855,-0.27433907985687256,1.4199146032333374,1.6025782823562622,0.6737359762191772,-0.372610479593277,1.2497328519821167,-0.33056190609931946,0.334232896566391,-1.291571021080017,0.7193317413330078,0.5351179838180542,0.857602059841156,0.6701217293739319,0.12108893692493439,0.8040449023246765,0.19282758235931396,-0.26419979333877563,1.2140885591506958,1.3328828811645508,0.7190910577774048
0.14392238855361938,-0.7342568039894104,-0.39868319034576416,-1.3728114366531372,1.0417838096618652,-1.266769289970398,-0.1962459832429886,-0.5104295611381531,0.11019423604011536,-0.013566112145781517,-0.49593445658683777,-0.6829407215118408,-1.5959585905075073,-0.8195350766181946,-1.5265315771102905,-1.4274643659591675,-1.3470523357391357,0.5990672707557678,-0.2967812716960907,0.7840248346328735,0.7320623993873596
0.7570943832397461,-0.02056424878537655,-1.9035744667053223,0.44879186153411865,-0.6284011602401733,0.8092484474182129,0.7790695428848267,1.4188793897628784,1.4664700031280518,-0.40100565552711487,0.6608195900917053,-1.6477450132369995,-0.01585199497640133,-0.24623624980449677,2.0086092948913574,0.4608481526374817,0.7852604985237122,0.809330940246582,-0.16019965708255768,-1.567282795906067,0.7409729957580566
1.1210286617279053,0.3767329156398773,0.7753331065177917,1.6279360055923462,-1.1860144138336182,-0.568750262260437,0.2718285024166107,-0.263899028301239,0.1948464959859848,0.25537949800491333,-0.4191063344478607,0.13350661098957062,0.5685608386993408,-0.3408977687358856,-1.157857894897461,1.2646929025650024,1.7045202255249023,-1.3071415424346924,0.9401788711547852,-0.4969622790813446,-0.8531150221824646
1.1328284740447998,-0.5368080735206604,2.4763569831848145,0.986343264579773,-1.56100594997406,0.7935394048690796,-0.9369598031044006,-0.5783952474594116,-2.0571770668029785,-1.3239079713821411,-0.014019330963492393,1.2317676544189453,0.6224267482757568,-1.733496904373169,-0.09932982921600342,0.6256885528564453,-0.3178923428058624,-0.6382731795310974,0.5728458762168884,-1.0181742906570435,-2.0574285984039307
0.47998592257499695,0.18085749447345734,-0.21943505108356476,-0.10208073258399963,-0.18491306900978088,-0.5942094326019287,-0.4978032410144806,-0.10982819646596909,0.8014824986457825,1.5055913925170898,-0.25026607513427734,0.0175099465996027,-1.2624797821044922,-0.9557366371154785,0.26457101106643677,0.8729243874549866,0.5599047541618347,0.7691510319709778,-0.5631272196769714,-0.6063585877418518,0.34538522362709045
0.35682082176208496,-0.1746647208929062,0.3213326334953308,-0.35838526487350464,-0.8695204257965088,0.19322986900806427,0.4021892249584198,-0.322416752576828,-0.7913200855255127,1.4956070184707642,-0.023876233026385307,-0.11791639029979706,0.004547126591205597,0.06360320001840591,-1.322810173034668,-0.2696956694126129,-0.6239796280860901,0.7467835545539856,-0.7231610417366028,-0.020735668018460274,-0.1875501126050949
-0.7645445466041565,0.2251935601234436,-0.9505230784416199,-0.26657724380493164,0.7634025812149048,-1.5744973421096802,-0.3602239787578583,-0.21853812038898468,1.1895935535430908,0.8897160887718201,0.15863154828548431,0.05305603891611099,1.6355235576629639,0.34544992446899414,0.4014868140220642,-0.7655898928642273,0.05452384054660797,0.37609970569610596,-0.43420538306236267,0.22594185173511505,0.04301842674612999
0.7989616394042969,-0.29342466592788696,0.46653953194618225,-0.32743319869041443,0.2366369366645813,0.41254615783691406,0.4085890054702759,0.4418471157550812,-0.8148870468139648,0.5987738966941833,0.15154290199279785,0.026383109390735626,0.015013955533504486,0.718004047870636,0.11490241438150406,0.10966629534959793,0.06287053972482681,1.8858500719070435,-0.14265620708465576,-0.49030402302742004,-0.5263041853904724
-0.49805203080177307,0.5308228135108948,0.45500248670578003,-0.14726175367832184,0.4939275085926056,-0.07872571051120758,0.8904201984405518,2.0378096103668213,-1.1901129484176636,-0.49170854687690735,-0.9961515069007874,-0.06966748088598251,-1.191952109336853,0.8942763209342957,0.1062728613615036,1.0766431093215942,-0.9089797735214233,-0.38537687063217163,-0.6848289370536804,0.6869326829910278,-0.33618804812431335
-0.009821880608797073,-0.17773042619228363,-2.74957537651062,-2.404916763305664,-1.2835580110549927,2.720707893371582,-0.3376706540584564,-0.07761501520872116,-0.8900806903839111,-0.5543524026870728,-1.2797870635986328,-0.7777360081672668,-0.8544438481330872,0.37860599160194397,2.8436615467071533,-1.1502890586853027,-0.5821396708488464,-1.3994511365890503,-0.3347923159599304,-1.8815405368804932,-0.6880773901939392

Slice 28
-0.6043134331703186,-0.11875814199447632,-0.4867249131202698,-1.4856728315353394,0.6636512279510498,0.1490657478570938,-0.1819750964641571,-0.6668002605438232,-1.2647852897644043,-1.6336263418197632,-1.0339171886444092,0.7273385524749756,-1.1502705812454224,-1.588136911392212,-0.7827422618865967,-0.6569668650627136,-0.5974724292755127,-0.5811726450920105,1.288791298866272,0.47830355167388916,0.5839719176292419
0.09074234962463379,0.17127591371536255,0.21814937889575958,-0.10357516258955002,-0.19922752678394318,0.2341633439064026,-0.5181412696838379,0.032746609300374985,0.9110836982727051,1.0259727239608765,-0.08230384439229965,-0.41464948654174805,0.18334190547466278,0.38523170351982117,0.5347113609313965,0.08200901746749878,-0.4228585958480835,0.5199276208877563,0.19271427392959595,-1.159204363822937,-0.10305804759263992
-0.0651610940694809,-0.8936842083930969,0.1795596331357956,-0.23151765763759613,2.524136543273926,-0.4642445147037506,0.98643559217453,0.7476563453674316,0.9814524054527283,0.10751229524612427,0.12261233478784561,1.105787754058838,-1.4918110370635986,-0.360086590051651,-0.05050550028681755,0.1464388519525528,0.42705973982810974,-0.7809280157089233,0.32175934314727783,0.9899433255195618,-1.4988855123519897
-0.5030866265296936,-0.48940181732177734,0.564828097820282,-1.412007212638855,2.0141375064849854,-0.3028116822242737,1.8659846782684326,-0.3767455518245697,0.6808578968048096,0.1841193437576294,0.4716491401195526,0.14986956119537354,0.6748732328414917,-0.594323992729187,-0.0930250883102417,-0.1183774322271347,1.0826421976089478,-0.6037207245826721,0.0800168439745903,-0.053873125463724136,-1.8189283609390259
-0.47436830401420593,0.17072010040283203,-0.5387083292007446,-0.6015082001686096,-0.24903260171413422,0.05314316600561142,-0.4298514425754547,0.6212661266326904,-1.6593807935714722,-0.1647932082414627,0.013577288947999477,0.314403235912323,0.13563786447048187,-0.38713282346725464,-0.6292386054992676,0.17128337919712067,0.8970609903335571,1.208099603652954,0.4681480824947357,-0.5270735621452332,-0.8211241960525513
0.8496343493461609,-0.23672397434711456,-1.113978385925293,0.04841184616088867,-0.8441380262374878,0.37319841980934143,-0.6119437217712402,-0.12945353984832764,-0.594953715801239,-0.2656101584434509,-0.2505466639995575,-0.20818081498146057,-0.6383054256439209,-0.28113698959350586,-0.9127917289733887,0.02054324932396412,0.7237866520881653,-0.6180064082145691,-0.6857306957244873,-0.4696769714355469,-2.0342955589294434
-1.0081318616867065,-0.02817806415259838,-0.592139720916748,0.4681616723537445,-0.7951384782791138,-0.9790435433387756,-0.3378541171550751,-0.14274759590625763,-0.5547986030578613,-1.408178687095642,-0.012684996239840984,0.3766504228115082,-0.3505154550075531,-0.1312972456216812,-1.1072958707809448,0.6552978754043579,0.31862130761146545,0.8440662026405334,0.006466934457421303,0.47235041856765747,0.5730093717575073
0.6467573642730713,0.16079822182655334,0.4070747494697571,-0.0005991607904434204,-0.8137848973274231,-0.501194417476654,-1.3523107767105103,0.0053380634635686874,-0.8498989939689636,0.8252761960029602,0.6241956949234009,0.5294777750968933,0.6094586253166199,1.3616583347320557,-0.47597554326057434,-0.27697235345840454,0.26680371165275574,1.4521373510360718,-0.48682835698127747,-1.074517011642456,-0.08095645904541016
0.6899102330207825,0.39317449927330017,-1.293484091758728,-1.134639024734497,0.22171643376350403,-0.23068973422050476,0.5133326053619385,-0.9381201863288879,0.6668895483016968,-0.5181223154067993,0.004552843049168587,0.4037928879261017,1.8683735132217407,0.40500369668006897,2.0846004486083984,-1.4206891059875488,-0.6191920042037964,-0.6294264197349548,-0.25210633873939514,2.4606356620788574,2.1577110290527344
0.2112428992986679,0.03816220909357071,1.3788299560546875,0.26021817326545715,-1.9935663938522339,1.5518012046813965,-0.08596692979335785,-1.08427894115448,0.016139011830091476,-0.8276744484901428,-0.4060594141483307,1.3169392347335815,-0.7684950232505798,0.8687149882316589,0.4925521910190582,0.9858143925666809,-0.2501988708972931,-1.2240960597991943,-0.595088541507721,0.4745071828365326,-1.1459070444107056
-0.28801578283309937,-0.11955828219652176,-0.39758333563804626,0.06694205850362778,-0.19951000809669495,-0.09286298602819443,-0.7015664577484131,0.678355872631073,0.29918545484542847,0.5530659556388855,0.051458872854709625,-0.36673036217689514,0.10114632546901703,-0.18159812688827515,0.28994524478912354,-0.2009771466255188,-0.7066670060157776,0.19515660405158997,-0.1429385095834732,0.2892768681049347,0.07251787185668945
1.210363745689392,-0.45561590790748596,-1.2120407819747925,0.02724900096654892,-0.5047987699508667,0.6806171536445618,1.4328573942184448,-0.9413283467292786,-0.5727080702781677,-1.1774306297302246,0.5687876343727112,0.9127368330955505,0.6285475492477417,-1.1315022706985474,-0.09897764027118683,0.6143182516098022,-0.6453045606613159,0.5788348913192749,0.10222761332988739,0.1882997453212738,0.09019854664802551
-0.1967792510986328,0.29866549372673035,1.475419521331787,1.2054492235183716,1.1591583490371704,-0.2874048948287964,0.7651333808898926,0.5173420310020447,0.7016713619232178,0.3321765959262848,-0.06266734004020691,0.12962321937084198,0.06503083556890488,1.5173888206481934,0.10758201777935028,0.6968488693237305,1.078406810760498,-0.3160606622695923,-0.4636857807636261,0.46070462465286255,-0.8209860324859619
-0.06444474309682846,-0.16641905903816223,-1.1063644886016846,0.6840717792510986,0.3577440083026886,1.3659168481826782,0.17704305052757263,0.25380340218544006,-0.09199091792106628,-1.7867485284805298,0.22660808265209198,-1.6468456983566284,-0.6273455023765564,0.1396191418170929,0.7738099098205566,-0.08380880206823349,-0.7408996820449829,-0.8617081642150879,-0.04328300803899765,0.544038712978363,0.5360380411148071
-0.4708813428878784,0.22001232206821442,-1.0155360698699951,0.5165598392486572,-1.0456243753433228,-0.8748669028282166,1.4717413187026978,0.12667810916900635,-0.8458153009414673,-0.579971194267273,0.06715124100446701,-0.6956961750984192,0.6302117705345154,-0.7791830897331238,0.7718409895896912,-0.2816711962223053,-0.3671051561832428,-0.775188684463501,0.5955556631088257,0.14662544429302216,0.6208352446556091
-0.7547343373298645,0.1362895518541336,-0.8282391428947449,-0.5066332221031189,0.4237433671951294,-0.7558289170265198,0.16368834674358368,-1.077584147453308,0.7997179627418518,-0.8710529804229736,-0.5356081128120422,-0.2513667643070221,-0.05684973672032356,-0.09585306793451309,-0.6686315536499023,-1.0881907939910889,0.6596574187278748,-0.07011442631483078,-0.3821634352207184,1.5192234516143799,0.6042366623878479
-0.0014396545011550188,-0.02269257791340351,-0.5333012938499451,0.6722909808158875,0.759693443775177,0.45871442556381226,-1.009960651397705,-0.5347503423690796,-0.7631803154945374,-0.7642979025840759,0.13841520249843597,-0.08847447484731674,-0.18266460299491882,-0.883701503276825,0.1633635014295578,-0.12615494430065155,-0.8232784271240234,0.07744627445936203,-0.24565550684928894,0.5770938992500305,-1.0642307996749878
-0.14632999897003174,0.2718190848827362,1.6210613250732422,0.5018448829650879,-0.22172267735004425,1.155561089515686,-1.1136904954910278,0.3703126013278961,-0.04673723131418228,0.4075147807598114,-0.42115509510040283,0.31141185760498047,-0.4174205958843231,-0.420821875333786,-0.32544636726379395,0.08920013904571533,-1.0703595876693726,-0.5162411332130432,0.383095920085907,-0.20865292847156525,0.2328788787126541
-0.3337986469268799,0.011697016656398773,0.08543383330106735,-0.3312278091907501,-0.39714327454566956,-0.30443501472473145,0.01171895582228899,0.6703579425811768,2.113776445388794,0.2739304304122925,-0.19432201981544495,-0.478660523891449,0.7845074534416199,-0.5420237183570862,-0.5619748830795288,-0.047227002680301666,0.07031748443841934,0.7023906111717224,-0.3690647482872009,-1.4868913888931274,-1.1293655633926392
-0.12454427778720856,-0.21131283044815063,0.2086087167263031,-0.21771296858787537,-1.140434980392456,-0.3365827202796936,0.05677274987101555,0.7120121121406555,-0.39340919256210327,1.3010629415512085,-0.17462994158267975,0.27526864409446716,0.9140697121620178,-0.8597116470336914,0.3609209656715393,0.05939142405986786,0.0006575597217306495,0.05334974825382233,-0.06320582330226898,-1.8599988222122192,1.1048057079315186
3.237340211868286,1.0879695415496826,0.6831145882606506,1.3339699506759644,-0.142335444688797,-0.2848585844039917,-0.7114768624305725,0.6750314831733704,1.3174852132797241,2.8210229873657227,0.7189965844154358,-0.6007411479949951,1.862121820449829,-0.01376749761402607,1.1962099075317383,-0.7246831059455872,0.5962080955505371,2.196122169494629,0.6809677481651306,-1.2448116540908813,1.6401265859603882

Slice 29
1.0912432670593262,0.3346826434135437,1.6235913038253784,2.1405136585235596,1.6897318363189697,-0.2832256555557251,2.5574121475219727,-0.022007744759321213,2.332646608352661,0.5394888520240784,0.07016360014677048,-0.39924079179763794,0.7699256539344788,2.9329850673675537,1.1517208814620972,0.42989015579223633,-0.5576263666152954,-0.012177666649222374,-0.38272660970687866,1.113300085067749,-0.3291306495666504
-0.3868461847305298,-0.12081015855073929,0.877009928226471,0.2875075042247772,-0.005844475701451302,0.28726187348365784,-0.4631209373474121,-0.04289902001619339,0.5245498418807983,1.0874348878860474,0.12094715237617493,-0.03011925145983696,-0.3109629154205322,-0.4021121859550476,-0.4314916133880615,0.3989159166812897,0.2399556040763855,-0.17465311288833618,-0.03268161043524742,-0.39944565296173096,1.2770448923110962
-0.14908497035503387,0.11357869952917099,-1.7773067951202393,-0.9529677629470825,0.47362446784973145,0.19558502733707428,-0.5108063220977783,-0.08971743285655975,-3.1769602298736572,-1.5972193479537964,0.32584500312805176,-0.5239564180374146,-0.8183932304382324,-0.5743057727813721,-2.300793409347534,-0.6679548025131226,0.045628391206264496,-0.1455152928829193,-0.20362956821918488,1.5175927877426147,1.5828527212142944
0.30746835470199585,-0.2989625036716461,-0.6879537105560303,0.15471380949020386,-0.5644866824150085,-0.30496448278427124,0.20231707394123077,-0.6582353115081787,-2.043668270111084,-0.21308663487434387,0.06541607528924942,-0.22123533487319946,1.2877830266952515,-0.9998123645782471,-2.2897331714630127,-0.5010596513748169,-0.05214875191450119,0.6807007193565369,-0.33227089047431946,1.0811136960983276,1.1749781370162964
-0.7800744771957397,-0.006015569902956486,-0.2703925669193268,-1.5991593599319458,-0.8491734266281128,0.3317677974700928,-1.0143204927444458,0.4599630832672119,0.22971461713314056,0.38683488965034485,0.24149774014949799,-0.48994389176368713,-0.022393837571144104,-0.2682182788848877,1.6835864782333374,-0.7712406516075134,0.028629349544644356,0.5329229235649109,-0.023424232378602028,-1.2010513544082642,-1.1979633569717407
-0.00215837056748569,-0.4117652177810669,0.1825995147228241,-0.2743370532989502,0.21102307736873627,-0.6974083781242371,1.2588703632354736,0.07275694608688354,0.275465726852417,0.4244409501552582,-0.09404192864894867,-0.6268280148506165,0.57762211561203,1.0453994274139404,-0.41203954815864563,0.33422550559043884,0.4235166311264038,0.5966299772262573,-0.5615206956863403,0.7443336248397827,1.4251363277435303
0.2658199965953827,0.09499629586935043,-0.5630627274513245,1.083485722541809,0.4388737082481384,-1.0974328517913818,-0.32186630368232727,0.6296917200088501,0.2680189609527588,0.11811815202236176,-0.008629994466900826,0.37051716446876526,-0.6019638180732727,-0.380392849445343,-0.16021814942359924,-0.3394456207752228,0.5742165446281433,0.17128168046474457,0.07853001356124878,1.2305046319961548,-0.9362593293190002
-0.20059774816036224,0.33237001299858093,-0.262495756149292,0.5661540031433105,0.16145387291908264,1.1083306074142456,-0.36187565326690674,-0.3376687169075012,1.2241206169128418,-0.21978338062763214,0.44657427072525024,0.9366961717605591,-0.2302292436361313,0.7970046997070312,0.3881741166114807,-0.2652130722999573,-0.9723037481307983,-0.27942579984664917,0.3897346258163452,-0.7274775505065918,-0.7614632248878479
-1.7771570682525635,0.9430820941925049,0.14854583144187927,-0.4238862991333008,-1.0518602132797241,-1.2602967023849487,-0.19368016719818115,-0.7750868201255798,0.6510187387466431,-0.22802279889583588,-0.9279978275299072,0.5796740651130676,-0.558836817741394,-1.3091404438018799,-0.33410999178886414,0.8530488610267639,-0.7028825879096985,0.48914575576782227,0.29327070713043213,-0.1435064822435379,-0.7847813367843628
-0.43382954597473145,-0.1099785566329956,0.8853098750114441,-0.48963260650634766,0.00737193925306201,0.9188801646232605,-0.9538596868515015,-0.5715357661247253,0.32874274253845215,-0.4022779166698456,-0.062452830374240875,0.1528303623199463,-0.5635952353477478,-0.7321635484695435,-0.16746747493743896,-1.049267292022705,0.2793501615524292,-0.78531414270401,0.08603573590517044,-2.7963383197784424,-0.7526602745056152
0.14151567220687866,-0.25441408157348633,0.7410135269165039,-0.7753027677536011,0.40189215540885925,0.41836610436439514,0.3463634252548218,0.33494946360588074,0.7511844038963318,0.8308120965957642,0.16808174550533295,0.11624700576066971,0.0768333151936531,0.7111910581588745,0.968788743019104,-0.17306432127952576,0.18130503594875336,-0.31453466415405273,0.3033330738544464,0.16340875625610352,-0.6309444904327393
0.24550998210906982,-0.06097197160124779,-1.0861520767211914,-1.0567522048950195,-0.6452810764312744,-0.6374993920326233,0.05981368571519852,-0.005863409023731947,-1.4360913038253784,-0.6315867900848389,-0.15502166748046875,-0.9503398537635803,-1.5702965259552002,-0.7533127069473267,-0.4515913426876068,0.18567243218421936,-0.42079368233680725,0.6609066724777222,0.4644283354282379,1.0746092796325684,0.7410785555839539
-1.4233673810958862,-0.11211598664522171,-0.35347220301628113,-0.8977953791618347,0.09887713193893433,-0.18783341348171234,-0.5549542903900146,-0.5740217566490173,-0.057003203779459,-0.9407505393028259,-0.3313887417316437,-0.15933538973331451,1.0073899030685425,-0.22169555723667145,-0.7671221494674683,-0.6979934573173523,-0.8272067904472351,-0.500562846660614,0.2836962938308716,0.6214694976806641,-0.685770571231842
0.8366407752037048,-0.29690879583358765,1.4597392082214355,0.9858856201171875,-1.0320717096328735,0.20148541033267975,0.7714851498603821,-0.037397995591163635,-1.5675534009933472,0.39176511764526367,0.27110302448272705,0.5066080689430237,-0.7549216747283936,-0.2440444827079773,-0.5024044513702393,1.5635660886764526,0.6478143930435181,-0.59175044298172,0.12949387729167938,0.031249726191163063,-0.9410985112190247
0.4865379333496094,0.626686692237854,-0.8172292709350586,-0.22576342523097992,-1.335024118423462,0.8405856490135193,-0.46776115894317627,0.9049600958824158,1.1655734777450562,0.15700694918632507,0.2424781322479248,0.35364460945129395,-0.5461573004722595,-0.016461936756968498,0.8625268936157227,0.2272932529449463,0.3462662398815155,0.6541184186935425,-0.11346510797739029,-0.4200223982334137,-1.774169921875
-0.29569801688194275,-0.20061703026294708,0.1299375295639038,0.887688398361206,1.1243367195129395,-0.560667097568512,0.8268780708312988,0.30986639857292175,1.2900599241256714,-1.2098208665847778,-0.6948903203010559,-0.9655390977859497,-0.34890034794807434,0.8928863406181335,0.5891199111938477,0.8767129182815552,-1.0525405406951904,1.0481183528900146,0.2960064709186554,1.8361655473709106,1.7027722597122192
0.24127988517284393,-0.309266597032547,0.14201602339744568,-0.8929245471954346,0.8394042253494263,-0.6473125219345093,1.1582261323928833,-0.7178534269332886,0.39755406975746155,-1.5459210872650146,-0.10731600970029831,0.05625753849744797,-0.45560747385025024,-0.16721630096435547,-0.35299918055534363,-0.7042567133903503,0.46742361783981323,-0.0896182656288147,0.33328789472579956,0.30519723892211914,0.6006093621253967
0.17615996301174164,0.18279430270195007,0.19459183514118195,0.5727028250694275,0.6360620856285095,0.8396715521812439,-0.17419755458831787,-0.1960710883140564,1.1746054887771606,0.7186992764472961,-0.03912990167737007,-0.20362962782382965,1.0621793270111084,0.15597912669181824,0.8572610020637512,0.6903514266014099,0.47140371799468994,-0.6830064058303833,-0.652920663356781,-0.7194406986236572,-0.5682385563850403
1.0431970357894897,-0.05919789522886276,0.019971366971731186,-0.016126327216625214,-0.08758274465799332,-0.5868780612945557,-0.4510486423969269,-0.2829456627368927,-0.7648928165435791,1.4768537282943726,-0.03433716297149658,-0.07792534679174423,-0.22819013893604279,-0.5349540710449219,-0.6197665929794312,0.171067476272583,0.2105179727077484,-0.3746163845062256,-0.1763601005077362,-0.6477200984954834,-0.9717749357223511
-0.9098671078681946,0.35252588987350464,-0.19755245745182037,0.8981505632400513,-0.44392359256744385,0.1640869379043579,-0.47446537017822266,0.9572126865386963,-0.4379303753376007,0.00852915272116661,0.24710629880428314,0.6112404465675354,0.23390783369541168,0.8702461123466492,1.558854103088379,-0.3244124948978424,-0.6800762414932251,0.44171038269996643,-0.2788889408111572,-1.1187952756881714,-1.6245365142822266
-0.24831707775592804,0.1891964226961136,1.1472835540771484,-0.16120180487632751,0.7024274468421936,0.16148392856121063,-1.4383760690689087,-0.19339734315872192,-1.0938704013824463,1.3197044134140015,-0.16586856544017792,0.08923759311437607,1.9360558986663818,0.2736555337905884,-1.188101053237915,-0.5913578867912292,0.12086880952119827,-0.2155686467885971,0.015802398324012756,0.19277404248714447,0.2758997976779938

Slice 30
1.3100601434707642,-0.1492805927991867,2.3189077377319336,1.0756515264511108,1.5220839977264404,0.8643391132354736,-0.7366960644721985,-0.8195653557777405,-0.9106479287147522,-1.0529611110687256,0.14041870832443237,0.6679632067680359,-0.022979382425546646,-0.38087257742881775,-1.7032005786895752,0.6442158818244934,1.154773473739624,-0.9435552954673767,0.4586179256439209,1.1796822547912598,1.5838391780853271
-0.12452390044927597,-0.01542950700968504,-0.3693520724773407,-0.08141271024942398,0.23751182854175568,0.33332839608192444,-0.15125252306461334,-0.06228446960449219,-0.04493863508105278,-0.2686633765697479,-0.16479314863681793,-0.38349249958992004,-0.4289698600769043,-0.1623760312795639,-0.3593525290489197,-0.8552018404006958,-0.44063153862953186,-0.10198327898979187,0.049360837787389755,0.7070323824882507,-0.9459612965583801
0.09809352457523346,-0.19193705916404724,-1.5589361190795898,0.17095054686069489,0.5363398194313049,-0.1847304403781891,-0.48942726850509644,0.7420765161514282,0.17644813656806946,-0.10007655620574951,0.5846273899078369,-0.19824987649917603,-1.1070746183395386,0.3882747292518616,-0.02489977516233921,1.2775471210479736,1.2086081504821777,0.17983949184417725,0.1160137876868248,-0.7408674955368042,0.6047856211662292
1.8810760974884033,-0.20611397922039032,-1.4878101348876953,-1.099045753479004,0.09498881548643112,0.3501330614089966,-0.2736741602420807,0.6276729702949524,-0.6700055599212646,-0.15434344112873077,-0.1664697527885437,0.802940309047699,-0.4739454686641693,-0.8436661958694458,-0.3097737729549408,2.230041742324829,2.1711463928222656,0.8474543690681458,-0.10385719686746597,-0.46402594447135925,0.9547012448310852
-0.3743354380130768,-0.020726319402456284,-0.5998427271842957,-0.16182199120521545,-0.8181970715522766,-0.4831545650959015,-0.0915961042046547,0.2251780927181244,-0.5254450440406799,0.8647818565368652,-0.14386042952537537,0.2263590544462204,1.075161099433899,-0.3515934646129608,-0.23041827976703644,-0.4295722544193268,-0.20119629800319672,0.558215320110321,0.19225193560123444,-0.7011992931365967,0.6768413782119751
-0.6921910643577576,0.10142061859369278,-1.1214981079101562,0.4451894164085388,0.4233458340167999,-0.7704650163650513,-0.5280401110649109,0.7837740182876587,-0.40234896540641785,1.200232744216919,0.022596243768930435,-0.78293776512146,-0.3037964999675751,-0.2824571132659912,-0.6228488087654114,-0.39056870341300964,-0.560859203338623,0.009259691461920738,0.14145074784755707,-0.1669166088104248,-2.0697975158691406
-0.5194001793861389,-0.0035435501486063004,-0.3906426429748535,-0.5478062629699707,-0.6818603873252869,-0.3549829125404358,-0.09375261515378952,-0.5765917301177979,-0.06803031265735626,-0.42149293422698975,0.03991275280714035,-1.2659443616867065,0.002949526533484459,-0.6393417716026306,-1.1075522899627686,-0.42407888174057007,-0.718938410282135,-0.07722447067499161,-0.22446654736995697,-0.556014895439148,-0.8931794762611389
0.045263003557920456,0.21351395547389984,2.4962210655212402,1.5026293992996216,-0.30763670802116394,0.47431546449661255,0.1634449064731598,-0.10157164931297302,0.5241767168045044,0.3210206925868988,0.1810949742794037,1.3849319219589233,0.45122230052948,-0.30223479866981506,0.4817184507846832,0.02823074534535408,0.16409705579280853,-0.0958639606833458,0.06984482705593109,0.9420831203460693,-0.38233301043510437
-0.77426677942276,-0.12234809994697571,1.431626558303833,0.2456696629524231,-0.3907337784767151,-1.1805728673934937,-0.21942321956157684,-0.5295107960700989,1.1794248819351196,0.6994801163673401,-0.15380428731441498,-0.03509560599923134,-0.5948694944381714,0.1350802630186081,1.6490713357925415,0.7711750864982605,0.10043372958898544,-0.807364284992218,-0.13063444197177887,-0.419292151927948,0.4460412859916687
-0.059957049787044525,-0.1251002848148346,0.9543453454971313,0.562574028968811,0.23824240267276764,0.428678423166275,0.10115304589271545,0.25576484203338623,-0.12058010697364807,-0.21481060981750488,-0.585579514503479,0.5807572603225708,1.0179429054260254,1.173207402229309,2.0257935523986816,0.036495428532361984,-0.7243148684501648,0.6592248678207397,0.05514303967356682,0.9413731694221497,1.353521704673767
0.19693830609321594,0.12808018922805786,-0.27280372381210327,-0.3849376142024994,-0.11905514448881149,0.18315958976745605,0.884909451007843,-0.2907937169075012,0.7235777974128723,-0.0964806005358696,-0.37637001276016235,0.2717358469963074,0.17848701775074005,-0.12480366230010986,0.17033232748508453,0.2541506886482239,-0.10087408125400543,-0.6703877449035645,-0.02665356732904911,0.046574048697948456,-0.5441873669624329
-0.5062918066978455,-0.06594256311655045,-0.8458831310272217,0.5523796081542969,0.5243329405784607,-0.07250695675611496,0.14187398552894592,-0.05065857991576195,0.35069936513900757,0.2896971106529236,-0.2404288500547409,0.2480221390724182,0.10000957548618317,0.526918351650238,0.7114906907081604,0.4699813425540924,0.7259189486503601,0.4840943515300751,-0.12523619830608368,-0.9917877912521362,-1.117423415184021
-2.157308578491211,0.11348274350166321,-0.9817161560058594,-0.8572002649307251,-0.37484458088874817,-0.6937968134880066,-0.9242268204689026,-0.15022990107536316,-0.08947768807411194,-0.7809306979179382,0.03357622027397156,-0.40345498919487,-0.514116644859314,-0.04155004397034645,-0.3740783631801605,-1.0416154861450195,-0.651975691318512,-0.93662428855896,-0.23827920854091644,-0.2820357382297516,-0.3043341338634491
0.1274919956922531,-0.08609592914581299,0.12276745587587357,-0.15802258253097534,-0.5592156052589417,0.22276052832603455,0.20914864540100098,0.4232029318809509,-0.14251843094825745,0.5111364722251892,0.0068883937783539295,1.6388065814971924,1.2930115461349487,1.5195566415786743,-0.004046747460961342,0.5329657793045044,0.4132511019706726,0.026222243905067444,-0.5394563674926758,0.5317017436027527,0.6230409145355225
1.0648202896118164,0.07857654243707657,0.7128086686134338,-0.5513381361961365,-0.8990392088890076,-0.11695126444101334,0.2761985957622528,0.0893380269408226,0.021627111360430717,0.10704230517148972,-0.05875407159328461,-0.9739472270011902,0.7449526190757751,0.2571423351764679,1.5755642652511597,-0.7266731262207031,0.28509044647216797,1.7698311805725098,-0.7353717088699341,-0.8025311231613159,1.2191524505615234
0.15056361258029938,-0.24498888850212097,1.0446617603302002,0.209078848361969,0.9084658026695251,-0.31671878695487976,-0.3061560392379761,-0.5448086857795715,0.022123899310827255,-1.7352538108825684,-0.2631418704986572,0.11880303919315338,0.08437518030405045,-0.16354426741600037,-0.3710034489631653,-0.635257363319397,0.1893135905265808,-0.2617785930633545,0.13516010344028473,-0.7067871689796448,0.427469402551651
1.2609692811965942,0.4572627544403076,1.1922529935836792,0.09267451614141464,0.1357755959033966,-0.5492562055587769,-0.08431484550237656,-0.4872785210609436,0.04695415124297142,0.0687694102525711,0.22904136776924133,0.16462811827659607,-0.08891374617815018,-0.5681144595146179,0.10529439151287079,-0.13015839457511902,-0.594092607498169,-0.6815080046653748,-0.1129600778222084,-0.23842687904834747,0.08596580475568771
0.2655181884765625,0.042273350059986115,2.4708328247070312,1.223395824432373,-0.17246247828006744,1.2695224285125732,1.2021875381469727,-0.4630495607852936,0.5069594383239746,-0.9538053274154663,-0.5515221357345581,0.3242088556289673,-0.1868763118982315,0.7674252986907959,-0.11313682794570923,-0.3517404794692993,-0.4501836895942688,-0.1112515926361084,0.5743278861045837,2.551973581314087,1.7961596250534058
-0.19953197240829468,0.21939261257648468,-0.7515783309936523,-0.20259693264961243,0.1699742078781128,-0.06611928343772888,0.5141536593437195,-0.2423301488161087,-0.10179916769266129,0.981597363948822,-0.06030029430985451,-0.7419158816337585,0.047121547162532806,-0.05261412262916565,-0.09893340617418289,-0.6095902919769287,-0.47931286692619324,-0.18954111635684967,-0.09829611331224442,-0.37826818227767944,-0.4388267397880554
-0.8983274698257446,-0.08840430527925491,-0.9374407529830933,-0.039426594972610474,-0.4919232130050659,0.05770300701260567,0.24269507825374603,-0.11361069977283478,-0.5319889187812805,1.0681194067001343,0.7235571146011353,-0.8405373692512512,0.7939064502716064,-0.6308161020278931,-0.361810564994812,0.0025386782363057137,-0.7784401178359985,0.4868890345096588,0.08044908940792084,-1.2493644952774048,0.318942666053772
-1.2816864252090454,-0.02892608381807804,-1.6022868156433105,-0.624288022518158,-0.29973340034484863,-0.2320111095905304,0.39067342877388,0.288478821516037,-0.48268160223960876,1.3782203197479248,0.4401046335697174,-0.6129583120346069,-0.7064420580863953,-0.9297589063644409,-0.20479047298431396,-0.233240008354187,-0.6483352780342102,0.6251814961433411,0.23777568340301514,0.5036206245422363,-2.5323121547698975

Slice 31
1.4013487100601196,0.19589950144290924,-1.4903351068496704,2.3438851833343506,-0.4290665090084076,-0.87762850522995,-1.0208183526992798,-0.7790559530258179,0.2667844295501709,-0.7599155306816101,-0.7178879976272583,-0.5635560750961304,0.17167805135250092,-1.0942611694335938,-2.3863418102264404,0.1846960335969925,1.0532341003417969,-0.5728533267974854,0.09847033768892288,-0.5212780833244324,-0.21815654635429382
-0.28178080916404724,0.0019230381585657597,-0.07728899270296097,0.09406484663486481,0.5584577322006226,-0.5894408226013184,0.6759892106056213,-0.08584370464086533,-0.15397174656391144,-0.6507124304771423,-0.2611052989959717,0.13019847869873047,0.06332165002822876,0.595718502998352,0.881183922290802,-0.4116365611553192,-0.10741349309682846,0.0631130114197731,-0.10664492845535278,0.23037348687648773,0.7050179243087769
0.7222269773483276,-0.09217071533203125,0.9866846203804016,0.17199505865573883,-0.34857356548309326,-1.2779936790466309,-0.5750832557678223,0.10278216749429703,-0.8408826589584351,-0.9076668620109558,0.4248804450035095,-0.5013231635093689,-1.3936113119125366,1.170803427696228,-0.11553626507520676,-0.004465367645025253,-0.30880141258239746,-1.2907257080078125,0.09242241084575653,-2.1103591918945312,-0.054811444133520126
0.4475895166397095,0.273412823677063,1.8990768194198608,-0.19766287505626678,-1.1102094650268555,0.2942422330379486,0.02454262413084507,-0.8686402440071106,-0.2849598824977875,-1.3019936084747314,-0.32572153210639954,1.1459351778030396,0.7851195335388184,-0.6440117955207825,0.9299314022064209,0.5936119556427002,-0.11877448111772537,0.014716673642396927,-0.4026981592178345,-1.9620740413665771,-1.372094988822937
0.8209997415542603,-0.03487314656376839,-0.02747827209532261,-0.15365660190582275,0.016498880460858345,-0.8960282802581787,-0.8720105886459351,-0.6254858374595642,-0.7475849390029907,0.9506258368492126,0.36299049854278564,0.06847116351127625,1.8241926431655884,0.3009597063064575,-0.4312892258167267,0.43650951981544495,0.09607110917568207,-0.3217068910598755,-0.4489760398864746,0.5128716230392456,-0.8034265041351318
-1.2468632459640503,0.18012700974941254,-1.334818959236145,0.045140884816646576,0.9494292140007019,-0.22335942089557648,-0.7830855250358582,0.4357832074165344,2.1856446266174316,1.2440462112426758,0.26973748207092285,-0.3396911025047302,-0.7455055117607117,0.008513233624398708,0.21129129827022552,0.4040762186050415,0.29106515645980835,-0.005707359407097101,-0.06997407227754593,0.8215506076812744,0.016961652785539627
-0.5544084310531616,0.20087862014770508,-0.07013069838285446,-0.13081958889961243,-0.29930955171585083,-0.08135762065649033,1.0586615800857544,1.0100326538085938,1.0337786674499512,1.5354084968566895,0.3615840971469879,0.4592627286911011,0.39487743377685547,-0.7941239476203918,0.573555052280426,-0.2952232360839844,0.04974045231938362,1.2488632202148438,-0.29803064465522766,1.263698697090149,-0.6186001300811768
-1.4831613302230835,-0.0746999979019165,-0.8738622069358826,-0.7162099480628967,-0.1729886829853058,0.7390192151069641,-0.6966010332107544,-0.3152700960636139,2.0754129886627197,-1.3855881690979004,0.3125278949737549,-0.7028502821922302,0.38385698199272156,-0.00227768300101161,0.744088888168335,-0.25090277194976807,-0.5786848664283752,0.1223757341504097,-0.07770217210054398,-0.9930768609046936,-0.9951392412185669
1.7838200330734253,-0.06778682768344879,-0.7024068236351013,-0.04331599920988083,-0.9639180898666382,0.8063064217567444,-0.8374028205871582,1.696114182472229,0.6837202906608582,1.6165014505386353,-0.9217416644096375,0.5464940667152405,0.1711035966873169,0.12798623740673065,0.34838563203811646,1.1244537830352783,0.12805627286434174,0.22294941544532776,0.7513574361801147,-0.37429454922676086,-0.8651113510131836
0.08240784704685211,-0.034282803535461426,-0.6759655475616455,-1.1198278665542603,-1.9621243476867676,0.4033464193344116,-0.588943600654602,0.40649381279945374,0.48260730504989624,-1.430249571800232,0.7792996764183044,0.6654306054115295,-0.20306098461151123,0.9605051875114441,0.039237406104803085,-1.4270764589309692,0.1700131595134735,0.8734015822410583,-0.04467747360467911,1.214857816696167,0.47540634870529175
-0.6407081484794617,0.04837438091635704,-0.47911983728408813,-0.024494394659996033,-0.5496649146080017,-0.2113792896270752,0.1693030148744583,0.1849534511566162,0.9467907547950745,0.2747182250022888,0.8233010172843933,-0.2263210117816925,0.2769407331943512,-0.18913759291172028,-0.2490614652633667,-0.4141959249973297,0.1507767140865326,0.5386838316917419,0.41593438386917114,0.2808871865272522,-0.7485477328300476
-0.47564697265625,0.3448611795902252,-0.04131213203072548,-0.025573238730430603,1.2477885484695435,0.7252334356307983,-0.2987036406993866,1.4126166105270386,-1.5186415910720825,0.4384312033653259,-0.731155276298523,-0.5473594665527344,-0.9722957611083984,0.03064337559044361,0.5341465473175049,0.77338045835495,0.2776373326778412,-0.23969312012195587,-0.5853425860404968,-0.6427385807037354,1.0124225616455078
0.47331342101097107,-0.15254849195480347,1.6518924236297607,1.8679896593093872,0.0667124018073082,0.5781210660934448,3.3431715965270996,-1.0394155979156494,1.0333563089370728,-0.3935888111591339,0.28432804346084595,0.7761588096618652,-1.7902230024337769,2.0225930213928223,-0.43162330985069275,0.20765598118305206,0.8831791877746582,-0.7382686734199524,0.3227398097515106,-0.16658946871757507,3.0515143871307373
-0.17751523852348328,0.04358846694231033,0.15802741050720215,0.011237083934247494,-0.058571234345436096,-0.45653876662254333,0.180527925491333,0.2133675068616867,-0.72304368019104,-0.3992879092693329,-0.4280410706996918,0.1387932300567627,1.2318512201309204,-0.375716894865036,-0.8105924725532532,0.6420202851295471,-0.8780324459075928,0.15359368920326233,0.29008033871650696,-0.36665698885917664,-0.39996838569641113
0.8229436874389648,-0.023900719359517097,-0.07657621800899506,-0.3867851793766022,1.9066412448883057,1.581968903541565,-0.06439494341611862,0.15348516404628754,0.7949325442314148,3.408468246459961,-0.4212020933628082,-0.5672777891159058,-1.2329074144363403,-0.6492716670036316,0.9972831606864929,1.3768967390060425,-1.0222285985946655,0.848960280418396,-0.21682265400886536,-0.10259439796209335,0.9172971844673157
-1.1292188167572021,-0.11818086355924606,-0.5419331789016724,-0.4662223160266876,-0.632155179977417,0.11506303399801254,-0.2180011123418808,-0.32151392102241516,-0.04981556907296181,-0.6572862267494202,-0.3139767646789551,-0.5227492451667786,-0.44876423478126526,-0.3564419746398926,-1.547902226448059,-0.34767428040504456,-0.18545091152191162,-0.6708655953407288,-0.04122946783900261,0.15103328227996826,0.3651834726333618
-1.5004215240478516,1.294053316116333,1.2349330186843872,-0.6103518605232239,0.7512047290802002,-0.2204265296459198,-0.019983412697911263,-0.6171553730964661,-0.11907003074884415,0.8499959707260132,0.2494279146194458,0.4189498722553253,0.17191272974014282,-0.9821714162826538,0.11285680532455444,0.015812519937753677,0.6453084349632263,-1.0197086334228516,-0.1280617117881775,-1.355723261833191,1.0716521739959717
-0.27974462509155273,0.05060077831149101,-0.20894236862659454,-0.13354432582855225,-0.27401450276374817,0.02641277201473713,-1.226606845855713,0.8698208332061768,0.5753426551818848,-1.423471212387085,0.17306208610534668,-1.1567949056625366,1.3237110376358032,0.3062288761138916,0.6921883821487427,-0.5431769490242004,-0.8585983514785767,-0.0023194418754428625,-0.3057762384414673,-0.47678089141845703,-1.061781883239746
-0.36146312952041626,-0.06923501193523407,-0.19248691201210022,-0.21963897347450256,-0.07066355645656586,0.6424672603607178,-0.3682219386100769,0.2026859074831009,0.38596415519714355,0.9608524441719055,0.05201711133122444,-0.3534475564956665,-0.3012397885322571,1.1924505233764648,-0.4237935245037079,-0.365388423204422,-0.04375789687037468,-1.0226116180419922,-0.44611647725105286,0.43642380833625793,-0.5883452296257019
-0.456631064414978,-0.9323199987411499,-0.5487497448921204,-0.269828736782074,2.6733362674713135,0.21103046834468842,0.07311305403709412,-0.24072980880737305,0.21372240781784058,0.6380128860473633,0.1832772046327591,0.6069333553314209,-0.9324237704277039,-0.16181349754333496,0.011893613263964653,-0.3123514950275421,-0.13051560521125793,1.2322741746902466,-0.10323433578014374,2.1967148780822754,0.4976556599140167
-1.3244764804840088,-0.012789217755198479,-0.3537680506706238,-0.24039579927921295,1.2790935039520264,-0.402179092168808,0.15531331300735474,0.042403168976306915,-0.6943758130073547,-0.5210390090942383,0.006591955199837685,0.6188899874687195,1.4327975511550903,-0.12106034904718399,-1.7199585437774658,-0.19848862290382385,0.3029833734035492,1.4223850965499878,0.28365007042884827,0.5884548425674438,-0.059437695890665054

Slice 32
0.2199913114309311,-0.053243592381477356,0.31688323616981506,0.3338625729084015,0.015669360756874084,-0.5467150211334229,-0.8099892735481262,-0.4153693914413452,-0.4796452820301056,-0.35869982838630676,0.342273086309433,-0.1438719928264618,0.2561802864074707,-1.1590778827667236,-0.6590582132339478,-0.2544052004814148,0.9319232106208801,-0.08720898628234863,0.24902686476707458,0.182610422372818,-1.0495283603668213
-0.3627470135688782,0.028706511482596397,-0.19438807666301727,-0.5242806077003479,-0.03137967362999916,0.0012005085591226816,0.033046942204236984,-0.3165610432624817,-0.23167367279529572,0.11267638206481934,-0.09342435002326965,0.013612914830446243,-0.2758466899394989,-0.28879326581954956,-0.6200026273727417,-0.2567053735256195,-0.35730284452438354,-0.4668472707271576,0.02656957134604454,0.08310756087303162,-0.24178537726402283
0.4503825008869171,0.0840843990445137,-0.49871695041656494,-1.0991441011428833,0.09352751821279526,0.23221455514431,-0.4142095446586609,0.5598012804985046,0.2663101553916931,-0.9689189791679382,0.1695987731218338,0.11969969421625137,-0.6864947080612183,-0.4982007145881653,0.9706778526306152,0.334415078163147,-0.28963586688041687,0.494862824678421,0.0480918288230896,-0.13294744491577148,0.3293285369873047
1.9926034212112427,0.0016364228213205934,-0.6488719582557678,-0.5316402912139893,-0.379720002412796,0.628451943397522,-0.4049358665943146,-0.3142624795436859,0.04485439509153366,0.6954591274261475,0.02703990787267685,-0.06992720812559128,0.18184304237365723,-0.21004582941532135,1.0953813791275024,0.6346436738967896,0.13807722926139832,1.3319604396820068,-0.10822752863168716,0.5922979712486267,-1.3498761653900146
-0.8229646682739258,-0.10465142130851746,0.18181799352169037,0.7503898739814758,0.19396354258060455,0.188783660531044,0.4493879973888397,0.4752391576766968,-0.39082977175712585,1.416278600692749,0.06052674353122711,0.1935987025499344,0.11710555851459503,-0.0973057672381401,-0.36020079255104065,-0.17068234086036682,-0.3016899526119232,0.04243691265583038,0.24529573321342468,0.9841400384902954,-0.5738224983215332
-0.23342233896255493,0.039512842893600464,-0.8303403854370117,-0.5221442580223083,-0.0712762326002121,-1.2013823986053467,-0.13604938983917236,-0.7199861407279968,-0.7695398926734924,-1.190460205078125,-0.1113288477063179,-0.441709041595459,0.7523104548454285,-1.0315327644348145,-0.3786374032497406,-0.08775166422128677,0.09003528952598572,-0.2328193336725235,-0.11634442955255508,0.17982450127601624,1.136034607887268
-0.13198181986808777,-0.14227429032325745,-0.24111606180667877,0.19933003187179565,0.09025819599628448,0.15320223569869995,0.017699439078569412,-0.055720750242471695,-0.12197477370500565,-0.33629363775253296,-0.06675548106431961,-0.22620081901550293,0.25081565976142883,0.014650369994342327,-0.09410727024078369,-0.2412189543247223,0.20978349447250366,-0.19214527308940887,0.027292579412460327,0.29068949818611145,0.4416201114654541
0.33333835005760193,-0.15314869582653046,0.28072652220726013,0.1765720546245575,0.09644490480422974,0.44692349433898926,-0.4851260483264923,-0.36467257142066956,0.7018639445304871,-0.12119212001562119,-0.11624293774366379,-0.4981212317943573,0.18928393721580505,0.10988736897706985,0.1999322474002838,0.4672873020172119,0.025345325469970703,0.050946757197380066,0.0006967878434807062,-0.7857153415679932,-1.29984712600708
-0.214987114071846,-0.19582197070121765,0.6038246154785156,1.8448392152786255,0.2883833646774292,-0.015500844456255436,-0.1990642100572586,0.2530669569969177,0.5903857350349426,0.297691285610199,-0.021416665986180305,0.45798513293266296,0.1371052861213684,0.4227522015571594,-0.16595149040222168,-0.23766463994979858,0.1712813824415207,0.7710904479026794,-0.28645968437194824,-0.10948481410741806,-0.40198764204978943
-0.2711240351200104,-0.049811966717243195,0.4009400010108948,1.471562147140503,-0.3399045169353485,0.4233645498752594,0.5136467814445496,1.9173048734664917,0.6171134114265442,-0.19422467052936554,0.46784403920173645,-0.07345488667488098,0.44349002838134766,-0.30164599418640137,0.6181069016456604,-0.12445987015962601,1.9445865154266357,1.4361553192138672,0.13356885313987732,-0.2516784965991974,-1.7427685260772705
-0.4862641394138336,0.0656343474984169,0.33987048268318176,0.7184337973594666,0.4278126657009125,-0.16873812675476074,-0.05333850160241127,0.37560462951660156,-0.1671801507472992,-0.22565242648124695,0.06747749447822571,0.14439179003238678,0.33376067876815796,0.2772420048713684,-0.13415242731571198,-0.11544667929410934,-0.14300960302352905,0.2709619998931885,0.09163998067378998,-0.3488074243068695,-0.396579384803772
-0.6130881309509277,-0.025849230587482452,-0.13100698590278625,0.03425656259059906,-0.21846483647823334,-0.23449821770191193,0.25037771463394165,-0.3962983191013336,-0.3737630844116211,-0.9090153574943542,-0.3699663281440735,0.18516668677330017,-0.980941891670227,0.10589814186096191,-0.10465056449174881,-0.11217110604047775,-0.46323642134666443,-0.26130130887031555,-0.18462105095386505,-0.00161219562869519,0.06879748404026031
-0.08005188405513763,0.04149666801095009,2.211787462234497,-1.3766393661499023,0.335838258266449,0.1725728064775467,0.15438279509544373,-0.40224573016166687,-0.5913554430007935,0.9002647399902344,-0.048438385128974915,1.0316051244735718,0.28805771470069885,-0.24212342500686646,-0.027507763355970383,-0.00787823460996151,-0.055665358901023865,-0.33859938383102417,0.027565307915210724,0.2614447772502899,-0.16784563660621643
0.6765798926353455,-0.20770575106143951,-0.500310480594635,0.8613131046295166,-0.3972601592540741,-0.5360872149467468,-0.11876169592142105,0.5340383648872375,0.13758936524391174,-0.5098188519477844,-0.08325064927339554,-0.34596186876296997,-0.47223901748657227,1.5539299249649048,0.29183533787727356,-0.4008486866950989,0.31292274594306946,0.1059766635298729,-0.06299500167369843,-0.06379424035549164,-0.4627138078212738
0.44241371750831604,0.07165965437889099,0.22335617244243622,0.8665540218353271,-0.9730738997459412,0.029440227895975113,0.36251726746559143,-0.10740987211465836,0.4080931842327118,-0.4011062979698181,-0.06424205750226974,-0.4461980164051056,0.6747750043869019,0.8542744517326355,1.145491600036621,0.07800015807151794,0.4328972399234772,-0.03591173514723778,-0.16672426462173462,0.041226550936698914,-0.4602445065975189
0.17141282558441162,0.08166203647851944,-0.6125679016113281,-0.6440989375114441,-0.5565327405929565,0.1347511261701584,0.08728596568107605,-0.325152188539505,-0.6012377738952637,0.44921258091926575,-0.24258671700954437,-0.46964675188064575,0.35944506525993347,0.6586286425590515,0.12102257460355759,0.3765704333782196,0.24089689552783966,-0.33829164505004883,-0.10891364514827728,-0.3253124952316284,-0.2775062024593353
-0.08526693284511566,-0.05239269509911537,0.22312475740909576,-0.09403269737958908,-0.4042212963104248,-0.6450477838516235,-0.06879481673240662,-0.1928974837064743,0.5001792907714844,0.25300341844558716,0.01237575989216566,0.37386661767959595,0.05594930052757263,-0.08091141283512115,-0.004391390830278397,0.24386276304721832,-0.5063472390174866,-0.21261222660541534,-0.034052323549985886,-0.8180292844772339,0.19224469363689423
0.3949727714061737,0.32137325406074524,0.17229487001895905,0.5251253247261047,0.11408911645412445,1.1725974082946777,-0.049620043486356735,-0.37363699078559875,0.11848704516887665,-0.11194134503602982,-0.2135755866765976,0.4995679259300232,0.3973131477832794,0.16846498847007751,0.013161052949726582,0.37698400020599365,-0.7172818779945374,-0.8177012801170349,0.021594805642962456,-0.2122398018836975,-0.8201341032981873
-0.5540214776992798,-0.023355666548013687,0.08078943938016891,-0.35339924693107605,0.12269226461648941,0.1939222812652588,0.032273679971694946,-0.1346510350704193,0.03439026325941086,0.7816483378410339,0.03017798252403736,0.010326104238629341,0.6817561984062195,-0.05795232951641083,0.16431377828121185,-0.2333196997642517,-0.05766742303967476,-0.2508999705314636,0.10340693593025208,0.030764766037464142,-0.12970255315303802
-0.5036490559577942,0.26390451192855835,0.1931317150592804,-0.247883602976799,0.7555108666419983,-0.09448586404323578,0.14666801691055298,-0.17948220670223236,0.9610534906387329,0.28961026668548584,0.38535282015800476,-0.08809980005025864,0.1945911943912506,0.34378212690353394,0.13174942135810852,-0.2607848048210144,-0.6419867277145386,-0.5198439359664917,-0.03509168699383736,0.10206948220729828,-0.44895437359809875
-0.9008312225341797,-0.21671901643276215,-0.6312054395675659,-1.0916318893432617,0.3368785083293915,-0.6091529726982117,0.37381231784820557,-0.8402344584465027,-0.2781871259212494,-0.20430894196033478,-0.30459827184677124,-0.43996360898017883,-2.0564537048339844,-1.1667289733886719,-1.2264050245285034,-0.3254532217979431,-0.6094233989715576,-1.065742015838623,-0.10867644846439362,0.4003487527370453,4.230443477630615

Slice 33
-2.368889808654785,0.47344666719436646,-0.6211884617805481,-0.15404100716114044,0.08839573711156845,-0.28008773922920227,-0.4989134669303894,0.8150832653045654,1.512662410736084,1.1290391683578491,0.535663902759552,-0.11162882298231125,-0.0008203734178096056,0.6899086236953735,0.8370633721351624,-0.13968850672245026,-0.6833088994026184,-1.6165413856506348,0.3493121266365051,-0.14725980162620544,1.8546459674835205
0.715229868888855,0.7075667977333069,-0.10787574201822281,-0.26620954275131226,0.09628415107727051,0.34065955877304077,-0.19871796667575836,0.2982790172100067,0.10388699173927307,-0.6970320343971252,-0.2876846492290497,-0.46657299995422363,0.24081407487392426,-0.1101231798529625,-0.32620495557785034,-0.23538146913051605,-0.2897920310497284,0.05337867513298988,0.03285941109061241,1.703464150428772,0.20877714455127716
-1.048057198524475,-0.32462313771247864,1.1344267129898071,-0.17530173063278198,1.0074571371078491,-0.2878112196922302,0.20419858396053314,1.105374813079834,-0.14980201423168182,2.0745530128479004,-0.09745645523071289,-0.40767425298690796,-0.44878584146499634,-0.5780226588249207,0.11701249331235886,-1.5123783349990845,-0.21081794798374176,1.579688310623169,0.8476463556289673,-0.530518651008606,0.7404628396034241
-0.8131600618362427,-0.016256283968687057,-0.6314504742622375,-1.3901463747024536,-0.28308531641960144,-0.45710089802742004,0.18116866052150726,0.7176206111907959,1.0484446287155151,-0.031785447150468826,-0.07528694719076157,-0.8066820502281189,0.5632007122039795,1.1297070980072021,0.26223644614219666,-0.5992018580436707,-0.5614147186279297,2.151340961456299,-0.8355658650398254,-2.2156283855438232,-1.602531909942627
1.1430801153182983,-0.7831576466560364,-0.28682848811149597,-0.7856582403182983,-0.15313364565372467,0.8506211638450623,0.4733339250087738,0.18138282001018524,-1.144336223602295,0.04877517372369766,-0.024304069578647614,0.6415907144546509,-0.7730517387390137,0.2007092535495758,-0.34061574935913086,0.5917309522628784,-0.4589320719242096,-0.13822679221630096,0.10701007395982742,-0.5640504360198975,2.2278690338134766
-1.0203205347061157,0.2742559611797333,1.3285377025604248,0.13946618139743805,0.6668017506599426,1.089989185333252,-0.008859338238835335,0.8150495290756226,-0.530258297920227,-0.10004721581935883,0.4699609577655792,1.5931847095489502,1.2146157026290894,-0.41213175654411316,-0.3392978608608246,-0.4924904406070709,-0.003101904643699527,0.2652095854282379,1.4767972230911255,0.7137647271156311,-1.7043607234954834
-0.10466090589761734,-0.2213752120733261,0.9632570743560791,0.27105939388275146,0.5106588006019592,-0.4043693542480469,0.16760511696338654,0.003206243272870779,0.10963471978902817,-0.029036853462457657,0.002422909950837493,0.8072839379310608,0.26712560653686523,-0.38851141929626465,0.9463444352149963,-0.029953885823488235,1.3153605461120605,-0.9460859298706055,-0.14740289747714996,-0.35716676712036133,0.640673816204071
-0.517710268497467,0.11316943168640137,0.27396851778030396,0.28253304958343506,-0.15605713427066803,-0.05839300900697708,-0.04833567515015602,-0.09417174011468887,-0.9686790108680725,0.9143223762512207,-0.0151117704808712,-0.5744827389717102,-0.21956123411655426,-0.8673474192619324,-0.4943785071372986,-0.5745418667793274,-0.3457600772380829,-1.6689453125,0.517156720161438,0.2847445607185364,-0.6567636132240295
-1.61711585521698,0.3767317831516266,-3.0146234035491943,-1.1044389009475708,-0.31972405314445496,-1.1067306995391846,0.13098067045211792,-0.8772788643836975,0.08630852401256561,1.9506889581680298,1.3865687847137451,0.5726400017738342,-0.2828044891357422,-0.06605449318885803,-0.7103124856948853,0.35838383436203003,0.7712070941925049,-1.0275787115097046,0.07163980603218079,-0.24560889601707458,-0.5995299816131592
0.16088826954364777,-0.678035318851471,2.0428783893585205,0.4627627432346344,-0.6867160797119141,-0.477039635181427,-0.047899920493364334,-1.2603949308395386,0.46823084354400635,2.1038453578948975,-0.6725199222564697,0.8676190972328186,-1.1171549558639526,-0.4931742548942566,-0.3541501760482788,0.6974164247512817,1.1618982553482056,-1.4866645336151123,-0.23571723699569702,-1.7827414274215698,1.2425994873046875
0.3321239650249481,-0.40967950224876404,0.46672940254211426,0.1899130493402481,0.9162921905517578,-0.032821424305438995,0.19557437300682068,1.3626606464385986,-0.1216885969042778,-1.4415489435195923,-0.3993971049785614,-0.3920108675956726,0.06228121370077133,0.3792586624622345,0.873424232006073,0.7201461791992188,-0.40458616614341736,0.1038508489727974,-0.2878292202949524,1.0934289693832397,-0.23317395150661469
-0.6174460649490356,-0.24413394927978516,-0.028278015553951263,0.32672297954559326,0.5239682793617249,-0.3082566261291504,0.3035363256931305,-1.2732163667678833,-1.683115005493164,-0.39763593673706055,-0.41036346554756165,-0.49930456280708313,1.0944453477859497,-0.3758904039859772,0.37586626410484314,-0.804850697517395,-0.7104809880256653,-1.4627010822296143,-0.1119583249092102,-1.0525320768356323,-0.6142846941947937
0.554309606552124,0.2490953803062439,0.9634234309196472,0.5038101077079773,-0.2802875339984894,0.20781849324703217,-0.436909556388855,0.4141633212566376,0.685987651348114,-1.9116686582565308,-0.012657364830374718,1.5928958654403687,0.04828786477446556,-0.5133575201034546,1.2505314350128174,-0.07009515911340714,-0.5581879019737244,1.8524422645568848,-0.3010930120944977,-0.40033283829689026,-0.21939387917518616
-1.484391450881958,0.17035718262195587,-0.41909682750701904,0.5660056471824646,-0.31819668412208557,0.5680831074714661,0.2300872802734375,0.33234378695487976,-0.09666471183300018,1.0861666202545166,-0.5604279041290283,-0.6950987577438354,0.5148040056228638,-1.3686015605926514,-1.0107741355895996,-0.5785534381866455,0.3594835698604584,0.031319212168455124,-0.31843072175979614,-0.8296794891357422,-0.957269549369812
0.44059857726097107,-0.4504721462726593,-1.1709805727005005,1.0352431535720825,0.13587914407253265,-0.24270537495613098,-0.6200164556503296,0.8221333622932434,-1.0197120904922485,0.017921792343258858,0.6173561215400696,-1.1737825870513916,0.19188719987869263,0.7248364090919495,-1.3585485219955444,0.39599093794822693,-0.022283928468823433,-0.001560912118293345,-0.2231653332710266,0.6236259341239929,-1.4417345523834229
-1.2760963439941406,-0.07276149094104767,0.06879331916570663,-0.3881147503852844,0.10535004734992981,0.14173761010169983,0.13183732330799103,-0.5749143958091736,-2.22027587890625,1.18870210647583,0.775473952293396,-0.6052002310752869,0.13317279517650604,-0.4306444227695465,-0.7524850964546204,-1.1161153316497803,1.1594594717025757,0.5321056246757507,0.1950560063123703,1.5756617784500122,0.7800384163856506
0.6056996583938599,-0.02481675148010254,-2.281242847442627,-1.0001939535140991,-1.2127996683120728,-0.28277504444122314,0.27338162064552307,0.25619086623191833,-0.7005540728569031,0.1930083930492401,-0.8620284795761108,-1.7669273614883423,0.0685776099562645,-0.37461748719215393,-0.4410344660282135,-0.21685610711574554,-0.9462271928787231,-0.34916821122169495,-0.03753117844462395,-1.5028928518295288,-1.7102468013763428
-1.341732144355774,-0.15481756627559662,-0.4603600800037384,0.9111843705177307,0.13133051991462708,-0.5286897420883179,-0.7943158149719238,0.6658744812011719,0.4832262098789215,-0.42263129353523254,0.2855076789855957,-1.0519967079162598,0.17654550075531006,1.091867208480835,-1.3877005577087402,0.5723292827606201,-0.32421818375587463,0.8532894253730774,-0.6931507587432861,-0.9624350666999817,-0.08770396560430527
0.9619783759117126,0.2655211389064789,0.5931416749954224,-0.02181175909936428,0.4673216640949249,0.21111370623111725,0.37877097725868225,0.03060079738497734,0.04110619053244591,0.27618417143821716,0.0757172554731369,-0.04299316927790642,0.2771632969379425,0.17189718782901764,1.2794631719589233,-0.01784852147102356,0.06592964380979538,0.41542062163352966,0.8125267624855042,1.4138834476470947,0.35921621322631836
1.364857792854309,0.3996099829673767,2.3453750610351562,1.2235217094421387,-0.06722242385149002,-0.534142255783081,0.3137149214744568,0.27289751172065735,1.5042259693145752,-1.05022132396698,-0.8074250221252441,1.6637078523635864,-0.22248753905296326,0.042769454419612885,-0.4457473158836365,0.9146053194999695,2.5556793212890625,0.4648074209690094,0.19082842767238617,-0.5029565095901489,1.9915658235549927
1.203025460243225,-0.15106195211410522,-0.7267000079154968,0.4473925828933716,-0.2280903160572052,2.6224608421325684,0.1281309425830841,-0.9088127613067627,-0.21469424664974213,1.50824773311615,-1.2103484869003296,-0.7259669303894043,-0.20800405740737915,0.05512957647442818,0.8028679490089417,0.05815547704696655,0.6926383376121521,-0.8759141564369202,-0.35282209515571594,0.8254948258399963,0.26676374673843384

Slice 34
-1.2152739763259888,0.09008313715457916,0.1411050707101822,0.26275870203971863,0.5351431369781494,-0.058321595191955566,1.526733160018921,-1.1550968885421753,0.5567204356193542,0.22427742183208466,0.15106600522994995,-0.5146291851997375,0.20734931528568268,0.2499268800020218,1.578094720840454,1.446997880935669,-0.9034075140953064,-0.5115095973014832,-0.2700149118900299,0.38883063197135925,0.00801465380936861
1.241369605064392,-0.11614672839641571,0.4413290023803711,0.6594100594520569,-0.027987392619252205,0.13934637606143951,0.265935480594635,0.16485270857810974,-0.11044958233833313,0.5568994879722595,0.1377728283405304,0.056162331253290176,-0.19181588292121887,-0.41106587648391724,-0.19238190352916718,0.17269755899906158,0.2475307285785675,0.5543394684791565,0.015506996773183346,-0.4195704162120819,0.13704361021518707
0.49546197056770325,-0.29177990555763245,-0.1060296893119812,0.20691165328025818,0.13867323100566864,-0.5572413802146912,1.376850962638855,-0.8873485326766968,-1.054040551185608,0.6769014596939087,0.2731032967567444,-0.27522599697113037,-0.04359620437026024,-1.0445691347122192,-1.0756874084472656,-0.27477335929870605,-0.6543118953704834,-0.19487905502319336,-0.9650630354881287,3.890408754348755,2.766368865966797
-0.2405729740858078,-0.06899167597293854,0.26885131001472473,0.8914798498153687,2.1312971115112305,-0.6371793150901794,0.11834484338760376,0.36337757110595703,-1.0507738590240479,-0.12982997298240662,-0.49653276801109314,-0.21262559294700623,-0.838912844657898,0.31690698862075806,-1.0490221977233887,-0.8700308799743652,-1.3911181688308716,0.1073172464966774,0.8779920935630798,2.990680456161499,1.9339940547943115
-0.34066468477249146,0.2918342649936676,-0.16298076510429382,-0.5921174883842468,-1.230371356010437,0.8039454817771912,-0.8614535927772522,-0.24336829781532288,0.27035948634147644,0.24335485696792603,0.3348637521266937,0.8397017121315002,-0.08391407132148743,0.024175580590963364,-1.202679991722107,-0.689803421497345,-0.4525389075279236,0.3985091745853424,0.051599565893411636,-1.8838810920715332,-0.796366274356842
0.2933783531188965,0.13130933046340942,0.2704121172428131,-0.3475377857685089,0.13202905654907227,-0.08411760628223419,-0.939505398273468,-0.14117395877838135,0.4315790832042694,-0.7719692587852478,-0.542148232460022,0.4679628312587738,-0.1557128131389618,0.5830919742584229,1.3954689502716064,-0.11939523369073868,-0.08983402699232101,-0.19512954354286194,-0.4568268358707428,-1.1339694261550903,2.3160369396209717
0.5071031451225281,0.34481969475746155,-0.47391414642333984,-0.5265516042709351,-0.335018128156662,-0.1546739637851715,-0.25842761993408203,0.0782921239733696,0.4604432284832001,0.12945865094661713,0.7385205030441284,-0.2793540954589844,-0.48000091314315796,-0.5227132439613342,0.7953528761863708,0.02242133393883705,-0.5716202259063721,0.34066471457481384,0.17490613460540771,-0.384850412607193,-0.23565731942653656
0.20504029095172882,-0.029177391901612282,0.953730583190918,1.2933590412139893,-0.5802431106567383,-0.17685475945472717,0.6712293028831482,1.3126806020736694,1.3316197395324707,-1.2964590787887573,0.6343103051185608,1.0869810581207275,-0.689319908618927,-0.3156072497367859,-0.4644449055194855,1.0356777906417847,-0.41289108991622925,-0.7437325119972229,0.12543393671512604,-0.6567617058753967,-1.6485207080841064
-0.7946716547012329,-0.019065307453274727,0.6981121897697449,-1.0026262998580933,0.30257391929626465,0.3938432037830353,-0.1559329628944397,-0.4225969910621643,0.5649381875991821,-0.0039113047532737255,0.5265215635299683,-0.6084110140800476,0.35783034563064575,0.31507691740989685,0.7973053455352783,1.1580946445465088,-0.27539220452308655,-0.42754000425338745,1.2469215393066406,0.029585961252450943,-1.6042487621307373
-0.14637136459350586,0.03629975765943527,-2.5959434509277344,0.0077798450365662575,-0.06983306258916855,0.6537262797355652,-0.6225243210792542,1.3123948574066162,-1.7768586874008179,0.3915252983570099,-0.7455514073371887,-1.2757996320724487,-0.04769482463598251,0.16493593156337738,-1.0338813066482544,-0.31715795397758484,-0.36796504259109497,2.0823662281036377,0.19973422586917877,-1.037399172782898,-2.1559650897979736
-0.9819709658622742,0.005007381550967693,-0.6788504719734192,-0.15867836773395538,-0.3177454471588135,0.3213352859020233,-0.19318483769893646,-0.24193482100963593,1.16086745262146,0.9881492257118225,-0.12859854102134705,-0.5467929840087891,-0.556222677230835,0.5315650701522827,-0.9502983093261719,-0.7750165462493896,0.4753120541572571,-0.04046156629920006,-0.27192625403404236,-0.7515025734901428,-0.30568066239356995
-0.9380759596824646,0.3623681962490082,-0.4129050076007843,-0.6708108186721802,0.029656605795025826,-0.3704226613044739,-0.86082923412323,0.048909224569797516,1.5881527662277222,-0.24773238599300385,-0.0728192999958992,-0.03590713068842888,0.3929470479488373,-0.5565571188926697,0.41711780428886414,-0.040597062557935715,0.5204717516899109,0.27008122205734253,0.34445515275001526,0.49481114745140076,1.3124548196792603
-1.2319673299789429,0.2949434518814087,-0.17076033353805542,-0.5551488399505615,-0.7929269075393677,-0.1263282299041748,1.2153844833374023,-0.655881941318512,-0.17109797894954681,-0.5991888046264648,0.14110444486141205,0.6841789484024048,0.6404150724411011,-1.0668822526931763,-0.6866353750228882,0.34297850728034973,0.04227690026164055,0.948195219039917,-0.13263748586177826,0.0964195728302002,-1.3419718742370605
-0.9795642495155334,-0.014787293039262295,0.34024518728256226,-0.6199566125869751,0.4639638662338257,-0.31088533997535706,-0.3824654221534729,-0.8034607768058777,-0.2624906897544861,-1.4622732400894165,-0.3304724097251892,-0.016096165403723717,-0.47822630405426025,-0.19396114349365234,0.22413790225982666,-0.5356215238571167,0.22686386108398438,0.23310500383377075,0.21767118573188782,0.18636608123779297,0.43598586320877075
1.5488783121109009,0.6475479006767273,-1.1177183389663696,-0.7796630859375,0.9800143241882324,-0.040608182549476624,-0.5045385956764221,-0.04139707610011101,0.3817497193813324,0.5570314526557922,-0.49967044591903687,0.5109694600105286,-0.528534471988678,0.35875365138053894,-0.4898395836353302,1.4458318948745728,-0.2689208388328552,-0.5597355961799622,0.3265652656555176,0.4277927577495575,0.12416871637105942
0.768474280834198,-0.2558218240737915,0.15306702256202698,1.1169334650039673,-0.62633216381073,0.04043501615524292,-0.6105480194091797,-0.3485369384288788,-1.0112690925598145,0.09183736890554428,-0.4131115972995758,0.22337326407432556,0.9253405928611755,-0.4865032434463501,-0.5538369417190552,-0.27765583992004395,-0.027985021471977234,0.04295090585947037,0.22664430737495422,-1.8661980628967285,0.3916376531124115
-0.7326852679252625,-0.23480555415153503,0.38928651809692383,-0.6953851580619812,1.2145739793777466,-0.3197649121284485,-0.1906636506319046,0.3190806210041046,-1.4094586372375488,0.04035542905330658,0.7424819469451904,0.6083889603614807,-0.15223495662212372,-0.13132701814174652,-0.12756863236427307,0.8584897518157959,0.4158623516559601,-0.041236359626054764,0.0799374133348465,0.870715856552124,0.3132431209087372
0.4358244240283966,-0.2450401335954666,0.5261889696121216,0.21590660512447357,-0.8311133980751038,-1.0141427516937256,0.06281312555074692,0.556695818901062,-0.497792512178421,1.0798649787902832,0.3162989914417267,-0.38330698013305664,-0.27936074137687683,0.7618396282196045,-0.29477113485336304,-1.1955453157424927,0.9973630309104919,-0.006917870603501797,-0.3379673361778259,0.3474006950855255,-1.5817259550094604
0.9923824667930603,-0.12616077065467834,0.23510316014289856,-0.1340799182653427,-0.19299957156181335,0.013359369710087776,-0.32171323895454407,0.049949586391448975,-0.5010552406311035,0.01614120788872242,-0.23538608849048615,-0.2137599140405655,-0.27444392442703247,-0.27555760741233826,-0.16104672849178314,-0.34472212195396423,-0.22774583101272583,-0.1440250724554062,-0.24884480237960815,-0.2743335962295532,0.4101974368095398
0.42886990308761597,-0.34441620111465454,0.6918211579322815,-0.6766490340232849,-0.7046167254447937,0.6184414029121399,-0.6285398602485657,-0.4469301104545593,0.3457551896572113,-0.5932210683822632,-0.019662698730826378,0.4783167541027069,-0.8490689396858215,0.08648140728473663,-0.6565336585044861,0.2124747335910797,1.5711698532104492,-0.08522508293390274,-0.07495070993900299,-0.7061767578125,-1.0702660083770752
0.43508437275886536,0.24174420535564423,0.3026469051837921,1.8003034591674805,0.23753145337104797,0.3741872012615204,0.023109210655093193,1.2494670152664185,1.7894575595855713,1.1878416538238525,0.9834675192832947,0.9363632202148438,1.7207051515579224,1.0425666570663452,2.379582166671753,-0.308463454246521,0.4296729266643524,0.43912386894226074,-1.0731804370880127,-1.01206374168396,1.275325059890747

Slice 35
1.0711286067962646,-0.04577265679836273,1.4440447092056274,0.09343712031841278,-2.2279956340789795,1.220729112625122,-0.2373645305633545,1.036256194114685,0.14112356305122375,-1.990844964981079,-0.12392770498991013,0.2152559757232666,-0.3821175694465637,-0.678973913192749,0.8240997195243835,0.13798238337039948,-0.008408368565142155,1.5320552587509155,-0.5896957516670227,1.3853081464767456,1.4730783700942993
-0.9050501585006714,-0.01645580492913723,-0.6745593547821045,-0.6395845413208008,-0.2327241599559784,-0.30421727895736694,0.15614981949329376,-0.1834608018398285,-0.3304787278175354,-0.6740040183067322,-0.3021705448627472,-0.36826038360595703,-0.11091089248657227,-0.1816331148147583,0.052947916090488434,-0.7543806433677673,-0.28853633999824524,0.7474890947341919,0.008861777372658253,1.0896400213241577,-1.2298945188522339
3.963334083557129,0.8505671620368958,0.7539541721343994,1.8680782318115234,0.5771177411079407,-0.8184335827827454,-0.02955162338912487,0.0826951116323471,2.7120745182037354,1.1427175998687744,-0.6063235998153687,1.0083699226379395,-0.48316100239753723,-0.30315202474594116,2.004683256149292,0.16345269978046417,0.3529420495033264,1.4061203002929688,0.005199722945690155,0.7677266001701355,3.4768738746643066
1.4144223928451538,0.29266828298568726,-0.4395429491996765,-0.4654998183250427,-0.3616413474082947,-0.606368362903595,-0.08980276435613632,0.8173795342445374,2.2335166931152344,0.6653077006340027,0.22324173152446747,1.6112604141235352,-0.24331319332122803,-0.32681336998939514,0.3393184244632721,-1.7321678400039673,-0.07687357813119888,-0.34323862195014954,0.6390806436538696,1.3034627437591553,1.9927982091903687
-1.0964752435684204,-0.33964183926582336,0.003506014822050929,0.718582808971405,-0.3945061266422272,0.6069403886795044,-0.11155807226896286,-0.5923500061035156,1.4644376039505005,-1.0791352987289429,-0.1303189992904663,0.4855225682258606,2.2667605876922607,-0.44753360748291016,-0.4761079251766205,1.6554814577102661,0.7345569729804993,-1.3550611734390259,-0.012913934886455536,-0.5079976916313171,-0.4793570935726166
0.8171496987342834,-0.34993883967399597,1.2295477390289307,-0.4157009720802307,-0.6457231640815735,0.5006059408187866,0.1227976381778717,0.33117106556892395,-0.2525624632835388,-1.532558798789978,-0.2384655624628067,0.29129064083099365,1.9224697351455688,-0.0533575564622879,0.8250601887702942,0.4060980975627899,-0.28867658972740173,1.1005922555923462,0.3267592787742615,0.03433866426348686,2.035553216934204
-1.092246174812317,-0.06088795140385628,-0.7173036932945251,-1.2618963718414307,0.5809578895568848,0.46021440625190735,0.5909648537635803,-0.5867052674293518,0.590482234954834,-1.1375471353530884,0.07126710563898087,-0.24549689888954163,0.28748416900634766,0.24383199214935303,0.24391815066337585,-0.6811515092849731,-0.3532879054546356,0.4356505870819092,0.04191470146179199,0.39838549494743347,-0.7549804449081421
-1.6868401765823364,-0.04730937257409096,0.12384796142578125,-0.4696083068847656,0.5633916854858398,-0.7331318259239197,-0.7007592916488647,-0.9781508445739746,0.29244759678840637,1.6530095338821411,0.2902592122554779,-0.3206702470779419,-0.6009191274642944,0.07731319218873978,-1.485392689704895,0.1853029727935791,0.18738628923892975,-1.0813332796096802,-0.586616575717926,-0.7698696851730347,-0.6687703132629395
-0.6443605422973633,-0.013821760192513466,-2.200639486312866,-0.4864077866077423,0.9125257134437561,-0.08976654708385468,1.159227967262268,-0.001806515036150813,-1.2667138576507568,-0.40659284591674805,0.7088809013366699,1.8162413835525513,-0.3570762574672699,0.9773863554000854,-1.800243616104126,0.16831275820732117,-0.34219202399253845,-0.4135417640209198,0.1525205373764038,0.1783931404352188,-0.35695528984069824
-0.043619304895401,-0.5349397659301758,-1.4354010820388794,-0.5219623446464539,0.17449767887592316,0.23207417130470276,-0.10577447712421417,-1.0260101556777954,1.1978060007095337,-0.8696326613426208,-0.022680260241031647,-1.4127700328826904,-0.196836918592453,0.6752263307571411,0.5769239068031311,0.03631679713726044,-0.9778136610984802,-1.1910675764083862,-0.14319203794002533,-0.7621375918388367,-1.6521583795547485
-0.42584094405174255,-0.05843205377459526,-0.12836161255836487,0.17763158679008484,0.051218438893556595,0.064084492623806,-0.33178356289863586,-0.1848382204771042,-1.8556474447250366,0.2695256173610687,0.12568050622940063,0.14485163986682892,0.41317951679229736,-0.6741622090339661,-0.9402486085891724,-0.17809540033340454,-0.49559319019317627,-1.0058579444885254,0.1675320714712143,-0.7147079706192017,-1.1476322412490845
-0.40908944606781006,0.32825395464897156,0.19424498081207275,0.2765953540802002,0.5618569850921631,-0.9259386658668518,-0.4943337142467499,0.09361832588911057,2.2408010959625244,-2.1519103050231934,-0.05070513114333153,0.6312368512153625,-0.43968167901039124,-0.11602630466222763,-0.0690995454788208,-0.15521594882011414,0.3523409962654114,0.29905763268470764,0.3188304305076599,-0.04249708727002144,1.6749722957611084
0.08999495208263397,-0.05309789255261421,1.273675799369812,0.045371826738119125,-0.15328490734100342,0.07237684726715088,0.21434541046619415,-0.5855258107185364,-1.7324233055114746,-0.2116249054670334,-0.24188344180583954,-0.6290196180343628,0.8499888181686401,1.1587791442871094,0.18678073585033417,2.1323750019073486,0.8293409943580627,-0.0753399208188057,-0.18983346223831177,0.8820279836654663,-0.5305049419403076
-0.8133853077888489,-0.22551295161247253,-0.7146399617195129,-1.1784327030181885,1.235715389251709,0.34401631355285645,0.23441720008850098,-1.3447729349136353,0.7158398032188416,0.6718536019325256,-0.5404412746429443,-0.4988078474998474,-0.375249445438385,0.7223655581474304,0.6636130809783936,-0.41932016611099243,0.41945043206214905,-0.45300546288490295,-0.19913120567798615,-0.34611186385154724,-0.0014736951561644673
-1.1206363439559937,0.11752653867006302,0.13342174887657166,-1.4035122394561768,0.031045185402035713,0.33555591106414795,0.028566887602210045,-0.3871103823184967,-1.924956202507019,-0.8541805744171143,1.5465302467346191,-0.9029227495193481,0.16156703233718872,0.6414887309074402,-1.067865252494812,-0.9315071702003479,-0.9091160297393799,-0.13197292387485504,-0.2489611953496933,0.30878210067749023,-0.0336339958012104
0.703184187412262,-0.22867123782634735,1.0649652481079102,1.0481760501861572,0.4411954879760742,0.3941906690597534,-0.7324798107147217,0.2802022397518158,1.384118676185608,-0.09705167263746262,-0.2958274185657501,0.05603105574846268,-0.700716495513916,0.42647379636764526,0.07186896353960037,0.18590529263019562,0.044534407556056976,0.6957234144210815,0.16179165244102478,1.0152746438980103,0.6761615872383118
-0.2641783058643341,-0.2775018811225891,0.5990657806396484,0.9287915825843811,-1.092743992805481,-0.37048810720443726,-0.24097055196762085,-0.1010735034942627,0.34080055356025696,1.495038628578186,0.14080017805099487,-1.0027425289154053,-0.5042774081230164,-0.2567533552646637,0.7556169033050537,-0.9755620360374451,1.1060569286346436,1.4668571949005127,0.40421169996261597,-1.0088649988174438,-1.0757324695587158
-0.1480160355567932,-0.13879793882369995,0.8137519955635071,0.30692294239997864,-1.0108838081359863,0.22086241841316223,-0.3817976415157318,-0.39006203413009644,-0.5170865654945374,2.1099326610565186,-0.2963939309120178,-0.6666547060012817,0.12887929379940033,-0.12538813054561615,0.2853013873100281,0.45100176334381104,-0.10451285541057587,-0.5171738862991333,-0.07221724092960358,-0.36141324043273926,-0.3600858449935913
-0.9396889805793762,-0.07421652972698212,0.6294431686401367,0.18089741468429565,0.35681480169296265,0.2526860535144806,0.19403620064258575,-0.07895014435052872,-1.4587308168411255,-0.21887363493442535,0.03539528697729111,0.021378159523010254,0.5499975681304932,-0.4655657708644867,-0.989736020565033,-0.0692659467458725,-0.32099902629852295,-0.38837382197380066,0.26074206829071045,1.0686627626419067,-1.023520827293396
-1.5012359619140625,0.045029520988464355,-0.990291178226471,0.22501292824745178,-0.1784135401248932,0.15091672539710999,-0.15384724736213684,0.3665652871131897,-0.05511946231126785,0.21713460981845856,0.22929126024246216,-0.29269880056381226,1.4094711542129517,-0.5173254609107971,-0.751838207244873,0.31654131412506104,-0.12283456325531006,-0.1769161820411682,-0.510953426361084,-0.044525329023599625,0.08948282152414322
0.23554515838623047,0.03016551584005356,0.28484705090522766,-0.5674698352813721,-0.08435937017202377,-0.8447153568267822,0.3969865143299103,0.7097451090812683,-0.20280830562114716,-0.3559758961200714,-0.023668741807341576,-0.8443381786346436,-0.07612799108028412,-0.9953451752662659,-0.4062058925628662,-0.45113566517829895,0.10803297162055969,0.40444275736808777,0.05490580201148987,0.034395333379507065,-3.427313804626465

Slice 36
-1.935110092163086,0.18320170044898987,-1.8728317022323608,-0.15911681950092316,0.0958390161395073,-0.35801613330841064,0.7663126587867737,-0.5169901847839355,0.986038327217102,1.750484585762024,-0.19810083508491516,-0.11198794096708298,-2.1955490112304688,0.27260148525238037,0.28255271911621094,-0.1048344150185585,0.5413872599601746,0.6129516363143921,0.10068240016698837,1.08441960811615,-0.962645411491394
-0.47190430760383606,0.11988206207752228,-0.16350038349628448,0.17378072440624237,0.21420317888259888,0.37206679582595825,-0.4343337118625641,0.24528281390666962,0.18519051373004913,1.701011061668396,-0.21818649768829346,-0.09240572899580002,0.08351600915193558,0.12280775606632233,-0.0929403156042099,-0.3650546669960022,0.452383816242218,0.0859568864107132,0.05616377294063568,0.4885006546974182,0.3994932770729065
0.6059626936912537,-0.11966170370578766,-0.14122936129570007,-0.21886445581912994,-1.1133980751037598,0.3222586512565613,-0.5267220139503479,-0.09737032651901245,-0.013838289305567741,-0.9264640808105469,-0.07162827998399734,-0.48370492458343506,1.5578222274780273,0.5525233149528503,0.18663880228996277,0.4812626540660858,-0.7923560738563538,-1.85129714012146,-0.036157120019197464,-0.3054054379463196,-1.4431196451187134
-0.6796115636825562,-0.39554280042648315,0.12314694374799728,-0.4399595856666565,-1.4296704530715942,0.35076144337654114,-0.14980624616146088,-0.08043572306632996,0.5525569319725037,-2.177386522293091,-0.6109235286712646,0.5474411845207214,-0.28172045946121216,0.6292767524719238,0.04005288705229759,-1.1899343729019165,-0.5749180912971497,-0.06060630455613136,-0.4352947473526001,-0.4257180392742157,-0.2927303612232208
2.2976624965667725,0.3796667456626892,0.9591096639633179,0.2705657184123993,2.676349401473999,0.9823094606399536,0.3394811451435089,1.049677848815918,-0.0674552172422409,2.3859455585479736,0.21182313561439514,0.04433899000287056,0.7051469683647156,0.06729631870985031,0.02870430052280426,-0.07568680495023727,-0.5495066046714783,1.0517082214355469,-0.049157414585351944,1.708024501800537,2.335235595703125
-0.3320308029651642,-0.1831115037202835,0.60618656873703,-0.23307229578495026,-0.7394883632659912,-1.0590962171554565,-0.2947709560394287,0.44812148809432983,0.2081870287656784,-1.1014105081558228,-0.12324147671461105,1.0022614002227783,-0.6440293788909912,-0.23594863712787628,-0.9880732893943787,0.4569084048271179,0.6913979649543762,-0.5088674426078796,-0.41646668314933777,-0.411763072013855,0.489244282245636
0.17780287563800812,0.04076701030135155,-0.3841995894908905,-0.4801005423069,-0.5746373534202576,-0.7715670466423035,-0.22037668526172638,1.1433876752853394,-1.0375711917877197,1.5662630796432495,0.5225192308425903,-0.3544228971004486,0.6162558197975159,0.3959878981113434,-0.46469205617904663,-0.29883313179016113,-0.7818573117256165,0.20847083628177643,-0.19377335906028748,-1.1559176445007324,-0.16515783965587616
0.04613478481769562,-0.3003537058830261,-1.0346291065216064,0.4949289560317993,1.8876348733901978,0.06411231309175491,2.5857362747192383,-0.5665735006332397,1.9783484935760498,-2.3361337184906006,-0.2450890690088272,0.7652235627174377,-0.16883914172649384,0.49282392859458923,0.2949032187461853,-0.46372437477111816,-0.2191545069217682,-1.0133715867996216,2.0892279148101807,3.13481068611145,-0.10741205513477325
-0.4496220350265503,0.11704102158546448,-0.518600344657898,-1.6048928499221802,-0.7218388319015503,-0.18663547933101654,-0.35887497663497925,-1.507758378982544,0.2945263385772705,-1.7947418689727783,-0.5785608887672424,-0.45330190658569336,-0.5355076193809509,-0.34154459834098816,-0.229397714138031,0.19104821979999542,0.6856057047843933,-0.19978387653827667,-0.43650907278060913,-1.2197526693344116,-0.26487359404563904
-0.8218185305595398,0.3058323860168457,0.6307751536369324,1.8093949556350708,1.3203481435775757,0.19149112701416016,-0.17339007556438446,1.6975970268249512,-1.0882139205932617,1.8391705751419067,1.0228490829467773,0.6676232814788818,-0.2556301951408386,0.2617526650428772,0.6175237894058228,0.04041029512882233,0.2873784899711609,-1.1145943403244019,-1.307725429534912,-0.47645509243011475,1.382537841796875
0.030799500644207,-0.26155704259872437,0.5214857459068298,1.0291627645492554,-0.44633421301841736,0.17439255118370056,-0.029688656330108643,0.5424749255180359,0.5714921355247498,-0.18257130682468414,0.24276858568191528,1.0323526859283447,0.6033007502555847,0.3951353132724762,-0.36370325088500977,0.42847922444343567,0.2920048236846924,0.27390411496162415,0.04158420115709305,-0.5937067270278931,0.8980584144592285
-0.1570931226015091,-0.23494912683963776,-0.16987359523773193,-0.8342563509941101,-0.860190749168396,1.0896632671356201,-0.43753963708877563,-0.9098633527755737,-1.7597193717956543,0.09613918513059616,0.2416629195213318,-0.19053909182548523,0.3139643967151642,0.04939710721373558,-0.2855061888694763,0.4365150034427643,-0.26175063848495483,-1.0738550424575806,0.10679302364587784,-0.27629852294921875,-0.8077805638313293
0.7153398394584656,-0.23888152837753296,-0.6707063317298889,1.0048294067382812,-0.32676294445991516,-0.11536484211683273,-0.9836910367012024,-0.39198508858680725,0.9815335869789124,-1.3439916372299194,-0.4482456147670746,-0.9437770843505859,0.4615292251110077,0.2780788540840149,-0.19931043684482574,0.292680948972702,0.28831401467323303,-0.5400331616401672,0.3447311222553253,-0.7595796585083008,-0.5402998328208923
-0.956547737121582,-0.15059813857078552,0.545798659324646,-0.3631082773208618,-0.13810651004314423,-0.4122381806373596,-0.5243075489997864,-0.25000545382499695,0.041371844708919525,-2.3654744625091553,-0.012664214707911015,-0.2935023605823517,-0.5914288759231567,-1.1354483366012573,-0.8006007075309753,0.21147769689559937,0.2500099241733551,-0.2960259020328522,-0.549394428730011,-1.9169199466705322,-1.1123217344284058
-1.9902143478393555,0.047189999371767044,0.054700758308172226,-0.7746854424476624,-1.0156234502792358,-1.2742315530776978,-0.9124946594238281,-1.216570496559143,0.937821626663208,-0.22319422662258148,0.10096240043640137,-0.17473454773426056,-0.9217194318771362,-0.8595476150512695,0.32690852880477905,0.10580968111753464,-0.43523678183555603,0.5582377910614014,0.0003889607614837587,-1.0334184169769287,-0.2293540984392166
-0.4394935071468353,-0.3159708082675934,-0.8615173101425171,-0.48808202147483826,-0.31490758061408997,0.48775458335876465,-0.19687403738498688,0.00851782038807869,0.10233720391988754,-0.2914431393146515,-0.05087237432599068,-0.35135361552238464,0.03892049193382263,-0.3402124047279358,0.024488074705004692,-0.33515337109565735,0.5786194205284119,0.47333163022994995,0.3027912974357605,0.48766759037971497,-0.44627293944358826
-0.27886107563972473,-0.21025529503822327,-0.16776975989341736,-0.6941277980804443,-0.27712830901145935,0.2606656849384308,-0.762071430683136,-0.9791737794876099,1.0143349170684814,-1.3446539640426636,-0.36280307173728943,0.07581723481416702,-0.3444599509239197,-0.6434638500213623,-0.1786787360906601,0.16363486647605896,-0.18020588159561157,-0.02990247868001461,-0.21762117743492126,1.0967873334884644,-0.42692896723747253
-0.43107399344444275,-0.029583889991044998,0.14048680663108826,-0.5658091902732849,2.0709309577941895,0.37825265526771545,0.49179807305336,-0.44525372982025146,-0.8007484674453735,2.6094748973846436,-0.8428283333778381,-1.0810134410858154,-0.5180308222770691,-0.4719920754432678,-1.4487873315811157,0.7492300868034363,0.1848468780517578,0.24578779935836792,-0.6200335621833801,2.1092958450317383,0.3359447717666626
1.6670494079589844,0.18338355422019958,0.717648983001709,0.8940845727920532,-0.6827391982078552,0.12548136711120605,-0.8305289149284363,0.23249515891075134,-0.40461474657058716,2.1579642295837402,-0.09088551998138428,-0.07523712515830994,0.956858217716217,0.36473438143730164,0.011834502220153809,0.293462872505188,-0.12295059859752655,0.534234344959259,0.8438067436218262,-1.1748263835906982,0.4911045432090759
2.659180164337158,0.9903366565704346,-0.7660040259361267,0.48959991335868835,1.6198748350143433,0.04931248351931572,1.5679031610488892,0.6729006767272949,-2.205331802368164,2.0977911949157715,0.9821370840072632,-0.3679332733154297,1.9490010738372803,-0.735226571559906,1.143159031867981,0.7695151567459106,0.12079086154699326,1.7004352807998657,-0.2593387961387634,0.8206338882446289,-0.4257211983203888
0.2016139179468155,-0.00573943555355072,-0.019824594259262085,1.071164608001709,-0.27474069595336914,-1.4893548488616943,0.09676493704319,-0.1690923571586609,-0.05374309420585632,0.9414816498756409,0.02930459938943386,0.36647140979766846,-0.5218538045883179,0.12586462497711182,0.25240233540534973,-0.20341584086418152,0.15250924229621887,1.7107536792755127,0.36094412207603455,0.20389513671398163,1.713384985923767

Slice 37
-0.5981071591377258,-0.04688245430588722,0.6614974737167358,-0.6249945163726807,-0.22743655741214752,-0.0216907300055027,-0.2881537079811096,-0.1821601241827011,-0.09027958661317825,-0.7809180021286011,0.3836020827293396,0.2770158052444458,-0.5319709777832031,0.8134411573410034,-1.35770845413208,0.1456131935119629,0.2152007669210434,-1.1615791320800781,0.012841405346989632,0.6928768754005432,-1.3291220664978027
0.44255703687667847,0.08352255821228027,0.42275553941726685,0.18050618469715118,0.05599672347307205,0.14795640110969543,0.031154030933976173,0.26273393630981445,0.44502684473991394,0.13122837245464325,-0.12456627190113068,-0.06565757095813751,0.027676459401845932,-0.20342347025871277,0.22393199801445007,-0.033300481736660004,0.15517795085906982,-0.02769527956843376,-0.11871897429227829,-0.4534517824649811,-0.3074800968170166
0.1620652824640274,-0.340989351272583,0.057179152965545654,0.642188310623169,-1.5644675493240356,0.317486435174942,-0.18242111802101135,-0.017757894471287727,0.20646603405475616,-0.19382888078689575,-0.0458461157977581,-0.04501170665025711,0.3038705587387085,-0.5031316876411438,-0.5075030326843262,-0.39057618379592896,-0.17380182445049286,0.4642623960971832,0.4124717116355896,-1.7959238290786743,0.5027419328689575
-0.7647790312767029,0.04138775169849396,0.1930636316537857,0.8980002999305725,-0.5294014811515808,0.0320289172232151,-0.6876764893531799,0.21484066545963287,-0.43081095814704895,-0.15125542879104614,0.3311956822872162,-0.2821919322013855,-0.003596079535782337,-1.0369359254837036,-0.703045666217804,-0.3423941731452942,-0.022309793159365654,1.5435885190963745,0.3939668834209442,0.3731677532196045,0.31537163257598877
-0.5288732051849365,-0.35706382989883423,0.12556378543376923,-0.16627004742622375,-0.1254064440727234,0.16820767521858215,0.03480248153209686,-0.056074436753988266,0.5810232758522034,-0.2736724317073822,-0.042782630771398544,-0.11731696873903275,0.03323378413915634,0.6488026976585388,0.3250114619731903,0.16026762127876282,0.022978568449616432,0.29247379302978516,0.027484377846121788,-0.7850586175918579,1.0894280672073364
0.513066828250885,-0.1457488238811493,0.046222053468227386,0.4548332691192627,0.2598235309123993,-0.462411105632782,0.16190573573112488,0.5410211086273193,0.17269383370876312,-0.13889802992343903,0.00720624765381217,-0.17765989899635315,-0.24408982694149017,-0.6688528656959534,-0.2723698914051056,0.582810640335083,0.3234058618545532,0.6721890568733215,0.43428918719291687,1.3244080543518066,-0.6133413910865784
-1.1553893089294434,-0.15011891722679138,0.06537297368049622,-0.16174441576004028,-0.814638078212738,-0.21670477092266083,-0.23602217435836792,-0.32403862476348877,0.4719933569431305,-0.30397656559944153,-0.27824971079826355,-0.10744062811136246,0.10575643926858902,0.1280307173728943,-0.5970278382301331,-0.5686381459236145,-0.053547583520412445,-0.6845218539237976,-0.1847524642944336,-0.4528597891330719,-0.6295769810676575
1.4465572834014893,-0.30489352345466614,-0.03629788011312485,-0.09734468907117844,0.17923611402511597,0.3459988236427307,0.2872524559497833,-0.2220592051744461,0.11893559247255325,-0.5007800459861755,-0.21658357977867126,-0.6118583083152771,-0.2450389862060547,0.035819392651319504,0.19327765703201294,-0.048749156296253204,0.20800107717514038,0.6236734390258789,0.40847596526145935,0.7911495566368103,0.5266637206077576
2.110203742980957,0.28429651260375977,-0.5990946888923645,0.040704455226659775,0.2669197916984558,-0.0722329318523407,-1.0908044576644897,-0.07215587794780731,-0.9470652341842651,-0.6709871888160706,-0.3690193295478821,-0.026548637077212334,0.8171356320381165,-0.4839347302913666,-0.21876876056194305,0.1221902072429657,0.19262051582336426,-0.8819547891616821,-0.3793293535709381,0.08423555642366409,-0.34889698028564453
-0.9984646439552307,0.7149528861045837,1.379662275314331,0.23735807836055756,2.512740135192871,-0.4714992046356201,-0.5969992876052856,-0.36094528436660767,0.08857426792383194,-0.29023438692092896,0.7208454012870789,0.5712780952453613,0.1364690363407135,-0.35324496030807495,-0.6559871435165405,-0.8009861707687378,0.8726186752319336,1.1811425685882568,0.04570762440562248,0.4449803829193115,2.505711317062378
-0.24606721103191376,0.2061174511909485,0.3873085081577301,0.24873872101306915,0.5492069721221924,0.2573699951171875,-0.2693738341331482,0.28954705595970154,0.014953278005123138,0.03611186519265175,0.7815315127372742,0.2829569876194,0.17557376623153687,-0.25179603695869446,-0.5674159526824951,0.11372454464435577,-0.07053139060735703,0.3640594184398651,-0.11741790920495987,-0.2378356158733368,0.8570219874382019
1.7916488647460938,0.29667043685913086,0.031865332275629044,0.4437715411186218,-0.6893736124038696,-0.15721213817596436,0.554004430770874,-0.725575864315033,-0.0318012498319149,-0.16586969792842865,-0.6743481755256653,-0.681660532951355,0.04673308506608009,0.005311835091561079,-0.2343824803829193,-0.16326823830604553,0.30223962664604187,0.8266051411628723,0.4232449531555176,0.03737534210085869,-0.22796422243118286
0.40412259101867676,0.061703264713287354,0.0051138754934072495,-0.566953718662262,-0.9544711112976074,0.032903481274843216,2.555990695953369,0.20972676575183868,0.4351480305194855,0.6496546864509583,-0.1609608381986618,-0.051163654774427414,0.10448497533798218,-0.24748316407203674,0.2728673815727234,0.23768261075019836,-0.416954904794693,0.3896324634552002,-0.3158707618713379,-1.7435169219970703,-0.5506973266601562
-0.34402552247047424,0.06986000388860703,-0.04025270789861679,0.8513270616531372,-0.04644789546728134,-0.26090046763420105,0.8879871964454651,-0.34489303827285767,-1.0377624034881592,1.5990269184112549,0.6985085010528564,-0.12301991879940033,-0.3171529173851013,0.5425255298614502,0.6572936177253723,-0.04632461443543434,-0.5896743535995483,-0.8531683087348938,-0.07893256098031998,0.9588788747787476,0.07115593552589417
-1.2749698162078857,-0.5040879845619202,-1.5134800672531128,-1.70550537109375,-0.09513479471206665,-0.2658022344112396,-0.39632710814476013,0.6291865110397339,0.5694695711135864,-0.6495479345321655,-0.3303937315940857,0.5087334513664246,0.608063817024231,-0.30157920718193054,0.7410524487495422,-0.639825701713562,-0.29670000076293945,-0.14398866891860962,-0.6624844074249268,0.4819188117980957,0.2345121204853058
-0.004260358400642872,-0.3130844533443451,0.15979857742786407,-0.6193348169326782,0.7782925963401794,0.524588942527771,-0.41078874468803406,-0.15572039783000946,0.12866823375225067,-0.8286677002906799,-0.16912373900413513,-0.04413622245192528,0.003826552303507924,0.9557307958602905,-0.2902481257915497,0.6646018028259277,-0.2239907681941986,-0.5615688562393188,-0.13962405920028687,0.4726726710796356,-0.8309208154678345
0.3225979506969452,0.051986001431941986,-0.8095833659172058,-0.0651571974158287,0.4169112741947174,-0.173562154173851,-0.14855913817882538,-0.4597042500972748,-0.5241848826408386,-0.3594614565372467,-0.3192770481109619,-0.2559371292591095,0.204017773270607,0.3588155210018158,-0.02533663436770439,0.99853515625,-0.1722753643989563,-0.45045971870422363,-0.05823853239417076,1.549649715423584,-0.42869237065315247
-0.20632827281951904,-0.13229522109031677,0.42528659105300903,-0.4862035810947418,0.5955748558044434,0.2680934965610504,0.34526264667510986,0.3412207365036011,0.0678907036781311,-1.149308443069458,0.030579544603824615,0.019684970378875732,-0.2635422945022583,-0.3892020285129547,1.1654574871063232,-0.49042922258377075,0.02600434236228466,-0.6988670825958252,0.2736152708530426,2.0026774406433105,0.6330118775367737
-0.20958448946475983,0.0026177733670920134,0.06592989712953568,0.06547923386096954,-0.25034359097480774,-0.2394142597913742,0.22054004669189453,-0.16651996970176697,0.9278813600540161,0.6428599953651428,0.11816567182540894,0.3745533227920532,0.1824113130569458,-0.2142152339220047,0.17487114667892456,-0.1703869104385376,0.043212588876485825,-0.28923267126083374,-0.3762899339199066,-0.8246736526489258,-0.0394563190639019
-0.8915086388587952,-0.17053930461406708,-0.228934183716774,0.40021243691444397,-0.63532954454422,0.13055004179477692,-0.18964196741580963,0.11025464534759521,-0.1159094050526619,0.5736589431762695,-0.34016233682632446,-0.03413401544094086,0.3006093502044678,-0.04760667309165001,0.24305123090744019,0.044046249240636826,-0.20858058333396912,-0.29421183466911316,-0.021488221362233162,-0.9195046424865723,-0.7296168804168701
0.9393373131752014,0.3540089726448059,-0.34991028904914856,-0.009240278974175453,-0.6967365145683289,-0.32453346252441406,0.014636817388236523,0.13207286596298218,0.2770335376262665,1.125505805015564,0.3123362362384796,0.22457446157932281,-0.7977808713912964,-0.09360458701848984,0.5744575262069702,0.2644820809364319,0.06974957883358002,0.06325271725654602,0.1960405707359314,-0.39716044068336487,-0.6234486103057861

Slice 38
-0.8346744179725647,-0.4061320126056671,0.569591760635376,0.1877366155385971,-0.9884258508682251,0.45227858424186707,-0.6642839908599854,0.9411202073097229,1.4974620342254639,-0.4749729633331299,0.2819399833679199,-0.5679328441619873,-0.019742202013731003,0.0036380819510668516,-0.09892372041940689,0.5936052203178406,0.35623666644096375,0.056858740746974945,-0.0391458161175251,-0.6566604375839233,0.9990265965461731
-0.019529392942786217,-0.0387675017118454,-0.2442665696144104,0.11043531447649002,0.10383564978837967,-0.1661696583032608,-0.38599276542663574,0.1493089199066162,0.44865354895591736,0.2275204211473465,-0.13147199153900146,-0.3387458324432373,-0.23336133360862732,0.12737123668193817,0.13825221359729767,0.25601625442504883,-0.09483029693365097,-0.09435778856277466,-0.08646474033594131,-0.6052384376525879,-1.2594391107559204
-0.2782202959060669,-0.22516849637031555,0.15353746712207794,-0.47923409938812256,-0.5720004439353943,-0.7531261444091797,0.11218858510255814,-0.5230289101600647,0.7360467910766602,-0.8033649921417236,0.1910671442747116,0.24658359587192535,1.916348934173584,0.7645063400268555,0.22685369849205017,0.39171144366264343,1.7633317708969116,-0.5547124743461609,-0.198874369263649,0.3817901611328125,-0.22269977629184723
0.3366093635559082,0.03681676462292671,0.05446350574493408,-0.10817268490791321,0.6443614363670349,-0.30868348479270935,-0.08938119560480118,-1.3998124599456787,-0.6264410614967346,-1.4098727703094482,-0.2900318503379822,1.4112635850906372,1.3418326377868652,0.6247227787971497,0.0846777856349945,-0.06194818392395973,0.6717797517776489,-0.5025750994682312,0.21833674609661102,-0.575981616973877,1.0053044557571411
0.34828266501426697,-0.24113768339157104,-0.7476298213005066,0.1002635732293129,-0.7408064603805542,0.07249819487333298,-0.11267386376857758,1.2209662199020386,0.5683671832084656,0.5327416658401489,0.003259585238993168,-0.03421402350068092,-0.6410686373710632,-0.7487162947654724,-0.4867413640022278,0.0017945582512766123,0.02013864740729332,0.5044106841087341,0.36333850026130676,0.9344297051429749,-0.6105595827102661
-0.5872291922569275,0.0728406310081482,0.47672319412231445,-0.2509137988090515,-0.3001391291618347,1.4092912673950195,-0.8744418621063232,-1.0160303115844727,-0.570615828037262,-1.3433001041412354,-0.22364677488803864,-0.3488227128982544,-0.5503706336021423,0.01158454455435276,-0.46976161003112793,-0.259781152009964,-0.9671220183372498,-0.9057778120040894,-0.03211100772023201,-0.4278199374675751,0.17523787915706635
-0.0922171026468277,0.05248797684907913,-0.5045992732048035,-0.19289271533489227,-0.6103010773658752,-0.49797967076301575,-0.36421170830726624,-0.4325813353061676,0.08751846849918365,-1.1309154033660889,-0.27824667096138,0.3606001138687134,-0.46547457575798035,-0.06998765468597412,-0.1710968017578125,0.010716256685554981,-0.4852828085422516,-0.49295786023139954,-0.017561983317136765,-0.43511125445365906,-1.0467259883880615
1.1306830644607544,0.14154453575611115,-0.28753453493118286,0.620214581489563,0.18993112444877625,-0.2195054441690445,-0.9957287311553955,0.6729221343994141,-0.7715633511543274,0.3713708519935608,-0.18769118189811707,-0.4572668969631195,1.5495750904083252,0.16067002713680267,-0.23910856246948242,0.4887402057647705,0.5799666047096252,0.2726413607597351,0.3840107321739197,1.0719188451766968,0.6832575798034668
-0.6342777013778687,-0.07213196158409119,0.17039291560649872,-0.30818015336990356,0.06131022050976753,0.3058362305164337,0.641873836517334,-0.28453198075294495,-0.43234115839004517,-0.4827471673488617,-0.7727417945861816,0.25023195147514343,-0.7000853419303894,-0.04120535030961037,0.3690984547138214,-0.4868221879005432,-0.8374806046485901,-0.6921345591545105,0.0037007625214755535,0.8412783145904541,1.2493164539337158
-0.49282926321029663,0.5849044919013977,-0.07361333817243576,-0.2973634600639343,0.9187752604484558,0.5349439978599548,0.7956360578536987,1.2808655500411987,-0.45769003033638,2.2236948013305664,0.7554500102996826,-0.15762507915496826,-0.30542269349098206,0.3432725965976715,0.8781294226646423,-0.1374521255493164,0.3557330369949341,1.2295026779174805,-0.9293549060821533,2.828803300857544,0.5461132526397705
0.9041510820388794,0.05438382178544998,-0.3139389753341675,0.6582727432250977,0.37420839071273804,-0.3679218590259552,-0.6639893651008606,0.42373329401016235,0.2196149080991745,0.8886514902114868,0.2415766716003418,-0.3735443353652954,-0.22235538065433502,-0.045198068022727966,0.016889996826648712,0.10210689902305603,0.21390581130981445,0.6040916442871094,0.11953110992908478,-0.008545623160898685,-0.03871532157063484
0.2679196000099182,0.11817128956317902,-0.8480052947998047,-0.09615537524223328,-0.7878134846687317,-0.13319286704063416,0.7098002433776855,-0.7954093217849731,-0.3284543454647064,-0.7649263739585876,0.3386891484260559,-0.1282191127538681,0.26912975311279297,-0.12810733914375305,-0.024167044088244438,0.31987711787223816,-0.29314136505126953,-0.5643492341041565,-0.5201032757759094,-1.0590523481369019,-1.0221850872039795
-1.1411409378051758,-0.12267111241817474,-0.14986157417297363,0.43026202917099,0.08678437769412994,-0.38101211190223694,0.7426129579544067,0.46849900484085083,-0.33330342173576355,0.8102984428405762,0.28095743060112,0.1100139394402504,-0.9245331287384033,-0.383649617433548,0.05445564538240433,-0.06473883986473083,-0.34551262855529785,1.2146490812301636,0.09656864404678345,-0.6419779062271118,-0.7642657160758972
0.25968533754348755,0.03169448673725128,1.21327543258667,0.3493420481681824,0.31838682293891907,0.2862955629825592,-0.5496567487716675,-0.8218804597854614,-0.13967330753803253,0.26571911573410034,-0.031223714351654053,0.14469411969184875,-0.7360421419143677,-0.11581223458051682,-0.3431396186351776,-0.34496983885765076,-0.25855574011802673,-0.19618746638298035,0.1630517691373825,-0.12984582781791687,0.9526767134666443
-1.7532789707183838,-0.0508885383605957,0.28329119086265564,1.2940536737442017,0.6159283518791199,-0.06277892738580704,0.7161104083061218,-0.15144099295139313,0.7438709735870361,2.2181246280670166,-0.03212033212184906,0.5829732418060303,-1.704852819442749,0.5200116038322449,-0.9779607057571411,-0.02759423665702343,-0.21944372355937958,-1.1591116189956665,0.06847969442605972,0.16254863142967224,0.7163019180297852
1.018202781677246,0.13909032940864563,-0.004928150679916143,-0.37385186553001404,-0.011410703882575035,-0.39760133624076843,0.3209616243839264,-0.07120245695114136,-0.7089146375656128,-0.3299082815647125,0.016664080321788788,0.21376937627792358,-0.3079414665699005,-0.6149527430534363,0.7737666964530945,-0.3967995047569275,-0.6055622696876526,-0.5317182540893555,-0.15089420974254608,-0.8501023650169373,-0.13412483036518097
0.8521415591239929,-0.11955157667398453,0.5175245404243469,0.3044663369655609,-0.5520201921463013,-0.0647183284163475,0.9353913068771362,-0.3785293996334076,-0.8098028302192688,-0.43794092535972595,0.11201369017362595,0.8328965902328491,0.12561765313148499,-0.3159695565700531,-0.7484182119369507,0.513271689414978,0.06969811767339706,-0.1190928965806961,-0.05284566804766655,-0.240380197763443,-0.2766358554363251
1.150421142578125,0.11162089556455612,-0.3947197496891022,-1.2634947299957275,0.41898658871650696,-0.1393803209066391,0.3236882984638214,0.5571346879005432,-0.2521398365497589,0.15553709864616394,0.22061794996261597,-0.30707696080207825,1.552618384361267,-0.23523804545402527,-0.7372714281082153,-0.14098748564720154,0.8487644195556641,1.284752607345581,0.7816702127456665,-0.6498305201530457,-0.761914849281311
-0.5742549896240234,-0.012152882292866707,-0.20686320960521698,-0.13504832983016968,-0.23072777688503265,-0.02924114651978016,-0.027493838220834732,0.26713886857032776,0.5173487663269043,-0.028516149148344994,0.16966493427753448,-0.4104257822036743,-0.22579093277454376,0.1050078272819519,1.6338998079299927,-0.21338674426078796,-0.25019580125808716,0.765262246131897,0.032617028802633286,-0.2400224208831787,-0.5634591579437256
0.6008176803588867,-0.08316828310489655,0.15542328357696533,-0.2739008963108063,0.20773398876190186,-0.3912521004676819,-0.24714626371860504,-0.1782780885696411,0.784694492816925,-0.45631229877471924,-0.2694132924079895,-0.2465357929468155,-0.35451167821884155,-0.17812728881835938,-0.3332110345363617,-0.4989320635795593,0.455998033285141,0.03749836981296539,0.1212012842297554,-0.3655968904495239,-2.2154479026794434
-0.14831243455410004,-0.17469634115695953,-0.8705348968505859,0.2302442491054535,0.21438468992710114,0.8374754786491394,-0.6173130869865417,-0.23947745561599731,0.15018872916698456,-0.8776246309280396,-0.12446768581867218,-0.5069944262504578,-0.007866962812840939,-0.16081182658672333,-0.3797319829463959,-0.3983583152294159,0.2782449722290039,-0.4952205717563629,-0.0930868610739708,-0.12492580711841583,2.8250463008880615

Slice 39
-0.035968732088804245,-0.6156662702560425,0.06552331149578094,0.17399993538856506,0.6674953699111938,-0.4072269797325134,-0.7468617558479309,-1.3052973747253418,-0.6730706095695496,2.050302267074585,0.8013523817062378,-0.19893723726272583,-1.0695977210998535,0.13553598523139954,1.2509896755218506,-0.5899588465690613,-0.4920346140861511,0.15961015224456787,-0.039911843836307526,-1.2298859357833862,-0.9253989458084106
-0.2485128492116928,0.08811137825250626,0.37959104776382446,0.18904820084571838,0.004446299746632576,0.11549796164035797,0.11155571043491364,-0.46861398220062256,-0.5612560510635376,-2.045305013656616,0.12690511345863342,0.1949176788330078,0.6464481949806213,0.36271506547927856,-0.8812320232391357,0.5985053777694702,0.17960503697395325,-0.3734957277774811,-0.10986624658107758,0.3222704231739044,0.32859158515930176
-0.2780243456363678,-0.20567798614501953,1.2733014822006226,1.2272230386734009,0.047876160591840744,-0.5816860795021057,-0.4715077877044678,-0.3815913796424866,-0.9669795036315918,0.601250171661377,-0.062009017914533615,1.1543171405792236,-0.4016262888908386,-0.36162954568862915,-0.8353857398033142,0.29330211877822876,0.5238515138626099,0.4983903765678406,-0.2088523507118225,0.618144154548645,1.0515646934509277
0.33379101753234863,-0.2663448452949524,1.4318021535873413,1.4640262126922607,-0.1298094093799591,-0.49880823493003845,-0.2666051983833313,1.2377411127090454,-0.7446349263191223,1.7855048179626465,0.08114258199930191,-0.254587858915329,-0.18988783657550812,-0.0442783460021019,0.3930920660495758,0.14979813992977142,-0.7012982964515686,0.7974900007247925,-0.6448898315429688,-1.0332374572753906,-0.07334767282009125
-0.7975391149520874,-0.20591327548027039,-0.07575302571058273,0.25062426924705505,0.6311355233192444,-0.19636283814907074,1.1473355293273926,0.0501786507666111,-0.7241091728210449,-2.736931800842285,0.122046560049057,-0.4855070114135742,-0.2495163381099701,-0.6293429136276245,-1.120843768119812,-0.31667768955230713,-0.057724811136722565,0.45446208119392395,-0.09561417996883392,1.5173873901367188,0.6338133215904236
1.1402854919433594,0.03457833081483841,-0.3458772599697113,0.14924705028533936,-0.5282149314880371,-0.3947080671787262,-1.2365059852600098,-0.9140271544456482,-1.319862961769104,-0.549619734287262,-0.3197171688079834,-0.6436864733695984,-0.12533651292324066,0.02041557803750038,-0.5219063758850098,0.7183298468589783,-0.3135838806629181,-0.5497229695320129,0.23048192262649536,-0.8154657483100891,-0.9558029174804688
0.6612745523452759,-0.06923256069421768,0.5920194983482361,-0.40234363079071045,-0.2882355749607086,0.35301223397254944,0.34055301547050476,-0.9317141175270081,-0.6712968349456787,-0.5444234609603882,-0.18423789739608765,0.1876303255558014,0.2879767417907715,-0.30207979679107666,-0.10437498986721039,0.5865704417228699,0.1221189796924591,0.33900922536849976,-0.09142528474330902,-1.0525407791137695,0.337863564491272
0.7441138625144958,0.4193495512008667,0.0196564719080925,-0.8379794359207153,-0.5357832312583923,0.675997793674469,-0.15597981214523315,0.5751602053642273,0.18987135589122772,-0.3584415316581726,0.0421537384390831,0.6377718448638916,0.10136627405881882,-0.6234605312347412,-1.7740105390548706,0.3224897086620331,-0.2257969081401825,-0.48503562808036804,-0.3976207971572876,-0.014799871481955051,-0.5858914852142334
-0.9822346568107605,0.29481250047683716,-2.3980963230133057,-1.1228495836257935,0.9966133236885071,-0.40509873628616333,0.11728647351264954,0.5294704437255859,1.783344030380249,0.9506723880767822,0.3817017376422882,-1.0519933700561523,-0.3019930422306061,1.7358318567276,2.033146381378174,-0.663354218006134,0.40103772282600403,0.7015613317489624,0.3593193292617798,-0.9083158373832703,-0.16370871663093567
0.01765190251171589,0.3238539397716522,0.02434905618429184,-0.4026676118373871,-0.054566461592912674,-0.27861300110816956,2.0633015632629395,-0.7158770561218262,-0.12841737270355225,0.06240009889006615,-0.23207886517047882,-0.36824044585227966,-0.1402694433927536,-0.5438110828399658,-0.9644483923912048,0.3099134862422943,0.703113317489624,-1.2728983163833618,0.2643650770187378,2.7559990882873535,2.595932722091675
0.19157224893569946,-0.05339638516306877,0.3909061551094055,0.5234543085098267,-0.23902294039726257,-0.004603032488375902,-0.05137204751372337,-0.04720159247517586,0.7537252902984619,-0.15825091302394867,-0.49004828929901123,-0.09821727126836777,-0.1875641793012619,-0.3966532349586487,-0.33667534589767456,0.5823004841804504,-0.06142181158065796,-0.2659096121788025,-0.34227433800697327,-0.21321819722652435,1.098939299583435
-0.6819676756858826,0.27350303530693054,-0.4872938394546509,-0.5202330350875854,-0.75248783826828,0.14337585866451263,-0.24174952507019043,-0.04249022156000137,1.222848653793335,-0.9533158540725708,0.22975434362888336,1.3069101572036743,0.8488916754722595,-0.12132859975099564,-0.46022453904151917,-0.2702866196632385,-0.9720889925956726,-0.5339096188545227,-0.2657735049724579,-0.3510708808898926,0.31681719422340393
-1.3674564361572266,0.2833051383495331,1.2216347455978394,-0.45643484592437744,0.21773692965507507,-0.44366148114204407,-1.1569600105285645,-0.03029029816389084,-0.27762532234191895,0.5815171599388123,0.1774875372648239,0.25265878438949585,0.8403502702713013,0.10901905596256256,-0.604953408241272,0.08514165878295898,-0.3850996792316437,-0.8720095157623291,0.07608786225318909,-0.19748035073280334,-1.5017895698547363
-1.081730842590332,-0.18333904445171356,0.5004581809043884,-1.6460562944412231,1.3273738622665405,0.744757354259491,-0.2305055409669876,-0.477803111076355,2.111747980117798,2.1489272117614746,-0.15805242955684662,-0.3714730441570282,-0.1127716526389122,1.9065241813659668,2.398493528366089,-1.284417748451233,-0.35216546058654785,1.623256802558899,0.05258719623088837,-0.6137486696243286,1.1917595863342285
0.2724500000476837,0.014657659456133842,-1.6447937488555908,-0.74103182554245,-1.2850490808486938,-0.1243620365858078,-0.6425173282623291,0.7743098139762878,0.41329988837242126,0.5493896007537842,-0.3074665069580078,-0.11808915436267853,0.0245937742292881,-0.6565857529640198,2.1216933727264404,-0.8555113077163696,0.36004647612571716,1.2977544069290161,-0.2324887067079544,-0.9241182208061218,-0.2921587824821472
1.5634886026382446,0.08311764150857925,0.19208480417728424,0.7278845310211182,0.0061104740016162395,-0.5788005590438843,-0.5856620669364929,0.4029271900653839,-0.7998366355895996,1.1554205417633057,0.07079671323299408,0.7645765542984009,0.2430364042520523,-0.585294246673584,0.06156029924750328,0.1396743208169937,0.32206082344055176,-0.3869812786579132,-0.06639960408210754,-0.32714706659317017,0.41098669171333313
-0.4552650451660156,-0.033047329634428024,-0.29540425539016724,0.16857826709747314,-0.20456871390342712,-0.42551490664482117,-0.09123413264751434,0.8098538517951965,0.548916220664978,0.7164332270622253,0.49208423495292664,-0.2477170079946518,-0.2871702313423157,-0.02268916927278042,0.3908561170101166,-0.28423258662223816,-0.001719871535897255,0.12254644930362701,-0.3036249279975891,-1.9105945825576782,0.617185652256012
-0.596143901348114,-0.12410782277584076,0.5159353613853455,-0.10966948419809341,-0.8100440502166748,-0.1748107671737671,0.9831739068031311,-0.49432915449142456,0.2311442643404007,0.07588258385658264,0.06751758605241776,-0.05542071536183357,-0.18260324001312256,-0.05998384207487106,-0.2587248682975769,0.7109150290489197,1.141512393951416,0.5216728448867798,-0.12955448031425476,0.44298481941223145,-0.004634919576346874
-1.0958276987075806,0.11946333199739456,-0.21899114549160004,0.14938285946846008,-0.2574988901615143,0.241948202252388,0.4450523853302002,-0.38579750061035156,-0.34409570693969727,-0.9764618277549744,-0.051895517855882645,0.015844494104385376,0.3317837119102478,-0.13976891338825226,-0.9538251757621765,0.12781260907649994,-0.21523155272006989,-1.2815512418746948,0.7648113965988159,0.35358312726020813,0.19694209098815918
-0.3475467562675476,0.010611685924232006,-0.49658650159835815,0.33164259791374207,-0.2728748917579651,0.4609481394290924,0.08978364616632462,-0.8537347912788391,-0.5775733590126038,-1.0623104572296143,0.011060476303100586,-0.27768415212631226,-0.21762458980083466,-0.527811586856842,-0.9197232723236084,0.16947783529758453,-0.6932990550994873,-0.9004523754119873,0.5564740896224976,1.1639131307601929,-0.6384872198104858
1.2950994968414307,-0.06940291821956635,1.1206576824188232,0.5642816424369812,0.061778031289577484,1.8172105550765991,1.2495583295822144,1.8387575149536133,0.946666419506073,-0.792403519153595,0.09791578352451324,0.2854847013950348,1.1157678365707397,1.3226583003997803,1.1706277132034302,0.13834187388420105,-0.03634793311357498,0.20339451730251312,0.5670592188835144,1.0915095806121826,-1.357535481452942

Slice 40
0.9717448949813843,-0.025586700066924095,-0.015615840442478657,-0.7136889696121216,-0.2164541780948639,0.038179852068424225,-0.17104509472846985,-0.3971322476863861,0.6179797649383545,-1.0246325731277466,-0.0942969098687172,1.9166762828826904,-0.5586895942687988,0.15479721128940582,-1.3858094215393066,0.5085806846618652,0.44017601013183594,-1.469260573387146,0.16722021996974945,-0.44437944889068604,0.033408891409635544
-0.2363748848438263,-0.054732486605644226,0.24523676931858063,0.4501851201057434,0.5255465507507324,1.668843150138855,-0.0924127995967865,0.04163859784603119,0.4745134115219116,-0.13375677168369293,0.5057022571563721,-0.20330820977687836,0.1186610758304596,0.35926347970962524,0.49137938022613525,0.4443812072277069,0.09212874621152878,0.6962476968765259,-0.14125345647335052,-1.0633642673492432,0.6343362927436829
-0.4354996383190155,0.223861426115036,-0.9179707169532776,-1.4605971574783325,0.1647631675004959,0.9130839705467224,0.9222424626350403,-1.5275152921676636,1.404759168624878,-1.3864171504974365,-0.977230966091156,1.0130741596221924,0.6637676358222961,-0.1366487741470337,1.6686246395111084,0.03687843680381775,-0.2748839259147644,-1.5973014831542969,-0.44736266136169434,-1.2254323959350586,-0.6800771951675415
0.5081875920295715,0.009605729021131992,-1.1747819185256958,-1.6855087280273438,1.5883558988571167,-0.6755203604698181,1.0807890892028809,-1.4690338373184204,0.15844327211380005,-2.048224687576294,-0.8301886916160583,-0.3336309790611267,-0.5481048226356506,0.67230224609375,0.6873725056648254,-0.34774017333984375,-1.0555094480514526,-1.1187483072280884,1.4680635929107666,-0.01746685802936554,0.1430278718471527
0.4581175744533539,0.12521781027317047,1.2409729957580566,0.3006741404533386,-0.6078760623931885,0.29823318123817444,-0.17702913284301758,0.5805335640907288,-0.4631357789039612,1.759796380996704,-0.33127617835998535,-0.6482290625572205,-0.5825552344322205,0.3581937551498413,0.2682090103626251,-0.6604904532432556,0.010757988318800926,1.727249026298523,-0.674024760723114,-1.6136822700500488,-1.7535556554794312
-0.38893207907676697,-0.12651340663433075,1.2414501905441284,0.9156095385551453,-0.21702350676059723,-0.8013648390769958,-0.7842607498168945,1.0455842018127441,-0.21579667925834656,-0.6742970943450928,0.30575206875801086,1.0616533756256104,-1.2529289722442627,-0.20363308489322662,-0.17248491942882538,-0.585320770740509,-0.8192398548126221,-0.7837604284286499,0.6002174615859985,1.6655141115188599,2.249995470046997
-1.762900471687317,0.010716993361711502,1.5438655614852905,0.4383760392665863,-0.2398568093776703,-0.35956892371177673,0.019607363268733025,0.46411094069480896,-1.4117364883422852,-0.11966594308614731,0.20292139053344727,-0.3842848241329193,-0.6548281311988831,0.2689807415008545,-1.3816916942596436,0.9805740714073181,1.284048080444336,-0.7909773588180542,0.02511768415570259,-0.6719123125076294,-0.9342020153999329
0.3607029616832733,-0.16642892360687256,-0.20543959736824036,0.006899004336446524,-0.5461673140525818,0.3508652150630951,-0.31063559651374817,-0.40908515453338623,-1.5672959089279175,0.45866629481315613,-0.27442196011543274,-0.9633955359458923,0.14705780148506165,-0.6117907762527466,1.8735793828964233,-1.1282422542572021,0.5926158428192139,-0.025939051061868668,0.002926410874351859,-0.33245372772216797,0.22589854896068573
1.8373128175735474,0.09296787530183792,-1.526043176651001,-1.0495325326919556,-0.018663479015231133,-0.5529515743255615,0.9851259589195251,-1.2820760011672974,-2.3118698596954346,2.120182991027832,0.39499276876449585,-2.15215802192688,0.9728609323501587,-0.22793057560920715,-0.6033832430839539,0.8874295353889465,1.0182875394821167,1.2792912721633911,0.3663080632686615,1.184950590133667,-0.7426808476448059
-0.8529534339904785,-0.3531973361968994,0.877935528755188,0.3731672465801239,0.7264580726623535,-0.7968152165412903,-0.14428630471229553,1.4353342056274414,-0.2994106113910675,0.8812684416770935,0.4826534390449524,0.21492384374141693,-1.078320026397705,-0.39948999881744385,1.1437021493911743,0.8743408918380737,0.6491920351982117,1.5462589263916016,-0.894805371761322,-0.6054033637046814,-0.16697444021701813
1.89912748336792,0.18000197410583496,-0.5227126479148865,0.36817625164985657,0.2985726594924927,-0.05322381108999252,-0.2321515679359436,0.718766987323761,1.227155089378357,0.8796453475952148,0.039179325103759766,-1.1865617036819458,-0.5209294557571411,0.6281211376190186,0.7337449789047241,0.22070801258087158,0.1436109095811844,1.154427409172058,-0.35093680024147034,-1.0575554370880127,-0.829016387462616
-0.3812955617904663,0.0368146114051342,-0.44298675656318665,-0.2855193614959717,0.04842980206012726,0.9076893329620361,0.878880500793457,-0.18207406997680664,-0.2529240548610687,0.0826057642698288,0.681598961353302,0.7233225107192993,0.4553098678588867,0.6595599055290222,1.1219266653060913,0.43620017170906067,0.675841748714447,-0.2137271761894226,0.010953089222311974,0.44376856088638306,0.8720069527626038
-0.2638500928878784,-0.0559234619140625,-0.2248775064945221,0.4646335244178772,0.20308518409729004,-0.15277491509914398,-1.770389199256897,0.2764166295528412,0.4153022766113281,-0.48331454396247864,-0.35059791803359985,-1.3834484815597534,-1.7488631010055542,0.016863716766238213,-0.22616009414196014,0.293510764837265,-0.08490348607301712,-0.013378454372286797,-0.15584273636341095,0.39366811513900757,0.3764905035495758
1.9296693801879883,0.45869264006614685,0.5910963416099548,0.6813152432441711,-0.7283900380134583,0.4415680170059204,0.6637917160987854,-0.20308935642242432,-0.3935520648956299,-1.6759192943572998,0.3585922420024872,0.32599908113479614,1.0443910360336304,-0.42985066771507263,-1.3671377897262573,0.3913749158382416,-0.25610554218292236,0.4936569035053253,-0.12782667577266693,1.1957322359085083,-0.3945504426956177
-0.661780059337616,0.30666980147361755,-0.6857755780220032,-0.04282084479928017,-0.06605815142393112,-0.9226281642913818,0.457812637090683,-0.6493051052093506,-0.6212189793586731,1.6534740924835205,-0.18118387460708618,-0.7399240136146545,1.984352707862854,-1.3142626285552979,-3.281973123550415,0.3283543586730957,-1.4024206399917603,0.7183388471603394,-0.059334490448236465,0.8824173212051392,-0.3471946120262146
-1.1855605840682983,-0.21135975420475006,0.4053340554237366,-0.5874204039573669,-0.850282609462738,0.7098862528800964,0.12144041806459427,0.16374914348125458,1.2012498378753662,-1.5907620191574097,0.6823334693908691,1.3635605573654175,1.4321849346160889,0.2866286635398865,0.5409127473831177,-0.3630387485027313,0.12109406292438507,-1.318795919418335,-0.4142400920391083,-0.5777227282524109,-0.8855756521224976
-1.0952950716018677,0.08362756669521332,-1.1778080463409424,-0.2186078429222107,-0.11625375598669052,0.6552697420120239,-0.5130506157875061,-0.531072199344635,0.8850215077400208,-2.8488526344299316,-0.7561811208724976,-0.3913801610469818,1.054896593093872,0.06927025318145752,0.22618982195854187,-0.16268660128116608,-0.7710155248641968,-0.7657192349433899,-0.37046104669570923,-0.027213705703616142,-0.853981077671051
0.8235593438148499,-0.1762080192565918,0.46673402190208435,0.5166618227958679,0.511002779006958,-0.2655179798603058,-0.4939660429954529,-1.0664557218551636,0.2501238286495209,0.2677196264266968,-0.012241674587130547,-0.594875693321228,0.40497151017189026,-0.9845470190048218,-0.12077532708644867,0.16799092292785645,-0.2185741662979126,-0.5239814519882202,-0.250143826007843,-0.08451083302497864,0.30400535464286804
-0.22853350639343262,0.20777228474617004,-0.6197353005409241,0.5274320244789124,-0.26207754015922546,-0.4208061397075653,0.5777561664581299,1.603477120399475,0.3848097622394562,1.014975666999817,0.26273366808891296,-0.401751846075058,-0.757338285446167,-0.08866002410650253,0.17682352662086487,0.15036071836948395,0.3921075761318207,1.400067687034607,-0.07635629177093506,-0.060982659459114075,-0.12163019180297852
0.49013131856918335,-0.16793951392173767,0.4321482181549072,0.43214982748031616,0.9789009094238281,-0.36382415890693665,-0.19333766400814056,1.2293630838394165,-0.5097723603248596,1.1137100458145142,0.1995946764945984,0.8612709045410156,-0.8901804685592651,-0.37886756658554077,-0.7995434999465942,0.15286079049110413,-0.2505119740962982,0.9162402153015137,0.282388299703598,-0.8819154500961304,-0.20962046086788177
-0.25924402475357056,-0.10042965412139893,-0.6676190495491028,0.2654244899749756,0.6375657320022583,1.662917137145996,-0.008367632515728474,0.5914167761802673,-1.6499818563461304,0.8097187876701355,-0.15743817389011383,-0.4752141535282135,-0.09819773584604263,-0.21818211674690247,0.45903486013412476,-0.32714536786079407,-0.9503801465034485,-0.13953492045402527,1.2774237394332886,1.4358196258544922,2.2587196826934814

Slice 41
-0.221689373254776,-0.04744458198547363,2.222810745239258,-0.34892863035202026,0.259906142950058,0.023064568638801575,0.9891319870948792,-1.1734682321548462,-2.0463879108428955,0.1894804835319519,-0.2867385745048523,-0.6208437085151672,-0.4088401198387146,0.07405661791563034,-0.4182024598121643,0.12570920586585999,0.30263015627861023,-0.45738694071769714,0.9429824352264404,-0.5342409610748291,-0.2615467309951782
-0.13532711565494537,-0.1156800389289856,-1.666023850440979,-0.1845766007900238,-0.16886451840400696,-1.0089362859725952,-0.6678621768951416,-0.05049062892794609,-0.5241982340812683,0.2393253594636917,-0.1297263205051422,-1.0657416582107544,-0.3161553740501404,-0.1612219661474228,-0.4828447997570038,0.05300305411219597,-0.1471220999956131,-0.8207805752754211,0.021900707855820656,-0.7581963539123535,-0.714451253414154
2.2874979972839355,-0.09802704304456711,1.8825938701629639,0.2421964704990387,-0.18794795870780945,0.3771936893463135,-0.36504119634628296,0.38388121128082275,-0.26885002851486206,-0.36553600430488586,-0.0025849007070064545,1.0217386484146118,0.9847369194030762,1.055280089378357,0.4965031147003174,1.902957797050476,0.36690521240234375,0.3573780357837677,-0.25117090344429016,0.34035855531692505,1.5786031484603882
0.2049550712108612,-0.6658893823623657,2.0654871463775635,0.673923671245575,-0.04486089199781418,-0.3726556897163391,1.8649653196334839,0.669521689414978,-0.9349251389503479,0.38666999340057373,-0.16597650945186615,0.8587174415588379,0.07448837906122208,-0.46416574716567993,-0.8694801926612854,0.46744945645332336,-0.30589306354522705,0.3264351189136505,0.24608854949474335,0.17657774686813354,1.330495834350586
-0.07989009469747543,0.043684422969818115,-1.3958442211151123,-0.6555119752883911,2.149085521697998,0.11002185940742493,-0.7445797920227051,0.4930017292499542,0.5135695934295654,-0.49584880471229553,-0.15807297825813293,-0.572432279586792,-0.44035834074020386,-0.24056941270828247,0.8655343651771545,-1.2870638370513916,-0.886029064655304,-0.1821473240852356,0.1304526925086975,-0.7631096243858337,0.1322016566991806
1.3528506755828857,-0.1432841569185257,1.9432402849197388,1.2678996324539185,-1.1891387701034546,1.7863603830337524,0.5040640234947205,-0.4362523555755615,0.6624794006347656,-0.7363079190254211,-0.3968985974788666,-0.25802111625671387,0.349236398935318,0.07729296386241913,-0.14448906481266022,-0.13277050852775574,0.41114941239356995,-0.3358861804008484,-0.10073573887348175,-0.7245140075683594,0.8234317302703857
-1.2153456211090088,0.09206552058458328,-0.952907383441925,0.017863161861896515,0.8084157109260559,-0.6871021389961243,-0.20831835269927979,0.7553565502166748,-0.03297414630651474,3.3781328201293945,0.27463415265083313,-0.7631990909576416,0.48689305782318115,-0.05585069581866264,-0.7839315533638,-0.3982211947441101,-1.365220069885254,0.7379071116447449,-0.24996317923069,-0.5266207456588745,-0.6693680882453918
0.38514038920402527,0.05758730694651604,-2.153512954711914,-1.0164240598678589,-0.16653749346733093,-0.43886256217956543,-1.2442764043807983,-0.12547338008880615,-0.15940821170806885,-0.69865882396698,-0.09482529759407043,-0.39305728673934937,-0.41198277473449707,-0.49688050150871277,-0.2630486488342285,-0.5669446587562561,-0.22035250067710876,0.3729979395866394,-0.17380593717098236,-0.41729673743247986,-1.0212563276290894
-0.15149378776550293,0.3307552933692932,-0.31451305747032166,-0.3455406129360199,0.9551130533218384,0.09529540687799454,-0.2206699550151825,-0.07541543990373611,1.9215900897979736,0.6597896218299866,0.3219261169433594,1.0930438041687012,-0.14121414721012115,-0.7223444581031799,-0.3264937996864319,0.9143834710121155,1.1278902292251587,-0.6374231576919556,-0.14918577671051025,-0.8219234943389893,1.0544123649597168
-0.5540404915809631,-0.5423532128334045,-0.06034756451845169,-1.259677529335022,0.5891597867012024,-0.16332176327705383,1.1628248691558838,-0.3201683461666107,0.09759542346000671,-1.6250425577163696,-0.47254079580307007,-0.5607052445411682,-0.7146364450454712,-0.6072567701339722,0.2688775062561035,0.02473132498562336,0.5655789971351624,0.8435043096542358,0.5740742683410645,2.5825510025024414,1.120314598083496
0.11075696349143982,-0.0011895985808223486,-1.4505832195281982,-1.2938932180404663,-0.01137655321508646,-0.21113599836826324,-0.6667715907096863,-0.189266636967659,0.3276095986366272,-0.22442805767059326,0.05776028335094452,-0.8361077904701233,-0.2843422591686249,0.02381075918674469,0.09124600887298584,-0.29968899488449097,-0.420257031917572,-0.11855549365282059,-0.3331066370010376,0.2567978501319885,0.2002488076686859
0.22764067351818085,-0.13650116324424744,-0.338733971118927,0.1927836835384369,-0.9628908634185791,-0.2707211971282959,0.312542587518692,0.21492093801498413,0.6804392337799072,1.1073930263519287,0.2407645434141159,1.3146448135375977,1.2263178825378418,0.4016290605068207,0.07228690385818481,0.0018036626279354095,-0.8659679293632507,-0.6371575593948364,0.12092824280261993,0.549462080001831,0.1532125174999237
1.383124828338623,-0.10839083790779114,0.7936815023422241,-0.2706097662448883,0.31235212087631226,1.2951666116714478,-0.6233730912208557,0.18839937448501587,-0.6847578883171082,-0.8504116535186768,-0.32464003562927246,-0.21204985678195953,0.716672956943512,-0.10156724601984024,0.3859637379646301,-0.8037985563278198,0.7303241491317749,1.1471331119537354,-0.4796309173107147,-0.8219612240791321,0.7170196175575256
0.06473434716463089,0.179697647690773,0.61460942029953,-0.4183451235294342,0.11783988773822784,-0.15306787192821503,0.34495410323143005,1.073449730873108,-0.5901946425437927,-0.2682342827320099,0.2281186431646347,1.337918758392334,-0.7656693458557129,0.22685424983501434,-0.01609552465379238,0.06631417572498322,0.8229295611381531,-0.1555176079273224,0.006214298773556948,0.366774320602417,0.5015479922294617
-0.7483402490615845,0.3055906891822815,0.6234213709831238,1.813079595565796,-0.4674556255340576,-0.7394064664840698,-0.23262351751327515,-0.13645029067993164,-0.5730764269828796,0.6639696359634399,-0.3593687117099762,-0.8792445659637451,-0.3153616189956665,0.31607404351234436,1.036378026008606,-0.9508829712867737,1.015539526939392,0.9539123773574829,-0.5364192724227905,0.41574928164482117,0.3984648585319519
-1.144123911857605,-0.21341460943222046,2.1783945560455322,0.018738718703389168,-1.1595100164413452,-0.39462167024612427,-0.2450757771730423,0.559484601020813,0.16383050382137299,0.22435298562049866,0.5548111200332642,1.0233569145202637,0.4774553179740906,0.5598732233047485,-0.8457663059234619,0.8346588015556335,0.5347920656204224,-0.3441046178340912,-0.09614013135433197,-0.20149166882038116,1.4306682348251343
0.7412775158882141,0.08176248520612717,0.22133195400238037,-0.23595772683620453,-0.4951542019844055,-0.6361416578292847,-0.033606987446546555,-0.21571041643619537,0.01767529919743538,-1.107048511505127,-0.18429341912269592,1.0597786903381348,0.44607606530189514,0.2641056180000305,0.2768303453922272,0.44840744137763977,1.1417995691299438,-0.576991081237793,-0.06020251661539078,-0.7189605832099915,0.7313805818557739
-0.42698925733566284,0.41422411799430847,-1.2272130250930786,-0.47799646854400635,-0.2999490797519684,0.06548803299665451,0.06638925522565842,0.2161901444196701,0.7990353107452393,-1.342492938041687,-0.147470161318779,0.5737766027450562,-0.6057614088058472,-0.8762878179550171,0.06921783834695816,-0.23402619361877441,-0.8980035185813904,0.23963139951229095,0.04856781288981438,0.14194804430007935,-0.8461828231811523
-0.35563504695892334,-0.05624285340309143,-1.951967716217041,-0.47961491346359253,-0.5509017109870911,-0.3404015302658081,-0.40074867010116577,0.04276770353317261,0.3218262195587158,-0.07239574193954468,-0.04795585945248604,-0.7119548320770264,-0.24769926071166992,-0.30820757150650024,-0.2940545678138733,-0.4721232056617737,-0.6430377960205078,-0.7774893045425415,-0.10286536067724228,-0.20046651363372803,-0.18653234839439392
-0.7674881219863892,-0.10487929731607437,-1.3628467321395874,-0.4384637773036957,0.18189318478107452,-0.33079925179481506,-0.6127679347991943,-0.32190632820129395,-0.5356141924858093,-0.4933095872402191,0.2459440529346466,-0.19714295864105225,-0.571768045425415,-0.27693971991539,0.2138797640800476,-0.5885626077651978,-0.5498412251472473,0.5212200880050659,0.5544821619987488,-1.0298442840576172,-1.3517390489578247
1.2591768503189087,0.1776214838027954,0.07969009876251221,1.6206095218658447,0.22458000481128693,1.3774932622909546,0.45992979407310486,-0.8337277770042419,0.9233801364898682,3.1295268535614014,1.001900315284729,0.7573369741439819,0.5505864024162292,0.5725289583206177,0.8599613308906555,0.7344222068786621,-0.04046042636036873,-0.9621610641479492,0.4819434583187103,0.5402088761329651,-2.744302272796631

Slice 42
-0.6154486536979675,0.029277389869093895,0.95928955078125,-0.8619579672813416,1.274801254272461,-0.6448965668678284,0.9922828078269958,-0.8280368447303772,-0.5039674639701843,1.7879576683044434,-0.22459293901920319,0.37807103991508484,0.2327936440706253,-0.4512232840061188,0.3011225163936615,-0.19969402253627777,-0.669116199016571,-0.621372640132904,0.29629889130592346,1.1411941051483154,0.8278371691703796
0.3910478949546814,0.10798335075378418,-0.3410322964191437,0.1623966544866562,-0.6337172389030457,0.09211615473031998,0.052264828234910965,-0.09154322743415833,-0.5985174179077148,-0.458816260099411,-0.09861728549003601,-0.15093550086021423,-0.21642455458641052,-0.24454891681671143,-0.5279268026351929,-0.0029891771264374256,-0.06500140577554703,0.3441755473613739,-0.23533132672309875,-0.5140889883041382,0.14752522110939026
-1.8811832666397095,-0.5838749408721924,-0.16873998939990997,0.7697563171386719,0.4614042043685913,-0.5798546671867371,-0.42783886194229126,-0.8763380646705627,0.2429260015487671,1.2578808069229126,-0.047481682151556015,0.13180094957351685,-0.8412129282951355,-0.25675803422927856,-2.055889844894409,0.1070038378238678,1.0004050731658936,-1.1051850318908691,0.024381637573242188,0.6069259643554688,-0.37196221947669983
-0.5224407911300659,-0.23691296577453613,1.7314602136611938,0.7927391529083252,-0.7935288548469543,-0.2123459428548813,-0.5448777079582214,0.08893702179193497,-0.47738102078437805,0.4258002042770386,0.6238090395927429,0.9905102849006653,-1.08735191822052,0.0782553181052208,0.0884510800242424,-0.4272676408290863,-0.8793878555297852,0.23353706300258636,0.1949750781059265,-0.32519763708114624,1.6570407152175903
-0.4740176498889923,0.2895057499408722,-0.4763157367706299,-0.025688402354717255,1.2202191352844238,0.33940258622169495,-0.35548973083496094,-0.1267872452735901,-0.03251943364739418,-1.0247715711593628,-0.2681654095649719,-0.601712167263031,-0.6744529008865356,0.6870161294937134,0.9344035387039185,-0.4308980703353882,-0.06962143629789352,0.219539076089859,-0.2656765878200531,-1.7756487131118774,-2.308361291885376
-0.4176799952983856,-0.04428042471408844,-0.03389500454068184,-0.4625113010406494,1.152521014213562,-0.6914225220680237,-0.4289896786212921,0.09384728223085403,-0.3358065187931061,2.1593377590179443,0.3030242621898651,-0.21042796969413757,-0.9532330632209778,-0.11569942533969879,0.24584393203258514,0.044787030667066574,0.09340900182723999,-1.0412890911102295,0.22742459177970886,-0.6259123086929321,-1.1705796718597412
0.4803031384944916,0.06940695643424988,0.23768147826194763,0.8330999612808228,-0.6833636164665222,-0.22664566338062286,-0.3622030019760132,0.8795954585075378,-0.5127378702163696,1.8489717245101929,0.38614675402641296,0.16336776316165924,0.2877090573310852,0.24422100186347961,0.6651754379272461,0.7653650641441345,-0.07440321892499924,1.03035306930542,-0.03984206169843674,-0.31165510416030884,-0.1776570975780487
0.11916632950305939,-0.019084801897406578,-1.6250897645950317,-0.6540426015853882,-0.5791209936141968,-0.3640330135822296,1.2040674686431885,-0.29484856128692627,-0.6939104199409485,-1.039805293083191,-0.2343115508556366,-0.01448875479400158,-0.9516109228134155,0.32876402139663696,0.28862738609313965,-0.45887377858161926,-0.2979012131690979,-0.7765980362892151,0.052638839930295944,-0.25360172986984253,-0.3245756924152374
-0.10037104785442352,-0.23667237162590027,1.021010160446167,0.5182328224182129,0.8606461882591248,0.8888978362083435,0.5532140135765076,0.44274404644966125,3.241077423095703,-0.4164440333843231,0.1552611142396927,0.2615233361721039,0.079167939722538,-0.07820110768079758,-0.3535515367984772,0.9158172607421875,1.2452490329742432,0.23190701007843018,0.029015427455306053,2.130049467086792,1.6186197996139526
0.4118308424949646,-0.016642671078443527,-0.36083972454071045,-0.5548109412193298,-0.615026593208313,-0.08041056245565414,-1.0887279510498047,-0.024524591863155365,-0.49759355187416077,-2.3442928791046143,-0.40744513273239136,-0.7459719181060791,-0.9839433431625366,-0.3366369605064392,0.6953385472297668,0.38451695442199707,-0.005844721104949713,-0.28346961736679077,-0.18874269723892212,-1.8004835844039917,-0.3969973921775818
-0.20565378665924072,0.012795845046639442,-0.3273220360279083,-0.31692686676979065,-0.7765467166900635,0.10934732854366302,-0.2681911587715149,0.15651161968708038,0.12853668630123138,0.35273900628089905,0.3688001036643982,-0.3663713037967682,0.26543551683425903,0.2848394811153412,0.7606013417243958,-0.22604195773601532,-0.004754727240651846,0.03660570830106735,-0.3459233045578003,-0.7070112228393555,-0.6594038009643555
-0.7879177927970886,0.19202744960784912,-0.9541104435920715,0.19719767570495605,-0.08986230939626694,0.3923585116863251,-0.16212044656276703,-0.19342491030693054,-0.49546176195144653,0.3660791516304016,0.29897552728652954,0.6360780000686646,-0.6442987322807312,-0.28443777561187744,-1.0133939981460571,-0.41200655698776245,0.16457822918891907,0.3292684257030487,-0.09909792244434357,3.0796773433685303,0.59183669090271
0.5123977661132812,0.10926210880279541,-0.41937828063964844,0.34365129470825195,0.16567498445510864,-0.2647017538547516,0.41004663705825806,0.5166295170783997,-0.9890766143798828,-0.5100226998329163,0.006663638632744551,-0.14486616849899292,1.226950764656067,-0.011756496503949165,-0.05055908486247063,0.13666760921478271,-0.017201276496052742,-0.5367043614387512,-0.060266073793172836,-1.484379768371582,-0.9396863579750061
0.650205671787262,0.1377311497926712,-0.4116985499858856,0.3343525528907776,-0.21642398834228516,0.29322943091392517,0.13143183290958405,0.3462921679019928,-0.7117131352424622,1.1499193906784058,-0.14836972951889038,0.814940869808197,0.6419028043746948,-0.18177831172943115,-1.3064810037612915,0.8203769326210022,0.6595948338508606,0.7242332696914673,0.5358989238739014,-1.0532280206680298,1.6314783096313477
1.5648813247680664,0.04060504585504532,1.4414496421813965,-0.3921471834182739,-0.6263205409049988,0.20086397230625153,0.45344772934913635,0.31037718057632446,0.20605187118053436,-0.3877224326133728,0.21433855593204498,-0.2975361943244934,0.776697039604187,0.6945593953132629,0.1365184336900711,0.15123674273490906,-0.19817115366458893,1.2634423971176147,0.04546288028359413,1.7049118280410767,2.6817209720611572
-0.37223055958747864,0.47170156240463257,0.4966141879558563,0.14729326963424683,0.7682371735572815,-0.10851822793483734,0.6556580066680908,-0.2682161331176758,-0.7241621017456055,2.162452459335327,0.5145826935768127,0.2620643079280853,-0.09409626573324203,0.07881546020507812,-0.9865652322769165,-0.523311197757721,-0.13632182776927948,-0.36765730381011963,0.6352896094322205,0.9773368239402771,-0.25263649225234985
0.3715929090976715,-0.15343163907527924,-0.5416685938835144,-0.31847497820854187,0.2833697497844696,0.05198560282588005,-0.23877698183059692,0.4637780487537384,-0.6236873269081116,-1.0662362575531006,-0.24750109016895294,-0.4613049328327179,0.5394327640533447,-0.16053396463394165,1.2032960653305054,0.1324000358581543,0.017973968759179115,-0.07129610329866409,-0.42492297291755676,0.19734956324100494,0.9509209990501404
-0.6813046336174011,0.1161564290523529,0.3374784588813782,-0.6825795769691467,0.7253326773643494,-1.0640937089920044,0.16576136648654938,0.0945601537823677,0.44305309653282166,-0.9350472688674927,0.09910498559474945,-0.37766650319099426,-0.9052311182022095,0.13698811829090118,-0.11092855036258698,0.22369390726089478,-0.26583144068717957,-0.24395756423473358,-0.3174242675304413,0.6375936269760132,-0.3679918348789215
0.9229435324668884,-0.003360295668244362,-0.925357460975647,0.07250338792800903,-0.49885615706443787,0.23521248996257782,-0.24227496981620789,0.34704726934432983,-0.19334948062896729,-0.4489491581916809,0.06411661952733994,-0.27675512433052063,-0.5498589277267456,-0.24988341331481934,0.5721977949142456,-0.18007801473140717,-0.14068157970905304,0.13673551380634308,-0.38275930285453796,-0.9723438620567322,-0.5481852889060974
0.7158305048942566,-0.163810133934021,-0.20113055408000946,0.6446315050125122,-0.30718326568603516,0.4071642756462097,-0.44585517048835754,0.07546982169151306,1.2936351299285889,-0.9132797122001648,-0.749861478805542,-0.5657674074172974,-0.6364896893501282,0.15811997652053833,0.7257266044616699,-0.24235086143016815,-0.4236364960670471,-0.19558857381343842,0.31075990200042725,-1.536587119102478,-1.7271461486816406
-0.17959174513816833,0.12762486934661865,-0.023769529536366463,-0.2630179822444916,-0.7445959448814392,0.8146383166313171,-0.490364134311676,-0.14862313866615295,-0.019224118441343307,-0.40819650888442993,-0.061420638114213943,0.2360803633928299,1.3061407804489136,-1.0079336166381836,0.2416394203901291,0.8192364573478699,-0.40966498851776123,-0.24521689116954803,0.20292003452777863,-0.5750793814659119,-0.2199935019016266

Slice 43
0.964851975440979,0.03448965400457382,0.7250971794128418,1.1413720846176147,-0.39291319251060486,0.3280220627784729,1.716817855834961,-0.07018525898456573,-0.7943984866142273,1.8728923797607422,-0.18566763401031494,0.6189367771148682,0.6495273113250732,1.1908149719238281,0.4785928428173065,0.3519965410232544,0.6814611554145813,0.17785102128982544,0.1227484941482544,1.0924700498580933,0.16239075362682343
0.06338517367839813,-0.02770777978003025,0.05370348319411278,-0.5413450598716736,-0.3443008065223694,0.4344356954097748,-0.2268814593553543,-0.7109254598617554,0.3012569844722748,-0.1652032732963562,0.12012628465890884,0.10241062194108963,-0.42393574118614197,0.009046738967299461,0.3044348359107971,-0.2675766944885254,-0.0341213159263134,-0.655509889125824,-0.01984071545302868,-0.6365100741386414,-0.07432077825069427
0.886784017086029,0.15950946509838104,-1.044325590133667,-0.31018275022506714,1.329775333404541,0.6130123734474182,1.1729602813720703,0.28173500299453735,1.3743833303451538,0.6247062087059021,0.17125186324119568,0.2557816207408905,0.33575981855392456,-0.051799241453409195,0.2911609709262848,0.2854219079017639,-0.18561619520187378,-0.19562558829784393,-0.2597218453884125,1.4110774993896484,1.0315662622451782
0.9352767467498779,0.14025865495204926,-1.1636189222335815,-0.05537014827132225,1.4100247621536255,-0.7267957329750061,0.25715547800064087,-0.36945322155952454,0.5206923484802246,1.7998908758163452,-0.031835876405239105,-0.16514572501182556,0.6896274089813232,-0.034809499979019165,0.3631817400455475,0.05832222104072571,0.0010516054462641478,0.28981754183769226,-0.2802506387233734,0.7902774810791016,0.11813338100910187
0.2007380574941635,-0.19793476164340973,-0.1693742573261261,0.02071348950266838,-0.29297831654548645,1.316939353942871,-0.14078882336616516,-0.020548444241285324,-0.14806073904037476,-0.9276715517044067,0.06054581329226494,-0.10223651677370071,-0.3989254832267761,0.3455031216144562,0.1419481784105301,-0.2846639156341553,0.26270267367362976,-0.8162795305252075,0.03711526095867157,0.017774691805243492,-0.18337708711624146
-1.1122491359710693,-0.4344777464866638,1.1845765113830566,0.6370279788970947,-0.5849199295043945,-0.2528773248195648,0.49353325366973877,0.38822147250175476,0.16582952439785004,0.16243845224380493,-0.0015878516715019941,0.3853684961795807,0.08347669988870621,0.33558884263038635,-0.3134908676147461,-0.2840539813041687,0.7299585938453674,0.0724095031619072,0.2583523988723755,-0.17864277958869934,-0.8305699825286865
-0.6287579536437988,-0.08866235613822937,-0.9045478701591492,-0.25746777653694153,-0.33481383323669434,-0.7060502171516418,0.02748877927660942,-0.14549307525157928,0.48949870467185974,0.050625935196876526,-0.14473286271095276,-0.22184240818023682,-0.06749895960092545,0.1614690124988556,0.15134811401367188,0.3152884244918823,-0.7090184092521667,-0.32836803793907166,0.12385521829128265,-0.7908048629760742,-0.293517142534256
0.40428510308265686,-0.1370614767074585,0.49434366822242737,1.4120012521743774,-0.30935072898864746,0.3378068506717682,-0.5215954184532166,0.9447410106658936,0.3563576936721802,-1.3397458791732788,-0.24714618921279907,-0.15169191360473633,1.0914573669433594,0.13193149864673615,-0.11464782059192657,0.45799538493156433,0.5102575421333313,-0.268147349357605,-0.20341911911964417,-0.3673866391181946,0.45901477336883545
-0.7807016372680664,0.12247107923030853,-0.3585975766181946,-1.063958764076233,-0.6954630613327026,-0.3324950337409973,0.02721569500863552,1.617566704750061,-0.24275442957878113,-1.6549267768859863,-0.42402416467666626,-0.3800174593925476,-0.1653747260570526,-0.4776555299758911,0.5173115730285645,-0.8862765431404114,0.45126134157180786,1.1212376356124878,-0.3824743628501892,0.7700880765914917,-0.037382371723651886
0.11973582208156586,0.21559655666351318,0.5442351698875427,0.7138917446136475,0.42512673139572144,-0.3560248613357544,-0.19598357379436493,-0.2961512804031372,-0.3820142447948456,0.2530134916305542,-0.1303129643201828,-0.7810702323913574,1.2186927795410156,0.1805112659931183,-0.748299777507782,1.3491214513778687,0.008058367297053337,-1.0111199617385864,0.44939881563186646,0.45412978529930115,0.47763073444366455
-0.09843682497739792,-0.08251513540744781,0.0455559566617012,-0.3970475494861603,0.07520468533039093,0.2290540486574173,-0.7552680969238281,-0.1524561643600464,-0.3216296434402466,-0.18607711791992188,0.04052306339144707,-0.07593292742967606,0.010056976228952408,-0.24901285767555237,0.7101653218269348,0.09928930550813675,-0.04477148503065109,0.10639176517724991,-0.19602583348751068,-0.6993191242218018,-0.376724511384964
-0.2791910767555237,-0.0056893303990364075,3.0898282527923584,0.3502916395664215,0.5390051007270813,-0.46559637784957886,0.203629270195961,-0.08624008297920227,0.12279479950666428,0.8820233941078186,0.07059086114168167,0.8109790086746216,-0.7074583768844604,0.018988419324159622,0.11824222654104233,-0.15388856828212738,0.21641620993614197,-0.1177375465631485,-0.20656616985797882,0.9132837057113647,1.308797836303711
-0.526328444480896,-0.03707043081521988,-1.327663540840149,-0.46918395161628723,-0.8135586380958557,-0.23746459186077118,-0.14870406687259674,-0.025499578565359116,0.4841752052307129,-0.9021115899085999,-0.006551546975970268,-0.25549232959747314,-0.3585112690925598,-0.24692831933498383,0.2696889340877533,-0.2158121019601822,-0.546218752861023,-0.541161835193634,-0.04026925936341286,-1.4847612380981445,0.1575038731098175
0.2330457717180252,0.1404583901166916,-0.49910232424736023,-1.197814702987671,0.7372147440910339,-0.4883127510547638,-0.046652138233184814,1.3403154611587524,-1.0323208570480347,2.3120548725128174,0.18877242505550385,-0.5561985969543457,-0.48022598028182983,0.24617299437522888,-1.079003930091858,-0.14793217182159424,-0.18331646919250488,0.4483568072319031,-0.1679001748561859,0.5135836601257324,1.2383198738098145
-1.2563165426254272,0.4170738160610199,-0.4000714421272278,-0.1286178082227707,0.9505564570426941,-0.5954696536064148,0.22234174609184265,0.6913377046585083,0.005497694481164217,-0.3367169201374054,0.5822144746780396,-0.04396188631653786,-0.29764729738235474,-0.6576229333877563,-0.01192861795425415,-0.3879550099372864,-0.627980649471283,0.5350402593612671,0.16467562317848206,-1.3688095808029175,0.9897617697715759
-0.7067720293998718,0.5148125290870667,-0.48158523440361023,1.2387229204177856,0.2452632188796997,-0.3804822266101837,-0.1694580763578415,-0.8118314146995544,0.1692366898059845,0.4150373935699463,0.22249625623226166,0.34500977396965027,-0.25244730710983276,-0.6998354196548462,-0.71498703956604,-0.5827064514160156,0.047026943415403366,0.0004410612746141851,0.7175124287605286,1.5923601388931274,-0.023583000525832176
0.10600180178880692,-0.22916260361671448,0.22803594172000885,-0.670274019241333,0.7066717147827148,-0.017097430303692818,0.03163797780871391,-0.3670366108417511,0.5543001294136047,-0.32899317145347595,-0.18338748812675476,-0.0808272734284401,-0.13651840388774872,0.039880745112895966,-0.6605712175369263,0.1723702996969223,-0.18299297988414764,-0.4715651273727417,0.4579618573188782,1.1496793031692505,0.3246595859527588
1.8810299634933472,-0.06383782625198364,0.2712031900882721,0.6753513216972351,-0.5389080047607422,1.2848553657531738,-0.7067155838012695,-0.12376979738473892,-0.49967485666275024,-0.176871657371521,0.13602028787136078,-0.10906065255403519,0.42197275161743164,0.07345978915691376,1.041816234588623,0.34620729088783264,0.2847553491592407,1.33726966381073,0.27482497692108154,-0.9583185911178589,0.06698187440633774
-0.7902817130088806,-0.23264151811599731,-0.7271147966384888,-0.18606552481651306,-0.25905564427375793,-0.024276835843920708,-0.1788410246372223,-0.5833317637443542,0.2206687033176422,0.04084663838148117,0.016104495152831078,0.23014985024929047,-0.2940041124820709,0.33637213706970215,-0.40977755188941956,-0.2598656415939331,-0.21728914976119995,-0.4618608057498932,-0.27002230286598206,-0.9010540246963501,-0.39271247386932373
-0.10321325063705444,-0.26135075092315674,-1.2175908088684082,0.10350204259157181,-0.6698874831199646,0.3883950114250183,-0.44434061646461487,-0.40653112530708313,-0.7999280691146851,-1.4316972494125366,-0.08037789911031723,-0.2261429727077484,-1.2490723133087158,-0.5678846836090088,-0.4900487959384918,-0.7049927711486816,0.19518524408340454,0.08105789870023727,-0.2172960788011551,-0.3989035487174988,0.012527870945632458
0.7070519328117371,0.14194467663764954,-0.29847222566604614,0.026167964562773705,-0.5861386656761169,-0.17072449624538422,-0.5733321309089661,1.1853642463684082,-0.4231950342655182,-0.07652971893548965,0.09975922107696533,0.40721645951271057,0.5196083784103394,-0.15035878121852875,0.27064403891563416,0.33146560192108154,0.43287745118141174,0.38848692178726196,-0.12117774039506912,-1.301154375076294,-1.68732488155365

Slice 44
1.0064915418624878,0.06283378601074219,-0.06037051975727081,-0.05257873982191086,-0.39434707164764404,1.2429709434509277,0.637641191482544,-0.13256603479385376,-0.8982245922088623,-0.6385478973388672,0.14397194981575012,-0.4212470054626465,-0.17784418165683746,0.7448112964630127,-0.11951544880867004,-0.5270475149154663,-1.570407509803772,-0.8907174468040466,-0.16309678554534912,-0.20837043225765228,0.511903703212738
-0.7019305229187012,-0.27166783809661865,0.2680458426475525,-0.2752191424369812,0.011660476215183735,-0.02684650383889675,0.09372716397047043,-0.2317594587802887,-0.6094717979431152,0.07931073009967804,0.27824416756629944,0.10607866197824478,-0.3724029064178467,-0.16744373738765717,-0.19433364272117615,-0.27690547704696655,-0.187885582447052,-0.3924180865287781,0.19763411581516266,-0.49486392736434937,0.08458013832569122
0.9890980124473572,0.0711267814040184,-0.30574730038642883,0.5804003477096558,-0.07997399568557739,-0.1852150708436966,-0.29002076387405396,-0.07602822035551071,2.854644298553467,-0.6354055404663086,0.006401857826858759,-0.413952499628067,3.6409506797790527,1.08438241481781,0.35835835337638855,0.1329004019498825,-0.05354298651218414,-0.5470234751701355,-0.5151134729385376,-1.0970343351364136,-0.14789891242980957
0.010331113822758198,-0.046480000019073486,-0.35050392150878906,1.6641533374786377,0.005841587204486132,0.12594671547412872,-0.7415618896484375,0.5063925385475159,2.011857271194458,0.019526954740285873,0.4440777897834778,-0.4829205274581909,-0.3811150789260864,0.9415660500526428,1.1072710752487183,-0.09292323142290115,-0.4492294490337372,-0.5542827844619751,0.5159327387809753,0.4742501378059387,0.22455503046512604
0.20086784660816193,0.22968202829360962,1.3947150707244873,1.1744365692138672,-0.9788436889648438,0.05448279157280922,-0.5843722224235535,-0.17741267383098602,-0.42563843727111816,-0.8003309369087219,0.1370612382888794,0.9296869039535522,0.1315159797668457,-0.4210470914840698,-0.7029425501823425,-0.5097751021385193,0.03363988921046257,0.5009614825248718,0.5781685709953308,-0.7566226124763489,1.113181233406067
0.43492916226387024,0.017470087856054306,-0.015394993126392365,-0.1320260912179947,-0.7650067210197449,-0.33589258790016174,1.0491529703140259,0.3617495000362396,-0.08148407191038132,0.6559220552444458,0.04011453315615654,-0.6061321496963501,-0.4379332363605499,-0.45217782258987427,0.40050598978996277,0.5300108790397644,0.19114644825458527,0.4814252257347107,-0.6495919823646545,-1.391922950744629,-0.22684703767299652
-0.013581608422100544,0.24483557045459747,1.4742084741592407,0.3199140429496765,0.1941472291946411,-0.15541648864746094,-0.2564086616039276,0.5190272331237793,0.016395900398492813,-0.22930702567100525,0.22949859499931335,0.8859001994132996,0.2279021143913269,0.3231249153614044,-0.49570316076278687,-0.07370423525571823,0.8074489235877991,1.02936589717865,0.01821940578520298,-0.12545321881771088,0.5672240853309631
0.03132228925824165,-0.03542497754096985,0.1448856145143509,0.05876952037215233,0.34548789262771606,0.08694618195295334,-0.005914796609431505,0.03865217790007591,-1.46828293800354,-0.6220587491989136,0.259016752243042,0.3131091296672821,-0.834999144077301,-0.21944522857666016,-1.2002829313278198,-0.1778181493282318,-0.03711032122373581,-0.3813741207122803,-0.3312433958053589,0.9483017325401306,0.000523246475495398
-0.21651847660541534,-0.40477287769317627,0.03858329355716705,-1.1803356409072876,0.7952926158905029,-0.12995293736457825,0.45206043124198914,0.30006611347198486,1.2315329313278198,-1.073799967765808,-0.3857479393482208,-0.8167482018470764,0.12514370679855347,-0.6115113496780396,0.488091379404068,-0.3992273211479187,-0.21775095164775848,0.2992316782474518,0.0005967527395114303,1.1351200342178345,-0.39870646595954895
0.5096621513366699,0.2978852391242981,0.08941979706287384,0.05139476805925369,-1.1504780054092407,-0.7570077776908875,0.3414008915424347,-0.48655450344085693,-0.9611791372299194,-1.51497483253479,-0.35758066177368164,0.5596936345100403,0.09900005161762238,-0.4816448986530304,-0.24986018240451813,1.2828397750854492,-0.3761092722415924,-1.202823519706726,-0.0514279305934906,-1.0209181308746338,0.5536975860595703
0.050734974443912506,-0.03175001218914986,-0.056417468935251236,-0.7859280705451965,-0.22468522191047668,0.21212729811668396,-0.2877911925315857,-0.653190016746521,-1.187131404876709,0.7246773838996887,-0.05168649181723595,0.12260057032108307,0.18993011116981506,-0.5974559187889099,-0.5132547616958618,0.17398880422115326,-0.05828768014907837,-0.6952024102210999,-0.08441222459077835,-0.18815545737743378,-0.29903444647789
-0.8326743245124817,-0.13544601202011108,0.1369430124759674,0.037239283323287964,0.842077374458313,-0.08427780866622925,-0.4716256260871887,-0.6145696640014648,1.317577838897705,0.49943122267723083,0.4210370182991028,-0.5597841739654541,-0.10965096950531006,0.20963606238365173,-0.5524584054946899,-0.28782787919044495,-0.11531300842761993,0.08903753757476807,0.7830963134765625,0.7946988940238953,-0.43240877985954285
1.2988466024398804,-0.03420865908265114,-0.26376137137413025,-0.26630857586860657,0.3056566119194031,0.07505512982606888,0.4132922887802124,0.1283949315547943,-0.7490004301071167,1.7249436378479004,-0.08242390304803848,-0.21522963047027588,0.7861205339431763,-0.1299893856048584,-0.1932068020105362,-0.17899134755134583,-0.07739772647619247,-1.134322166442871,0.3721822202205658,0.9180229902267456,1.0368883609771729
-0.08628696948289871,-0.16358712315559387,-0.7207353115081787,-0.7581198811531067,1.3960283994674683,-0.4431670010089874,0.5339799523353577,0.048377327620983124,0.18554382026195526,-0.20168231427669525,-0.03760254755616188,-0.17730917036533356,0.02217961475253105,0.7651477456092834,0.23033161461353302,0.3923487365245819,-0.2627454400062561,0.5778363943099976,0.13225722312927246,0.335318386554718,0.03061983361840248
-0.8836627006530762,-0.28637048602104187,-1.7021809816360474,-0.6642879247665405,0.15932916104793549,-0.44668707251548767,0.8044284582138062,-0.2959384620189667,-0.6553261876106262,0.6157076358795166,-0.10226871818304062,-0.18268848955631256,-0.0849255695939064,0.10356096923351288,1.9036481380462646,-0.48510661721229553,0.9405030012130737,-0.05315462127327919,0.08104310929775238,0.11475250869989395,0.6389858722686768
-0.20496846735477448,-0.2106357216835022,-1.1011382341384888,0.24497641623020172,-0.057626523077487946,-0.25912848114967346,-0.3657788336277008,0.6001651287078857,0.8845820426940918,0.3453487753868103,-0.0597037598490715,-0.24291867017745972,-1.0926045179367065,-0.3244931995868683,-0.2707105278968811,-0.13319392502307892,-0.6267150044441223,0.0013072103029116988,0.3858259618282318,0.3556253910064697,-0.5376879572868347
-0.2868221700191498,0.08773147314786911,0.09405782073736191,-0.4162462055683136,0.25148651003837585,0.09000551700592041,-0.2945540249347687,0.44793304800987244,-0.2964564561843872,0.19617941975593567,0.008832157589495182,-0.09721915423870087,-0.38110455870628357,-0.02402733825147152,-0.0733974352478981,-0.18054112792015076,0.08657821267843246,0.5966780185699463,-0.42478659749031067,0.1090962216258049,-0.31635943055152893
0.6682268977165222,0.29604804515838623,-0.00978142861276865,0.07243502885103226,-0.3572857677936554,0.1181313544511795,-0.17766886949539185,-0.5663145184516907,-0.9193621277809143,-0.40568339824676514,-0.3688094913959503,0.1942341923713684,-1.1907683610916138,-0.0934024229645729,-0.20331744849681854,0.33553776144981384,0.00124246790073812,-0.547792911529541,-0.48227933049201965,1.02388596534729,-0.11861853301525116
-0.9412042498588562,0.07069268077611923,-0.45283567905426025,-0.38499656319618225,0.01793360523879528,0.008323696441948414,-0.22302886843681335,-0.08244484663009644,-0.632512092590332,-0.07813999801874161,0.0012618694454431534,0.07632815092802048,-0.5780790448188782,-0.6557220220565796,-0.7723836302757263,-0.08866532146930695,-0.09026538580656052,0.23566482961177826,-0.1006159782409668,-1.3311612606048584,0.7165881991386414
0.00394555414095521,-0.1929817795753479,0.31441470980644226,-0.40691909193992615,-0.45518434047698975,0.5974119901657104,-0.33617928624153137,-0.1838638186454773,-0.5673156380653381,0.48434731364250183,0.18757638335227966,0.6387001276016235,0.00927051156759262,-0.12884174287319183,-0.33055242896080017,-0.5847419500350952,0.7550934553146362,0.7669191360473633,-0.48165106773376465,-0.36648112535476685,0.7142953872680664
1.3772213459014893,0.2102888971567154,-0.23090463876724243,0.2565605342388153,-0.1917870044708252,-0.12449894100427628,0.7166128754615784,-0.1894644945859909,1.0939425230026245,0.31379809975624084,-0.07396170496940613,0.5209882855415344,-0.9433945417404175,0.21191038191318512,1.3881144523620605,0.8396821618080139,-0.09530075639486313,1.0924150943756104,-0.06692541390657425,0.18049877882003784,-1.2534499168395996

Slice 45
-0.3709080219268799,0.34227702021598816,0.03506239131093025,-0.1237475797533989,-0.933107316493988,-0.5559849739074707,-1.0799795389175415,-1.3279738426208496,-0.8893107771873474,-2.3525495529174805,-0.1442507803440094,-0.11863820999860764,-1.1265724897384644,0.3207235634326935,1.1106960773468018,-0.38904669880867004,-1.263940691947937,-1.1492995023727417,-0.6932599544525146,0.4906266927719116,-0.07720184326171875
0.2521074414253235,-0.07760649919509888,-0.6977584362030029,0.18274933099746704,-0.4332377016544342,0.2040454000234604,-0.144541934132576,-0.024700971320271492,-0.5469064116477966,-1.1498610973358154,0.4003184139728546,-0.4172939360141754,0.9472490549087524,0.3248023986816406,-0.25558316707611084,-0.1537698656320572,0.026436369866132736,-0.043641068041324615,0.08041160553693771,-0.6402204632759094,0.13672776520252228
-0.6511257886886597,-0.15220703184604645,-1.5614447593688965,0.16084975004196167,1.341352105140686,-0.6100215315818787,0.24936814606189728,-0.443433552980423,0.4468091130256653,1.8366937637329102,0.06025457754731178,-0.5762680172920227,-0.141439288854599,0.66427081823349,1.2245707511901855,0.049117669463157654,-1.6228663921356201,-0.335296630859375,-0.16208909451961517,1.8639330863952637,-0.24262453615665436
0.49772709608078003,-0.04312869906425476,-1.5837976932525635,-0.538275957107544,1.886352300643921,0.6737166047096252,-0.17385701835155487,-0.062331169843673706,3.0613210201263428,0.90326327085495,-0.8411585688591003,0.05084143951535225,-0.25551700592041016,-0.7850799560546875,2.641559362411499,-0.1178598701953888,-2.1983463764190674,0.21702320873737335,-0.09433780610561371,0.3846856653690338,-0.036980025470256805
-1.1322323083877563,0.32615500688552856,0.8035567402839661,-0.2780737280845642,-1.1273242235183716,0.7062733173370361,-0.14798817038536072,-0.16234591603279114,-0.5808765888214111,-0.8244979381561279,0.18283727765083313,-0.09972812235355377,-0.2957087755203247,0.6480434536933899,-0.16376550495624542,-0.18172615766525269,0.08110836148262024,0.058731090277433395,0.16804198920726776,-0.5315396189689636,-0.05623479560017586
-0.49900269508361816,0.11639544367790222,-0.5848707556724548,-0.028469804674386978,0.3894394636154175,-0.18565015494823456,-0.011388760060071945,-0.15159498155117035,-0.08038526773452759,1.2691384553909302,0.05769190564751625,-1.0516854524612427,0.18157318234443665,-0.5911755561828613,-0.9301937222480774,1.17368483543396,0.8854192495346069,0.28465113043785095,-0.19266435503959656,0.2791867256164551,-0.4714248776435852
-0.39379164576530457,0.24761100113391876,0.2884927988052368,-1.10788094997406,-1.2130905389785767,0.3778958022594452,-0.5559767484664917,-0.1274622082710266,-0.00640474259853363,-1.3750747442245483,0.21924906969070435,0.045620448887348175,-0.09378770738840103,-0.11270498484373093,-0.7251579761505127,0.37204816937446594,0.4571549594402313,-0.16256381571292877,-0.22413216531276703,-1.3336044549942017,-0.8025795817375183
-0.5012497305870056,0.07481369376182556,-0.04984835907816887,-0.45589011907577515,0.2253962755203247,-0.00711567560210824,0.26470816135406494,0.14195987582206726,-0.23852545022964478,-1.1113708019256592,-0.440712571144104,0.7949274182319641,-0.3525048494338989,-0.4890587329864502,1.2546507120132446,0.7953491806983948,-0.32601243257522583,-0.1725039780139923,-0.03930187597870827,-0.3284698724746704,0.6300732493400574
0.1724192202091217,-0.08092495799064636,1.3407644033432007,1.9786354303359985,0.9328104257583618,-1.093662977218628,0.9444896578788757,0.6485099196434021,-1.5413312911987305,0.47717586159706116,1.6732051372528076,1.1756874322891235,0.0031159003265202045,1.0541108846664429,-1.0899595022201538,-0.19479437172412872,0.7454923987388611,0.4153083860874176,-0.3931894600391388,-0.2899687886238098,-0.6840597987174988
0.4487479329109192,0.017061281949281693,0.7238442897796631,-0.04801572114229202,-0.035663995891809464,0.12480705231428146,-0.5281485319137573,-1.0752326250076294,-1.8660987615585327,0.61650550365448,0.28479254245758057,1.1059335470199585,0.17063960433006287,-0.4119071364402771,-1.4019770622253418,-0.1700618714094162,-0.2494758665561676,-0.8845891356468201,-0.8446288108825684,-1.47470223903656,-0.438935786485672
-0.25802451372146606,-0.07626384496688843,-0.12344533205032349,0.4928201735019684,-0.9252684116363525,-0.2801436185836792,-0.42250144481658936,0.9913354516029358,-0.11662650853395462,0.061260297894477844,-0.19366875290870667,0.2793422341346741,0.6801593899726868,0.07156441360712051,-0.49800655245780945,1.0846037864685059,0.18846294283866882,0.9791022539138794,-0.31495925784111023,-0.6553617119789124,-0.4414755702018738
0.3003617227077484,0.16951507329940796,0.2717488706111908,-0.3882052004337311,0.7072011828422546,0.17242968082427979,-0.3633294701576233,1.0258591175079346,-0.07345321774482727,2.3238542079925537,0.18857349455356598,-0.5870224833488464,1.01835036277771,0.37786468863487244,0.48132210969924927,0.03700634464621544,0.490421324968338,0.9962025284767151,0.2888350486755371,1.13986337184906,-0.1698487251996994
0.08435362577438354,-0.3559170067310333,0.3138696551322937,-0.03901546820998192,1.108487606048584,1.5176939964294434,1.4116779565811157,-0.06564712524414062,-0.05334141105413437,2.4769134521484375,0.2122804969549179,0.3344128131866455,0.43047425150871277,-0.5929252505302429,-0.010799107141792774,0.7597759366035461,0.6236182451248169,-0.08764149993658066,0.7705610394477844,2.06329083442688,1.2890033721923828
0.1672767996788025,-0.078258216381073,-1.3705047369003296,-0.4033951461315155,0.2517193555831909,-0.4033701717853546,0.27859726548194885,0.6327831149101257,2.698932647705078,1.1177351474761963,-0.06583012640476227,-0.22512029111385345,-0.6776071786880493,0.018903424963355064,0.751373827457428,-1.1033467054367065,0.47870323061943054,0.921030580997467,-0.4442225694656372,0.8474156856536865,-0.8461917042732239
-0.5535468459129333,-0.08957147598266602,3.376365900039673,1.825179100036621,-0.7095646858215332,-1.1330997943878174,0.37087979912757874,0.5698268413543701,-0.2918159067630768,-2.159099578857422,0.23252928256988525,0.8808469176292419,1.2972077131271362,0.7697086930274963,-1.4286688566207886,0.5422994494438171,0.5444834232330322,0.9096054434776306,1.7960819005966187,-1.9901999235153198,0.19337859749794006
0.03260182961821556,0.2872979938983917,-0.5147205591201782,-0.43565791845321655,0.8293718695640564,-0.4761088192462921,0.19930708408355713,0.4307818114757538,-0.3649577796459198,2.4529569149017334,0.3588576018810272,-0.5605748891830444,-0.3823392391204834,1.4994051456451416,0.14390616118907928,0.20925985276699066,-0.1474764496088028,-0.3251810371875763,0.9156640768051147,1.1560865640640259,-0.6582196950912476
0.23686882853507996,-0.6265873312950134,-1.2270934581756592,0.2001831829547882,0.2013653814792633,-0.22792665660381317,0.6469218730926514,0.4240413010120392,0.21443958580493927,2.148754596710205,-0.005606455262750387,-1.008462905883789,0.34788036346435547,0.1332540661096573,0.7809309959411621,0.2563031315803528,0.4320339560508728,0.21753326058387756,-0.09874005615711212,1.9811792373657227,0.05729953944683075
1.4304823875427246,-0.26257017254829407,1.5478570461273193,-0.8622607588768005,-0.22074174880981445,0.4619450569152832,-0.17585910856723785,-0.15278112888336182,-1.0177220106124878,-0.6674787998199463,-0.018586723133921623,0.3072006106376648,-0.9284866452217102,-0.8241152763366699,-0.5602071285247803,0.6079955697059631,0.38033342361450195,-0.6758910417556763,-0.28761371970176697,0.08741369843482971,0.5218730568885803
-0.39930620789527893,-0.10061422735452652,-0.6826139688491821,0.6137241721153259,-0.20990070700645447,0.5211921334266663,-0.2657035291194916,-0.31575968861579895,0.16730743646621704,-0.3669458329677582,0.04871651157736778,-0.48991796374320984,0.08679129928350449,-0.13970482349395752,0.054240040481090546,0.8888037204742432,-0.18199893832206726,0.017745202407240868,0.09805762767791748,-0.22215917706489563,0.4783003330230713
-0.45261359214782715,0.1761336773633957,0.8306981325149536,-0.2281096875667572,-1.227523684501648,0.7374101281166077,-0.4993880093097687,-0.3688875138759613,-0.5352013111114502,-1.9695338010787964,-0.15851660072803497,-0.26379188895225525,-0.519188642501831,0.3600221872329712,0.4914761483669281,-0.18700207769870758,0.5595825910568237,-0.6573055386543274,0.10477855801582336,-1.1491661071777344,0.2349359393119812
0.9142410159111023,-0.19578783214092255,-2.49216365814209,-0.42318856716156006,-0.7923458218574524,0.6896389126777649,-0.7250323295593262,-1.2469950914382935,-0.18112586438655853,-1.9490411281585693,-0.6479319334030151,-0.47790783643722534,-0.5206270813941956,-0.7253080010414124,-0.3544773459434509,-1.0966594219207764,0.03802403062582016,0.10528550297021866,-0.7650112509727478,-2.0595591068267822,2.3608481884002686

Slice 46
-0.36497586965560913,-0.14074797928333282,0.7089505195617676,0.09190524369478226,0.20660029351711273,1.4450562000274658,0.6032469868659973,-1.4562509059906006,-1.939356803894043,-1.179293155670166,-0.2255239486694336,1.0782029628753662,-0.26308462023735046,-0.9383101463317871,0.6164550185203552,-0.28477105498313904,-0.6076261401176453,0.34534502029418945,0.8776306509971619,-1.8868567943572998,-0.02956550009548664
-0.8874553442001343,-0.020864445716142654,-0.40601834654808044,-0.550678014755249,-0.014426175504922867,-0.4899192154407501,0.11920809000730515,-0.4766998291015625,0.2439257949590683,-0.013717636466026306,-0.09188438951969147,0.5937035083770752,-0.5606920123100281,-0.2523629665374756,0.3859011232852936,0.40070170164108276,-0.2929021120071411,-0.24336889386177063,-0.08206988126039505,-0.02742166630923748,-0.584516167640686
1.4453058242797852,-0.3871608376502991,-0.2858962118625641,0.7210623025894165,-0.5159301161766052,0.18341469764709473,-0.7841830849647522,-0.21274524927139282,-0.6462177038192749,-0.36359360814094543,-0.06707841902971268,-1.1763116121292114,0.9794800877571106,-0.4163053631782532,-0.24572604894638062,-0.3356589376926422,-0.1808699667453766,0.6014752388000488,-0.1527484506368637,-0.16941389441490173,-0.4720430076122284
0.11954686045646667,-0.2108897566795349,0.7330536246299744,0.5562529563903809,0.6751778721809387,0.31014302372932434,-0.24995793402194977,-0.6176584959030151,-0.21890892088413239,-0.6467630863189697,0.408633828163147,-0.1328403800725937,-0.8673354387283325,0.7381587624549866,-1.6633015871047974,-1.1412811279296875,0.526319682598114,-0.37611833214759827,-0.2478078454732895,2.079439401626587,0.38669654726982117
-0.4556611478328705,-0.3403377830982208,0.5113105773925781,-0.42559218406677246,-0.31011539697647095,0.5469098091125488,1.2144405841827393,-0.06187396124005318,0.7883867025375366,0.3481067717075348,-0.32140541076660156,1.0126322507858276,0.28692159056663513,-0.10331366211175919,0.8449649214744568,-0.24417710304260254,-0.05316043272614479,-0.2519082725048065,0.298295259475708,-0.07106635719537735,0.10739760100841522
0.20034438371658325,0.03151474893093109,0.16428923606872559,0.2948024570941925,-0.18636779487133026,0.17781223356723785,-0.435030460357666,1.3063578605651855,-0.9159737825393677,-0.6238769292831421,-0.27338069677352905,-0.41131263971328735,0.44258540868759155,-0.34119361639022827,-0.22884272038936615,-0.20674468576908112,0.6445931196212769,0.3868876099586487,0.35491451621055603,-0.009877143427729607,-0.8590904474258423
1.7185149192810059,-0.3132034242153168,0.4281298816204071,0.15561600029468536,0.9963301420211792,-0.1407114416360855,0.13452307879924774,0.18385516107082367,-1.2295175790786743,3.6128432750701904,0.10801854729652405,-0.053945012390613556,-0.007145745679736137,1.188353180885315,-0.9056606292724609,0.4976043105125427,0.05805481970310211,-0.0005205665365792811,0.2992244362831116,0.44549933075904846,2.310070753097534
-0.5869218111038208,0.25769907236099243,-1.2885360717773438,-1.2783504724502563,-0.6548383831977844,-0.3065617084503174,0.3275699317455292,0.5259397625923157,1.4686567783355713,-0.42225882411003113,-0.4823160767555237,0.23711812496185303,0.18705032765865326,0.3262048065662384,-0.5585792064666748,0.669390857219696,2.1432647705078125,0.3164199888706207,0.03442443534731865,-1.2522550821304321,-0.5987591743469238
-0.1432926058769226,0.38091549277305603,0.8526700139045715,0.8518810272216797,0.3693174421787262,0.25271472334861755,-1.3609551191329956,0.20448537170886993,-0.8176652193069458,-2.126575231552124,-0.3783857226371765,-0.4920366108417511,-0.24553588032722473,0.2469874769449234,-0.5388690233230591,-0.4992937445640564,-0.2856604754924774,-0.39531293511390686,-0.4828041195869446,0.6208353042602539,1.172991156578064
-0.9888938069343567,0.04632210358977318,-0.7503918409347534,-0.10632207989692688,-0.7116376161575317,-0.08919521421194077,1.3268886804580688,1.2042014598846436,3.0834033489227295,-0.17825016379356384,0.0945219174027443,-0.4252775013446808,-0.8330499529838562,0.12048656493425369,2.0728540420532227,0.29159802198410034,0.046115677803754807,0.42502561211586,0.840624988079071,0.6340619325637817,-0.6096497178077698
-0.27600300312042236,-0.012740466743707657,-1.1717567443847656,-0.8657627105712891,0.5004917979240417,0.3556341528892517,0.20072737336158752,-0.21713419258594513,0.09969018399715424,1.1672917604446411,-0.07960211485624313,-0.7129867076873779,-0.021102190017700195,-0.7478209137916565,0.47860509157180786,-0.2667635381221771,-0.23743809759616852,0.11968633532524109,-0.1089807003736496,-0.990174412727356,-0.7381449937820435
2.0131728649139404,0.11667878925800323,-0.08811528980731964,-0.8068233132362366,-1.4406358003616333,0.004759670235216618,-0.6196838617324829,2.719200611114502,0.6405129432678223,1.9364359378814697,1.4876614809036255,0.6479671597480774,1.1537468433380127,0.8055272102355957,-0.21669471263885498,0.9522228240966797,0.6939467191696167,0.3988763391971588,-0.4004729986190796,-0.5612323880195618,0.2735174000263214
-0.33155757188796997,0.2607274055480957,0.1868031919002533,-1.1062755584716797,-0.3311968743801117,0.07695689797401428,-0.12790167331695557,0.4486981928348541,0.45279815793037415,-0.9891140460968018,-0.18372024595737457,-0.5090959072113037,0.29965612292289734,-0.22709229588508606,-0.02777879871428013,-0.24338725209236145,-1.0367913246154785,-0.5310555100440979,-0.10613387078046799,-0.3497210741043091,-0.04729470610618591
0.646303117275238,-0.0892672911286354,-0.12261120229959488,-1.2168890237808228,1.4144854545593262,-0.24927164614200592,-0.5527673959732056,-0.467126727104187,0.025375688448548317,-0.691463053226471,0.001329102087765932,-0.37619903683662415,-1.3221678733825684,0.478959321975708,1.221330165863037,-0.9687266945838928,-0.3616541028022766,-0.08704061061143875,-0.8208649158477783,2.62312388420105,1.4649239778518677
-0.6079279184341431,-0.10018126666545868,0.7455757260322571,1.904973030090332,1.3168953657150269,-0.03230112046003342,-0.25309881567955017,-1.2053804397583008,-0.2714005708694458,-0.9374781250953674,-0.4373798370361328,-0.16271664202213287,-0.5925533175468445,-0.5427902936935425,0.2968287467956543,0.07867132872343063,0.29781442880630493,-0.6276466846466064,-0.08354205638170242,0.6191123723983765,0.33231449127197266
-0.15444380044937134,-0.0904141291975975,0.05635565146803856,0.1398785412311554,-0.36683765053749084,-0.19743473827838898,-0.5978899598121643,-0.553630530834198,0.18074175715446472,-1.53371262550354,-0.7276285886764526,-0.01331472210586071,1.095291256904602,0.019634151831269264,1.05311119556427,0.7573078870773315,0.3527838885784149,0.19733943045139313,-0.19391565024852753,-0.260267972946167,-0.583907961845398
0.23812776803970337,0.1518155038356781,-0.8985430002212524,0.6320553421974182,-0.4228401780128479,-0.946804940700531,-0.14749522507190704,-0.7625045776367188,-0.5871804356575012,-0.16556483507156372,0.2134416699409485,0.4390949010848999,0.030175620689988136,0.6244511008262634,1.5350239276885986,0.26292797923088074,-0.6706088185310364,-0.3803781569004059,0.3120926022529602,-0.1531655192375183,-0.08333232998847961
0.5613607168197632,0.13992665708065033,-1.5500739812850952,-1.1862289905548096,0.5883682370185852,0.09383883327245712,0.8041908144950867,-0.909197986125946,0.8133503198623657,-1.1451753377914429,-0.4225037097930908,-0.29062724113464355,-1.7647902965545654,-0.8712450265884399,0.7965502738952637,0.03766636550426483,0.4019896984100342,1.8371808528900146,0.06802502274513245,-0.8498602509498596,-0.3478955030441284
0.5031991004943848,-0.09364940971136093,0.07798352837562561,0.30456605553627014,-0.3955044746398926,0.3302871286869049,0.4851572811603546,-1.5368520021438599,-0.3910124599933624,2.3136844635009766,0.10217658430337906,-0.10522065311670303,1.0523920059204102,1.4899497032165527,-0.4454267621040344,-0.6400287747383118,-0.4001089334487915,-1.3127597570419312,0.009004895575344563,-0.06469234824180603,0.9454982876777649
-0.8364901542663574,-0.12605762481689453,0.35184112191200256,0.08057361096143723,0.5385423898696899,0.46208301186561584,0.1826472133398056,-0.6386568546295166,0.19573543965816498,2.1918928623199463,1.119008183479309,1.706714153289795,1.9112732410430908,0.2101181000471115,-1.3002209663391113,0.6621934771537781,0.5313884615898132,-0.30386626720428467,0.1222023218870163,-0.48475125432014465,1.019995927810669
-2.2300000190734863,-0.2710532248020172,0.8514624834060669,-0.9673253297805786,-0.9702650904655457,-1.6074129343032837,-0.3029903471469879,0.3343201279640198,-0.9218351244926453,-0.7515197396278381,-0.3848024904727936,-0.09558472037315369,0.4403168261051178,0.457815021276474,-0.5287679433822632,0.453499972820282,-0.705963134765625,-0.9380002617835999,-0.10713609308004379,0.5279931426048279,-2.7664339542388916

Slice 47
-0.6997543573379517,-0.6280193328857422,0.05134620517492294,0.4735574424266815,-0.7519398331642151,-0.14809337258338928,-0.7098367214202881,2.622762680053711,1.023482322692871,1.6097277402877808,0.052891913801431656,0.7368823885917664,-0.655651867389679,-0.1595579832792282,0.4986334443092346,-0.08567023277282715,0.9228763580322266,3.2169361114501953,-0.42827531695365906,-0.45427170395851135,1.5202325582504272
0.4868204891681671,0.2087400108575821,0.9347020387649536,0.13253501057624817,-0.005091770552098751,0.3703770041465759,0.10191968828439713,0.2749445140361786,0.5389374494552612,0.6823406219482422,0.0845043882727623,0.059609800577163696,-0.07094380259513855,0.6297178268432617,0.9340158104896545,-0.0014844206161797047,0.26427802443504333,0.2395295649766922,-0.013257436454296112,0.5824394226074219,0.24597445130348206
-1.3372528553009033,0.45575419068336487,-1.8174166679382324,0.259814977645874,-0.007555491290986538,-0.17340384423732758,2.260672092437744,-0.17511118948459625,0.6786136031150818,-0.8700147867202759,-0.16875413060188293,-0.3087480962276459,-0.4379647970199585,-0.15524277091026306,-1.2072577476501465,-0.021543538197875023,-0.027687953785061836,0.015513315796852112,0.660068929195404,-1.19212007522583,0.15640521049499512
-0.34557783603668213,-0.13393743336200714,-0.5059406757354736,-0.08533850312232971,-0.7039930820465088,0.351640909910202,0.4157423973083496,-0.5260006189346313,0.1681879162788391,-1.6275607347488403,-0.3165191411972046,0.44071289896965027,0.38143372535705566,0.569039523601532,-0.8763864636421204,-0.06432584673166275,-0.8161826729774475,-0.683952808380127,0.24881790578365326,-0.3963512182235718,-1.4050304889678955
1.3414335250854492,-0.03908213973045349,-1.216793417930603,0.07339644432067871,0.15686631202697754,0.2882106602191925,-1.0765364170074463,0.14055481553077698,-0.2320038378238678,0.970371425151825,-0.3080115020275116,-0.6467249393463135,0.28141263127326965,0.23599061369895935,0.17845217883586884,-0.026624232530593872,0.5281980037689209,-0.24278157949447632,-0.09413689374923706,-0.6848446130752563,0.3923529386520386
-1.0665340423583984,-0.22093959152698517,0.19350413978099823,-0.23691578209400177,-0.06699423491954803,-0.25935444235801697,-0.825052797794342,-0.2723989486694336,0.35291537642478943,0.3864516317844391,0.03704813867807388,0.31084784865379333,-0.3675074875354767,0.9891749620437622,-0.22440260648727417,-0.0233486108481884,-0.4874039590358734,-0.3220537304878235,0.08788763731718063,-0.07654425501823425,-1.3590214252471924
4.268830299377441,0.2696163058280945,1.2352092266082764,1.4141476154327393,0.9120371341705322,0.49182477593421936,0.4073929488658905,-0.09772387892007828,1.3531060218811035,1.0105700492858887,0.33154547214508057,0.5086990594863892,-0.032364267855882645,0.6287558674812317,1.361474633216858,0.8450295925140381,0.5678985714912415,-0.5273739695549011,0.0060498989187181,1.2021185159683228,1.9303138256072998
-0.24059490859508514,0.310751348733902,0.6515252590179443,-1.4811605215072632,0.11658924072980881,-0.03058815747499466,0.4519406855106354,0.8841836452484131,-1.2169256210327148,-1.3632341623306274,0.42479437589645386,0.3833872377872467,-0.014000533148646355,-0.5626502633094788,0.14803001284599304,-0.9976006150245667,-0.5741092562675476,0.5019242167472839,-0.08859129995107651,-0.35652732849121094,0.9863541126251221
1.5807191133499146,0.21522928774356842,-0.2237236201763153,-1.573167324066162,-0.39658284187316895,-0.8962728381156921,0.340753436088562,-1.1784040927886963,-0.5533388257026672,-1.7576122283935547,-0.16445866227149963,-1.144275426864624,-0.3960714340209961,0.14418645203113556,0.9380242228507996,-0.40297016501426697,-0.23758582770824432,-0.7642626166343689,-0.11017889529466629,-0.9556304216384888,-0.5937947630882263
1.587778091430664,-0.2506103813648224,0.1606067717075348,-0.39997366070747375,-2.6475231647491455,-0.4041675627231598,-0.7013235688209534,0.4809749126434326,0.32613423466682434,-1.0783274173736572,-0.9563897848129272,0.6723545789718628,1.01212739944458,-0.06662112474441528,1.4165241718292236,0.002494826912879944,-0.1219758540391922,-0.6026797294616699,0.5502368211746216,-0.2894652187824249,-1.4323512315750122
-0.7489103078842163,-0.2454301118850708,0.07356565445661545,-0.7358654737472534,-0.2704658806324005,0.6309185028076172,0.37351900339126587,0.5157253742218018,0.4025123417377472,-1.631890058517456,-0.13908319175243378,0.606519877910614,0.14476031064987183,0.421254426240921,-0.2346859574317932,-0.40979212522506714,-0.2732625901699066,-0.10578259080648422,-0.2040763944387436,1.7198927402496338,0.24371923506259918
0.360882967710495,-0.063154436647892,0.126881942152977,-1.1477431058883667,-0.1752489060163498,0.5315085053443909,-0.43271538615226746,0.018018074333667755,-0.00636233389377594,1.0473694801330566,-0.07459304481744766,-0.6013181805610657,-0.2708522379398346,-0.6903364062309265,-0.452104389667511,0.06372170895338058,0.7467280030250549,-1.1675820350646973,-0.1509445607662201,-0.4276997148990631,0.0939035713672638
0.018323976546525955,0.2607324719429016,-0.6050468683242798,-0.03952419012784958,-0.5328442454338074,0.29211196303367615,-0.7522619962692261,1.1245341300964355,0.33769524097442627,1.3548071384429932,-0.15112875401973724,-0.10965943336486816,1.431056022644043,-0.2159755825996399,-0.18533657491207123,-0.6498919129371643,0.5455895066261292,2.12410831451416,-0.39548125863075256,-0.397449254989624,0.3214581310749054
-0.6489626169204712,0.3515835404396057,0.34156617522239685,-0.9800457954406738,0.9388185143470764,0.45095860958099365,-0.33221760392189026,0.8138762712478638,-0.8250740170478821,0.00503412913531065,0.8863464593887329,0.009180320426821709,-0.416355162858963,-1.3380581140518188,-0.965562641620636,-0.07281853258609772,0.3451080918312073,-0.9075857996940613,0.3539828956127167,-1.2638330459594727,-0.7523466944694519
-0.06570429354906082,-0.31573665142059326,0.515299916267395,-0.45962804555892944,1.792829990386963,-0.7574419975280762,-0.25719350576400757,-1.149106502532959,-0.34541797637939453,0.1914321482181549,-0.09851370751857758,-0.48728784918785095,-0.7894363403320312,-0.6984044313430786,0.10908907651901245,0.04795517027378082,-1.2089552879333496,-0.524894118309021,-0.25571027398109436,0.03909754008054733,-0.18295535445213318
0.05660600587725639,0.6672807931900024,0.03519619256258011,0.5653452277183533,0.032098762691020966,0.2015366554260254,0.22807477414608002,0.23475083708763123,0.060381561517715454,3.266883134841919,0.5532447099685669,-0.9987733364105225,0.4351779818534851,-0.4382062256336212,-0.5655675530433655,-0.6210828423500061,0.3899843692779541,1.2820909023284912,-0.08598988503217697,-1.2157303094863892,0.5144111514091492
-0.6223342418670654,-0.08022718876600266,0.42940181493759155,0.8950964212417603,0.6544398069381714,-0.3054974675178528,-0.019971739500761032,-0.47893446683883667,-0.7685671448707581,1.4940423965454102,0.28665488958358765,1.1128313541412354,0.4087492525577545,0.07491476833820343,-1.1370680332183838,-0.22856375575065613,-0.5369026064872742,0.25273779034614563,0.04826245456933975,-0.5019654035568237,-0.5934677124023438
-0.9313380718231201,0.11667465418577194,0.5817444920539856,0.7927502393722534,-0.08828834444284439,-0.2730995714664459,-0.12678435444831848,-0.43191760778427124,-0.09799531102180481,-0.38408809900283813,-0.6597755551338196,-0.07660765945911407,0.4929741322994232,0.6337623000144958,-0.8956736922264099,-0.7788093686103821,-0.9362747073173523,1.4654699563980103,-0.17776156961917877,1.3665069341659546,0.5991500020027161
-0.21181726455688477,0.027347341179847717,-0.1663454920053482,0.7532579898834229,-0.2070123553276062,0.288023978471756,0.030841968953609467,-0.2890923321247101,-0.005913495551794767,0.23711775243282318,-0.3898890018463135,0.11630980670452118,-0.1903112828731537,-0.04037797078490257,0.3670704662799835,0.858649492263794,0.3158552646636963,-0.7767161726951599,0.15986372530460358,0.3288775682449341,-0.4621392488479614
-0.36079686880111694,-0.27709463238716125,-0.36064597964286804,-0.4565154016017914,0.7229030728340149,0.2803538143634796,0.06808357685804367,-0.10203824937343597,-0.3801533579826355,-0.4487040936946869,-0.31776800751686096,-0.10607510805130005,-0.3572559058666229,-0.9885848164558411,0.1809989959001541,0.5306335091590881,0.18693269789218903,-0.2804929316043854,0.09280934929847717,1.4649372100830078,0.12575268745422363
0.020522968843579292,0.5453534126281738,0.09719157218933105,-0.0062169539742171764,0.14964064955711365,-0.3860144019126892,-0.3992680311203003,0.11508085578680038,1.2719560861587524,0.19599191844463348,0.23916053771972656,0.8727633953094482,-0.19767101109027863,0.3527166247367859,-0.5339735746383667,-0.14475060999393463,-0.1665518432855606,-1.2983875274658203,0.015857931226491928,0.6781436204910278,-0.5617310404777527

Slice 48
-1.41629958152771,0.2676284611225128,0.018836891278624535,-0.45049262046813965,-0.8618078827857971,-0.09732870012521744,-0.14887091517448425,1.2130435705184937,-0.605503499507904,-0.8211969137191772,0.3144703209400177,-0.6686742901802063,-0.570655107498169,-1.303350567817688,-0.7649024128913879,-0.09736740589141846,1.3566865921020508,-0.19447486102581024,-0.5202798843383789,-0.44620221853256226,-0.5469127893447876
-0.05681396648287773,-0.16677585244178772,-0.035761360079050064,0.03362031280994415,-0.12746162712574005,-0.5960598587989807,-0.16877974569797516,0.026412080973386765,-0.1723625510931015,1.4789543151855469,-0.14529341459274292,0.030292458832263947,-0.18193992972373962,-0.00535621540620923,-0.5115669369697571,-0.07329071313142776,0.26342326402664185,0.06152608245611191,-0.0800628736615181,-0.04818187654018402,-0.5634957551956177
2.317230701446533,-0.08874906599521637,-0.93473219871521,0.16384357213974,-0.550007164478302,0.050717417150735855,-0.5491728186607361,0.02703901380300522,-0.17359846830368042,0.6232290863990784,0.4914543330669403,-0.2051916867494583,-0.40294912457466125,-0.4754853844642639,0.652612030506134,0.5034102201461792,-0.6497369408607483,0.4128649830818176,0.35620883107185364,-0.5717561841011047,-0.005485979840159416
0.6973141431808472,0.24096132814884186,-1.3970729112625122,-0.8202382922172546,-0.7151055335998535,0.4927201271057129,-0.6049983501434326,-0.03169722110033035,-0.7061479687690735,0.8019788861274719,-0.04424639418721199,0.5615721344947815,0.6553063988685608,-0.842438280582428,0.928472101688385,1.4594463109970093,1.1415523290634155,-0.44080930948257446,-0.27646133303642273,0.0072044143453240395,0.23586228489875793
-0.04345594346523285,-0.5539994239807129,-0.5518916845321655,-0.23774361610412598,0.3854670524597168,-0.07656142115592957,0.14808841049671173,-0.3327433168888092,-0.015455076470971107,0.09826487302780151,-0.04677271097898483,-0.40075308084487915,0.06387864053249359,0.016489636152982712,0.5733532309532166,0.10435475409030914,-0.5242674946784973,-0.3040769100189209,0.03385893255472183,0.0881882980465889,0.15883266925811768
0.43222466111183167,-0.11421652138233185,-1.188189148902893,-0.2557784914970398,0.8031986951828003,-0.2629246711730957,0.16902995109558105,-0.45781782269477844,-0.15432152152061462,-0.8651277422904968,0.21231092512607574,-0.4056634306907654,0.10475272685289383,0.5482785105705261,-0.8037726283073425,0.26043441891670227,-0.2405448853969574,-0.6229007840156555,0.1323487013578415,1.0280557870864868,1.8058782815933228
0.5292290449142456,0.027855541557073593,0.851128876209259,0.33324140310287476,0.22640354931354523,0.2817836105823517,0.015315442346036434,-0.13623544573783875,1.4121404886245728,0.4047093987464905,-0.06960319727659225,0.1535002887248993,-0.036826323717832565,-0.03806963562965393,0.9334812760353088,-0.16729529201984406,0.6818111538887024,-0.5490400195121765,0.009032650850713253,-0.7509018778800964,0.3002336025238037
-0.033661775290966034,0.05944144353270531,-0.0053578526712954044,1.4348002672195435,0.24017314612865448,0.19409652054309845,-0.1693439483642578,0.01048631314188242,0.5139907002449036,2.4830167293548584,0.30893054604530334,-1.150650143623352,-0.4188001751899719,0.7360021471977234,-1.2206790447235107,1.0948255062103271,0.822172999382019,0.7318605184555054,0.6316229104995728,0.67764812707901,1.014532446861267
0.3265886902809143,-0.32296639680862427,0.16267362236976624,0.36444923281669617,0.002078048884868622,0.8918254971504211,0.9832093119621277,0.5512863993644714,-0.15458326041698456,-1.6028209924697876,-0.6079733371734619,0.8973042964935303,0.5577792525291443,1.4136273860931396,0.43776988983154297,-0.9048282504081726,-0.8670000433921814,1.9321258068084717,-0.5316631197929382,-0.1993580162525177,0.5937775373458862
-0.5837401151657104,0.18816126883029938,-1.270754098892212,0.5831533074378967,2.835177183151245,0.10658920556306839,0.28348442912101746,-0.9406715035438538,0.9564100503921509,1.6674485206604004,0.816990077495575,-0.5356672406196594,1.0152219533920288,1.744706392288208,1.5973808765411377,-1.119693398475647,-1.0076274871826172,0.26148760318756104,0.3191753625869751,2.0887086391448975,0.04364950209856033
-0.2742210924625397,0.2639469504356384,-0.7370231747627258,0.17522108554840088,0.6995538473129272,0.13417232036590576,0.6574071645736694,-0.7198631763458252,-0.6951714754104614,-0.19718192517757416,0.07605794817209244,0.3171028792858124,-0.3890845477581024,0.1101771891117096,-0.1384831815958023,-0.9082425832748413,-0.3346327543258667,-0.8750575184822083,-0.2859940230846405,-0.4248811900615692,-0.13385231792926788
0.21080949902534485,0.11134946346282959,-0.5168498158454895,-0.020184330642223358,0.2905028462409973,-0.5962960720062256,0.14152446389198303,-0.7087472677230835,-0.6340196132659912,-1.6391377449035645,-0.4390343129634857,-1.0221283435821533,-0.23268193006515503,0.015283252112567425,0.014273267239332199,-0.4987494945526123,-0.48205533623695374,-0.09756661206483841,-0.3912942111492157,-0.02440289966762066,-0.21372756361961365
-0.9663427472114563,-0.04597003385424614,-0.029471304267644882,-0.533250629901886,-0.3138451874256134,-0.9588459730148315,-1.4677284955978394,-0.40288129448890686,-0.5372899174690247,-1.4093563556671143,0.02196614257991314,0.2507910430431366,-0.23055316507816315,-0.27385109663009644,-0.3703482151031494,0.36722859740257263,0.02925211563706398,-0.2973036766052246,-0.19299252331256866,0.08672983944416046,-0.5394592881202698
0.8128175139427185,-0.8084511160850525,0.874891996383667,-0.7909760475158691,-1.6331088542938232,0.2845962941646576,-0.30524957180023193,-0.2642359435558319,0.45209744572639465,-1.2522399425506592,-0.2547735869884491,0.7154203653335571,0.5421333312988281,-0.5219870805740356,0.3546288013458252,-0.11350827664136887,-0.2504706382751465,-0.012388037517666817,0.20398995280265808,-0.2224102020263672,-0.9641762971878052
0.8424219489097595,-0.5018194317817688,1.7053520679473877,-0.17370375990867615,0.09745202213525772,0.5940949320793152,-0.8536333441734314,0.6766931414604187,1.1541194915771484,-1.6315406560897827,-0.47774049639701843,0.08796381205320358,0.3992732763290405,0.3522898852825165,-0.8669837713241577,-0.13907738029956818,0.6422519087791443,1.245965838432312,0.3491910398006439,0.37438225746154785,-0.13349318504333496
0.27996090054512024,-0.23975911736488342,-0.13988730311393738,-0.7695931196212769,-0.8295549154281616,0.10341546684503555,1.068199634552002,-0.4663701355457306,-0.26547732949256897,-0.49720999598503113,-0.6074343323707581,-0.8940020799636841,0.17677299678325653,-0.5586203336715698,-0.4686308801174164,0.9929561614990234,-0.32192885875701904,-0.28688284754753113,-0.33480188250541687,-1.3170292377471924,-1.171952247619629
-1.864791989326477,0.07425597310066223,1.0035728216171265,-0.1526496559381485,-0.4266987442970276,-0.6389119625091553,0.7007322311401367,-0.2959364056587219,0.10322687029838562,-1.3725930452346802,0.08541414886713028,-0.07644424587488174,-0.45791926980018616,-0.8573691844940186,-1.0521442890167236,-0.2665688693523407,-0.0784328430891037,-0.2931389808654785,0.06902709603309631,1.0669971704483032,-1.493319034576416
-1.1847248077392578,0.14508698880672455,-1.0789984464645386,0.11364755779504776,-0.19888390600681305,0.4913576543331146,0.27670690417289734,1.6709810495376587,-0.12331335246562958,3.139031410217285,0.2866097688674927,0.8228771686553955,-0.89495849609375,-0.3587811291217804,-0.5802966952323914,-0.5287647247314453,0.32288235425949097,-0.07083986699581146,-0.09652384370565414,0.7674426436424255,0.7978287935256958
-0.7042052149772644,0.06934990733861923,0.9034761786460876,-0.15775686502456665,-0.005971729289740324,-0.022396700456738472,-0.2039118856191635,-0.4412766098976135,0.011684289202094078,-0.9211433529853821,-0.1441277712583542,0.29701170325279236,0.5195080637931824,0.3962450623512268,0.32230323553085327,0.0638556033372879,-0.08142298460006714,-0.6518397331237793,0.012673831544816494,0.09172515571117401,0.06933547556400299
-0.589286208152771,0.07166853547096252,1.3256579637527466,-0.09566346555948257,-0.31746813654899597,-0.5214816331863403,-0.29638025164604187,-0.7481521964073181,0.7386280298233032,-1.4748436212539673,-0.19585368037223816,0.3799542784690857,0.4793039560317993,0.6388899087905884,0.17574284970760345,-1.1341848373413086,0.5390812754631042,-0.5448816418647766,-0.2780448794364929,-0.7218779921531677,0.18792501091957092
0.19171789288520813,-0.06880500167608261,2.596449851989746,0.5618234872817993,0.014546321704983711,-0.8193964958190918,0.11981064826250076,-0.25064149498939514,0.0731346607208252,-0.2671574354171753,0.32975560426712036,0.9746447205543518,0.06503758579492569,-0.07308125495910645,-0.40981629490852356,0.751419723033905,0.20652450621128082,-0.32080894708633423,0.06968054920434952,0.6812940239906311,-0.9338670372962952

Slice 49
0.7324090003967285,-0.10191565752029419,0.800991415977478,-1.9670634269714355,-0.7190198302268982,1.1700750589370728,0.6332105994224548,-0.7796675562858582,-0.37689703702926636,-1.4969617128372192,-0.9705696702003479,1.3032931089401245,-0.4151131510734558,0.4423591196537018,0.10602498799562454,0.36989298462867737,0.24179627001285553,0.14084024727344513,-0.804486095905304,-0.9137675166130066,0.3615732491016388
-0.1787535548210144,-0.17289702594280243,-0.3974197506904602,-0.4170997440814972,-0.1772995889186859,-0.18875308334827423,-0.3264516592025757,0.08373599499464035,0.06278584152460098,0.8590595126152039,0.016906172037124634,-0.19614069163799286,0.019881775602698326,-0.7072305679321289,-0.9968351721763611,-0.5063948035240173,0.2765215039253235,-0.3881321847438812,0.003390984144061804,0.13693243265151978,0.39040911197662354
0.8060415983200073,-0.11746136844158173,-1.3987101316452026,0.6629998087882996,-0.34979453682899475,0.3872857689857483,0.6075493097305298,-1.2798055410385132,1.9442278146743774,-0.29615873098373413,-0.14396704733371735,-1.5240094661712646,0.12119424343109131,-0.17134681344032288,1.3007432222366333,-0.9296596050262451,-0.2718929052352905,-1.1922657489776611,0.13527315855026245,-0.21647624671459198,-0.4101746082305908
-1.6249771118164062,0.5800793170928955,0.7495425343513489,0.8164685368537903,0.572023332118988,-0.1334642469882965,0.7048492431640625,0.3868173360824585,1.347356915473938,-1.3437621593475342,-0.5096821188926697,0.8703314065933228,-0.8633168339729309,0.9246261715888977,1.66238272190094,0.6346332430839539,0.9582456946372986,0.9996902346611023,0.946191132068634,0.48544153571128845,-0.8083698153495789
-0.5205308198928833,-0.09719394892454147,-0.25928235054016113,-0.1302667260169983,0.6764878034591675,-1.720445990562439,-0.5327601432800293,0.4946354031562805,-0.2952766716480255,2.061386823654175,0.3552207350730896,-0.5825139880180359,0.1584445983171463,-0.06012870743870735,-0.28613314032554626,-0.7997779250144958,-0.815947413444519,0.059083156287670135,0.23809662461280823,-0.6978080868721008,0.6261221766471863
0.9353223443031311,0.9907341599464417,-0.3893936276435852,-0.46464478969573975,0.24620786309242249,-0.470381498336792,-0.3883758783340454,-0.3055581748485565,0.9880270957946777,-0.42717444896698,-0.45492762327194214,-0.6285238862037659,1.85505211353302,0.5055590271949768,1.0687183141708374,-0.0036607503425329924,-1.9895087480545044,0.08001100271940231,-0.3450338840484619,0.5033245086669922,-0.04204728826880455
1.6695168018341064,0.06819631904363632,-0.8992055654525757,-0.8975351452827454,-1.039265513420105,-0.34362223744392395,0.13059072196483612,0.597589373588562,-0.43547213077545166,0.4956488013267517,-0.045624006539583206,0.08561128377914429,0.04152000695466995,0.15959583222866058,-0.030194994062185287,0.20448189973831177,1.0475647449493408,0.9196776747703552,-0.5159316658973694,-1.4422171115875244,-0.10570314526557922
-1.4448426961898804,0.6274373531341553,1.3911551237106323,-0.019037116318941116,0.1756010502576828,-1.41627836227417,1.9227488040924072,0.21197909116744995,-0.8713168501853943,2.087398052215576,1.0394452810287476,-0.291136771440506,0.4544796049594879,0.8455836772918701,-0.4924112856388092,-1.111404299736023,-1.2681891918182373,0.3192678689956665,-0.45688483119010925,0.7207287549972534,-1.440538763999939
0.637525737285614,-0.24836044013500214,2.073955774307251,4.724739074707031,0.23887935280799866,0.6366361975669861,-0.7599314451217651,-0.9108273983001709,-0.8393723368644714,-0.48062458634376526,0.10599048435688019,-0.8337258696556091,0.5922879576683044,-0.5826295018196106,-0.01142511423677206,0.032584838569164276,-1.007543683052063,0.12276431918144226,-0.0720345750451088,0.39646750688552856,1.0285766124725342
0.2876373529434204,-0.360508531332016,0.15834423899650574,0.11104605346918106,1.9259048700332642,-0.6668128371238708,0.5244008302688599,0.5350683927536011,0.3687658905982971,0.41228365898132324,-0.5564942359924316,1.5929535627365112,-0.794459879398346,-0.43294477462768555,-0.03793896734714508,0.3074374198913574,-1.7601613998413086,-1.0655648708343506,0.7642596960067749,2.4373247623443604,1.697244644165039
-1.1035782098770142,-0.2612810432910919,-0.3630618751049042,1.0663526058197021,1.1612110137939453,-0.5484493374824524,-0.1688268482685089,-0.3170258402824402,-1.8392759561538696,0.9542368650436401,-0.09860823303461075,-0.987101137638092,0.15162299573421478,-0.060625120997428894,-0.558684229850769,0.14120829105377197,-0.36026039719581604,-0.42174750566482544,0.38783589005470276,0.7420487999916077,1.3270882368087769
1.7976433038711548,-0.5158637762069702,0.571694016456604,-0.9186776876449585,-1.4134775400161743,-1.115578055381775,-1.1360703706741333,1.7993440628051758,0.6405781507492065,0.15288083255290985,-0.9779998064041138,-2.024427890777588,-1.0501811504364014,-0.5767484903335571,-0.5680819153785706,0.4737662971019745,-0.6964914798736572,-0.1103137731552124,0.07917950302362442,-0.7554707527160645,0.17082242667675018
0.7130491137504578,-0.1405612975358963,1.4053150415420532,0.09606409072875977,0.40556517243385315,0.8189377188682556,0.5863608717918396,-0.633938193321228,-0.2534976303577423,0.48914065957069397,-0.8974093794822693,0.9269709587097168,-0.7478094100952148,-0.8959174752235413,-0.38463708758354187,-0.5109582543373108,1.0071097612380981,0.09889627993106842,0.08548308163881302,1.7710533142089844,-1.0955928564071655
-0.6472055912017822,0.07566196471452713,0.31003537774086,-1.4838200807571411,-1.071804165840149,0.24178017675876617,-1.0063517093658447,0.061391133815050125,2.004491090774536,-1.4848239421844482,-0.5170187950134277,0.6757456064224243,0.8835092782974243,-0.23829644918441772,0.5001723766326904,3.026958465576172,2.409322738647461,1.6959742307662964,-0.2564593553543091,0.2162276655435562,-1.149976134300232
1.497268557548523,-0.18349751830101013,0.1741093397140503,-0.5627833008766174,0.6735115051269531,1.3252381086349487,-1.2433184385299683,-0.7521383762359619,-0.33581283688545227,-1.149383783340454,0.022357504814863205,-0.17634019255638123,1.9571486711502075,-0.8905593752861023,-0.12973283231258392,0.7703536748886108,-0.7798710465431213,0.1661933958530426,-1.0067496299743652,1.2254376411437988,0.23344533145427704
1.4261385202407837,0.6955137252807617,-0.7049933671951294,-0.34672462940216064,0.3579889237880707,-0.025794701650738716,0.512748658657074,-0.5554865598678589,1.134827733039856,0.654574990272522,-0.2602056562900543,0.015676086768507957,0.21272492408752441,0.3160524368286133,-0.3536081910133362,0.3075871467590332,-0.9132902026176453,0.24051854014396667,0.4547101855278015,-0.8688070774078369,0.48094794154167175
-0.5446296334266663,-0.14955326914787292,-0.422127366065979,0.8970925211906433,-0.5653846859931946,1.8563648462295532,-0.31245583295822144,0.037842102348804474,0.4508225917816162,1.3575857877731323,1.368018627166748,-1.1048367023468018,1.2761493921279907,0.6481990218162537,-0.6869715452194214,-0.3364267349243164,-1.5443744659423828,-0.886728048324585,-0.1711575984954834,-1.0381523370742798,-0.27561548352241516
-1.3196369409561157,-0.13209135830402374,-1.253685474395752,0.9914616346359253,-0.2715287506580353,-1.0007339715957642,1.4424182176589966,0.012276308611035347,-1.0615625381469727,-0.8779743313789368,-1.1809730529785156,0.430302232503891,1.1417802572250366,1.0125062465667725,0.10858860611915588,-0.25774428248405457,-0.5751805901527405,-0.4752897620201111,0.16896063089370728,-0.6802023649215698,-0.8340287804603577
0.5076193809509277,0.27435222268104553,0.5396186113357544,-0.5371022820472717,-0.02833840623497963,-0.06032183766365051,0.04562956094741821,-0.07932358980178833,-0.6601308584213257,-0.2620150148868561,0.2216922640800476,-0.25223541259765625,-0.5233818888664246,-0.5369494557380676,-1.0476837158203125,0.158616304397583,-0.6683011651039124,0.3468940854072571,-0.2687743008136749,0.21475405991077423,-0.18079642951488495
0.9165617227554321,-0.08406800031661987,0.9955931305885315,0.21487022936344147,-0.24472305178642273,-0.5200750827789307,-1.3337695598602295,0.8651264309883118,-0.7556410431861877,0.18973234295845032,0.44046780467033386,0.6024706959724426,-0.060667019337415695,-0.05564405024051666,1.2018927335739136,-1.3881486654281616,2.0410871505737305,1.6623653173446655,-0.44963398575782776,-1.219181776046753,0.7329446077346802
-0.8967308402061462,1.0894526243209839,-1.1190826892852783,0.13672998547554016,1.059298038482666,0.8444666862487793,-0.4625333249568939,-0.4931829571723938,2.104789972305298,0.8442588448524475,1.3365708589553833,-0.4060557782649994,-2.1100478172302246,0.36026468873023987,0.7590630054473877,0.14063969254493713,-0.15281054377555847,0.0681057721376419,0.13045981526374817,1.75684654712677,0.30298301577568054

Slice 50
-1.2826646566390991,0.5884119272232056,0.30832603573799133,-0.5370774269104004,-0.2260233759880066,-0.7376067042350769,0.17148347198963165,0.08550967276096344,0.15325915813446045,1.3124613761901855,-0.33346205949783325,1.884982705116272,0.8306003212928772,-0.5790831446647644,-0.1890275925397873,0.36925777792930603,0.8580703139305115,0.4364839792251587,0.11760455369949341,0.449412077665329,-0.17709720134735107
0.03164089471101761,-0.0024014015216380358,0.0732802227139473,0.14119578897953033,0.25341397523880005,0.3910143971443176,0.49829259514808655,-0.2713370621204376,-0.40436461567878723,-0.0008343207882717252,-0.10603313148021698,0.20828835666179657,-0.13593174517154694,-0.12474878877401352,0.12244980037212372,0.07018779963254929,-0.18180865049362183,0.002461280208081007,0.2625761032104492,0.42651093006134033,-0.018754269927740097
-1.3326506614685059,0.47952744364738464,0.44801411032676697,-0.7848079204559326,-0.9301435351371765,-0.23887431621551514,-0.5049126744270325,-0.35166651010513306,-0.8973780870437622,0.6540839672088623,-0.11217620968818665,-0.5539029240608215,-1.2934305667877197,-0.697758674621582,-0.2976151704788208,-0.3161276578903198,0.19398987293243408,1.3359436988830566,-0.0865463837981224,-0.4095294177532196,0.9269779324531555
-0.2132413238286972,-0.061423882842063904,-0.244245707988739,-0.3058496117591858,-0.768545389175415,-0.1692197620868683,-0.19798167049884796,-0.2586331069469452,-0.42615288496017456,-1.0223126411437988,-0.43765705823898315,-0.06405340135097504,-0.8665852546691895,0.10600878298282623,0.6330615282058716,0.5108241438865662,0.2844606637954712,0.12425291538238525,0.37312689423561096,-0.12533709406852722,0.7720328569412231
-0.4936809241771698,-0.06500696390867233,0.025124918669462204,0.028802549466490746,1.2649049758911133,0.14132754504680634,-0.47658562660217285,-0.4738291800022125,0.9667657613754272,-0.4004350006580353,-0.015579551458358765,-0.570205569267273,-0.5789775252342224,0.1768082231283188,-0.027555765584111214,0.32611995935440063,-0.22378700971603394,-0.39010947942733765,0.05642462894320488,1.7572317123413086,-0.5597410798072815
0.9530162811279297,-0.5670429468154907,0.22951018810272217,0.3737698793411255,-0.13159361481666565,-0.3821104168891907,0.5173836946487427,-0.15011978149414062,-0.695490837097168,0.2864673137664795,0.13731777667999268,-0.19765345752239227,-0.5142233371734619,-0.06359165161848068,0.5037624835968018,0.46914437413215637,0.19707024097442627,-0.3502059280872345,-0.3550564646720886,-0.47965317964553833,0.9328447580337524
0.23824933171272278,0.08045291900634766,-0.1618022322654724,-0.38244354724884033,-0.24706706404685974,0.46032899618148804,0.3528970777988434,-0.9441970586776733,-0.1397181898355484,-0.7914443612098694,0.0708344355225563,-0.3906613886356354,0.054237257689237595,-0.4149075150489807,0.155945286154747,-0.8171790838241577,-0.288566917181015,-0.8269665241241455,-0.02024715580046177,0.41925787925720215,0.07800998538732529
0.2987960875034332,-0.22771748900413513,-0.246948704123497,0.32477501034736633,-0.2947329580783844,-0.1959138810634613,0.11676543951034546,0.6627610921859741,1.1482497453689575,-1.2534503936767578,-0.013826209120452404,0.5167199969291687,0.8576140403747559,0.6424827575683594,0.5310816764831543,0.4626688063144684,0.13084591925144196,-0.04739264398813248,-0.4075724184513092,-0.7782060503959656,-0.3335958421230316
-0.7611694931983948,-0.27293992042541504,0.5550268292427063,2.0485925674438477,-0.24834927916526794,0.3461766541004181,-0.9449590444564819,-0.4019390642642975,-0.802634596824646,0.11124978214502335,0.49417197704315186,-0.14324244856834412,-0.2936469614505768,0.3030661642551422,-0.13350065052509308,-0.39409294724464417,0.040311671793460846,-0.8537110090255737,0.5328428745269775,-0.6268340945243835,-0.7414320111274719
0.9323933124542236,-0.3069196045398712,0.00669369800016284,0.2650385797023773,-0.7624629735946655,0.3022426962852478,0.5197531580924988,0.5589773654937744,0.35432082414627075,-0.5315377712249756,-0.03100029192864895,0.2736147344112396,0.9804587960243225,0.216448113322258,-0.60394287109375,0.718299925327301,0.29474112391471863,0.8297224640846252,-0.7479950189590454,-0.35057979822158813,-0.8913341760635376
-0.9149641394615173,-0.098782479763031,-0.268791139125824,0.2721937596797943,0.04352496936917305,-0.07295423001050949,-0.3263309895992279,0.5377901792526245,-0.2949305772781372,-1.0278315544128418,-0.008552972227334976,0.33908167481422424,0.2431647628545761,0.22461862862110138,-0.7357689142227173,0.13645809888839722,0.34077978134155273,-0.2579057514667511,-0.19385848939418793,-0.700046956539154,0.006100695580244064
-0.5705827474594116,0.48298463225364685,-0.1675993800163269,0.1637972891330719,0.19506585597991943,-0.20175863802433014,-0.29305800795555115,-0.03567204996943474,0.5120723247528076,0.5440593361854553,-0.4609607458114624,-0.6996864676475525,-0.5864930748939514,-0.021341800689697266,-0.05595243722200394,-0.8969730138778687,-0.1498500108718872,0.8845694661140442,0.5468396544456482,1.2509045600891113,0.13388986885547638
1.3546338081359863,0.10967228561639786,1.1512086391448975,0.40414002537727356,-0.7361609935760498,0.43139350414276123,-0.24336284399032593,-0.4291008412837982,-0.5862686634063721,1.941573143005371,0.3452397882938385,0.34562814235687256,-0.3549097180366516,0.3943329453468323,-0.3741109073162079,0.6398087739944458,0.08274153620004654,0.12377747893333435,-0.2156839817762375,-0.7806416749954224,0.10363989323377609
-0.35369595885276794,0.2687930762767792,-0.41147056221961975,0.07784980535507202,-0.6168774366378784,-0.10429266840219498,-0.21061092615127563,-0.360525906085968,1.240445852279663,-0.27430635690689087,-0.08412943035364151,-0.3498930335044861,0.04825327917933464,-0.01702001690864563,0.032335203140974045,-0.5603829026222229,0.2318904995918274,-0.6866168975830078,0.09088514745235443,-0.7169061899185181,0.02572842687368393
-0.3685237169265747,-0.1839343160390854,-0.012987402267754078,0.2812334895133972,-0.27460166811943054,-0.09657694399356842,0.42871832847595215,0.2109644114971161,0.3442561626434326,-0.729830801486969,-0.14288388192653656,0.2110554575920105,1.1336479187011719,0.4669817090034485,0.16176331043243408,-0.7182676196098328,-0.3636355996131897,-0.19252927601337433,-0.03422399237751961,-0.983808696269989,0.33748483657836914
-0.31116682291030884,0.22901871800422668,0.3041425347328186,-0.4179668724536896,0.14551134407520294,-0.08072559535503387,-0.1569409817457199,0.49999868869781494,-0.6236821413040161,-0.13078877329826355,0.2416268289089203,-0.3312174677848816,-0.07445822656154633,-0.11810418218374252,0.5101242661476135,-0.20250463485717773,0.8573338985443115,0.29984819889068604,-0.5108850002288818,-0.12233235687017441,-0.3392336666584015
-0.7738473415374756,-0.25078216195106506,-0.1473599672317505,-0.9216393828392029,-0.38822877407073975,0.04360421746969223,-0.7796102166175842,0.6594769358634949,-0.46820560097694397,0.7729809284210205,0.3389488756656647,-0.634624183177948,-0.1630065143108368,0.010687114670872688,-0.5604201555252075,-0.02934901788830757,-0.1461893618106842,0.9358295798301697,-0.09236082434654236,-0.04452598839998245,0.19597364962100983
0.7613375782966614,0.05651216208934784,0.09123750030994415,-0.5693407654762268,1.336091160774231,0.06051440164446831,0.2475675642490387,-0.21718871593475342,0.3448684513568878,-1.1168279647827148,0.2814249098300934,-0.019216956570744514,1.585343360900879,-0.11662460118532181,0.1993931531906128,-0.26708003878593445,-0.2112271934747696,0.1297447383403778,0.3094697594642639,-0.9599300026893616,0.07641143351793289
-0.681613564491272,-0.11556802690029144,-0.15731625258922577,-0.1322224885225296,0.09490085393190384,-0.06867115944623947,-0.011214182712137699,-0.30637216567993164,-0.5629015564918518,-0.33835843205451965,-0.17311082780361176,-0.04142235592007637,-0.22307898104190826,-0.1452779471874237,0.6667779088020325,0.07561762630939484,-0.04984797537326813,-0.6079869866371155,0.0946003720164299,1.476808786392212,0.14640679955482483
-0.9639663696289062,-0.07163988053798676,-0.14686927199363708,0.8482099771499634,1.0359739065170288,0.2725403308868408,0.27402639389038086,-0.42425575852394104,0.42274823784828186,-1.4579167366027832,-0.407620906829834,-0.4774259328842163,-0.03249858319759369,-0.5777256488800049,0.2295597344636917,-0.1583096832036972,-0.8776708841323853,-0.4054321348667145,0.3931155204772949,2.5608551502227783,-0.8033590316772461
1.1263401508331299,-0.25028306245803833,-0.5320730209350586,-0.5630703568458557,0.29013681411743164,-0.2397558093070984,0.677657425403595,0.39988449215888977,-0.11113063991069794,1.0900206565856934,0.5024845600128174,0.5965275764465332,-0.5788059830665588,-0.004923554137349129,0.40562719106674194,0.5674159526824951,0.13526731729507446,-0.7496026158332825,-0.12013683468103409,0.015499932691454887,0.37177368998527527

Slice 51
-0.884193480014801,-0.6979519724845886,-0.8660173416137695,0.09665646404027939,0.2871725261211395,0.22818823158740997,1.4429785013198853,0.7272148728370667,1.085027813911438,1.2133214473724365,0.6225666999816895,-0.14797040820121765,0.6304886341094971,-0.11385796964168549,0.22861988842487335,0.6764109134674072,0.7334877252578735,-0.6140215992927551,-0.4169834554195404,1.378299355506897,0.8918787240982056
0.6380603313446045,-0.07548710703849792,-0.1934468001127243,0.24136696755886078,-0.04235954210162163,-1.00458824634552,-0.11687665432691574,-0.008000749163329601,0.307692289352417,0.5827959775924683,0.03306921198964119,-0.10699465125799179,-0.09226436167955399,-0.260979562997818,1.1800193786621094,0.2422669529914856,0.06291181594133377,0.34470856189727783,0.04895288124680519,0.8134580254554749,1.3693220615386963
-0.6715997457504272,0.3848794996738434,1.1207526922225952,0.680090069770813,-0.5494958162307739,1.9737900495529175,0.3460969924926758,-0.4419304132461548,-1.2892683744430542,-2.3364694118499756,0.18447525799274445,0.7119234204292297,-0.5730651617050171,1.0064736604690552,-1.0034353733062744,0.8673681020736694,-0.9472176432609558,-1.5338839292526245,-0.029946744441986084,-0.5838068723678589,-1.1360365152359009
-1.1645710468292236,0.04466783255338669,0.5005967020988464,1.3585602045059204,-0.9714669585227966,0.39725539088249207,1.3645437955856323,-0.9358557462692261,-0.5497550368309021,0.5942635536193848,-0.14963367581367493,-0.44851619005203247,-1.3552663326263428,0.26703399419784546,-0.5639474391937256,0.5384708046913147,-0.42377933859825134,-1.4630788564682007,0.006923224311321974,-0.4861806035041809,0.7943142652511597
0.025736171752214432,0.14622151851654053,1.545832872390747,2.6395018100738525,2.0896613597869873,-0.954586923122406,-1.1266663074493408,-0.06915314495563507,-0.6859444975852966,0.8610277771949768,-0.008487624116241932,0.36506134271621704,1.2312872409820557,-0.46307477355003357,-0.2542765736579895,1.0228902101516724,0.732823371887207,1.0063087940216064,-0.13084766268730164,-6.789530743844807e-05,1.7653303146362305
0.1020231768488884,0.1736825406551361,-0.22813986241817474,-0.23476774990558624,-0.30724668502807617,-0.29560646414756775,-1.0893826484680176,0.2972102463245392,0.6614766716957092,-0.41495054960250854,-0.5085982084274292,-0.5921785235404968,-0.5033752918243408,0.01637398637831211,-0.29142308235168457,-0.35756465792655945,0.2998563051223755,-0.07526704668998718,0.0221784096211195,-0.9533793926239014,0.18432186543941498
-1.7797033786773682,0.07232040911912918,-0.5129134654998779,-0.6269720792770386,-0.4788980484008789,-0.9698817729949951,-0.20837044715881348,-0.349928081035614,0.14008323848247528,-1.2609028816223145,-0.20848271250724792,0.21735996007919312,-0.3917402923107147,0.06355990469455719,-0.3354819416999817,0.015827005729079247,-0.21784338355064392,-0.35964757204055786,-0.07178724557161331,-0.748913049697876,0.05048048496246338
1.7968754768371582,0.0013748357305303216,0.0472739078104496,-0.8041084408760071,0.49904224276542664,-0.589391827583313,0.6075758337974548,0.9631991982460022,0.5970128178596497,0.7362440824508667,-0.5942626595497131,-0.12409471720457077,1.961472988128662,-0.10848501324653625,0.2766425311565399,0.1969655305147171,-0.14737845957279205,2.3025553226470947,-0.3455633223056793,-0.41413840651512146,0.5192373991012573
-0.8279182314872742,0.43519777059555054,0.2709759473800659,0.012432190589606762,-1.383190393447876,1.0445700883865356,-0.18830618262290955,0.09456530213356018,0.10166695713996887,-1.7457518577575684,-0.0851980447769165,-0.15460745990276337,-1.2498821020126343,-0.9446837902069092,-0.06462845951318741,-0.5815348625183105,-0.28339722752571106,0.02522425726056099,0.15274479985237122,-0.4669664204120636,-1.141162395477295
1.8243728876113892,-0.31627437472343445,0.4590861201286316,-0.8144828081130981,1.6542681455612183,0.31468501687049866,-0.8503698110580444,-0.7219427227973938,-0.08251740783452988,-0.18330439925193787,-0.22100640833377838,-0.28609585762023926,1.3225542306900024,0.1362866461277008,-0.32767021656036377,-0.37383052706718445,0.25087758898735046,2.005481481552124,0.6254892945289612,2.2737691402435303,2.16363787651062
-0.1660161018371582,0.08927969634532928,-0.5406090617179871,0.15793274343013763,-0.28440144658088684,0.7691164016723633,-0.49312087893486023,0.0001988779695238918,1.5090558528900146,0.9469461441040039,-0.2637439966201782,0.8347248435020447,0.3073781132698059,0.1356251835823059,1.1563045978546143,0.1558694839477539,0.7024688124656677,1.2251964807510376,-0.09631647169589996,1.434244155883789,0.4509611129760742
-0.42926764488220215,0.21191561222076416,-0.04372241348028183,0.2674461603164673,0.37707966566085815,1.518447995185852,-0.12681221961975098,-0.4715605080127716,0.07406526803970337,-1.289199709892273,-0.20439952611923218,1.9832894802093506,-0.514751136302948,0.5505661368370056,-0.4373618960380554,-1.0948879718780518,0.69762122631073,-0.7971433997154236,0.33917438983917236,-0.6802170276641846,-0.8870904445648193
0.6686537861824036,-0.33718815445899963,-0.6195826530456543,-0.6890336871147156,-0.9574271440505981,-0.2119380682706833,0.5679928660392761,-0.8609327077865601,0.07890491187572479,-0.12274158000946045,0.1474076360464096,0.6052260398864746,-0.6637126803398132,-0.49783819913864136,-0.3248949348926544,0.17816084623336792,0.187635138630867,-0.4604513347148895,-0.18765130639076233,-0.7048479914665222,-0.45903313159942627
-1.110727071762085,-0.06311292201280594,-0.16154876351356506,1.3623548746109009,0.6811606884002686,-0.26367631554603577,0.24758349359035492,0.15910249948501587,-1.0912909507751465,1.4359540939331055,-0.14474265277385712,-0.6609702110290527,-0.07861307263374329,1.2108780145645142,-0.6651779413223267,-0.8635969758033752,-0.5824475288391113,-0.5221019387245178,0.010572346858680248,-0.014682898297905922,0.5808765888214111
-0.9244871139526367,0.058794837445020676,-0.04241761937737465,-0.7949858903884888,-0.4659312963485718,0.35381123423576355,-0.23332692682743073,-0.22835245728492737,-0.16340422630310059,-1.8382618427276611,0.3853987753391266,-0.19135718047618866,-1.1853944063186646,1.3165485858917236,0.004741092212498188,-1.2686872482299805,-0.32180705666542053,-0.821107804775238,-0.36469992995262146,-0.18607240915298462,-0.7857440710067749
1.1806731224060059,-0.4441956877708435,-0.7694253921508789,1.5038330554962158,-0.3970610499382019,0.4105857014656067,-0.8264999985694885,0.5331078171730042,0.8050203323364258,-0.24555277824401855,0.49718374013900757,0.9833957552909851,1.3054908514022827,0.5858197212219238,-0.8805281519889832,-0.7933745384216309,-0.5166448950767517,-0.9057443737983704,0.32647061347961426,0.49953097105026245,-1.5954960584640503
1.786229133605957,-0.2147129625082016,-1.3909246921539307,0.6077122092247009,-0.6569787263870239,1.4450747966766357,-0.6515094041824341,-0.07517923414707184,-0.03338645026087761,0.19272519648075104,0.17884741723537445,-0.6402537226676941,0.8344676494598389,-0.3872731626033783,0.5737096667289734,0.3186812102794647,0.1955917924642563,0.14778947830200195,0.4062963128089905,0.05918538197875023,-1.496656894683838
0.6673249006271362,0.5357134938240051,0.28904634714126587,-0.999855637550354,0.5925143957138062,0.3192167580127716,-0.40459051728248596,0.8291525840759277,-0.3396562933921814,2.3601551055908203,0.05472772940993309,-0.6960211992263794,-0.22162790596485138,-1.10822594165802,0.3778683543205261,-0.15578512847423553,-0.23665925860404968,0.6308751702308655,0.4120721220970154,-1.0623260736465454,-0.5889484882354736
1.1562975645065308,-0.13543744385242462,-0.2650359272956848,-0.8217578530311584,0.2423551082611084,-1.2608232498168945,-0.23498184978961945,-0.24694399535655975,0.12042196840047836,0.04313018172979355,0.07378009706735611,-0.36749720573425293,-0.615686297416687,-0.06661247462034225,0.270980566740036,0.8234041333198547,0.020158706232905388,-0.7134236097335815,-0.5399318337440491,0.4300088584423065,0.16485558450222015
-0.15870653092861176,-0.24134162068367004,-0.2259407341480255,-0.25949347019195557,0.44025176763534546,-0.5914356112480164,-0.5611089468002319,0.5076255202293396,-0.2865712642669678,-0.08617980033159256,0.009291543625295162,0.19936276972293854,-0.265837162733078,0.7732101678848267,-0.14321132004261017,-1.0105042457580566,0.23146454989910126,0.23819875717163086,0.05693485215306282,0.030682923272252083,1.608207106590271
-0.2127191126346588,-0.24453391134738922,-2.0793299674987793,-0.9594686031341553,-0.13092412054538727,-0.42972373962402344,-0.28510618209838867,-0.6401798129081726,0.38670432567596436,0.7932926416397095,1.1214985847473145,0.1692459136247635,0.4039683938026428,-0.03246326372027397,-1.1669893264770508,-0.17597748339176178,0.2723311185836792,0.04158221557736397,-0.18382948637008667,0.8674342632293701,1.2263911962509155

Slice 52
0.25292354822158813,-0.03612751513719559,-0.6000256538391113,-0.7482084035873413,0.19834697246551514,0.047615472227334976,-0.35459548234939575,0.011657128110527992,-0.7603887319564819,0.4304102659225464,-0.23820656538009644,-0.38340064883232117,-0.5760089755058289,0.6225582361221313,0.25663045048713684,-0.3585392236709595,-0.3522859215736389,1.4825439453125,0.2072346955537796,-0.09715106338262558,-0.9918093681335449
-0.09110445529222488,-0.11531540006399155,-0.1624191850423813,-0.3285789489746094,0.1458555907011032,0.011669108644127846,0.38390395045280457,0.6353099346160889,-0.5550076961517334,-0.6072808504104614,-0.17601294815540314,-0.15085652470588684,-0.1799301952123642,-0.1824803650379181,-0.6612637042999268,0.056117355823516846,0.33655107021331787,0.21270884573459625,-0.14604666829109192,0.4484328627586365,0.29749244451522827
-0.3321402668952942,-0.309390664100647,-0.797508955001831,-1.1301673650741577,-0.6649051308631897,0.092438243329525,-0.4939538538455963,-0.6112409830093384,-0.30273380875587463,-1.1722089052200317,-0.3835003972053528,-0.1810576617717743,0.8116638660430908,-0.2560406029224396,0.02090120129287243,0.6340524554252625,-0.39873164892196655,-1.6700407266616821,0.04354451224207878,-0.6977906227111816,-3.0960283279418945
-1.8010187149047852,-0.19714505970478058,-1.2168525457382202,-0.3684185743331909,0.13281890749931335,0.21114186942577362,0.014081746339797974,0.5212216973304749,1.3207623958587646,-0.4706830680370331,-0.4663700461387634,-0.7618656158447266,0.9234171509742737,-0.3345426619052887,0.3221272826194763,-0.10394390672445297,0.08810479193925858,-1.0067065954208374,-0.02916523814201355,-0.7001978158950806,-0.971576988697052
0.04825626313686371,0.27717524766921997,0.1504727005958557,1.2535990476608276,-0.7697445154190063,-0.36216020584106445,0.35630878806114197,0.6374631524085999,1.7481087446212769,-0.9560880661010742,-0.43625274300575256,0.9621238112449646,-0.2884628176689148,-0.05513695999979973,1.6287157535552979,0.09789015352725983,-0.32112425565719604,-1.0783255100250244,-0.004119966644793749,0.949133038520813,2.48107647895813
-0.407105416059494,-0.042785074561834335,-1.1729824542999268,-1.6195416450500488,0.5568134188652039,0.8404117822647095,0.6207638382911682,-0.4632302522659302,-0.5124257802963257,0.6490445733070374,-0.09053139388561249,0.46670815348625183,-0.9341014623641968,0.9126242995262146,0.05534155294299126,-0.3290368318557739,-0.045961230993270874,0.10183282941579819,-0.09734855592250824,-0.2669411599636078,0.3549266755580902
0.3308999836444855,-0.03336605802178383,-0.28351283073425293,-0.2488933652639389,0.6606438755989075,-0.3268420100212097,-0.16781547665596008,0.1385033279657364,-1.154226541519165,1.1228314638137817,0.3023920953273773,-0.24359102547168732,-0.3447636365890503,-0.8927772045135498,-0.3087875247001648,0.13640139997005463,-0.007681812159717083,0.6951792240142822,-0.08816638588905334,0.2452418953180313,-0.49654921889305115
-0.5790920853614807,-0.17252188920974731,0.5992000102996826,1.6739250421524048,0.34041711688041687,0.13802477717399597,-0.05663726478815079,-0.12655816972255707,1.4815717935562134,0.36970043182373047,0.013703176751732826,0.7967544794082642,-0.9305251836776733,0.8932616710662842,0.7620410919189453,0.09049288183450699,0.1314200758934021,-0.39286789298057556,-0.47175243496894836,0.5164435505867004,0.06458910554647446
0.8780205845832825,0.08646106719970703,0.602641761302948,-0.40531712770462036,0.24642184376716614,-0.536121129989624,0.18907786905765533,-0.5113992691040039,-0.43551111221313477,1.4858790636062622,0.3140047490596771,-1.0319589376449585,0.964614987373352,-0.6910514831542969,-0.06509383767843246,0.7937353253364563,0.45700469613075256,-0.3458828926086426,0.06058314070105553,-0.6321839094161987,-0.453143447637558
2.2858166694641113,0.26640114188194275,2.873311758041382,2.1068472862243652,-0.9810040593147278,-0.06717262417078018,0.6769857406616211,-0.22892014682292938,0.9594941139221191,-1.7736713886260986,-0.6436015367507935,1.087682843208313,1.7090778350830078,1.733525037765503,0.5525110363960266,1.3718870878219604,0.10492761433124542,-0.4705239236354828,0.09056206792593002,-1.0028460025787354,2.736708641052246
1.4696651697158813,0.0032334094867110252,0.000623245956376195,-0.2229224294424057,-0.3702082633972168,0.31591901183128357,-0.4565569758415222,-0.14566153287887573,0.5442672371864319,-0.06773867458105087,0.7756906747817993,-0.20378652215003967,0.24612072110176086,0.07268983125686646,-0.17624856531620026,-0.6493357419967651,-0.4724362790584564,-0.3745926320552826,0.20952340960502625,0.1387244164943695,0.8676831722259521
-0.5856077075004578,-0.005415691062808037,0.972455620765686,-0.2401857078075409,0.330782413482666,0.3309144377708435,0.1300768107175827,0.7073749303817749,-0.6089462041854858,0.718364953994751,-0.03071998804807663,-0.6309682726860046,0.30487534403800964,-0.6464883685112,-0.5210988521575928,-0.2552712559700012,-0.2860981822013855,1.2776602506637573,-0.1874951273202896,-0.14613856375217438,-1.2770073413848877
-0.9660621881484985,-0.03142658248543739,-0.514752984046936,-0.8684239387512207,0.7962007522583008,-0.15961526334285736,0.018065160140395164,0.16345059871673584,-0.023415878415107727,3.864071846008301,0.38551875948905945,-0.23310162127017975,0.443372517824173,-0.5845004320144653,-0.3449009656906128,-0.4045266807079315,-0.5308762192726135,0.7469356060028076,0.13915380835533142,0.966210126876831,0.569682776927948
-1.2255645990371704,0.16232693195343018,-0.6984975337982178,-0.8350948095321655,0.19862405955791473,-0.6218962669372559,-1.2088037729263306,-0.5595278739929199,0.938747763633728,0.8782670497894287,0.47755199670791626,-0.1115361750125885,0.2653272747993469,-0.12148123979568481,0.7352349162101746,-0.13472972810268402,0.03583681583404541,0.2604895532131195,-0.14639118313789368,-0.5366378426551819,-0.9302783012390137
-0.6665769219398499,-0.3077668249607086,-0.0044749705120921135,0.6458909511566162,0.043198782950639725,-1.372947096824646,-0.6688311100006104,-0.8416585326194763,-1.056531548500061,0.5075882077217102,-0.045622069388628006,0.025487801060080528,0.39632171392440796,-0.043404776602983475,-0.5027092695236206,0.10759764164686203,0.052172087132930756,-0.9874264597892761,-0.17007747292518616,-0.5020431280136108,0.31765857338905334
0.4526780843734741,0.32564425468444824,-0.667007327079773,-1.0903575420379639,-0.6208024621009827,0.3506271243095398,0.001618312788195908,-0.006015854887664318,0.06377507746219635,-0.9747877717018127,0.24560613930225372,-0.751918613910675,-0.7605019807815552,-0.11389188468456268,-0.22769573330879211,0.1796717345714569,0.03399081155657768,0.6406603455543518,0.14024563133716583,-1.0463849306106567,-0.3788428008556366
0.15009817481040955,0.4760778546333313,0.2983410656452179,0.08352110534906387,1.2928435802459717,-0.32577940821647644,0.34537434577941895,-0.9240859150886536,0.38210034370422363,-0.5106745958328247,0.11929947882890701,0.8506168127059937,-1.9389156103134155,0.757323145866394,-0.10335470736026764,-0.08667873591184616,0.49927911162376404,-0.2480396032333374,-0.08997415751218796,0.6566224694252014,-0.8661924004554749
-1.0374670028686523,-0.8547801375389099,0.8180482387542725,0.9634509086608887,0.42619651556015015,0.5233861207962036,1.4370098114013672,0.0735003724694252,0.7227197885513306,1.1930660009384155,0.5912637114524841,-0.20604974031448364,-2.259326696395874,0.7784172892570496,0.8257378935813904,-0.031552936881780624,-0.5548723340034485,0.07205907255411148,-0.24721409380435944,1.3512921333312988,0.4227747321128845
0.0904349833726883,-0.04608291760087013,-0.7929651737213135,0.1387018859386444,-0.04815356805920601,0.5791355967521667,0.1055668368935585,0.09374310076236725,-0.42016199231147766,0.36534422636032104,-0.23479250073432922,0.07176727801561356,0.09920765459537506,-0.6925159692764282,-0.43070170283317566,-0.1238701194524765,-0.28559017181396484,0.5709227323532104,0.08720234036445618,0.5079889297485352,-0.4430398643016815
0.9820943474769592,0.35733816027641296,0.8414510488510132,-0.24206067621707916,-0.5595554709434509,0.4077065885066986,-0.14505107700824738,0.4815003573894501,-0.21318303048610687,-1.5009562969207764,-0.6233891844749451,0.8049808740615845,0.13952158391475677,-0.7211048007011414,0.3760831356048584,1.2388033866882324,0.23881380259990692,0.736896812915802,-0.06153406947851181,-0.2353656142950058,0.7953848242759705
-0.5446046590805054,0.01630978286266327,0.13509447872638702,0.1309126764535904,-0.3403754234313965,-0.472579687833786,0.10886845737695694,0.9623490571975708,-2.1491427421569824,-2.1843528747558594,-0.19250226020812988,0.1337406486272812,0.6464805603027344,-0.6679403781890869,-0.9035758972167969,-0.7126891613006592,-0.22990261018276215,0.8913504481315613,0.8160645365715027,-0.23790840804576874,1.717596173286438

Slice 53
2.6636643409729004,-0.4510550796985626,0.13462716341018677,-0.9964091777801514,-1.0192559957504272,-0.05158170312643051,-0.19286949932575226,0.19287288188934326,1.011277198791504,1.4742377996444702,-0.8090885877609253,1.6677318811416626,-0.49157825112342834,-0.00168550421949476,-0.9472603797912598,0.037156689912080765,-0.4961877763271332,0.8442510366439819,0.5722010135650635,-1.2991515398025513,-1.0859012603759766
0.16361793875694275,0.019417088478803635,-0.17371109127998352,0.23344238102436066,-0.3272877633571625,0.8470590114593506,0.49666628241539,0.22083249688148499,1.019400954246521,0.3651411235332489,0.04187291860580444,0.07881399989128113,0.6455453634262085,0.31046777963638306,1.5897096395492554,-0.25163930654525757,-0.15529349446296692,0.9590611457824707,0.05641106143593788,-0.6469172835350037,0.45393356680870056
-1.621343731880188,0.7429953217506409,-0.6114037036895752,-0.37024226784706116,-0.05887910723686218,-0.6584427356719971,0.45029523968696594,-1.3121867179870605,-0.9679556488990784,-2.206455945968628,-0.12982450425624847,-0.3897266685962677,0.2698507308959961,0.3155941367149353,-0.7761192321777344,0.12294968962669373,0.19571265578269958,-0.5264307856559753,-0.06845487654209137,-0.851442277431488,0.301605224609375
-0.3910389244556427,0.156926229596138,1.1002531051635742,-0.4859987199306488,-0.18923348188400269,-0.9923295974731445,0.27049532532691956,-0.10624121874570847,-0.6184302568435669,-2.3487789630889893,-0.15382127463817596,-0.19768796861171722,-1.1461069583892822,0.16165640950202942,-0.7495878338813782,-0.04634564742445946,-0.86247318983078,-1.225918173789978,0.013599093072116375,-1.017044186592102,-2.0872294902801514
-0.05626753717660904,0.15863056480884552,0.2860502600669861,0.40157198905944824,1.0482314825057983,-0.3585928678512573,0.41602855920791626,0.2699846625328064,-0.25524768233299255,0.05989163741469383,-0.08570582419633865,0.49388036131858826,0.15247729420661926,0.6901650428771973,-0.7037581205368042,-0.03816181421279907,-0.7452981472015381,-0.07439041137695312,-0.19816800951957703,0.23640474677085876,-0.6502178907394409
-0.6033236384391785,0.0007482161745429039,0.6622555255889893,0.6972708702087402,0.07764635980129242,0.016097214072942734,-0.25897490978240967,0.6768897175788879,-0.3388374149799347,-0.39992088079452515,-0.5492731332778931,0.18644055724143982,-0.4384538233280182,-0.7709957361221313,-0.18163061141967773,-0.09578569233417511,-0.27530935406684875,0.3124600648880005,0.29566115140914917,-0.782702624797821,-1.6047828197479248
-0.20645181834697723,-0.04430652782320976,-0.8494044542312622,-0.35064876079559326,-0.5816764235496521,-0.13055413961410522,-0.11220765113830566,-0.3006875514984131,-0.354789137840271,-1.8824270963668823,0.1559135466814041,0.049543287605047226,-0.016122890636324883,0.04623526707291603,-0.47377264499664307,0.2838568389415741,0.3677058815956116,0.004752602893859148,0.032317519187927246,0.2778101861476898,-0.2443809062242508
-0.03679146245121956,-0.27009317278862,0.4870212972164154,-0.27573728561401367,0.7508048415184021,-0.3503524959087372,0.8607379198074341,0.20152688026428223,0.2577621340751648,4.8003997802734375,0.8183584213256836,0.3969717025756836,0.17536307871341705,1.8940032720565796,1.484907865524292,0.4773312509059906,-0.5442217588424683,0.378987193107605,-0.2927115559577942,2.3078436851501465,0.8595123887062073
0.7343391180038452,-0.3757094144821167,-1.5137085914611816,-0.681060254573822,-0.32831987738609314,-0.10257316380739212,-0.006681819912046194,-0.06709203869104385,-1.404844045639038,-1.825315237045288,-0.23506511747837067,-1.2923195362091064,-0.09009810537099838,-0.6294639110565186,0.6407294869422913,-0.46989133954048157,0.6072123050689697,-1.4825799465179443,0.11069360375404358,0.4135373830795288,-0.2719595730304718
1.4999665021896362,0.00899259652942419,0.8551421761512756,0.8136790990829468,2.066103458404541,-0.4960719645023346,0.8507648706436157,0.6336696147918701,-0.8723292350769043,2.345916748046875,0.537508487701416,0.22574500739574432,0.4103272557258606,0.8127906918525696,1.3166344165802002,2.1287479400634766,1.0174317359924316,0.8827852010726929,-0.10655892640352249,1.0551023483276367,1.505802035331726
1.5420466661453247,0.13529589772224426,0.2719060480594635,-0.9833495616912842,0.11164424568414688,-0.1646430939435959,0.06991857290267944,0.4001903533935547,-0.18519610166549683,1.4016245603561401,-0.12624098360538483,-0.5393028855323792,-0.2548832297325134,0.3310985565185547,-0.28167155385017395,0.29549723863601685,0.007392613682895899,-0.10269521921873093,0.6394476890563965,1.0916552543640137,-0.893057107925415
0.389263778924942,0.09057563543319702,0.5062728524208069,0.9513494968414307,-0.2579314410686493,0.7395315766334534,0.29168686270713806,-0.19363200664520264,-1.7515965700149536,-0.13192187249660492,0.6126828193664551,-0.4018246531486511,1.351230502128601,0.22123141586780548,0.9392532706260681,0.46621882915496826,0.3659442663192749,0.6722620129585266,-0.4306391775608063,-0.3928811848163605,0.5346007943153381
1.1157658100128174,-0.11184541881084442,-0.32370391488075256,0.4136049449443817,-0.018726883456110954,0.6852908730506897,-0.36311379075050354,-0.012298266403377056,0.3771281838417053,-1.4321461915969849,-0.10052643716335297,-0.3310260474681854,0.5089182257652283,-0.3836829662322998,-0.9675012826919556,-1.0688115358352661,0.042118001729249954,-0.9875096082687378,-0.07427660375833511,-0.3671260476112366,1.1851119995117188
1.1045727729797363,0.5878356099128723,-0.8180197477340698,-0.12700407207012177,1.8829082250595093,-0.36474576592445374,-0.3258921504020691,-0.39538854360580444,-0.5725699663162231,-2.747199296951294,0.18855354189872742,-0.6404656171798706,-0.2996421158313751,-0.7434573173522949,-0.3991185128688812,0.6434754729270935,0.7693254947662354,-0.0719008520245552,-0.5981540679931641,-0.7276774644851685,0.6056298017501831
-1.6868716478347778,0.03663304075598717,-1.369804859161377,-0.3548634946346283,-0.11269056051969528,-0.3824084997177124,-0.17831917107105255,-0.5465143322944641,0.24087288975715637,-1.9702942371368408,-0.46712619066238403,-0.10924050956964493,-0.998584508895874,-0.43627533316612244,-0.28251126408576965,-0.24884013831615448,-1.4490219354629517,-0.8954832553863525,0.47450801730155945,0.42024439573287964,-0.736961841583252
-0.8429502844810486,0.025504454970359802,0.7156476378440857,0.5121167898178101,-0.23538081347942352,0.8624800443649292,-0.5394571423530579,-0.4720086455345154,0.7856230139732361,-0.6875483989715576,-0.03499767929315567,1.0722063779830933,-0.6925031542778015,-0.12636229395866394,0.624861478805542,-0.42310991883277893,0.08177898824214935,-0.024023696780204773,0.018847631290555,-0.2217675894498825,1.5256357192993164
0.1536288857460022,0.34723228216171265,0.03230614215135574,1.1747348308563232,-1.0695207118988037,0.33711159229278564,-0.15488070249557495,-0.02176283486187458,0.13579010963439941,0.6854097843170166,-0.09872233122587204,0.04398523271083832,0.22640179097652435,0.5450737476348877,1.1080517768859863,-0.03509654849767685,0.19661784172058105,-0.7493860125541687,-0.6624327301979065,-0.2585391700267792,0.9966810941696167
0.9038512110710144,-0.2776281535625458,1.9993425607681274,-0.3520255982875824,0.07911736518144608,0.3317631483078003,0.2735331356525421,0.43188902735710144,1.2354276180267334,1.9200505018234253,0.6181434392929077,-0.5528040528297424,0.004304114263504744,0.011496796272695065,1.7651734352111816,0.44176334142684937,1.325268030166626,1.083755612373352,0.9201582074165344,0.902206540107727,0.21324698626995087
-0.03869415074586868,0.010976453311741352,-1.2745506763458252,0.40390825271606445,-0.3315836787223816,0.19495651125907898,0.10032988339662552,0.3710533082485199,1.027821660041809,-1.3558019399642944,0.04667587950825691,0.0045482139103114605,-0.12914176285266876,-0.5320178270339966,-0.37331250309944153,-0.03725913166999817,-0.21351076662540436,0.8721416592597961,-0.3296874761581421,-0.3401077389717102,-0.5543383359909058
-0.36621636152267456,-0.3095845580101013,-0.7188605666160583,0.31754761934280396,-0.0981021299958229,0.5396562814712524,-0.10605011880397797,0.16263256967067719,-0.014000787399709225,0.5005868673324585,-0.08674556016921997,0.4958454370498657,0.3337543308734894,-1.205333948135376,-0.29053330421447754,0.4353618621826172,-0.6277979612350464,0.0553496852517128,0.14174041152000427,-0.6348015666007996,-0.2832637429237366
-0.6532590985298157,-0.04678898677229881,-1.897375226020813,-0.5379831790924072,-1.1232768297195435,-0.4757850766181946,0.27029114961624146,-0.494045615196228,-0.718058705329895,-0.6031742095947266,-0.1921815574169159,-0.1044192984700203,-0.34892353415489197,-0.6280452013015747,0.6150684356689453,-0.18059034645557404,-0.8772879242897034,0.04408644139766693,0.06438746303319931,-0.435217946767807,1.661702275276184

Slice 54
-1.5382722616195679,-0.2055397629737854,-1.166229248046875,-0.06075013801455498,-1.345728874206543,-0.09458248317241669,0.1000567227602005,0.8298473358154297,0.5634755492210388,-0.38585272431373596,-0.10328882932662964,-0.7536223530769348,-0.4289592504501343,-0.6726235151290894,0.7550409436225891,-0.9314259886741638,-1.9460062980651855,0.20871587097644806,0.7758273482322693,1.827642560005188,0.8087159395217896
0.3508600890636444,0.08908785134553909,0.5895712375640869,0.17772792279720306,-0.31852585077285767,-0.21488989889621735,-0.3517502248287201,0.20763064920902252,0.5278698205947876,0.3279222249984741,0.08747152984142303,0.2084222435951233,0.21052639186382294,0.05006386712193489,0.19190818071365356,0.16399170458316803,0.3681008219718933,-0.09864672273397446,-0.2136223167181015,0.697062075138092,-0.17873400449752808
-1.2192950248718262,-0.29980623722076416,-0.9741911292076111,-0.37293267250061035,-0.8951274156570435,0.04163620248436928,-0.3947773277759552,0.5037446618080139,-0.05609826743602753,-0.8592232465744019,0.010890614241361618,-0.7752406001091003,0.5827749967575073,0.1063099130988121,-0.5136909484863281,-1.2526054382324219,-0.11086899787187576,0.9806041717529297,-0.3700619041919708,1.6655833721160889,-1.0663045644760132
-0.7780500650405884,0.20531830191612244,-1.689173936843872,-0.18272368609905243,-0.5619317889213562,-0.4653528332710266,-0.49900388717651367,0.7772870063781738,-1.1704704761505127,0.22813823819160461,0.29512256383895874,-0.006058285012841225,0.5522392392158508,0.2267085462808609,-2.320659637451172,-1.4782460927963257,0.09667055308818817,-0.7852680087089539,-0.3265126347541809,-0.4232136011123657,-0.7512601017951965
0.9241899847984314,0.01323466282337904,-0.5382501482963562,0.8357895612716675,2.9423987865448,0.7772364616394043,0.5471457839012146,-0.011619504541158676,0.14440926909446716,0.5049397945404053,-0.0446552075445652,-0.4195955991744995,-0.46122705936431885,0.22618594765663147,-0.1684158593416214,-0.10061826556921005,1.1638846397399902,-1.264556884765625,-0.4816187024116516,-0.07485323399305344,0.9221557378768921
-1.504746913909912,0.45346197485923767,-0.6705394387245178,0.09102131426334381,-0.547429084777832,-0.23827879130840302,-0.1818528175354004,-0.730180561542511,-0.3223320245742798,1.2415187358856201,-0.35168927907943726,0.12603919208049774,0.6978409886360168,-0.3839128613471985,-0.2786550521850586,-0.20220759510993958,-0.5402109622955322,0.4145943224430084,-0.16668075323104858,-1.2776880264282227,-1.0259990692138672
1.0593937635421753,0.023569628596305847,-0.06958110630512238,0.7055350542068481,0.7915977835655212,0.0919337272644043,-0.013722673058509827,1.2323671579360962,0.21001467108726501,-0.05144238471984863,-0.0825279951095581,1.0468722581863403,0.3151981830596924,0.45687779784202576,3.0786824226379395,0.7613110542297363,1.0656445026397705,0.9275172352790833,0.6743486523628235,2.4100232124328613,-0.5265334248542786
0.6064398884773254,-0.45163244009017944,-0.4991138279438019,-0.3724950850009918,0.23944176733493805,-0.6869902014732361,-0.5427916646003723,-0.7872772216796875,-1.0437684059143066,0.17615845799446106,-0.2772209048271179,-0.5334588885307312,-0.8534726500511169,-0.5710741877555847,-0.49926018714904785,-0.0017987028695642948,-0.9227836728096008,-0.07120923697948456,-0.3165383040904999,0.13534538447856903,0.4610947072505951
1.240748643875122,-0.032799020409584045,1.5790787935256958,-0.8390825390815735,-1.2099007368087769,0.9004303812980652,0.6526711583137512,-0.5876871347427368,-0.697516143321991,-0.22234342992305756,0.28284952044487,-0.10718342661857605,0.5474517345428467,-0.2427801936864853,-0.6161715388298035,-0.23091280460357666,0.5138312578201294,0.29433995485305786,-0.5048446655273438,-1.3711272478103638,0.3292260766029358
-1.0805299282073975,0.49486973881721497,-0.03698406741023064,-0.6800395846366882,2.3493423461914062,-0.2654828429222107,0.7338558435440063,0.7966189980506897,-1.2286837100982666,-1.3730072975158691,0.1006268784403801,-0.6449624300003052,-0.6030428409576416,-0.8441752195358276,-1.176201581954956,-0.7054809927940369,-0.7155354619026184,-0.26417866349220276,1.8277130126953125,2.186882734298706,1.7008881568908691
0.12285444885492325,0.004624245688319206,1.0669046640396118,-0.4394114911556244,0.14581309258937836,-0.06614529341459274,0.0778893455862999,-0.3674544095993042,0.355785995721817,-0.11195927113294601,-0.0016818589065223932,-0.17270708084106445,-0.49781152606010437,-0.07326138019561768,0.7853751182556152,-0.13314086198806763,-0.19001713395118713,-0.448379248380661,-0.30100706219673157,1.1343497037887573,0.8845929503440857
-0.0876651257276535,-0.3345412015914917,-0.6919026970863342,0.773276686668396,-1.7523994445800781,-0.10065004974603653,-0.040917493402957916,0.1023654118180275,-0.34201353788375854,-0.7553344964981079,0.02300838939845562,0.8781535625457764,0.9237875938415527,0.1414380967617035,0.4735744297504425,0.2893299162387848,0.3590494394302368,0.6787307262420654,-0.44625529646873474,-1.116578221321106,-1.8282294273376465
0.3733102083206177,-0.04609441012144089,1.9695900678634644,1.3141705989837646,0.07530296593904495,1.5869526863098145,-0.037703633308410645,0.7214156985282898,2.4032695293426514,1.584978461265564,0.43392685055732727,0.731656014919281,1.1159307956695557,0.47703802585601807,0.6110281348228455,-0.3228476643562317,0.30809614062309265,0.16606873273849487,-0.06270952522754669,0.7263582944869995,1.6254067420959473
-0.39972057938575745,0.1148340255022049,-0.8169494271278381,0.7329363822937012,1.4165204763412476,-0.26302194595336914,-0.6877352595329285,-0.12302403151988983,-0.5848379731178284,-0.7987130284309387,0.11635170876979828,0.025419825688004494,-0.7572773694992065,-0.9503664374351501,-0.7846517562866211,0.26778730750083923,-1.0974544286727905,-0.7073917984962463,-0.6059597134590149,-1.7678298950195312,0.7251421213150024
0.27656009793281555,0.4702630341053009,3.680539131164551,-0.6127696633338928,-0.3383770287036896,-0.8257997632026672,1.404932975769043,-0.4617920219898224,-0.2704882025718689,1.1234372854232788,-0.14445029199123383,-0.8481338024139404,-1.3465769290924072,-0.20167675614356995,-1.148614525794983,0.27001193165779114,0.7011175751686096,-0.9505218267440796,0.554463803768158,-1.0949878692626953,-0.04046911001205444
-1.1368491649627686,0.4961034059524536,0.1531790941953659,-0.8006120920181274,-0.5643805265426636,-0.22424979507923126,-0.05651324242353439,-0.26530078053474426,0.2420998066663742,-1.7854785919189453,0.1441267430782318,-0.3460427224636078,-0.25060492753982544,0.7067065238952637,1.718500018119812,-0.2839062511920929,-1.346847414970398,1.5181095600128174,-0.33267050981521606,-0.9928416013717651,0.7738171815872192
-0.1269095093011856,-0.4036266505718231,-1.6954017877578735,-0.4462366998195648,-1.8718937635421753,0.5827290415763855,-0.35383421182632446,0.5663166046142578,0.905129611492157,-0.42694398760795593,-0.0654781237244606,0.9028563499450684,-0.17736239731311798,-0.12255760282278061,1.5926496982574463,0.34524300694465637,-0.11265341192483902,0.9834595918655396,0.43575426936149597,-1.5006377696990967,-0.7468856573104858
0.859454870223999,0.00017981312703341246,-1.3798465728759766,-0.04511445015668869,-0.08790265023708344,0.0907132551074028,-0.5606805682182312,-0.7524537444114685,0.6515205502510071,-1.2574836015701294,-0.07404814660549164,0.6169759035110474,-1.449345588684082,-0.7982701659202576,-0.3592692017555237,0.03281337022781372,-0.02232068032026291,-1.6262286901474,1.218385100364685,-0.18988946080207825,-0.2074168175458908
0.9619290232658386,-0.11746785789728165,-0.36022427678108215,0.15773563086986542,0.05715766176581383,-0.34237194061279297,-0.04551969841122627,0.40058550238609314,0.8301931023597717,0.5947501063346863,0.10730654746294022,0.014262241311371326,0.09298154711723328,-0.04717148095369339,0.8346056938171387,0.053703587502241135,0.7243703603744507,0.24377435445785522,-0.16343019902706146,-1.223732352256775,-0.5645540952682495
2.378462314605713,-0.20699259638786316,-0.4113101363182068,0.21473531424999237,1.3735847473144531,-0.2817958891391754,1.0391099452972412,0.9802443385124207,0.5135879516601562,2.5514626502990723,-0.14032122492790222,1.2848459482192993,-0.45316824316978455,1.273427963256836,-0.11114678531885147,1.4387271404266357,0.5631774663925171,0.08780945837497711,0.02146962471306324,-1.0502134561538696,-0.17646931111812592
0.5885559916496277,-0.15191048383712769,0.06364300847053528,0.5426191687583923,1.3090846538543701,-1.3131284713745117,0.24291084706783295,-1.361146092414856,0.3128529489040375,0.09488410502672195,-0.7885140776634216,0.12345360219478607,0.41099879145622253,1.529595136642456,-1.7031991481781006,0.10249486565589905,0.5922030806541443,-0.6628137826919556,-0.4990514814853668,-2.3184428215026855,-1.2806470394134521

Slice 55
0.16845639050006866,0.2139287292957306,-0.03682149201631546,-0.27821406722068787,1.6015652418136597,-0.02260667085647583,0.280281662940979,-0.851057231426239,-0.7831245064735413,0.08303026854991913,-0.6213818788528442,-0.4716044068336487,-0.10034772008657455,-0.04942033439874649,0.7287693619728088,-0.254734069108963,-0.398454487323761,-1.1108449697494507,-0.016085654497146606,0.09984622150659561,-0.5347601175308228
-0.5219104290008545,-0.021683648228645325,-0.41679176688194275,0.06303825974464417,-0.3727322816848755,0.13505840301513672,0.07955925166606903,-0.20757828652858734,-0.14108596742153168,-1.1936675310134888,-0.02234986610710621,0.2365797460079193,-0.13049320876598358,0.30724668502807617,0.24881669878959656,-0.035404566675424576,0.04908371344208717,0.0774003267288208,-0.014757653698325157,-0.40966886281967163,-0.28289660811424255
0.4999428391456604,-0.1661238670349121,-1.0718861818313599,0.20679643750190735,0.8804166913032532,0.017916932702064514,0.26888784766197205,0.02225016988813877,-0.06490764021873474,-1.4741097688674927,0.1364978849887848,-0.49485209584236145,0.008011949248611927,0.08807381987571716,-0.17845340073108673,0.43750765919685364,-0.05455654859542847,0.5184175968170166,-0.2088637501001358,1.6544163227081299,-0.8086611032485962
-0.14106453955173492,0.4591275751590729,0.692261815071106,0.07788099348545074,0.8343437910079956,0.16569146513938904,0.5483384132385254,-0.10716154426336288,1.9416202306747437,-0.9668067693710327,-0.1920134425163269,0.20901691913604736,1.0877392292022705,-0.7574902772903442,0.6757773160934448,0.7245956063270569,0.6232317686080933,1.4501820802688599,0.5355703830718994,0.8529594540596008,1.2912989854812622
0.2634519934654236,-0.04476291313767433,-0.14589837193489075,0.16702204942703247,-1.6685823202133179,-0.17127202451229095,-0.6919885277748108,-0.3067299723625183,-0.5241517424583435,0.5293536186218262,0.2899143695831299,-0.7788068056106567,0.4762604832649231,-0.17357708513736725,-0.050230473279953,0.35487696528434753,-0.6323899030685425,0.3302629888057709,0.1398119181394577,-1.5534366369247437,-1.419694185256958
1.1845760345458984,-0.39909788966178894,1.4168037176132202,-0.1476171761751175,-0.17560946941375732,0.8830855488777161,1.0072057247161865,0.03399013727903366,0.13938365876674652,1.7434924840927124,-0.11722397059202194,0.9122471809387207,0.6671537160873413,0.5977219939231873,0.21003411710262299,0.3132350742816925,0.07245245575904846,-0.12818998098373413,-0.19836606085300446,1.285610318183899,-1.2144217491149902
1.7715198993682861,0.3996957540512085,0.7891129851341248,0.5400116443634033,0.35524117946624756,-0.1743973344564438,0.36518794298171997,0.3174365758895874,0.03749530017375946,1.9619253873825073,0.6168184280395508,0.49124282598495483,-0.0670265182852745,0.829647421836853,0.615519642829895,0.19815683364868164,0.22141821682453156,0.5781040787696838,0.03755881264805794,0.5558386445045471,0.6714067459106445
-1.2774828672409058,0.34927263855934143,-0.5807538032531738,-0.8723412156105042,-0.7128811478614807,0.13969796895980835,-0.5614992380142212,0.02366654947400093,-0.46896499395370483,-0.6584343314170837,-0.04224863275885582,-0.12566740810871124,0.1277790367603302,-0.24134214222431183,-0.06270088255405426,-0.034640517085790634,0.2716991901397705,-0.8118241429328918,0.09329300373792648,-0.7838858366012573,-0.7603766322135925
0.012554493732750416,0.3289512097835541,1.3082934617996216,0.8165663480758667,1.1244807243347168,-0.6321830153465271,-0.1890401393175125,0.5046723484992981,0.42471352219581604,2.072840929031372,0.44713810086250305,1.1384382247924805,-1.908454179763794,0.6751202940940857,-0.16125580668449402,0.23820827901363373,0.4189642667770386,0.6443504095077515,0.0013451423728838563,0.975091814994812,1.395689606666565
-0.4680628776550293,0.002206399105489254,-0.7433243989944458,-0.23275026679039001,-1.020938754081726,-0.6550150513648987,0.04853982850909233,-0.5227571725845337,-0.29671144485473633,-0.6459141969680786,-0.0926043689250946,-0.32530736923217773,0.8596802949905396,0.09187201410531998,-0.9602019190788269,0.4339832067489624,-0.3287232518196106,-0.5205248594284058,-0.28200623393058777,-0.8805264830589294,-1.1726676225662231
-0.19604948163032532,0.1876651495695114,0.038641270250082016,0.08049865812063217,-0.8495891094207764,-0.021021855995059013,0.3484070599079132,0.18717613816261292,-0.8069786429405212,-0.20585405826568604,-0.03671995922923088,-0.26001429557800293,-0.11446835100650787,0.5546004176139832,0.4198460578918457,0.23462839424610138,-0.24071182310581207,-0.025235049426555634,-0.11282891035079956,-0.7758906483650208,-0.3480040729045868
0.3752879202365875,0.06520333886146545,0.0823037177324295,0.0967506393790245,0.15416552126407623,0.6980921030044556,0.20939357578754425,0.7183660864830017,-0.06543903797864914,0.9553532600402832,0.17179156839847565,0.7075698375701904,0.6026899814605713,0.9793720841407776,0.14931820333003998,-0.5404543876647949,-0.34987953305244446,-1.2674657106399536,-0.06322357803583145,0.7455288171768188,-0.5937703847885132
0.584467351436615,-0.08237447589635849,-1.026249647140503,0.1479451060295105,-0.5617337822914124,-0.49483662843704224,-1.5322484970092773,-0.656761646270752,0.09449893236160278,-0.10591715574264526,-0.22900399565696716,-0.6670758128166199,-0.689996063709259,-0.23141127824783325,-0.21272845566272736,-0.6772478222846985,0.06658297032117844,-0.6487709283828735,-0.2900822162628174,0.127279594540596,1.0615447759628296
0.48825907707214355,-0.4829480051994324,-0.3749152421951294,-0.4024096131324768,1.4847235679626465,0.15104496479034424,0.1724652349948883,0.09157678484916687,0.5535553097724915,1.159177541732788,-0.21138425171375275,-0.017908917739987373,0.049656130373477936,0.5540040135383606,-0.6479772925376892,0.5896628499031067,0.20582637190818787,1.2701894044876099,-0.3663906157016754,1.1533591747283936,0.8450290560722351
0.9300909638404846,-0.23256555199623108,1.572081446647644,1.215846061706543,0.09973267465829849,-0.3490855097770691,-0.5253196954727173,0.6076404452323914,0.1461453139781952,2.3471903800964355,-0.04730333387851715,-0.6001268029212952,-1.3390262126922607,0.7167310118675232,-1.2333365678787231,0.6680724620819092,0.7524490356445312,-0.03343028202652931,0.2758841812610626,-0.059883181005716324,-1.0894397497177124
0.5552435517311096,-0.014302313327789307,0.2727583944797516,-0.4996483623981476,0.6586546301841736,0.7276286482810974,0.8235428929328918,0.30546677112579346,-0.01681491732597351,0.8245619535446167,-0.11305946111679077,0.9406274557113647,-0.2854260206222534,-1.105948567390442,0.8163479566574097,0.039130646735429764,0.03932814672589302,-0.8124029636383057,0.2569633424282074,0.4807355999946594,0.544687807559967
-1.1892021894454956,-0.12095268070697784,-0.2909495532512665,-0.38506290316581726,0.3893561363220215,0.15953432023525238,0.0009520312887616456,0.47189098596572876,-0.1696470081806183,0.17082972824573517,-0.5595002770423889,-0.09155958145856857,-0.2984750270843506,-0.24200551211833954,0.6738339066505432,0.0633343979716301,0.32917821407318115,-0.11924469470977783,0.2988474667072296,-0.0402713268995285,-0.570472002029419
-1.0545930862426758,0.14185665547847748,-1.0796910524368286,-1.0358061790466309,-0.46950823068618774,-0.5581583976745605,-0.09810776263475418,-0.43750864267349243,-0.37211939692497253,-0.5464693903923035,-0.08302456885576248,0.21110130846500397,0.33935269713401794,-0.4271077811717987,-0.07447704672813416,-0.22651557624340057,-0.19075635075569153,-0.06505957990884781,-0.19550392031669617,-0.3029385209083557,-0.82807457447052
-0.33797287940979004,0.05483482778072357,-0.452400803565979,0.00026054124464280903,-0.508979082107544,0.22222265601158142,-0.4056755602359772,-0.505020260810852,-0.2375425398349762,-1.1865460872650146,-0.09212467074394226,-0.3213694095611572,-0.2061198353767395,0.02006310597062111,-0.34648844599723816,-0.29748037457466125,-0.26604220271110535,-0.5403739213943481,-0.15368136763572693,-0.3632734715938568,-0.3950176239013672
-0.008698226884007454,-0.06320476531982422,-0.7261626720428467,-0.6749342679977417,-0.8488514423370361,0.04056183248758316,-0.4871903955936432,-0.5460681915283203,-0.5096257328987122,-1.452654242515564,0.16833294928073883,0.11323646456003189,-0.10867688804864883,-0.276910662651062,-0.12484855949878693,-0.8521571159362793,-0.24397705495357513,-0.38649630546569824,-0.020592886954545975,-1.0472488403320312,-0.17774023115634918
-1.2766668796539307,-0.2090107947587967,0.7084042429924011,0.5159324407577515,-0.12160035967826843,-0.3343825936317444,-0.06995391100645065,0.0017961382400244474,0.3385389745235443,-2.493605375289917,0.1372660994529724,-0.06268342584371567,-0.5618904829025269,-0.10548227280378342,0.10887683928012848,-1.423504114151001,-0.476725697517395,0.8073552846908569,-0.034233592450618744,-0.9735884666442871,2.6169331073760986

Slice 56
-0.21283207833766937,0.38280820846557617,-1.3621388673782349,-0.8586804866790771,-1.3023667335510254,-0.5143968462944031,0.0954943522810936,-0.9059556722640991,-0.049119457602500916,-2.587003231048584,-0.27925413846969604,0.5164280533790588,0.4648783206939697,1.22267746925354,-0.41687917709350586,0.0897531509399414,-0.056330692023038864,-0.5342456102371216,1.5144660472869873,0.8718867301940918,0.8567810654640198
-0.2655935287475586,-0.03297564387321472,0.035982485860586166,0.2702164649963379,0.37961623072624207,0.9239131212234497,-0.4644729197025299,-0.20344822108745575,0.04065181687474251,-0.3774298131465912,0.21866722404956818,-0.3908674716949463,-0.36142584681510925,0.36372336745262146,0.3787778913974762,0.13869288563728333,-0.029625017195940018,-0.37647709250450134,0.35931724309921265,-0.23244468867778778,-1.1656560897827148
-0.914181113243103,-0.09856155514717102,-0.9273392558097839,-0.3535116910934448,0.9446715116500854,-1.2703256607055664,0.7724300026893616,1.7323806285858154,-1.6961932182312012,-0.9623529314994812,0.16317503154277802,-0.3921363651752472,0.7139643430709839,-0.3801991641521454,-1.1160199642181396,0.36553728580474854,0.2568017244338989,-0.44925934076309204,-0.15233594179153442,0.6866297125816345,1.7849035263061523
2.118114471435547,-0.5007413029670715,0.5192356109619141,0.6549475789070129,-0.20341965556144714,-0.11654171347618103,1.4839812517166138,0.37063705921173096,-1.5701550245285034,-1.373498558998108,-0.009024613536894321,1.4032952785491943,2.471921920776367,-0.47431957721710205,-1.425024390220642,-0.38175350427627563,0.2798570692539215,-0.5903595685958862,-0.025160549208521843,0.5026746988296509,-0.40209609270095825
0.307125449180603,0.7772485613822937,0.8166276812553406,-1.233639121055603,0.3084142208099365,-0.3732527494430542,0.008910100907087326,-0.8472193479537964,-0.3512119650840759,-1.1166058778762817,0.025373434647917747,1.1427606344223022,-0.6380403637886047,-0.449034720659256,0.2990249693393707,0.20687539875507355,-0.38554638624191284,-0.29628005623817444,-0.6006572246551514,-0.1813005656003952,0.37304893136024475
-0.8905221223831177,0.12113882601261139,-0.44284510612487793,1.0109226703643799,-0.1418241709470749,-0.6958631873130798,-0.5379205942153931,-1.1182972192764282,0.5280377268791199,0.2317829728126526,0.04107929766178131,-0.9184631705284119,-0.3492298126220703,-0.693417489528656,-0.25852641463279724,0.3889967203140259,0.07374680042266846,0.18219755589962006,-0.05487369745969772,0.1046319231390953,-0.5331979990005493
0.5926262140274048,0.5082763433456421,1.4333508014678955,1.1478676795959473,-0.5617779493331909,0.8766742944717407,0.23108206689357758,0.39751556515693665,0.8482808470726013,-0.45620423555374146,0.2785336375236511,-0.22981809079647064,0.019629880785942078,-0.5158281326293945,-0.030227668583393097,-0.39404410123825073,0.06328868865966797,0.43198439478874207,0.07125572115182877,0.673911452293396,1.4236488342285156
-0.32776251435279846,0.04006631299853325,-0.874983549118042,-0.40978264808654785,-0.2729639708995819,0.7659022212028503,0.32084739208221436,0.21900850534439087,-0.9144918918609619,2.8187074661254883,0.029080118983983994,0.26187044382095337,-1.014432430267334,0.31421181559562683,-0.2089393585920334,-2.037909746170044,0.4149426817893982,-0.7315707802772522,-0.6403473615646362,-0.5079746842384338,-1.444593071937561
-0.2110552042722702,0.5517772436141968,-0.13614745438098907,-0.4894619584083557,0.3478812277317047,-0.18599671125411987,-0.5695744752883911,-0.2555886507034302,0.2848331034183502,1.3335766792297363,0.17207209765911102,-0.10439442098140717,0.4968167245388031,-1.378818392753601,0.354603111743927,-0.8841601014137268,-0.2649741470813751,-0.11057017743587494,-0.5391844511032104,-1.4020177125930786,0.9775375723838806
0.8421136140823364,0.8323912024497986,-0.5698666572570801,-0.06351327896118164,-1.9024661779403687,1.4808111190795898,-0.8056640625,-1.701534628868103,-1.3049222230911255,0.1027665063738823,0.03612425923347473,-0.6617222428321838,0.1501585692167282,-1.2611387968063354,0.5075721740722656,-0.886148989200592,-0.6581553220748901,-1.0798054933547974,-1.3410649299621582,-1.6072221994400024,-1.2835721969604492
1.3287619352340698,0.16988497972488403,-0.8305947780609131,-0.28514420986175537,-0.17576958239078522,-1.370883584022522,-1.0295153856277466,-0.5997333526611328,-0.6235334277153015,1.2508544921875,0.11256353557109833,-0.6175248622894287,-0.03755206987261772,0.4643220901489258,-1.0885854959487915,1.000654697418213,0.37632638216018677,-0.08066602796316147,-0.45371297001838684,-1.019281029701233,-1.7655117511749268
-0.119521863758564,-0.07504523545503616,-1.3128129243850708,0.9226330518722534,-0.5039771795272827,0.18961943686008453,-0.8139371275901794,1.1732956171035767,0.04249531403183937,0.10181127488613129,0.4373665452003479,-0.7109894156455994,0.4807668626308441,0.30361509323120117,0.04594540596008301,1.211043357849121,-0.4857601225376129,1.1145105361938477,0.27499163150787354,-0.0029010092839598656,1.0791921615600586
0.40843456983566284,0.2837425470352173,-0.9367558360099792,0.4701773226261139,-0.26207420229911804,-0.271591454744339,0.2543278932571411,0.32932624220848083,0.2601027488708496,-1.555721640586853,-0.35576653480529785,-0.8199357986450195,-0.39741820096969604,0.5031982660293579,1.5698366165161133,0.14516527950763702,-0.18641269207000732,-0.3867160379886627,0.31644585728645325,-0.28951334953308105,-1.3237168788909912
1.6009533405303955,0.13196687400341034,0.9405133724212646,-0.3999650776386261,-0.290760338306427,-0.08833761513233185,0.8593904972076416,0.015253177843987942,-1.302864909172058,-0.27926531434059143,0.5062463879585266,0.1830868124961853,1.143621802330017,-0.40405362844467163,-0.11779353767633438,-0.46194469928741455,-0.8677512407302856,0.720906138420105,0.0848003476858139,-0.9181580543518066,0.1781347393989563
0.21838946640491486,0.12741424143314362,-0.3097977936267853,-1.3707765340805054,-0.07928534597158432,-0.22260618209838867,-1.066226840019226,1.4323673248291016,3.3190910816192627,1.1208916902542114,-1.2143089771270752,0.4583178460597992,-1.2639449834823608,-1.4012346267700195,0.6317200660705566,0.021213959902524948,-1.5580440759658813,1.826562762260437,0.28912582993507385,-1.7236543893814087,-0.014904352836310863
0.38463878631591797,0.8181620240211487,0.1278400421142578,0.08021413534879684,-0.06242898479104042,0.028136827051639557,-0.18918871879577637,0.7576392292976379,-0.38194382190704346,-1.2658438682556152,0.3914201259613037,-0.45124825835227966,0.5769438743591309,0.6139963269233704,-1.3737298250198364,0.5597173571586609,0.40344953536987305,-0.10687138140201569,0.37197941541671753,0.3516163229942322,1.4815152883529663
-0.6715394258499146,-0.3988703191280365,-0.14051266014575958,-0.5982528328895569,2.291478157043457,0.22881856560707092,0.3384716510772705,0.9584082365036011,0.8734588027000427,1.9701838493347168,0.4863555431365967,-0.6966444849967957,0.8506575226783752,1.298790454864502,0.17794154584407806,0.33187711238861084,-0.027439532801508904,0.7655893564224243,0.14848221838474274,1.6626698970794678,1.3149272203445435
-0.35797569155693054,-1.1181946992874146,-0.3734619915485382,-0.04815741628408432,0.7642703056335449,1.5129238367080688,2.1565358638763428,-1.4894853830337524,0.3987036347389221,0.9071332812309265,0.12403465807437897,-0.09771037101745605,-2.1245839595794678,1.7481697797775269,0.1227385550737381,-0.8812703490257263,0.5582636594772339,-0.25650206208229065,-0.20291462540626526,1.540135383605957,-0.28907766938209534
-0.23796731233596802,-0.13415902853012085,0.757757842540741,1.7600661516189575,-0.051722683012485504,0.23531483113765717,-0.1931406706571579,0.17993149161338806,-0.07146196812391281,-1.0567893981933594,-0.24229972064495087,0.35333868861198425,-0.4400648772716522,0.7724637389183044,0.10299160331487656,-0.1326708197593689,0.331502228975296,-0.8379325270652771,0.22449129819869995,-0.07870844751596451,-0.6776002645492554
-1.113701581954956,-0.2723180651664734,1.6484369039535522,1.1000076532363892,0.37700021266937256,-0.5265101790428162,0.1571096032857895,0.6908125281333923,0.6755185127258301,-0.5891427397727966,-0.19856974482536316,2.492121696472168,-0.48105040192604065,0.7251002788543701,1.0435320138931274,0.5092637538909912,0.9934138059616089,-0.25600147247314453,0.10597331076860428,1.792495846748352,1.2005000114440918
-0.15988105535507202,0.9021851420402527,-0.34658658504486084,-0.4450971186161041,0.11317075788974762,-0.47904860973358154,-0.3534877300262451,-1.894960641860962,0.18827085196971893,2.2863097190856934,-0.2975024878978729,-0.9456055760383606,-0.5590606927871704,0.19255082309246063,0.9194290637969971,-0.13482169806957245,-0.4960203468799591,-1.0016217231750488,0.32368379831314087,-1.489914894104004,-0.7545137405395508

Slice 57
3.06960391998291,1.224663496017456,0.43988966941833496,1.2123137712478638,-0.5396378040313721,0.7911543250083923,0.3571583032608032,-0.3703106939792633,-0.33752167224884033,-1.1090662479400635,0.3153465688228607,1.1390414237976074,0.7663223743438721,0.9068711996078491,1.2872824668884277,0.894563615322113,0.2920910120010376,1.565051794052124,-0.0660214051604271,0.124150350689888,0.8267964124679565
-1.4919848442077637,-0.11549993604421616,0.9607698917388916,-0.38906922936439514,-0.17452596127986908,-0.028085261583328247,-0.06681985408067703,1.1676247119903564,-0.06110119819641113,-0.3302777409553528,1.0799071788787842,0.3385425806045532,-0.2962099015712738,-0.09411946684122086,-0.2726442515850067,1.5383750200271606,-0.288186639547348,-0.19246141612529755,0.1405799388885498,-0.9614149332046509,-0.7732734680175781
-1.449155569076538,-0.2931249737739563,0.8718880414962769,-1.3336080312728882,-0.9786139726638794,-0.09317437559366226,-0.5626059174537659,0.43188345432281494,-0.7599828243255615,0.49777692556381226,-0.24988412857055664,0.2167186439037323,-0.23737980425357819,0.29682081937789917,0.31581002473831177,-0.7925996780395508,0.8343095183372498,0.09798863530158997,-0.3047686219215393,0.5334455370903015,-0.06531339883804321
0.7455288171768188,-0.30000993609428406,-0.03282009810209274,0.5081104040145874,0.6741394400596619,-0.11412973701953888,-0.6305768489837646,-0.3749348819255829,-0.21469862759113312,0.14995747804641724,-0.13677267730236053,-0.7203826308250427,-0.4029751718044281,-0.4078478515148163,0.3993854522705078,-0.030151817947626114,-0.4357156753540039,-1.9042328596115112,-0.795093834400177,1.4166284799575806,0.19200465083122253
-0.11636732518672943,0.24541911482810974,0.29304230213165283,1.1041676998138428,-1.3244515657424927,-0.10341138392686844,0.2533394992351532,-0.34444764256477356,-1.2061522006988525,0.3459184169769287,-0.28090929985046387,0.00658966600894928,0.2642911374568939,-0.5983457565307617,0.035716693848371506,0.7753775119781494,-0.9030758142471313,-0.77199387550354,0.11449842900037766,-0.5942889451980591,-0.1842648684978485
0.412430077791214,0.33720704913139343,-0.7801464796066284,0.27168041467666626,0.5600119233131409,0.30536624789237976,0.8657029867172241,0.15495635569095612,0.4970813989639282,-1.2508971691131592,0.12230407446622849,-0.4628242552280426,-0.021906793117523193,0.47382891178131104,0.13491998612880707,0.27257442474365234,-0.48152071237564087,0.646989643573761,0.39895638823509216,1.004784345626831,1.1861186027526855
0.1514989733695984,-0.23743636906147003,1.0629318952560425,-0.6801342368125916,0.20348580181598663,0.458766907453537,0.008210316300392151,-0.35930362343788147,-0.1858670860528946,2.2063963413238525,0.005070806480944157,-0.20164136588573456,-0.6650619506835938,-0.202157661318779,-0.7479637861251831,0.021195687353610992,-0.29989948868751526,-0.18617528676986694,-0.18054184317588806,-0.7536178827285767,1.024757742881775
1.547789454460144,-0.6812352538108826,1.2081243991851807,0.17763091623783112,-0.40661126375198364,0.39998212456703186,0.10073155164718628,-0.5416220426559448,0.5245418548583984,-0.05197981745004654,-0.4672833979129791,1.0875334739685059,0.3866952359676361,-0.12557430565357208,-0.6185250878334045,0.9457654356956482,1.013403058052063,0.12271478772163391,0.19507953524589539,-1.3476909399032593,0.6554442644119263
0.30962759256362915,0.2836895287036896,-1.2113888263702393,-1.8699960708618164,0.6970405578613281,-0.5535332560539246,-0.014711763709783554,-0.8141915798187256,1.306128740310669,-1.5676313638687134,-0.4785520136356354,-0.1316862404346466,0.394162654876709,0.35469192266464233,0.02355044148862362,0.03802148252725601,-0.6789405941963196,-0.37767770886421204,-0.4208658039569855,-0.08801759779453278,-0.10660262405872345
-2.3127315044403076,0.4885210692882538,-1.702566146850586,0.6290274262428284,0.5795996785163879,-0.5430760979652405,0.8823322653770447,1.2120163440704346,-0.35960984230041504,2.328839063644409,-0.006878410931676626,-0.7542428970336914,-0.13445937633514404,0.043047282844781876,-2.1242165565490723,-0.9246041178703308,-1.1402596235275269,-0.6470000743865967,-0.7571778893470764,-0.8974096179008484,-0.4400026798248291
0.2067481428384781,0.02939174696803093,0.3893417418003082,-0.2652989625930786,-0.013840431347489357,0.10935205221176147,-0.33246979117393494,1.087422251701355,-0.8260396718978882,0.11836110800504684,0.08422122150659561,-0.1377965658903122,0.13510657846927643,-0.07658737152814865,-1.0009697675704956,-0.291294127702713,-0.46025651693344116,1.0896366834640503,-0.002511089202016592,-0.33641430735588074,-0.5372262597084045
-2.017343044281006,-0.08520316332578659,1.033431053161621,0.45901191234588623,-0.37620988488197327,-0.20959092676639557,0.09168939292430878,0.567223310470581,-1.0262056589126587,-0.8929914832115173,0.6071665287017822,-0.4495161175727844,-0.27983760833740234,-0.3400428295135498,0.3506675064563751,-0.2683168351650238,0.4353542625904083,-0.3443138003349304,-0.43178534507751465,0.3468482196331024,0.36415114998817444
0.1823117733001709,0.24475428462028503,-1.0576461553573608,-0.8307144045829773,1.9884451627731323,1.4267103672027588,0.12900519371032715,1.0235763788223267,0.6032081246376038,2.0209038257598877,0.025349408388137817,-0.3602856993675232,-0.3961430490016937,0.6795756816864014,2.1857292652130127,0.9948869347572327,0.06006135046482086,1.12106192111969,2.132948398590088,2.6627275943756104,0.9354002475738525
-0.1578243523836136,0.06491062045097351,-0.7456311583518982,0.17214904725551605,0.25333479046821594,0.04480036720633507,-0.9007108807563782,-0.7347424626350403,1.514404296875,0.2046360969543457,0.05495494604110718,-0.5352709293365479,-0.3870775103569031,0.06841332465410233,-0.07612933963537216,0.048905275762081146,-0.5486171841621399,0.1860530972480774,-0.413840115070343,1.216629147529602,1.2430678606033325
-0.7171836495399475,-0.27422475814819336,-0.8141846060752869,-1.600544810295105,-0.22749528288841248,-0.5133736729621887,-1.054318904876709,-1.524835228919983,0.9625787734985352,-1.4117796421051025,0.21246333420276642,0.2949090003967285,2.154416799545288,-0.3649958372116089,-0.7249165177345276,-0.39642077684402466,0.24943548440933228,-1.0143932104110718,0.006823355797678232,1.947431206703186,0.11813079565763474
1.4328216314315796,-0.2663745582103729,-0.8337303400039673,1.9913330078125,-0.42975032329559326,0.3882751762866974,-0.24139687418937683,1.121263027191162,0.6884628534317017,-1.5614739656448364,-0.010919882915914059,-0.686916708946228,0.3254345953464508,-0.14628933370113373,0.04017215594649315,-0.6811341643333435,0.021616719663143158,0.9206739068031311,-0.005243043880909681,-0.1515505611896515,-0.6542119383811951
1.184538722038269,-0.0268475990742445,0.0031896564178168774,0.3548305630683899,0.30359557271003723,-0.13283106684684753,-0.2270231992006302,-0.11706710606813431,-0.634969174861908,-0.9174113869667053,0.09447229653596878,0.22320692241191864,-0.10276748985052109,0.09187163412570953,-0.6851682066917419,0.06756608933210373,-0.44920361042022705,-0.1399076133966446,-0.04052192345261574,0.06058250367641449,0.4070989191532135
-0.3850904405117035,-0.09548985958099365,0.9349212646484375,0.8374947905540466,0.32050737738609314,0.5468938946723938,1.1743911504745483,-0.4651283323764801,-0.9262774586677551,0.7724217772483826,0.11752063781023026,0.3208965063095093,0.1427958905696869,0.08408378064632416,0.18611901998519897,0.5672028064727783,0.2842927575111389,-0.237243190407753,-0.16533875465393066,-0.5649367570877075,0.21266038715839386
-0.7042162418365479,0.06170067936182022,0.23561802506446838,-0.2719927430152893,-0.22245237231254578,0.3059558868408203,0.22810207307338715,-0.6869630217552185,-0.5918408036231995,-0.013282558880746365,0.13348475098609924,0.06782685965299606,-0.12012171745300293,-0.40092241764068604,-0.7898270487785339,1.0073901414871216,-0.06542378664016724,-0.7321646213531494,-0.2682077884674072,-0.22036141157150269,-0.21833331882953644
-0.9396088719367981,-0.36362141370773315,0.0034959285985678434,-0.20372742414474487,-1.1402161121368408,0.42898625135421753,0.8644917607307434,0.46086591482162476,-0.9452776908874512,-1.5125725269317627,-0.02577742002904415,-0.8849859833717346,-0.18426348268985748,-0.7813360691070557,-0.6949710845947266,-0.06964372098445892,0.5090327858924866,0.08930343389511108,0.10564401000738144,-0.7444851398468018,-0.372713565826416
0.024233875796198845,0.3125823736190796,0.5428959131240845,0.2307048738002777,1.4292480945587158,-0.5988619923591614,-0.12129751592874527,0.4885222613811493,0.38129907846450806,0.8537677526473999,-0.0041411928832530975,-0.10625466704368591,0.3168068528175354,0.8931114077568054,0.884665846824646,0.08370227366685867,0.01757434941828251,-0.4185435473918915,0.7813938856124878,0.3753468096256256,-1.7718383073806763

Slice 58
-1.623111367225647,-0.09116161614656448,-0.7482160329818726,-1.354554295539856,-0.6751461029052734,0.8246372938156128,-0.15805144608020782,0.1532326191663742,-0.07631584256887436,-0.4985136091709137,0.32361921668052673,0.6917580962181091,0.13089627027511597,-0.4464668333530426,-0.6035387516021729,-0.6077966690063477,0.4595246911048889,-0.20826254785060883,0.29365602135658264,-0.5786000490188599,0.07171934098005295
0.5670675039291382,-0.05075450614094734,0.0774809718132019,-0.189524307847023,-0.08009392023086548,0.022442106157541275,0.2931991219520569,-0.34027037024497986,-0.050725121051073074,-0.30606338381767273,-0.2168199121952057,0.26465678215026855,-0.25285276770591736,-0.2646481394767761,0.5477312207221985,0.38516318798065186,0.2063472419977188,-0.2882141172885895,0.1943252980709076,0.5399372577667236,0.30572783946990967
-0.39487412571907043,0.14905017614364624,0.608580470085144,-0.0890866219997406,-1.14263117313385,-0.7767698764801025,-0.19009575247764587,-1.665518879890442,-0.21164573729038239,1.3450840711593628,-0.25484058260917664,-0.1278909146785736,-0.5311420559883118,-0.31281372904777527,0.12501192092895508,-0.7559881210327148,-0.7107143998146057,-0.7561534643173218,0.23372411727905273,0.4911233186721802,0.4200795888900757
0.30285072326660156,-0.14361228048801422,0.4785652160644531,0.034642331302165985,-0.43368563055992126,-1.429316520690918,-0.10707738250494003,0.18201006948947906,-0.17111174762248993,0.15842287242412567,0.21766947209835052,0.03251849114894867,-0.3720862567424774,-0.42245781421661377,0.1726064383983612,0.0845358744263649,0.29797545075416565,-0.1925000101327896,-0.36345380544662476,-0.07728810608386993,-0.6158910989761353
1.4030567407608032,-0.171511709690094,0.2236192375421524,0.3032357096672058,-1.1428122520446777,0.010567350313067436,0.4924740195274353,0.3368864357471466,1.3590843677520752,0.9171350598335266,0.1004425510764122,0.2257007211446762,0.7667936682701111,0.20282331109046936,2.1062393188476562,0.018993301317095757,-0.39703530073165894,-0.036668892949819565,-0.08934291452169418,-0.26081186532974243,-1.0166794061660767
-0.29994410276412964,0.20954139530658722,-0.7260385155677795,-0.4139270782470703,0.27619418501853943,-0.44632986187934875,-0.1135227233171463,0.6032580733299255,-0.5350614190101624,-1.2466492652893066,0.10558497160673141,-0.027841666713356972,-0.23070532083511353,0.19450074434280396,-0.6928074955940247,-0.5220630764961243,-0.03532259166240692,-1.2421010732650757,0.5432044267654419,0.34398335218429565,-1.194581389427185
-0.4504856467247009,-0.1528727412223816,1.0441029071807861,-0.05401739478111267,0.3065223693847656,0.48703694343566895,0.15372243523597717,-0.32775259017944336,-0.25633975863456726,1.0818592309951782,-0.10889580845832825,-0.690818727016449,0.91880202293396,0.09241245687007904,-0.19282525777816772,0.1655479520559311,-0.7947037220001221,-0.2845233976840973,-0.19910669326782227,-0.6885132789611816,-0.6350806355476379
-0.3496140241622925,-0.32436132431030273,-0.8948369026184082,0.9419155120849609,0.75887531042099,-0.023031167685985565,-0.006186465732753277,-0.5911759734153748,-0.3798554539680481,0.5391040444374084,-0.691267192363739,-0.5848528742790222,-0.47800514101982117,-0.15664243698120117,-0.3328743875026703,-0.18112027645111084,0.1407269835472107,-1.3836584091186523,-0.6760814189910889,0.9089806079864502,0.7085830569267273
0.6099542379379272,-0.09023728221654892,0.5268931984901428,0.6528337597846985,0.25145816802978516,0.03413118049502373,0.15887559950351715,1.100626826286316,1.1817623376846313,-1.3848605155944824,0.25451716780662537,1.1944257020950317,-0.15964043140411377,-0.21889370679855347,-0.1537269949913025,0.9509881138801575,1.2491437196731567,0.6594226956367493,-0.16644755005836487,0.5597457885742188,0.7485412955284119
1.217693567276001,-0.05880744755268097,-0.8612030744552612,-1.1850166320800781,-0.8184819221496582,0.3458217978477478,0.5624116659164429,-1.6509079933166504,1.5782688856124878,0.8588134050369263,-0.4230790138244629,-0.592399537563324,-1.0476666688919067,-0.8323113918304443,1.6132644414901733,0.7034235000610352,0.192084401845932,-1.558187484741211,0.13153380155563354,-0.8208665251731873,-0.6015515327453613
1.0943446159362793,0.07071059942245483,-0.3182255029678345,0.3346269130706787,0.8049212694168091,-0.14293958246707916,0.1688867211341858,-1.0996239185333252,0.1429889053106308,-1.3023761510849,-0.28735989332199097,0.39096030592918396,-0.5520156621932983,0.11624749004840851,-0.057646479457616806,-0.009327860549092293,0.01349551696330309,-0.6403762698173523,0.32227033376693726,1.1519968509674072,0.16754157841205597
0.12001439929008484,0.17885571718215942,1.029150366783142,0.8449611663818359,-0.3443315923213959,-0.0523998960852623,-0.13253562152385712,0.043459467589855194,-0.593176007270813,0.19708038866519928,0.3127605617046356,-0.8484372496604919,0.05500372499227524,0.24748696386814117,-0.5390334129333496,-0.36997660994529724,-0.531948447227478,-0.3792553246021271,-0.28143617510795593,-0.6359647512435913,-0.45050621032714844
-0.7294270396232605,0.005446726456284523,-1.2291123867034912,-0.7494696974754333,1.3289194107055664,0.5608429312705994,-0.3752295970916748,-0.3135748505592346,0.18554209172725677,-0.7881747484207153,0.11775155365467072,-0.6949934363365173,-1.7226239442825317,-0.12069722265005112,-0.18139387667179108,-0.13555842638015747,-0.4864003360271454,-0.3993433117866516,-0.27490711212158203,0.3644414246082306,-0.6920202970504761
-0.6316133737564087,0.16995197534561157,0.21857404708862305,0.30006957054138184,0.45999401807785034,0.05821915343403816,0.03591349348425865,-0.10102461278438568,-1.987526774406433,0.32290393114089966,0.06751835346221924,-0.45755359530448914,0.6975024342536926,0.1761779934167862,-1.0349674224853516,0.139927938580513,-0.8683406114578247,0.4607570767402649,0.1418422907590866,-0.43219977617263794,-0.09437258541584015
-0.2625845968723297,-0.29860827326774597,2.6237053871154785,0.7498765587806702,-0.9822918176651001,2.175389528274536,-0.15065985918045044,0.4071022868156433,-0.2814607620239258,-0.07861284911632538,-0.5768740177154541,1.6309716701507568,1.349576473236084,0.10527753084897995,-0.9872497320175171,1.4085357189178467,1.4817415475845337,1.6611889600753784,-0.08186468482017517,0.2345420867204666,0.334806889295578
-0.8917616009712219,-0.013627706095576286,-0.5366325974464417,0.3928919732570648,0.18263551592826843,-1.2306369543075562,-0.24760869145393372,0.08178018778562546,-0.9615148305892944,0.20436537265777588,0.7253338694572449,-0.30037403106689453,-0.4035991430282593,-0.29502618312835693,-0.86835116147995,-0.4778148829936981,-0.04471748322248459,1.2811199426651,-0.05642879009246826,0.312786340713501,0.6746321320533752
0.5053739547729492,-0.19866213202476501,-1.5543692111968994,0.4156487286090851,0.21997390687465668,0.47877275943756104,0.4351162016391754,0.7619292736053467,-0.7152710556983948,1.2098684310913086,-0.3152499794960022,-0.8294080495834351,0.14845119416713715,0.16133622825145721,0.4713377356529236,-0.39773455262184143,-0.478542298078537,0.11691566556692123,0.08943220227956772,-0.62923264503479,0.6320134401321411
0.23973402380943298,-0.1842104196548462,-0.7153169512748718,-0.0862053707242012,-0.08024021983146667,0.6489155292510986,-0.6602383852005005,-0.14904847741127014,0.10813870280981064,-0.5385026931762695,0.08810395747423172,-0.050439976155757904,0.35600191354751587,0.29708823561668396,0.24434377253055573,0.5095280408859253,-0.32942280173301697,-0.3776553273200989,0.6589484810829163,0.06758919358253479,0.7974601984024048
1.2748808860778809,0.15869194269180298,0.16734348237514496,-0.016748471185564995,1.3965396881103516,-0.09511304646730423,0.13645274937152863,-0.34895840287208557,0.48779216408729553,0.6258145570755005,0.10024682432413101,0.04034823551774025,0.07115387916564941,0.24829767644405365,0.22487665712833405,-0.30175235867500305,-0.1108378916978836,1.0807548761367798,-0.13553430140018463,0.07892758399248123,0.20019909739494324
0.26069194078445435,0.0674389898777008,-0.3483833074569702,0.05364249274134636,-1.424454689025879,-0.5027347207069397,0.4923844337463379,2.081639051437378,1.1952248811721802,1.952818512916565,0.1065242812037468,0.024017805233597755,1.592517614364624,1.2708543539047241,0.1935722827911377,0.4295002520084381,0.7489690184593201,0.8398165702819824,-0.14471258223056793,-0.5325755476951599,-0.17660336196422577
1.1174914836883545,-0.04767750948667526,-0.20459754765033722,-0.5139701962471008,1.1565990447998047,-0.9867315888404846,-0.08183763176202774,-0.6700750589370728,0.6192342638969421,-1.0350896120071411,0.01648261770606041,0.6396209001541138,-1.161667823791504,0.749633252620697,0.5761933326721191,-0.4645998477935791,-0.47343161702156067,0.608953058719635,-0.10365042835474014,-0.7020118236541748,0.11507036536931992

Slice 59
-0.9840364456176758,0.09887707978487015,0.4603686034679413,0.6977590918540955,-0.771950900554657,-1.0249242782592773,0.4617215394973755,0.5105493068695068,-0.4406731128692627,0.7512441873550415,1.5977702140808105,0.41475653648376465,0.10270135849714279,1.0531044006347656,-0.40819400548934937,-0.5384568572044373,-0.007161751389503479,-0.5879045128822327,0.03999019414186478,1.27766752243042,-0.8320758938789368
0.5071689486503601,-0.22374576330184937,0.2509627044200897,0.04652067646384239,-0.31318631768226624,0.17171911895275116,-0.07454292476177216,-0.10978564620018005,0.275163471698761,-0.1584496796131134,-0.010490714572370052,0.15373112261295319,0.1260915994644165,0.08821746706962585,0.04220440611243248,-0.21880879998207092,-0.12595511972904205,-0.2346944957971573,0.054585136473178864,0.6843937039375305,-0.24006688594818115
-0.9074733853340149,-0.08305278420448303,0.8989271521568298,-0.5056625604629517,1.3633480072021484,0.016150474548339844,1.065826416015625,1.0626672506332397,0.6969354152679443,3.626260280609131,-0.15687377750873566,0.21397753059864044,-0.7615432739257812,0.1987198442220688,2.1752922534942627,-0.2643010914325714,0.3266158998012543,0.5072993636131287,0.15329845249652863,1.0013574361801147,0.09930790960788727
0.5476519465446472,-0.03363679349422455,-0.7211226224899292,0.19455839693546295,-0.16878043115139008,-0.8655539751052856,-0.03461966663599014,0.8796242475509644,-0.649764895439148,2.543494701385498,0.5296704769134521,-0.36400461196899414,-0.5391241908073425,-0.21822018921375275,-0.33084022998809814,-0.2508266866207123,0.023050248622894287,0.8443020582199097,0.18418197333812714,0.3613698482513428,-0.6916493773460388
1.753131628036499,-0.15227347612380981,0.10285082459449768,0.22726547718048096,-0.33202531933784485,0.2960973083972931,-0.435524582862854,-0.08046361058950424,1.163352131843567,0.057332951575517654,-0.681178092956543,-0.13423408567905426,0.6239187121391296,0.6838915348052979,0.13226190209388733,0.6871758699417114,0.004304890055209398,0.2496536523103714,0.13073430955410004,-0.7754673361778259,-0.5124588012695312
0.041393570601940155,-0.05067729204893112,-0.02230154536664486,-0.6663320064544678,-0.8949596285820007,0.46695902943611145,0.2682570517063141,0.19523829221725464,0.002583729336038232,-0.4679666757583618,0.018202107399702072,0.8035688400268555,0.14004698395729065,0.42737263441085815,0.16431763768196106,-0.01211718562990427,-0.07185384631156921,-0.8186508417129517,-0.10758478194475174,-0.251261830329895,-0.7397809624671936
-0.07309265434741974,-0.16095907986164093,0.22096599638462067,-0.03745760768651962,0.2932416498661041,-0.04658404737710953,0.24524253606796265,-0.5043293833732605,0.5217409133911133,-0.592050313949585,-0.3052414655685425,-0.21590851247310638,-0.6819510459899902,0.08223055303096771,-0.6287837028503418,-0.2064507007598877,0.42897462844848633,0.12738345563411713,-0.15620237588882446,-0.08912036567926407,-0.37090209126472473
-0.013768940232694149,0.1541483849287033,0.51728755235672,-0.17187638580799103,1.33909273147583,0.23208095133304596,-0.20428889989852905,-0.3680926263332367,-1.5429564714431763,-0.4618929624557495,-0.46777915954589844,-0.9061172008514404,0.7362002730369568,-0.18657991290092468,-0.05682585388422012,-0.19923780858516693,-0.7345644235610962,0.7022551894187927,-0.09739591181278229,-0.2636703848838806,-0.16001763939857483
0.2969575524330139,0.09204147011041641,-0.3814131021499634,0.4497559070587158,-0.06909114122390747,-0.22664056718349457,-0.10473507642745972,0.633428156375885,-0.8158392310142517,-0.9204725623130798,-0.4388313591480255,-0.5149123668670654,-0.10321777313947678,-0.5394737124443054,0.5130701661109924,-0.45644885301589966,0.10728853940963745,-0.4886702001094818,-0.016527701169252396,-0.3586161732673645,-0.12825046479701996
-0.6033777594566345,-0.0663238912820816,-0.30319932103157043,0.5916576981544495,1.7668367624282837,-0.48186033964157104,-0.3597251772880554,-0.3254207968711853,-1.2259246110916138,-0.8241075277328491,-0.4778413772583008,0.08759801834821701,0.39613738656044006,-0.3477444648742676,0.015916623175144196,0.5576716661453247,-0.4985249936580658,0.41330304741859436,-0.05174798145890236,-1.2120598554611206,-0.9143826365470886
0.3993724286556244,0.3231722116470337,0.041986335068941116,-0.4825162887573242,0.23516063392162323,0.03768738731741905,0.12869104743003845,-0.7929934859275818,-0.6630292534828186,-1.1736793518066406,-0.41108015179634094,-0.25172844529151917,0.5088874697685242,-0.17327745258808136,0.3211643099784851,0.46419644355773926,-0.2967677414417267,-0.11049414426088333,0.1001744195818901,-0.5166398286819458,-0.800061821937561
-0.5295742750167847,-0.21272972226142883,-0.031578656286001205,-0.4307466447353363,0.08027556538581848,0.22518455982208252,0.4588119685649872,-0.3666667640209198,0.5023754239082336,0.23924630880355835,-0.23057493567466736,-0.15150701999664307,-0.20889461040496826,0.07190808653831482,0.8384358286857605,-0.28837236762046814,-0.41575971245765686,0.1404780000448227,0.3115254044532776,-0.25213906168937683,-0.15760865807533264
-0.0896669253706932,0.06470576673746109,0.46726876497268677,-0.7896227836608887,0.32736510038375854,-0.05479663982987404,-0.5139032602310181,0.5149734020233154,0.2289501428604126,0.2582939565181732,0.06388725340366364,0.06874501705169678,-0.6990903615951538,-0.07508234679698944,0.3264700174331665,-0.41449281573295593,0.1776922047138214,0.2720850706100464,-0.1754705309867859,-0.1457129865884781,2.81040358543396
-0.0331462062895298,0.11141111701726913,-0.9088187217712402,-0.25237488746643066,-0.22840169072151184,-0.368394136428833,0.012483682483434677,-0.28547877073287964,-0.3801814913749695,-0.07021419703960419,0.22064754366874695,-0.48797065019607544,-0.044749438762664795,-0.6417199373245239,0.284150093793869,0.4425651431083679,-0.20736083388328552,0.29547566175460815,-0.16367179155349731,0.4057534337043762,-0.7803407907485962
-0.379266619682312,0.050516702234745026,-0.8719989657402039,-0.3602299392223358,-0.597923219203949,0.10587222874164581,0.15895527601242065,-0.026602767407894135,0.9290333390235901,-1.573850393295288,-0.62103670835495,0.3855104446411133,-0.4136110544204712,-0.47600409388542175,-0.6818510293960571,0.013279073871672153,0.5734578371047974,-0.045226093381643295,-0.6307990550994873,0.5484187602996826,-0.8077033162117004
0.9451079964637756,-0.10405661910772324,-0.09573248773813248,-0.31780582666397095,0.053270697593688965,0.402395099401474,-0.38966432213783264,-0.8772240281105042,0.05640752241015434,1.23575758934021,0.5601969361305237,0.23067672550678253,-0.3584630489349365,-0.06735195219516754,-0.1390058547258377,0.5884712934494019,0.058071013540029526,-1.0126965045928955,0.23343464732170105,0.1010165587067604,0.7797868847846985
0.15236318111419678,0.24300475418567657,-0.40273675322532654,-0.6126366853713989,-0.45376142859458923,-0.26469725370407104,0.34972044825553894,-0.09457726776599884,0.24048353731632233,0.5394124388694763,0.4975869655609131,0.41341039538383484,-0.5820896029472351,0.19622431695461273,-0.41767996549606323,-0.1394091695547104,-0.36309999227523804,-0.5774529576301575,0.04325788468122482,0.2869988679885864,1.0924313068389893
-0.6728862524032593,-0.22629159688949585,0.5864025354385376,-0.07162510603666306,-0.5402989387512207,-0.17187771201133728,-0.024202939122915268,0.5175003409385681,-1.052370309829712,-0.6167017221450806,0.36172670125961304,-0.059288688004016876,1.214810848236084,0.015105345286428928,-0.9386728405952454,-0.20402675867080688,-0.46761438250541687,0.1641691029071808,0.30021876096725464,0.5272737145423889,0.28430813550949097
1.0964807271957397,-0.07814736664295197,0.3394239544868469,0.36675938963890076,0.03387909755110741,0.3330223560333252,0.17244738340377808,-0.2630586326122284,0.4887869656085968,-0.5170645117759705,-0.2137642800807953,0.41752946376800537,0.27660122513771057,0.14607945084571838,0.12797415256500244,-0.06156248599290848,0.1047002375125885,-0.15379194915294647,-0.14987951517105103,-0.1534872055053711,-0.5460931062698364
0.56500643491745,-0.1002514436841011,1.5668970346450806,0.788741409778595,-0.6430173516273499,0.643258273601532,-0.4928833246231079,-0.5510625243186951,2.33396577835083,-0.7288939952850342,-0.1887119710445404,0.2683546841144562,0.027323685586452484,0.24519769847393036,0.36894339323043823,1.3153530359268188,0.8863903880119324,0.13489528000354767,-0.2270336151123047,-0.7957625389099121,0.24943991005420685
-0.26979559659957886,-0.06251673400402069,0.12828198075294495,0.34896913170814514,-0.9250714778900146,0.14438876509666443,0.07284823805093765,0.6847962737083435,-0.5334173440933228,-1.8295950889587402,-0.1757749617099762,0.022084446623921394,0.04854236915707588,-0.24785783886909485,-0.5387631058692932,-0.11613380163908005,-0.21510052680969238,0.2365148961544037,0.04258359596133232,0.4401780068874359,2.8829185962677

Slice 60
1.4724081754684448,0.15917271375656128,-0.02648238092660904,1.6883093118667603,-1.2365772724151611,1.2767106294631958,-0.9938371181488037,0.634729266166687,0.7579823136329651,1.364462971687317,0.8943130970001221,-1.1265993118286133,1.8056515455245972,2.118241310119629,2.3618624210357666,-0.0626404881477356,-0.3587067723274231,-0.30768129229545593,0.43745848536491394,-0.8380839228630066,-1.461996078491211
-1.7845228910446167,-0.10043692588806152,-0.37021100521087646,-0.1401815563440323,-0.18387645483016968,-0.4389997720718384,-0.618507981300354,-0.7399577498435974,-0.001706845359876752,-1.1458550691604614,0.2033976912498474,0.038585811853408813,0.016832876950502396,-0.247517392039299,-0.547468364238739,-0.34157320857048035,-0.5902987122535706,-0.4124557077884674,0.24483777582645416,0.15251776576042175,-1.2741038799285889
-2.2511537075042725,-0.37835267186164856,0.2553514838218689,-1.056466817855835,0.46599283814430237,-1.1285510063171387,2.0276923179626465,-0.40528786182403564,-0.3010115325450897,1.3285859823226929,-0.12251406162977219,0.18215325474739075,-0.8466085195541382,-0.22029569745063782,0.3488566279411316,-1.482460379600525,-0.941399097442627,0.5995158553123474,-0.18089942634105682,-1.3250051736831665,2.8673806190490723
-2.151618242263794,-0.1198229193687439,-0.08168991655111313,-0.5221931338310242,-0.18024088442325592,-0.5330088138580322,0.6464064121246338,-1.0381594896316528,-1.7360076904296875,-0.5369986891746521,-0.09116853028535843,-0.6668045520782471,-0.4005501866340637,-0.3736211061477661,-1.6680045127868652,-1.456285834312439,-1.313588261604309,-0.8097477555274963,0.14953458309173584,-0.9388669729232788,-0.1903202384710312
2.073866367340088,-0.0842493325471878,0.3929838240146637,0.6454046964645386,0.6107698082923889,2.073695182800293,-0.7697733640670776,-0.5622838735580444,-0.4934674799442291,-1.8254050016403198,-0.5327236652374268,0.47290539741516113,0.9584512710571289,-0.8165051341056824,0.06417683511972427,1.5761140584945679,0.1586606353521347,-1.0177268981933594,-0.16386519372463226,1.084357738494873,-0.7407681345939636
-2.087055206298828,0.29672449827194214,-0.8063466548919678,0.36734116077423096,-0.08391982316970825,-1.086076259613037,0.29250553250312805,0.47146421670913696,1.010093092918396,-0.7997590899467468,0.03630661964416504,-0.3513202369213104,-0.5027879476547241,0.2633186876773834,-0.30640918016433716,-0.47894176840782166,-0.45181170105934143,-0.5977976322174072,-0.20361344516277313,0.39317578077316284,-0.15023945271968842
-0.19108596444129944,-0.21921949088573456,0.6991878151893616,-0.04130827262997627,-0.10860301554203033,0.43808406591415405,-0.4622780978679657,0.2072838991880417,1.6043287515640259,0.4480559229850769,0.017890311777591705,-0.648110032081604,-0.17209495604038239,-1.0601118803024292,-0.4140179455280304,-1.3858305215835571,-0.1260586529970169,-0.22381603717803955,-0.09919467568397522,-0.5003793835639954,0.5242552757263184
-0.24908071756362915,-0.005446357652544975,-0.3393898904323578,0.2711081802845001,-0.2243986278772354,-0.5452470779418945,-0.5845353603363037,0.17654085159301758,0.30022940039634705,-1.6811509132385254,-0.08957614004611969,-0.24798806011676788,-0.8893721699714661,-0.3192923665046692,-0.6862058043479919,0.4681406319141388,1.1074650287628174,0.6274002194404602,0.12688420712947845,-0.9488382935523987,-0.006931652314960957
2.721693992614746,0.32088160514831543,-1.3438069820404053,0.4266005754470825,2.29327392578125,0.6624681353569031,0.8249316811561584,1.3778163194656372,0.14890572428703308,0.7457174062728882,0.3032112419605255,0.7052834630012512,1.370625376701355,0.578007161617279,-0.9155122637748718,0.6432901620864868,-0.49108511209487915,0.6299147009849548,-0.6006466150283813,1.3284951448440552,1.6021848917007446
0.07364537566900253,-0.11742573976516724,1.5911911725997925,1.709071397781372,0.0813891589641571,0.5479921102523804,-0.3245263695716858,-0.41383787989616394,1.4993462562561035,-0.9637418985366821,-0.2409021109342575,1.3156687021255493,0.02314116060733795,0.5215120911598206,1.2424492835998535,-0.08657494187355042,0.3543991446495056,1.0039875507354736,-0.024574173614382744,-0.5180314183235168,-0.2633417248725891
0.4684107005596161,0.19750124216079712,0.646723747253418,0.19288243353366852,-0.7297482490539551,0.8274922370910645,0.22511149942874908,0.24969975650310516,0.3757011592388153,-1.9533432722091675,0.08313339948654175,0.6163491010665894,-0.08096517622470856,-0.26558271050453186,1.0429025888442993,0.9237329363822937,-0.09430333226919174,0.7548806071281433,-0.338664174079895,1.0966991186141968,-0.32281163334846497
-1.0598716735839844,-0.2874382734298706,-1.1482093334197998,-1.2307708263397217,0.6387504935264587,-1.0773215293884277,-0.6769987940788269,-0.1239241510629654,1.0909062623977661,0.2543686628341675,0.0989360362291336,-0.8079491853713989,-0.2769152820110321,0.13134734332561493,0.7618016600608826,-0.3329279124736786,0.22405289113521576,-0.6220571994781494,-0.08920902758836746,0.42299532890319824,1.7144759893417358
-1.1879513263702393,0.06836701184511185,-0.8343758583068848,-0.2799409329891205,-0.7890341281890869,0.8725295066833496,0.32042238116264343,-0.7389788627624512,-0.36135414242744446,-1.0452760457992554,0.16858236491680145,-0.6318877935409546,-0.464241087436676,0.4121353328227997,-0.6775469779968262,0.2759890854358673,-0.029872817918658257,-0.31956079602241516,-0.20285840332508087,-0.2109384834766388,-1.4950617551803589
0.8941903114318848,-0.04941287264227867,-0.9870625138282776,0.4047077000141144,-0.531186580657959,-0.43449437618255615,-0.12673921883106232,-0.10023272037506104,-1.4343928098678589,-0.8836516737937927,-0.4538751244544983,0.3430498540401459,0.01782040111720562,-0.7768573760986328,-0.37775301933288574,0.1283857524394989,-0.3687193691730499,-0.06785424053668976,0.3592151403427124,-0.7320671081542969,0.20747452974319458
3.791813611984253,0.1512712687253952,1.3548176288604736,-1.12832772731781,0.871051013469696,0.5433983206748962,0.05443624034523964,0.6772308349609375,-1.7409508228302002,1.3016057014465332,-0.6788331866264343,0.5271578431129456,-0.009151225909590721,1.3051278591156006,-0.09314046055078506,1.4763176441192627,2.7994580268859863,0.8148555755615234,0.8995152115821838,-0.2198912352323532,1.2110286951065063
-0.6803238987922668,-0.3158530592918396,0.6186919212341309,-0.00664856843650341,0.5990415811538696,-1.2424918413162231,-1.140590786933899,1.4184261560440063,1.1382700204849243,3.960310220718384,0.7165684700012207,-0.11995131522417068,-0.34217485785484314,0.633260190486908,0.7362553477287292,-1.2842636108398438,-0.42661261558532715,-0.12117830663919449,-0.4635195732116699,1.2453895807266235,0.70145183801651
-0.9920329451560974,-0.09024093300104141,-0.21872958540916443,-0.86140376329422,-1.1682356595993042,-0.5506625771522522,-0.7795588970184326,1.0880310535430908,-1.3993182182312012,3.3228085041046143,-0.021790562197566032,0.09105627983808517,-0.09487591683864594,-0.29826003313064575,0.42902758717536926,-0.2913884222507477,0.09865624457597733,0.7322362065315247,0.08709397912025452,-0.18036861717700958,-0.3654493987560272
-1.1947630643844604,0.3284846544265747,-0.15250639617443085,-0.6769477725028992,-0.2912129759788513,-0.43851596117019653,-0.6875197887420654,0.3789619505405426,-0.409153014421463,-0.7540252208709717,0.48601871728897095,0.17910362780094147,-0.10451794415712357,-0.9912577271461487,-1.2280713319778442,-0.10134290158748627,-0.24039489030838013,-0.71307373046875,0.32528331875801086,-0.955976665019989,-1.0358412265777588
-0.8401449918746948,-0.37486639618873596,0.18973451852798462,-0.2698726952075958,-0.18918520212173462,0.8618922233581543,-0.4845682382583618,-0.6467005610466003,-0.44570207595825195,-1.474886417388916,-0.042308490723371506,-0.39529719948768616,1.415069580078125,0.5578228235244751,0.2361575961112976,0.09879026561975479,-0.13224664330482483,-0.7528820037841797,0.0902477353811264,-0.2757473886013031,-0.8011736273765564
-0.452477365732193,0.5228655338287354,0.359650582075119,0.4487563669681549,0.6956416368484497,0.7506276369094849,0.13313065469264984,-0.12183930724859238,0.3417418897151947,-0.7998579144477844,-0.3516792058944702,-0.19599483907222748,-0.46716293692588806,0.32297560572624207,-0.8196249604225159,-1.7177129983901978,0.6461437344551086,-0.619652271270752,0.30681321024894714,0.3022312819957733,-0.20972329378128052
0.4085986912250519,-0.048436615616083145,-0.08072775602340698,-0.6748274564743042,-0.1407342404127121,0.07437300682067871,2.0254499912261963,-0.8796069622039795,-0.9884462952613831,-1.1129708290100098,-0.20633640885353088,-0.5900389552116394,-1.2266051769256592,-0.9735919237136841,-0.4673278331756592,0.3303554952144623,-0.13984128832817078,0.1037493422627449,-0.665718138217926,0.6462797522544861,-1.401650071144104

Slice 61
0.17371252179145813,-0.5842997431755066,-0.9527593851089478,-2.0945868492126465,1.0366257429122925,-0.7804308533668518,0.6210100054740906,-0.3917536735534668,-1.141861081123352,1.326102614402771,0.7548986673355103,0.1504882574081421,-1.8498784303665161,-0.3252345025539398,-0.08002372831106186,0.15680846571922302,-0.28746214509010315,0.13811619579792023,0.253792405128479,-0.21442165970802307,-0.5002456903457642
0.27239081263542175,-0.19048087298870087,0.3210477828979492,-0.020402461290359497,-0.3300968408584595,-0.12555022537708282,-0.11785783618688583,-0.5796113610267639,-0.3899586498737335,-1.1567511558532715,-0.0994003638625145,-0.4326993525028229,-0.37073618173599243,-0.08574914932250977,-0.26386988162994385,-0.36278197169303894,-0.45945045351982117,-0.37945690751075745,-0.12717176973819733,-0.9054850935935974,-1.068071961402893
0.8328161835670471,0.48377370834350586,-0.6165537238121033,0.03141611069440842,0.17415474355220795,-0.3979151248931885,-0.37980303168296814,0.08720946311950684,-0.2671069800853729,-0.8148043751716614,0.13481877744197845,-0.35792770981788635,0.22006236016750336,0.6183319091796875,0.16794659197330475,-0.05506622791290283,-0.0789635181427002,-0.0017008131835609674,-0.13066637516021729,1.0604323148727417,-0.8435384631156921
0.9058336019515991,-0.31729966402053833,-0.0683717280626297,0.15854744613170624,0.4692974388599396,-0.4651271104812622,-0.6928021311759949,1.169374942779541,-0.7759953737258911,1.2369012832641602,0.4560074210166931,-0.7448105812072754,0.2022159844636917,-0.5509288907051086,-0.7034469842910767,0.9335308074951172,-0.29034164547920227,1.0577542781829834,-0.2935746908187866,0.8577828407287598,0.12355276197195053
1.4819594621658325,0.06854734569787979,0.5121685266494751,0.8973833918571472,0.07855600118637085,0.18832731246948242,0.3927638828754425,-0.33103740215301514,0.7099900245666504,0.7151843905448914,-0.3655962646007538,-0.09940438717603683,0.6904281973838806,0.016464682295918465,-0.4091673493385315,-0.15862207114696503,0.26356104016304016,-0.29444190859794617,0.16180041432380676,-0.15347304940223694,0.3771521747112274
0.9536769390106201,0.016595467925071716,-1.015741229057312,-0.24246370792388916,0.4262956380844116,0.17955398559570312,0.03211253508925438,0.6609912514686584,0.027989711612462997,0.22177556157112122,-0.13610082864761353,-0.3963155150413513,0.2689284086227417,-0.22492511570453644,0.5312475562095642,0.1049509271979332,1.0793129205703735,0.5429656505584717,0.08639277517795563,1.2189626693725586,1.776076316833496
0.43205517530441284,0.03264138102531433,-0.17823876440525055,0.4767020046710968,-0.5195010304450989,-0.28165385127067566,0.18385018408298492,0.5661303400993347,-0.6941565871238708,-1.2848880290985107,0.19861054420471191,-0.501800537109375,0.15756680071353912,-0.61895751953125,-0.059625137597322464,-0.26796942949295044,-0.02809761092066765,-0.09076357632875443,-0.08689817786216736,0.2899838387966156,-0.15974147617816925
0.19829902052879333,0.29641032218933105,0.18221862614154816,0.47800126671791077,0.20021952688694,-0.39413467049598694,0.0644824430346489,-0.9192873239517212,-0.018403613939881325,0.42917513847351074,-0.05885940045118332,-0.1844765543937683,-0.8404093980789185,0.5989624857902527,-0.6086693406105042,-0.40140029788017273,-0.09430983662605286,0.2272743433713913,-0.17903904616832733,-1.1550968885421753,-1.1180622577667236
0.0467211939394474,0.5226346254348755,-0.1394709050655365,-0.044789694249629974,-0.024607880041003227,-1.2839688062667847,-0.023223767057061195,0.26607444882392883,0.21116600930690765,-0.9261875152587891,-0.05880897119641304,-0.09029608964920044,-0.13818752765655518,-0.47392335534095764,0.8505573272705078,0.168694868683815,0.13333719968795776,0.538917064666748,0.2127275913953781,-0.589249312877655,0.1065157875418663
-0.21418637037277222,-0.5044615864753723,2.1437792778015137,0.43981432914733887,-0.9198230504989624,0.4812568128108978,-0.3589431941509247,-0.046353742480278015,-0.682436466217041,-0.5537602305412292,-0.23372717201709747,0.10533877462148666,-0.8133368492126465,-0.014930748380720615,-0.0054677557200193405,-0.2594048082828522,0.15664879977703094,0.8289511203765869,0.18109597265720367,-0.20605386793613434,-0.503442645072937
-0.37513506412506104,0.17911633849143982,0.3699331283569336,-0.756608784198761,0.5758787393569946,-0.3094768226146698,0.2817041873931885,-0.6479204893112183,0.1706412136554718,0.972639262676239,0.07862574607133865,-0.5248644351959229,-0.5467937588691711,-0.057649917900562286,-0.05305450037121773,-0.28354281187057495,0.18047960102558136,-0.4796583950519562,0.16055020689964294,-0.614974856376648,0.44411754608154297
-0.1682949960231781,0.432954877614975,-0.3876191973686218,-0.22346028685569763,0.08234984427690506,0.1825219839811325,-0.21418528258800507,0.4934538006782532,-0.594962477684021,-0.9796531796455383,-0.3807796239852905,0.1985284388065338,1.1607974767684937,-0.44183942675590515,0.4382009208202362,0.24670696258544922,0.7858431935310364,0.4404044449329376,-0.35969439148902893,1.4721590280532837,-0.6726319789886475
-1.3948341608047485,0.02281433902680874,-0.3450380861759186,-1.0868442058563232,-1.1895495653152466,-0.895389974117279,-0.08436547219753265,0.3052317202091217,0.45076218247413635,1.2508652210235596,0.06862600147724152,1.122202754020691,0.32792994379997253,-0.9317283630371094,-0.32432588934898376,-0.5882593989372253,0.18354113399982452,0.3154928982257843,-0.5649726986885071,-0.8882904648780823,1.4434998035430908
-0.7330412268638611,-0.3255589008331299,-0.32126352190971375,1.0640895366668701,0.7154766321182251,-1.0060036182403564,0.39641228318214417,0.22525425255298615,1.103010892868042,-0.9320412278175354,-0.4773339629173279,1.3656315803527832,-0.35191741585731506,1.016327977180481,0.11957728862762451,-0.09123595058917999,-0.8147193193435669,0.44573062658309937,-0.19154199957847595,0.9126778841018677,-0.4344237148761749
1.0158122777938843,-0.07985498011112213,0.07019078731536865,1.3796381950378418,1.1158761978149414,-1.0282371044158936,0.05860245227813721,-0.20411817729473114,1.365487813949585,-2.7770769596099854,-0.2872072160243988,0.5733073353767395,-0.6417368054389954,0.3860580325126648,-0.167803093791008,-0.6292030811309814,0.04461617395281792,-0.21119776368141174,-0.5470457077026367,-0.4315410852432251,0.962479293346405
0.13624651730060577,-0.06704168766736984,-0.6996908187866211,-0.9015276432037354,0.7855521440505981,-0.024106081575155258,-0.12076865136623383,0.0849052220582962,-0.2650251090526581,-1.00362229347229,0.058127179741859436,0.32043296098709106,-0.6778745651245117,0.3457038402557373,-0.06560640037059784,0.16620253026485443,-1.1454976797103882,0.15528354048728943,0.4583597183227539,-0.7999113202095032,-0.8522331118583679
-1.5315101146697998,0.05460330471396446,-0.1301106959581375,-0.26259785890579224,-0.41162317991256714,-0.8792974948883057,0.21346676349639893,0.06825324892997742,-0.312917560338974,0.2599574625492096,0.44205036759376526,-0.21910804510116577,-0.1595417559146881,-0.23858587443828583,0.28793612122535706,-0.41141828894615173,-0.26306426525115967,-0.14608390629291534,0.47305217385292053,-0.2191556990146637,-0.10954035818576813
-0.6568862199783325,-0.026744822040200233,0.00011876161443069577,-0.3357139527797699,-0.10777037590742111,-0.24600957334041595,-0.4638417363166809,0.2139563262462616,0.2639058232307434,0.18403439223766327,0.392113596200943,0.21366079151630402,-2.153181552886963,0.26266953349113464,0.30638670921325684,-1.3684686422348022,-0.7307202816009521,-0.21231110394001007,0.259369820356369,-0.35738351941108704,-0.2016013264656067
1.0572108030319214,-0.1121133342385292,1.195518136024475,0.2328619360923767,-0.2881530225276947,-0.017750335857272148,0.2790091335773468,-0.4481995403766632,0.6861713528633118,-0.5107130408287048,0.04589471593499184,-0.44977712631225586,0.6728938817977905,-0.016468431800603867,1.1287788152694702,-0.127276211977005,0.1114569678902626,-0.9676008224487305,0.4742865562438965,-0.8845626711845398,0.09055744856595993
0.9265332221984863,-0.11964096873998642,-0.03385530784726143,0.050776779651641846,0.1361648291349411,0.4148378372192383,1.2648087739944458,-0.488515168428421,1.6313445568084717,1.0450670719146729,-0.28123176097869873,-0.12620045244693756,1.20309317111969,0.74989914894104,0.9387853741645813,1.445149302482605,0.026018895208835602,0.21677334606647491,0.23521947860717773,0.27576786279678345,0.5055428147315979
0.18565034866333008,0.2321576327085495,0.995171070098877,0.23193342983722687,-1.3641605377197266,4.948728084564209,-1.306327223777771,-1.2169631719589233,-0.43008989095687866,1.0219404697418213,-0.29296937584877014,0.8334856629371643,2.141894817352295,0.2376915067434311,-0.9049330353736877,2.140626907348633,0.8934966325759888,-1.2142490148544312,-0.2024308294057846,-0.6158915162086487,-0.3087310791015625

Slice 62
-0.6821541786193848,0.28734782338142395,0.6262511610984802,0.46068471670150757,0.23368524014949799,0.8377588987350464,-0.08944924175739288,-0.22375400364398956,0.11997728794813156,-0.9921187162399292,-0.44895800948143005,-0.5087519884109497,-0.5401304364204407,-0.02362382411956787,0.441461443901062,-0.2551761865615845,0.5867094993591309,1.217653512954712,-0.663162887096405,-0.8683063983917236,-0.3243950307369232
0.23626703023910522,-0.12448243796825409,0.3107113838195801,0.183918297290802,0.054816167801618576,0.4868595004081726,0.05614134669303894,-0.7415335774421692,-0.17424264550209045,-1.11199152469635,-0.01512107439339161,0.3281998932361603,-0.07419304549694061,-0.30186861753463745,0.16068969666957855,0.1217246949672699,0.035676583647727966,-0.7029096484184265,-0.09070992469787598,-0.01972399279475212,0.19104842841625214
1.933581829071045,-0.06477963179349899,-0.4392204284667969,-0.11510688066482544,-0.1721539944410324,0.48117348551750183,0.06632431596517563,0.32852697372436523,-0.8458547592163086,-0.4981428384780884,0.27372613549232483,-0.3603284955024719,2.2939624786376953,-0.47743022441864014,-1.8184692859649658,1.0778088569641113,-0.44574376940727234,0.5793774724006653,-0.12092019617557526,0.13100001215934753,0.12581701576709747
-0.745179295539856,0.2683599889278412,0.7739203572273254,0.40538549423217773,0.4407271146774292,1.3389194011688232,0.7757552862167358,0.008084408938884735,-0.010172974318265915,0.9083248972892761,0.3132764995098114,0.0707649514079094,0.9375240802764893,-0.052726924419403076,-1.122251272201538,-0.2994498610496521,0.3781459629535675,-0.0703519657254219,0.4717613458633423,-0.17968563735485077,0.03175261616706848
-0.7761374711990356,-0.014614855870604515,-0.9252548217773438,-0.7264308333396912,0.193775936961174,-0.10740364342927933,-0.37975090742111206,-0.8392097353935242,-1.0839526653289795,-0.7138014435768127,0.12617366015911102,-0.5104049444198608,-0.4453485608100891,-0.5303066372871399,0.05783509835600853,0.02362540364265442,-0.2258313000202179,-0.2624623775482178,0.06305788457393646,0.3087100684642792,-0.1283658891916275
-0.02069682627916336,-0.14975915849208832,0.34799402952194214,0.8144552111625671,0.626847505569458,-0.37836453318595886,-0.11292621493339539,0.917411208152771,0.3673495948314667,2.1860878467559814,0.22492428123950958,0.03756292909383774,0.4097300171852112,0.5136370658874512,-0.2352735698223114,-0.396553635597229,-0.14399278163909912,1.2115731239318848,0.1856972575187683,0.28911715745925903,0.06746390461921692
-0.10133600980043411,-0.03817206248641014,0.37105584144592285,0.2582071125507355,0.4059629738330841,-0.08786965161561966,-0.03730660676956177,0.08558528870344162,0.6629032492637634,1.0339401960372925,-0.02284991182386875,0.5474366545677185,-0.007053275126963854,0.3452085852622986,0.736002504825592,0.7688493728637695,0.23536044359207153,-0.32163098454475403,0.01870768703520298,-0.18209397792816162,-0.055921122431755066
0.25937601923942566,-0.09426663815975189,0.3746117949485779,0.08744585514068604,-1.5665621757507324,-0.065240278840065,-0.6412193775177002,0.0341903381049633,0.29304417967796326,-1.3758783340454102,0.10754518955945969,-0.11158666014671326,-0.577421247959137,-0.7227472066879272,0.6607906818389893,-0.07013562321662903,1.0055668354034424,-0.9386081695556641,-0.03011908195912838,-1.1523382663726807,-0.420734167098999
-0.281051367521286,0.23982587456703186,-0.6052405834197998,0.4899565875530243,-0.14576031267642975,-0.0715520903468132,0.013527038507163525,-0.576027512550354,-0.2256234586238861,1.5186036825180054,0.34593868255615234,0.1842714101076126,-0.02914370968937874,0.9988968372344971,0.7369624972343445,0.5854973793029785,-0.5706383585929871,0.419573575258255,-0.15313582122325897,-0.2532949447631836,-1.718109130859375
-0.2589496672153473,0.20620842278003693,-0.538020133972168,-0.5681411623954773,-0.5809835195541382,1.2872612476348877,-0.8305720090866089,0.6838989853858948,0.16478343307971954,-0.4822286069393158,-0.3059193193912506,-0.06291704624891281,-0.5273707509040833,-0.15971742570400238,-0.6426500678062439,-1.402091145515442,-0.09500060975551605,0.8376661539077759,0.35053694248199463,0.7857719659805298,-1.002307415008545
0.3399026095867157,-0.0067340596579015255,-0.26360756158828735,0.8485255837440491,0.2103278934955597,-0.06669848412275314,-0.18436431884765625,-0.5330324172973633,-0.28225332498550415,-0.04962438717484474,-0.028479237109422684,-0.046686697751283646,-0.6271798014640808,-0.14268909394741058,0.04568515717983246,-0.5799322724342346,-0.09207310527563095,-0.499155193567276,-0.21663863956928253,-0.36303359270095825,-0.536404550075531
0.9953944087028503,-0.17373140156269073,-0.3833141326904297,-0.8203725814819336,0.20566557347774506,-0.08856001496315002,0.08896588534116745,0.4479789733886719,0.7698408365249634,0.6004643440246582,0.21618232131004333,-0.3422579765319824,-0.30932775139808655,0.08235655725002289,-0.1660127490758896,0.3041180372238159,0.6910059452056885,-0.7600240111351013,-0.1624724566936493,-0.3212556838989258,0.16738051176071167
-0.6981657147407532,-0.0588347464799881,-0.07016705721616745,0.8171870708465576,0.9973883032798767,-0.8539981842041016,0.05508885160088539,1.389849066734314,0.24017216265201569,2.4950320720672607,0.2948923707008362,0.6576648950576782,-0.5434629321098328,-0.27567529678344727,-0.062016211450099945,-0.19702811539173126,-0.5616433024406433,1.9041136503219604,0.44220423698425293,2.021096706390381,-0.6212426424026489
-0.3125614523887634,-0.08619960397481918,-0.07231166213750839,0.18230482935905457,-0.39934325218200684,0.17616604268550873,0.3113785684108734,-0.11750734597444534,-0.0568990595638752,0.6514835953712463,-0.17775174975395203,0.1588379144668579,0.4557671546936035,1.2730774879455566,0.5748549103736877,0.22824697196483612,0.13587065041065216,-0.3584328889846802,0.2259085774421692,0.0642683207988739,0.08336039632558823
0.027386803179979324,-0.23874235153198242,0.630865216255188,0.45210903882980347,0.5605630874633789,-0.762713611125946,-0.19874171912670135,-0.04152321070432663,-0.03153499215841293,1.116042137145996,0.2984953224658966,0.7392488121986389,-0.08775026351213455,0.7363945841789246,-0.19389446079730988,-0.002462710253894329,-0.21521304547786713,-0.12162475287914276,-0.37878507375717163,-0.5386006236076355,-0.0066204131580889225
0.044529806822538376,0.4617744982242584,0.41871803998947144,-0.07399728149175644,-0.648205578327179,0.23490506410598755,0.14553727209568024,1.3764867782592773,0.43160539865493774,0.5904781222343445,-0.33511030673980713,-0.6142676472663879,-0.3285961449146271,-0.47540393471717834,-0.4450814723968506,-0.2426656037569046,0.04656241834163666,1.7923656702041626,-0.022498460486531258,0.19348984956741333,-1.1638466119766235
-1.0232013463974,-0.17331919074058533,0.23637400567531586,0.5134313702583313,0.46457794308662415,0.1909221112728119,0.14810700714588165,1.0432775020599365,-0.5862292051315308,0.34886234998703003,-0.17916980385780334,-0.41357123851776123,0.28908565640449524,-0.5107569098472595,0.023645156994462013,0.26007014513015747,0.5374787449836731,-0.6688066720962524,0.5068749785423279,0.1808764636516571,-1.5029288530349731
-0.17416037619113922,-0.08642689138650894,-0.7294216752052307,0.0764751061797142,-0.31711477041244507,-0.137216255068779,-0.44451817870140076,-0.20335659384727478,0.5632026195526123,-0.840331494808197,-0.19027157127857208,0.4012095034122467,0.7344610691070557,0.09271557629108429,0.4882853925228119,-0.019432855769991875,-0.12971535325050354,-0.5668118000030518,-0.16421833634376526,-0.6296630501747131,-0.7384454011917114
-0.8316391110420227,-0.05092183127999306,-0.16872525215148926,-0.5052087306976318,0.18014663457870483,-0.3170331120491028,0.10806314647197723,-0.9323452115058899,0.30882611870765686,-1.1457587480545044,0.01851395145058632,-0.030257640406489372,-0.03965812176465988,0.4459839165210724,0.352561354637146,0.016646163538098335,-0.17904603481292725,-1.2349108457565308,0.09616412222385406,1.1021894216537476,0.22366388142108917
-0.9088100790977478,0.10021953284740448,-0.7001917958259583,-1.0325016975402832,0.3296668231487274,-0.21801820397377014,-0.1800047606229782,-0.5075477361679077,-0.6368597149848938,-0.8775812983512878,0.1946619749069214,0.12832456827163696,0.5755220651626587,0.3125390112400055,-0.3311365246772766,-1.1714842319488525,0.14678627252578735,-0.4568592607975006,-0.03785475343465805,0.6539485454559326,0.49081239104270935
-1.4575080871582031,0.0077572292648255825,-0.25584763288497925,-1.2585901021957397,0.073227159678936,-1.3431050777435303,-0.5345754027366638,-1.771386981010437,0.6685760617256165,-2.5778512954711914,-0.3879603147506714,-0.04488139599561691,-0.33011701703071594,-0.19997021555900574,-0.9945970177650452,-1.171608805656433,-0.30303558707237244,-1.8641927242279053,-0.15733659267425537,-0.22249655425548553,5.517308235168457

Slice 63
-0.880986750125885,-0.5589662194252014,0.47223684191703796,-0.9053441882133484,2.1796340942382812,-1.2259217500686646,-1.9558537006378174,1.2317010164260864,0.16784167289733887,1.4228241443634033,0.48557090759277344,1.085588812828064,-0.7640682458877563,-0.46650245785713196,-0.6087521910667419,0.041946809738874435,0.8622894287109375,0.5925167202949524,0.34095755219459534,1.476307988166809,-0.4271419644355774
0.316018283367157,0.6817204356193542,-0.9263114333152771,0.057265542447566986,0.06929420679807663,0.2814703583717346,0.12581534683704376,0.2717941105365753,0.23748277127742767,0.5631281137466431,0.39320966601371765,0.21199218928813934,0.5322004556655884,0.5748241543769836,-0.29354798793792725,-0.10846429318189621,0.39930835366249084,0.5431994795799255,-0.016123175621032715,0.8853343725204468,1.307204008102417
1.25630521774292,0.3711806833744049,-1.629744291305542,-0.4744206368923187,-1.3051215410232544,0.49790215492248535,-0.6430403590202332,-1.090187430381775,0.7002250552177429,-2.83785080909729,-0.42763927578926086,0.5674363374710083,-0.3376384377479553,0.24923649430274963,-0.7762616872787476,0.29785093665122986,0.2724362909793854,0.7110928893089294,-0.18023331463336945,-0.06887952238321304,-1.1828811168670654
0.1556159108877182,0.08388137072324753,0.12450256943702698,1.1971403360366821,0.15300005674362183,-0.5850812792778015,-0.8267150521278381,-0.3716017007827759,-0.6466520428657532,-0.40062955021858215,-0.7530308365821838,0.14691859483718872,1.089528203010559,-0.12696562707424164,-0.6679379940032959,0.27972325682640076,0.041893601417541504,0.20294733345508575,-0.3747214078903198,-0.9131332635879517,-1.5339056253433228
0.24191594123840332,0.05851375311613083,0.07915353775024414,-1.03073251247406,-0.5270031094551086,-0.06649168580770493,0.9162833094596863,0.4703984260559082,0.40210166573524475,-0.4904935657978058,0.179398775100708,1.6719492673873901,-0.5965439677238464,-0.13910919427871704,-0.30128243565559387,-0.08751631528139114,-0.15666764974594116,-0.5980284810066223,0.016878996044397354,-1.4890128374099731,-0.07647521048784256
0.2028895616531372,-0.013282876461744308,0.25058192014694214,-0.18259404599666595,-0.0416017584502697,0.20671267807483673,-0.05914190411567688,-0.14470207691192627,0.7740029692649841,-0.8938690423965454,-0.2299642115831375,-0.11934827268123627,-0.458081990480423,-0.5182257294654846,0.8083184361457825,0.49909716844558716,-0.3039805293083191,-0.34744682908058167,-0.10570032149553299,-0.7598044276237488,0.38657432794570923
-0.046358413994312286,0.21372683346271515,-1.3255056142807007,0.02112787775695324,-0.04572699964046478,-0.49448734521865845,-0.06611298769712448,0.414212703704834,-0.9876660704612732,-1.4161490201950073,0.060273677110672,-0.7765121459960938,-0.10516897588968277,-0.6490061283111572,-0.29264500737190247,-0.4429030120372772,-0.07211527228355408,0.485099732875824,0.2607054114341736,0.10480310767889023,-0.8189241290092468
-0.3662453889846802,-0.07765842974185944,-1.3993970155715942,-0.1730617731809616,0.08651753515005112,0.39341530203819275,-0.02600930817425251,-1.2605412006378174,0.7349421381950378,0.13179251551628113,-0.34725266695022583,0.3213905990123749,-0.34600263833999634,0.7203505039215088,0.18143360316753387,0.3140469789505005,-0.2128184586763382,-0.33265870809555054,-0.06083386391401291,-0.39118465781211853,-0.10257438570261002
0.48581674695014954,0.10043133050203323,-0.07429087907075882,0.48060041666030884,0.12186777591705322,0.45028772950172424,-0.05377477779984474,0.8781192898750305,0.25836899876594543,0.30746373534202576,0.320417582988739,-0.8148783445358276,-0.12256751954555511,0.2822669446468353,-1.000657320022583,-0.6075003147125244,-1.3423187732696533,0.3136826753616333,-0.1869133561849594,-0.1671658456325531,-1.985658049583435
0.5480112433433533,-0.35316625237464905,1.6869316101074219,-0.7153910398483276,-0.8219545483589172,-0.3534979224205017,-0.2451067417860031,-0.8330746293067932,-0.5980703234672546,-0.476187139749527,0.502968966960907,-1.0359030961990356,-0.45064547657966614,-0.9308409094810486,-0.299297034740448,-0.3149259090423584,0.6558764576911926,0.4124194383621216,-0.19597837328910828,-0.846862256526947,-1.0360429286956787
-0.8381070494651794,0.0038944603875279427,0.16825878620147705,1.6241627931594849,-0.5736265778541565,1.4256256818771362,1.723201036453247,-0.028622517362236977,-0.1355499029159546,0.7091009020805359,0.6573073863983154,-0.45162633061408997,0.655643105506897,-0.40366342663764954,0.04942294582724571,0.0684899240732193,0.11582595109939575,0.696719765663147,0.5415624976158142,0.6205483078956604,0.24532434344291687
1.153184413909912,-0.08102291822433472,-0.3091621994972229,0.1431061178445816,0.19960780441761017,-0.03333510458469391,-0.32538047432899475,0.05145573616027832,-0.038387998938560486,-2.266209125518799,-0.3484903573989868,0.20710894465446472,0.7170530557632446,0.5073515772819519,0.9763031601905823,0.32031014561653137,0.18338988721370697,-0.12074301391839981,-0.3024364709854126,-0.09844347089529037,-1.4689652919769287
1.0047417879104614,0.12584815919399261,-0.014204300940036774,-1.0900108814239502,-0.1811058670282364,-0.22054992616176605,1.029913067817688,-0.014263175427913666,0.7916238307952881,-0.07215972244739532,-0.4314975142478943,-0.7282832264900208,0.8274337649345398,0.3390466570854187,-0.3337511718273163,-0.4347361624240875,-0.7078847289085388,-1.1010324954986572,0.1663728505373001,-0.10869244486093521,-0.981945812702179
0.1025596484541893,0.3059503734111786,1.2864104509353638,0.8667357563972473,-0.29837146401405334,-0.8781891465187073,-0.16882431507110596,0.03835959732532501,-0.6858041286468506,-0.23863640427589417,0.20423392951488495,-0.6156092882156372,-0.6756932735443115,0.9687777161598206,0.4344092011451721,-0.08904610574245453,-0.3833799660205841,0.0341014564037323,-0.48617005348205566,0.6149542927742004,-0.7208402156829834
-0.48431557416915894,-0.22119376063346863,-0.0948311984539032,-1.320029854774475,-0.07145462930202484,0.6215834617614746,0.348335325717926,-0.361681193113327,-1.3244158029556274,-0.4678330719470978,0.4951161742210388,-1.110959529876709,-0.3330124616622925,0.16644355654716492,0.5824972987174988,-0.08772380650043488,-0.6125852465629578,-1.3172695636749268,-0.003159478772431612,0.3030637800693512,-2.013596296310425
-1.9801815748214722,-0.05485553666949272,0.631984531879425,0.7804378271102905,1.4848518371582031,1.2729380130767822,-1.0064388513565063,-0.6725122332572937,1.0533844232559204,0.9684261083602905,-0.39698922634124756,1.4880620241165161,-0.1364307850599289,-0.196971133351326,1.676498293876648,0.5768913626670837,0.7024747133255005,-1.0249319076538086,0.023373322561383247,0.310760498046875,0.8640785813331604
-0.4447319209575653,-0.14466030895709991,0.496160626411438,0.4220973551273346,-0.9008564949035645,0.056001849472522736,-0.7036698460578918,-0.010750282555818558,1.1655012369155884,-0.04821537062525749,-0.6717635989189148,1.7919331789016724,0.5563094615936279,0.8014096617698669,1.1421784162521362,-0.060906074941158295,0.7367513179779053,-0.2878585159778595,0.06940893083810806,-1.0075796842575073,0.43961411714553833
-0.2120772898197174,0.06577131152153015,-0.33413442969322205,-0.369602233171463,-0.1434580236673355,-0.2229720801115036,-0.6168703436851501,-0.8380564451217651,0.08913178741931915,0.22115999460220337,0.2653263509273529,-0.10882764309644699,0.342528760433197,-0.7947171330451965,0.6051484942436218,0.6652116775512695,0.005955979693681002,-0.6801509857177734,0.7891457676887512,0.5283268690109253,-0.1338043063879013
1.3390849828720093,-0.30978187918663025,-1.1725713014602661,0.902759313583374,-0.5086202025413513,0.008151709102094173,-0.11545121669769287,1.170646071434021,0.5828211903572083,1.9870061874389648,0.2389996349811554,-0.46137773990631104,-0.25790834426879883,0.10732099413871765,-0.6498068571090698,-0.2413744479417801,0.06851956993341446,-0.3988490104675293,-0.21127790212631226,-0.00010710487549658865,1.0768969058990479
1.1495133638381958,-0.07931539416313171,0.707870602607727,0.0501549057662487,-0.5661911368370056,-0.860040545463562,0.2344961166381836,0.5154450535774231,-0.40747615694999695,0.7869341373443604,-0.2428637593984604,1.5415369272232056,-0.3765456974506378,-0.10357827693223953,-1.1798492670059204,0.16734063625335693,0.6565902233123779,1.0082310438156128,-0.2891979515552521,-0.6842885613441467,0.12958063185214996
-0.4454815089702606,-0.2984800934791565,0.4984210431575775,-0.45950204133987427,1.0779935121536255,0.12413056194782257,1.187811017036438,0.9263626933097839,-0.45668068528175354,-0.13959486782550812,0.5628499388694763,-1.6863123178482056,0.17771054804325104,-0.347245454788208,-0.7070006132125854,-0.8341646790504456,-1.1770647764205933,1.566033959388733,0.35917145013809204,1.837734341621399,3.421238660812378

Slice 64
-1.8468050956726074,-0.11799579113721848,1.2965385913848877,-1.7965452671051025,-1.0743759870529175,-1.1988234519958496,-0.3067680597305298,1.4108843803405762,0.9328080415725708,-0.35990220308303833,-0.4219938814640045,-0.6055430769920349,1.4062769412994385,-0.4440033733844757,2.1283388137817383,-1.0595221519470215,-0.5311047434806824,0.6719730496406555,-0.42571744322776794,-1.5798665285110474,0.34286579489707947
-0.05185697227716446,0.1732933223247528,-0.09612926095724106,-0.01892690919339657,0.2548222541809082,-0.18907921016216278,0.06862226128578186,-0.3249816298484802,-0.12426555156707764,-0.05994240194559097,-0.09304629266262054,0.5334232449531555,0.23175714910030365,-0.38824260234832764,0.0014719588216394186,0.04106413945555687,-0.24926666915416718,0.02467985637485981,0.05396731570363045,0.7365691661834717,0.20541952550411224
-0.37840786576271057,0.06575275957584381,1.7412523031234741,0.16643500328063965,-0.3487492501735687,-0.5316146016120911,-0.39375025033950806,-1.038246989250183,0.2745799124240875,-1.9516711235046387,-0.6143260598182678,0.22402556240558624,-0.7198363542556763,0.10694832354784012,0.4997558295726776,0.05780752748250961,0.9507712125778198,-0.5479445457458496,-0.10666937381029129,-0.19917267560958862,-0.17429488897323608
-0.5497207045555115,0.6734330058097839,-0.8540623188018799,-0.33815959095954895,-1.1954317092895508,1.4123713970184326,0.10513265430927277,-1.1212661266326904,2.6604366302490234,-2.0012619495391846,-0.9372391104698181,-0.18532972037792206,-0.30461549758911133,-0.13479942083358765,2.706798553466797,-0.6605766415596008,-0.3756614029407501,-1.5981264114379883,-0.36499765515327454,0.3565022349357605,-0.5234389305114746
-0.17765937745571136,-0.16648516058921814,-0.7828806638717651,-0.05503072217106819,0.6872073411941528,-0.07955286651849747,1.1446664333343506,-0.7808457016944885,-0.6053166389465332,1.6811408996582031,-0.025237327441573143,-0.3909633457660675,-1.1320061683654785,-0.08498615771532059,-1.303823709487915,-0.05669035390019417,0.0776413232088089,-0.03619496151804924,0.11861295998096466,1.41154146194458,-0.673310399055481
-0.3338339924812317,0.06926307827234268,0.8713719844818115,-1.3692785501480103,-0.08258764445781708,-0.07904814928770065,0.06833822280168533,-0.45654550194740295,0.04503828287124634,0.9170036315917969,-0.17522850632667542,-0.147158682346344,0.589443027973175,0.43295469880104065,0.5043968558311462,-0.15071208775043488,-0.15789996087551117,-0.45246434211730957,-0.21672481298446655,-0.312429279088974,0.13064351677894592
-0.5666565299034119,-0.08132407069206238,-0.2628871500492096,-0.10580326616764069,1.0021460056304932,0.27211299538612366,-0.13335295021533966,0.6986870169639587,-1.1955678462982178,2.9683258533477783,0.28143879771232605,0.6768113374710083,0.5333861112594604,-0.019061660394072533,-0.665530264377594,-0.2964026629924774,-0.12418226152658463,0.723692774772644,0.6050481200218201,0.9095004796981812,0.5538439750671387
-0.42891108989715576,0.16100268065929413,0.6843392848968506,0.8061370253562927,-0.05109522491693497,-0.4260667562484741,0.030579475685954094,1.5392788648605347,0.6860538721084595,0.08670974522829056,-0.0626351460814476,1.0535911321640015,-0.9317822456359863,0.661639392375946,-0.33771541714668274,-0.1871069073677063,0.0009950605453923345,0.5797722339630127,-0.09747285395860672,-0.21112066507339478,0.8444011211395264
0.27360472083091736,-0.42094483971595764,0.6367350816726685,1.9699040651321411,-0.1906713843345642,0.17769378423690796,-0.061684831976890564,0.7385342121124268,-1.0425093173980713,0.24100515246391296,1.2060390710830688,-0.2552359104156494,-1.3192329406738281,-0.5312321186065674,-1.4893724918365479,-0.07070082426071167,-0.4588438868522644,0.038268834352493286,0.2240864783525467,-0.3968672752380371,-0.19722577929496765
1.1924737691879272,0.4564512372016907,0.32616734504699707,0.24212110042572021,0.2281598001718521,0.7806116342544556,0.5942200422286987,0.5319951772689819,0.6919654011726379,1.4519760608673096,0.5455898642539978,1.3139898777008057,-0.3736366331577301,0.4829268157482147,-0.4239305853843689,0.512987494468689,0.8465167880058289,2.347191095352173,0.13065189123153687,-1.019946813583374,1.0867679119110107
-0.12557350099086761,-0.3835922181606293,-0.3999555706977844,-0.6197681427001953,0.5616751313209534,-0.19276991486549377,1.564712405204773,0.4781419634819031,1.1317987442016602,0.04793218895792961,-0.062403202056884766,-0.01453847624361515,-0.25498223304748535,-0.3235737979412079,0.6478208899497986,-0.31038904190063477,-0.2162371575832367,0.2791934907436371,0.1739991009235382,0.22342276573181152,-0.293142706155777
-0.877291202545166,-0.24306419491767883,-0.31542909145355225,0.56966233253479,1.1164095401763916,-0.14705079793930054,-0.29015079140663147,0.3568960726261139,0.17657485604286194,-1.2776293754577637,-0.23404322564601898,-0.4676116704940796,-0.41677799820899963,-0.2301207184791565,-1.2283326387405396,-0.8666816353797913,0.22645176947116852,-0.2128235548734665,0.2337193638086319,0.027700228616595268,-0.6418477892875671
-0.6317829489707947,0.035192590206861496,-1.190093994140625,0.5301026105880737,-0.06384430080652237,-0.19536836445331573,-0.8909598588943481,-0.806187629699707,-0.6544520854949951,-0.612580418586731,-0.11130253970623016,-0.5545315742492676,-0.21525229513645172,-0.7705773115158081,-0.37705206871032715,-0.30238133668899536,-0.06310909241437912,-0.477902352809906,-0.28750914335250854,0.3294226825237274,-0.026047969236969948
-0.5619392991065979,-1.019068717956543,-0.26273882389068604,-0.7659812569618225,-1.0503888130187988,0.021707652136683464,-0.6204052567481995,-1.2774287462234497,0.8508705496788025,0.36229848861694336,-0.2539824843406677,-0.552596390247345,0.4406917691230774,-0.9084843993186951,1.240861415863037,0.5901871919631958,-0.27575814723968506,-0.4101024568080902,-0.011649535968899727,-0.5293624401092529,-0.5006939172744751
0.9621951580047607,-0.2981945276260376,-0.9580661654472351,0.6474246382713318,0.7209572196006775,0.2502592206001282,-0.8009493947029114,0.7820319533348083,-2.210787296295166,-0.6967570185661316,0.15641577541828156,0.38843294978141785,-0.008594519458711147,-0.05872819945216179,0.1888369768857956,0.4195622205734253,0.542921781539917,-0.00039744266541674733,1.1018353700637817,-0.0011382887605577707,-0.6362334489822388
-0.49164021015167236,-0.23057296872138977,-0.7655985355377197,-1.3777488470077515,-1.1357485055923462,-0.6602222323417664,-0.6156184077262878,0.1686020791530609,0.3835620582103729,-1.197430968284607,0.4029129445552826,-0.36426615715026855,0.34429502487182617,0.41355466842651367,-0.4299008250236511,0.11975214630365372,-0.34220558404922485,-0.6704748868942261,-0.3609332740306854,-0.7994896173477173,0.019628023728728294
-1.0038948059082031,-0.12264107912778854,0.49793654680252075,-0.8860082030296326,0.46470507979393005,-0.33079004287719727,-0.10006042569875717,0.08633197844028473,-0.2731466591358185,-0.8889261484146118,0.06364703923463821,-0.09389851987361908,-0.684199333190918,0.2748524248600006,0.08995797485113144,-0.618491530418396,-0.5627583861351013,-0.29503634572029114,-0.01759376935660839,-0.9284010529518127,0.21778330206871033
-1.1852853298187256,0.061663318425416946,0.7275926470756531,-0.2782094180583954,-0.15076178312301636,-0.7731700539588928,-0.12659530341625214,0.40620309114456177,0.07794298976659775,-0.9958364367485046,0.5341015458106995,1.3982188701629639,-0.1998320370912552,1.579480767250061,0.9096293449401855,-0.10710269957780838,0.9102949500083923,-0.06437744945287704,-0.45223647356033325,-0.9472528696060181,0.9654882550239563
1.9065802097320557,0.13596810400485992,-0.6561118364334106,-0.6126971244812012,0.4442081153392792,0.1469087302684784,0.16374671459197998,-0.8972364068031311,-1.2367465496063232,-1.0460762977600098,-0.1906874179840088,0.41063982248306274,-0.6821578741073608,0.45548856258392334,-1.0719135999679565,0.16582104563713074,-0.032763395458459854,-0.28294503688812256,-0.4416249394416809,0.8078162670135498,-0.8303506374359131
-0.5890389084815979,-0.047974955290555954,-0.5555383563041687,-0.8363644480705261,0.558210551738739,0.29913875460624695,-0.2161363810300827,0.21481449902057648,-0.895226776599884,0.29218384623527527,-0.45232489705085754,-0.9219362139701843,-0.4938633143901825,0.2095649391412735,-0.9719480276107788,0.5096110701560974,-0.6502282619476318,-0.04616358503699303,-0.10018834471702576,1.5238717794418335,0.8631923794746399
1.0010313987731934,0.12357152998447418,1.0480231046676636,1.0053138732910156,0.552464485168457,0.6259033679962158,0.9824926853179932,-0.2804935872554779,1.244337797164917,-0.9970598816871643,-0.40224689245224,0.7061618566513062,1.0015861988067627,1.674935221672058,0.7597246170043945,1.07111656665802,0.4232363998889923,-0.5242825746536255,-0.24075567722320557,1.328115463256836,-0.6259313225746155
