64 10 65

Slice 1
1.3058459758758545,-1.301290512084961,0.9679200649261475,0.5223817229270935,0.1654449701309204,-0.7383245825767517,-1.9960983991622925,1.4907828569412231,-0.21105118095874786,0.3023008108139038,1.011589765548706,0.5313634276390076,0.7428929209709167,1.4933968782424927,-0.41258570551872253,-0.5342214703559875,-0.11333119124174118,0.9051035046577454,-1.884922981262207,0.6250603795051575,1.2451765537261963,-0.5682104229927063,-1.3806302547454834,0.7018770575523376,-2.6386539936065674,0.5152020454406738,-1.7613147497177124,0.5867565870285034,1.5921058654785156,-0.08362991362810135,0.5187258124351501,-0.32154807448387146,0.10715978592634201,1.5551247596740723,0.6846398711204529,1.1596146821975708,0.24782560765743256,0.11049781739711761,0.0452783927321434,-0.6718852519989014,-1.704565405845642,0.8969641923904419,-0.38115066289901733,0.14124411344528198,-1.2220673561096191,-1.8121014833450317,-1.4426453113555908,0.39665547013282776,-1.6733049154281616,0.8703179955482483,0.7075002193450928,-1.6314221620559692,-1.035611867904663,0.13825078308582306,0.21051369607448578,-1.296645998954773,-0.17878411710262299,0.3240593373775482,0.06335128843784332,1.7305136919021606,0.8975511789321899,0.141158789396286,-1.6500375270843506,0.8605346083641052,-0.39865872263908386
1.238470435142517,-1.0213048458099365,0.9277449250221252,0.9033290147781372,-0.13372182846069336,1.5620898008346558,-0.013174263760447502,-1.757446050643921,-0.006116504780948162,-0.8626073002815247,0.5448704361915588,1.12401282787323,-0.451008677482605,-0.5187336206436157,0.09852342307567596,0.31481364369392395,0.5112802386283875,1.1520863771438599,-0.22222842276096344,0.9183542728424072,0.2695090174674988,-0.15611177682876587,-0.5155264735221863,1.8800994157791138,0.3300033211708069,-0.5864059925079346,-0.6261307001113892,0.07423148304224014,-0.8810546398162842,0.7362387776374817,1.1674294471740723,0.14977657794952393,0.4626353681087494,-1.308450698852539,1.401509404182434,1.539900541305542,1.0166674852371216,1.0404703617095947,0.4550435543060303,-1.5329619646072388,-0.045210760086774826,0.12307610362768173,1.312748908996582,0.880387544631958,-0.6073457598686218,0.47551098465919495,0.7081176042556763,1.171531319618225,0.5933324098587036,1.6694096326828003,1.3912454843521118,-0.35126009583473206,0.5938697457313538,-0.11069285124540329,0.9568675756454468,-0.7019451856613159,-0.45869386196136475,1.4937942028045654,0.875190019607544,-0.05752865970134735,1.4234583377838135,-0.9737533926963806,-0.1335066556930542,0.5832831263542175,0.7290226221084595
1.0944515466690063,0.9450789093971252,-0.3435174524784088,0.9622650146484375,1.0611240863800049,0.6309714913368225,-0.8232672214508057,1.9088479280471802,-0.2736687660217285,-0.04441510885953903,2.189063787460327,0.5869370102882385,1.2303907871246338,-1.0597363710403442,0.5810233950614929,0.020063137635588646,-0.11269435286521912,-0.8092063069343567,0.36163780093193054,-1.017713189125061,0.7059376835823059,-0.946670651435852,-0.5332371592521667,0.3804890811443329,-0.413751482963562,-0.14893838763237,0.03240334242582321,-0.24574115872383118,0.4445052444934845,1.0113065242767334,1.794999122619629,-0.02168915793299675,1.2871898412704468,0.2999171018600464,-1.3270702362060547,-0.4363086223602295,1.3608295917510986,0.7869428396224976,-0.3607117235660553,0.9399288296699524,-0.9535515904426575,1.4765751361846924,-0.8761187195777893,-0.6661050915718079,-0.16958105564117432,-0.04789933189749718,-0.3410717844963074,-0.947966456413269,0.6566847562789917,0.8603842258453369,0.4989635944366455,0.6803886294364929,-0.9120972752571106,-1.244658350944519,0.22128263115882874,-0.013539742678403854,-1.5225707292556763,-0.17089198529720306,-0.8859220743179321,-2.656724691390991,-2.4997596740722656,-0.07334543764591217,0.7923800945281982,-0.9026198983192444,-0.4570923447608948
-0.36613699793815613,0.761881411075592,-0.9246729612350464,-0.4693201184272766,-0.8356457948684692,-1.3383424282073975,-0.15789814293384552,-1.1933726072311401,0.8504988551139832,0.8155618906021118,0.5605726838111877,-0.2044742852449417,-0.7772586941719055,-0.0677432268857956,0.3862115740776062,0.015181244350969791,-0.6375786662101746,-0.4283713400363922,0.9793204665184021,-0.22139842808246613,-1.5078554153442383,0.4177040457725525,-0.775374710559845,-0.8576712012290955,1.4583780765533447,-0.017649732530117035,-0.5247045159339905,-1.3020272254943848,0.2758462131023407,1.4143356084823608,0.6090962886810303,0.8771451115608215,-1.2009758949279785,-0.40105050802230835,-0.5139652490615845,-0.5735276341438293,-0.8801533579826355,-1.3690189123153687,1.8888150453567505,-0.8617396354675293,0.1651979684829712,0.4777024984359741,0.5355169177055359,-0.9667003750801086,-1.2540866136550903,-1.0299159288406372,-0.4527946412563324,-0.512428879737854,-0.17125684022903442,-0.45063796639442444,0.9902592301368713,-0.015725962817668915,0.19038140773773193,0.6168226003646851,0.7517628073692322,1.6916015148162842,-0.4179786741733551,-1.9410159587860107,2.0439701080322266,-0.5951651930809021,0.11852927505970001,-1.0628972053527832,-0.16065597534179688,-1.185953974723816,1.2407947778701782
-1.3727643489837646,2.0982604026794434,-0.7340975403785706,-1.3705106973648071,-0.05800052359700203,0.4720025956630707,-0.3749641478061676,1.8322088718414307,0.8325600624084473,1.0425620079040527,-1.1828346252441406,1.9012187719345093,-0.5908373594284058,0.16176104545593262,-0.10451727360486984,1.5125725269317627,-0.7569400072097778,-1.5944387912750244,-0.281389057636261,-0.32376545667648315,-1.559037685394287,0.45880043506622314,0.31799209117889404,0.7156134843826294,1.0025283098220825,1.0629650354385376,-0.7131313681602478,-0.5356665849685669,0.7283967137336731,0.05485999584197998,0.47398442029953003,-0.6976443529129028,0.12371965497732162,-0.5215831398963928,0.1908588856458664,1.0362842082977295,2.4501495361328125,0.887508749961853,-0.2969365119934082,0.5388611555099487,-0.5632508397102356,-0.4774087071418762,-0.36091840267181396,0.08474133908748627,-0.15604639053344727,0.9628206491470337,0.7215976119041443,0.8135100603103638,2.094853401184082,-0.6573659777641296,-0.016613664105534554,-0.12316698580980301,0.7482181787490845,-1.383424162864685,-0.4805501699447632,1.0368272066116333,1.5868481397628784,0.14315344393253326,-1.6146186590194702,0.367799311876297,-0.40121304988861084,-1.6414785385131836,-0.289497435092926,-1.3561701774597168,-1.5224156379699707
-0.4987008571624756,-0.4112212657928467,-1.2166273593902588,-0.6591654419898987,-2.341494560241699,0.21560229361057281,-0.7179633975028992,0.9599226713180542,-0.7084266543388367,0.4884566366672516,0.15169484913349152,-0.25990214943885803,-0.4638921618461609,0.7541509866714478,-1.4402226209640503,-1.0522985458374023,-1.9023648500442505,0.355582594871521,-0.03315667808055878,-1.393979787826538,0.7011934518814087,1.7643444538116455,0.818611741065979,0.8079583644866943,-0.45782119035720825,1.6739442348480225,0.5658302307128906,-1.7542459964752197,0.014218872413039207,0.8493480086326599,0.3012271821498871,2.6186444759368896,-1.9402228593826294,-0.3331892788410187,1.1496608257293701,-1.1530085802078247,0.2432745099067688,-0.5367867946624756,0.5675337314605713,-0.04613976553082466,0.16741622984409332,-0.9814252257347107,-2.6345722675323486,0.8874239325523376,-0.10783913731575012,-0.03483612835407257,-0.4687848687171936,-1.3137431144714355,0.276681125164032,-0.5219376683235168,-0.3947538435459137,-0.9887478947639465,-1.8582074642181396,0.056644365191459656,-1.476772665977478,-1.8881052732467651,-1.5281808376312256,0.3878028094768524,0.15043425559997559,-0.4709411859512329,-1.3414591550827026,0.26997318863868713,-0.40883904695510864,-0.18989448249340057,-1.2520596981048584
0.9394635558128357,-0.24153026938438416,-2.1956264972686768,0.5632361173629761,-1.17845618724823,-0.07128507643938065,-1.0683350563049316,-1.1161911487579346,1.5180598497390747,0.08216600120067596,-0.1695825755596161,-1.3878947496414185,-0.5486254096031189,-0.22816404700279236,-0.3442320227622986,-1.2058379650115967,-1.3091330528259277,-1.1792923212051392,0.5409454107284546,-0.6432244181632996,-0.026614142581820488,-1.0356615781784058,0.2559605538845062,0.8675732612609863,-1.482884407043457,2.4119107723236084,-0.04543162137269974,-0.14434118568897247,1.1567623615264893,2.3135955333709717,0.4288681745529175,0.6052323579788208,-0.34914371371269226,1.5335050821304321,0.1853478103876114,0.09174387156963348,-0.7995045185089111,-0.311872661113739,0.9648444652557373,-0.6129626035690308,0.6076412200927734,-0.8438335061073303,-0.36436450481414795,1.5119683742523193,1.0613555908203125,-0.9795558452606201,1.983595848083496,-0.1343022584915161,-1.3855606317520142,-0.10871994495391846,-0.22656582295894623,0.6692714095115662,0.13320955634117126,-0.4205240309238434,-0.09549441933631897,-0.4547002613544464,0.705960750579834,1.5003472566604614,0.1511772871017456,-0.9498687386512756,-0.928798258304596,-0.37136927247047424,1.0179044008255005,-1.2234257459640503,-0.7426716089248657
0.44189026951789856,0.026379115879535675,-0.4270249307155609,2.3103504180908203,-1.1247413158416748,1.1365686655044556,1.3914413452148438,0.8504019379615784,0.10868851840496063,0.025298984721302986,-1.5600906610488892,0.47493627667427063,-1.705302357673645,-0.04586602374911308,-1.6233484745025635,1.1083765029907227,1.8723742961883545,2.3458240032196045,0.06998884677886963,-1.2644444704055786,-1.4951577186584473,-0.37834930419921875,-0.6464056372642517,1.7191050052642822,-0.6031575798988342,0.3101371228694916,0.3748772144317627,-1.102297306060791,-0.01010590698570013,-2.3354709148406982,2.3535168170928955,-0.514022171497345,-0.8604255318641663,-0.7198043465614319,-0.43849557638168335,0.553618311882019,0.32172372937202454,-1.481488823890686,0.7067557573318481,-0.8064403533935547,-0.4947109520435333,-1.0640904903411865,-0.3470713496208191,1.616628885269165,1.1039371490478516,1.3531131744384766,0.06090870872139931,0.11590463668107986,1.0920870304107666,-0.7657964825630188,2.1341805458068848,0.8463399410247803,1.5505268573760986,1.1382782459259033,-0.5282391905784607,-0.2484390139579773,0.5190468430519104,1.1614285707473755,0.1429021805524826,0.24936246871948242,0.594314455986023,-3.124666690826416,0.21727468073368073,2.012333869934082,-0.6627026200294495
0.7899906039237976,1.7702531814575195,0.5356399416923523,-0.43047529458999634,-0.016548626124858856,1.3673652410507202,-1.009652018547058,1.1978867053985596,-1.4171874523162842,-0.9629138112068176,0.3968670964241028,-1.0439506769180298,-1.2430347204208374,-0.5956785082817078,0.21323087811470032,-0.7187936305999756,-0.6564028263092041,-0.7946809530258179,-2.0194177627563477,0.5207834839820862,1.1240835189819336,-2.2502894401550293,0.7026098966598511,0.49551162123680115,-0.4906838536262512,-0.2744145393371582,-0.306272953748703,-0.9844356775283813,0.9176062941551208,-1.0291200876235962,0.3885875344276428,-1.555543065071106,-1.1811821460723877,-0.032561831176280975,-1.5624642372131348,-0.9513338804244995,-1.1588795185089111,-1.4105637073516846,-0.2845291495323181,-1.9120938777923584,-0.8133283257484436,0.9894306659698486,0.6419681906700134,-0.16637279093265533,-0.4121117889881134,1.3303662538528442,0.5087380409240723,-0.9185501337051392,-0.2354871779680252,1.007573127746582,0.6470096707344055,0.7333844304084778,-0.6559908390045166,-0.562667727470398,0.48258477449417114,0.621572732925415,-0.06621861457824707,0.27760225534439087,0.23004144430160522,0.5854395627975464,0.1480409801006317,0.16166050732135773,-1.734102487564087,-1.089360237121582,0.49844422936439514
-0.9662526845932007,1.4384143352508545,0.654011607170105,-0.9131259322166443,0.6984503865242004,0.5453083515167236,0.9528670310974121,0.7137657999992371,-0.6048665046691895,1.4588919878005981,0.46968311071395874,-0.7016220092773438,-0.2878221273422241,-0.5173738598823547,0.1385957896709442,0.3472624719142914,-0.9743427634239197,-0.5442198514938354,1.717667818069458,-1.288940191268921,-0.8356032967567444,-0.7315592169761658,-1.062735676765442,0.20296847820281982,1.6801217794418335,-1.3902719020843506,-0.5564483404159546,0.9402210116386414,0.8202734589576721,1.8261549472808838,-1.5103991031646729,-1.6228382587432861,-1.2120517492294312,0.20107786357402802,-0.46392667293548584,-0.04521968960762024,0.35558122396469116,-0.49778109788894653,-0.8385439515113831,-1.166803002357483,-0.3302561938762665,-0.12547826766967773,-0.8858017325401306,-0.4746384620666504,-0.31185466051101685,0.04441278427839279,-0.7430614233016968,-0.881925106048584,0.4107000231742859,0.49425801634788513,-1.0985877513885498,1.89373779296875,1.7480345964431763,-1.6269688606262207,-0.9019271731376648,2.206199884414673,-0.7290518283843994,-0.2198447734117508,1.660387635231018,-0.6121398210525513,-0.09762583673000336,0.6991775035858154,0.7204939723014832,0.032610245048999786,0.3209162652492523

Slice 2
1.2274868488311768,-0.3617536127567291,-1.3307032585144043,1.1345148086547852,-0.28927886486053467,-1.106582522392273,1.451952576637268,0.7568729519844055,0.8253750801086426,0.6948515772819519,1.3061180114746094,-0.5712238550186157,-0.16635656356811523,0.050786808133125305,-0.1691044121980667,0.8714743256568909,-0.9875739216804504,-2.296412706375122,0.35679131746292114,0.772148609161377,-0.3111145496368408,1.4413596391677856,1.6133910417556763,0.3048331141471863,0.3259527385234833,-0.6231980919837952,-1.0439867973327637,-0.933692991733551,-0.8939581513404846,-0.21301525831222534,-1.2760889530181885,-1.5663001537322998,-1.0781229734420776,-1.0313574075698853,-0.5090239644050598,0.9516284465789795,-0.28077232837677,-1.3529293537139893,-0.3789860010147095,1.3954365253448486,1.0687615871429443,0.16920144855976105,1.5684685707092285,0.8770611882209778,-0.73476243019104,-1.1092095375061035,-0.5934287309646606,-0.8919969201087952,1.0846785306930542,0.11098739504814148,0.50840824842453,1.5955007076263428,-0.5661545395851135,0.9033552408218384,-1.75094735622406,-0.15214143693447113,0.7991611361503601,-1.2298309803009033,-0.45361366868019104,-0.16336914896965027,-0.5744821429252625,1.190085530281067,-1.031904697418213,0.02993612177670002,0.2530510723590851
0.5896005630493164,-0.12255146354436874,0.27800503373146057,-0.20349523425102234,0.1710260510444641,-1.1019392013549805,-0.4164719879627228,-0.9524927735328674,-0.00627864571288228,0.26586660742759705,-0.2881511151790619,-1.527937412261963,0.09077094495296478,0.7146438360214233,1.1408239603042603,0.9098426103591919,-0.013756678439676762,-1.128366231918335,0.5648325085639954,0.11667146533727646,0.46840372681617737,-0.11149849742650986,-0.05826207622885704,0.8365540504455566,0.04700595512986183,1.1073520183563232,-0.5105015635490417,-0.012763082049787045,-0.4551324248313904,0.29440510272979736,-0.5337607860565186,-0.3221662938594818,0.06639426201581955,0.0862857848405838,0.1753999888896942,-0.7123947143554688,-1.3830960988998413,-0.9191807508468628,-1.5177489519119263,-0.8544005751609802,0.30683451890945435,-0.8392238616943359,-2.0338189601898193,1.0399553775787354,-0.6933019161224365,-0.42574232816696167,-0.9030458331108093,-1.0796480178833008,0.6070080399513245,0.18671450018882751,-1.3524913787841797,-0.9091435074806213,-1.2521909475326538,0.623092532157898,-0.7813722491264343,0.2745782136917114,-1.4667654037475586,-0.6582852602005005,-0.1390887349843979,-0.38796505331993103,-0.742749035358429,-0.2963159382343292,-0.9032012224197388,0.8026829361915588,1.001818060874939
-0.89439857006073,0.36273106932640076,0.6294321417808533,1.5507419109344482,-0.6526700258255005,-1.0795947313308716,0.35678109526634216,1.8418766260147095,-0.5747237801551819,-0.10068968683481216,-0.5841869115829468,1.1460635662078857,2.423205852508545,0.37608611583709717,-0.6710448861122131,1.7168200016021729,-0.11011827737092972,0.5530915856361389,-0.4592931270599365,2.1300370693206787,-1.4064065217971802,0.7848754525184631,0.38021716475486755,-1.714391827583313,0.18147417902946472,-0.6416200995445251,0.8220503926277161,-1.565089225769043,0.6228905916213989,-0.4115883708000183,1.9778791666030884,1.1597646474838257,0.5538136959075928,0.07202078402042389,-0.15414486825466156,-0.839669942855835,-0.22496125102043152,2.1558964252471924,1.340942144393921,0.04589049890637398,-1.012501835823059,-0.4797883629798889,-0.059532105922698975,0.6091532111167908,1.4741158485412598,-0.5172915458679199,0.7988585829734802,-1.2801092863082886,0.9596385359764099,-0.19604450464248657,0.4233991503715515,0.08759148418903351,-0.00896932277828455,0.5662884712219238,0.42398715019226074,-0.2381734549999237,0.10680899024009705,0.37687352299690247,-0.6740067601203918,-1.0236685276031494,-0.41288211941719055,0.762261152267456,-0.5381906032562256,-1.2416445016860962,1.5499062538146973
-0.32791993021965027,0.6950302720069885,0.6193779110908508,0.16941140592098236,-0.042319998145103455,1.6921671628952026,-0.7905993461608887,-0.5095040798187256,-0.23019176721572876,-1.311417818069458,1.1371256113052368,0.3358871340751648,-0.23524126410484314,-0.6620911359786987,0.19307035207748413,1.1361795663833618,-1.0281985998153687,-0.34597301483154297,-1.3193382024765015,-1.0090231895446777,-0.5659588575363159,0.35340970754623413,-0.38664349913597107,0.6960180997848511,0.002038834150880575,-1.008305549621582,-1.1813677549362183,0.08882211148738861,-0.6991660594940186,0.5614562630653381,0.311203271150589,0.4483790397644043,1.291285753250122,0.5903480052947998,-0.716920018196106,-0.7954362034797668,-0.7380563020706177,-1.5901011228561401,-0.8152187466621399,0.26039043068885803,0.3725622296333313,0.6577505469322205,-2.0519001483917236,-0.27799123525619507,-0.04093880578875542,1.715922236442566,0.36449894309043884,0.4705781638622284,-2.351994752883911,-1.4410699605941772,-1.282619595527649,0.28235143423080444,0.05190468207001686,-0.9527282118797302,-0.2556856870651245,0.8015633225440979,0.2858635187149048,0.6960770487785339,-0.17153285443782806,-1.6823211908340454,-0.9124714732170105,0.39800477027893066,-0.7572156190872192,1.1298682689666748,-0.9564339518547058
-1.0339114665985107,1.1309781074523926,-0.7814878225326538,1.6229660511016846,-1.0274888277053833,0.08366449177265167,0.09617800265550613,-0.661252498626709,1.4822978973388672,-0.7536777257919312,0.8336079716682434,0.6742600202560425,-0.880734920501709,0.43274903297424316,-0.8169457912445068,0.12516914308071136,-0.8125507235527039,-1.063571572303772,-0.15130870044231415,0.5845134258270264,0.7459530830383301,0.9159483313560486,0.5321434736251831,-0.8936854004859924,0.26742851734161377,1.1146527528762817,-1.0767135620117188,-0.3725168704986572,1.179686188697815,-0.12548382580280304,0.37108221650123596,0.595874011516571,-1.6163116693496704,0.7988286018371582,0.7358152866363525,-0.04749366268515587,0.38793855905532837,-0.8101706504821777,0.537316620349884,0.19050154089927673,-0.568596363067627,1.557501196861267,0.5603962540626526,0.9476762413978577,-1.066290020942688,0.7671597599983215,0.572870671749115,-0.12172834575176239,0.4735393226146698,1.8440587520599365,-1.2051289081573486,0.81081622838974,1.5644108057022095,1.6184335947036743,0.014132414944469929,-0.39239490032196045,0.9454771876335144,-1.1402521133422852,-1.1039894819259644,-0.6142783761024475,-3.3543500900268555,-0.37597548961639404,-0.1387510597705841,-0.18089301884174347,-0.5665729641914368
0.854823648929596,-0.23621556162834167,-0.1784180998802185,-0.4050438404083252,0.5657130479812622,0.16512170433998108,1.1409075260162354,-1.8257267475128174,-0.9323097467422485,0.5608918070793152,-0.47816500067710876,-0.4800991117954254,-1.1392567157745361,-0.5148351192474365,-0.6061161756515503,-0.1495971530675888,0.3522430658340454,-1.2729785442352295,1.381284236907959,-1.7318557500839233,0.9736257195472717,0.21662256121635437,-2.2461965084075928,-0.35635361075401306,0.10323658585548401,1.015531063079834,0.5621833801269531,1.0305960178375244,2.3365538120269775,-0.8200292587280273,0.9352209568023682,-0.41313543915748596,-0.28031280636787415,1.657975196838379,0.9521036148071289,-1.4029853343963623,-1.1407755613327026,0.6526933908462524,-1.780709981918335,-0.14940641820430756,-1.8011260032653809,1.1576428413391113,-0.06495394557714462,-0.2706480026245117,-0.36115866899490356,-0.057484060525894165,0.04335874319076538,0.6253421306610107,-1.0985913276672363,0.7063770294189453,-0.860214352607727,-0.631829023361206,1.5014609098434448,2.049757480621338,0.5709553956985474,0.8321412205696106,1.566026210784912,0.6102504730224609,1.3790302276611328,1.3694368600845337,0.6232311725616455,-0.5321575999259949,0.8270977139472961,-0.8346102833747864,1.2981425523757935
-0.47941944003105164,0.6879432797431946,0.19361895322799683,0.31720662117004395,-0.5489568710327148,-1.497072458267212,-2.6455836296081543,-0.28324705362319946,2.5218350887298584,-0.1983187049627304,-1.7766432762145996,-0.9474419355392456,0.19446517527103424,-1.9136210680007935,0.36563530564308167,0.3846031129360199,-0.40751656889915466,1.2466531991958618,0.09031819552183151,0.2784619927406311,-1.3869948387145996,-1.6643778085708618,-1.6981189250946045,0.6783866286277771,0.5244969129562378,-0.8961821794509888,-0.20960327982902527,-0.38189518451690674,-1.2643356323242188,-0.12085353583097458,-2.263368844985962,-0.3366231620311737,1.4137961864471436,-1.666689395904541,-0.3395622968673706,0.7038626670837402,-0.6602004766464233,-0.007031202781945467,1.122813105583191,0.2917661666870117,0.5574526190757751,0.6055871248245239,0.3747251331806183,-0.7866172790527344,0.8096674084663391,-1.2749781608581543,-0.29894188046455383,0.4647029936313629,0.6661005616188049,-0.7919777035713196,0.6478533148765564,-0.24805989861488342,-0.7689062356948853,0.08438172936439514,1.2000318765640259,1.1340056657791138,0.4474370777606964,1.6214196681976318,0.3459502160549164,-1.5254520177841187,-0.24582254886627197,-0.0886034294962883,-0.07309763133525848,0.20540949702262878,-1.3184510469436646
0.4702127277851105,2.1291160583496094,3.003816604614258,-0.30714648962020874,-0.09858675301074982,-0.3429415225982666,0.45089471340179443,-0.056985169649124146,0.24070599675178528,-1.6391552686691284,-0.46749943494796753,-0.5608712434768677,0.24666728079319,-0.26324084401130676,-0.7059274911880493,0.07400018721818924,2.093425989151001,-0.6127036809921265,-1.6689679622650146,0.24211625754833221,1.5035861730575562,0.10273623466491699,-1.23036527633667,0.5667170286178589,-1.418501377105713,0.3198460340499878,-0.5684680342674255,-1.0851688385009766,-0.3969559669494629,1.3128330707550049,-0.33280062675476074,-0.07385046035051346,-0.05789506435394287,-0.29991936683654785,-1.4993005990982056,0.34301477670669556,1.2291818857192993,-0.9640924334526062,0.6171314120292664,0.3518752157688141,-0.44307732582092285,0.7184514403343201,0.8712819218635559,1.680751085281372,-0.32581737637519836,-1.4543753862380981,0.3007800877094269,-1.178451657295227,-0.7906210422515869,0.30409377813339233,-0.059007566422224045,0.35096922516822815,-0.6601718068122864,-0.61341792345047,-0.7076429128646851,-2.1980061531066895,-0.33895471692085266,-1.1997754573822021,-1.512253761291504,0.834884524345398,-0.8548319935798645,-0.5231102705001831,2.0869386196136475,-0.5980980396270752,-0.25379762053489685
1.1770466566085815,-0.26796483993530273,0.4482600688934326,1.2342979907989502,1.281599998474121,0.4847507178783417,0.8801639080047607,-2.3774218559265137,-0.9287487268447876,0.3021511137485504,1.8752436637878418,1.0007656812667847,0.37643977999687195,0.9679528474807739,1.649090051651001,-0.7428929209709167,-0.6739437580108643,-0.2729264199733734,-1.3652600049972534,0.5866869688034058,0.9727219939231873,-1.1975288391113281,-0.537992537021637,0.3179432153701782,1.813668131828308,1.8715509176254272,-0.6364039182662964,-1.0377066135406494,-0.3368392586708069,1.752367615699768,0.28789207339286804,-0.5677900314331055,1.5774961709976196,-0.014768488705158234,2.693760395050049,0.9992138147354126,-0.5823831558227539,-1.3955196142196655,0.9692728519439697,-1.0040518045425415,-0.38111719489097595,-0.9430200457572937,0.6355324983596802,1.772376537322998,0.8624267578125,0.24539713561534882,0.9103844165802002,0.432330846786499,0.15310966968536377,-0.3909792900085449,-0.3879668414592743,0.5439366102218628,0.00036375626223161817,-0.5385128259658813,0.032548416405916214,0.638534665107727,0.4991878569126129,-0.6175509691238403,-1.2574067115783691,-1.119977355003357,-1.5860224962234497,-1.5124611854553223,0.04951802268624306,1.2113927602767944,0.39690226316452026
1.1822929382324219,-0.42750489711761475,-1.6796348094940186,0.7900891304016113,-1.2191112041473389,1.1639395952224731,0.2541019022464752,-0.4755513072013855,-0.5583665370941162,-0.4884164333343506,-0.928475558757782,1.872245192527771,-1.3394150733947754,-1.3377671241760254,0.9655652046203613,-0.21158796548843384,0.31061407923698425,0.2858353555202484,0.21999318897724152,-0.16283263266086578,-1.1416834592819214,-0.13090190291404724,0.2537096440792084,0.9091957211494446,-1.2858859300613403,-0.7277845144271851,-1.2849199771881104,1.135656714439392,-0.16825592517852783,-2.2227206230163574,1.0450880527496338,-2.0420258045196533,-1.3113296031951904,0.360054075717926,-0.09947161376476288,0.04960121214389801,-1.175948143005371,0.212556853890419,-0.3031865656375885,-0.9571683406829834,0.17537418007850647,-1.2055208683013916,0.9758936166763306,0.259350448846817,-1.134123682975769,0.445293128490448,1.0885448455810547,0.43880534172058105,-0.29645541310310364,0.5973260402679443,-1.2563185691833496,0.9996386170387268,0.3676204979419708,-0.12740673124790192,-0.5177583694458008,0.9356354475021362,0.6870710849761963,-0.2937223017215729,1.0740973949432373,0.4990806579589844,-0.7704139947891235,0.7850479483604431,0.14762352406978607,0.6236968636512756,-0.25730401277542114

Slice 3
0.11773473024368286,0.9775399565696716,1.174113154411316,2.2793731689453125,0.9409165382385254,0.49750426411628723,0.66668301820755,0.10707835853099823,0.17006884515285492,0.6405190229415894,0.06423966586589813,0.654329776763916,0.1797861009836197,-0.7684265971183777,-0.41038447618484497,0.9352198243141174,0.6596834063529968,0.9152326583862305,0.6144726872444153,-0.10698018223047256,0.12941871583461761,-0.26894521713256836,-0.45682859420776367,-1.1720848083496094,-1.732208490371704,0.11758212745189667,-1.157057285308838,-0.5660110712051392,0.009001508355140686,-1.165364384651184,-0.026660826057195663,0.04494670778512955,-0.398380845785141,-0.8003758192062378,-1.5731995105743408,-0.5395259857177734,1.944772481918335,-0.5512939691543579,0.47210320830345154,0.21737486124038696,0.6598296761512756,-0.28653281927108765,0.45098668336868286,1.2495832443237305,0.46046555042266846,-1.226382851600647,-0.5671483278274536,0.38466426730155945,1.780683994293213,0.17907166481018066,-0.9036800861358643,-1.7305761575698853,-0.018198076635599136,-0.12590841948986053,-0.25852105021476746,-1.068345308303833,-0.8235959410667419,0.40708407759666443,-0.9379833936691284,0.730012059211731,-1.9342161417007446,-1.202021598815918,-0.05707493796944618,-0.13158616423606873,0.5146850943565369
-0.24723497033119202,0.08871322125196457,-0.16406752169132233,1.298525094985962,0.008189228363335133,-1.4511032104492188,-1.0629205703735352,-0.5749886631965637,-0.031562741845846176,-0.8304653167724609,-0.5328408479690552,0.8248385190963745,0.08119066804647446,-0.8537622094154358,-1.1381993293762207,1.452950119972229,1.3049910068511963,-1.5486937761306763,1.297795295715332,-0.2897409200668335,-0.07266875356435776,1.5558207035064697,-0.8265281319618225,-1.574896216392517,1.1318252086639404,0.6196935176849365,-1.031356930732727,0.27406758069992065,0.6746262311935425,-0.0480935163795948,0.3107118606567383,-0.11121049523353577,1.8710650205612183,-0.969426691532135,0.05536137893795967,0.5538392663002014,0.1355866640806198,0.266559898853302,0.21794208884239197,1.1890437602996826,-1.4293428659439087,1.1268128156661987,-1.595471978187561,1.5584295988082886,-1.3151252269744873,-0.21529603004455566,-0.5120475888252258,0.21635934710502625,0.23642368614673615,0.3910582363605499,-0.25930261611938477,0.19387377798557281,1.7567293643951416,-0.05384824424982071,-0.4642539918422699,1.036094069480896,0.7112441062927246,0.20004437863826752,1.1342613697052002,0.731919527053833,0.8426216244697571,1.8401826620101929,0.6904924511909485,-0.647299587726593,-0.48287180066108704
0.05246732011437416,0.35320401191711426,1.2464327812194824,0.7772164940834045,-0.32187923789024353,0.27504679560661316,0.6653973460197449,0.8841871619224548,-0.21887922286987305,0.14431606233119965,-0.47765687108039856,-0.7418263554573059,-0.34262213110923767,0.31373339891433716,-0.8023287057876587,0.4593057930469513,-1.5081907510757446,1.0951493978500366,-0.1955440640449524,0.27113962173461914,0.4741806387901306,-0.19118808209896088,0.9876376986503601,-0.03042093850672245,0.1306672841310501,-0.0027306140400469303,0.1818680316209793,0.5819395780563354,-0.7742522954940796,-0.4171387553215027,-0.6508788466453552,-1.1789792776107788,-1.073523759841919,-1.2899888753890991,-0.6528872847557068,-1.257514238357544,-0.6903136968612671,1.3735079765319824,-1.501051425933838,-1.0219428539276123,0.15356338024139404,-0.6141054034233093,2.8468992710113525,0.010991276241838932,-1.5079987049102783,-1.1100889444351196,0.9333012104034424,-0.13460396230220795,0.422682523727417,0.5004391670227051,-0.5940565466880798,-0.7488489747047424,1.3555262088775635,0.41497233510017395,0.4416675567626953,0.6536116003990173,0.48729267716407776,-0.21682597696781158,-0.019655218347907066,0.09774845838546753,-0.2559548616409302,-0.06310151517391205,1.8791639804840088,-0.5508111119270325,-0.8311188220977783
0.2724764347076416,1.8905993700027466,1.5428767204284668,-0.7119791507720947,0.31863874197006226,0.29424265027046204,-0.17777308821678162,-0.37961432337760925,0.3819326162338257,1.1933521032333374,-0.21910923719406128,0.5771282911300659,0.5486679673194885,0.8868304491043091,-0.36407238245010376,-1.1727283000946045,-0.5603429675102234,-0.7492256760597229,-0.5947950482368469,-0.6567720174789429,-1.210126519203186,-0.16156373918056488,1.0474315881729126,-0.1026981920003891,-0.7922101020812988,0.2819036841392517,-0.3101365268230438,2.335695743560791,1.2628350257873535,-0.4977200925350189,-0.23779769241809845,0.48341283202171326,-0.7278626561164856,0.26624107360839844,1.5236477851867676,0.005393705330789089,-0.3450511395931244,-0.6682015657424927,-0.8929163813591003,-0.7065275311470032,-0.18340177834033966,0.0660475417971611,-0.1468549370765686,-0.07459750026464462,-0.9993287920951843,-0.023843681439757347,1.2940651178359985,-1.0077953338623047,-0.33051368594169617,0.7905829548835754,-1.7044401168823242,-1.24373459815979,-1.6411186456680298,-0.1260247677564621,1.1188971996307373,1.1626590490341187,-0.4885193407535553,0.114874467253685,1.2518253326416016,0.27717602252960205,1.4748940467834473,0.9160169959068298,1.3736008405685425,0.331918865442276,-0.17486707866191864
-1.462633490562439,-0.2934057116508484,0.546099841594696,1.0235121250152588,-0.33836811780929565,-1.1961138248443604,0.83627849817276,0.10934155434370041,0.19205033779144287,0.6893568634986877,0.8893164396286011,-0.27917730808258057,-0.323782354593277,-0.24729053676128387,0.9495210647583008,1.4888719320297241,1.5414601564407349,-1.8821558952331543,-0.9341323971748352,0.051302190870046616,-0.45607152581214905,1.2063666582107544,0.337148517370224,-0.18142879009246826,1.0687501430511475,-1.4992116689682007,-0.7340543866157532,-0.7505918145179749,0.7269452214241028,-0.26742613315582275,0.42008447647094727,0.38110965490341187,1.0187861919403076,0.08547801524400711,0.05943553149700165,0.6370687484741211,-0.5328545570373535,0.08578788489103317,-1.3313959836959839,1.4508601427078247,0.7868372797966003,0.8526539206504822,-0.4137900769710541,1.7019304037094116,-1.6549136638641357,-0.37211859226226807,-1.1307326555252075,-0.1037694439291954,1.0166658163070679,-0.9810389876365662,-1.1446781158447266,0.44762375950813293,1.0975704193115234,0.5781682133674622,-1.618700623512268,-0.11288817971944809,-0.9383622407913208,-1.1519378423690796,0.01970725506544113,-1.4429880380630493,0.2070806920528412,0.5790546536445618,-0.5616196990013123,-1.895979642868042,-1.3332836627960205
0.7754532098770142,2.3009204864501953,-0.17272621393203735,-1.2045029401779175,2.618218183517456,0.8779007196426392,-0.6577170491218567,3.1327462196350098,0.3088844120502472,1.7665427923202515,-1.210921049118042,1.447066068649292,1.0021326541900635,-1.3581792116165161,-0.28340381383895874,-0.34374237060546875,1.2313226461410522,-0.0465121865272522,0.7799692749977112,-0.07599668204784393,-0.21855460107326508,0.909100353717804,0.7148227691650391,1.5988099575042725,0.9671186208724976,-0.28018489480018616,2.008903741836548,1.673181176185608,-0.26236018538475037,0.45239466428756714,-0.2853361666202545,-0.31927475333213806,1.0715086460113525,-1.0380343198776245,0.7647128701210022,0.6302512288093567,1.1448721885681152,-0.2527058720588684,0.6465474963188171,0.7961453199386597,1.6383329629898071,1.5410927534103394,0.5823872685432434,0.2115909904241562,1.4527305364608765,0.0630403384566307,2.514909267425537,0.41232797503471375,-1.1884628534317017,1.4117292165756226,0.3100326657295227,0.06897598505020142,-0.273175448179245,1.2738457918167114,-1.747734546661377,-0.6136242747306824,0.7075059413909912,1.285250186920166,-0.5566314458847046,0.5594311356544495,-0.2206161469221115,0.5731379985809326,-0.37205496430397034,0.47154155373573303,2.142134428024292
0.5090055465698242,-1.299716591835022,0.08942651003599167,-0.953152596950531,1.1096916198730469,1.4112459421157837,-0.7175782322883606,-1.8159246444702148,0.7662962675094604,-1.4957988262176514,-1.229934811592102,0.7035253047943115,0.11240044236183167,0.5093373656272888,-0.1760186403989792,0.2340952306985855,-0.5010138154029846,1.0592806339263916,-0.09203736484050751,-1.8190009593963623,1.2507598400115967,-0.42360997200012207,0.8954716324806213,-0.06256243586540222,-1.1146289110183716,1.5236307382583618,-0.10223875194787979,2.107588768005371,-1.547938585281372,0.27558356523513794,-0.0702860876917839,0.06674917787313461,-1.482236385345459,-0.9177907705307007,0.1821385622024536,-1.303913950920105,-0.49564141035079956,-2.0670456886291504,0.3780503273010254,0.10954121500253677,-0.2175079882144928,-0.09808942675590515,-0.847113847732544,-0.912464439868927,0.9965240359306335,-0.44296684861183167,0.9243698716163635,0.6969377398490906,-1.025144100189209,-0.1028016060590744,0.9083623290061951,-0.7142364382743835,1.3075898885726929,1.574464201927185,0.4089318513870239,1.029832363128662,-1.557470440864563,1.890457272529602,-1.4563013315200806,-0.5097054839134216,-0.08225584030151367,0.44532474875450134,0.5604143142700195,2.4205920696258545,1.9416608810424805
0.9861586689949036,0.20456959307193756,-0.8495292663574219,-0.02315995842218399,-0.6343702673912048,-1.757265567779541,0.3902603089809418,1.1770721673965454,-1.044901728630066,-0.21309110522270203,-0.18094484508037567,0.08781341463327408,0.30792170763015747,-1.6143742799758911,0.23224982619285583,0.21952903270721436,-0.7507908940315247,-1.0742307901382446,-0.07125695794820786,1.1425089836120605,0.03814065083861351,-0.9249072670936584,-0.8153005242347717,0.2986694574356079,0.09549189358949661,0.5111666917800903,0.8167553544044495,-0.13532212376594543,-0.4751504957675934,0.7370039820671082,0.8733173608779907,-0.07850352674722672,0.5428411960601807,0.246530219912529,0.10955096781253815,-0.04701904579997063,0.950843334197998,-0.40926504135131836,0.2858636677265167,-0.62000972032547,0.6510383486747742,-1.812542200088501,-1.1237094402313232,0.2189013808965683,0.6122304201126099,0.7515433430671692,1.0692474842071533,-0.11249272525310516,-0.40520554780960083,-0.3307448625564575,1.5352474451065063,0.9918326139450073,0.4764381945133209,1.0777913331985474,0.5596376657485962,-0.9734852313995361,0.8041079044342041,0.8002178072929382,0.5532806515693665,1.428726315498352,-1.1956586837768555,-0.8218941688537598,-1.0824331045150757,0.5917882919311523,0.4259023368358612
0.13574856519699097,0.09865465760231018,-0.9031294584274292,-1.0953083038330078,0.3924461305141449,-1.310810923576355,1.6884478330612183,0.35939115285873413,0.39443153142929077,-1.3207844495773315,1.4665011167526245,1.391182780265808,-1.6485586166381836,0.5924272537231445,1.0751608610153198,-0.38885873556137085,-0.6933282613754272,-1.1041184663772583,0.6312097907066345,1.6847453117370605,-0.5073095560073853,-1.3962671756744385,1.1802937984466553,-1.6952701807022095,-0.001016204128973186,0.06856086105108261,-1.2951560020446777,1.037453055381775,-0.3270241320133209,-1.176643967628479,-0.8072126507759094,-1.1537384986877441,-0.20214150846004486,0.6870980262756348,-1.1026058197021484,-0.3416222929954529,-1.2901233434677124,1.0247970819473267,-0.2205704301595688,-1.8266223669052124,-1.7404247522354126,-0.999889075756073,0.5211583375930786,-0.05278768017888069,-0.09819276630878448,-1.4855235815048218,0.1445394903421402,-2.0894854068756104,-0.9579063653945923,-1.280006766319275,-1.150333046913147,0.2737160921096802,0.29788675904273987,-1.4326140880584717,0.31918880343437195,0.728983998298645,0.8524500131607056,-0.9291885495185852,-1.418619990348816,-0.6354836821556091,-0.2002732753753662,-0.4902612268924713,1.790027379989624,0.7965474128723145,-0.26624420285224915
1.3778083324432373,0.2900739014148712,-0.626043975353241,-1.1592557430267334,1.0241680145263672,1.0649391412734985,-0.6901454329490662,0.5079284906387329,-1.2333149909973145,-0.5698397755622864,0.41225793957710266,-0.046825312077999115,0.3984939754009247,0.11317192763090134,-0.47185218334198,-2.0073442459106445,-1.1665139198303223,0.7550785541534424,-1.1933737993240356,-0.7072655558586121,-1.622523307800293,-0.5933900475502014,-0.22317129373550415,0.8463354110717773,0.95893394947052,-0.45473185181617737,0.24460169672966003,0.8071420788764954,-0.35298025608062744,-0.9476277828216553,-1.961303949356079,-0.7656573057174683,-0.5422563552856445,-0.6207285523414612,0.5387710928916931,-2.116621494293213,-0.2502874433994293,-0.6254474520683289,-1.5239554643630981,-0.3501911461353302,-1.4975383281707764,-1.0992441177368164,0.7939040660858154,-0.030028218403458595,-0.9304317831993103,-0.21913860738277435,-0.02581794373691082,0.25374335050582886,1.028374195098877,-0.6660548448562622,-0.7742566466331482,-0.7101911902427673,-0.6317830085754395,-0.48110896348953247,-1.1007094383239746,0.9914806485176086,-0.4679328203201294,0.5796926617622375,-0.4559785723686218,1.3075475692749023,-0.437370240688324,1.3968920707702637,0.3130663335323334,-1.0533876419067383,-0.22261673212051392

Slice 4
0.4367656111717224,0.4914250373840332,0.7763034701347351,1.0672500133514404,0.8729389309883118,-0.05247398838400841,-1.844978928565979,1.53911292552948,-0.29363930225372314,-0.2578202486038208,0.4115830957889557,1.5613330602645874,0.4898010790348053,-1.1104438304901123,0.4175112843513489,-1.4690067768096924,0.6744080781936646,0.7906547784805298,-0.6763688921928406,0.904114842414856,0.07540251314640045,0.6996780037879944,1.0117206573486328,0.9931750297546387,1.547998070716858,-1.701127052307129,-0.9313965439796448,-1.5184237957000732,0.5830354690551758,0.0855000838637352,-2.201212167739868,0.5478044748306274,0.3693348169326782,0.8862116932868958,1.6749787330627441,-0.9813445210456848,2.2774674892425537,-1.8890652656555176,-1.1488555669784546,-1.6338222026824951,-1.4845638275146484,0.15159669518470764,-0.5155303478240967,0.759747326374054,-0.8847647309303284,0.5008691549301147,-0.7263999581336975,-0.8249514698982239,0.05344805866479874,1.4526381492614746,-0.04131155088543892,-0.1997777372598648,-0.21057355403900146,0.7572618722915649,0.4852459728717804,1.0154931545257568,-1.2668689489364624,0.413222998380661,1.1285172700881958,-0.8600639700889587,-0.5606769323348999,1.9364280700683594,-1.024175763130188,-0.27921223640441895,1.3186262845993042
0.9764218926429749,-1.415903091430664,-0.2873991131782532,1.4946082830429077,-0.6453679203987122,1.4583817720413208,-2.0299293994903564,-1.1237066984176636,-1.4235544204711914,-0.7900457978248596,-1.308984637260437,1.566077709197998,0.4025246500968933,-0.8494911193847656,0.31096017360687256,0.7810555696487427,-1.7200337648391724,1.5564196109771729,0.32971328496932983,1.3493249416351318,-0.9985635280609131,-0.3143908977508545,-0.14480815827846527,-0.6797292828559875,0.39956220984458923,-0.32630404829978943,-1.0087064504623413,0.5159935355186462,-1.2187212705612183,-1.4157248735427856,0.7300296425819397,1.7670629024505615,-2.088343858718872,0.9208243489265442,0.9582806825637817,-0.6870050430297852,0.342806875705719,-0.25046682357788086,1.0904827117919922,0.42207756638526917,-0.04200892150402069,-1.2744135856628418,-0.933730959892273,0.7472965717315674,-2.0505785942077637,0.6970145106315613,0.6786279082298279,-1.2609397172927856,2.68214750289917,-0.9342512488365173,0.2123173326253891,0.17977438867092133,-1.3602021932601929,-0.5808708667755127,0.6216195225715637,0.7961694002151489,0.7671552896499634,0.5354415774345398,0.07312880456447601,-1.8674572706222534,-0.6553215980529785,0.06075871363282204,1.5499311685562134,-0.4759926199913025,-0.940578043460846
0.4907064437866211,-0.0016125327674672008,0.891390323638916,0.37217968702316284,1.8049260377883911,1.5125588178634644,-0.002493166131898761,0.6622607707977295,0.0042021749541163445,-0.9731229543685913,1.2891350984573364,1.7720282077789307,-0.40231627225875854,0.5645855069160461,1.440021276473999,-0.5811171531677246,0.6698504090309143,-0.24010030925273895,0.40782517194747925,0.9254695773124695,-1.688300371170044,-0.25559791922569275,-0.4522061347961426,1.0354390144348145,1.723428726196289,0.10132355242967606,1.4182335138320923,-0.3844069838523865,-0.49388399720191956,-0.3210180103778839,-0.3993937075138092,0.1645737886428833,0.39351311326026917,-1.1086997985839844,0.9146946668624878,-0.14472812414169312,1.4168330430984497,0.1565001904964447,0.22552426159381866,-0.9524965286254883,-0.014685142785310745,1.7518682479858398,-0.4131476879119873,1.8587324619293213,0.47651833295822144,-0.6511830687522888,-0.22729328274726868,1.1291332244873047,0.5906301140785217,1.3750839233398438,0.42086294293403625,1.118536353111267,0.6403342485427856,0.7616356015205383,0.39016085863113403,1.10529363155365,0.2130589336156845,-1.6688860654830933,1.5873689651489258,-0.7886343002319336,0.8064891695976257,0.5897040963172913,-0.9111368060112,-0.13457147777080536,-1.3272267580032349
-0.17024661600589752,0.7995836734771729,-0.4600432515144348,0.08698136359453201,1.1489320993423462,0.3817218840122223,-0.4475431442260742,0.7578532099723816,1.2221561670303345,-0.22823764383792877,-0.8825719952583313,0.1908010095357895,-0.6139893531799316,0.5942838788032532,0.883655309677124,1.7830135822296143,1.2199832201004028,0.7746259570121765,-1.2643581628799438,0.026235034689307213,0.45137885212898254,-1.215855360031128,0.13407307863235474,-0.021043995395302773,-0.6426260471343994,0.5731158256530762,0.3051534593105316,2.477372884750366,-0.07455512136220932,-1.3233835697174072,-0.39618343114852905,1.7930901050567627,1.0878340005874634,0.36746567487716675,1.45112943649292,0.2801741063594818,-1.267052173614502,0.40777644515037537,-1.1433749198913574,0.6943987011909485,1.3049752712249756,-0.7582846879959106,0.5926856398582458,-0.6254532337188721,0.8227750658988953,-0.09669256210327148,0.1392124742269516,1.468727469444275,-0.7118602991104126,-1.645071268081665,-1.7555115222930908,0.06278660893440247,-0.9053742289543152,0.7002164125442505,-0.9426724910736084,0.32623180747032166,-0.2466430813074112,0.94040846824646,-2.1066150665283203,-1.3401296138763428,-1.2817344665527344,-1.4229732751846313,0.3227677643299103,0.7335036993026733,-0.9964650869369507
-0.14351995289325714,1.1270020008087158,-1.1792596578598022,-0.8883804082870483,-0.20628158748149872,-0.9618098139762878,-0.5038884878158569,0.5628480315208435,-0.11035529524087906,-1.1888231039047241,-0.09322056919336319,-0.5196968913078308,-0.6072039604187012,-0.5462680459022522,-0.17911134660243988,-1.8841553926467896,0.10019097477197647,-0.9847068190574646,0.3351741135120392,0.02796686626970768,-1.1080796718597412,-1.198453664779663,-2.342531681060791,-0.7218404412269592,1.198664665222168,-0.27979540824890137,1.1192928552627563,-0.7961692810058594,0.5213794708251953,-1.2379580736160278,-1.0153695344924927,0.2487800568342209,-0.3169877231121063,-1.5490901470184326,0.2600483298301697,0.6341378092765808,1.7099831104278564,0.2813502252101898,-0.19398178160190582,-0.9583256840705872,-0.1957034170627594,-0.8776671886444092,-0.2009768784046173,0.17580848932266235,-0.24879901111125946,-0.4221735894680023,-1.127972960472107,-0.25159481167793274,-0.6037358045578003,0.7527146339416504,0.8152368664741516,0.2444673329591751,1.5328072309494019,-0.1977989673614502,0.02552092634141445,-0.5318163633346558,1.2753702402114868,-0.5366302132606506,0.48582950234413147,0.9310194849967957,-0.9149455428123474,0.44429540634155273,-2.3091282844543457,0.0641590878367424,-0.32022523880004883
-0.19747671484947205,-0.5873904228210449,1.8382188081741333,-0.5804283618927002,0.9594428539276123,0.06232693791389465,-0.03493013605475426,0.1015377938747406,1.4503086805343628,0.5631305575370789,-0.6317515969276428,-1.3081119060516357,-0.34377676248550415,2.252551794052124,-0.234004944562912,-0.4822186827659607,0.11524026095867157,-0.48465707898139954,-1.45266592502594,-1.9961284399032593,-0.0740279033780098,1.0877131223678589,-0.5630705952644348,-0.18583637475967407,0.06802070140838623,-0.952290952205658,-0.9799466729164124,-1.425265908241272,0.19836072623729706,-0.13456608355045319,0.8165309429168701,-0.3597430884838104,-0.9715657234191895,1.8328737020492554,-0.20649544894695282,0.5539462566375732,-1.7499358654022217,-0.27585676312446594,-0.6976044774055481,-0.18271048367023468,-0.7095440626144409,0.20945361256599426,-0.0023055782075971365,-1.078914761543274,-0.9604297876358032,-1.61161470413208,0.2412680685520172,1.2763808965682983,0.5233851075172424,0.6665408611297607,-1.5725456476211548,-0.04429055005311966,-0.6208083033561707,-0.1308121234178543,-0.6203119158744812,0.3526943325996399,0.3222588002681732,-2.6034536361694336,-0.09109129011631012,0.7442668080329895,0.17167134582996368,-0.11738638579845428,0.6841058135032654,0.39841169118881226,-1.1283891201019287
-0.2740906774997711,0.6142887473106384,0.9252315163612366,1.0791987180709839,1.4353582859039307,1.1033284664154053,-0.7550746202468872,-0.5677886605262756,0.6050580739974976,-0.8228373527526855,-1.2163619995117188,-1.2329721450805664,-0.7133110165596008,1.0359447002410889,1.4301434755325317,1.1795988082885742,-1.6634663343429565,-0.6294814348220825,1.9817438125610352,0.6739690899848938,-2.225771188735962,-1.0516431331634521,0.12400603294372559,1.4635608196258545,1.3425551652908325,1.2628865242004395,0.6865286231040955,-0.44872763752937317,-1.210370659828186,-0.6675022840499878,0.4683639407157898,0.4609377682209015,-0.05363306775689125,-0.8528476357460022,0.6319159865379333,-1.5705811977386475,0.43138137459754944,-1.8611897230148315,-2.047086715698242,-0.2764717638492584,-2.4907801151275635,-1.4794477224349976,-2.805112600326538,1.9157859086990356,1.263719081878662,0.6568894386291504,1.0658674240112305,0.7493332624435425,-0.4223422408103943,0.36289283633232117,0.5937509536743164,1.5009576082229614,-0.6121441721916199,-0.8724704384803772,1.4318292140960693,0.4497928321361542,-1.7839170694351196,-0.3959501087665558,0.43875300884246826,-0.7929183840751648,-0.4447772800922394,-0.022809607908129692,1.138863444328308,-1.92416250705719,-2.0299367904663086
1.3300837278366089,-0.4231783151626587,-0.3274375796318054,1.3350510597229004,-0.7748292088508606,-0.11061852425336838,-1.21427583694458,-1.2704638242721558,-1.5488122701644897,-1.4812450408935547,-0.6118367910385132,0.21173104643821716,-1.1390705108642578,-0.6738921999931335,-0.22611531615257263,0.26752662658691406,0.9772869944572449,1.2518318891525269,0.6508381962776184,-1.3977627754211426,0.8741053938865662,-1.3050776720046997,0.8260252475738525,0.18400821089744568,1.3183259963989258,-1.0388474464416504,-0.9708766341209412,0.30481064319610596,-1.3325856924057007,-0.5065707564353943,1.3339439630508423,2.070916175842285,-0.9580742120742798,0.2498367577791214,-1.629238486289978,0.7371895909309387,-0.2643033564090729,-0.6836265325546265,1.4356637001037598,-0.06308243423700333,0.13172230124473572,1.3154078722000122,2.275456428527832,2.2998242378234863,-0.3364942669868469,-1.2021963596343994,0.894782543182373,-0.7914757132530212,0.38118311762809753,0.4364967346191406,-0.0857805386185646,-0.43987715244293213,-0.41914600133895874,2.0711684226989746,0.2291940301656723,0.745326817035675,-0.25911447405815125,2.741621255874634,1.4317896366119385,-0.4772607982158661,1.9917831420898438,2.110318183898926,0.41170987486839294,1.6731280088424683,0.22327299416065216
0.07191460579633713,0.43368351459503174,-0.04359780251979828,-0.5570412874221802,0.11371486634016037,-1.0033398866653442,0.3429954946041107,-0.8815983533859253,0.9439208507537842,1.2290759086608887,-1.2158533334732056,-1.165179967880249,-1.1969075202941895,-0.6519458889961243,-0.04829801991581917,1.1755694150924683,0.8209971189498901,2.0242488384246826,1.2958252429962158,0.259896844625473,2.8046951293945312,-1.6110470294952393,-0.9268717169761658,1.0257071256637573,0.9358662962913513,0.6971738338470459,0.14162911474704742,0.2746078073978424,0.8243043422698975,-0.8279132843017578,-1.9322582483291626,1.0240148305892944,0.915682852268219,-1.0666917562484741,0.10323129594326019,-0.22077390551567078,-0.7594951391220093,0.3412807583808899,0.7717021107673645,-0.3949141502380371,0.31909117102622986,-1.4824965000152588,-0.038544684648513794,-0.41101977229118347,-0.42257553339004517,0.5447456240653992,-1.6065226793289185,0.8328236937522888,0.023914363235235214,-0.9453917145729065,-1.8063935041427612,-0.39903172850608826,-0.2227889895439148,0.744178056716919,1.0892552137374878,0.3289893567562103,-0.9110175967216492,0.4372331202030182,-1.549498200416565,-0.32421088218688965,-2.6512610912323,1.2927173376083374,-1.4001861810684204,1.2875162363052368,-0.269048810005188
-1.4976693391799927,2.1123194694519043,-0.3437335193157196,-0.7266709208488464,0.5263573527336121,-0.7547468543052673,0.46700969338417053,-0.7887495160102844,-0.7550528645515442,-0.6987252831459045,0.548366904258728,0.20597293972969055,0.6706908345222473,-1.1092747449874878,0.4019431471824646,0.9198485612869263,0.19102360308170319,-0.4850710332393646,-0.22331926226615906,0.4426589012145996,0.03590896725654602,-0.11432492733001709,-0.4836539924144745,-0.6437623500823975,-0.12707693874835968,-0.15883322060108185,0.5780138969421387,0.05024885758757591,-1.133430004119873,0.7240860462188721,-0.4429733157157898,0.42535609006881714,0.21044163405895233,-0.8666777610778809,0.8255269527435303,-0.5771979093551636,-0.4580978751182556,1.9438027143478394,0.35164251923561096,-1.4534803628921509,1.0758742094039917,0.26831716299057007,-0.8459765315055847,0.2577163577079773,0.5990647673606873,0.7822293639183044,-0.8084235787391663,0.3461698889732361,0.658938467502594,0.3649350702762604,0.7424794435501099,-1.585171103477478,0.25537776947021484,0.114545539021492,-1.379483938217163,-0.808006763458252,2.798515558242798,1.0794131755828857,0.6973804235458374,1.4758208990097046,0.10120982676744461,-0.7629608511924744,-1.3927499055862427,0.40554508566856384,-0.064738929271698

Slice 5
0.9651407599449158,0.9626877307891846,-1.0480766296386719,-1.121023178100586,0.9254943132400513,0.08171702921390533,-0.9537571668624878,-0.7235681414604187,-0.1030646413564682,0.4428666830062866,-0.3985856771469116,0.7626609802246094,0.42049461603164673,-0.11824994534254074,-2.0002050399780273,-0.45824557542800903,-0.8970892429351807,1.181564450263977,0.306783527135849,2.8349239826202393,-1.2501157522201538,0.2747955620288849,1.0394859313964844,0.8560729026794434,-0.14001601934432983,1.5196940898895264,-0.3724955916404724,-0.05396353453397751,-0.9683879613876343,-0.982363224029541,-1.099804401397705,-1.0367732048034668,1.7587015628814697,0.14719489216804504,1.6854101419448853,1.6895073652267456,-1.1001242399215698,-0.9316763281822205,-0.8569027781486511,0.07450354844331741,0.22819392383098602,1.339881420135498,1.5174721479415894,-0.6836267709732056,-1.6778017282485962,1.0579971075057983,0.005613296292722225,0.46051904559135437,1.5211787223815918,1.0419549942016602,-1.012901782989502,0.9529178738594055,0.5145828723907471,0.804704487323761,-2.4561257362365723,-0.883485734462738,1.4393622875213623,-0.8471037745475769,0.4216202199459076,0.647247314453125,1.1782450675964355,-0.28595834970474243,-0.04762019217014313,-0.24863287806510925,-0.8580193519592285
-2.1865694522857666,-0.8134399652481079,-1.671071171760559,-1.4710168838500977,0.8984441161155701,-0.016002362594008446,1.08604896068573,0.6873564124107361,0.3040177524089813,0.8561674356460571,0.31567785143852234,-2.0562148094177246,1.3300533294677734,-0.912297248840332,-0.9494545459747314,-1.6311780214309692,-0.7893956899642944,0.0952724888920784,-0.12048172205686569,0.7627513408660889,0.1631154865026474,1.5173166990280151,0.29155799746513367,-1.1600894927978516,-0.8487064242362976,-0.9168880581855774,0.04907083511352539,0.5150594115257263,0.2818277180194855,0.005351755302399397,-1.7388761043548584,1.3458079099655151,0.12940417230129242,2.17183780670166,0.28332504630088806,-1.4517385959625244,-0.4218900501728058,-0.296273797750473,1.8972615003585815,1.453510046005249,-0.5942829251289368,0.38879039883613586,1.5582746267318726,-0.05088334530591965,-1.0141419172286987,-0.5369154810905457,1.0516618490219116,0.6603257656097412,0.01687118597328663,1.6970449686050415,1.2747913599014282,1.3955516815185547,-0.2764996588230133,1.5303915739059448,1.521375298500061,-1.8375461101531982,0.8526419401168823,-2.047558307647705,-1.2898330688476562,-0.012680301442742348,-0.38131552934646606,2.2662713527679443,-1.3966588973999023,-0.9495745301246643,-0.724013090133667
0.4420144855976105,0.10338255763053894,-0.13574174046516418,0.9741337895393372,0.29081323742866516,-0.6613835692405701,-0.8780259490013123,1.487566351890564,1.3570826053619385,0.07944781333208084,-0.24221988022327423,-0.08213969320058823,-0.9957226514816284,0.7226817011833191,-0.5847030282020569,0.17357231676578522,-0.2065061628818512,0.6796483993530273,-1.219281792640686,-1.0818884372711182,-0.30440226197242737,-1.573757290840149,0.8580749034881592,-0.2974984049797058,-0.7715489268302917,1.1751189231872559,-1.5954822301864624,0.009248821064829826,-0.8605861067771912,0.6483086943626404,0.6351807117462158,-0.7566461563110352,-0.4556334912776947,0.17283189296722412,-0.7748703360557556,1.966600775718689,-0.48616689443588257,-1.2280441522598267,-1.0009756088256836,-0.708265483379364,0.033667195588350296,0.29671820998191833,-0.9774259924888611,-1.0368216037750244,0.8728698492050171,-1.0086448192596436,-0.27898985147476196,-0.5540542006492615,0.8609493374824524,-0.16275425255298615,-0.9761055111885071,1.2580143213272095,0.9810960292816162,0.4691551625728607,-1.032945990562439,-1.348493218421936,-0.5582388639450073,-0.036172255873680115,0.7141051292419434,1.3343555927276611,-1.333117961883545,0.36340296268463135,0.16698318719863892,1.1015572547912598,-1.4566140174865723
-0.6488586664199829,1.017533302307129,-1.2960584163665771,0.5744571089744568,-1.0729844570159912,-0.3398103713989258,0.23948265612125397,-0.3847712278366089,1.0176795721054077,1.8914480209350586,0.8724559545516968,-1.3062151670455933,-0.5206966996192932,1.308099389076233,0.8635815978050232,-0.4728779196739197,-1.7953687906265259,0.7909609079360962,-1.8995710611343384,1.2455328702926636,-0.9134405255317688,-0.4468730688095093,0.09625700116157532,-0.37445592880249023,-1.3347505331039429,-1.77521550655365,-0.13471844792366028,-0.10780379176139832,0.7997490167617798,0.47597524523735046,-0.6500551700592041,-0.5547422170639038,-0.3924016058444977,1.0305986404418945,0.295427531003952,-0.5243145227432251,0.4425787925720215,-1.0393812656402588,0.3909534215927124,0.08349607139825821,-1.009766936302185,-1.4004793167114258,-0.8589432239532471,-1.268150806427002,-1.3424773216247559,-2.294854164123535,-0.027205001562833786,1.0533428192138672,0.7271939516067505,-0.454092800617218,0.07493114471435547,-1.3433107137680054,-2.4438533782958984,-0.6521344780921936,0.2727545499801636,0.19613072276115417,0.8860301375389099,0.6979708075523376,0.42892706394195557,1.3376593589782715,0.8338523507118225,0.6012699604034424,1.3512994050979614,-0.4455084800720215,-0.8126766085624695
-0.7258664965629578,-0.20145615935325623,-1.0435408353805542,0.16567067801952362,1.5323872566223145,-0.3544752597808838,1.4640309810638428,-0.34498387575149536,-0.5990870594978333,-1.0065429210662842,-0.075344979763031,-0.0034850016236305237,-0.5463473796844482,0.7884041666984558,-0.4650668501853943,-0.18818697333335876,1.028741717338562,-0.07896049320697784,0.2993653118610382,-0.3201926052570343,1.343951940536499,0.369522362947464,0.4504351317882538,-0.3203379213809967,-1.248795986175537,0.04408947378396988,-0.19404982030391693,0.09369279444217682,-0.5141687989234924,-0.9055914282798767,-1.2752058506011963,0.05629310756921768,0.5802141427993774,0.19342537224292755,0.1445080190896988,-0.2066824734210968,-0.4623998999595642,-1.9294475317001343,-0.4337889552116394,0.42761531472206116,-0.5033587217330933,-0.16561850905418396,-0.7615170478820801,0.320955753326416,0.2027246356010437,-0.06447435915470123,-0.17980127036571503,-1.080926537513733,0.9102684855461121,0.32521072030067444,-0.13049474358558655,0.33914121985435486,-0.6251752376556396,-0.4163787066936493,1.1607621908187866,0.08357243984937668,1.4200665950775146,0.0797097235918045,0.49257925152778625,0.08569389581680298,0.9370763897895813,1.0821760892868042,0.6535249948501587,-0.5198732018470764,-1.1959161758422852
-0.38667067885398865,-0.4161020815372467,0.03599429130554199,0.16504758596420288,-2.1225979328155518,-1.248372197151184,0.6495822072029114,-0.934931755065918,0.1364511400461197,-0.3842391073703766,0.23977144062519073,-0.40152236819267273,0.7273058891296387,0.12844964861869812,-1.176102876663208,-0.5582247376441956,-1.485792636871338,1.0894792079925537,-0.4666755199432373,0.1032445877790451,-1.1062002182006836,1.2701551914215088,0.9927369356155396,0.5304390788078308,0.5423287153244019,-0.15676333010196686,1.4865052700042725,0.3183329701423645,0.8968223929405212,0.6697214841842651,0.1315433830022812,0.22789891064167023,-0.35615625977516174,0.6390795111656189,-0.6276490688323975,0.540242612361908,1.7089271545410156,1.0635770559310913,1.860697865486145,-0.8165268301963806,0.0767197534441948,-0.5033613443374634,-0.1979723870754242,-0.7425904870033264,0.5933667421340942,-1.951479434967041,1.139983892440796,-0.4508543610572815,0.40003836154937744,-1.1147761344909668,0.572636067867279,-0.42580193281173706,-0.2544700801372528,0.24075227975845337,0.2524608075618744,-0.3127767741680145,0.21987928450107574,0.5258018374443054,1.4424521923065186,0.8515334129333496,0.5640221238136292,-1.1139259338378906,-1.6704593896865845,0.8285580277442932,0.8776206374168396
1.7878121137619019,0.11571500450372696,-0.32464277744293213,1.0018020868301392,0.9364303350448608,0.5142022967338562,-0.15938548743724823,1.1814818382263184,0.10020530968904495,-0.24782498180866241,-0.8100263476371765,-0.20179150998592377,-0.0321090891957283,0.49435293674468994,2.0900840759277344,1.2922542095184326,1.878648281097412,-1.6693873405456543,-0.5669722557067871,0.5224175453186035,-0.029017142951488495,-1.5038390159606934,-1.4557032585144043,-0.829887866973877,0.43363291025161743,1.935587763786316,-1.4394996166229248,1.3319244384765625,-0.4945737421512604,0.48208144307136536,-1.0444283485412598,-0.32796356081962585,-0.6018253564834595,-0.03634979575872421,1.2263422012329102,1.0875269174575806,-0.23023323714733124,-0.8740692734718323,-1.4479475021362305,-0.6444230675697327,0.14677877724170685,0.009181471541523933,0.1903393566608429,-0.3223361074924469,1.6987723112106323,0.7430870532989502,-0.46686455607414246,-0.1372566968202591,-0.03544365242123604,-1.0678058862686157,-1.3474817276000977,-0.3655223846435547,1.8832992315292358,0.7994117736816406,-1.914812445640564,0.04430804401636124,-0.13890445232391357,-0.8359515070915222,-0.6480795741081238,0.6719266176223755,-0.1589089334011078,-1.5577155351638794,0.3631135821342468,-0.3062141537666321,-0.2937873899936676
-2.311687469482422,-2.2835006713867188,-1.6807371377944946,1.1171753406524658,1.4775598049163818,-0.5459769368171692,0.42706403136253357,1.08311128616333,0.23492340743541718,0.23356613516807556,1.8746811151504517,0.5704109072685242,0.725785493850708,0.45228999853134155,-1.1946332454681396,-2.2669687271118164,-0.3944282531738281,2.4904892444610596,-1.8413119316101074,-0.9702362418174744,-0.8933278322219849,-0.41799476742744446,2.495702028274536,-0.03834463655948639,-0.6160520315170288,-0.8177955150604248,0.04419625177979469,-0.3330895006656647,1.9731783866882324,-1.919967532157898,0.3677055537700653,-0.314836710691452,1.5456641912460327,1.3403048515319824,-0.4688587784767151,-0.8057814240455627,-1.0665531158447266,-1.0886949300765991,-0.28074416518211365,-1.936978816986084,-1.73489511013031,0.6956650018692017,0.7821548581123352,-0.8149735927581787,-1.3223415613174438,-1.4335057735443115,1.163207769393921,-0.8242841958999634,0.5527313947677612,-0.11130514740943909,-0.37709400057792664,1.2272459268569946,0.05529504269361496,0.8747218251228333,0.3838749825954437,-1.1305564641952515,-2.3252859115600586,1.5458942651748657,1.8245183229446411,-0.1507062166929245,-0.655337929725647,-0.1411292403936386,0.11116594076156616,1.4968321323394775,-0.5001850128173828
0.19363825023174286,0.9859244227409363,0.6875084042549133,0.11567520350217819,-0.7069770097732544,0.6831735968589783,-1.0062800645828247,2.1603548526763916,1.9128010272979736,0.4416492283344269,-1.9321001768112183,0.03191889449954033,-0.9409010410308838,-0.3688651919364929,0.42010626196861267,0.8466019630432129,-0.7151065468788147,0.829879879951477,0.8384835720062256,0.6299881339073181,-0.12785150110721588,0.1894702911376953,0.6924604177474976,0.5289570093154907,0.7594037652015686,-1.0020970106124878,-0.04273542761802673,-1.1045862436294556,1.3969697952270508,0.9000903367996216,0.745818555355072,1.0938152074813843,0.33508923649787903,-2.9293289184570312,-1.8525463342666626,-0.8133159279823303,0.7871301174163818,0.016254806891083717,-0.12452947348356247,-0.11265776306390762,0.7045149207115173,-0.017574522644281387,-1.1186882257461548,1.2729017734527588,1.0399481058120728,0.20994390547275543,-1.9376250505447388,-1.0959488153457642,-1.031701683998108,1.0417066812515259,0.7880459427833557,-0.7701811194419861,-1.0286575555801392,-1.534084439277649,0.3029863238334656,0.6020566821098328,-0.3013140559196472,1.2969094514846802,1.2175081968307495,0.7261584997177124,0.42433032393455505,0.24974603950977325,-1.1534676551818848,0.9340658783912659,0.693584680557251
-0.318525105714798,-0.05550525337457657,-0.9771352410316467,1.5211246013641357,0.4352952539920807,-1.5105900764465332,0.15022143721580505,-1.082198977470398,-0.5167480111122131,0.9547708630561829,0.788422703742981,0.27290254831314087,-1.226015567779541,1.1182310581207275,-0.2660997211933136,1.5002691745758057,0.0015119537711143494,-0.43496543169021606,0.3860341012477875,0.5104354023933411,0.31940239667892456,0.258600652217865,-0.443102091550827,0.8156945705413818,-1.972428798675537,-0.9581869840621948,1.049438714981079,-0.4825080931186676,0.857721209526062,-0.14824610948562622,1.5673562288284302,0.5084987282752991,-0.6256694197654724,-0.05483381077647209,-0.4857882559299469,-0.4227578341960907,0.027045587077736855,1.3163046836853027,0.06679102033376694,1.1078139543533325,-1.6443209648132324,-0.6210716366767883,-0.9960570335388184,-0.32585474848747253,0.8187940120697021,0.004262039437890053,1.4482768774032593,0.9781062006950378,0.46124267578125,-1.2145696878433228,1.264323353767395,-0.9317963123321533,-1.618340253829956,-0.257753849029541,-0.311725914478302,1.363257646560669,0.7312635779380798,0.7253425121307373,0.5310530662536621,-0.3399869501590729,-0.8206051588058472,0.24386069178581238,0.6827148795127869,-0.16822531819343567,0.10125373303890228

Slice 6
-1.4297336339950562,0.8581390976905823,-0.5716954469680786,2.019134283065796,-0.4316219985485077,0.4013403654098511,1.4647828340530396,0.5655350685119629,0.6742798089981079,-1.3843576908111572,0.33943337202072144,1.6170480251312256,0.9303264617919922,-0.4550641179084778,-0.34251144528388977,1.0410637855529785,-0.500572681427002,-0.3965153396129608,0.5372189283370972,1.2293851375579834,0.5555083155632019,0.4084886312484741,0.7694330811500549,-2.3277056217193604,0.8438060283660889,-0.746006190776825,-0.0865001380443573,0.5758348703384399,0.08512992411851883,0.09231329709291458,-0.2234785109758377,0.9854646325111389,-1.3003884553909302,-0.8724393844604492,-1.5091605186462402,-1.321611762046814,-0.6561046242713928,-0.47339770197868347,-1.2093678712844849,1.4607352018356323,1.3975387811660767,1.1018823385238647,-1.150510549545288,-1.9252820014953613,0.3998388946056366,-1.2446503639221191,-1.363997220993042,-1.2033071517944336,0.20929786562919617,0.5474998354911804,-1.548277735710144,0.11421678960323334,1.2094675302505493,-1.5109516382217407,0.3305428922176361,0.7994130849838257,-0.5036717653274536,-1.490432620048523,0.8446919918060303,0.053618770092725754,-1.1166685819625854,0.2388095110654831,0.0019090783316642046,-1.8593659400939941,-0.6524003148078918
-0.31706517934799194,0.9116921424865723,-1.8431826829910278,1.52326500415802,-0.5882989764213562,0.3775812089443207,-0.6458860635757446,-1.5236884355545044,0.9993278384208679,-0.4862723648548126,-1.2542399168014526,0.530398964881897,0.22141511738300323,-1.6392539739608765,0.7699466943740845,-0.16469310224056244,1.3019810914993286,-0.6179333329200745,-0.11500576883554459,-0.05252326652407646,0.14280197024345398,2.0770423412323,0.4757532477378845,-0.012528521940112114,-1.9987324476242065,-0.6484336853027344,-0.48035314679145813,1.1022047996520996,-0.18230322003364563,-0.6773355007171631,-1.5035706758499146,0.05127925053238869,-0.9983313083648682,-1.1278457641601562,-0.4135734438896179,-1.061409831047058,-1.6914770603179932,-1.423608660697937,-1.2207199335098267,-0.1599639356136322,0.5600014925003052,1.1125857830047607,-1.1930673122406006,0.09536275267601013,-1.4819817543029785,-0.6764518022537231,0.31410160660743713,-0.8742151856422424,-0.20054003596305847,-0.5032040476799011,-0.9838417172431946,-1.2748576402664185,-0.4591062664985657,-0.5413883924484253,0.31728607416152954,0.09304890781641006,1.9529592990875244,1.999585747718811,0.5526809096336365,0.440426230430603,0.21084539592266083,-0.29906052350997925,0.9800184369087219,-1.128934621810913,-1.5033049583435059
0.3810306191444397,-0.009918155148625374,-0.07203488051891327,-0.625477135181427,1.3615423440933228,1.1573576927185059,0.26714253425598145,1.716455101966858,0.9290561676025391,-0.8201280832290649,-0.14137308299541473,0.2632216215133667,1.040274977684021,-0.4808841347694397,-0.05631743371486664,-0.0021113695111125708,0.45862647891044617,0.7914922833442688,0.967404842376709,1.0080252885818481,-0.3497672975063324,-0.7270246148109436,0.21438702940940857,-0.1476084440946579,-1.0984249114990234,0.9600797295570374,-0.1272037774324417,-0.5606146454811096,-0.2607443332672119,0.1774747222661972,-1.2020490169525146,-0.16499178111553192,1.1129380464553833,-2.498138189315796,0.44083869457244873,-0.5102635622024536,0.6632135510444641,-0.8148776292800903,1.3134313821792603,1.8427537679672241,1.1273614168167114,-0.3097834885120392,0.2481430172920227,-0.5430564284324646,-0.8145253658294678,-0.14963611960411072,0.7067157030105591,1.5454853773117065,-0.7494308352470398,-0.12514492869377136,0.7295275926589966,0.7155154347419739,-0.2847297787666321,0.3561146855354309,0.3290046155452728,0.4322795271873474,0.13683176040649414,-0.25257909297943115,0.8142659664154053,-1.0005497932434082,-0.28837084770202637,0.9459181427955627,-0.7727552056312561,0.2294105589389801,1.062082290649414
-0.21913033723831177,-0.6912983655929565,-1.7784298658370972,0.2295054942369461,0.4321962594985962,-0.7039372324943542,0.4482462406158447,-1.8310887813568115,0.8741328120231628,-2.425985336303711,-1.9938957691192627,0.22874565422534943,0.24850994348526,-0.9215787649154663,0.2812689244747162,1.6315892934799194,1.3177313804626465,0.6911022663116455,-0.8559396862983704,-0.850896954536438,0.797486424446106,-0.09587215632200241,0.9295603632926941,-0.1164708361029625,-0.2462136298418045,-2.3660311698913574,0.9641948938369751,-1.808801531791687,0.13332873582839966,1.187782645225525,-0.16499081254005432,-2.0896410942077637,-0.17175763845443726,-0.2281407117843628,1.8780142068862915,1.499356746673584,0.5645351409912109,0.7661396861076355,-0.2157694697380066,0.7680066823959351,-0.09807976335287094,-1.0617663860321045,1.4009253978729248,-1.5303689241409302,1.2315045595169067,0.08289028704166412,-1.4091029167175293,0.07056334614753723,-0.3850807547569275,0.4705709218978882,-1.7927052974700928,-0.12022384256124496,0.2854325473308563,-2.3042657375335693,1.8859174251556396,1.0929312705993652,0.35253146290779114,-0.5682432651519775,-0.1300657093524933,-1.2467204332351685,-0.8255906105041504,0.6149792075157166,2.200721263885498,-0.9454843997955322,0.1285252720117569
-1.5814354419708252,0.9015024304389954,-0.24574925005435944,-0.6808930039405823,-2.8834786415100098,-0.11354493349790573,-1.5821903944015503,-0.5954583287239075,0.9885222911834717,-0.678949236869812,-0.8511030673980713,0.9036663174629211,1.0211328268051147,0.2151876837015152,1.5498237609863281,-0.7972208857536316,-1.4126359224319458,-1.7180261611938477,-0.7949177026748657,0.6113073229789734,-0.04336027055978775,1.2202043533325195,-1.090570330619812,1.5077372789382935,0.15453270077705383,-0.21945227682590485,0.6101019978523254,0.8744201064109802,-0.741824746131897,-0.6397536396980286,-1.6034343242645264,0.16536889970302582,-0.3362388014793396,0.7861886620521545,0.8403312563896179,0.27163392305374146,-0.12738008797168732,-0.7815508842468262,-1.699922800064087,1.8195128440856934,0.8266234993934631,0.2837373614311218,0.9467889666557312,0.9569326639175415,-0.19290152192115784,-0.6708198189735413,1.4571369886398315,-1.8820561170578003,0.6003686189651489,1.505000114440918,1.4318413734436035,1.027635931968689,0.3416760265827179,1.3608851432800293,-1.5317779779434204,-0.24601627886295319,1.9442986249923706,-0.19401682913303375,-0.1629798263311386,1.0004982948303223,-1.8887436389923096,0.9215988516807556,-0.7546624541282654,-0.7857423424720764,0.04122123122215271
-0.8207396864891052,-0.8537266254425049,2.037917375564575,-0.7822392582893372,1.0535098314285278,0.5163012146949768,-0.6586743593215942,0.8561670184135437,0.45683351159095764,0.6065729260444641,0.6841533780097961,-0.5934805870056152,1.9692353010177612,0.15373267233371735,0.27914345264434814,0.23099163174629211,2.060947895050049,0.7374823093414307,0.32633665204048157,-1.3740135431289673,-0.006814854219555855,0.5242186188697815,-0.5371836423873901,0.5399022102355957,0.7670990824699402,0.1265125870704651,-0.3571512699127197,-0.43488746881484985,0.7786150574684143,-0.5406382083892822,0.29733774065971375,-0.22998608648777008,1.2584953308105469,0.24979819357395172,0.19486646354198456,-0.40565556287765503,-0.429313600063324,1.6128743886947632,1.4447333812713623,1.3955892324447632,0.5406659245491028,-0.1848602592945099,-0.41766035556793213,0.866674542427063,0.15036135911941528,0.08758976310491562,2.1150615215301514,1.6721185445785522,-0.02695266343653202,0.7206395268440247,-0.6542038917541504,0.20718255639076233,-1.9972515106201172,0.1697777360677719,0.1875913292169571,1.766991376876831,-0.04050390049815178,-0.030108587816357613,1.0919029712677002,-0.07398340106010437,-0.7907804846763611,1.3895009756088257,0.158269464969635,0.513312041759491,0.9394585490226746
0.7298358678817749,0.5593956112861633,1.5239760875701904,0.578267514705658,-0.6472424268722534,1.6390588283538818,0.2797812521457672,-0.7316573262214661,-0.30604881048202515,1.1298201084136963,0.7567613124847412,-1.2474746704101562,-1.80315363407135,1.1320222616195679,0.20798571407794952,1.5326144695281982,-1.5190327167510986,-0.8650491237640381,0.5863670110702515,0.671603262424469,0.1006292998790741,-0.017989592626690865,-0.7500994801521301,-0.9338023662567139,-0.9012253284454346,0.8558395504951477,-0.36269402503967285,-0.45653730630874634,-0.19507141411304474,1.760693907737732,-0.7985944151878357,0.07395327836275101,0.6516959071159363,0.16814061999320984,0.17973960936069489,0.24170517921447754,1.0844995975494385,0.6202805638313293,0.3962627947330475,-2.5766830444335938,-1.6074646711349487,-1.4334101676940918,-0.07041696459054947,-0.6670753359794617,-0.24583151936531067,-2.026866912841797,-0.3964625895023346,-0.29833704233169556,-2.5836498737335205,0.18025840818881989,0.8180413246154785,-1.030543327331543,-1.2446792125701904,0.9264923334121704,0.328739196062088,0.6388387084007263,-0.8274906277656555,0.28186872601509094,0.9401846528053284,1.1767390966415405,-0.47836264967918396,0.8635720610618591,-1.2013084888458252,-0.4284912645816803,-0.15682917833328247
1.273084044456482,-1.2450510263442993,-0.563615620136261,-1.7452999353408813,0.09558318555355072,-1.5772130489349365,1.4667153358459473,-1.3973004817962646,0.01993669755756855,0.6975357532501221,0.738002598285675,0.5710238218307495,0.7287651896476746,1.055741310119629,1.1511293649673462,-0.59554523229599,1.8299014568328857,-0.62445068359375,-0.269601970911026,-0.06606876850128174,-1.7789063453674316,-0.574287474155426,-1.9323216676712036,0.6472371220588684,-0.6500424742698669,0.7860090136528015,1.3512370586395264,-0.1964196264743805,1.003031611442566,0.9556716680526733,-1.8087468147277832,-1.8354806900024414,0.638608992099762,0.15144118666648865,0.7443978786468506,1.7022777795791626,0.3726586103439331,0.8052687644958496,-0.04816199094057083,-0.235330268740654,0.0007375916466116905,0.025714628398418427,-0.34754204750061035,-0.5488342642784119,2.167085647583008,1.221276044845581,-0.07572147250175476,-1.1835191249847412,1.1041953563690186,-1.5163958072662354,0.47855180501937866,-2.63499116897583,1.858575463294983,-0.5611305236816406,0.49908170104026794,-0.5384044051170349,-0.6636520624160767,0.4044378697872162,-0.6851090788841248,-0.3539137840270996,1.212007999420166,-0.5043528079986572,1.192461371421814,1.1306143999099731,-0.20204368233680725
-0.8036161661148071,-1.1556270122528076,1.4000663757324219,-0.5659981966018677,-1.5674995183944702,0.002847484312951565,-0.503640353679657,-0.9233238101005554,-0.8761005997657776,0.6511538028717041,-0.5390363335609436,-1.8298368453979492,0.40472641587257385,-1.2408498525619507,0.9955540895462036,-0.35297891497612,0.447619765996933,1.2609719038009644,-0.04197924584150314,-1.8824024200439453,3.1359641551971436,-0.35839295387268066,1.8350483179092407,1.2923282384872437,-1.2807655334472656,0.5473913550376892,-1.2840938568115234,1.1200188398361206,1.9825465679168701,-1.189605712890625,1.0452944040298462,0.5272063612937927,-2.0186662673950195,2.217341423034668,0.09542407840490341,1.5422537326812744,-0.03481942042708397,-1.471474528312683,-1.7007695436477661,-0.23588643968105316,-0.9007956385612488,-1.5492832660675049,-0.1988048404455185,1.3144139051437378,-0.2666848301887512,1.774909496307373,0.9343262314796448,0.9661125540733337,-0.839741587638855,0.33505716919898987,-0.7376612424850464,-0.3414928913116455,-1.0419116020202637,0.5968154668807983,1.737534523010254,-0.1836080402135849,-0.6062304377555847,1.0215998888015747,0.8610828518867493,-0.3492562770843506,-1.0539577007293701,0.9235120415687561,-1.5068106651306152,1.9379100799560547,0.2947580814361572
0.8250285387039185,0.6236431002616882,0.9358667135238647,-0.019089309498667717,0.2848060727119446,-2.5471222400665283,1.1982687711715698,-1.071141004562378,2.084770441055298,0.10820592194795609,1.0224255323410034,1.5487351417541504,-0.40837177634239197,-1.3950711488723755,1.7820247411727905,0.4581657350063324,0.0323752723634243,1.1499191522598267,0.36024248600006104,0.1551995873451233,1.0278793573379517,1.6363153457641602,0.07846874743700027,-0.8931351900100708,0.028299899771809578,-0.24641300737857819,0.8055500388145447,0.7213464379310608,0.043150581419467926,1.2383694648742676,0.16014662384986877,2.1179521083831787,-0.09039423614740372,0.0403352715075016,1.4645205736160278,1.3888978958129883,1.0549890995025635,-0.7655117511749268,0.11029062420129776,-0.8007694482803345,0.2227887362241745,-0.22989308834075928,-2.104282855987549,-0.9281197190284729,0.611957311630249,-0.5166815519332886,0.08817002177238464,0.38198283314704895,-0.7429070472717285,-1.1030972003936768,-0.5348526239395142,0.4326978027820587,-0.2586716115474701,0.5791162252426147,0.4730587899684906,1.1927005052566528,0.7654221057891846,0.2921088635921478,-0.2690433859825134,1.6030417680740356,-0.1445964276790619,-2.091754913330078,0.4982597231864929,0.07739917933940887,1.5662899017333984

Slice 7
-0.1311921924352646,0.8806293606758118,0.19810029864311218,1.388499140739441,-0.31454914808273315,0.10456989705562592,-1.8859721422195435,0.4864713251590729,-0.7461735010147095,-0.6683977246284485,-1.1086980104446411,-0.6816393136978149,0.03367653861641884,-0.9186744093894958,-1.1611154079437256,0.896011471748352,0.3251083493232727,1.1860414743423462,0.044470421969890594,-1.6984176635742188,1.1074583530426025,-1.567963719367981,-1.2113326787948608,0.7624101042747498,1.105584979057312,-0.7673100829124451,-0.045739032328128815,1.050500512123108,-1.0103923082351685,-0.148319274187088,1.7391941547393799,1.1718618869781494,-0.8596919178962708,0.3251246213912964,-1.587630271911621,-0.026736296713352203,-0.3694254159927368,0.837289035320282,-2.000483274459839,-1.4077285528182983,0.3680992126464844,-1.2669267654418945,-1.1911468505859375,-0.3911985456943512,0.13249655067920685,0.19157886505126953,1.3883975744247437,1.1567714214324951,-1.2270760536193848,-0.8621532917022705,0.950878381729126,0.7141194939613342,-0.6176160573959351,0.17674307525157928,0.15854524075984955,-2.4052541255950928,-1.0713534355163574,0.18115933239459991,0.4976051151752472,-1.1365689039230347,1.3949966430664062,-1.0505403280258179,1.8189806938171387,0.95445716381073,-0.42907994985580444
-2.286494255065918,0.6971883177757263,-0.5321194529533386,-0.645392894744873,-1.002204179763794,1.3722888231277466,-0.6089566946029663,-0.07099993526935577,0.2979360520839691,0.5636509656906128,-0.25976425409317017,0.9116234183311462,-1.056458830833435,1.025194525718689,0.01667819730937481,-0.2889727056026459,1.0347535610198975,-0.7174853682518005,-0.3128473162651062,0.26392877101898193,-1.0417981147766113,0.04863378778100014,-0.19572581350803375,-0.762712299823761,0.814072847366333,-0.03342219442129135,-0.044789284467697144,1.5226519107818604,2.4209682941436768,0.5289255976676941,0.5738155841827393,0.20152050256729126,0.7533907890319824,1.327497959136963,0.6826700568199158,0.1221047043800354,2.122075080871582,1.3531960248947144,2.187556028366089,0.06772596389055252,-1.0189049243927002,-0.28179943561553955,1.7317285537719727,-0.25864648818969727,0.24370643496513367,1.5232967138290405,1.7557682991027832,0.7526981234550476,1.0323694944381714,-1.8216311931610107,-1.5994324684143066,-0.4165290594100952,-0.4533490240573883,-2.003512382507324,-1.423086404800415,0.2014903724193573,-1.711115837097168,-0.8078047633171082,-0.005338545888662338,-0.7662542462348938,0.3197876513004303,-1.459540843963623,-0.13468284904956818,1.228731393814087,1.1020439863204956
1.5424200296401978,-1.1308945417404175,-0.2536841034889221,-0.3111722469329834,0.36029648780822754,-1.0278820991516113,0.6090059280395508,2.385890483856201,0.29367056488990784,1.874239206314087,-0.6861716508865356,-0.7654098868370056,0.49610665440559387,0.6655409932136536,0.9875126481056213,-1.44374418258667,-0.893592357635498,-1.3930628299713135,-1.1958597898483276,-1.3251968622207642,-0.18848013877868652,-1.7028759717941284,0.3653911352157593,1.3850014209747314,-0.5722156763076782,-1.038476824760437,-0.7512063384056091,-1.4447083473205566,1.5588706731796265,-0.3827923834323883,0.283687025308609,-0.00045004766434431076,0.8768495321273804,2.50296950340271,-0.4883623421192169,0.34124821424484253,-0.6197293400764465,-1.200758934020996,0.6734842658042908,0.7416461706161499,0.9159753322601318,0.08351565152406693,-1.0096144676208496,0.1958635002374649,-1.071394920349121,-0.19707262516021729,0.09959083050489426,-0.1689632683992386,0.0015998544404283166,0.3010702133178711,-0.34147006273269653,0.24204303324222565,0.23909591138362885,-0.4615795314311981,-0.2921690344810486,0.07548196613788605,0.9021255970001221,0.4915536642074585,-1.3239331245422363,-0.27270373702049255,-0.15671305358409882,0.5707789063453674,-0.6828147768974304,-0.9096139669418335,-1.5773890018463135
1.5123717784881592,0.5821660161018372,1.2793327569961548,0.9337062239646912,-1.1369436979293823,-1.2624077796936035,0.47279226779937744,-0.6202734112739563,1.0199376344680786,0.025685317814350128,0.9698488712310791,-1.1855289936065674,-1.1794934272766113,0.35495269298553467,-0.4592702090740204,1.5794817209243774,1.7724412679672241,1.357188105583191,0.11789967119693756,0.9395365118980408,-0.8747156858444214,-0.2237645387649536,1.1741000413894653,1.3030400276184082,1.4389270544052124,-0.4758250415325165,1.0578677654266357,-0.9439681768417358,-1.8083794116973877,-0.2321346402168274,-1.7296301126480103,-0.7408014535903931,0.5571324229240417,1.0478856563568115,-0.9343813061714172,1.6413896083831787,-0.48438760638237,0.245273157954216,0.7252464294433594,1.021589756011963,0.5136905312538147,-1.153395414352417,0.3244350254535675,1.4842032194137573,2.2033579349517822,-0.26068273186683655,0.010343799367547035,0.26343539357185364,0.04983852431178093,-0.02834312990307808,0.44363245368003845,-0.524038553237915,0.3276618719100952,0.5869253277778625,-0.9194510579109192,0.09308110177516937,0.4202950596809387,0.20995506644248962,0.7234703302383423,0.34588631987571716,0.5107269883155823,0.951500654220581,0.6821497678756714,-1.9612441062927246,0.08222830295562744
-0.4588974714279175,0.7734590172767639,-1.1112418174743652,0.1669817715883255,-0.32147908210754395,-0.34328746795654297,0.3159160315990448,0.37974095344543457,-1.1777739524841309,-1.474577784538269,0.5254194736480713,1.6133511066436768,-0.7583980560302734,-1.03121018409729,-0.30285054445266724,0.6458497643470764,0.7216159701347351,-0.043549563735723495,-0.24741092324256897,-1.2439113855361938,-1.7661738395690918,0.7915540337562561,1.4618051052093506,-2.474771022796631,0.7624589204788208,-0.0764445960521698,-0.9163625240325928,-0.22636918723583221,0.020767133682966232,-0.4512195289134979,1.2967169284820557,0.6379568576812744,-0.5939357876777649,0.4102631211280823,1.5219649076461792,0.3796398639678955,0.32901817560195923,-0.2645053267478943,-0.1120077520608902,-0.8812602758407593,2.10347056388855,-0.46689173579216003,0.5586683750152588,-0.7025707960128784,1.3385951519012451,0.47440338134765625,-0.9567962288856506,-0.004341057501733303,-0.9520335793495178,0.24577802419662476,1.330360770225525,-0.7817922234535217,0.06141776964068413,-0.2200491577386856,-0.3823722302913666,1.27397882938385,0.36397111415863037,-0.92836993932724,-0.25391650199890137,-0.16412915289402008,-0.14788702130317688,1.3041800260543823,0.8221309185028076,-0.27442631125450134,0.07364034652709961
-0.16510653495788574,0.5980801582336426,2.471524238586426,2.1458795070648193,-1.0217666625976562,-1.4191617965698242,-0.8231468200683594,-0.08809574693441391,-2.07075834274292,-0.7236576080322266,1.8650710582733154,-0.7498224377632141,1.845022201538086,-0.8631094098091125,1.9266937971115112,0.7126063704490662,-0.44373220205307007,1.022894024848938,0.8347463011741638,-1.104587197303772,1.637561321258545,1.739194631576538,-0.6297847628593445,1.1217427253723145,-2.0902609825134277,0.9205062985420227,1.3341609239578247,-0.562298595905304,-2.5110912322998047,1.210379958152771,0.8327662348747253,-1.444697380065918,-0.9774209856987,-2.0936686992645264,0.011487887240946293,-0.8401026725769043,1.081878423690796,0.8239046335220337,-0.06100539118051529,-0.4802681803703308,0.5334237813949585,-2.432990550994873,0.4256962537765503,0.17264778912067413,-0.3542945981025696,1.3767014741897583,1.1000137329101562,1.9640190601348877,-2.045553684234619,2.420154094696045,0.14611893892288208,0.42036154866218567,-0.9579770565032959,0.9600508809089661,-0.24558626115322113,0.17696340382099152,1.4690519571304321,-0.12930868566036224,-0.7944355607032776,3.1165454387664795,-2.4891510009765625,1.3659629821777344,-0.48159170150756836,-0.3471062183380127,-1.5070680379867554
0.7301064133644104,1.841956377029419,-0.12436667084693909,-1.056734323501587,-0.3927061855792999,-0.46428921818733215,1.4519445896148682,0.3794741630554199,1.4594224691390991,0.031909629702568054,0.7602207064628601,0.405183345079422,1.4164730310440063,-0.3563917577266693,-0.009537307545542717,0.07899953424930573,-0.5549269914627075,-2.1114070415496826,-0.3229157030582428,-1.3652212619781494,0.4441653788089752,0.0977369099855423,-1.246155023574829,-1.1465579271316528,0.9565668702125549,-0.6862760186195374,-1.2265046834945679,-1.3643063306808472,0.7299371361732483,0.8703756928443909,-0.26760134100914,1.1765879392623901,-0.12773650884628296,0.5975843071937561,0.2787743806838989,1.3600282669067383,-0.3867869973182678,-0.15575505793094635,0.621123194694519,-1.0584012269973755,-1.1182184219360352,1.4402978420257568,-0.08674541115760803,2.1266424655914307,-0.3490338623523712,0.7157173752784729,0.711462140083313,-0.4384792745113373,-1.2835090160369873,-0.20813286304473877,0.0018496612319722772,1.1754122972488403,1.0604192018508911,-1.01023268699646,-0.8858746886253357,-0.6514362096786499,1.1125892400741577,1.1156741380691528,0.37521469593048096,-0.5415688157081604,0.47754693031311035,0.7268378734588623,-0.39206159114837646,0.28063490986824036,-0.8571429252624512
0.5336964726448059,-1.1543983221054077,-2.767563819885254,1.2848432064056396,0.4266223907470703,0.8727520704269409,0.7044672966003418,-0.9490191340446472,-0.3022049069404602,0.6492833495140076,-0.5006363391876221,-0.30895888805389404,-0.6631653904914856,-0.3387147784233093,-0.32834696769714355,1.2656869888305664,1.445083737373352,1.5558046102523804,-2.2354843616485596,0.08548754453659058,-0.8534068465232849,-1.2281490564346313,0.007894481532275677,-0.1782563030719757,-1.1374151706695557,-1.3345118761062622,-2.957166910171509,1.7910646200180054,0.053977083414793015,-1.6132112741470337,0.5767434239387512,0.10647107660770416,1.5648918151855469,-0.5066947340965271,-0.14275361597537994,0.7606472373008728,0.2688305675983429,-0.580666720867157,0.6357345581054688,0.99770188331604,-0.2237101048231125,-0.009447146207094193,-0.14145879447460175,-1.7730181217193604,1.3975259065628052,0.26680511236190796,-1.58457350730896,-1.0185190439224243,-1.2474192380905151,1.5886417627334595,-1.6338379383087158,0.7313350439071655,-0.6439399719238281,0.5621055364608765,2.3238911628723145,-0.6198749542236328,0.47234046459198,0.22925709187984467,1.282477855682373,-1.7228138446807861,-1.9776898622512817,-1.606500267982483,-2.4966676235198975,1.4047726392745972,0.27747511863708496
-0.8389930725097656,-2.0185470581054688,-0.0756232887506485,0.21018822491168976,1.1590783596038818,-0.7951671481132507,-0.20077727735042572,0.6800062656402588,0.4772648811340332,0.5398590564727783,0.8472073674201965,1.2464100122451782,-0.9336607456207275,0.8737517595291138,-0.21192264556884766,1.3787531852722168,1.5665785074234009,0.434359073638916,0.9240573048591614,-0.876707136631012,-0.6364043354988098,-0.7901845574378967,1.1105033159255981,-0.7619614005088806,-0.9920946359634399,-1.80224609375,0.16965574026107788,-2.3096067905426025,-1.238683819770813,0.958949089050293,1.362648844718933,0.0395522266626358,-1.2926218509674072,-1.3780943155288696,-0.35121628642082214,0.19834186136722565,1.033298373222351,-0.3494631350040436,0.6967255473136902,-0.5107371211051941,0.6227929592132568,0.3159162998199463,1.345281720161438,-1.06423020362854,1.4955785274505615,0.1354350596666336,1.1007716655731201,0.47404128313064575,0.5238068699836731,-0.2976539731025696,2.0751218795776367,1.4789669513702393,1.8247706890106201,-1.606614351272583,0.7017756104469299,-0.655241847038269,0.12840266525745392,2.7244045734405518,0.37109729647636414,-0.7280192971229553,0.6113547086715698,2.180000066757202,1.547890305519104,-1.7609667778015137,-0.7451596856117249
-1.4229216575622559,-0.017215535044670105,0.705954909324646,0.5296807885169983,0.39292454719543457,-0.15922638773918152,0.292558491230011,-1.1668381690979004,0.12794294953346252,0.4679720103740692,0.8408456444740295,-0.7594239115715027,-0.5734546184539795,1.2228375673294067,-1.050096035003662,-0.10490622371435165,0.707753598690033,1.8763457536697388,1.4557509422302246,-0.6576337814331055,0.5108122825622559,0.6412505507469177,-0.14223580062389374,-0.659639835357666,-0.5321572422981262,-0.14734748005867004,0.4657461941242218,-0.016994889825582504,-1.6397275924682617,0.3285071849822998,-0.07302578538656235,-2.1917872428894043,-1.4081602096557617,0.19357740879058838,-1.3507622480392456,1.2133996486663818,-0.8909692764282227,-1.5578162670135498,0.4936831295490265,-0.1718139946460724,0.7089493274688721,0.5558094382286072,0.630031168460846,0.11975038051605225,0.08354857563972473,0.9672362804412842,-0.19653436541557312,1.6583070755004883,-0.08448769152164459,2.0120232105255127,0.10084915906190872,-0.10291609168052673,0.49445536732673645,-0.8672606348991394,-0.5833629965782166,-0.5455209612846375,-0.06527944654226303,-1.1575363874435425,1.2807916402816772,-0.012908845208585262,0.7859818339347839,0.11913527548313141,-0.8887906670570374,-0.8987243175506592,-1.5660158395767212

Slice 8
-1.5461499691009521,-1.2965902090072632,0.2667478322982788,0.655534565448761,-0.5290029048919678,-0.6036972403526306,-0.465437114238739,-1.149789810180664,0.4757225513458252,-0.7205384373664856,-0.16624239087104797,-0.41123074293136597,0.645595908164978,-0.8969486951828003,-0.42319366335868835,0.33647096157073975,-0.09970654547214508,0.7737507224082947,0.6866859197616577,1.612474799156189,1.1954195499420166,-0.05786097049713135,0.24768196046352386,-0.046267613768577576,1.5318578481674194,-0.19717247784137726,-0.19343577325344086,0.6948091983795166,1.790557861328125,-0.1112409308552742,1.1603329181671143,-0.7543826103210449,-0.020767761394381523,0.38598451018333435,-1.5698766708374023,-0.06205926835536957,1.2574270963668823,-0.5285589694976807,1.709329605102539,-0.4070620834827423,-0.34792277216911316,-0.23481309413909912,1.3165616989135742,-0.5584230422973633,-0.23140908777713776,1.4285986423492432,-1.1155426502227783,-1.3094629049301147,-0.4648309648036957,-0.35826945304870605,-1.086972951889038,0.20861513912677765,-0.10181362926959991,1.1720504760742188,1.6032644510269165,-0.21143238246440887,0.7808725237846375,1.1361794471740723,-0.022309819236397743,0.17472320795059204,-0.5333559513092041,0.21553461253643036,0.1102399230003357,0.04931120201945305,-0.5453231930732727
-0.4923543334007263,-0.4588015079498291,-1.0417025089263916,-0.248268723487854,1.4457327127456665,-0.6526448130607605,0.922455370426178,-0.09683080017566681,-0.29896536469459534,1.1280701160430908,-0.5919321775436401,2.4594485759735107,-0.7594972252845764,-1.9201576709747314,-0.3791877329349518,-1.3094459772109985,1.120627999305725,-1.043891429901123,1.8008443117141724,1.9794856309890747,-0.4318798780441284,0.5508254170417786,0.6534585952758789,1.298600196838379,1.8724334239959717,-1.272842288017273,0.5466236472129822,-1.0062544345855713,-1.5660914182662964,0.30773982405662537,-1.1116578578948975,1.768906831741333,-0.8932042121887207,0.734282910823822,-1.410174012184143,-1.0575718879699707,0.009899443946778774,-1.3571796417236328,2.6426327228546143,-0.08633929491043091,-0.24655115604400635,-1.209142804145813,0.21441300213336945,1.629523754119873,1.7081667184829712,-0.9766941070556641,0.2214682251214981,1.39670729637146,0.8630516529083252,1.517259120941162,1.9387582540512085,1.2853319644927979,-1.928375244140625,1.255253791809082,-1.6578706502914429,-1.636544108390808,-0.42668887972831726,-0.2960394024848938,2.2743453979492188,0.4520866274833679,-0.715340256690979,-0.30016353726387024,-0.24369806051254272,-0.12266064435243607,-1.4213143587112427
0.26377081871032715,-0.94251948595047,-0.48434579372406006,2.1134769916534424,1.5461359024047852,0.3607587516307831,2.3433949947357178,1.2419012784957886,1.4258179664611816,1.030557632446289,-1.631234049797058,1.408606767654419,-0.274414986371994,0.6049611568450928,-1.163470983505249,-0.340112566947937,-0.8082561492919922,0.5458853244781494,0.4276570677757263,0.8698147535324097,-1.1284537315368652,-0.30237728357315063,-0.11554179340600967,0.4412158727645874,0.8868448734283447,0.3004220426082611,-1.3472927808761597,-0.537227988243103,1.4219683408737183,0.044806916266679764,1.2211697101593018,-0.5924872159957886,-0.4604727327823639,-1.9650745391845703,1.0474417209625244,1.277005672454834,-1.577661395072937,-0.17029155790805817,0.34543105959892273,-0.32279860973358154,-0.911923348903656,0.0824693813920021,-0.20894083380699158,1.2727676630020142,-0.23226255178451538,-0.48950228095054626,0.25816428661346436,0.6547060012817383,-1.371788740158081,0.39178183674812317,0.7051524519920349,-1.8309587240219116,0.5574754476547241,0.6680881381034851,-0.13231918215751648,0.6032566428184509,-1.3286107778549194,-1.6420643329620361,-0.1956796944141388,1.7216016054153442,-1.5824775695800781,2.228858470916748,-0.19123782217502594,-1.157123327255249,0.617432713508606
0.6795815229415894,0.13679297268390656,0.7669442296028137,-0.8427860736846924,-0.9219976663589478,1.3646587133407593,1.0012938976287842,-2.029437780380249,-0.0148044778034091,-0.6969583630561829,1.1421582698822021,1.4642287492752075,1.2048872709274292,0.14646193385124207,1.306792974472046,0.7944307923316956,-2.526031017303467,-2.620288848876953,-0.09299446642398834,1.005859136581421,-1.6508280038833618,2.016878604888916,-1.031651496887207,-0.5957357883453369,0.6660001873970032,-2.569355010986328,0.09713948518037796,0.6072289347648621,1.4950400590896606,-3.072167158126831,2.508068799972534,-1.1663681268692017,-2.3131721019744873,0.47512683272361755,-2.065913677215576,0.7578331828117371,0.5567642450332642,-0.6467639803886414,-0.41748249530792236,1.1226518154144287,1.3542108535766602,0.44515684247016907,0.23375409841537476,0.1044033020734787,-1.556770920753479,0.5155420303344727,1.2331492900848389,0.6035970449447632,0.5454607605934143,0.2607389986515045,1.4248524904251099,-0.24390918016433716,0.7188315987586975,0.1101304441690445,-0.8253181576728821,0.7831383943557739,-0.29827040433883667,-0.005171182565391064,-0.353191614151001,-0.20727407932281494,1.0637019872665405,0.5519447922706604,-2.51774263381958,-0.6269720792770386,-0.3037010133266449
-0.8168996572494507,-1.262887954711914,1.5342644453048706,0.108864925801754,0.011098631657660007,-0.4857316017150879,1.3859819173812866,1.220991849899292,0.536920964717865,-0.9408639669418335,-1.4860759973526,-0.5465108156204224,2.121992588043213,1.3802181482315063,0.6529873013496399,1.3916199207305908,0.3590976893901825,0.24636773765087128,0.6859533786773682,-1.263537883758545,0.7703871130943298,0.40702083706855774,0.7353869676589966,1.484429955482483,-1.5578504800796509,-0.029625821858644485,-0.3471113443374634,-0.9124978184700012,1.8083513975143433,-0.12818343937397003,-0.31783875823020935,-0.4634571969509125,0.7590681910514832,0.0927312821149826,0.5270936489105225,1.2826459407806396,-0.3005415201187134,-0.6416205763816833,1.5754446983337402,-0.5762442350387573,-0.9488047361373901,-0.5440230369567871,-0.19584010541439056,0.700380802154541,-0.7543419003486633,0.47280970215797424,-1.493438959121704,-0.199539452791214,-0.570446252822876,0.5814856290817261,-0.5215374827384949,-1.8534069061279297,-0.17811957001686096,0.22288304567337036,0.26626014709472656,-1.1648939847946167,-0.6499271392822266,0.7426855564117432,-0.6313018202781677,-0.2158738523721695,-0.5573541522026062,0.24583764374256134,0.22908268868923187,-0.168172687292099,-0.21731030941009521
-0.07873116433620453,0.8727434873580933,1.9564532041549683,-0.21262812614440918,-1.3451400995254517,0.2949759066104889,-0.5189433693885803,-0.5144022107124329,-0.9831483364105225,0.2830459177494049,0.6427815556526184,0.698532223701477,1.7495810985565186,-0.01587766595184803,-0.5597684383392334,1.5019400119781494,0.4341212213039398,-0.11170170456171036,0.23834717273712158,-0.36309322714805603,-1.0239362716674805,0.331352174282074,0.2438039481639862,-0.6174594163894653,-0.520621657371521,-0.6497353911399841,1.1200687885284424,0.4259709417819977,1.2863060235977173,-0.33828213810920715,1.496675968170166,-0.5120773911476135,-0.1949370950460434,0.3682161867618561,0.43789568543434143,0.1726912409067154,-0.1460111141204834,0.8113879561424255,-1.2307024002075195,0.5503283143043518,0.38120412826538086,0.9632030129432678,0.7037761211395264,-0.6649519205093384,-0.3234013319015503,1.051699161529541,-0.2382156103849411,1.5430704355239868,-0.704780101776123,0.23431707918643951,-0.8177812695503235,0.23110023140907288,0.8462544679641724,-1.0703233480453491,-1.1483047008514404,0.9650470614433289,-0.9841817617416382,-0.08289135247468948,0.131434828042984,-1.3756767511367798,1.6512348651885986,-1.2817866802215576,-1.7570505142211914,-0.42496412992477417,0.6079795956611633
0.19797383248806,-0.591583788394928,-1.750266194343567,0.2563019394874573,-0.5789123773574829,-0.22050480544567108,-0.9197771549224854,-0.5631749033927917,-1.392088532447815,-1.9663448333740234,-0.6402093768119812,-0.16725534200668335,-0.7037341594696045,0.3781195878982544,-1.736003041267395,1.005340337753296,0.19677969813346863,-1.133317470550537,0.29265064001083374,0.02282937988638878,-0.2746566832065582,-1.4566384553909302,0.834873616695404,0.4658656716346741,0.8649516105651855,-0.2593599557876587,0.8002462983131409,1.2420001029968262,-0.28627440333366394,0.08068397641181946,0.4763515591621399,-1.19661283493042,0.039536476135253906,-1.158804178237915,-1.153585433959961,-0.9060182571411133,0.29138097167015076,0.228760227560997,0.10461605340242386,1.0720198154449463,0.07695192843675613,1.445376992225647,-2.54925799369812,0.1378500759601593,-0.6452314853668213,-0.9966919422149658,1.11113703250885,0.05708989128470421,-2.079277276992798,2.073972463607788,-0.48930734395980835,-0.2748063802719116,1.1674156188964844,-0.8657182455062866,0.6335589289665222,0.378409743309021,-0.3404969871044159,-0.20788879692554474,0.07287430763244629,-1.4759823083877563,0.029783157631754875,-0.6654359698295593,-0.6227328181266785,0.8727601766586304,-0.10968109965324402
0.9387246370315552,0.6630827784538269,1.5729814767837524,0.30164867639541626,-0.32680344581604004,0.8471630811691284,-0.5924944281578064,-1.0454440116882324,-0.9884657263755798,-0.19191017746925354,0.40263494849205017,0.12021093815565109,0.28425654768943787,-0.030310845002532005,0.46739593148231506,1.5877857208251953,0.4358096420764923,0.3654303550720215,-0.2147156000137329,0.18594355881214142,0.016787920147180557,0.16874843835830688,-0.07517196238040924,-1.1588823795318604,0.07703527808189392,-1.7230587005615234,0.3935202658176422,0.01993248052895069,0.6143614053726196,-0.5311539173126221,0.8075946569442749,0.24327310919761658,0.7182779312133789,-0.8028231859207153,-0.8197312355041504,-0.7868267297744751,0.200895294547081,0.5346869826316833,-0.04898103326559067,-0.19729158282279968,0.2204420268535614,-0.6578115224838257,0.23860123753547668,0.8606532216072083,-0.759749710559845,1.190325140953064,0.3691558837890625,0.14075002074241638,-0.023450462147593498,0.2521832585334778,-1.333439826965332,-1.0862956047058105,1.775540828704834,-0.04747529327869415,0.5822233557701111,-0.5098075866699219,-0.9301512241363525,1.7830069065093994,0.31908634305000305,0.9441938996315002,-0.5944963693618774,-2.134291172027588,-0.0658334344625473,-0.0865500345826149,-0.40710508823394775
0.7034186720848083,-1.3903459310531616,-1.5041545629501343,0.3700340986251831,-0.2291562557220459,-1.0326632261276245,-1.1299805641174316,0.5057169198989868,1.9664188623428345,0.8420112729072571,-1.2313885688781738,-0.3644162118434906,-0.520786702632904,-0.20789185166358948,0.3700309693813324,-1.2906156778335571,-1.1196192502975464,-1.2583264112472534,0.9180979132652283,0.32621899247169495,-0.9413520693778992,1.9892311096191406,-0.3748319745063782,0.4304095208644867,0.44862431287765503,-0.33983275294303894,1.2106022834777832,0.9027952551841736,-0.2377227395772934,-0.547801673412323,0.3568645417690277,0.7243331074714661,-0.5057894587516785,-0.6442599296569824,-0.44116371870040894,1.6245133876800537,1.5005497932434082,0.17215509712696075,1.4393929243087769,-1.2479280233383179,-0.020523767918348312,0.41903385519981384,-0.48044759035110474,1.0531160831451416,-1.8138991594314575,0.7361034154891968,0.7705107927322388,0.8847233653068542,-0.6640146374702454,-0.7494965195655823,-1.495055079460144,-1.5239235162734985,-0.02089141681790352,1.1986454725265503,0.47278109192848206,1.1792515516281128,-0.45679759979248047,-0.26585543155670166,-1.4877034425735474,0.9590226411819458,-1.3970179557800293,0.1670648157596588,-0.365160197019577,0.7206739783287048,1.2631819248199463
-0.7863476872444153,0.7843433022499084,-1.0962190628051758,-1.4652003049850464,-1.9067084789276123,-0.25096264481544495,-0.8232179880142212,-0.9401147961616516,0.38483166694641113,0.7647148370742798,0.005114909261465073,0.3987054228782654,-0.16784445941448212,0.9631673097610474,-0.10814019292593002,0.5309000015258789,1.9178433418273926,-0.21176131069660187,0.03568251058459282,1.1557282209396362,0.08036166429519653,1.3490463495254517,0.9429436326026917,1.2190369367599487,0.8530818819999695,0.7466943860054016,0.3133177161216736,0.22652898728847504,-0.012279965914785862,0.794748067855835,1.139533519744873,1.3120346069335938,-1.4792454242706299,1.2380506992340088,0.07819536328315735,-0.38906991481781006,1.5198653936386108,-0.23137207329273224,-0.28197214007377625,-0.5295175909996033,0.4071866273880005,-0.32959023118019104,-0.32351091504096985,-1.1309620141983032,1.4908729791641235,1.6937308311462402,-0.04767680913209915,-0.02697436511516571,-0.9548095464706421,0.2119363397359848,0.7036504149436951,1.428890585899353,0.20056478679180145,-0.8967820405960083,-0.7470187544822693,-1.095593810081482,-0.961470365524292,2.194089889526367,1.4644452333450317,-1.3169173002243042,-0.024929137900471687,-1.3846365213394165,-0.6152975559234619,0.17090913653373718,-0.6608622670173645

Slice 9
-0.4076310098171234,0.03542960435152054,-1.0561970472335815,0.9536715149879456,-0.8813485503196716,-0.632458508014679,-1.6963002681732178,-0.8111155033111572,1.5601778030395508,-0.914759635925293,-0.10476066172122955,-1.5223710536956787,-0.10807541012763977,-1.003724217414856,0.8696740865707397,0.734225869178772,-0.32193121314048767,-1.3863011598587036,-1.3951818943023682,0.1272944211959839,-1.0389745235443115,1.1265352964401245,-1.4831136465072632,-0.6431068181991577,-1.5577887296676636,1.779855728149414,-0.5648906230926514,-0.46738922595977783,1.2859137058258057,-0.8932192325592041,-0.29830998182296753,0.11867372691631317,3.0218276977539062,0.34514448046684265,1.2068450450897217,-1.301247477531433,-0.7056783437728882,-0.08721522241830826,-1.0780134201049805,-1.3400776386260986,0.9994701147079468,-0.03517770394682884,-1.59281325340271,0.22660593688488007,-0.6792392730712891,2.1257331371307373,1.161841630935669,-0.6799107193946838,-1.0566879510879517,-1.1077550649642944,-0.953601598739624,-1.1361157894134521,-1.4829071760177612,-0.7187148332595825,-0.3576878607273102,0.2848588824272156,-1.5872750282287598,0.10347656905651093,0.7546443939208984,1.6922568082809448,0.12455496191978455,0.27362456917762756,0.8676833510398865,0.39026427268981934,0.7487301230430603
-0.6917102932929993,-0.31409743428230286,-1.9002165794372559,0.5932275056838989,0.9804930090904236,0.8511908650398254,0.5142071843147278,-0.09770561754703522,-1.376427412033081,-0.10820536315441132,0.13367851078510284,0.5461586117744446,-0.1403592824935913,-0.7047011256217957,0.22251205146312714,-0.06032435968518257,1.9492151737213135,-0.29712194204330444,0.08964921534061432,1.721523404121399,0.9515203237533569,0.936947762966156,-0.4832516014575958,0.7616440057754517,0.33853819966316223,0.868185818195343,-2.415404796600342,0.23299551010131836,-0.8230005502700806,-0.4974614977836609,-2.1829872131347656,0.18361717462539673,0.7400753498077393,1.2653156518936157,-0.4319191575050354,-0.36787882447242737,-0.4056693911552429,0.570057213306427,-0.8080863952636719,-0.2537055015563965,-1.2880854606628418,0.5612531304359436,-1.0508666038513184,-0.2896842956542969,0.11801180988550186,1.6903434991836548,1.4638769626617432,-0.7321120500564575,-0.03301973640918732,-0.45715415477752686,-1.1777621507644653,0.20518605411052704,0.9231347441673279,-1.2552138566970825,-1.339551568031311,-2.285595178604126,-0.26026651263237,0.6580072045326233,-0.67350834608078,-2.2271323204040527,-1.3529589176177979,-0.8683397173881531,-1.6507455110549927,1.0699174404144287,0.11879526823759079
-0.42504560947418213,-0.044880300760269165,-1.6604543924331665,-0.5541525483131409,0.8401370048522949,-0.5799321532249451,-0.08410429209470749,-1.3844490051269531,-0.261020690202713,-0.5929939150810242,-0.5540715456008911,-0.18982060253620148,1.6989047527313232,-1.1522290706634521,1.237217664718628,-0.18736150860786438,0.441474050283432,1.0211658477783203,1.3483057022094727,-0.3562534749507904,1.92325758934021,0.31325364112854004,-1.0047171115875244,1.0132468938827515,-1.7685173749923706,-0.45321717858314514,-0.9150841236114502,0.22478005290031433,-1.2322475910186768,0.2629055976867676,-0.1932988464832306,1.6555161476135254,0.5971587896347046,0.47729796171188354,0.028629042208194733,0.015154446475207806,0.5367778539657593,-0.6271030306816101,-0.9011638760566711,-1.0947951078414917,0.32871702313423157,-0.8124220371246338,-0.5429812073707581,-1.2191162109375,-0.7823342084884644,-1.7174878120422363,0.38108396530151367,1.1391571760177612,0.25285089015960693,0.03330046683549881,1.5097724199295044,-0.7658766508102417,-0.4356057345867157,-2.3369195461273193,-0.14814265072345734,-0.59383624792099,-0.6554984450340271,-0.49895650148391724,-0.14936384558677673,0.5552985072135925,0.5965745449066162,0.20049142837524414,0.14841915667057037,0.6383707523345947,0.45408695936203003
0.7629695534706116,1.5489370822906494,-2.0569875240325928,-0.9333465099334717,0.6717357635498047,1.7672213315963745,-1.1502294540405273,-0.1364710032939911,0.9095245003700256,0.842498242855072,0.8540970683097839,0.5315235257148743,-0.4715467691421509,-1.408141016960144,-1.216023564338684,0.9225272536277771,1.1279139518737793,0.48296353220939636,-0.16867457330226898,-0.087017722427845,1.2071261405944824,0.26155316829681396,-0.04342931509017944,0.9544857740402222,-0.3238546550273895,-0.8650657534599304,0.015127037651836872,1.3842912912368774,1.6734521389007568,1.1931636333465576,-1.9144365787506104,1.0961166620254517,0.3896673917770386,2.3120169639587402,2.4826176166534424,0.31185951828956604,1.2183146476745605,-1.5530660152435303,0.13883158564567566,-0.5763435959815979,1.1311028003692627,-0.30740630626678467,-0.40669113397598267,-1.55374014377594,-0.349515825510025,0.13137097656726837,1.7872214317321777,-0.791638195514679,-0.9056512713432312,1.6017826795578003,-0.9594915509223938,0.12574484944343567,1.1445034742355347,0.27873924374580383,-0.5143328309059143,0.00817599892616272,-0.2607148289680481,1.4970940351486206,0.7301079034805298,1.6554226875305176,-0.9841299057006836,-0.32488688826560974,0.6583694219589233,0.3917328119277954,-0.06527101248502731
-1.3006775379180908,0.7016208171844482,-0.5948971509933472,-0.6754404306411743,0.23799316585063934,-0.0706581324338913,-0.00503389211371541,-0.14580261707305908,-1.1559957265853882,0.22795401513576508,0.18402399122714996,-1.0098706483840942,0.8785766363143921,-1.4539909362792969,-0.04044792056083679,0.17179609835147858,-0.6248835325241089,0.8820635676383972,1.2309064865112305,0.9985522627830505,-0.3955141305923462,1.9527698755264282,1.0443699359893799,-1.5227833986282349,0.12484462559223175,-1.3824516534805298,-1.9399950504302979,0.2662576138973236,-0.4065428674221039,-0.4598589837551117,-0.7945202589035034,0.7973299026489258,0.2018958479166031,-0.8532813191413879,0.4139772355556488,-1.3073326349258423,0.2611580491065979,1.439774751663208,-0.028752652928233147,0.34166795015335083,0.4414379596710205,-0.3139972388744354,-1.6836507320404053,-1.9719308614730835,-0.3614876866340637,-0.5763107538223267,-0.8053464293479919,-0.808908998966217,-0.0009699199581518769,-0.6258906126022339,-0.08945916593074799,0.54972243309021,0.26571303606033325,0.2603338062763214,-0.7429446578025818,-1.3121048212051392,0.5965151190757751,0.1284659504890442,0.197555810213089,-0.7723957300186157,-0.6256283521652222,-0.7013454437255859,-0.22255881130695343,0.20025722682476044,-1.7811518907546997
0.25459516048431396,0.41241300106048584,2.090437173843384,0.6252074837684631,1.7717115879058838,0.17567424476146698,0.46390870213508606,-0.9025626182556152,1.3917940855026245,0.8594178557395935,0.02084808051586151,1.4825899600982666,0.7501498460769653,-1.263215184211731,1.9670616388320923,2.045729160308838,1.0598264932632446,1.2739450931549072,1.1846026182174683,-0.662241518497467,0.9481226801872253,-1.6754292249679565,0.477530300617218,-1.264074683189392,2.928506851196289,-0.3453128933906555,-0.7562921643257141,0.37575992941856384,-0.8632723689079285,0.8489503860473633,-1.1987472772598267,0.8116165995597839,0.17505879700183868,-0.15777821838855743,0.0845494270324707,0.9226900339126587,0.0159931443631649,-0.7189391851425171,0.15434563159942627,0.4074346721172333,0.15260346233844757,0.7071225643157959,-0.7348732352256775,-0.6901885867118835,0.9289067387580872,-0.3883506655693054,1.1933510303497314,-0.6521624326705933,0.6459057331085205,0.6500959396362305,-0.8937665820121765,0.7387520670890808,-1.624179720878601,0.2760387361049652,-1.0216891765594482,0.3833262324333191,-0.0332183875143528,-1.1684306859970093,1.5800654888153076,-0.2857109606266022,2.278219699859619,0.17052234709262848,-1.3535845279693604,-0.20747250318527222,-0.09941764175891876
0.6485480070114136,0.43927085399627686,0.07388048619031906,-1.0267300605773926,-0.1361098289489746,1.9040428400039673,0.6899533867835999,-0.22854243218898773,0.9618967175483704,-0.15814314782619476,0.5804685354232788,-1.1042197942733765,0.2681731581687927,0.025332000106573105,1.8627122640609741,0.11005736142396927,-0.6591891646385193,0.1914401650428772,0.34430378675460815,-0.3800612688064575,-0.5292818546295166,-0.6954883933067322,1.0112025737762451,-0.6409268379211426,0.1462121605873108,0.8910613656044006,0.7221588492393494,-0.15136049687862396,-0.9828005433082581,-0.5203375220298767,-0.050059594213962555,0.44748803973197937,-1.6840678453445435,-0.49315398931503296,1.0817228555679321,-0.3574829399585724,0.5280269980430603,-0.8671333193778992,1.5983755588531494,0.9009309411048889,1.049414873123169,0.8168396949768066,0.6770317554473877,-0.9530261158943176,0.9769196510314941,-0.5512080788612366,-1.2916048765182495,0.7578341960906982,-0.9364970922470093,0.4159926772117615,0.49139872193336487,0.7212544679641724,-0.38263726234436035,0.6697927117347717,0.02203521877527237,-0.4609430432319641,0.4604698121547699,0.24254541099071503,-1.071816086769104,0.05056636035442352,-0.47809261083602905,1.1353087425231934,-0.23330816626548767,-0.08701347559690475,1.253269910812378
-0.9354486465454102,2.2206482887268066,-1.6274149417877197,0.9534084796905518,-0.6600550413131714,0.5635811686515808,-0.9084078669548035,-1.6605985164642334,-0.34647879004478455,-0.45267292857170105,0.4160732626914978,0.35869118571281433,-0.7061987519264221,-0.015511359088122845,-0.5183553099632263,-1.3025301694869995,-0.5222916603088379,-0.23995117843151093,-0.880455493927002,0.42627182602882385,0.6464663743972778,-0.24403077363967896,0.27463939785957336,-0.0965486466884613,-1.428411602973938,0.32594841718673706,-0.7351102232933044,-1.5571388006210327,-0.10697130113840103,0.5577956438064575,0.7369028925895691,-1.205886721611023,0.7586851716041565,-0.5255740880966187,1.1335641145706177,-0.7429520487785339,-2.9378483295440674,-0.9816686511039734,0.727320671081543,1.0010852813720703,0.14796288311481476,-0.040991734713315964,0.8158208727836609,-1.6835203170776367,-1.7131273746490479,1.7759093046188354,0.3798498213291168,1.746050477027893,0.44799569249153137,1.3045750856399536,-0.09075320512056351,1.1049960851669312,-0.7486048936843872,0.9764682650566101,0.7377138733863831,0.4435622990131378,-2.139575242996216,-0.8895794153213501,-0.8773547410964966,0.4788713753223419,-0.44485801458358765,-0.3981476128101349,-1.2453402280807495,1.1811366081237793,1.3718196153640747
0.4135529398918152,0.9449471831321716,0.8958139419555664,0.9995988607406616,-1.255349040031433,0.9094485640525818,-0.6679078936576843,-0.1566901057958603,0.6436082720756531,-1.6806373596191406,-1.816187858581543,2.386470317840576,-2.192556142807007,-0.5471205711364746,0.21906858682632446,-0.14078688621520996,0.05611908435821533,-1.6530059576034546,-2.5629994869232178,-1.0629687309265137,-0.11007130146026611,-0.7404938340187073,0.8697382807731628,2.1950318813323975,0.8761404752731323,1.0410130023956299,-0.36962538957595825,-0.8291579484939575,-0.2754216194152832,2.0818099975585938,-1.6286263465881348,0.33433154225349426,-0.11647117137908936,0.6975327730178833,0.9074158668518066,1.780578851699829,1.6414493322372437,1.4075278043746948,-0.20874151587486267,0.9093393683433533,1.2586941719055176,-2.211414337158203,-1.7926448583602905,1.3389908075332642,-0.7647923827171326,0.6254513263702393,0.08016740530729294,-1.070796251296997,2.498526096343994,1.2873510122299194,-1.3703275918960571,0.647509753704071,1.13385009765625,-0.25472602248191833,-2.3071999549865723,-0.15056662261486053,1.3905147314071655,0.24018391966819763,-0.550303041934967,-0.5033456087112427,-0.45324787497520447,-1.7547831535339355,-1.5797882080078125,-1.7314550876617432,-0.04905138909816742
2.105212450027466,0.29014837741851807,0.2101222723722458,1.1294305324554443,1.460854172706604,0.8147703409194946,-1.07936692237854,-1.28836190700531,-1.7299085855484009,-0.9615771770477295,-0.20372143387794495,0.7597224116325378,0.5888078212738037,-1.3031400442123413,0.4115803837776184,0.5043317079544067,0.7472819685935974,-0.5228832364082336,0.9275947213172913,0.5651491284370422,1.2947609424591064,0.9759665727615356,-1.3935790061950684,-1.258202075958252,0.9945788383483887,1.4128177165985107,0.9552482962608337,-0.007900099270045757,-0.61951744556427,0.6026788949966431,0.8044971227645874,0.6748788952827454,-0.6009653806686401,0.7713066339492798,-0.0932806134223938,0.4677949845790863,-0.028574377298355103,-0.805277943611145,0.9283165335655212,-0.40035367012023926,-0.8194321393966675,-1.4263486862182617,-0.05400123447179794,0.8766512274742126,0.837826669216156,0.3306989371776581,0.05348411947488785,0.2454489767551422,1.2283523082733154,-0.14986538887023926,1.5023460388183594,1.4115949869155884,0.522315502166748,-0.266187846660614,0.7724880576133728,0.9510456919670105,-1.690075159072876,0.7316240072250366,0.4271625578403473,1.251755714416504,0.035709165036678314,0.3879624903202057,0.039241690188646317,-0.7935013175010681,-1.9055463075637817

Slice 10
-0.20454426109790802,-0.6809787750244141,-1.5992158651351929,-0.18775883316993713,1.4067485332489014,-0.07930533587932587,-1.1412153244018555,-1.6590356826782227,-0.03199983760714531,1.1286503076553345,0.7418393492698669,-0.6105661988258362,-1.4761046171188354,0.5878980159759521,-1.2813576459884644,-1.3208069801330566,0.18513819575309753,1.133184552192688,0.2188447117805481,1.075000524520874,-0.3449343740940094,1.022919774055481,0.4594043791294098,1.4893913269042969,0.618975818157196,-1.0266391038894653,1.3803876638412476,0.2552088797092438,0.6258069276809692,-2.4624178409576416,-0.9501604437828064,1.2975682020187378,1.25679349899292,1.696413516998291,1.2154285907745361,-0.6337873935699463,-1.4870798587799072,1.266126275062561,-0.18053428828716278,-0.21934548020362854,0.5013663172721863,0.42459800839424133,-1.7600228786468506,-1.802150845527649,0.2587127387523651,0.4153212308883667,-0.025403108447790146,-0.5735042095184326,-0.8616911172866821,0.9781438112258911,-1.2013428211212158,0.7445502877235413,-0.8113107085227966,0.45405203104019165,-3.0269038677215576,0.7389876246452332,-1.0922746658325195,-0.3644959032535553,0.5013688206672668,-1.1249892711639404,0.7571519017219543,-0.30451491475105286,-1.504465937614441,-0.862324595451355,-0.0992932915687561
1.4130865335464478,-1.5336437225341797,1.344183325767517,-0.30580636858940125,-0.5841488242149353,0.5832879543304443,0.2725953459739685,-1.5190778970718384,-2.5161426067352295,-0.9720445871353149,-1.2594020366668701,0.5665779113769531,-0.19623318314552307,-1.4928854703903198,0.6074986457824707,1.381567358970642,0.4160020649433136,-2.2578887939453125,1.0296355485916138,-0.9679248929023743,0.0040983534418046474,-1.1126865148544312,0.07946038991212845,0.4852265417575836,-0.3178045153617859,1.6083046197891235,-0.5922904014587402,-0.26890209317207336,-1.5961472988128662,0.22103899717330933,-0.3611522912979126,-0.13235297799110413,-0.9055271148681641,-0.8688200116157532,1.4575793743133545,-0.4284612536430359,0.6164500713348389,-0.0032722684554755688,1.26325261592865,-1.1084290742874146,-1.1033141613006592,0.1431294083595276,-1.2959330081939697,0.9981737732887268,1.1855343580245972,1.719991683959961,-1.6536593437194824,-0.2317209541797638,-0.1843506395816803,-0.6192441582679749,1.596433162689209,0.42883965373039246,0.2293797731399536,0.7484572529792786,-1.2421377897262573,1.2045294046401978,1.3001105785369873,-1.8400282859802246,2.128640651702881,-0.5603421926498413,-1.1895675659179688,-0.024099238216876984,-1.1866352558135986,0.38088271021842957,-1.7056994438171387
0.011007887311279774,-0.4538255035877228,0.4046022593975067,-2.031827688217163,2.081782817840576,1.5252642631530762,-0.7814446687698364,0.30308011174201965,0.5488570928573608,0.7190596461296082,-0.4752679467201233,-1.0477803945541382,-0.23548303544521332,0.5406568646430969,-0.21303468942642212,-0.7494686841964722,0.4553828835487366,-0.9224469661712646,1.703269600868225,-1.1557191610336304,0.9534086585044861,1.9885364770889282,0.5970243811607361,-0.2414591908454895,0.11571270227432251,1.0079494714736938,-0.903862476348877,-0.3405351936817169,-0.45918145775794983,0.4682040512561798,-0.6704105138778687,0.2239590734243393,1.3199436664581299,-0.3035667836666107,1.747684359550476,0.7790937423706055,0.25528931617736816,0.7329941987991333,-0.43552982807159424,0.4095255732536316,-0.4490070641040802,-0.06326271593570709,-0.7575746774673462,-0.9413880109786987,-2.0675015449523926,1.4055209159851074,-0.5175076127052307,0.1868961751461029,0.8953928351402283,-0.36025306582450867,-1.0893290042877197,1.8248356580734253,0.0871114507317543,-0.6014571189880371,-1.1762887239456177,1.6357982158660889,-0.6859983205795288,0.08119860291481018,-0.20061343908309937,2.108099937438965,-0.6388679146766663,-0.5932084321975708,0.33684974908828735,-2.386286497116089,1.76701021194458
-1.9170969724655151,-2.8063063621520996,-0.8613091707229614,-1.4589807987213135,-0.1610374003648758,-0.8250600099563599,0.4687313735485077,1.0031222105026245,0.8276568055152893,-0.6992790102958679,0.6560879945755005,1.0507947206497192,-0.396588534116745,-1.201358675956726,0.3316687047481537,-0.723298192024231,0.810247540473938,1.4904803037643433,-0.47704023122787476,-1.0914849042892456,0.29454314708709717,-0.22833724319934845,1.365372896194458,-1.2641397714614868,-0.8456603288650513,0.3968164026737213,-0.5078595280647278,2.274416446685791,0.8622475862503052,0.481749564409256,1.7518209218978882,0.3534126579761505,1.3370944261550903,0.9698241353034973,0.4028846025466919,-0.36960676312446594,-0.8496041893959045,1.956251859664917,-1.9488911628723145,2.9935519695281982,-1.369339942932129,-0.8210542798042297,0.30660170316696167,-0.21742908656597137,-0.7117912173271179,-0.6074888110160828,0.8976322412490845,0.09630820155143738,0.3183741867542267,-1.2159560918807983,0.4092051386833191,-0.4010750353336334,1.372389554977417,-1.3964722156524658,1.546419620513916,0.20525814592838287,-0.4595950245857239,1.4445749521255493,-0.4483333230018616,-1.2220195531845093,1.5781184434890747,0.5087639689445496,-1.3777821063995361,-0.7090715169906616,-0.2053188979625702
0.5200628638267517,-1.6227365732192993,0.593917727470398,-1.5356574058532715,0.7804643511772156,0.9714226126670837,-0.7321167588233948,-1.0589052438735962,-0.8135817050933838,0.49332550168037415,1.1307778358459473,0.4455919861793518,0.6133080124855042,-0.5042243003845215,1.6247532367706299,0.7554236650466919,0.12610922753810883,-1.9840208292007446,1.8963758945465088,1.4533717632293701,0.750123918056488,-0.3374137282371521,-1.0078054666519165,0.0961659625172615,1.2226834297180176,0.7058085203170776,-1.0781363248825073,-0.9522402882575989,-1.6283897161483765,-0.9749573469161987,-1.9731391668319702,-0.8962016701698303,1.2878936529159546,-0.14443600177764893,1.7971428632736206,-1.9184293746948242,1.3702619075775146,-0.7550230622291565,-0.3450072109699249,0.9325920939445496,-0.8680738210678101,-0.5428177118301392,-2.08548641204834,-0.5882084369659424,-0.6104995012283325,1.2642769813537598,-2.3085734844207764,0.650253415107727,-1.3906891345977783,-1.147208333015442,-0.9212907552719116,-2.022209644317627,-1.149333119392395,-1.0242642164230347,-0.18864396214485168,2.6763205528259277,0.7574039101600647,-2.0522310733795166,-0.31234344840049744,-0.08952165395021439,0.048447899520397186,-0.28219911456108093,-0.31990692019462585,-0.022780442610383034,-0.3321569859981537
-1.7864019870758057,-0.19068850576877594,1.169704556465149,0.07902605086565018,1.3380464315414429,0.47509872913360596,-0.0028379647992551327,-0.28736722469329834,1.0194889307022095,-0.9841467142105103,-2.0057458877563477,1.746488332748413,-1.3102397918701172,1.226449728012085,-0.0005879863165318966,-0.9202229380607605,0.2846290171146393,-1.1253862380981445,0.8833391666412354,-0.1486613154411316,0.7369359731674194,1.4814330339431763,0.7143509984016418,2.0887763500213623,-1.9206311702728271,-1.1894885301589966,0.3896350860595703,1.1597075462341309,1.0413395166397095,-1.2399935722351074,-0.6497018933296204,0.7424901127815247,0.8878300786018372,-0.13204826414585114,1.4487184286117554,0.8941762447357178,0.6436534523963928,-1.125411033630371,-0.17308782041072845,1.5756847858428955,0.25542107224464417,-1.1480183601379395,-1.4426689147949219,0.9015026688575745,0.1531793773174286,1.1294927597045898,-0.39384689927101135,2.229353427886963,-1.2862247228622437,0.8795759081840515,0.8680644035339355,-1.4380420446395874,-1.5528162717819214,-0.41138628125190735,-0.9557689428329468,1.9196659326553345,0.6528841853141785,-0.40851539373397827,1.6762309074401855,0.925382673740387,-0.28349509835243225,-2.406538724899292,-0.7777973413467407,-0.37430340051651,1.3882665634155273
0.5552991032600403,-0.8554283380508423,1.723314642906189,-1.7060329914093018,1.3723268508911133,-2.0386061668395996,-1.0730769634246826,-0.02143905498087406,-1.424575686454773,1.1139178276062012,0.5357117056846619,2.196634531021118,1.842864990234375,0.01955760456621647,0.11567680537700653,0.9239482879638672,1.9793034791946411,0.35679569840431213,0.6965517997741699,1.9392814636230469,1.1099222898483276,0.5053603053092957,0.2307889759540558,-0.1743449568748474,0.5094525814056396,0.6241576075553894,2.109376907348633,1.797361969947815,-1.0682973861694336,0.38990384340286255,0.15344586968421936,-0.435928612947464,-0.2645886540412903,0.4265020489692688,0.3996261954307556,0.21139992773532867,-1.3528401851654053,-1.114230990409851,-1.5652910470962524,0.5163794159889221,-0.6870448589324951,-0.430679053068161,-1.2379809617996216,-1.5996747016906738,-0.5678741931915283,1.5117030143737793,-0.7464094758033752,0.15903238952159882,-1.2608819007873535,1.7307305335998535,0.5407480597496033,-0.26909899711608887,-1.1685740947723389,-1.6683684587478638,0.559404730796814,0.08228238672018051,-0.30523139238357544,-1.1279240846633911,0.22519023716449738,-1.1176334619522095,0.6178432106971741,-0.6113325953483582,0.27357813715934753,0.25146129727363586,-0.6903380155563354
0.5333672165870667,-0.4040428400039673,-0.3566104471683502,-0.43151938915252686,-0.8571793437004089,-0.46371233463287354,-1.292065978050232,-0.28050297498703003,1.477460503578186,-1.446149230003357,0.6893180012702942,0.4478415846824646,-0.9845595359802246,-1.0514529943466187,-1.1666735410690308,-1.458809733390808,-0.4918705224990845,0.2962396442890167,0.1434079259634018,0.8288763165473938,0.9042749404907227,-1.5402147769927979,0.6899924874305725,-0.7653630971908569,-0.3498746454715729,0.3748689293861389,1.1490683555603027,-0.3103116750717163,0.9838802814483643,-0.389151930809021,-1.8889551162719727,-0.9666277170181274,-0.05769338086247444,0.7452399134635925,0.28016379475593567,-0.6182851791381836,-1.2639107704162598,1.720889687538147,-0.4085896611213684,0.13130638003349304,-0.8103514909744263,-0.407588928937912,0.019606001675128937,-1.402060866355896,0.9690675735473633,0.3851555287837982,1.6272823810577393,0.5333131551742554,-0.3664068877696991,0.44516560435295105,0.6445078253746033,-0.6195892095565796,0.5933370590209961,0.6914587616920471,-0.035846859216690063,0.2331942766904831,-0.5968807339668274,0.6620699763298035,0.876613438129425,-0.7877757549285889,0.06236449256539345,0.579200029373169,-1.8821724653244019,0.4272475838661194,-1.0423004627227783
-1.8129656314849854,1.3807975053787231,0.6587359309196472,0.2968046963214874,-0.3541948199272156,-0.8422499895095825,0.7230963110923767,-0.9582597613334656,0.07368476688861847,0.17719438672065735,0.53077232837677,-0.4304228723049164,0.8690363764762878,0.4629819393157959,-0.20161893963813782,-1.243884801864624,-1.1381361484527588,-0.9359375834465027,0.6479932069778442,0.3410164713859558,-2.329807996749878,0.49126458168029785,1.5532960891723633,-0.21310774981975555,-1.0844119787216187,-2.1286096572875977,-0.810055673122406,0.2368968278169632,0.05200896039605141,0.6182553768157959,0.02294127643108368,-0.06886546313762665,-0.7064558267593384,-2.5580461025238037,0.019617324694991112,1.5191476345062256,0.03638504445552826,0.4226175844669342,0.016412999480962753,-0.05936611816287041,1.2641490697860718,0.28072476387023926,-0.6492128372192383,-1.766048789024353,0.2704506814479828,-1.5000675916671753,-0.4870222508907318,0.3966154158115387,0.22708944976329803,0.5764560103416443,-0.1215631440281868,0.02671111933887005,-0.07062580436468124,0.5671443343162537,0.4094628393650055,0.4317758083343506,0.9875342845916748,0.6901493668556213,1.049552321434021,-1.0425735712051392,-1.7031638622283936,-1.26985764503479,0.36663708090782166,-0.8549885153770447,-1.152449607849121
0.9885860085487366,0.5795114636421204,-0.5387009978294373,0.31926095485687256,-0.3654167354106903,0.3136773407459259,0.5685006380081177,-0.246488556265831,0.13111944496631622,-1.0006442070007324,-1.1342077255249023,-1.1824276447296143,0.6382856369018555,1.1421024799346924,0.735177218914032,-0.2057219296693802,0.3569566309452057,-0.15518060326576233,1.9455567598342896,0.044798873364925385,0.5790603756904602,-1.3014050722122192,0.38961881399154663,1.0644118785858154,-0.4820498824119568,0.6168548464775085,-0.22813022136688232,-0.16232766211032867,0.36013925075531006,1.069767951965332,-0.42985132336616516,1.882696270942688,-0.9127843379974365,0.14484868943691254,0.9204919934272766,0.26220986247062683,0.37781479954719543,-0.10138093680143356,-0.1824312061071396,0.8924147486686707,0.9229755997657776,0.6389989256858826,-1.1163933277130127,-0.4817189574241638,-0.2687091827392578,0.3150513768196106,0.4119458496570587,-0.5370230078697205,-0.3037976920604706,-0.2311316281557083,0.23581333458423615,0.49173426628112793,-0.2706506848335266,-0.3294905126094818,0.28147655725479126,1.425142765045166,1.0002071857452393,0.3023987114429474,0.7730646133422852,-0.49717628955841064,2.2659623622894287,2.9375386238098145,1.7243523597717285,0.1830121874809265,-1.1309267282485962

Slice 11
-1.024882197380066,0.6613942384719849,1.91592276096344,-0.3488151431083679,-1.0463781356811523,-1.3472262620925903,-0.31749239563941956,-0.36123013496398926,-0.19568677246570587,-1.2271944284439087,-0.9580457806587219,0.39481183886528015,-0.3641589283943176,-1.822697401046753,-0.19991537928581238,-0.4671895205974579,0.8024201989173889,0.1346297413110733,0.20566332340240479,0.42459338903427124,-1.6374788284301758,-0.16838346421718597,1.3993104696273804,0.5575937628746033,0.130497008562088,-0.7466580271720886,-0.7071915864944458,-0.9407287836074829,-1.1128064393997192,0.684528648853302,-0.2130284607410431,0.8999325037002563,-0.09858369827270508,-0.17913776636123657,-0.5876027941703796,-0.6051133275032043,0.8439260125160217,-0.9805188179016113,0.4880503714084625,0.811751663684845,-0.9914190173149109,0.6720242500305176,-0.5380614995956421,1.7178678512573242,-0.6075512170791626,-1.7971986532211304,-1.0322896242141724,0.22078987956047058,0.36795392632484436,2.6631064414978027,-0.6318325996398926,1.8630599975585938,-1.0634629726409912,-0.5890910625457764,-1.0826979875564575,1.0238505601882935,2.148452043533325,0.7352728843688965,-0.6149744391441345,-0.25011777877807617,-0.8701786398887634,-1.0085879564285278,-1.3304944038391113,-0.06568344682455063,-1.1404165029525757
-2.2573587894439697,0.44191235303878784,-0.23911429941654205,-0.4194130301475525,2.0081748962402344,-0.28514501452445984,1.0717412233352661,-0.46556055545806885,-0.4436197280883789,-0.07979169487953186,0.9866802096366882,0.7761505246162415,-1.4168049097061157,-0.06506640464067459,1.3684587478637695,0.9884543418884277,-1.7451831102371216,-2.056676149368286,1.9267596006393433,0.22387555241584778,-2.5888583660125732,0.8243749141693115,-1.6657333374023438,1.0846456289291382,0.9968596696853638,-0.9471774101257324,-2.02380108833313,-0.6215077638626099,-0.23657098412513733,0.7143970131874084,-0.432189404964447,-2.41500186920166,-1.0856448411941528,-0.7605032324790955,-0.6301441788673401,0.41380777955055237,-0.5799627304077148,-0.7787855863571167,1.4413026571273804,-0.20199409127235413,2.342991590499878,-1.486687183380127,0.37696683406829834,-1.272947907447815,-0.9381028413772583,-0.18030518293380737,-1.5408611297607422,-0.8894792795181274,-0.8564932942390442,0.5150707364082336,-0.10947780311107635,-0.4520637094974518,0.5720400810241699,0.8690855503082275,-1.9679343700408936,-1.262282371520996,0.34994983673095703,1.2655197381973267,-0.590284526348114,-0.43369531631469727,-0.6358392834663391,-0.5794599652290344,-0.326539009809494,1.6340243816375732,1.2193316221237183
-0.6825238466262817,-0.19165703654289246,-0.6327380537986755,1.029971957206726,0.8726534247398376,-1.6192420721054077,0.5784094929695129,1.3703536987304688,1.2084203958511353,0.5137815475463867,0.14639164507389069,-0.06484608352184296,-0.6694880723953247,-0.6424419283866882,-0.15185274183750153,1.6943585872650146,-0.31512853503227234,-0.7517086863517761,0.30010560154914856,-0.37287676334381104,1.6401389837265015,0.29502323269844055,-0.4570382237434387,0.3732893168926239,0.9428834319114685,-0.2378857135772705,-1.1171479225158691,0.4244471788406372,0.8768933415412903,0.11952254921197891,2.275972843170166,-0.037500932812690735,-0.7532375454902649,0.07398901134729385,0.7599799036979675,0.032265037298202515,-0.22198064625263214,-0.7713474631309509,-1.0910711288452148,1.948874831199646,0.9235213398933411,0.22936905920505524,-0.8631139993667603,0.5099077224731445,-0.2500838339328766,-1.1456854343414307,-1.0258517265319824,1.6668498516082764,0.6162479519844055,-1.5710046291351318,1.6201574802398682,0.5346009135246277,0.5218130350112915,1.4083669185638428,-0.7140289545059204,1.8487896919250488,1.000023365020752,0.35722413659095764,-0.7237285375595093,1.0432757139205933,-0.2994975447654724,-1.0320937633514404,-0.8201755881309509,-0.7673633694648743,1.104215383529663
0.4652566611766815,-0.07271318137645721,-1.1613625288009644,0.6248738765716553,0.7577629685401917,-0.13672859966754913,-0.7108051180839539,1.0855305194854736,0.22643855214118958,-0.8055967092514038,-0.2685314118862152,-0.33652931451797485,-0.2619315981864929,-0.7205818891525269,-0.06506010890007019,0.3114616870880127,-0.6040129065513611,1.2145001888275146,-1.1252772808074951,-1.4614295959472656,-1.241215705871582,0.72208571434021,-0.8908181190490723,0.5955705642700195,-0.7688964605331421,-0.4084877371788025,-0.9816134572029114,1.8358399868011475,0.10954935848712921,-0.08216474205255508,-0.3179081976413727,2.3577847480773926,1.5052587985992432,0.7101531028747559,1.5785729885101318,0.5488741397857666,2.5452613830566406,-2.400085926055908,-0.31114524602890015,-0.14246834814548492,0.673965334892273,-0.36351943016052246,1.2794603109359741,-0.37959298491477966,-2.4992547035217285,-1.6489399671554565,1.1441618204116821,-0.9496941566467285,0.03131202608346939,-0.9421703815460205,0.48751574754714966,-0.9430024027824402,1.7903739213943481,0.4330753684043884,1.2064052820205688,0.2299998700618744,-0.5581386685371399,-0.4653383791446686,1.119739055633545,0.24508273601531982,-0.7040454745292664,1.1712212562561035,0.26477909088134766,0.3358667492866516,0.6146154403686523
0.050430022180080414,0.9078822135925293,-0.08768123388290405,-0.8068118095397949,0.10780724138021469,-1.932235598564148,0.5428869128227234,0.6879003643989563,-0.23940812051296234,-0.710286557674408,-1.6525672674179077,-0.5283955335617065,-0.41771551966667175,-1.0109033584594727,-1.9706151485443115,-0.48661112785339355,0.20714780688285828,0.17566990852355957,0.7893747687339783,1.3147928714752197,-0.7349992394447327,1.7832067012786865,-0.004217578563839197,-0.7039862275123596,0.4413565993309021,-1.0460841655731201,-0.5041432976722717,0.33327561616897583,0.8302683234214783,0.5447968244552612,-0.8632197976112366,-0.826595664024353,0.5823030471801758,-0.4835118353366852,0.9252547025680542,-1.0507514476776123,0.1612764298915863,0.3325076401233673,1.383751392364502,0.18269231915473938,0.9009396433830261,-0.9904134273529053,-0.5311470031738281,-1.0486347675323486,-0.4274057149887085,-0.23071660101413727,-0.6245946288108826,-0.7337483167648315,-1.609654426574707,1.0705174207687378,1.2643612623214722,-0.32979336380958557,0.9597667455673218,-0.8201068639755249,-0.38763427734375,-0.8034639954566956,-1.1887022256851196,-0.6922085285186768,-0.12086667865514755,-2.4609177112579346,0.6268777847290039,-0.23615692555904388,1.260695457458496,-0.5187928676605225,-0.17903760075569153
1.1591989994049072,-0.4927551746368408,0.24119485914707184,-1.4359488487243652,-1.418843150138855,-1.4748646020889282,0.032650191336870193,-0.6429321765899658,-1.2318280935287476,0.552647054195404,-0.11821473389863968,-0.09463191777467728,-0.22638577222824097,0.9753769636154175,-0.6967052221298218,0.3912956416606903,-0.18219611048698425,1.0713576078414917,-1.3580774068832397,0.16164402663707733,-0.25466495752334595,0.6080729961395264,-1.3240853548049927,-0.36719629168510437,-0.5059173703193665,0.17000769078731537,-0.46157950162887573,-0.9819498062133789,-0.20270732045173645,1.6905326843261719,0.41888535022735596,-0.40440621972084045,1.7110772132873535,0.2120055854320526,0.1554928869009018,0.5665051341056824,1.2531278133392334,0.2955591678619385,-1.4948675632476807,0.3229103982448578,-1.2187330722808838,-1.6665067672729492,2.136918306350708,-1.7390836477279663,0.2276143878698349,-0.27851247787475586,0.7973942756652832,0.434447318315506,-0.9256182909011841,-0.9855316281318665,1.1178783178329468,-1.3468507528305054,0.12955595552921295,-0.9246003031730652,1.398598313331604,-0.43051666021347046,0.4597904086112976,0.216600239276886,0.8908864259719849,-0.8865340352058411,-0.28918731212615967,0.3624502718448639,1.343087911605835,-0.08499374985694885,-0.5779919624328613
1.1202150583267212,-0.1676865965127945,0.13800272345542908,0.19329208135604858,0.11949986964464188,1.569761872291565,0.14150074124336243,0.9107685089111328,-1.9227163791656494,-0.30121490359306335,-0.7758738994598389,2.877539873123169,-0.4877156913280487,-0.04764733090996742,-0.7981228828430176,0.14178581535816193,-1.6071345806121826,1.0044982433319092,1.5274789333343506,-0.8812445402145386,-1.3477171659469604,0.24946489930152893,-1.0865378379821777,-0.27650198340415955,0.9072966575622559,2.8910727500915527,-0.18239548802375793,-1.2575531005859375,-2.9408650398254395,-0.14325593411922455,-0.5657594203948975,1.1330708265304565,-0.885179340839386,-1.7781614065170288,-0.7212629318237305,-0.1306355893611908,1.0423710346221924,0.4016866385936737,-1.4445029497146606,-0.720712423324585,-0.15107467770576477,-1.7971774339675903,0.46582168340682983,-1.7203925848007202,1.593333125114441,1.428736925125122,0.6259157657623291,-0.308866024017334,-0.18979647755622864,0.8041408061981201,-1.0839636325836182,-1.862695336341858,1.4535820484161377,1.9539119005203247,0.5542691946029663,0.7586140036582947,0.6831012964248657,1.0956534147262573,-0.805092453956604,-0.7373419404029846,-1.1508697271347046,-0.7077527046203613,-0.8974093198776245,2.0530295372009277,-1.7513245344161987
-0.24002324044704437,-1.5611929893493652,-0.6786980032920837,1.0263705253601074,0.8695473670959473,-1.0559362173080444,-0.5239624977111816,1.2532711029052734,0.043029408901929855,1.1804594993591309,-0.3975212574005127,-1.0377087593078613,-1.017871379852295,0.014853947795927525,0.26274818181991577,0.28029531240463257,-0.4523220360279083,0.4528901278972626,0.6253611445426941,-1.050827980041504,1.3368715047836304,0.9369615316390991,1.0361440181732178,0.10785657167434692,2.4181013107299805,0.26245129108428955,-0.07537615299224854,-1.3026609420776367,-1.032883882522583,-2.0616238117218018,0.850070595741272,-0.6120914220809937,1.0731912851333618,0.13593822717666626,-1.4183343648910522,0.7086357474327087,-1.0192854404449463,-0.040612976998090744,-0.9062077403068542,1.9779433012008667,0.5558663010597229,0.01326534990221262,-0.12461307644844055,0.50187087059021,-0.11479051411151886,0.2365567535161972,-0.5554637312889099,1.1227355003356934,-1.3533021211624146,0.03434860333800316,0.6083272695541382,0.14355149865150452,0.519736111164093,-0.6023502945899963,0.4478335380554199,-1.2151141166687012,0.2318686991930008,0.3341538608074188,-0.8520333766937256,-0.19157002866268158,0.07464030385017395,1.8562908172607422,0.038598690181970596,-0.13894838094711304,0.30165669322013855
0.27831682562828064,0.11979303508996964,-1.3609386682510376,1.0030184984207153,0.43163707852363586,-0.11317774653434753,0.9444989562034607,1.2919389009475708,-0.3781127631664276,-0.8273909091949463,-0.31004247069358826,0.1706705391407013,-0.8423973917961121,1.5970759391784668,0.50470370054245,-2.4351584911346436,-0.5743561387062073,-0.4309910535812378,0.10092294216156006,1.2953954935073853,0.015045670792460442,0.5219546556472778,0.8740387558937073,0.5786305665969849,-0.9870138764381409,1.3065567016601562,-2.1232128143310547,-0.9223079681396484,-0.48765599727630615,-0.04655486345291138,0.22190594673156738,-0.7358961701393127,-0.7682902812957764,1.5900365114212036,1.053561806678772,0.29666832089424133,0.8811662793159485,-0.36274421215057373,1.099472999572754,1.7581636905670166,-1.2013218402862549,1.099001169204712,1.432049036026001,0.477553129196167,1.060901403427124,-0.2189682126045227,-2.028101682662964,1.0624191761016846,-0.2792799770832062,-0.6509552597999573,1.1026637554168701,-0.7034465670585632,-2.058178424835205,0.9501510858535767,0.1597694307565689,1.631843090057373,-0.2582601308822632,-0.3257158100605011,0.4812610149383545,0.054047729820013046,0.4915578365325928,-0.45579540729522705,1.050862193107605,1.0605828762054443,-2.8513824939727783
0.5528278946876526,-3.1255505084991455,1.4614343643188477,1.9141323566436768,-0.4804096221923828,-0.7142549157142639,-2.8182523250579834,0.6274347305297852,0.9366616606712341,-0.444496214389801,-0.3686271011829376,0.19047999382019043,-0.9083222150802612,0.5279430747032166,-1.8239332437515259,0.5669625401496887,0.288466215133667,-0.581271767616272,-0.8814442157745361,1.378936529159546,0.1280980408191681,1.6209594011306763,0.4709983766078949,-0.7125257253646851,2.189817190170288,-0.2179376482963562,1.7143875360488892,0.7494817972183228,0.005823163315653801,-0.06339037418365479,-1.2250359058380127,-0.3121165335178375,-1.0610920190811157,0.5279395580291748,-0.7303805351257324,-1.886438012123108,0.08228370547294617,1.2293347120285034,-0.2081855982542038,-0.333668977022171,1.683694839477539,0.40471574664115906,2.5675888061523438,-1.670824408531189,-0.3375466465950012,0.8655673861503601,0.22359730303287506,-0.39542266726493835,1.3795568943023682,-0.8379421830177307,1.3980404138565063,0.9606659412384033,0.32825571298599243,-1.6169588565826416,-0.4657607674598694,0.22768911719322205,1.1689475774765015,-1.148038387298584,0.08500680327415466,1.249761700630188,1.0574089288711548,-1.9424622058868408,1.5488065481185913,1.1655410528182983,2.183476686477661

Slice 12
-1.0516314506530762,0.6287657618522644,-0.7046377658843994,-2.1307010650634766,0.6987292170524597,1.8910720348358154,-0.5357440710067749,-0.0836508572101593,0.48994719982147217,-0.689518928527832,0.6655251383781433,1.0470914840698242,-1.20814847946167,0.41932904720306396,0.4488365054130554,-0.708971381187439,-0.06557121127843857,-2.3827896118164062,1.6944552659988403,-0.45949509739875793,0.5706703066825867,-0.6118550300598145,-2.1581387519836426,1.68891179561615,-0.9091028571128845,1.7544093132019043,1.1211403608322144,0.5027045607566833,-0.12180023640394211,0.7434361577033997,-0.6102010011672974,1.910145878791809,-0.6776986718177795,-0.08079390227794647,-0.564464807510376,-0.2249487191438675,-0.8257694244384766,1.379263162612915,-0.695433497428894,0.6019245386123657,1.478075385093689,-0.8768371939659119,-0.49925634264945984,0.09548285603523254,1.216380000114441,-0.5868688821792603,-0.6460275053977966,1.4026343822479248,1.6540077924728394,1.0288265943527222,-0.9588040113449097,-0.5540808439254761,2.0809571743011475,1.1782444715499878,-0.9378756284713745,0.7831798195838928,-1.302611231803894,2.2909348011016846,-0.37769076228141785,1.7585041522979736,-1.4251024723052979,-0.6919401288032532,-1.0294163227081299,-1.4367358684539795,0.2143595665693283
1.8561656475067139,0.9110165238380432,-1.818427324295044,-0.9417406916618347,-0.459057480096817,-0.7108206748962402,1.7599866390228271,-1.1624886989593506,-1.9101287126541138,0.7030872702598572,-0.7641637325286865,-0.1329769343137741,-1.1935325860977173,-0.06047016382217407,1.6983016729354858,-0.7028127312660217,-0.36041396856307983,0.12044068425893784,-0.29292604327201843,1.501204013824463,-0.11234959959983826,0.14440606534481049,-1.132911205291748,-0.923487663269043,0.807009220123291,0.0007821231847628951,0.602378785610199,-1.2605035305023193,-0.004887391347438097,1.222512125968933,1.9043653011322021,-2.0046935081481934,0.480060875415802,1.8665447235107422,-0.5814394950866699,-0.8641862273216248,-0.7794654369354248,1.6686781644821167,-0.16400068998336792,-0.48728612065315247,0.2824593186378479,0.08553272485733032,-0.46647125482559204,1.181409239768982,0.7888715267181396,-2.25707745552063,0.250538170337677,-0.5516481399536133,0.2648731470108032,0.4080204665660858,-0.9590524435043335,-0.7254483699798584,0.6809963583946228,-1.7571825981140137,0.3630119264125824,-0.23949718475341797,0.6315478086471558,-0.5195180177688599,0.6102778911590576,0.3536349833011627,-0.6179907917976379,-0.2739529609680176,1.4934543371200562,-0.6418213844299316,0.8676252961158752
-1.0881884098052979,0.5307328104972839,1.0192276239395142,0.08773566782474518,-0.0545937716960907,-0.20753799378871918,1.2093236446380615,0.5092552304267883,-0.3986453711986542,0.010393420234322548,-0.4860519468784332,0.27144691348075867,-0.3499329388141632,0.09014806151390076,-0.9178841710090637,0.10902687162160873,0.2556876838207245,-0.15357719361782074,-1.5221588611602783,1.0285907983779907,-1.0280559062957764,-1.1458925008773804,-1.1344374418258667,-1.2952617406845093,0.041955746710300446,-0.9061248898506165,-1.9169316291809082,-1.4818620681762695,1.2484759092330933,-0.567500114440918,-1.2235153913497925,-0.08917036652565002,0.42712533473968506,1.1654738187789917,-1.5424731969833374,-1.5513074398040771,0.2624058127403259,0.04842272773385048,-0.37017422914505005,1.3554801940917969,-1.3370238542556763,-0.46962839365005493,2.4647412300109863,-1.954526662826538,0.23902137577533722,-0.13953708112239838,-0.6297948360443115,-2.0596888065338135,-1.190155267715454,-2.2120232582092285,-1.1061067581176758,0.6595163345336914,1.0672162771224976,-0.33566418290138245,-2.2162485122680664,1.1628748178482056,-2.195197582244873,0.17620208859443665,0.3361680209636688,0.039517201483249664,-2.2065000534057617,0.10179977118968964,-1.2382314205169678,-1.6023714542388916,0.2887093722820282
1.5588006973266602,0.12056619673967361,2.0236637592315674,0.451638787984848,0.5954865217208862,-0.9938215017318726,0.9694012403488159,-0.37742680311203003,-0.6768696308135986,-0.31642618775367737,-1.0344438552856445,-1.6544269323349,-0.6847140192985535,-1.7269604206085205,0.09662243723869324,-0.07831943035125732,-0.7639099955558777,-1.8461897373199463,-1.5993114709854126,-0.9376275539398193,-0.8322618007659912,1.381760835647583,-0.765562117099762,-1.9847038984298706,-0.30889758467674255,-0.18705493211746216,1.128672480583191,-0.6607317924499512,-0.8617640733718872,-1.018194556236267,0.6539568305015564,-1.0417717695236206,0.39774513244628906,1.3022112846374512,-0.04086748883128166,0.7492031455039978,1.0095332860946655,-0.31030187010765076,-1.482967495918274,-1.3932117223739624,1.2068084478378296,0.30958622694015503,0.30226123332977295,0.7172368168830872,0.7872605919837952,-0.793114185333252,1.540874719619751,-1.7263017892837524,-0.8559086918830872,0.4158240854740143,-0.26562991738319397,-0.5529590845108032,-0.592939555644989,-0.665496289730072,0.024587037041783333,0.909585177898407,-1.0853228569030762,-1.046196460723877,-0.1354677826166153,-0.08570994436740875,0.6930418014526367,-0.7835939526557922,-0.3147067129611969,-0.8510800004005432,0.08267469704151154
0.7950454950332642,0.5131999850273132,-0.903854489326477,0.6598820090293884,0.1762847900390625,-0.30667757987976074,1.037057876586914,-0.15700630843639374,0.5460089445114136,1.3497788906097412,1.0405511856079102,0.14968469738960266,1.7409769296646118,-1.4884898662567139,-0.34410107135772705,0.15964114665985107,0.036373481154441833,0.3656122386455536,-0.4588856101036072,1.5156666040420532,1.3951313495635986,-1.4028403759002686,-0.9221246242523193,-0.3488830327987671,1.5491465330123901,0.41092178225517273,-1.376189947128296,0.43166226148605347,-2.054435968399048,-2.0771069526672363,0.29976484179496765,1.5782921314239502,-1.7641212940216064,0.40263909101486206,0.9467489719390869,0.9721968173980713,0.8323954343795776,0.37862953543663025,0.42854931950569153,0.65521240234375,-0.24268247187137604,1.2194390296936035,0.6909777522087097,-0.21054667234420776,0.9800150394439697,1.8026851415634155,1.829529047012329,1.154220700263977,-0.11706878244876862,-0.3478907644748688,1.7301218509674072,-1.3777785301208496,-2.0758414268493652,-1.2757389545440674,-0.11368398368358612,-1.0798357725143433,-1.426410436630249,-1.5767934322357178,-2.3658981323242188,0.5258685350418091,0.6049907803535461,1.2570428848266602,0.5919483304023743,-1.4859400987625122,-1.0774234533309937
0.55121910572052,-0.7914910316467285,-1.1760327816009521,-1.1328113079071045,1.499764084815979,-1.30747652053833,-0.7640738487243652,-1.6357612609863281,-1.7855336666107178,0.5171269178390503,0.2595134377479553,-1.1708649396896362,-0.918426513671875,-0.975428581237793,1.1705496311187744,1.0058767795562744,-0.3953922390937805,0.6995294094085693,0.6273251175880432,-0.8740538954734802,-0.9367774724960327,-1.4631798267364502,-1.0475720167160034,-0.46328455209732056,0.2150406390428543,-0.7944095730781555,-0.4948636293411255,-2.0621185302734375,0.6216974258422852,-0.20718760788440704,-0.8838335275650024,-0.4968228042125702,-1.483819842338562,1.017132043838501,-0.35348954796791077,1.6835519075393677,-1.0908197164535522,0.545464277267456,-0.9618727564811707,0.50566565990448,1.1741894483566284,-2.4494247436523438,2.7264347076416016,-0.6892949938774109,-0.2429724782705307,-1.6851489543914795,0.9169358611106873,0.2156897485256195,0.09450258314609528,-0.9038748145103455,-0.2695803642272949,-0.9033284187316895,0.8129884004592896,-1.0120141506195068,0.021526481956243515,0.615544319152832,-0.44725412130355835,-0.5126410722732544,-0.021102435886859894,0.5811265110969543,1.5719517469406128,0.5231882929801941,-0.4651768207550049,-0.9394630789756775,-1.0009944438934326
2.157561779022217,1.2216746807098389,-1.8992722034454346,-1.1453561782836914,-1.317244052886963,-0.26469290256500244,-0.4191972017288208,0.25036799907684326,0.2814818024635315,1.5462732315063477,0.14563649892807007,-0.31689581274986267,0.20964808762073517,-1.360581636428833,2.1400673389434814,2.122262954711914,-2.375352144241333,-0.3396626114845276,-0.7468382120132446,-1.0590391159057617,1.3778318166732788,0.19042053818702698,1.0529664754867554,-0.08022196590900421,1.022170901298523,-1.2360742092132568,0.05107315629720688,1.7033966779708862,-1.596319317817688,-0.7577134370803833,2.042328119277954,-1.7301571369171143,-0.07888903468847275,0.6903033256530762,0.8221518397331238,1.2246050834655762,-0.12519054114818573,-1.4691230058670044,-1.828537940979004,-0.21403032541275024,-1.348642349243164,1.6496081352233887,0.8455325961112976,2.112684965133667,-0.04862407222390175,-0.15942774713039398,0.3015564978122711,0.752977192401886,0.6665826439857483,0.4912102222442627,-0.838364839553833,0.153647780418396,-0.31994345784187317,-0.06984679400920868,1.249092936515808,-1.4303433895111084,0.42143410444259644,-0.741727352142334,-1.4742525815963745,1.216243028640747,-0.5457225441932678,0.6321106553077698,-0.8163817524909973,0.42625486850738525,-2.091717004776001
-0.10019974410533905,1.499280333518982,1.2165724039077759,0.31448355317115784,0.010321494191884995,-1.3183176517486572,-1.0554020404815674,0.6583380103111267,0.5932491421699524,2.2099568843841553,1.0831727981567383,0.8578104972839355,1.7080029249191284,0.3631931245326996,0.34607723355293274,-0.033791638910770416,-1.0867992639541626,-0.17014382779598236,-0.2514827251434326,-1.1084257364273071,0.13910140097141266,0.3592093288898468,-0.36761674284935,-1.0943138599395752,1.1554880142211914,0.7678289413452148,1.0257397890090942,-1.169026494026184,1.3128607273101807,-1.047044038772583,1.7532498836517334,0.42775362730026245,-1.7573496103286743,-1.3405405282974243,0.6966930031776428,0.6473976969718933,-0.12891805171966553,0.5452033877372742,0.8371762633323669,-1.4539403915405273,-0.9508039951324463,0.6858182549476624,0.1867293119430542,-0.37377452850341797,0.10342063009738922,-0.9402957558631897,-0.4984850585460663,-0.3262122869491577,1.104818344116211,-1.3448641300201416,-0.8489097952842712,1.3885009288787842,-0.5321405529975891,0.03608217090368271,-1.7383882999420166,1.717929482460022,-0.23650097846984863,0.4387027621269226,-0.5774552822113037,-0.5550349950790405,-0.761058509349823,2.0912530422210693,-1.1504069566726685,0.4327816069126129,0.8342456817626953
0.325147420167923,-0.05286596715450287,-1.2210237979888916,-1.0080195665359497,0.9273649454116821,-0.2814144790172577,0.11539484560489655,-1.9975407123565674,-1.8854471445083618,0.020811796188354492,-0.38344404101371765,-2.727433919906616,0.31227630376815796,-0.24557945132255554,1.0511213541030884,-1.3176313638687134,-0.9311025738716125,0.38481178879737854,-0.382804274559021,-1.197190523147583,-1.6546791791915894,-1.3513035774230957,0.43374043703079224,-2.116528272628784,-0.2220672219991684,1.124586820602417,-0.4582769274711609,-1.2486493587493896,1.3729270696640015,-0.01573970913887024,0.6066480875015259,-0.2649381458759308,0.22742027044296265,-0.9564568400382996,-1.5739023685455322,0.3972988724708557,1.2974870204925537,0.8277556300163269,1.885034441947937,0.8590574264526367,1.0537145137786865,1.1137349605560303,-0.4999644458293915,1.8156609535217285,-1.7803243398666382,0.8238396644592285,0.7887125015258789,-0.0415327288210392,1.7530913352966309,0.6479541659355164,1.3065484762191772,1.0322175025939941,0.4976436495780945,-2.1427676677703857,0.35878077149391174,0.954287052154541,0.3799302577972412,0.5337388515472412,-0.5144869685173035,0.08539541065692902,-1.1018139123916626,-0.33983638882637024,0.3049190044403076,0.39240017533302307,0.35878995060920715
1.0294853448867798,-2.192721366882324,-0.44177964329719543,0.972379207611084,1.4103126525878906,0.5083443522453308,-0.18283125758171082,-0.48668596148490906,1.5731123685836792,-0.8280766010284424,-0.7468942403793335,0.34976357221603394,1.1853684186935425,-0.08891856670379639,0.3996046185493469,1.1310322284698486,0.03933701664209366,-0.2094203233718872,0.36452770233154297,2.4053966999053955,-1.0897010564804077,1.322588324546814,1.0934183597564697,0.507371187210083,1.3091588020324707,0.9753910303115845,1.3260102272033691,-0.7962952256202698,-1.660169005393982,1.7144150733947754,0.3607887923717499,-1.6609994173049927,-0.10473661869764328,1.2657880783081055,0.0165035892277956,-1.2085310220718384,-1.0738580226898193,-2.1554672718048096,0.44567108154296875,0.8434396386146545,-0.9425811767578125,0.4705137014389038,0.29490697383880615,0.7050657868385315,-1.2737324237823486,0.093783438205719,0.7269421219825745,-1.520236849784851,0.6586833596229553,2.201887369155884,0.8200713396072388,0.07504065334796906,-1.1218520402908325,0.9749916195869446,0.25515225529670715,1.0864256620407104,0.7652450203895569,-0.6393320560455322,-1.1911728382110596,-0.6466699838638306,-1.140976071357727,-0.8745741248130798,-0.7139447331428528,0.354729562997818,0.2788272798061371

Slice 13
-1.2935243844985962,-0.15532934665679932,-2.122370958328247,0.9161792993545532,-0.73263019323349,-0.9904135465621948,1.0613816976547241,-0.47181519865989685,-1.1569418907165527,0.349813312292099,-0.179904043674469,0.5767678022384644,-0.3383529484272003,0.790105938911438,-0.9593645930290222,-1.0117993354797363,1.104817271232605,-0.5692834854125977,0.02030678652226925,-2.0545592308044434,-0.0018459463026374578,-0.8114656805992126,-0.4215141832828522,-0.08588485419750214,0.04374434053897858,-0.9321438670158386,0.25445878505706787,-0.9942372441291809,0.4918513596057892,-1.0126793384552002,-0.8313707113265991,0.962638258934021,-2.159533977508545,-0.9239490032196045,0.5123957991600037,1.7041252851486206,-1.8062236309051514,-0.3177245557308197,-1.090291976928711,0.6327146291732788,0.2730857729911804,0.7337065935134888,0.18265990912914276,0.8778920769691467,0.27600952982902527,-0.5479307770729065,1.9452836513519287,-0.19324517250061035,0.9717922806739807,1.2276544570922852,0.05570538341999054,0.3622576594352722,0.5648564100265503,0.5912160277366638,-0.7367744445800781,-0.8794661164283752,-0.5540966987609863,0.15236704051494598,-0.7838652729988098,0.6601448059082031,-1.3130100965499878,-0.5286851525306702,0.192316472530365,-0.755183756351471,-0.5810993909835815
-0.06887082010507584,-0.4986672103404999,1.0351356267929077,-0.27486932277679443,1.1564911603927612,0.38650500774383545,-1.439183235168457,-1.3965563774108887,-0.2199499011039734,0.18772926926612854,0.5137044191360474,-0.31752514839172363,-0.6325091123580933,0.01942908577620983,-0.9088619947433472,0.0908246636390686,-0.76393723487854,0.5430201292037964,0.7151635885238647,1.9331741333007812,0.9199663400650024,-0.21212138235569,0.8799176216125488,1.9101252555847168,0.46050700545310974,-0.16062606871128082,1.126558780670166,-0.14029331505298615,-0.0011230490636080503,-0.3534351587295532,1.588476538658142,1.5620437860488892,0.22642624378204346,0.25461331009864807,0.23913682997226715,1.5910300016403198,-1.084574580192566,-0.8256413340568542,1.6149202585220337,0.8689741492271423,1.6594477891921997,0.30881592631340027,0.6622719168663025,-0.3868986666202545,-0.42066386342048645,-0.9870465397834778,0.33492186665534973,0.025443948805332184,0.07005418092012405,-2.4053027629852295,0.3850387930870056,-0.45672911405563354,0.19037945568561554,-1.2605245113372803,0.5090765357017517,0.24094600975513458,-0.6869471073150635,-0.9847054481506348,1.0497183799743652,0.32352715730667114,0.16350099444389343,0.2121632844209671,-1.1129165887832642,-0.28515875339508057,-1.037761926651001
-1.1220970153808594,0.4629591703414917,-0.3136487305164337,0.5371031165122986,0.8550783395767212,0.03863545507192612,-1.028540015220642,0.42951536178588867,-0.17941293120384216,-0.3752269446849823,-0.40524521470069885,-0.937753438949585,-1.986957311630249,-0.4207807183265686,1.1690797805786133,-0.538096010684967,-0.5365868210792542,-0.919754147529602,0.8667589426040649,-0.28636863827705383,0.4447906017303467,0.6156583428382874,-1.5400707721710205,0.5407290458679199,-0.9400482177734375,-0.9295307397842407,-0.9259629249572754,-1.8020659685134888,0.7799156904220581,0.8906787037849426,0.5667011737823486,1.148937463760376,-0.7310882806777954,0.3419872224330902,-1.3511103391647339,0.19521602988243103,-1.0165456533432007,-0.11147399991750717,-1.2750611305236816,-0.21833376586437225,0.13923342525959015,-0.298516184091568,-1.2028892040252686,-0.6701421141624451,-0.515223503112793,0.36112573742866516,-0.09187731146812439,0.34760889410972595,0.36744311451911926,-1.0204542875289917,-0.18298619985580444,-1.1971917152404785,-0.15082064270973206,-1.5078940391540527,1.3385792970657349,-0.30362483859062195,-0.5050169229507446,0.8487453460693359,1.5490103960037231,0.7721087336540222,0.005461499560624361,-0.36718645691871643,0.54062420129776,-0.5988685488700867,0.6988093852996826
1.0996265411376953,-0.39456793665885925,0.61732417345047,-1.8562394380569458,-1.5073226690292358,-0.5854505896568298,-0.7202827334403992,0.3117491602897644,-0.012110449373722076,0.32986074686050415,-0.1346297264099121,-0.06957662105560303,-1.4390937089920044,1.2648711204528809,-0.6850807070732117,-0.11885008960962296,-1.5086523294448853,-1.0306923389434814,0.6053623557090759,-0.4679712653160095,-2.1584882736206055,-0.7354913949966431,0.31595367193222046,1.4220021963119507,-0.3047509789466858,-1.7939136028289795,-1.4404062032699585,0.9743359684944153,-0.433138906955719,-0.5218256711959839,1.0790975093841553,0.9996572732925415,0.489095538854599,-0.5860550999641418,-1.2410870790481567,0.6012184023857117,-0.47747665643692017,-1.0861077308654785,1.181572675704956,0.48004618287086487,-1.1728591918945312,0.9683488607406616,-0.058367274701595306,0.3004443049430847,0.9242525100708008,-0.6284663081169128,-0.1297272890806198,-0.3074379861354828,0.19680434465408325,-0.2955324649810791,-0.48237887024879456,-1.107130527496338,1.6376372575759888,-1.7546730041503906,1.1419286727905273,-0.8719199895858765,0.040619347244501114,-0.36301282048225403,-0.30583488941192627,-0.06122668460011482,-0.3469800353050232,-0.1691075712442398,0.09599516540765762,-0.3546193540096283,-0.9123134016990662
-0.0001317857822868973,-1.0755019187927246,-0.6137187480926514,-0.4036451280117035,-0.3748012185096741,-1.473085641860962,0.19219323992729187,-0.3921600878238678,0.14588096737861633,1.8349549770355225,0.5983506441116333,1.555269718170166,-0.5423024296760559,1.6296523809432983,0.969247043132782,0.24014496803283691,1.1742758750915527,-1.4518210887908936,1.2820647954940796,1.4986897706985474,-0.9237989187240601,0.06902065128087997,0.10075347870588303,-0.3682763874530792,1.1346960067749023,0.7594914436340332,1.2883142232894897,0.6820501685142517,0.4393673539161682,0.3377487361431122,-1.2901415824890137,-0.9758716821670532,0.9368717670440674,0.5160577297210693,0.9470247626304626,-0.38404208421707153,0.9031524658203125,-0.2973173260688782,1.263519525527954,-0.22153997421264648,0.7766431570053101,-2.1979305744171143,-2.059006452560425,-0.33591827750205994,0.6185333132743835,1.2781224250793457,-0.8125991821289062,-0.16966567933559418,0.0735083520412445,-1.295160174369812,-1.3135842084884644,0.4631631076335907,0.13670101761817932,-1.17215895652771,-0.6236762404441833,-1.1155592203140259,0.7279870510101318,-1.166617751121521,-0.9289634823799133,-1.0981017351150513,0.7935929894447327,-0.06683529168367386,-0.8013746738433838,1.450626015663147,-0.059538040310144424
-0.4778009057044983,-0.5687294602394104,-1.0805834531784058,-0.15408951044082642,1.2451910972595215,0.3074301481246948,-0.6533344984054565,0.878656268119812,0.022403381764888763,-0.2759420573711395,0.05064350739121437,-0.044675473123788834,-1.6442439556121826,-0.7451770901679993,-0.3437110483646393,0.06591953337192535,-0.2971859276294708,-1.122009515762329,-1.429905891418457,-0.2630731761455536,0.3001103103160858,0.33599287271499634,-2.051805257797241,0.5753566026687622,1.7467100620269775,-0.19109730422496796,-0.9507070183753967,-0.06509469449520111,-1.441283106803894,0.7630078792572021,-1.6986150741577148,-0.42262914776802063,-1.8032820224761963,-1.2130109071731567,-1.905961275100708,-0.17851197719573975,0.7878049612045288,0.006181481759995222,0.6032615900039673,0.31377336382865906,0.2809758484363556,0.4511415362358093,0.9897112846374512,1.3729877471923828,-0.2752796709537506,-0.5438750982284546,0.1401529461145401,-2.883883237838745,-0.05644075199961662,-0.5575820207595825,0.19794638454914093,0.604845404624939,0.9206711649894714,0.3163436949253082,0.13927267491817474,-0.8741719126701355,1.7890651226043701,-1.704545259475708,-1.5728317499160767,0.8878811597824097,-1.258231520652771,0.9108304977416992,-0.33955198526382446,-1.505955696105957,0.6364174485206604
-0.4190787971019745,1.3325302600860596,1.1638671159744263,0.7921799421310425,-0.24129122495651245,-1.18460214138031,1.4841041564941406,-0.7690396904945374,-0.2830463647842407,0.14380785822868347,-0.38726434111595154,-1.6421245336532593,-0.7776532769203186,1.2610177993774414,1.4382315874099731,-0.8126723170280457,-0.7088530659675598,-0.7367961406707764,1.3961410522460938,0.1216588094830513,0.47163307666778564,0.8079831004142761,-0.5488513708114624,-1.2088865041732788,0.9401488900184631,-1.3047099113464355,0.23811110854148865,-0.8494667410850525,1.2260679006576538,0.7373332977294922,0.24205540120601654,0.7079177498817444,0.09340764582157135,2.874850034713745,0.9865344762802124,1.7457034587860107,-0.2903255522251129,-0.6007032990455627,-1.3436169624328613,0.9407069683074951,-1.0022592544555664,0.6042040586471558,-1.0470131635665894,1.9407161474227905,-0.18071576952934265,0.8793826699256897,0.854579508304596,1.7005044221878052,0.3400944471359253,0.31852084398269653,-0.5415976047515869,-0.16702336072921753,-0.8132851123809814,-1.379584789276123,0.3538597524166107,-0.2649819254875183,-1.3001548051834106,1.1679376363754272,1.9359266757965088,0.20933249592781067,-0.2027827799320221,-0.43354713916778564,-1.3221436738967896,-0.3032349944114685,0.24241052567958832
0.07160334289073944,-0.023552317172288895,1.742187738418579,0.21312372386455536,1.6617803573608398,0.132516548037529,-0.16652734577655792,-0.475845605134964,1.8484686613082886,-0.23021778464317322,-1.330225944519043,1.5869137048721313,1.1541681289672852,-0.6764833927154541,0.3813472092151642,1.368513822555542,0.05103722959756851,-1.126164436340332,0.9885378479957581,1.3313599824905396,-0.024291614070534706,-0.22129841148853302,0.04567800462245941,0.03631611540913582,-0.2872617244720459,-1.5072966814041138,-0.6912397146224976,1.0518718957901,1.0018470287322998,-0.7866632342338562,0.2885558605194092,1.8813235759735107,0.9217731356620789,-0.2349795401096344,-1.904955267906189,-0.28286677598953247,0.19887056946754456,0.5804332494735718,-0.17695599794387817,-1.7757900953292847,-0.7603352665901184,-1.9169471263885498,-1.7095568180084229,-0.3918496072292328,-1.2840790748596191,0.7594044208526611,-0.14291715621948242,1.0053282976150513,-1.0708506107330322,0.8053523898124695,-1.398007869720459,-0.8023295998573303,-1.0817912817001343,-0.4104432761669159,0.6025429964065552,-0.1614631861448288,0.5514708757400513,1.8879389762878418,1.999320387840271,-0.15794773399829865,-0.08877857774496078,-0.2359820455312729,1.6997934579849243,-0.6325444579124451,-0.22384558618068695
-0.10455010831356049,0.560259222984314,-0.8872615098953247,-0.18646107614040375,-0.44451504945755005,-1.4070583581924438,-1.436082124710083,0.19469593465328217,0.9225749969482422,1.7355481386184692,-1.0163370370864868,-0.538758397102356,-0.29378828406333923,-0.15423041582107544,-0.11894112825393677,1.6950697898864746,-0.3397917151451111,-0.08194676786661148,0.20177578926086426,-0.9696683883666992,0.022010251879692078,-0.5574416518211365,0.6494714021682739,-1.0378340482711792,-0.24641001224517822,1.1595113277435303,0.6928212642669678,0.4673263430595398,-1.4311010837554932,-0.15654617547988892,-0.19448547065258026,-1.555528998374939,-1.1064144372940063,-1.3934252262115479,0.6972202658653259,-1.0184701681137085,0.48876291513442993,0.8487642407417297,-1.517492651939392,1.1946240663528442,-0.29009342193603516,1.3613251447677612,-1.1813479661941528,-0.2881063222885132,-0.360830694437027,0.9217938780784607,-1.3393011093139648,1.0611265897750854,-1.4950865507125854,-0.4880698025226593,-0.196855366230011,0.23267920315265656,-0.03510204330086708,-0.5213435292243958,-1.4744325876235962,0.5217263698577881,0.4455159902572632,-0.8079168796539307,-0.8765817284584045,-1.900997281074524,-0.18674121797084808,-0.045670706778764725,-0.7858637571334839,0.8058593273162842,0.5866292119026184
-0.5394669771194458,2.06492280960083,1.3862584829330444,0.38219761848449707,1.64156973361969,-0.4511820375919342,1.41285240650177,-1.2094409465789795,0.8149737119674683,0.6780278086662292,0.4232313930988312,-0.7115252017974854,-0.27555593848228455,-0.21730518341064453,0.38167697191238403,0.7319134473800659,-1.095449686050415,-0.3744940459728241,-0.9392368197441101,1.1759862899780273,1.1828157901763916,-1.9189207553863525,0.9369097948074341,-0.16946852207183838,-0.9064984321594238,-0.7267726063728333,0.7740663886070251,-0.9209165573120117,-0.09521571546792984,-1.7271409034729004,0.44727644324302673,0.399323046207428,-0.45523563027381897,-0.8485191464424133,0.16251643002033234,0.37812158465385437,-0.3952714502811432,-1.4299366474151611,0.5511220097541809,0.3048081696033478,0.6547656655311584,0.6190915703773499,-0.07357736676931381,-0.36731773614883423,-1.1074186563491821,1.3731061220169067,-1.0294502973556519,1.3822563886642456,-0.2314150482416153,-0.2935656011104584,0.5361725091934204,1.384260892868042,-1.2540627717971802,0.8921939730644226,0.2390158325433731,0.304619699716568,1.069092035293579,-0.26856890320777893,-0.22862815856933594,-0.5448669195175171,-1.3634953498840332,-1.8821992874145508,0.13090616464614868,0.1465059220790863,-1.4113132953643799

Slice 14
0.23444058001041412,-2.4836039543151855,0.7122562527656555,-0.6543939113616943,-0.4763566851615906,-1.0574932098388672,0.9588835835456848,0.11129003018140793,-0.002525340300053358,0.3618754744529724,1.4023399353027344,1.2151925563812256,0.39891842007637024,-0.7215917706489563,-0.8732553720474243,0.16527023911476135,1.7129631042480469,-0.7470946311950684,0.6017082333564758,0.2712741494178772,0.5467813014984131,-0.32857808470726013,0.6291149854660034,-1.369086503982544,0.6343691349029541,0.2329922467470169,-1.0907572507858276,0.10613912343978882,-0.8098189830780029,-0.3302016854286194,1.0450868606567383,0.40447649359703064,0.002677174285054207,0.45069295167922974,-0.49036505818367004,0.024642666801810265,-0.9050741195678711,-0.9280700087547302,0.4454161822795868,-0.8527715802192688,0.2709216773509979,1.2283259630203247,-0.27202075719833374,0.3219643831253052,0.861512303352356,-1.3240429162979126,1.3406405448913574,-2.010369062423706,-0.4302137792110443,0.988113522529602,-1.0726598501205444,-0.40123292803764343,2.0383517742156982,0.2132091373205185,-0.03315158933401108,1.0935707092285156,1.2780952453613281,0.5922954678535461,0.01788126304745674,-0.2699977457523346,1.6150596141815186,-0.9801909923553467,1.3908883333206177,-0.4992111027240753,0.09772233664989471
-0.8030877709388733,0.2772449254989624,0.281126469373703,0.03792794421315193,-2.6453428268432617,1.716139316558838,0.006433169823139906,0.25594761967658997,1.2973719835281372,-1.2899569272994995,-0.029055234044790268,1.0608304738998413,0.6599637269973755,0.941493570804596,-1.3892641067504883,0.27269160747528076,1.6998921632766724,1.729630947113037,0.5323557257652283,0.38299059867858887,1.5358816385269165,0.2636953890323639,-0.25573980808258057,-0.8015697598457336,1.873908519744873,1.0679867267608643,-0.9649097919464111,0.9088535904884338,0.5587041974067688,-0.2862127423286438,-0.36903128027915955,-0.5758586525917053,-1.6003726720809937,-0.6528882384300232,-0.4333939254283905,0.5119311213493347,-0.13398008048534393,0.4749855101108551,0.09014993906021118,-0.24118180572986603,-0.26915132999420166,-0.13967791199684143,1.3811863660812378,1.2793984413146973,1.0618932247161865,0.09461863338947296,-0.7898098230361938,-1.464062213897705,0.07533350586891174,-0.015941806137561798,-0.41784390807151794,0.4705767035484314,1.2046200037002563,0.5670072436332703,1.1728885173797607,-0.42436280846595764,1.78073251247406,-0.30597421526908875,-0.17300494015216827,-0.06553466618061066,-1.2247289419174194,-0.17785605788230896,-0.9733491539955139,0.9003922343254089,0.5612494349479675
1.3841067552566528,1.1966660022735596,0.3561747968196869,-0.30425235629081726,-1.0457221269607544,-0.5782256126403809,-0.5409216284751892,-1.7163293361663818,-0.033653825521469116,1.1622816324234009,-0.15887778997421265,-1.500571370124817,-1.3160759210586548,-1.996591329574585,0.10102837532758713,2.1715614795684814,-1.034753441810608,0.15188555419445038,0.23297952115535736,1.5191645622253418,0.03014889918267727,0.2943233549594879,-0.7598310708999634,0.6649978160858154,-0.2602899670600891,0.8285603523254395,0.26201507449150085,-0.7160401344299316,-0.7262094020843506,2.6261188983917236,-1.7544126510620117,-0.7438690662384033,0.9454125165939331,0.4573937654495239,0.4079129993915558,-0.47923189401626587,0.04519248381257057,0.09253323823213577,-0.010198527947068214,-1.2419456243515015,-0.8723491430282593,-1.0506318807601929,0.3885337710380554,-1.2147005796432495,-0.9354231357574463,-0.8731030225753784,-0.4270096719264984,-1.331199049949646,-1.280500888824463,0.462356299161911,-0.204345241189003,-0.3128539025783539,-1.163983941078186,-0.26204603910446167,0.012830867432057858,-0.7127833366394043,0.7279350161552429,-0.9101383686065674,1.348881721496582,-0.41645199060440063,1.3738106489181519,0.6563490033149719,-1.2444584369659424,-0.9718560576438904,-0.9919126629829407
-1.3349653482437134,0.421303391456604,0.18763208389282227,1.3403979539871216,-0.6070255637168884,-1.2356280088424683,-1.3450071811676025,-1.1452549695968628,-0.2989327311515808,0.9834277629852295,-1.151909351348877,-1.6745036840438843,0.2671760022640228,0.9016072154045105,-2.2201626300811768,0.46404871344566345,0.2600060701370239,-0.5268747806549072,0.041325606405735016,-1.1150354146957397,-0.26481354236602783,2.2389605045318604,0.07504524290561676,-0.541006863117218,-0.17617860436439514,-1.680895447731018,-2.1989357471466064,-0.8645158410072327,-0.594953179359436,1.5306668281555176,0.3866238594055176,-1.129517674446106,-0.31961801648139954,0.9337593913078308,0.35812580585479736,-1.0721482038497925,-1.1381795406341553,0.036698468029499054,1.059532880783081,1.830612301826477,0.9143031239509583,0.265304833650589,-1.8542217016220093,1.176382064819336,1.5185872316360474,2.338751792907715,-1.6518877744674683,0.24970558285713196,-0.646462619304657,0.4998188018798828,-1.346183180809021,-0.6899861693382263,-0.40188202261924744,1.0185048580169678,0.21109814941883087,1.3062396049499512,0.3631661832332611,1.11793053150177,0.6772609353065491,0.5216808319091797,0.043757908046245575,-0.27292492985725403,-0.7404993176460266,-0.7564516663551331,0.6197891235351562
-1.8758535385131836,-1.3008570671081543,-0.4366527497768402,-0.8959037661552429,-0.025819092988967896,-0.06592113524675369,-0.46728450059890747,-0.33867019414901733,-1.1158318519592285,1.4086921215057373,0.27144545316696167,-0.7361040115356445,-0.38996949791908264,-0.019341709092259407,0.02499573491513729,-1.548319697380066,0.8260000944137573,0.7682295441627502,-1.5779966115951538,-1.538034200668335,-0.8519366979598999,0.891697883605957,-1.7740284204483032,-0.7836036682128906,0.7831543684005737,1.3533459901809692,-1.2857338190078735,0.4912444055080414,-1.1639572381973267,2.2936859130859375,-1.2212482690811157,-0.7036556601524353,-0.15126921236515045,-2.4369874000549316,-0.6352823376655579,0.8781234622001648,-1.441380500793457,1.0116559267044067,-1.2403004169464111,-1.1911674737930298,-1.5026483535766602,0.5871652364730835,-0.46836698055267334,0.43430015444755554,0.7481627464294434,1.793935775756836,0.7484530806541443,0.880315899848938,0.5778540372848511,0.5481187701225281,-1.2571372985839844,0.21204616129398346,0.1395481824874878,-1.5951151847839355,-1.028343677520752,-1.1912530660629272,-0.0583958625793457,-1.005385398864746,0.9680032730102539,1.0633716583251953,-0.2887960970401764,2.121694803237915,-0.6326799392700195,-1.073538899421692,-0.9652625322341919
-1.6109591722488403,-0.9077296853065491,1.627829670906067,-0.16223740577697754,0.6788310408592224,0.15345098078250885,-0.142391636967659,0.016076551750302315,-0.23481664061546326,0.6249204277992249,0.47154319286346436,-2.0338425636291504,0.6113110184669495,-0.3557210862636566,-1.7894707918167114,-1.4698997735977173,0.3697439730167389,-0.06558941304683685,-0.1549384593963623,-1.9655001163482666,2.0724446773529053,-0.890356183052063,0.7501552104949951,0.011669008061289787,0.3063599467277527,-1.1916217803955078,-2.1853652000427246,1.4600869417190552,1.4904301166534424,-0.8812518119812012,0.6634523868560791,1.5093804597854614,0.9432857632637024,-1.2393739223480225,0.9531896114349365,-1.4337626695632935,0.23480293154716492,0.43456825613975525,0.6996281743049622,-0.6878486275672913,0.9785727858543396,-0.5567454695701599,0.3906453847885132,-0.36373889446258545,-0.08801467716693878,0.6766968965530396,-1.4607692956924438,0.9046525359153748,-0.7705543637275696,1.11635422706604,0.5163995027542114,-0.3420633375644684,0.9869439601898193,-0.3675045967102051,0.10931411385536194,-1.2048920392990112,-0.12693223357200623,-0.02573469467461109,0.2770823538303375,0.6160480976104736,0.24054083228111267,0.09037686139345169,0.8864837884902954,1.855812668800354,0.9229756593704224
-1.3757301568984985,0.050997015088796616,-0.0822029784321785,-0.48167717456817627,0.2620161473751068,0.6775268316268921,-0.37967708706855774,0.9264444708824158,2.0512256622314453,2.2165040969848633,1.723767638206482,0.7446910738945007,-1.4902433156967163,-1.188963532447815,0.09116464853286743,0.06414826959371567,0.5142020583152771,-0.024696405977010727,1.2944105863571167,-0.11889942735433578,0.17974160611629486,1.005449891090393,0.33335229754447937,0.6308598518371582,0.7437777519226074,2.019714832305908,-0.07559133321046829,1.0579124689102173,-0.7435054779052734,1.4953951835632324,0.8354709148406982,-0.8264256119728088,1.66677987575531,-0.3216426968574524,0.3747060000896454,-0.62995845079422,-0.9251066446304321,1.1201190948486328,-0.030527492985129356,-1.5536073446273804,-1.195063591003418,-1.6229135990142822,0.24806863069534302,-1.3933701515197754,0.4728590250015259,1.620892882347107,-0.6723961234092712,-0.7423200607299805,0.4943816363811493,1.0000336170196533,0.01798064261674881,0.42708802223205566,1.5058467388153076,-1.3556665182113647,0.8625218868255615,-1.5157499313354492,0.9752494692802429,-0.6077356338500977,-1.221551537513733,0.9481388330459595,-0.4010973870754242,1.0483027696609497,0.7948302030563354,-0.05676622316241264,-0.9502481818199158
0.1404646337032318,0.40633830428123474,-0.40797460079193115,1.034129023551941,-0.13053655624389648,0.51625657081604,-0.9641512632369995,-1.433366060256958,-0.782509982585907,0.22428013384342194,0.6758732795715332,-0.5431433916091919,0.43087729811668396,-0.24049656093120575,0.24930140376091003,-0.16937056183815002,0.49459391832351685,1.0281503200531006,1.0176585912704468,1.1892436742782593,-1.033726692199707,0.5367357730865479,-0.478224515914917,1.0489946603775024,-1.6457332372665405,-0.6548296213150024,0.50065678358078,-0.1359693706035614,-1.0129470825195312,-0.2530771791934967,-0.149149090051651,0.37995046377182007,0.250618040561676,-0.29813045263290405,-1.0029445886611938,-1.0502101182937622,-0.0073436289094388485,-0.8278700113296509,1.4973284006118774,-0.8452097177505493,0.26044270396232605,0.3473663032054901,-0.9956309795379639,0.2447190135717392,-0.5724490880966187,-0.4820966422557831,-1.282723069190979,-0.278970867395401,-0.7384049892425537,0.16995888948440552,-0.02984362095594406,-1.7083125114440918,0.8306277990341187,0.4182574450969696,-0.39163780212402344,0.7884039282798767,-1.0407896041870117,-0.16083800792694092,-1.421491265296936,-0.3151338994503021,-0.5831576585769653,1.0180187225341797,-0.8375056982040405,-1.3963850736618042,-1.2978336811065674
-0.698455810546875,0.40584778785705566,1.0933541059494019,-0.39999842643737793,-0.6973239779472351,-1.2294037342071533,-0.9146420359611511,-0.5785075426101685,-1.8531217575073242,-1.6633021831512451,1.5786880254745483,-0.37274661660194397,0.10371674597263336,0.0540422759950161,0.7496748566627502,0.4872799217700958,-0.5554899573326111,0.03993595391511917,-0.45168545842170715,0.3294623792171478,0.42661887407302856,-2.156403064727783,1.2445814609527588,0.136183962225914,0.7366403341293335,0.4962090253829956,0.5314182043075562,-0.3004768192768097,0.7724605202674866,0.9922912120819092,0.12686733901500702,-1.6934605836868286,-1.2620866298675537,-1.133192777633667,2.273592233657837,1.5841258764266968,-1.1542187929153442,1.1373538970947266,0.7922561764717102,-0.1625998318195343,1.159911870956421,-0.44383081793785095,-0.5574259757995605,-0.5442432165145874,0.015176129527390003,1.1252779960632324,0.2570502758026123,-0.03389529138803482,-0.6930307745933533,-1.5343635082244873,1.5305671691894531,0.42221763730049133,0.022778645157814026,-0.42589297890663147,0.08734272420406342,1.2616350650787354,-2.4070029258728027,0.33422550559043884,0.21132822334766388,-0.29146382212638855,-0.9867578148841858,2.2971603870391846,0.37227028608322144,0.8636637330055237,-1.0737667083740234
-0.35213401913642883,0.5879720449447632,-1.0654603242874146,0.9095903635025024,0.3806169331073761,0.3899478614330292,-0.3188646733760834,-0.995102047920227,0.5353795289993286,0.2298150658607483,0.3484220802783966,1.2531908750534058,-1.0935758352279663,-1.7186501026153564,0.1227419376373291,0.9850742220878601,-1.2304294109344482,-0.12332859635353088,-0.09119436889886856,-0.07629214972257614,-1.4038934707641602,-0.7176557779312134,-0.8915328979492188,0.7251905798912048,0.7521170377731323,-0.2629542052745819,-0.5621433258056641,0.39317452907562256,-1.719951868057251,-0.39358481764793396,-1.5608302354812622,0.1236252710223198,-0.10376837104558945,-0.782161295413971,1.2834784984588623,0.28316226601600647,0.9553829431533813,0.38715291023254395,-0.5375774502754211,0.6285242438316345,-1.5878952741622925,-0.7934087514877319,-1.1325491666793823,-0.2704944908618927,1.3841029405593872,-0.4362891912460327,-0.2011876255273819,0.1760396659374237,-1.0070332288742065,-1.2527519464492798,-0.5630019903182983,1.1885210275650024,1.0020679235458374,-0.5636784434318542,-0.7453901171684265,-1.213850498199463,0.49924972653388977,0.3256295919418335,0.5001780390739441,-0.7297030091285706,0.1114254966378212,1.6327252388000488,-0.3537537157535553,-1.8453861474990845,-1.2073434591293335

Slice 15
1.4132994413375854,-0.9158572554588318,-0.635009765625,-1.2078533172607422,0.7731457948684692,-1.0674865245819092,0.014917923137545586,0.17980626225471497,0.6542527079582214,-0.157470703125,-0.145044207572937,-0.39496999979019165,-1.8797422647476196,-0.3477837145328522,-0.3085620403289795,0.1856495589017868,-0.44000953435897827,-1.0791007280349731,0.4942214787006378,1.094804048538208,0.40557780861854553,0.269336074590683,-0.19623497128486633,0.26803117990493774,0.5068285465240479,-0.0478670597076416,-0.10542792081832886,0.2514045536518097,-1.0887408256530762,0.910621166229248,-0.9143308401107788,-0.19226603209972382,-0.9169304966926575,0.7051979899406433,2.605165958404541,1.7944504022598267,-0.6580646634101868,-0.9790967702865601,-0.18245646357536316,-0.8721655011177063,0.8084901571273804,-0.695561945438385,1.150862455368042,0.059931255877017975,0.4084199368953705,1.9017738103866577,0.8460795879364014,-1.7743382453918457,-1.1515660285949707,0.6784669160842896,-1.76124906539917,0.8003768920898438,1.7812200784683228,0.4947778880596161,-0.7701689004898071,0.012385320849716663,-0.19224536418914795,-0.29677271842956543,-1.317689299583435,0.4708952307701111,0.39352259039878845,0.9938207268714905,1.6645748615264893,-1.353545904159546,-0.959976851940155
-0.9172276258468628,0.6079893112182617,0.3659589886665344,0.6565263867378235,1.8386776447296143,-1.7850658893585205,1.5219595432281494,-1.178287148475647,1.7608129978179932,0.6789070963859558,0.8910119533538818,0.2903973162174225,1.038763165473938,-0.07430187612771988,-0.4005025029182434,0.22248154878616333,-0.23043835163116455,-0.9488074779510498,1.764155387878418,-2.2604410648345947,1.1717602014541626,0.38156500458717346,0.5728185176849365,0.2904394865036011,0.8204864859580994,-2.330106496810913,-0.24881307780742645,-0.2620086371898651,-1.1397629976272583,-0.755291223526001,1.9352781772613525,0.6144077181816101,-0.34360697865486145,0.9526938796043396,-1.693888783454895,1.0276501178741455,-2.359563112258911,1.7401310205459595,-0.31659549474716187,0.2402532398700714,0.6940768957138062,-1.890738606452942,1.9251564741134644,0.2366379201412201,0.9839715361595154,-0.6786342263221741,0.4029473662376404,-0.6900507211685181,-1.5227733850479126,0.0038021018262952566,0.24495315551757812,-1.6983546018600464,-1.0817649364471436,-0.9305936098098755,1.0219106674194336,-0.21538898348808289,0.9195532202720642,0.11832059174776077,-0.045286741107702255,-0.9070860147476196,2.534730911254883,-0.8982402086257935,-0.5501662492752075,-0.35163313150405884,-0.663196325302124
0.2586950957775116,1.105028748512268,0.8711181879043579,-2.16437029838562,1.0117977857589722,-1.4987549781799316,0.0707743689417839,-0.41789549589157104,-1.1104398965835571,-0.5325864553451538,-1.9783605337142944,-0.8915640711784363,0.0933586061000824,-1.5497785806655884,-0.6033578515052795,0.43427491188049316,-0.7689123749732971,-1.703613519668579,-1.580121636390686,-0.620124101638794,-0.3441008925437927,0.07073197513818741,-0.06852258741855621,-0.20076300203800201,-0.829048216342926,-0.09775743633508682,1.0483814477920532,-0.6192517280578613,0.2551267147064209,0.7347210645675659,-1.727134108543396,1.1880017518997192,1.1155635118484497,-1.817644715309143,1.086863398551941,1.5956599712371826,0.43072277307510376,1.2978341579437256,-1.1634480953216553,-1.0458948612213135,-0.8618831634521484,-0.1204766035079956,0.7758433818817139,-0.0142598208039999,0.7785351872444153,-0.3724827170372009,-1.989526391029358,1.2223272323608398,-0.6737850904464722,0.6047825217247009,-1.1398422718048096,1.2928553819656372,-0.9719902873039246,0.5539900660514832,-0.4873438775539398,0.021533427760004997,-0.027285508811473846,-0.8030520081520081,-1.7042341232299805,-0.8200892210006714,-1.0951038599014282,0.5827072858810425,0.3498592674732208,1.0650070905685425,1.2700412273406982
-0.6717860698699951,0.4889276921749115,0.0016597413923591375,-0.20911377668380737,0.006626016926020384,-0.3422946333885193,-1.0056653022766113,-2.1010541915893555,0.28876814246177673,-1.2736728191375732,-1.2425123453140259,0.5030693411827087,0.21445363759994507,-0.712762713432312,0.6797142028808594,-0.651416540145874,-0.6822322607040405,-0.3791959285736084,-0.5108235478401184,0.7098090648651123,0.9278209805488586,-1.987561583518982,-1.2243424654006958,1.323981523513794,-1.1339620351791382,-1.0462952852249146,-2.192291498184204,-1.472716212272644,-0.06766676157712936,0.6749464273452759,0.0278795063495636,-0.25510603189468384,-0.6111165285110474,-0.19640956819057465,0.3119407296180725,-0.09734940528869629,0.4702727198600769,-1.5702106952667236,-1.42670476436615,-1.2291855812072754,0.8786054253578186,-1.0135254859924316,-0.40358051657676697,-0.2609812617301941,-0.8510741591453552,-0.4580439031124115,1.1772724390029907,0.24066321551799774,0.4241741895675659,1.0317684412002563,0.7138451337814331,-0.5414610505104065,-0.07335682213306427,-0.28166964650154114,-1.36082124710083,-0.4075286090373993,0.19808590412139893,-1.2480109930038452,-0.5546504855155945,0.6545435786247253,0.23835314810276031,-0.582442581653595,-0.4716196358203888,-1.6250090599060059,0.5145183801651001
0.8962205648422241,0.591796875,-1.3288215398788452,-1.261288046836853,-1.8715221881866455,-1.867284893989563,0.2369215488433838,0.12440979480743408,2.9300055503845215,-0.48125025629997253,-0.4957972466945648,1.9676285982131958,0.19599884748458862,0.9711250066757202,0.11826565861701965,1.4217921495437622,0.3937411904335022,-1.0911755561828613,-0.9209818840026855,-0.10615412890911102,0.15753783285617828,-0.4758651852607727,-1.864033818244934,-1.5941004753112793,-0.010544820688664913,-1.853592872619629,-0.5459936857223511,0.3561924993991852,0.20810319483280182,-0.862230658531189,0.7420210242271423,-0.4934067130088806,-0.1297866404056549,-0.8736151456832886,1.1958454847335815,0.6879525780677795,1.1058917045593262,0.4763350784778595,1.2063300609588623,-0.5564044713973999,0.3083118200302124,-0.7377501130104065,0.04837259650230408,-0.22594977915287018,-0.3649202287197113,0.4531298279762268,-0.22818434238433838,0.9382128119468689,0.8913099765777588,-0.37715771794319153,0.34762024879455566,1.8487988710403442,0.3840065598487854,1.0937505960464478,-1.0865741968154907,1.6142903566360474,1.1559574604034424,-0.243582084774971,-0.3851757347583771,-1.1765209436416626,0.06788333505392075,1.8360761404037476,-0.3318445384502411,0.45302411913871765,-0.8341830968856812
-0.235902801156044,1.6028938293457031,-1.0529593229293823,0.49435853958129883,-0.8890739679336548,-0.07496700435876846,-1.0925476551055908,-0.10480115562677383,0.029471388086676598,-1.6377367973327637,-0.14101096987724304,0.7491705417633057,0.638119101524353,0.6216821074485779,0.21818497776985168,-1.6134735345840454,0.8347437381744385,0.9545331001281738,1.1239604949951172,3.1059796810150146,-0.4446706175804138,0.9497280120849609,-0.7284364700317383,-0.683086097240448,-1.3511711359024048,0.09264277666807175,0.09899335354566574,0.3521035611629486,2.4027836322784424,0.43230608105659485,0.03620200231671333,-1.6678252220153809,1.7296931743621826,0.018577774986624718,0.15643329918384552,1.4547650814056396,-0.9750534892082214,0.007611517794430256,-2.0041654109954834,-1.964510440826416,-1.1719669103622437,1.8922100067138672,-1.1791973114013672,-1.016068696975708,-0.7482131719589233,-0.6423842906951904,1.3989145755767822,2.0354857444763184,0.990449070930481,0.07116805016994476,0.9553118944168091,0.9216532111167908,0.41008898615837097,0.29281795024871826,-0.38723304867744446,-1.6848498582839966,1.3187811374664307,0.2349875569343567,0.43937915563583374,1.2781457901000977,-0.29049408435821533,-0.23379752039909363,0.8825119733810425,-0.9769647121429443,-0.05963902175426483
0.6951237320899963,-1.58868408203125,0.15253694355487823,0.07084041833877563,-1.2507741451263428,-0.49462389945983887,-1.832203984260559,-1.1501518487930298,0.4365893602371216,-1.8546125888824463,1.2219886779785156,0.34505563974380493,0.618630588054657,0.7155497670173645,0.47730422019958496,-0.181221604347229,1.7878843545913696,0.39187324047088623,0.9357138872146606,0.2428199201822281,-1.756245493888855,-0.7163016200065613,-0.36509397625923157,-0.8044220805168152,0.5651307106018066,-1.1780742406845093,0.0924685150384903,-1.5754220485687256,1.903643012046814,-1.4079785346984863,-0.03991333395242691,1.1971209049224854,0.4390527606010437,-0.4188471734523773,1.6702308654785156,-0.47796115279197693,0.4676115810871124,0.31791770458221436,0.32867226004600525,-0.05256238952279091,-1.12590491771698,0.9284602403640747,-1.1612894535064697,-0.04779018461704254,-0.473905473947525,-0.29683300852775574,-0.6658880114555359,0.09974020719528198,-0.24389560520648956,-2.030775308609009,-1.1619470119476318,1.0004193782806396,0.13988186419010162,-1.0145057439804077,-0.23833100497722626,1.1836655139923096,-0.7146550416946411,1.526933193206787,-0.509809136390686,-1.3422170877456665,-0.04386940971016884,1.0275331735610962,2.274329662322998,1.196903944015503,0.8520304560661316
0.4592023193836212,0.08231998980045319,1.3960003852844238,0.25292783975601196,0.35340940952301025,0.9755663275718689,-0.021956780925393105,-1.4540876150131226,0.9683138132095337,0.5086184144020081,1.1110448837280273,0.12995021045207977,-1.7146779298782349,-0.5284869074821472,-1.8567134141921997,0.12615559995174408,-0.660804033279419,0.20617127418518066,-1.4076499938964844,-1.3175551891326904,0.09816166758537292,-0.1196848526597023,0.9025172591209412,-0.47320032119750977,-0.6804839372634888,-0.3903900980949402,0.2900030314922333,-1.1285251379013062,0.4373696446418762,1.151185393333435,0.8604531288146973,1.3143466711044312,-1.7362048625946045,0.09316219389438629,1.2599064111709595,-1.482587456703186,0.5351412892341614,-0.02440345287322998,0.9055586457252502,-0.8536658883094788,-2.0089187622070312,0.10754336416721344,0.4399717152118683,0.517078697681427,-0.47109296917915344,0.23783686757087708,-1.1505075693130493,0.09324727952480316,0.9758289456367493,0.7454293966293335,-2.142594814300537,1.1120511293411255,-0.6627556681632996,-2.495689868927002,0.6081091165542603,-2.012098789215088,1.849745512008667,-1.0968507528305054,-0.8113633394241333,-1.514517068862915,1.4208838939666748,0.6431694030761719,-0.8629840016365051,-0.4505736529827118,-1.5086380243301392
0.5872582793235779,0.6409626603126526,0.8969101905822754,2.6101293563842773,-0.2240452915430069,2.3772783279418945,-0.938265860080719,0.6620975732803345,-1.7508608102798462,0.13150854408740997,0.04076103866100311,-1.2212845087051392,-0.13616085052490234,1.3245688676834106,1.0121554136276245,-0.8963251709938049,0.0918208509683609,0.39411410689353943,1.2489441633224487,-0.43895256519317627,0.39380452036857605,0.9274581074714661,0.34355226159095764,-0.8420371413230896,1.559545636177063,-1.372178077697754,0.8714786767959595,-1.119245171546936,-0.2635875344276428,-0.06277855485677719,0.1648912876844406,-0.3358083665370941,1.706382393836975,0.13526935875415802,0.2950338125228882,-0.539233922958374,-0.3196382522583008,1.1190050840377808,-0.7261511087417603,0.35796940326690674,-0.2281775325536728,-1.490157127380371,0.2793787717819214,-0.5330390930175781,-1.2268242835998535,1.570763111114502,0.648263156414032,-1.5135459899902344,-0.7136856317520142,0.3425822854042053,0.860863208770752,0.3727059066295624,1.5236115455627441,0.1331140100955963,-0.3349255323410034,0.5692448019981384,-0.3215113878250122,-0.22055739164352417,0.14017759263515472,-0.8926662802696228,0.1927175223827362,1.5650403499603271,-0.9156323075294495,-0.2705894112586975,-1.6756751537322998
-0.9757177829742432,0.15772037208080292,-1.3048086166381836,-1.6981174945831299,-1.994697093963623,-0.055720046162605286,0.01941155269742012,1.6741394996643066,2.152170181274414,-0.10434432327747345,-0.9867566823959351,0.7020422220230103,-0.9282978773117065,-0.9322314262390137,1.8746658563613892,0.24322384595870972,-0.4440106153488159,0.1953817456960678,0.7184091806411743,0.4165557026863098,-0.03010069951415062,-0.09655263274908066,-0.957493007183075,-0.759390115737915,1.6344705820083618,-1.185791015625,-0.48595914244651794,-0.17841503024101257,-0.1311037689447403,-0.6116456985473633,-1.299518346786499,0.40222346782684326,-0.09762266278266907,1.0035910606384277,2.127748727798462,0.29876089096069336,0.08980544656515121,-1.6602920293807983,1.0646562576293945,0.5996002554893494,0.18888704478740692,-0.11853474378585815,-0.23231235146522522,1.400542974472046,0.2194472849369049,-0.50019371509552,-0.6205701231956482,-0.7179561257362366,1.0029023885726929,-0.7163204550743103,-1.817105770111084,0.9398120641708374,-1.004753589630127,-0.6820626258850098,-0.15869279205799103,0.13855239748954773,0.48651543259620667,1.742479681968689,0.5049254894256592,-0.0016836620634421706,-1.0781433582305908,-0.19529996812343597,0.2749454379081726,0.6110265851020813,0.3951306641101837

Slice 16
-1.7309478521347046,1.1055002212524414,-0.15424662828445435,-1.647197961807251,1.2196552753448486,1.627996802330017,-0.2964828908443451,-0.45535850524902344,1.0838584899902344,0.7812677621841431,0.4567834138870239,0.12814655900001526,-1.3750108480453491,-1.7161176204681396,-0.5460682511329651,-0.8204552531242371,1.638540267944336,0.6185788512229919,-0.05119546130299568,1.631732702255249,1.8533961772918701,-1.0722789764404297,-1.2753748893737793,-1.7166153192520142,-1.1608514785766602,-1.1843937635421753,-1.0692805051803589,-1.4940073490142822,0.15842552483081818,-0.1933826506137848,0.7163501381874084,0.49291446805000305,-0.9354178309440613,-1.4055142402648926,-0.20674856007099152,-0.01948813907802105,0.09163675457239151,-1.7175334692001343,1.1262670755386353,-0.05241129919886589,2.0548503398895264,1.3139383792877197,-1.1931098699569702,1.0216337442398071,-1.0203791856765747,1.12298583984375,-1.1525603532791138,0.0574844665825367,-0.11791899055242538,-0.43980929255485535,0.9137114882469177,-0.26619070768356323,0.11855273693799973,-0.4955599904060364,-1.8340566158294678,-1.5680714845657349,1.2348536252975464,-2.3485896587371826,-2.505500316619873,0.07499374449253082,-1.2712680101394653,-3.584202527999878,-1.1962592601776123,-1.6931252479553223,-1.5256205797195435
-2.2781286239624023,-0.7911866903305054,-2.26350736618042,-1.4745640754699707,1.193341612815857,-1.9951510429382324,-0.2922736406326294,1.168826699256897,1.3847795724868774,1.295802354812622,-1.3473495244979858,0.09309510886669159,0.7108383774757385,1.4582170248031616,0.676850438117981,0.4810061454772949,0.5704237818717957,1.2051151990890503,1.3606871366500854,0.9922287464141846,-0.1828780621290207,-1.4110462665557861,0.6430264711380005,1.6200681924819946,0.1972387284040451,0.05150362104177475,0.9104968309402466,1.0635641813278198,-0.9804193377494812,-0.8195553421974182,-0.6876596808433533,0.1784280687570572,1.0309157371520996,-0.06299768388271332,-2.1036648750305176,-0.35651955008506775,0.9313808083534241,0.6524829268455505,-0.42048710584640503,0.3684246242046356,-0.25676828622817993,1.09761381149292,-1.039103388786316,-0.4533485770225525,0.9916138052940369,0.13568228483200073,0.6396452188491821,-0.8001904487609863,1.1614688634872437,0.4626699686050415,0.8964844346046448,-0.3693266808986664,0.8607175350189209,1.4686349630355835,0.20357897877693176,0.3573901653289795,0.6713078618049622,-0.16397367417812347,-0.8552614450454712,-0.8177615404129028,0.020893460139632225,-1.384658694267273,-1.2747198343276978,-0.7064319252967834,-0.2202526330947876
0.5024926066398621,-2.085552930831909,-0.019277457147836685,0.08760873973369598,0.1272270530462265,1.2393335103988647,-0.8646519780158997,0.543929398059845,-1.7496874332427979,-0.3054024875164032,0.3784944415092468,0.4847869873046875,0.9130786657333374,0.16133339703083038,-0.27189064025878906,-0.6510041952133179,0.043612368404865265,0.4065569341182709,0.7215295433998108,-1.5086767673492432,0.07474706321954727,1.021573543548584,0.8261069059371948,0.9503494501113892,0.5188761353492737,2.305908441543579,0.4240124821662903,1.0356367826461792,0.22191613912582397,0.1416127234697342,-1.7687853574752808,0.32766416668891907,1.8524441719055176,0.8779473900794983,1.3773106336593628,1.056359887123108,0.6051908731460571,0.6644970178604126,1.3346643447875977,1.0564953088760376,0.8994067907333374,-0.3758442997932434,-1.7988919019699097,-1.2362871170043945,1.0959230661392212,-2.3901889324188232,2.489032030105591,1.1150161027908325,-0.4201946258544922,-1.0135111808776855,2.052441120147705,-0.24007700383663177,-1.2645493745803833,-1.6761482954025269,1.5334985256195068,-0.10614186525344849,-2.040299892425537,0.265549898147583,0.8608836531639099,-0.13559915125370026,0.17841610312461853,-0.3019965887069702,1.0779656171798706,-0.6189208030700684,0.4484752416610718
0.3419986963272095,-0.8743889331817627,-1.193002700805664,0.6549460291862488,0.19350264966487885,1.6994599103927612,-0.88871169090271,1.5231564044952393,-0.10091924667358398,0.15171648561954498,-0.3085010051727295,-1.494444489479065,-2.219097375869751,1.1718090772628784,-0.10918480902910233,-0.6833992004394531,1.1108555793762207,2.0329318046569824,-0.839087963104248,0.6815850734710693,-1.4229031801223755,0.1011892557144165,-1.1098134517669678,2.442444086074829,-1.2315717935562134,0.8797127604484558,-0.13764403760433197,0.7197606563568115,-0.5159890651702881,-0.8794074058532715,-0.51885986328125,0.8373600244522095,0.2325853705406189,-0.051686741411685944,1.1950979232788086,-1.2575520277023315,-1.2633849382400513,-0.6670873165130615,-1.0013482570648193,2.2186827659606934,0.09990552067756653,-0.45566537976264954,0.6792827248573303,-0.11069687455892563,-0.4485042989253998,0.9526557922363281,0.7424536347389221,-1.716697335243225,-2.305288553237915,0.9021981358528137,0.03276379033923149,-1.5270458459854126,1.141608715057373,0.9584318995475769,-0.7787283062934875,0.3147304952144623,1.268298864364624,-1.9027875661849976,1.205583930015564,-0.9681345224380493,0.7616491317749023,1.237918734550476,-0.33347561955451965,1.4473652839660645,1.2555029392242432
-0.53298419713974,-0.2943538427352905,1.0235944986343384,1.1842327117919922,-1.5723098516464233,0.1210126280784607,0.5286023616790771,-1.437691330909729,1.105459451675415,1.9866695404052734,0.315422922372818,-0.4364742934703827,-1.1112712621688843,1.787121295928955,0.7119423747062683,0.8766303062438965,-2.5298242568969727,0.6471191048622131,-0.1412563920021057,-0.6479618549346924,1.3071752786636353,0.04612024500966072,-0.9791406393051147,0.09655360132455826,0.947200357913971,0.8835890889167786,0.7338449358940125,-1.3526787757873535,0.4778679311275482,-0.0509464405477047,0.9825586676597595,0.5304149985313416,-0.8255064487457275,-0.3521021604537964,-1.7892097234725952,-2.2550182342529297,1.2896535396575928,0.31827443838119507,0.4995959997177124,-1.3218797445297241,-0.7667320370674133,2.1371517181396484,-0.5672553181648254,-0.27372846007347107,-0.2216777503490448,-0.610255241394043,0.2472296953201294,-0.5747004747390747,0.7800093293190002,1.322790503501892,-1.0928823947906494,0.3253861367702484,-0.17397034168243408,-0.9331210851669312,-0.2716061472892761,-0.020342478528618813,-0.952457845211029,0.35677871108055115,-0.0804746150970459,0.33870622515678406,0.8185151815414429,-0.20988517999649048,-0.7233029007911682,-0.2309490144252777,0.36805635690689087
2.3767306804656982,1.0642114877700806,1.457647681236267,-1.140986680984497,-1.0044091939926147,-0.9070172309875488,-0.8767560720443726,-0.22667273879051208,-1.0153073072433472,-1.5048106908798218,-0.8612999320030212,-0.13650603592395782,-0.3119162321090698,0.015403492376208305,-0.46441513299942017,-0.05368001386523247,0.0012859205016866326,-1.0726152658462524,-0.750198483467102,0.8774917125701904,0.42769163846969604,-1.8278625011444092,-0.6688881516456604,0.8401188254356384,-1.0327705144882202,-0.23133552074432373,0.08220306038856506,0.544033944606781,-0.9341486096382141,0.46183234453201294,0.5437732338905334,1.594929575920105,0.42130914330482483,1.1142717599868774,0.018792342394590378,1.1208860874176025,-0.030089395120739937,0.11917228996753693,-1.613332748413086,-0.47665104269981384,-0.8889627456665039,-2.3946585655212402,-0.2938101887702942,0.0009681542869657278,0.5552753806114197,0.5685617327690125,-0.37644344568252563,1.2370352745056152,-0.07749338448047638,0.23961135745048523,0.9333555102348328,1.1791645288467407,-0.4577234089374542,-1.7558772563934326,-0.0008754154550842941,-0.20209483802318573,1.669350028038025,-0.6545059680938721,-0.7965133786201477,0.6029354333877563,-0.8709133863449097,0.6375365257263184,-0.5978666543960571,0.39529070258140564,-0.5290712118148804
0.8566827178001404,1.2208250761032104,0.11682027578353882,-0.5020696520805359,-0.36796995997428894,0.44078361988067627,-0.3982849419116974,-0.9326966404914856,0.48999592661857605,-1.0401891469955444,1.7966347932815552,0.49817726016044617,1.18388032913208,0.48903220891952515,1.7309610843658447,1.4589645862579346,0.15071722865104675,-0.4554193317890167,0.4863588511943817,-0.2741391360759735,-1.590213656425476,0.4800644814968109,0.29858455061912537,1.1906861066818237,0.5508415102958679,-0.5719504952430725,-0.7281073331832886,-1.0549025535583496,1.4796606302261353,0.41352128982543945,-0.37919506430625916,0.1020919606089592,2.5526671409606934,0.915144681930542,0.5561321377754211,0.1332356482744217,-1.6224864721298218,1.2534040212631226,1.693908452987671,-0.6691945791244507,0.50910884141922,-1.0725889205932617,0.5658485889434814,0.4629667103290558,0.025387221947312355,0.5720012784004211,1.7776427268981934,1.209412693977356,-1.270092487335205,0.5208889842033386,-1.2041244506835938,-1.004549264907837,-1.0365294218063354,0.9516885876655579,0.39552217721939087,0.7269399166107178,0.9147815108299255,0.46745002269744873,-0.7355778813362122,-0.4667109251022339,-0.07362328469753265,-0.11878404021263123,-0.5709681510925293,0.4466286301612854,-0.06291365623474121
0.6449971199035645,-0.39104923605918884,0.05619415268301964,0.6731964349746704,1.506443738937378,-0.48796993494033813,-1.6743539571762085,-0.7530618906021118,0.8857632279396057,-1.2799413204193115,-0.26321735978126526,0.9647642970085144,-0.3396108150482178,-0.6370078921318054,0.9460481405258179,0.4949251115322113,-0.3588296175003052,-0.05568544194102287,-0.20036901533603668,-0.17720277607440948,-0.3400123715400696,-0.040919505059719086,-0.34853506088256836,-0.4565482437610626,1.7429320812225342,-1.4021769762039185,-1.4795280694961548,-0.9162260293960571,0.2856110632419586,1.7150508165359497,-0.6031721234321594,-1.13469660282135,0.8287556767463684,0.7250185608863831,-0.2951693534851074,0.29246729612350464,0.5254971981048584,0.9388512969017029,-0.271432489156723,0.6891608834266663,-0.011003384366631508,0.5539829730987549,-0.3281572461128235,-1.3355309963226318,1.1702864170074463,-1.1327641010284424,1.3528081178665161,-0.1639101505279541,0.6398343443870544,-1.8715012073516846,-0.2137279510498047,0.3096715807914734,0.6439834237098694,-0.018508490175008774,0.9954119324684143,-0.44354692101478577,-1.0608597993850708,-0.0031325980089604855,-2.38594388961792,1.2997407913208008,-2.4678447246551514,-0.9078088998794556,1.2988865375518799,-1.3870437145233154,-1.5335994958877563
-0.30421626567840576,-0.015911513939499855,-0.2477644979953766,-1.2144213914871216,1.156415581703186,-0.15427884459495544,-0.8580959439277649,-1.5801364183425903,-0.22054161131381989,0.0005503379506990314,-0.44574666023254395,-1.285495638847351,-0.2022702693939209,0.43583065271377563,1.060699462890625,0.2659439444541931,-0.29771581292152405,0.8595907688140869,1.5707173347473145,-1.7648104429244995,1.175559163093567,1.413979172706604,1.4077426195144653,0.3134786784648895,-0.4271322190761566,-0.2926010489463806,-1.407268762588501,0.8984488248825073,-1.0687298774719238,-0.08951235562562943,0.05105387419462204,0.9036641716957092,-0.2481459528207779,-1.6064627170562744,0.3642379939556122,-0.19549421966075897,-0.12829871475696564,0.8375024795532227,-1.218414545059204,1.1775398254394531,0.4619239270687103,0.4243752062320709,-0.7353082895278931,0.8599151968955994,-2.235337018966675,-0.19779498875141144,-0.9545408487319946,-0.7745473980903625,-0.6764935851097107,1.5558290481567383,-0.7636688947677612,0.4883354902267456,-1.3529587984085083,0.6262837052345276,-1.5503009557724,1.0344328880310059,-1.4033361673355103,0.4254232347011566,-0.6562554240226746,0.10976051539182663,-1.7559518814086914,0.14102612435817719,1.3440532684326172,1.1046929359436035,0.03545575961470604
0.37200263142585754,0.45277172327041626,-0.08970194309949875,-1.8235127925872803,0.9006679058074951,-1.2884221076965332,0.3332867920398712,-2.2247960567474365,-1.792517900466919,-2.380580425262451,0.3449966609477997,1.7765071392059326,0.10853797197341919,-1.5931942462921143,0.6517239212989807,1.3332264423370361,-0.7490921020507812,-1.4128297567367554,-1.0353336334228516,-0.261062353849411,-1.3311748504638672,-0.5763285160064697,0.7235453724861145,-0.38346412777900696,0.04461745545268059,0.5000099539756775,0.7227513194084167,-1.1577903032302856,-1.2915196418762207,-0.4281696379184723,-1.4611153602600098,0.6901046633720398,0.32395505905151367,1.7612777948379517,-0.9632801413536072,1.161380648612976,-0.4274507164955139,1.0536962747573853,-1.2777197360992432,-0.6247273087501526,-1.848656177520752,-1.2041947841644287,-2.081380605697632,-0.4951566755771637,1.4515138864517212,0.7372971773147583,0.060432080179452896,0.3767823576927185,0.4372727572917938,1.2085474729537964,-0.8628942966461182,-1.4883023500442505,0.39717432856559753,0.43402692675590515,0.6407158374786377,-0.052335474640131,-0.12961997091770172,0.33861860632896423,0.5040784478187561,-0.2380657196044922,-0.7252647280693054,-1.0419933795928955,-1.202834129333496,0.20518168807029724,-0.8409576416015625

Slice 17
-0.3716832101345062,0.38506704568862915,1.3986085653305054,0.3917868733406067,1.6225851774215698,-1.5581023693084717,-1.4632441997528076,1.1203075647354126,0.3479927182197571,1.5772205591201782,-0.5950515270233154,-0.7109373211860657,-0.91886305809021,-0.6520434021949768,0.7592241764068604,0.08808456361293793,-0.8839337825775146,0.9360046982765198,-1.2792795896530151,-0.11084680259227753,-0.1963592767715454,0.11149901151657104,1.219573736190796,0.6543275713920593,0.6739804744720459,-0.39672088623046875,-1.664536952972412,0.10634862631559372,0.967269778251648,0.21569213271141052,0.0048775989562273026,-1.622284173965454,1.0596871376037598,-0.3935193717479706,-0.3161124289035797,0.6532480120658875,0.6768906712532043,2.3865573406219482,0.6131929755210876,-1.135142207145691,1.3695993423461914,-0.5170183181762695,1.5432714223861694,-0.19242456555366516,0.6092299818992615,0.22835572063922882,1.5114045143127441,0.6306509375572205,0.4012250006198883,-0.6726505756378174,-0.9952800869941711,-0.5763634443283081,-0.29058778285980225,1.3678948879241943,1.3894519805908203,0.06637225300073624,1.5869789123535156,0.9866741895675659,-0.2087356448173523,-0.861682116985321,0.6704612374305725,-0.22587130963802338,0.0870029628276825,0.6001741886138916,-0.5485183000564575
0.1703372448682785,0.006267695687711239,-1.1723549365997314,1.2910743951797485,0.07528916001319885,-1.9940966367721558,-0.20448069274425507,-0.9938600063323975,0.34443509578704834,-0.6386449933052063,0.04199352487921715,-0.06639605015516281,-0.9870954751968384,-0.06287822872400284,-1.0071674585342407,0.39410290122032166,0.671088457107544,0.31241971254348755,-0.21967624127864838,-0.2374446541070938,2.188642978668213,-0.25976261496543884,-0.31603556871414185,-0.5465866923332214,0.042047396302223206,0.12501201033592224,0.20378422737121582,-0.7453938722610474,1.2369977235794067,-1.3032764196395874,-0.24291621148586273,0.6823376417160034,-1.1223269701004028,1.2075836658477783,-1.3547440767288208,-0.5457408428192139,-0.5841692686080933,1.278152346611023,1.5603657960891724,0.24787811934947968,1.6430104970932007,-1.2922272682189941,0.49982762336730957,1.11149263381958,0.9597100019454956,0.536419153213501,-0.5351873636245728,-1.2912017107009888,1.4239345788955688,-0.6046731472015381,-1.021973729133606,-0.0816979631781578,-0.8487192988395691,0.8410423994064331,1.304829478263855,-0.47662097215652466,0.9136989712715149,-0.4718686044216156,-0.37145987153053284,-0.08708492666482925,-0.10853688418865204,0.548377275466919,-1.870429515838623,-0.5647956728935242,0.5449309945106506
0.1594049483537674,0.6465480327606201,0.1130140945315361,1.1884417533874512,-0.5293176770210266,0.07387027889490128,-2.1099693775177,0.4719119668006897,1.058708906173706,-1.5742042064666748,0.6758050322532654,-1.2231212854385376,-1.3632583618164062,-0.30616310238838196,-0.8049190640449524,-0.3402456045150757,0.44859030842781067,0.266489714384079,1.828963041305542,0.7425243854522705,0.337881863117218,-2.2371065616607666,0.25547918677330017,-1.3200162649154663,-0.4209350645542145,-1.571303367614746,0.22079379856586456,-1.641552209854126,1.2568345069885254,-0.877473771572113,-0.4944147765636444,0.4455791711807251,-1.442570447921753,-0.08656896650791168,-1.8606202602386475,-1.1128991842269897,-0.11958697438240051,-0.17499305307865143,0.621929943561554,0.8258364200592041,1.2513118982315063,-0.3102213740348816,-0.5561636686325073,-0.7802696228027344,-0.748108983039856,0.8670148253440857,-0.27801764011383057,-0.7958109378814697,1.2488330602645874,-0.8595092296600342,-0.1615080088376999,0.9632679224014282,0.9092614650726318,1.1484880447387695,1.0400421619415283,0.21264763176441193,1.4581252336502075,0.4937513470649719,0.8048622012138367,-0.3425470292568207,0.24219736456871033,-0.9777992367744446,-0.9212609529495239,0.099747434258461,0.04415110498666763
-0.9871362447738647,-0.7195581793785095,-0.7606160640716553,-1.067266583442688,0.18479789793491364,-0.7622862458229065,0.03444399684667587,1.3774640560150146,-0.31665319204330444,-1.1302080154418945,0.8385842442512512,0.08570459485054016,0.3199211061000824,1.1083929538726807,-0.03315749764442444,-0.7022315263748169,0.8589044213294983,0.02543172612786293,1.7500383853912354,0.3272509276866913,2.0251450538635254,-0.4237750172615051,-0.041305623948574066,-0.8621416687965393,-0.9251478314399719,-0.6628538370132446,-0.5932275056838989,-0.9529513716697693,0.08133500814437866,0.6067814230918884,2.0461857318878174,-0.5981454849243164,-2.2033891677856445,-0.28868088126182556,-0.5795000195503235,0.9184714555740356,0.3253868520259857,1.1166306734085083,0.000513231148943305,-0.8310433030128479,0.4876101613044739,0.22033174335956573,-0.44838595390319824,0.7385159134864807,0.7968845963478088,-0.7141335010528564,0.7867167592048645,-0.19435419142246246,1.8331676721572876,-0.6071014404296875,0.34469252824783325,1.723953366279602,1.422783374786377,-0.6460216045379639,1.0668885707855225,-0.2532952129840851,1.9503036737442017,-0.3216665983200073,-0.1320839673280716,0.9018163084983826,0.6666276454925537,0.9989344477653503,-0.4641101658344269,-1.4526660442352295,-0.29274889826774597
-1.7184516191482544,1.3782157897949219,0.447747141122818,-0.7122333645820618,0.9238397479057312,0.3891272246837616,0.5458357334136963,2.1132266521453857,-0.4538634717464447,-0.2494720071554184,1.950821876525879,1.1938107013702393,-1.30675208568573,1.210592269897461,-1.6128590106964111,-1.6939867734909058,-0.5520868301391602,0.20813529193401337,0.677457869052887,-0.2577728033065796,0.5679057836532593,0.057561904191970825,1.105114459991455,0.9169087409973145,1.9778386354446411,-0.47790610790252686,0.06584198027849197,0.6920713782310486,0.8207452297210693,1.1566234827041626,0.5061761140823364,0.5963276028633118,-0.042999859899282455,1.6373703479766846,-1.5862196683883667,0.5693896412849426,0.013014215975999832,-0.6993890404701233,-2.549189567565918,0.19392286241054535,-0.12508268654346466,-0.38488146662712097,-0.2146492749452591,0.558348536491394,0.8344645500183105,2.1318166255950928,0.9896436929702759,-1.1758930683135986,0.7488566637039185,-1.982010006904602,-1.5920374393463135,1.2393203973770142,1.3097219467163086,0.37870094180107117,1.0307927131652832,0.12732839584350586,1.3805315494537354,-0.24308261275291443,1.8128182888031006,0.29298636317253113,0.4438313841819763,-1.3831264972686768,-0.7019364237785339,0.48208677768707275,-0.4128348231315613
-1.107228398323059,0.22302384674549103,-0.2179715931415558,-0.6087255477905273,0.411091685295105,0.9226555228233337,-0.8206902742385864,-1.7564499378204346,-0.40254515409469604,-1.3689308166503906,1.4603828191757202,1.234439730644226,-0.7965271472930908,1.394690752029419,-0.24911649525165558,-0.5559563040733337,-1.3493295907974243,1.6430461406707764,0.36281055212020874,0.5512948036193848,-0.8553909063339233,-0.9767579436302185,1.3774610757827759,1.3132705688476562,1.0752512216567993,-1.0013524293899536,1.1791726350784302,1.2810604572296143,-0.44635963439941406,-1.2700867652893066,-0.3276352882385254,1.3053584098815918,0.3954005837440491,0.38469821214675903,-0.8199754953384399,0.012522495351731777,-0.6186680793762207,-0.10529462993144989,-0.9669954776763916,-0.05689557269215584,-0.4907132685184479,-0.5350989103317261,-2.3896327018737793,1.8503713607788086,1.256702184677124,-0.3519381880760193,0.001476406934671104,1.172999620437622,-1.9021570682525635,-2.1560111045837402,1.4787389039993286,0.12935853004455566,0.5314807891845703,2.1718590259552,0.647666335105896,-1.499509334564209,-1.9692234992980957,1.8884714841842651,1.8069889545440674,-0.4880257248878479,0.20449234545230865,-1.0174827575683594,-2.819000482559204,0.6594157814979553,0.1861957311630249
1.27517831325531,1.0554463863372803,0.2719194293022156,0.16039465367794037,-1.0085281133651733,-1.5889716148376465,0.15689554810523987,-0.0719715803861618,0.38414254784584045,-0.30564647912979126,1.2349300384521484,0.3683057427406311,1.7234487533569336,-0.8942715525627136,0.3207134008407593,-0.5550853610038757,-0.89137202501297,0.11859185248613358,0.7029616236686707,0.9907604455947876,-1.9179162979125977,0.46584826707839966,0.5797129273414612,1.2949028015136719,0.5884939432144165,-0.3908469080924988,0.4213240146636963,-1.585445523262024,1.498068928718567,-0.5141497254371643,0.6092777252197266,0.403763085603714,0.11714697629213333,0.8290753364562988,0.17884813249111176,0.5338568687438965,0.305749773979187,-0.5281159281730652,0.060130149126052856,0.8554573059082031,-0.4213413596153259,-0.19060011208057404,-1.0535141229629517,-0.11135619133710861,0.6567013263702393,-0.7351511716842651,-0.14856739342212677,-0.027302199974656105,-0.7409708499908447,1.0403646230697632,-0.4248215854167938,1.2794920206069946,0.49137234687805176,0.7297981977462769,1.413968563079834,-0.923283040523529,-0.6278758645057678,-0.27395230531692505,0.6411189436912537,0.40239283442497253,0.34916889667510986,-0.5091828107833862,0.5495007634162903,-0.8209195137023926,-0.6193727850914001
-1.5063848495483398,-0.12834122776985168,1.1906744241714478,0.6575912833213806,-0.28586545586586,-0.3852277100086212,-1.6991156339645386,0.713615894317627,0.3133905529975891,-0.6868571043014526,1.335277795791626,-0.438841849565506,-1.4337373971939087,-1.1040736436843872,-1.7067325115203857,-0.15053021907806396,0.680228054523468,-0.7393222451210022,1.1318076848983765,2.025993585586548,-0.7332060933113098,-2.176875591278076,0.40652188658714294,0.8549706935882568,-0.6496983170509338,-1.628900170326233,-0.17333710193634033,-0.1256318986415863,0.5533058643341064,1.1081039905548096,-0.5124492645263672,-0.7067877054214478,0.547217607498169,0.1312103420495987,-0.7152522206306458,0.12640033662319183,0.9989420175552368,-0.7872689366340637,0.13021662831306458,-0.11837155371904373,-1.9039225578308105,-0.9287689924240112,1.3053233623504639,-0.2251681536436081,-0.17068490386009216,-0.07578649371862411,-0.9723800420761108,-1.1946632862091064,-0.11571391671895981,0.9769245386123657,-0.38654154539108276,1.8835771083831787,1.5471540689468384,0.63535475730896,-0.8092872500419617,0.09743170440196991,-0.7169196605682373,-0.1146414652466774,-0.35126563906669617,0.5409459471702576,-1.3283580541610718,-2.232572078704834,1.6456185579299927,0.5758490562438965,1.4772589206695557
0.653022050857544,1.7115973234176636,1.4973509311676025,-0.6395171284675598,-0.8202438950538635,0.27675631642341614,0.1543908715248108,1.022820234298706,-0.3416602909564972,0.34715086221694946,0.5365296602249146,1.186347246170044,-0.16555988788604736,-0.3370973765850067,-0.7018789649009705,-0.9990207552909851,0.5016127228736877,-1.1556702852249146,-1.3438066244125366,-1.4872446060180664,-0.945545494556427,0.17077039182186127,-0.4702906310558319,0.6968039274215698,-0.6807922720909119,0.7157353162765503,3.0825045108795166,1.7992396354675293,-0.8631590604782104,1.858166217803955,0.9027606844902039,0.8749145269393921,0.5975002646446228,-1.7255158424377441,0.2739632725715637,-0.4744972288608551,2.4996323585510254,-0.7090114951133728,1.5362250804901123,-0.2323697954416275,-0.922576367855072,1.322401762008667,-0.6328397393226624,-0.32814642786979675,0.7767427563667297,1.267805576324463,0.029577244073152542,-0.6867144107818604,0.23814944922924042,0.4260025918483734,-0.4162018895149231,-0.6088443994522095,1.9839600324630737,0.9665589332580566,0.09194265305995941,0.04169422388076782,0.3505585491657257,1.5044585466384888,1.5712523460388184,-0.038984477519989014,-0.5643060207366943,-1.5751248598098755,0.16892395913600922,-0.0073696100153028965,2.5647618770599365
-0.055320680141448975,0.8287774324417114,-0.5494136810302734,-2.4267208576202393,-1.6915202140808105,0.12560060620307922,-0.675152063369751,-1.0787286758422852,-0.08280009776353836,-0.31145039200782776,-0.5495076775550842,1.9830197095870972,0.7086024880409241,0.17742998898029327,0.2540368437767029,0.596504807472229,3.5760583877563477,0.892775297164917,0.8996530175209045,0.34689807891845703,1.4015356302261353,-0.20727689564228058,0.405638188123703,0.4313002824783325,0.5513767004013062,0.35537153482437134,0.5089619159698486,0.1453089416027069,0.2464999556541443,0.0008154065581038594,1.8960821628570557,-0.3469124436378479,1.3113878965377808,-5.879624222870916e-05,0.34344032406806946,-1.229979157447815,-0.027980711311101913,0.2713071405887604,-1.3736107349395752,0.7772859334945679,0.3041127324104309,-1.8545503616333008,-1.3770840167999268,-0.8975805640220642,-2.322652816772461,-1.4947010278701782,1.5945353507995605,0.9739626049995422,0.2439069300889969,-1.3917245864868164,1.2144275903701782,-0.49874746799468994,0.7098759412765503,-1.7040801048278809,0.740721583366394,0.7082124352455139,-0.6589942574501038,1.5001260042190552,2.3909647464752197,-0.45293816924095154,0.3126429319381714,1.0810132026672363,-0.05640817806124687,0.9928823113441467,-0.2453557550907135

Slice 18
1.041381597518921,0.9565309286117554,0.6942933201789856,0.21588876843452454,0.5091895461082458,-0.16751892864704132,-0.22755326330661774,0.6575778722763062,-0.6285073161125183,0.661382794380188,1.3383742570877075,-1.7132960557937622,0.5165068507194519,0.9803788661956787,-0.4262583255767822,-3.249382495880127,-0.3523505628108978,-0.16906727850437164,1.641930341720581,-0.5807629227638245,-0.06749306619167328,0.2614016830921173,-1.3585222959518433,-0.9023153781890869,1.951636552810669,-0.6401869058609009,-0.515511691570282,1.0874817371368408,0.2020636945962906,-1.6468678712844849,-0.9135395884513855,1.000429391860962,-0.6226834654808044,0.42615172266960144,-1.5183372497558594,-0.3566192388534546,0.6042662858963013,0.3832741677761078,0.4054255485534668,0.4955343008041382,-1.423563838005066,-0.6196736693382263,1.1627932786941528,0.693225085735321,1.140524983406067,0.9658086895942688,0.573279857635498,0.03037158213555813,0.8151513338088989,0.8983756899833679,-2.019920587539673,-0.9472869038581848,1.3577193021774292,-0.8873343467712402,0.2247321456670761,1.5758305788040161,1.2819650173187256,0.9027537107467651,0.5358090400695801,-0.08588683605194092,-0.40733781456947327,0.14190751314163208,1.885449767112732,-0.13858500123023987,0.9934293031692505
-1.2045973539352417,-0.5829889178276062,0.3248003423213959,0.8654960989952087,0.8876919746398926,0.2862839996814728,-1.3122280836105347,0.26997610926628113,0.03372717648744583,1.4792665243148804,-0.1144229918718338,-0.7426491379737854,1.4435555934906006,1.2646065950393677,1.1616401672363281,0.9288195967674255,-0.4085231423377991,0.7065558433532715,-0.5724737644195557,-0.6019651889801025,0.8044123649597168,1.5049943923950195,0.5981087684631348,1.0908961296081543,1.293368935585022,-1.6286683082580566,0.8824670910835266,-1.8632793426513672,-0.4867631793022156,1.4745675325393677,1.228834629058838,0.8809069395065308,-0.3503083884716034,-0.2642378807067871,-0.03582676872611046,0.8759334087371826,-1.2615004777908325,0.08870584517717361,-0.640288770198822,0.7527262568473816,1.666162371635437,-0.7434831857681274,-2.058885335922241,-0.8959994316101074,1.5919816493988037,1.8045897483825684,1.5891205072402954,0.06261789798736572,0.3397349417209625,-0.8585442900657654,-0.2522225081920624,0.6914905309677124,1.4005601406097412,-2.5171878337860107,-0.62920743227005,-0.8005387783050537,-0.5768088102340698,-0.07852048426866531,-0.26684439182281494,-0.4129699468612671,1.6066148281097412,1.1520476341247559,1.9967275857925415,0.537704348564148,-0.22865064442157745
0.3000680208206177,0.5507212281227112,1.3962239027023315,-0.5571431517601013,-0.030136728659272194,-0.5546320676803589,0.6007072329521179,-0.10897206515073776,-0.9594931602478027,-0.17706812918186188,0.8459616303443909,1.975227952003479,-2.144378185272217,0.20771074295043945,-0.864384114742279,-1.3183737993240356,0.44523346424102783,-0.10168012976646423,0.0464383102953434,0.15380419790744781,0.17690321803092957,-0.9675268530845642,0.582647979259491,-0.8905944228172302,1.492343544960022,-0.3271712064743042,0.2122708559036255,0.006312658078968525,-0.5549194812774658,-1.0408380031585693,-0.0219251811504364,0.030360568314790726,0.9871970415115356,0.6292291879653931,-0.3424234390258789,1.5381838083267212,1.3678555488586426,1.9183847904205322,-1.0343607664108276,-1.2849148511886597,-0.9915667176246643,-1.1966947317123413,-0.03113373927772045,-0.2576921284198761,1.125256061553955,0.1750251203775406,-0.1747947633266449,-0.06356556713581085,1.6475183963775635,0.5386792421340942,0.1121671125292778,0.34002581238746643,0.145876944065094,0.4138590395450592,1.8607687950134277,0.6992000937461853,-2.0184390544891357,0.0674704909324646,-1.519472599029541,0.9225298762321472,-0.5176104307174683,0.5645334720611572,-0.14032423496246338,1.0721408128738403,-0.6088348627090454
-0.3217272460460663,0.3967621922492981,0.7582792639732361,-1.1103049516677856,-1.5635823011398315,0.4666500389575958,1.3870245218276978,0.01750832609832287,-0.02325350046157837,0.7164089679718018,0.039833009243011475,0.13560877740383148,-0.8856204152107239,0.577383279800415,-1.7488528490066528,0.8430773019790649,-1.4484477043151855,-1.5674210786819458,0.4857458472251892,-1.544365406036377,0.8802568912506104,-0.521660566329956,0.4052695333957672,0.23416145145893097,-0.16209307312965393,-0.9999520182609558,0.3792360723018646,-0.5970719456672668,1.1365844011306763,1.4957934617996216,0.6465386748313904,-0.9230605959892273,1.0120424032211304,0.32944026589393616,1.1996256113052368,-0.4177500009536743,-0.07872319966554642,1.0636721849441528,0.1534833312034607,0.8589838147163391,0.969723105430603,0.8734782934188843,-0.9267258644104004,-0.646545946598053,-0.9761335253715515,-1.3890528678894043,-1.076733946800232,-0.37298697233200073,-2.0932748317718506,0.8338586688041687,1.292738437652588,-0.6018106937408447,0.05659160763025284,0.41128233075141907,-0.28106793761253357,-0.20876792073249817,0.5101153254508972,-1.3805078268051147,0.2321224957704544,-0.08644789457321167,1.0098762512207031,-0.9975274801254272,0.25664862990379333,-1.1900020837783813,0.818327784538269
-1.640478491783142,-0.41016915440559387,0.3027071952819824,0.5196843147277832,0.725864827632904,-0.011805117130279541,0.7475332021713257,-1.5011484622955322,-0.7943499684333801,1.3311916589736938,0.6695573329925537,-1.0848109722137451,-2.4507639408111572,1.3434054851531982,0.21500246226787567,-0.32556357979774475,0.04563306272029877,-0.739102840423584,0.34795546531677246,-0.6743013858795166,-0.0077414242550730705,-0.21057073771953583,0.7511391043663025,0.15790458023548126,0.8619398474693298,-1.8071955442428589,0.9116398096084595,1.477877140045166,1.618929147720337,0.7744621634483337,-0.1825185865163803,0.195925772190094,-0.12185227125883102,0.7672683000564575,1.0781689882278442,1.5488210916519165,0.5152689814567566,-0.4804672598838806,-0.6817762851715088,-0.6743543744087219,-0.36502695083618164,-0.1021636351943016,-0.1951030045747757,-0.7562732696533203,0.5158388018608093,-1.1296584606170654,-1.4272890090942383,1.2254101037979126,1.403546690940857,-0.4606208801269531,1.39786696434021,-2.0247340202331543,0.163410946726799,-1.0471396446228027,-0.26698383688926697,1.565541386604309,-1.4870924949645996,-0.02505808137357235,-0.3528030514717102,-0.42371225357055664,-2.060026168823242,-1.1609472036361694,-1.482693076133728,-1.2807092666625977,-0.14074325561523438
1.466192364692688,-0.7839623689651489,1.2301052808761597,-0.3782074749469757,0.2580398619174957,-0.3123971223831177,0.7870772480964661,-1.9284569025039673,-0.6058377623558044,1.0598375797271729,-1.2372453212738037,-0.2625039517879486,-1.829649806022644,1.0801684856414795,0.09768162667751312,-0.12013529241085052,0.4688892066478729,-0.583130419254303,-1.342479944229126,2.2504796981811523,-1.0147321224212646,0.9360914826393127,-1.1730619668960571,-0.7741127014160156,0.6967100501060486,0.3731749951839447,0.6708601713180542,-1.825469970703125,-0.526443362236023,-0.28783944249153137,-0.5403417944908142,-0.7852283120155334,-1.3544567823410034,-1.2559159994125366,0.7642502188682556,0.0974433645606041,-0.795155942440033,0.35367438197135925,-1.1680594682693481,-1.5309696197509766,0.2507450580596924,0.3561969995498657,-1.8471406698226929,0.6227494478225708,-0.9119711518287659,-0.1370997577905655,0.36175718903541565,1.5079317092895508,-0.5299502015113831,-1.3694021701812744,-1.5494524240493774,-0.7648699283599854,-0.1875973492860794,0.7391722798347473,-0.973948061466217,-0.05993890389800072,0.0964227095246315,-0.07107222825288773,-0.4038655757904053,-1.6816363334655762,-0.6637468934059143,0.11774252355098724,0.3986729681491852,0.8364590406417847,-1.3860491514205933
-0.22616393864154816,-0.5877428650856018,-1.0233585834503174,0.7135571241378784,-0.5135118365287781,-1.1904674768447876,1.5037397146224976,1.2792701721191406,-0.9350523352622986,1.9465917348861694,1.4445369243621826,0.05810007080435753,-1.1218782663345337,1.365837812423706,-0.474213182926178,0.17500682175159454,-1.015212059020996,-0.32248538732528687,0.321728378534317,1.439186692237854,1.6925283670425415,-0.8574252128601074,-1.1287152767181396,-1.1284199953079224,1.1438915729522705,-0.8498706817626953,-0.0561855286359787,0.5366250872612,0.6317201852798462,-0.6431583762168884,0.08848319202661514,-0.8253388404846191,-0.5229840874671936,-0.6280415654182434,0.6115097403526306,0.8930333256721497,1.1262959241867065,-0.41087207198143005,1.3798738718032837,0.7284513711929321,0.7650601863861084,-1.18071448802948,-0.37370145320892334,-0.782200813293457,-0.3415409028530121,-0.24571818113327026,-0.34311988949775696,-0.2307322919368744,0.7957080602645874,0.0873338058590889,0.30949559807777405,-1.2880821228027344,-0.21176744997501373,1.1941943168640137,-0.26870787143707275,0.4016934633255005,-0.04637156426906586,-1.3506736755371094,-1.612694263458252,0.2804839015007019,-0.188238725066185,-0.3802485764026642,-0.20876897871494293,0.38815584778785706,0.5146585702896118
0.8295424580574036,-0.8707309365272522,-1.3986976146697998,-1.1831294298171997,0.6871623992919922,-0.37083256244659424,-0.7304715514183044,-1.1038507223129272,1.0025687217712402,-2.0828781127929688,1.0609251260757446,-0.6467210650444031,-0.5645623207092285,0.6974566578865051,0.9540111422538757,0.202492818236351,1.8767563104629517,0.6602140069007874,0.6141608953475952,1.576643943786621,-0.9703429937362671,0.07881062477827072,-0.33665409684181213,-0.6685407161712646,-0.02374142035841942,0.812720000743866,-1.1983460187911987,-1.0986806154251099,0.9960963129997253,0.6728396415710449,0.26805198192596436,0.5058143138885498,0.953604519367218,0.27061307430267334,2.4384372234344482,0.627038300037384,-0.6451749205589294,-1.0438621044158936,1.0307074785232544,0.6139708757400513,0.10469001531600952,1.7376457452774048,-0.24320441484451294,1.2078927755355835,-1.1430424451828003,-1.0784740447998047,-1.00358247756958,-1.1995031833648682,-0.505299985408783,0.09769147634506226,-0.47645992040634155,-0.6339287757873535,-1.1864008903503418,0.11524631828069687,0.02650347910821438,0.6548137664794922,0.5365505814552307,0.17951969802379608,0.7067286968231201,0.9873267412185669,-0.10396504402160645,1.0483160018920898,-0.5985144972801208,-0.1345766931772232,0.5773580074310303
-0.4188114106655121,-0.03864031657576561,0.7591356635093689,0.4402152895927429,-0.31345313787460327,1.6864303350448608,-0.5269425511360168,0.10894797742366791,-1.4129661321640015,-0.5154827237129211,-0.5130962133407593,-0.25761348009109497,-1.0218837261199951,0.49119555950164795,-0.5666443109512329,1.2578285932540894,0.20470833778381348,1.006596565246582,2.0582668781280518,-1.0198712348937988,-0.32914480566978455,-1.0969700813293457,-0.46967315673828125,1.1609842777252197,-0.5069677233695984,1.8453586101531982,-0.2865094840526581,0.8463357090950012,0.795110821723938,0.8384819626808167,0.32049721479415894,1.5496577024459839,-0.08816375583410263,-0.9652321338653564,-1.0972613096237183,-0.20452705025672913,1.0450249910354614,0.9959033131599426,0.9132429361343384,0.6101709604263306,1.0563392639160156,0.4999258816242218,0.760327935218811,2.4452574253082275,-1.2740682363510132,0.3587367534637451,-0.9710013270378113,-1.8374160528182983,-0.4408200979232788,1.6171361207962036,-0.5668207406997681,-1.2384142875671387,0.1598353534936905,-0.9268027544021606,0.5234769582748413,0.6381715536117554,0.709381103515625,-0.6326991319656372,1.0899286270141602,-0.9595822691917419,-1.05596923828125,-1.1332385540008545,-0.5906383991241455,0.4847199022769928,0.3749912977218628
-1.3598812818527222,-1.9473919868469238,-0.08053335547447205,-0.781467080116272,-0.11177366971969604,-1.7077138423919678,0.370102196931839,0.22429047524929047,-0.3903805613517761,0.8448737859725952,-1.0201252698898315,1.4300339221954346,0.2673910856246948,-0.2810693681240082,-0.2765169143676758,0.14439603686332703,0.2606267035007477,-0.7578258514404297,-0.06918371468782425,0.657504141330719,0.4788595139980316,0.7050561308860779,0.6090334057807922,-0.316679447889328,-0.9816233515739441,-0.46466055512428284,-0.15461508929729462,0.5182775855064392,0.8624248504638672,-1.3952713012695312,-1.5360604524612427,0.14042964577674866,-1.4848068952560425,-1.6597909927368164,-0.053154680877923965,0.30329057574272156,0.6265615820884705,-0.8440053462982178,1.038886547088623,0.1133532002568245,-1.0019057989120483,-0.05270245671272278,-0.8605904579162598,-0.42484599351882935,1.5437397956848145,1.5920796394348145,0.1562962532043457,2.0606629848480225,0.7663711905479431,1.3492487668991089,0.7044689655303955,1.0203182697296143,1.474749207496643,0.9874484539031982,-2.574998378753662,-0.0796554908156395,1.063934326171875,0.39391380548477173,0.7129424810409546,-1.7587603330612183,-0.12752872705459595,-0.416777640581131,-0.4765334129333496,1.1831761598587036,-0.2519243359565735

Slice 19
-1.655383825302124,-0.3453400433063507,2.0377602577209473,-1.1245384216308594,1.1170134544372559,0.008244412019848824,-0.06552454084157944,0.0058501167222857475,0.5745062828063965,1.5075210332870483,-1.1023029088974,0.6554878950119019,-0.34016838669776917,-0.9700310230255127,-0.5881959199905396,0.17555645108222961,1.2159351110458374,-1.5877161026000977,1.3612312078475952,0.20220881700515747,-0.898718535900116,0.28070494532585144,-0.6597462892532349,-0.2682930827140808,-0.436195433139801,-1.1472963094711304,0.3561073839664459,1.0975193977355957,-0.8336542844772339,-0.6864159107208252,-0.696955144405365,-0.20722219347953796,-1.7251086235046387,0.3827368915081024,0.9053740501403809,0.6884017586708069,-0.6152064800262451,1.1234409809112549,-0.42156174778938293,-0.8632012605667114,-0.1810305267572403,-0.6889321804046631,0.6332593560218811,-1.5758280754089355,0.0948922410607338,1.2785162925720215,1.193732738494873,1.6070823669433594,0.22375616431236267,1.5478100776672363,0.626345157623291,-1.4548053741455078,1.163818597793579,-0.40895333886146545,0.5562841296195984,0.23606117069721222,-1.3789955377578735,-0.0020572866778820753,0.3514626920223236,-0.6499323844909668,-1.281800389289856,-0.4533590078353882,-0.2842651307582855,-1.6186084747314453,-0.48607346415519714
0.17645098268985748,-1.0385867357254028,0.4031517505645752,0.075543113052845,0.1354481428861618,-1.497822642326355,-0.27239444851875305,-0.7233944535255432,-0.563639760017395,2.2134809494018555,0.7153090238571167,0.3288304805755615,0.8756468296051025,0.9251108765602112,-0.04468395560979843,-0.9398001432418823,-1.4393117427825928,1.064107060432434,-0.8807197213172913,1.0310628414154053,0.9455162286758423,0.8364415764808655,0.9349291324615479,-1.4811371564865112,-0.48990878462791443,-1.5434942245483398,0.4380580186843872,1.9990185499191284,-0.5752347707748413,1.865039587020874,0.8139441013336182,1.4314568042755127,0.2650773525238037,-0.524713397026062,-0.504804253578186,-0.4609941840171814,0.4950006306171417,-0.6642580032348633,-1.8427666425704956,1.7010884284973145,1.029219388961792,0.7143682241439819,-0.6953290700912476,-0.5694421529769897,-1.3983644247055054,-1.2255010604858398,0.010074450634419918,1.31531822681427,0.8056702017784119,-1.0140875577926636,-0.7570101022720337,-2.634536027908325,1.9271390438079834,-0.6783955097198486,0.7998058795928955,0.9758633971214294,0.9184726476669312,1.2414954900741577,-1.8750758171081543,-1.1253081560134888,1.3885127305984497,1.9634406566619873,0.9306018948554993,-0.4490516185760498,0.3856811821460724
0.5129585266113281,0.3743378221988678,-0.5217311382293701,-0.05213163048028946,0.8005468249320984,0.5432930588722229,0.6356053948402405,0.7972346544265747,0.8214493989944458,-0.2900446355342865,0.21366354823112488,-0.5458460450172424,0.7225450277328491,-0.8554002046585083,-0.37181028723716736,-0.6100253462791443,0.5732365250587463,1.9851007461547852,-2.9521737098693848,-1.3674259185791016,-1.2165379524230957,-0.9093173742294312,1.2287734746932983,1.144471287727356,1.2104418277740479,-0.4844583570957184,0.08973997831344604,-0.43380802869796753,-0.7776331901550293,-0.8483213186264038,0.365368515253067,1.1313352584838867,-0.35555770993232727,1.066245198249817,-1.2548695802688599,-0.44423672556877136,0.46825897693634033,0.3846885859966278,0.9903897047042847,0.18865500390529633,-0.6795029044151306,-1.4673906564712524,0.6200892925262451,0.48153620958328247,-1.5585051774978638,0.9069876074790955,-0.6451588869094849,-0.417774498462677,-0.6577680706977844,-1.5280572175979614,-0.8293923735618591,1.7600661516189575,-0.8689653277397156,1.1907681226730347,-0.8727242350578308,-0.4367011487483978,-1.0575132369995117,1.7230366468429565,-0.03412966802716255,1.2879347801208496,1.6403206586837769,1.1086267232894897,0.7931875586509705,-0.4395797550678253,0.7320183515548706
-0.8013999462127686,-0.274093896150589,-0.7231917977333069,-0.13722579181194305,1.3795796632766724,1.1231422424316406,1.445677399635315,1.8496748208999634,-0.4152560532093048,0.36464253067970276,0.8475421667098999,-0.8750656247138977,1.233275294303894,0.5375683903694153,-0.6163886189460754,0.7928683757781982,0.9403474926948547,-0.9009543061256409,1.3812739849090576,-0.34353965520858765,-0.39504650235176086,-1.1170353889465332,1.5612412691116333,1.6833821535110474,3.461501121520996,-0.614915132522583,-1.6991525888442993,-0.40721359848976135,-0.7246902585029602,0.7962360978126526,-1.1081339120864868,0.16115179657936096,0.5982415080070496,0.43797606229782104,1.6611196994781494,-1.430910348892212,-0.22986063361167908,0.6260140538215637,0.973186731338501,-0.9632869958877563,-0.005696605425328016,1.0164639949798584,1.3831740617752075,0.029886338859796524,0.24149736762046814,-1.10873281955719,-0.4066852927207947,0.2829962968826294,-0.6245399713516235,1.8384602069854736,-0.44431254267692566,-0.8216173648834229,2.0092051029205322,-0.20162323117256165,0.4976615011692047,-0.08620775490999222,-0.08577609807252884,-0.7889035940170288,0.012176618911325932,-1.8992019891738892,-0.7301427721977234,0.7931157350540161,-0.03823660686612129,0.4722222685813904,0.36433306336402893
0.43880003690719604,-0.4418415129184723,1.0016103982925415,-1.2658767700195312,-0.18707168102264404,-0.15182243287563324,-0.5303500294685364,-0.7346392273902893,0.6932421922683716,-0.007008741609752178,-0.05114884302020073,-1.4507615566253662,-0.4411502778530121,-1.3355355262756348,-0.32151493430137634,0.3557380139827728,-0.06907805800437927,-0.3722390830516815,-0.04332362487912178,1.8963627815246582,2.589580535888672,0.2322380691766739,-0.5207584500312805,0.23420168459415436,0.4202771782875061,-0.468906432390213,-1.0046148300170898,0.381051242351532,0.7833744287490845,-1.2463724613189697,-0.46391239762306213,-0.0832229033112526,-0.34480199217796326,-0.2564947009086609,-2.228977918624878,-0.31226640939712524,-1.8491826057434082,-0.6083987355232239,0.43181198835372925,-0.958091676235199,0.33492377400398254,0.8894509673118591,-0.5169997215270996,0.9836981296539307,-0.3668054938316345,0.32472118735313416,-0.13283632695674896,-0.754218578338623,1.3069384098052979,-1.3636291027069092,-1.349488377571106,1.273319125175476,0.05211370438337326,1.8065505027770996,-0.40254753828048706,-0.931038498878479,-0.809366762638092,0.013296514749526978,-0.47837546467781067,-0.8583914041519165,1.0017797946929932,0.4523543417453766,0.4995969235897064,-1.6008409261703491,-0.6960050463676453
0.7315036058425903,0.43988510966300964,1.4163658618927002,-1.0255072116851807,0.15839381515979767,-0.6241434216499329,-1.4778395891189575,-0.5710762739181519,0.18925082683563232,-0.44932636618614197,-1.3327640295028687,1.3754194974899292,-0.8797808885574341,-0.30882760882377625,-0.8722628951072693,-0.6692020297050476,1.214148759841919,-0.5152763724327087,-1.8930245637893677,0.2727324366569519,0.6429517865180969,1.1553239822387695,-0.4465048015117645,-0.1980239301919937,-0.3118410110473633,0.010078604333102703,-0.34805771708488464,-0.8949361443519592,1.0094830989837646,0.19711251556873322,1.5391669273376465,0.5707341432571411,-1.1318869590759277,0.35888591408729553,0.3097715377807617,0.6952055096626282,0.7789627909660339,1.115013837814331,0.6027078032493591,0.5981371402740479,-1.7111217975616455,1.1716210842132568,1.132250189781189,0.6464046239852905,1.2293907403945923,1.3089139461517334,-1.1507927179336548,0.4090869128704071,2.055302619934082,0.6100789904594421,-1.9850002527236938,0.2003031075000763,-1.454722285270691,0.05643205717206001,2.5444226264953613,-0.7202085256576538,1.5907970666885376,-0.5366062521934509,1.2528777122497559,-0.18388517200946808,1.1150296926498413,-0.0445922315120697,-1.2654430866241455,-0.2715374529361725,0.3560503423213959
1.1926114559173584,-0.2000662088394165,-0.024032453075051308,0.15961240231990814,0.5062555074691772,-0.9256194233894348,0.17961999773979187,-0.3254992961883545,-0.3618454039096832,-0.05511515215039253,0.40764638781547546,1.5422261953353882,-1.481078863143921,-0.43587222695350647,0.751060962677002,-0.2340814173221588,-0.6674111485481262,-1.5972847938537598,0.29057642817497253,-1.2907295227050781,-1.5364599227905273,0.15386301279067993,0.8756406307220459,-1.2496768236160278,-0.798591136932373,-0.5882982015609741,1.5851564407348633,0.07760491967201233,0.16687218844890594,-1.8061604499816895,-0.37234464287757874,-0.6141327619552612,1.032883644104004,-1.48226797580719,-0.03604206070303917,-0.12745362520217896,-0.7009226083755493,-1.0966242551803589,1.751950979232788,0.5725342631340027,2.1823506355285645,-1.7204991579055786,-0.7183865904808044,-1.384661316871643,0.3044632077217102,-1.0899031162261963,0.3196415305137634,0.42634984850883484,-0.6255711317062378,0.09986647963523865,1.3923230171203613,-1.4894027709960938,0.11369215697050095,-0.5565569996833801,-0.7224878072738647,-1.349192500114441,-0.46247398853302,0.2985817492008209,-0.3177814781665802,-1.05923330783844,-0.944510817527771,-0.43838047981262207,-0.10739660263061523,-0.47675102949142456,-0.38699376583099365
0.19293898344039917,1.465993881225586,-1.140140414237976,1.4481123685836792,2.4486117362976074,-2.120985984802246,0.07492858916521072,-1.7266950607299805,-0.7418472170829773,0.25240975618362427,-1.0153993368148804,-1.8043255805969238,1.5836044549942017,0.20409120619297028,1.1291368007659912,1.5236945152282715,0.8497475385665894,0.6900860667228699,-1.0185102224349976,-1.9373859167099,-1.250207543373108,-0.5943009257316589,-1.0368831157684326,-0.3104880750179291,-0.303312212228775,0.39807572960853577,-0.9316012263298035,-1.1425005197525024,-0.8406057953834534,0.20944133400917053,0.4659533202648163,-1.59011971950531,1.0052454471588135,1.478530764579773,1.8263564109802246,-0.702992856502533,-1.527665615081787,-2.2964348793029785,-0.02030988782644272,-1.151469111442566,-0.20782706141471863,-1.2367608547210693,-2.0282070636749268,-0.3225458860397339,1.3713302612304688,0.4825870990753174,-0.35321199893951416,-3.220468521118164,-1.9373637437820435,1.4335663318634033,-0.5994516015052795,-0.7321129441261292,1.5429004430770874,0.24729770421981812,-0.7537053227424622,0.40750235319137573,1.1636408567428589,-1.6478830575942993,1.1648554801940918,0.01712127774953842,0.6670311093330383,-0.948076069355011,-0.44067636132240295,-0.5101263523101807,-1.715369462966919
0.7496753334999084,-0.5459698438644409,-0.892382800579071,-0.4895573854446411,0.5848174691200256,-1.1713999509811401,0.9450661540031433,-0.9275504350662231,1.450668215751648,1.060099720954895,0.5296046733856201,0.42156243324279785,-0.25719669461250305,1.9266939163208008,-0.42351675033569336,0.3531366288661957,1.6771870851516724,-0.3184768259525299,0.31688395142555237,0.7682912945747375,-0.5585942268371582,-0.7087337970733643,-2.5578219890594482,-1.0803446769714355,1.154680848121643,-2.073429584503174,-1.2248661518096924,0.4574025273323059,0.44098126888275146,0.5236845016479492,0.6886388063430786,1.0354701280593872,-0.2528379559516907,0.9277967810630798,1.5711382627487183,-1.6884006261825562,1.987430214881897,1.5256080627441406,0.6993424296379089,0.9384931325912476,0.16396111249923706,-0.36367252469062805,0.2442418783903122,0.5159629583358765,-0.21182911098003387,1.4925540685653687,-0.5164124369621277,1.051370620727539,-0.662834644317627,0.1673911213874817,-1.21519935131073,0.7656789422035217,0.6564063429832458,-0.9234123826026917,0.310481458902359,-0.8999231457710266,0.18446438014507294,0.7025274038314819,0.6150108575820923,0.15990795195102692,-0.804556667804718,0.20233862102031708,1.6941136121749878,0.9109897613525391,0.13062728941440582
1.4212993383407593,0.7240778803825378,0.35437050461769104,0.294953852891922,0.9622064828872681,2.0011470317840576,0.3430803120136261,1.5082974433898926,-0.8315889835357666,-0.5699987411499023,-0.3057260811328888,-0.07328575104475021,1.4026838541030884,0.26801207661628723,0.10611546784639359,-1.1428521871566772,0.6894901394844055,0.5762099027633667,0.6659387350082397,0.21105432510375977,0.42800548672676086,-1.1244053840637207,0.8921056389808655,0.21544113755226135,0.37993544340133667,-0.2642216086387634,0.5700330138206482,-0.8603848814964294,-1.2735687494277954,1.84014892578125,0.2527059018611908,1.0605647563934326,-0.5509493947029114,1.5757139921188354,0.6398097276687622,-0.31816765666007996,-0.7440028786659241,1.8370139598846436,-0.8385148644447327,0.2664511799812317,-0.9139688014984131,0.7147603034973145,-1.3128989934921265,1.0267183780670166,-0.2139037400484085,0.2565365135669708,-1.7742376327514648,0.6689438223838806,0.1467403620481491,0.15708822011947632,-0.39608216285705566,0.44224533438682556,-0.45707017183303833,0.7768110036849976,-0.1606774926185608,2.139566659927368,-0.6631371378898621,-0.8763498663902283,-1.0781307220458984,-1.1776212453842163,0.5424242615699768,-0.3375495970249176,-1.66813063621521,0.4726606607437134,1.9304255247116089

Slice 20
0.4918510615825653,0.7375088334083557,-0.23246607184410095,1.0878268480300903,1.2131767272949219,-1.2495670318603516,1.0358728170394897,0.759136438369751,0.12373483180999756,-0.8145104646682739,-0.9187338948249817,-1.299887776374817,1.8023561239242554,-0.09989436715841293,0.5693250894546509,1.6340618133544922,0.0713958740234375,0.9135413765907288,0.003321901662275195,-0.3198643922805786,-0.7995376586914062,0.8967772126197815,-0.2645893394947052,-2.0152642726898193,-0.7030503153800964,0.38924941420555115,-0.4284699559211731,1.4514952898025513,0.205011785030365,-0.5230566263198853,-0.25038135051727295,0.32450878620147705,1.2321544885635376,0.10606925934553146,1.189060091972351,-0.5231884717941284,1.0703067779541016,0.7756364941596985,0.2388000786304474,0.746086835861206,-0.05659320950508118,0.7737342119216919,-0.32163628935813904,-0.4568225145339966,0.2697642147541046,0.5324781537055969,0.5238345265388489,0.39617905020713806,-0.9251095056533813,0.809702455997467,0.2928524613380432,0.2688804864883423,-0.20993256568908691,-1.7755961418151855,-0.7469937205314636,-1.2651028633117676,-0.27454179525375366,-1.8635739088058472,-0.2604713439941406,0.7908368110656738,-1.415366768836975,0.27387380599975586,-2.133516311645508,-0.024248970672488213,-1.1505309343338013
-0.3199959099292755,-1.1071548461914062,0.48696058988571167,-1.7196401357650757,0.7672978639602661,0.5842558145523071,0.1932174563407898,0.5134032368659973,-1.537888765335083,-0.10135417431592941,-1.4011595249176025,-0.34925466775894165,-1.0071629285812378,0.12259409576654434,0.6648334264755249,-0.3780443072319031,-0.38458964228630066,-0.3081228733062744,-1.0744431018829346,0.1383158266544342,0.06558474153280258,-0.5445523858070374,0.2919020652770996,1.3964985609054565,-0.3798772692680359,1.0037857294082642,0.15456122159957886,0.08555954694747925,0.40329787135124207,-1.2079299688339233,-0.24132588505744934,0.2826858460903168,1.2110404968261719,-0.08898834884166718,0.3922564685344696,-1.0559405088424683,-1.1492259502410889,-0.3734208345413208,-0.9461154937744141,-0.48674237728118896,0.32083097100257874,-0.7747113108634949,1.5996181964874268,-1.1801683902740479,-0.5463473796844482,0.47634759545326233,-0.0953381210565567,-0.34772777557373047,-0.41887444257736206,0.6165148615837097,0.3972684442996979,-1.023100733757019,0.6719728708267212,-1.6629210710525513,1.28902006149292,-2.0197668075561523,0.6199498176574707,-0.33914467692375183,-0.12399140000343323,0.6610994935035706,0.2851896286010742,-1.2150486707687378,0.03893647715449333,-0.28017306327819824,-1.5492408275604248
-2.147027015686035,-2.1072518825531006,-0.060754433274269104,-1.0324136018753052,0.9447291493415833,0.9428529739379883,1.0032416582107544,-0.13748468458652496,-0.7365487813949585,-0.10420382022857666,-0.6248697638511658,-0.8302363753318787,-0.569940984249115,-1.0310008525848389,0.5877520442008972,1.303208589553833,1.3474370241165161,-1.2341368198394775,0.9112275242805481,-1.4248470067977905,-1.9758117198944092,-0.8136566877365112,-1.485372543334961,0.17628516256809235,-1.511728048324585,0.021219685673713684,-1.2159990072250366,-0.3540862798690796,0.42871275544166565,1.3944823741912842,0.06707797944545746,-0.3314041495323181,-0.012680704705417156,-1.941597819328308,0.2726409435272217,2.2128143310546875,-0.023582883179187775,0.8061282634735107,-0.1094999760389328,0.32905006408691406,1.0161916017532349,0.09649813920259476,-0.37756168842315674,1.4886342287063599,1.6915491819381714,-1.0967564582824707,0.6299563646316528,0.44601354002952576,0.6507582068443298,-0.05753529071807861,1.703872561454773,0.6636043190956116,0.5318170189857483,0.27104929089546204,-2.522702932357788,0.9162498712539673,-2.4987125396728516,1.644888162612915,0.5529305934906006,-0.446608304977417,1.0219838619232178,-1.4490443468093872,0.9367247819900513,0.3750855028629303,0.17695505917072296
-0.494416743516922,2.2911767959594727,-0.41177132725715637,-0.0011456551728770137,-0.07912266254425049,0.18474987149238586,-1.1365952491760254,0.383933961391449,0.08068528771400452,0.11500059813261032,-1.334153652191162,-0.6471660733222961,-0.07754937559366226,0.6482702493667603,0.6070190072059631,-0.06055265665054321,0.12226282060146332,-0.10673560947179794,0.38212162256240845,1.5357908010482788,0.2411254197359085,-0.14377686381340027,1.9030801057815552,-0.5644479990005493,0.6209168434143066,0.1706150621175766,1.1963683366775513,-0.17424066364765167,0.5728685259819031,-0.3226807713508606,0.34291818737983704,-0.8256130218505859,-0.901925265789032,0.7899068593978882,0.27789485454559326,-0.21471959352493286,0.06788108497858047,-1.1913557052612305,1.307985782623291,-0.4306841194629669,0.23366686701774597,0.4015747606754303,0.15604183077812195,-0.5053272843360901,-0.25981834530830383,1.1703321933746338,-0.2010127604007721,2.060499668121338,0.1752077043056488,-0.5220033526420593,0.06157781183719635,-1.521471381187439,-0.3508487939834595,-1.16978919506073,0.645711362361908,0.06640179455280304,-0.3486042618751526,0.1903579980134964,1.7170591354370117,0.06992634385824203,-0.09533487260341644,-1.3308749198913574,-0.5937851071357727,1.087938666343689,-1.6414120197296143
-0.3597176969051361,-1.3484083414077759,0.6873437762260437,-0.059344127774238586,-0.3719211220741272,0.7991653084754944,0.5260469913482666,-0.634303629398346,-0.07130372524261475,0.943661093711853,0.40161213278770447,1.5743169784545898,1.476763367652893,-0.13785810768604279,0.050947949290275574,-0.4511681795120239,-1.5587835311889648,0.17600791156291962,-1.6157060861587524,-0.4380694031715393,-0.34481704235076904,1.224795937538147,0.3008314073085785,1.3940480947494507,-0.33146968483924866,1.0729223489761353,-0.22064842283725739,0.06844692677259445,-0.5444201827049255,-0.8882611989974976,-0.05884953588247299,1.4876914024353027,0.19619110226631165,-0.44699278473854065,0.29551199078559875,-0.04988411068916321,-1.6253083944320679,-0.27388429641723633,-0.5843062996864319,-0.5371221899986267,-0.4599844217300415,-0.3551425337791443,1.2157222032546997,0.28480416536331177,0.13954602181911469,0.2025410234928131,2.6153459548950195,-0.9048525094985962,-1.4140077829360962,0.13043569028377533,0.37602147459983826,-0.43499237298965454,0.8285696506500244,-0.7874937057495117,0.40828120708465576,-1.2250785827636719,1.0392298698425293,1.0876694917678833,0.42743104696273804,0.9890324473381042,2.06083607673645,0.6068319082260132,1.2810778617858887,0.9510947465896606,0.5735220313072205
0.335052490234375,0.4813237488269806,-0.4371281862258911,-0.4808042645454407,2.901273727416992,1.215066909790039,0.0925457626581192,-2.1006968021392822,-0.14726302027702332,-0.9083975553512573,-0.9003341197967529,1.9479594230651855,1.0957345962524414,-0.127602219581604,-0.36634790897369385,-0.5567484498023987,0.45172688364982605,1.3023836612701416,-0.8192542791366577,1.1413955688476562,0.34494200348854065,-0.1417255848646164,1.0272539854049683,-0.6603251695632935,1.4781886339187622,1.0561132431030273,-1.0511661767959595,-1.883825659751892,0.6805936694145203,-1.512164831161499,-2.4839348793029785,0.17719799280166626,-0.2608354091644287,0.22796687483787537,-0.28067275881767273,-0.6704537272453308,-0.16948896646499634,0.48473504185676575,-0.6268829107284546,-1.860684871673584,-1.4032456874847412,0.010714520700275898,-1.4402467012405396,-1.17214834690094,-0.5884873270988464,0.6664926409721375,2.551103353500366,0.37965282797813416,-0.32830944657325745,-1.170273780822754,-0.3765029311180115,-1.6056475639343262,-0.16796189546585083,-0.27558374404907227,-0.22713123261928558,0.39665308594703674,0.2555828392505646,-1.9509785175323486,1.0663909912109375,0.4991627037525177,-0.8706402778625488,0.2315136045217514,-0.41827136278152466,-0.9224280714988708,-1.158015489578247
0.6761209964752197,0.25818726420402527,0.32846590876579285,-1.2463034391403198,0.36497917771339417,1.1011455059051514,0.08623529970645905,-0.4199410080909729,1.5146820545196533,0.8587573170661926,0.785736620426178,0.7641589641571045,-0.04388202726840973,-1.4970486164093018,-0.7501062154769897,0.24345074594020844,-1.028435468673706,2.117264986038208,-0.31490620970726013,0.3617933392524719,0.5802897214889526,-1.0724945068359375,0.9144753813743591,1.0451396703720093,0.4418033957481384,1.2891960144042969,0.6099275946617126,0.9072092175483704,-0.4063059687614441,0.17050689458847046,1.0725953578948975,-0.3327495753765106,-1.0159056186676025,1.1964622735977173,-1.7312304973602295,-1.3700815439224243,-0.7728363871574402,-0.8167070746421814,-1.0912361145019531,2.3825416564941406,1.1541388034820557,1.260221242904663,1.3224366903305054,-2.035508155822754,1.6041725873947144,1.4568264484405518,0.04606705904006958,-1.106461524963379,1.0486725568771362,0.12355619668960571,-0.4701537787914276,2.062227487564087,-0.390108585357666,-0.7605595588684082,-0.04212707653641701,0.8723117113113403,0.4848584532737732,-1.1960418224334717,-0.8476426005363464,0.8754820823669434,-0.8505682945251465,-0.18610280752182007,-1.497092604637146,-1.1255578994750977,-0.7256726622581482
-1.113048791885376,0.09753523766994476,-1.5700827836990356,1.342727541923523,1.5363723039627075,0.2830343246459961,-1.4183472394943237,-1.6225042343139648,-0.6396511197090149,-0.19876010715961456,1.4952398538589478,-1.2635811567306519,0.9414520859718323,0.018755611032247543,0.5370714664459229,-1.1130504608154297,0.7372307181358337,0.6621076464653015,-1.1424355506896973,-1.104132890701294,0.5105005502700806,0.8949452638626099,-1.3017715215682983,0.6468253135681152,-0.7106456160545349,-1.3278801441192627,0.8360141515731812,-0.6479959487915039,-0.8724579811096191,0.2745427191257477,1.0726810693740845,-0.6602976322174072,0.31071603298187256,-0.4355331361293793,0.6310726404190063,-0.7688260674476624,0.6538138389587402,0.6765238642692566,-0.15848824381828308,-0.5178862810134888,-0.36371636390686035,1.5839301347732544,-1.8218570947647095,0.845898449420929,-0.31383761763572693,-0.6375863552093506,0.26699548959732056,-1.3777896165847778,0.6276028752326965,-0.81831294298172,0.722039520740509,-0.10854209959506989,-0.11617624759674072,0.8248777985572815,-0.3769887089729309,1.0194141864776611,0.8753437399864197,-0.8347368240356445,-1.0572372674942017,-0.7281968593597412,0.7847888469696045,-0.11982724070549011,-1.4419918060302734,-0.4707508087158203,0.49113407731056213
-0.2279175966978073,0.32660380005836487,-1.5455667972564697,-0.9824716448783875,-0.47047939896583557,-1.4853891134262085,-0.07828842848539352,-0.35262399911880493,0.7343573570251465,-0.38757508993148804,-0.36819586157798767,-0.33033615350723267,-1.0214602947235107,-0.18268556892871857,0.6257754564285278,-0.7427399754524231,0.36365067958831787,0.5477982759475708,0.6369674801826477,0.7271302342414856,-0.1173497885465622,0.06164718046784401,1.2647309303283691,0.6138534545898438,-0.17983578145503998,1.3914295434951782,-0.19862058758735657,-0.20280669629573822,0.44256162643432617,-0.5491774678230286,0.1761089265346527,1.2391421794891357,0.4321024715900421,0.8816818594932556,-1.4416918754577637,0.5824254751205444,-1.3090789318084717,1.5275428295135498,0.14968745410442352,0.1895560771226883,-0.4644660949707031,-0.3279147744178772,0.687368631362915,1.9678033590316772,-0.5189869999885559,0.02944435551762581,-2.1742804050445557,0.8134960532188416,0.3683226704597473,0.29661527276039124,0.9540490508079529,1.2296918630599976,1.1750397682189941,0.6411225199699402,2.333061933517456,-1.0382000207901,0.5880224704742432,1.9584882259368896,2.061997890472412,-1.4635066986083984,1.7931244373321533,-1.2419813871383667,-0.5191258192062378,-0.6455181837081909,-0.4498196542263031
0.5543505549430847,-0.5947093963623047,1.7071518898010254,1.1268730163574219,0.11023936420679092,0.6660158038139343,-0.3853917717933655,1.2095869779586792,-0.19828985631465912,-0.01601991057395935,-0.47427621483802795,-0.6371259093284607,1.6482326984405518,-2.158977746963501,-1.144713044166565,-1.971215844154358,1.3295258283615112,1.3369898796081543,0.4821949899196625,0.720496654510498,-1.7908881902694702,1.0248942375183105,0.08734101802110672,0.27788445353507996,0.9573786854743958,-0.3807426691055298,0.9037162065505981,-0.6357488632202148,-0.23046377301216125,-1.3714756965637207,0.37640514969825745,-0.6639546751976013,1.2712476253509521,0.05909476429224014,-0.250314325094223,0.6945973634719849,0.32384639978408813,1.7549057006835938,-1.5490542650222778,0.5963204503059387,0.06691183894872665,1.1024842262268066,1.4138891696929932,-0.22581329941749573,-0.8657536506652832,1.6593785285949707,-0.5281888842582703,1.0968023538589478,-0.004475157242268324,-1.3667755126953125,-2.3564558029174805,-0.2656656503677368,-2.106295108795166,-0.6780762672424316,0.12044846266508102,-1.841486930847168,-1.4835094213485718,-0.6248708963394165,-0.3950173556804657,-0.7103780508041382,0.6792057156562805,-0.82403165102005,1.3697190284729004,1.866889476776123,-0.5482185482978821

Slice 21
-1.0695244073867798,0.210140660405159,-1.0241739749908447,0.013593080453574657,1.65584135055542,0.42951714992523193,1.4046711921691895,2.0285518169403076,-0.2342551201581955,-2.0557405948638916,0.3113693594932556,0.9026643633842468,0.537316083908081,-0.2615569829940796,-0.650489866733551,0.6343235373497009,-0.5131891369819641,-0.33072102069854736,0.6176931858062744,-0.31985899806022644,1.0262795686721802,-1.4661840200424194,-0.6257943511009216,-1.1543455123901367,0.47600695490837097,-0.45459938049316406,1.0365355014801025,1.126098871231079,1.8805196285247803,0.31449252367019653,-1.6705975532531738,-1.280151605606079,-0.18709011375904083,2.1263015270233154,-2.100855588912964,0.9465612173080444,1.6732494831085205,0.9653254747390747,1.6239778995513916,0.5358390212059021,-0.18480324745178223,0.6718921661376953,1.794859766960144,2.173722743988037,-0.2357831746339798,-0.7798276543617249,-1.3948551416397095,-0.561356782913208,1.9958561658859253,0.9740509986877441,-1.0480561256408691,-0.5523589849472046,-0.7232794761657715,-0.6778589487075806,0.19881944358348846,2.2484757900238037,1.1922239065170288,0.9165958166122437,-0.6853659749031067,1.0991023778915405,-0.5906854867935181,-1.3020408153533936,-0.1336212009191513,1.0705798864364624,-1.7471423149108887
-1.334840178489685,0.3444403111934662,-0.1985698938369751,1.309718370437622,0.3270464539527893,0.919157862663269,-0.739741861820221,1.4538861513137817,-1.3160884380340576,-0.3161780536174774,1.5549378395080566,-0.3015460968017578,0.531082808971405,-0.8335408568382263,0.9469997882843018,-0.5796266794204712,0.33783259987831116,-0.3108380138874054,-1.306121826171875,1.7448644638061523,1.0313653945922852,-0.8984655141830444,-1.6712578535079956,-0.9826895594596863,-0.9394742846488953,-1.3214030265808105,1.5984160900115967,0.27733975648880005,0.07566574960947037,-0.6380596160888672,-0.46883541345596313,-1.1903842687606812,0.9309131503105164,1.2048581838607788,-1.2356679439544678,0.6375600099563599,-0.7073701620101929,-0.909185528755188,-0.07172729820013046,-0.4257364273071289,1.4114484786987305,-1.3857524394989014,-1.189261555671692,1.6196588277816772,-1.1685247421264648,-0.5445567965507507,0.4153989553451538,1.2690554857254028,1.3303619623184204,1.1700519323349,1.1751857995986938,-1.4524507522583008,-1.4950248003005981,-0.5473636984825134,-0.42299988865852356,-0.3757070302963257,2.067079544067383,-0.18289364874362946,-0.2042102962732315,-0.25704845786094666,1.2462462186813354,-0.7275375127792358,0.6548155546188354,1.3004345893859863,1.9065783023834229
0.23042653501033783,0.3325203061103821,0.9690587520599365,0.6840869188308716,-0.16114631295204163,0.41321617364883423,0.102802574634552,-0.39924919605255127,-0.7021465301513672,1.4834991693496704,0.9841732382774353,-1.3237742185592651,0.3207251727581024,-0.05454474315047264,-1.3476606607437134,0.9136836528778076,0.6965398192405701,-0.3316628634929657,-1.0318331718444824,-1.3173658847808838,-0.29069897532463074,-0.7826826572418213,1.124840259552002,-0.7711168527603149,-0.07122085243463516,1.2524787187576294,-0.1453746259212494,0.47725963592529297,-0.6505616307258606,0.3010551631450653,0.24051488935947418,0.35041099786758423,2.0918710231781006,0.24770766496658325,0.33677878975868225,0.012846091762185097,1.2894607782363892,-0.2567879259586334,-0.2698299288749695,1.559191107749939,0.8917139768600464,2.7041733264923096,-0.12205582112073898,0.1773628443479538,-0.908944845199585,1.1206700801849365,-1.1203653812408447,0.5241300463676453,-1.1427654027938843,-0.9213374853134155,0.6514538526535034,0.6313782930374146,0.08289263397455215,0.3730196952819824,0.5481705069541931,1.0581941604614258,0.007197899278253317,0.4344378411769867,1.6732466220855713,1.7906674146652222,1.3799501657485962,-0.8289879560470581,-1.1642005443572998,0.052745867520570755,-0.03886169195175171
0.2938712239265442,0.44255828857421875,2.3194148540496826,-0.5944335460662842,0.2942403554916382,1.3871583938598633,0.19085465371608734,0.4925069510936737,0.267132967710495,0.5876214504241943,-0.6031280755996704,0.23096057772636414,-1.6562482118606567,0.9418079853057861,1.7004656791687012,-0.5156682133674622,-0.32796281576156616,-1.3459982872009277,0.42311805486679077,0.9107688665390015,-0.22373659908771515,1.2717572450637817,-1.2598741054534912,-1.0083903074264526,1.5709168910980225,-0.6574622988700867,1.4496315717697144,0.28936895728111267,-0.689803957939148,-2.5023367404937744,0.18072816729545593,0.34079986810684204,1.3467334508895874,1.110559344291687,0.29854637384414673,-0.1932843178510666,0.32989999651908875,-0.35017749667167664,0.9104147553443909,0.8299168348312378,-1.0368436574935913,-1.7777597904205322,1.331655502319336,0.7013897895812988,-0.9168844223022461,1.3225539922714233,-0.3683086037635803,-1.4563896656036377,0.005522201769053936,-0.12179218232631683,-0.6742527484893799,2.034757137298584,0.2763059139251709,0.6630203127861023,1.2629053592681885,0.16826023161411285,-1.4462953805923462,-0.4897941052913666,0.38539451360702515,-0.29776424169540405,-0.24434708058834076,-1.7800450325012207,1.050453782081604,-0.520277202129364,1.1624457836151123
-1.5079089403152466,0.9179813265800476,-0.06641116738319397,-0.9926525950431824,1.1174262762069702,1.7380870580673218,-1.537118911743164,-0.029988134279847145,-0.027444256469607353,1.1311745643615723,-1.218902826309204,0.14447017014026642,0.5679771304130554,0.6864654421806335,-1.3457837104797363,-0.31746795773506165,1.2053899765014648,1.2149986028671265,0.7064808011054993,0.49891766905784607,-0.7985863089561462,0.9610335826873779,1.6950103044509888,-0.43848153948783875,0.25501224398612976,0.0812222957611084,0.6098490953445435,2.524568557739258,-1.2489005327224731,-0.5072144865989685,0.8238277435302734,-0.33278757333755493,0.9988002777099609,-1.087655782699585,0.49331924319267273,-0.2020631730556488,-0.031698860228061676,0.4062581956386566,0.6573062539100647,1.4312957525253296,-1.2011628150939941,0.8687237501144409,0.8902525305747986,1.959143042564392,-0.23422428965568542,1.2545980215072632,0.9091209173202515,0.7006604671478271,1.1327470541000366,0.02201787941157818,-0.3779253661632538,1.078890323638916,1.454386830329895,-0.8720769882202148,-0.19286412000656128,1.03970468044281,0.7122617363929749,0.11982408910989761,-0.7368804216384888,0.25058043003082275,-0.35571128129959106,0.950301468372345,-1.2804217338562012,-0.657622754573822,0.8610208630561829
0.22305919229984283,-1.4034883975982666,-0.47280433773994446,1.0678820610046387,0.721656322479248,-0.8660056591033936,-0.9126806259155273,1.2935905456542969,-1.274063229560852,-0.9839091300964355,-0.26894012093544006,-1.2504814863204956,-0.3129986524581909,-1.4723097085952759,0.7007009387016296,1.1663143634796143,-0.6063757538795471,0.09674584865570068,-1.1940040588378906,-0.8800205588340759,-0.27636533975601196,-0.8088750243186951,1.081600308418274,-0.16441000998020172,-0.9749177098274231,0.32402321696281433,-0.6914734244346619,-0.46689295768737793,1.0792784690856934,-1.170775294303894,1.3156625032424927,1.3697686195373535,0.5835263133049011,2.5340192317962646,1.1527256965637207,0.001802694983780384,-0.8044119477272034,-2.016709089279175,-0.7138521671295166,0.6274476647377014,0.5292989611625671,0.7841686010360718,0.32868435978889465,-0.5512804985046387,-0.09705395251512527,0.7653817534446716,-1.424957275390625,0.3782602548599243,-0.4369930326938629,-1.9301882982254028,1.487245798110962,-0.3683246374130249,-1.0678259134292603,1.4659548997879028,-1.2262800931930542,1.548227071762085,-2.3161869049072266,-2.393934965133667,-0.25840136408805847,-1.447413444519043,0.9187513589859009,-0.945111095905304,1.7323154211044312,0.8449812531471252,0.06144280359148979
0.5607661604881287,-0.5994486212730408,0.6954324841499329,0.2634943127632141,0.8770630955696106,0.7473046183586121,-1.404852271080017,-1.543029546737671,-0.12298201769590378,0.1129060611128807,0.20531852543354034,-1.0232369899749756,-1.4086616039276123,-0.18297262489795685,0.2623358964920044,0.7101601362228394,-1.1844353675842285,0.943791389465332,-0.5836401581764221,1.3325691223144531,-1.1027429103851318,1.9567296504974365,0.6802352070808411,1.949582815170288,-0.9924540519714355,0.8563264012336731,1.093660831451416,1.0053131580352783,0.17227637767791748,0.8379907608032227,1.3876657485961914,2.2045514583587646,1.1425527334213257,-0.24557961523532867,1.9759982824325562,-1.065288782119751,-0.6549584269523621,-0.9755373001098633,-0.8235384225845337,0.6769767999649048,-0.1569826900959015,1.284615159034729,-0.3343208134174347,-0.9535794854164124,-0.9637849926948547,1.3001681566238403,-0.206524059176445,-1.0267183780670166,-2.087364912033081,-1.2719736099243164,0.4508887529373169,1.062755823135376,0.5170664191246033,0.07228320091962814,0.7204200625419617,1.2712976932525635,-0.9445188045501709,1.816324234008789,-1.4641464948654175,-1.1835321187973022,-0.4406592547893524,2.079986810684204,0.5837512612342834,-0.7394259572029114,0.12202274054288864
0.2245766520500183,-0.11059276014566422,-0.2527898848056793,0.09024491161108017,-0.567645788192749,1.04027259349823,-0.5225128531455994,0.9246101379394531,-0.034654825925827026,-1.3394695520401,0.6978487968444824,1.0994633436203003,-0.9420516490936279,-0.003254311392083764,-1.8571070432662964,0.8533354997634888,2.1171069145202637,-0.37392526865005493,-0.5518410801887512,-0.6220447421073914,0.2713181972503662,-0.6564643383026123,-0.7165754437446594,0.5417506694793701,-0.4355895519256592,-0.35761818289756775,0.6288020014762878,-0.7800898551940918,0.27467843890190125,0.4771270751953125,-0.8613123297691345,0.8676377534866333,1.2296360731124878,-1.1683924198150635,-1.382082223892212,-0.19811084866523743,-1.899214267730713,-1.5433485507965088,-1.8114454746246338,-1.4320982694625854,-0.4384115934371948,-1.1067173480987549,0.6259832382202148,-0.5351353883743286,0.41874969005584717,1.0439505577087402,0.0839293971657753,0.3108955919742584,-0.9161550998687744,-0.2722591459751129,0.004548809956759214,0.2454378604888916,1.1961809396743774,-0.5870300531387329,1.3239281177520752,-0.5505808591842651,-0.005763044580817223,0.5945183038711548,1.3066846132278442,0.766638457775116,0.24802030622959137,0.18415431678295135,-0.9836487770080566,0.6556047201156616,-0.21110694110393524
1.0059516429901123,-1.8951542377471924,0.15382225811481476,0.3325577974319458,-0.9021421670913696,0.07498221844434738,0.18014782667160034,-1.4944204092025757,-1.139259934425354,0.33959242701530457,-0.23068682849407196,-0.5216464996337891,-0.6594525575637817,-1.1160088777542114,0.6643927693367004,-0.9130683541297913,-1.0654500722885132,-1.2767033576965332,2.8696606159210205,1.1627349853515625,-1.6267274618148804,-1.6443493366241455,1.6706725358963013,0.39817503094673157,2.042937994003296,2.4346847534179688,0.9543893933296204,0.13264383375644684,-0.16532392799854279,1.3993563652038574,-0.06597185879945755,-1.1118329763412476,1.414232611656189,-1.3181103467941284,1.308810830116272,-1.0289701223373413,1.8655048608779907,0.2578077018260956,1.993577480316162,2.436931848526001,0.1129968985915184,-0.5468682646751404,0.2624737620353699,0.03802831843495369,-0.8070697784423828,0.007350405212491751,-1.3146330118179321,-0.37139642238616943,-0.29596126079559326,-1.194240689277649,-0.10778234153985977,-0.4405122399330139,-1.3052579164505005,1.3858941793441772,1.696812629699707,0.8161996006965637,-0.4012663662433624,-0.08276306092739105,1.3335456848144531,0.30044126510620117,-0.8003450036048889,0.888091504573822,0.432766854763031,-1.37650728225708,0.17557798326015472
0.6541112065315247,0.82060706615448,0.46744781732559204,-1.0368149280548096,2.2834396362304688,-0.5807713270187378,1.4849724769592285,0.2126094400882721,0.9748326539993286,1.6877225637435913,-1.3374342918395996,1.15267813205719,0.5071665048599243,-0.12576830387115479,-0.2362947314977646,-1.4241076707839966,1.0775312185287476,0.7773539423942566,-0.5208628177642822,1.0897921323776245,-1.3352034091949463,1.3613213300704956,0.8092858791351318,-0.5277913212776184,1.0372672080993652,-1.9278556108474731,1.2368699312210083,0.06418822705745697,0.27309882640838623,2.2712502479553223,0.4364629089832306,-1.0750138759613037,-0.798269510269165,-0.3504779040813446,0.6737201809883118,-0.5526481866836548,0.6068693399429321,0.5858467221260071,-0.13279908895492554,-0.17038214206695557,-1.2894731760025024,0.4022839367389679,-0.7608571648597717,0.5429648756980896,0.24684275686740875,-0.9551761150360107,0.9436589479446411,0.21436317265033722,2.0972537994384766,-1.0123578310012817,-0.5167884230613708,-0.21021711826324463,1.426904559135437,-0.5751157999038696,0.741926372051239,-0.5610055923461914,2.0210278034210205,-0.49443697929382324,0.6332802772521973,1.2191987037658691,-0.02891283482313156,2.0641236305236816,-0.46829667687416077,-1.040473461151123,0.18895480036735535

Slice 22
-0.4381996691226959,-1.1462756395339966,-0.13878817856311798,0.6302624940872192,-1.1690181493759155,-2.0889225006103516,-0.771929144859314,0.4222472012042999,0.44324880838394165,0.046447064727544785,-0.43278729915618896,0.5956201553344727,-0.8517482876777649,1.2344422340393066,1.073879361152649,-0.31450894474983215,-0.5863739848136902,-0.00757926469668746,-0.2829185128211975,-1.827414870262146,1.3613526821136475,-2.063027858734131,0.3765471875667572,-2.1351659297943115,-1.2686752080917358,1.1295514106750488,-0.7583684325218201,0.2847711443901062,-0.732877790927887,-0.10276822745800018,0.13192075490951538,1.469697117805481,0.5492176413536072,1.021017074584961,0.37654176354408264,0.09273136407136917,1.2984551191329956,1.9242373704910278,-1.2059690952301025,1.9497194290161133,0.9525617361068726,0.39842262864112854,1.1206086874008179,0.08211413770914078,0.07928462326526642,-1.3491352796554565,0.9508662223815918,-1.214820384979248,-0.9381861090660095,0.4084935188293457,1.0870879888534546,-0.07911636680364609,0.7668789029121399,0.18677373230457306,1.6876143217086792,0.4832955300807953,-0.6900234222412109,0.899677574634552,0.18322889506816864,-0.37230783700942993,1.3385865688323975,0.35207605361938477,0.3152282238006592,0.9139568209648132,-1.3860986232757568
1.6910860538482666,2.0648672580718994,1.9384759664535522,-1.3773716688156128,-1.7016512155532837,0.77189701795578,-1.385499358177185,-2.2253096103668213,1.7625458240509033,-2.2736120223999023,-1.7892162799835205,0.7064136266708374,-1.6952320337295532,2.2273125648498535,0.5385739207267761,-1.5823590755462646,1.5350345373153687,1.2242432832717896,0.30871185660362244,-2.430617094039917,0.3778626322746277,-1.2110447883605957,-0.8560543656349182,-0.4067815840244293,-1.0102713108062744,-0.22662155330181122,0.08136112242937088,-0.14962787926197052,1.0375547409057617,-1.1394859552383423,1.7161717414855957,2.502293109893799,-1.517564058303833,2.050750970840454,-1.1610465049743652,1.8674463033676147,-0.7482232451438904,-2.0102407932281494,-0.4209200441837311,-0.556034505367279,-0.5731536746025085,-1.7126398086547852,-0.5613657236099243,1.116700291633606,0.4495498239994049,0.0680236890912056,0.48560866713523865,-0.3962680697441101,0.625338613986969,0.6134530901908875,1.0169636011123657,-0.8314875960350037,0.5569776892662048,-1.5214720964431763,0.32766103744506836,-0.3031129539012909,-0.5145601034164429,-1.1277201175689697,0.9268331527709961,1.7331936359405518,-0.314033567905426,-0.3593975305557251,1.3858094215393066,-1.6574732065200806,-0.1627408117055893
0.1517009437084198,-0.1449597179889679,0.7511026859283447,1.079024076461792,0.5694019198417664,0.6341795325279236,0.2943263053894043,-0.4994683563709259,-0.9199965596199036,-1.5409016609191895,0.9149424433708191,0.990676999092102,-1.133527159690857,-0.2609541416168213,0.9345856308937073,0.7608457207679749,1.2677969932556152,-0.8452610373497009,0.23193086683750153,-1.028778314590454,-0.12914897501468658,1.1045002937316895,0.4841380715370178,-1.5394231081008911,-2.156524419784546,-0.4648870825767517,-0.38423359394073486,-0.27365294098854065,0.6390796303749084,-0.028077973052859306,-1.8473197221755981,-1.2178701162338257,-0.06866879016160965,0.836144745349884,1.0644339323043823,-1.3349171876907349,0.6239064335823059,-0.13261376321315765,-1.6044130325317383,0.1803748607635498,-0.15384067595005035,-1.1938457489013672,-1.516862392425537,-1.234100103378296,-0.9056882262229919,-1.6048805713653564,0.517063558101654,-0.9509243965148926,-0.6170998811721802,-0.45516863465309143,0.9407728910446167,0.6081560254096985,-0.2820935547351837,0.5171394348144531,1.0947130918502808,0.9927670955657959,-1.2986680269241333,-0.053324393928050995,-0.09505423903465271,0.23436924815177917,0.048560772091150284,-0.37928974628448486,-0.05682600662112236,0.18801923096179962,-1.4362866878509521
-0.44661474227905273,0.22725912928581238,-0.85057532787323,0.15819887816905975,-0.1654837280511856,-0.1232793927192688,0.3059922456741333,0.5307953357696533,1.841996192932129,-0.7920547723770142,0.023827331140637398,1.0032473802566528,-2.0854012966156006,0.3262064754962921,2.0876059532165527,-0.5722967386245728,-0.21917298436164856,-1.139204502105713,0.7306970357894897,-0.5268019437789917,1.2408899068832397,-0.06878654658794403,0.33188149333000183,1.0631327629089355,0.09981009364128113,-0.11322969198226929,-0.9405032992362976,1.3731105327606201,1.4147659540176392,-0.9226441979408264,-0.4993405044078827,0.4351479709148407,1.1687815189361572,-1.1608275175094604,-0.5246794819831848,0.08778484165668488,-1.739758849143982,-0.9748552441596985,-0.846859872341156,0.1802203208208084,-0.15988372266292572,-0.6909022331237793,0.012549773789942265,-1.1665103435516357,-1.1951158046722412,-0.1537187248468399,-0.1851302534341812,0.21085204184055328,-0.6339526772499084,-0.186212956905365,-1.1443207263946533,1.271870732307434,-0.817733645439148,-0.04344559460878372,0.9755419492721558,-1.9639378786087036,-0.9932758808135986,-2.120461940765381,-1.156198263168335,-1.5336780548095703,-2.2644262313842773,-0.535897433757782,-0.06489286571741104,-0.5597409009933472,-1.0205477476119995
0.6755363941192627,-0.8641659021377563,-0.45945483446121216,0.3511161208152771,-1.2857836484909058,1.5666606426239014,-1.7166903018951416,1.1369194984436035,0.9070562124252319,0.776068925857544,0.5491591691970825,0.7727867960929871,-0.08158642053604126,0.007072880864143372,0.6701223254203796,-0.08577721565961838,-0.8101315498352051,-0.7710607647895813,1.5079538822174072,0.641202986240387,1.3691163063049316,-0.6860683560371399,-0.013466009870171547,-0.30378690361976624,0.6416733264923096,0.3980533182621002,-0.2656600773334503,0.7014549374580383,1.0195056200027466,0.7500455379486084,0.849683403968811,-1.8950636386871338,0.45730769634246826,-0.8697401285171509,-1.9910460710525513,-1.7798477411270142,0.2976287305355072,-0.03869839757680893,0.4477870762348175,-0.8456447720527649,0.42407599091529846,1.0918036699295044,1.8484762907028198,0.997992753982544,0.009184631519019604,-0.006636828649789095,-0.8099845051765442,0.8325039148330688,-0.13621953129768372,0.051022645086050034,0.7021045088768005,0.2015349119901657,0.5433304309844971,0.2855989634990692,-0.8684147596359253,0.7023531198501587,1.2467751502990723,0.17650960385799408,-1.6128644943237305,-0.7788860201835632,-0.3153858780860901,-1.2234901189804077,0.29544147849082947,1.5323216915130615,-0.20850583910942078
0.22791749238967896,-0.8634822368621826,1.6607662439346313,1.6110693216323853,-0.10765630751848221,-0.5371745824813843,0.8077791333198547,0.39286109805107117,-1.965032696723938,0.6180551052093506,1.9649100303649902,0.6763068437576294,0.4652175009250641,0.2940240800380707,1.1041276454925537,0.09078561514616013,-0.129403755068779,-0.3607320785522461,0.28992053866386414,-0.20307618379592896,0.33356180787086487,-0.1387409120798111,0.7369616627693176,-0.9563295841217041,-0.7099004983901978,0.670024573802948,-1.4484093189239502,0.8368014693260193,-1.2996000051498413,0.3324969410896301,-0.8354546427726746,0.8281174898147583,0.2764418423175812,0.7488596439361572,-0.0929739773273468,0.18376179039478302,0.8000692129135132,-0.8358674049377441,1.4897370338439941,-0.7516069412231445,-1.1170028448104858,-0.054369378834962845,0.5607149004936218,-0.1056789681315422,0.509161114692688,-0.3035679757595062,0.707333505153656,0.5752094984054565,1.9481570720672607,-1.8326187133789062,0.19962342083454132,0.4408904016017914,-0.6607038974761963,-0.05031511187553406,-0.2256695032119751,-1.1293755769729614,0.9779580235481262,-0.8887156844139099,-0.6512061357498169,1.1233717203140259,0.34644001722335815,-0.8569413423538208,-1.2897125482559204,0.5046563148498535,1.496402382850647
-0.3813619911670685,1.20485258102417,-0.453300803899765,-0.7987315654754639,0.1644614189863205,0.33422398567199707,-0.3040846884250641,1.4754278659820557,-0.25551971793174744,0.7143740057945251,-0.9413493871688843,0.11651217192411423,-0.06367883831262589,0.41551947593688965,-0.3428477346897125,1.1009440422058105,-0.17337629199028015,-0.4283055067062378,-0.6261480450630188,-0.052660759538412094,0.7078216075897217,-0.8105352520942688,1.065643548965454,0.5178664326667786,1.175603985786438,-0.6464522480964661,-1.639302372932434,0.16478128731250763,0.30064985156059265,0.13155581057071686,0.32047465443611145,1.719962477684021,-0.4591294229030609,-0.5862070918083191,0.4405565857887268,-0.23909534513950348,-0.06589017063379288,1.3718206882476807,-1.7618870735168457,1.1896677017211914,0.24201437830924988,1.3816397190093994,-1.272520661354065,-1.3560751676559448,0.5762909054756165,-1.236748456954956,-0.15376633405685425,0.284005343914032,-1.4429984092712402,-0.31550320982933044,-1.318617820739746,-1.0997055768966675,0.9990463256835938,-0.4897307753562927,-0.6393762230873108,-0.9308890104293823,-0.39799636602401733,1.7277367115020752,1.645990014076233,0.5765293836593628,0.3903023600578308,2.1374988555908203,1.1148227453231812,-0.10103408247232437,-0.6997160315513611
0.11096089333295822,-0.26381629705429077,-0.5094422698020935,1.213578462600708,-1.4759938716888428,0.8102477788925171,-0.11849060654640198,-0.2903235852718353,0.4284599721431732,1.154478669166565,-0.926800012588501,0.4101971983909607,-1.1066871881484985,0.15520596504211426,-0.5110514163970947,-1.5754646062850952,-1.3536580801010132,0.07743089646100998,-0.38138097524642944,0.8973533511161804,-0.196356400847435,-2.073431968688965,0.4852549433708191,0.9082986116409302,0.9541444778442383,-1.0117439031600952,0.23585231602191925,1.4998178482055664,0.04140336811542511,-1.6950790882110596,-0.46266475319862366,-0.1787693202495575,-1.0709692239761353,0.4873255491256714,-0.39233162999153137,0.423605740070343,-0.6406868100166321,-0.14512357115745544,-0.720836341381073,-0.45143356919288635,0.7866337895393372,-0.21070410311222076,0.10036931186914444,-1.0291434526443481,-0.985348105430603,0.5148521065711975,-0.040614910423755646,0.09989108890295029,-0.9677379727363586,1.426303505897522,-1.024492859840393,2.0786075592041016,0.550942063331604,-0.5783309936523438,0.1931319534778595,-0.587060809135437,0.15097805857658386,-0.1732030212879181,-0.25275230407714844,-1.564666748046875,0.5462080836296082,-0.621507465839386,-0.2282857596874237,-0.6271950602531433,-0.8510857820510864
-0.954306960105896,0.20960284769535065,0.8716855645179749,-0.9791058301925659,-1.4322552680969238,-1.7664527893066406,-1.8579059839248657,-0.12155068665742874,-0.10833703726530075,-1.9677425622940063,-1.2754664421081543,-0.41339385509490967,-0.5451445579528809,-1.2427531480789185,0.9762564301490784,-0.4111279845237732,1.1394681930541992,0.34643831849098206,-0.6609365940093994,0.13685855269432068,0.5749720931053162,-1.7549656629562378,-1.0229458808898926,0.8219175934791565,-1.616445541381836,-0.4269753396511078,1.3797318935394287,0.1005614772439003,-1.1248509883880615,-0.9664720892906189,-1.5708571672439575,0.22489005327224731,-1.250931978225708,-0.1940322369337082,-0.4620020091533661,0.055472712963819504,1.1882456541061401,0.12717191874980927,-0.3923131823539734,1.1742135286331177,1.2235149145126343,-0.3369274139404297,-1.3182562589645386,0.7919784784317017,0.2709699869155884,0.8264849185943604,-1.3497217893600464,0.02786589041352272,-0.6900673508644104,-0.5070886611938477,0.6804145574569702,-0.2682605981826782,-2.4756531715393066,1.1701139211654663,-0.734752357006073,0.3812536299228668,-1.0204896926879883,0.6384715437889099,1.0934600830078125,1.5041298866271973,-0.4663888216018677,-1.0305391550064087,0.5847146511077881,-0.9015217423439026,0.6035270690917969
0.21457409858703613,0.3832172453403473,0.7777693867683411,-0.9299883842468262,1.4516695737838745,0.040046121925115585,1.6140822172164917,-0.7615991830825806,-0.5447697639465332,-0.32380667328834534,0.4723049998283386,-2.02311110496521,-0.00455930270254612,-0.04516403377056122,-0.6081216335296631,-0.5656627416610718,-1.2937418222427368,0.2245977520942688,-1.287803053855896,-1.88579261302948,-0.7560230493545532,-0.8211662769317627,1.448344111442566,1.7983721494674683,-0.8455923795700073,0.25763577222824097,1.130586862564087,-0.35858145356178284,-0.04906246066093445,0.9776498079299927,-0.7704610228538513,-2.2248642444610596,0.10864220559597015,1.3858362436294556,1.6413037776947021,-1.3971235752105713,-0.28809723258018494,-1.2453607320785522,-0.9082964658737183,-0.587605893611908,0.9859593510627747,-0.010357270017266273,0.31907474994659424,-0.07184147089719772,-0.3195839524269104,-1.5168404579162598,0.6529887914657593,1.4727531671524048,-1.3221951723098755,0.3756106197834015,0.11106521636247635,0.208295539021492,-0.5264826416969299,-0.143064945936203,-0.32318437099456787,0.06123564392328262,-1.6400831937789917,-0.48292791843414307,0.25596755743026733,-0.06344136595726013,0.9852545261383057,-0.6856653690338135,0.2150142937898636,0.12524694204330444,-0.949212908744812

Slice 23
0.7258301377296448,-0.08631334453821182,-0.6098830699920654,-1.3065448999404907,1.2947291135787964,-0.12121409177780151,-0.4763057827949524,-0.6781266927719116,-0.8668951392173767,0.23063616454601288,0.9271565079689026,0.06035232171416283,0.7786512970924377,-0.8842245936393738,-0.08318345993757248,0.3977748155593872,-0.5325074195861816,0.09560497105121613,0.8996673226356506,-2.181222438812256,-0.32366782426834106,0.9837969541549683,-1.0637645721435547,-1.0485808849334717,0.042341068387031555,-0.8588083386421204,-0.4724898040294647,-0.5248972177505493,-0.7648805975914001,0.8790987730026245,-0.6672094464302063,-0.07032632827758789,-0.6761410236358643,0.48871830105781555,0.8397111892700195,0.5979283452033997,1.1219274997711182,-0.11274853348731995,1.0606061220169067,-0.45624279975891113,-2.117583751678467,0.17682158946990967,-1.1573272943496704,1.0589580535888672,0.01628785952925682,0.8384474515914917,0.9824805855751038,-1.4434442520141602,-1.0649430751800537,0.528708815574646,-0.4322318136692047,0.11963380128145218,-0.13011667132377625,0.031845223158597946,0.2596816420555115,0.048926014453172684,-2.0952353477478027,0.7553439736366272,-2.669797897338867,-1.384474277496338,0.6581212878227234,0.2615521550178528,-0.859854519367218,0.03206882253289223,0.25267189741134644
0.5425898432731628,-0.946337103843689,0.8582032918930054,-1.0040332078933716,-0.8950728178024292,-0.2850337624549866,-0.5191758871078491,-0.8719422221183777,-0.5709630846977234,0.686147928237915,-0.6675152778625488,0.49079713225364685,0.8214001655578613,0.41093915700912476,1.6148210763931274,-0.3157382309436798,-0.40658921003341675,-0.23916146159172058,-0.5286274552345276,0.05422518029808998,0.33337095379829407,0.2942677438259125,0.8734639883041382,0.17948339879512787,0.2171611189842224,-1.0881268978118896,-0.28857988119125366,-0.9011987447738647,-2.071126699447632,-0.8656325340270996,-0.3244224190711975,-0.6872377395629883,-1.8884238004684448,-0.4255961775779724,-0.4581049382686615,0.3830367922782898,0.5918146371841431,-1.2463927268981934,0.44212454557418823,-0.39712780714035034,-0.04512706771492958,1.5927165746688843,-0.3041593134403229,-0.9507984519004822,0.5001904964447021,0.2326599657535553,-1.053533911705017,0.8043561577796936,0.37406134605407715,-0.7584782242774963,0.3408786654472351,0.12131436914205551,-0.11234486103057861,0.07879388332366943,1.8551276922225952,1.941124439239502,0.1911555379629135,1.3174227476119995,-0.8029375672340393,-0.004371299408376217,0.6783967614173889,-0.0806451067328453,-0.3620201647281647,-0.9385745525360107,-0.4754665493965149
-0.34104517102241516,-1.6118534803390503,-2.01457142829895,-2.114885091781616,-1.7040045261383057,1.2682461738586426,-0.3512194752693176,0.4356476962566376,1.723091721534729,-0.3855263292789459,-0.6394528150558472,-1.5512456893920898,-1.2090376615524292,0.6705652475357056,-0.5774374604225159,-0.576153576374054,1.8331499099731445,0.2346111387014389,0.5031411051750183,0.3194834589958191,-0.05184251070022583,-0.4876980483531952,-1.5393316745758057,0.664738118648529,0.864924430847168,0.3316895365715027,-1.4052072763442993,-1.4460868835449219,-1.200706958770752,-0.4643891751766205,-2.0502960681915283,-0.8168286681175232,-0.042682524770498276,-0.04148104041814804,-2.01434063911438,-0.1720309853553772,-1.069083571434021,-0.18203653395175934,-1.67997407913208,0.4468768239021301,1.0755119323730469,-1.25553297996521,0.5570158958435059,-1.9319201707839966,-0.7491629719734192,-1.299120306968689,-0.6057252287864685,-0.196357861161232,1.617801547050476,0.5017861723899841,-0.07343950122594833,0.26197826862335205,1.1793161630630493,0.6968330144882202,-0.7168450355529785,-0.20868134498596191,1.139748215675354,-1.465735673904419,-1.893519401550293,0.09903183579444885,-0.7720562815666199,-0.9813107848167419,-1.1565543413162231,-2.3275883197784424,0.7208300232887268
0.7816526293754578,2.8575637340545654,-1.0271902084350586,-0.11171736568212509,-0.2162841111421585,0.27434074878692627,1.8180793523788452,-0.0026232062373310328,0.18856504559516907,1.284072756767273,-0.6783343553543091,-2.4866161346435547,0.05701039731502533,0.6311296820640564,0.13690239191055298,1.3666073083877563,-1.0823575258255005,-0.22772681713104248,-1.7132138013839722,0.6555967330932617,0.5555750727653503,-4.349289894104004,1.6191691160202026,0.957836389541626,-0.9327825903892517,-1.4074660539627075,0.758611261844635,0.5676018595695496,-2.0943782329559326,0.15889346599578857,0.06410209089517593,1.5781892538070679,-0.9401461482048035,0.5610901713371277,-0.44099491834640503,1.3711984157562256,1.4385197162628174,1.0861705541610718,-1.6835501194000244,0.6569232940673828,0.32039010524749756,-0.8451259732246399,-1.4250620603561401,-0.9495346546173096,1.5948591232299805,0.7432889938354492,0.8769809603691101,1.7290904521942139,0.5090417861938477,-0.6697760820388794,0.49322113394737244,1.1771546602249146,0.8660740256309509,0.7301620841026306,0.6430867314338684,0.49863770604133606,-0.562299370765686,0.6728062033653259,-0.03234228864312172,0.3872275948524475,-0.44142961502075195,-2.265533924102783,0.964661717414856,0.13341781497001648,-0.3537062406539917
0.4234772324562073,-0.7676868438720703,0.9142777919769287,0.6391695737838745,0.9122093319892883,-0.9919445514678955,0.18401680886745453,-0.7221349477767944,1.1978745460510254,-1.786463737487793,-0.03268694877624512,0.8778202533721924,0.1297474354505539,1.2048606872558594,0.4366183578968048,-0.1561657041311264,-1.2110284566879272,-1.7688957452774048,-0.19002926349639893,0.663049578666687,2.406567335128784,0.681127667427063,0.4404256045818329,-0.169497549533844,0.030382640659809113,-2.329756259918213,-1.2677381038665771,-0.5094804167747498,0.4378518760204315,-0.8808168172836304,0.039702266454696655,1.8195120096206665,1.2622079849243164,-1.9095066785812378,-0.0880042240023613,0.7658842206001282,-1.6235588788986206,0.8278295993804932,1.1195629835128784,0.48255810141563416,1.5560081005096436,0.14337429404258728,1.5452122688293457,1.1200295686721802,-0.2176028937101364,-1.4238970279693604,1.2325717210769653,-1.0901057720184326,-0.6888136267662048,0.8766047358512878,-0.6264466047286987,0.8934717178344727,1.5782183408737183,-0.46981891989707947,1.1477512121200562,-0.34600597620010376,1.3723832368850708,0.223480224609375,-0.4276733100414276,0.22980192303657532,-0.6177299618721008,1.675428867340088,1.237326979637146,0.3782188892364502,-1.4632999897003174
0.6231586933135986,-0.3169609308242798,-1.6072570085525513,-0.1760992854833603,-0.2656623125076294,-1.6407524347305298,-0.21368268132209778,0.248911514878273,0.3938698470592499,-0.35488441586494446,0.2613818943500519,-0.4229797124862671,1.5954593420028687,-0.39379096031188965,0.8017648458480835,-0.6118330955505371,0.9720757603645325,0.25902023911476135,-0.11126384884119034,-1.3982834815979004,0.09167451411485672,0.7375138401985168,0.0772136002779007,-0.433547705411911,-0.2408965677022934,2.0419840812683105,-0.5435460209846497,2.453896999359131,1.6117740869522095,1.2414644956588745,-1.9357366561889648,-2.171107053756714,-0.3350253403186798,0.738373339176178,-1.9694947004318237,-0.4094483256340027,-0.5252289772033691,-0.6082254648208618,0.9415149688720703,1.5807883739471436,0.2863161265850067,-0.3594118058681488,0.3979911506175995,0.49813398718833923,1.193621277809143,0.3248724639415741,-0.34581202268600464,1.3783255815505981,-0.4164045453071594,0.5715215802192688,-0.2244897037744522,0.36272141337394714,0.16729222238063812,0.4070422649383545,0.6884962320327759,0.2510393559932709,0.8877983093261719,0.5175681710243225,0.5754557847976685,1.3261207342147827,-1.5987918376922607,0.5075685381889343,0.7741200923919678,1.4743142127990723,0.2514495849609375
1.0446667671203613,-0.3655354380607605,-1.164737343788147,-0.1873014271259308,-1.0434808731079102,-0.37314921617507935,-1.5690679550170898,-0.7321031093597412,-0.00507403863593936,1.1179965734481812,0.9173381924629211,-0.8758235573768616,0.39885634183883667,1.637819528579712,-0.5218926668167114,-0.12163854390382767,-0.829515278339386,1.6123921871185303,0.7723684906959534,-1.201277494430542,1.2786414623260498,-0.33078205585479736,0.49848824739456177,-1.0625455379486084,-0.04344889894127846,-0.7410587668418884,0.349486380815506,0.8984276056289673,-2.064459800720215,-1.768058180809021,-0.8444575667381287,-0.9479259252548218,0.6915584206581116,0.7098040580749512,0.15195389091968536,0.7471156716346741,0.040525101125240326,1.6063923835754395,0.20166540145874023,0.9229410886764526,0.4836142361164093,0.6182903051376343,0.8592360615730286,1.6712172031402588,0.6456419229507446,0.8240347504615784,0.9129164814949036,-1.6343719959259033,0.22260122001171112,2.0003864765167236,0.0688554048538208,-0.40040215849876404,-1.3215172290802002,1.5370725393295288,0.7709265351295471,1.1365880966186523,0.7046838402748108,0.5568436980247498,-1.5460401773452759,-1.055705189704895,0.8215189576148987,0.48949721455574036,1.6456531286239624,-0.562035322189331,-0.7851791977882385
-0.41102662682533264,1.7008665800094604,0.318042516708374,0.36042869091033936,0.07864592969417572,-0.9467350840568542,1.5449970960617065,0.8802955746650696,-0.2399768978357315,-0.9885712265968323,0.947438657283783,0.6957216858863831,0.9773704409599304,-1.106475830078125,-0.9505833983421326,1.7816205024719238,-0.10895060747861862,0.6310015320777893,-0.7097057700157166,0.6438979506492615,0.3649018108844757,-0.8410881161689758,-1.111945629119873,1.3838697671890259,-0.9957425594329834,-0.6017912030220032,0.8756805658340454,0.21791863441467285,-0.8130400776863098,0.3434217870235443,1.1104122400283813,2.274045705795288,-0.8454419374465942,0.829476535320282,-0.8656070232391357,-0.19021150469779968,0.3401360511779785,0.9018935561180115,1.35695219039917,0.4107021689414978,-0.8519090414047241,0.43602851033210754,-0.29656460881233215,-0.23402242362499237,1.3399633169174194,0.18508701026439667,-0.6505247354507446,0.056125566363334656,-0.8779830932617188,1.9132074117660522,1.3077207803726196,-1.3389531373977661,0.436067134141922,2.1186110973358154,-1.1286134719848633,-1.5743472576141357,-1.5474865436553955,0.6064560413360596,0.9810276031494141,-0.1665596067905426,-0.8926861882209778,1.107236385345459,-0.9419251084327698,1.5470447540283203,-0.4299856126308441
-1.3561794757843018,-0.02194700390100479,0.8483943343162537,0.5449354648590088,1.3638126850128174,0.7721092700958252,-0.7024353742599487,0.937781572341919,1.1304333209991455,-0.5126346945762634,-0.6225769519805908,-0.6199672818183899,0.5310624241828918,-1.194625973701477,0.6252767443656921,0.020960191264748573,-1.7567596435546875,0.3538183569908142,0.6629405617713928,1.3677892684936523,0.6078963279724121,0.29503700137138367,1.1896240711212158,1.0240252017974854,0.022106558084487915,-0.5267980694770813,0.5414181351661682,-0.6690480709075928,-2.115293264389038,-0.8707296252250671,0.701880693435669,0.3558388352394104,-0.557843804359436,1.064152479171753,1.3155090808868408,-1.096531629562378,-0.486269474029541,-1.3203182220458984,1.1988214254379272,0.6981645226478577,1.5611501932144165,-0.25126346945762634,-2.1734535694122314,-0.0946807712316513,0.29971322417259216,0.8441534042358398,-0.9153269529342651,-0.804434597492218,-0.0748913586139679,-0.42076143622398376,0.8696649074554443,1.3327172994613647,-0.5162191390991211,0.060007788240909576,-0.69929438829422,0.4000234603881836,-0.6125980019569397,-1.0198479890823364,-0.1052166074514389,1.876599907875061,0.7818167209625244,-0.335540235042572,0.9902215600013733,0.23537138104438782,-1.1291364431381226
-0.2753150761127472,0.14222365617752075,-1.9533640146255493,-1.4941805601119995,-0.3265601098537445,-0.013536433689296246,-0.9161173105239868,-0.025405721738934517,-0.14690028131008148,-0.0050132074393332005,0.31541305780410767,-2.0610711574554443,-1.3334559202194214,-0.5770291686058044,-0.5452495813369751,-1.3967376947402954,-1.7427924871444702,0.5822862982749939,0.9232045412063599,-0.5111943483352661,0.3778385519981384,-0.20705990493297577,2.1710243225097656,-1.5578786134719849,-1.5151636600494385,0.6179863214492798,-0.3805604577064514,-0.0392182432115078,-0.948414146900177,-0.5788626074790955,-1.6290148496627808,-0.9420064687728882,-1.7880878448486328,-1.8015120029449463,-0.1411043405532837,-1.0455918312072754,-0.5944013595581055,-1.2663756608963013,-1.1728748083114624,-1.5318995714187622,0.6849216818809509,-0.9997955560684204,-1.318629503250122,0.3642098605632782,-1.447617769241333,-0.19648195803165436,0.22861166298389435,-1.134694218635559,-0.7847818732261658,-0.8955304026603699,-2.1718337535858154,2.0299830436706543,-0.4380222260951996,-1.31531822681427,0.8088604211807251,0.46561193466186523,0.23491990566253662,0.7618529796600342,1.8439620733261108,-0.2463454306125641,1.0817598104476929,-1.2448159456253052,-0.3322010040283203,-1.085593342781067,-1.382957100868225

Slice 24
0.9060642719268799,0.5716486573219299,-0.3327866494655609,0.07523700594902039,1.322274088859558,-1.1275897026062012,1.3913992643356323,0.7736852169036865,2.4157824516296387,0.9482370018959045,1.4082688093185425,-0.4668070375919342,-1.494645357131958,1.6512598991394043,0.6571433544158936,-1.212062120437622,1.2602221965789795,-0.5839006304740906,-0.20813700556755066,0.5827409625053406,-0.8933228850364685,-1.0343574285507202,-0.6499732136726379,-0.39257383346557617,0.3298889696598053,-1.3051806688308716,-1.869399905204773,1.36798894405365,-0.29822078347206116,-1.0578583478927612,-1.0513733625411987,0.19966444373130798,-0.696597158908844,-2.164238452911377,0.16297253966331482,0.3654673099517822,-1.5941506624221802,0.9737715125083923,-2.222184419631958,-0.8153052926063538,-1.290014624595642,-0.7244729995727539,-0.49127107858657837,-0.8618349432945251,-1.0301710367202759,0.7921769022941589,-0.27077171206474304,-1.4287129640579224,-0.5133988857269287,1.9723528623580933,-1.7512378692626953,-0.3914179503917694,-0.5078891515731812,0.6715859770774841,-1.9250164031982422,-1.2384356260299683,-0.5583596229553223,0.48392727971076965,0.8632382750511169,1.4659714698791504,-0.08028537780046463,0.32960939407348633,2.1924352645874023,0.07241798937320709,1.2677133083343506
-0.695278525352478,0.4257093369960785,-1.043466567993164,-0.8477974534034729,-0.7680349349975586,-0.22246968746185303,-0.9710057377815247,-0.5993511080741882,-0.917739987373352,1.0712264776229858,1.08699369430542,-0.5526716709136963,0.703690230846405,0.44563552737236023,-1.4741735458374023,1.284899353981018,-0.07499745488166809,0.3727070689201355,0.13025851547718048,-0.3298661708831787,0.7074422240257263,-0.39067456126213074,-0.5055060982704163,-1.647046446800232,2.179388999938965,-0.4568730592727661,-0.39717674255371094,1.324411392211914,0.33038073778152466,2.5816617012023926,-2.959017515182495,-0.6556822657585144,-0.8037009239196777,1.326009750366211,0.2005310356616974,1.9822064638137817,0.030847681686282158,2.6142492294311523,1.337661623954773,-0.3956458270549774,1.9429008960723877,-1.4877331256866455,-1.2295454740524292,-0.21382403373718262,1.3251080513000488,0.618454098701477,1.4345077276229858,0.31401580572128296,0.836122453212738,-1.0120043754577637,-0.22291609644889832,-0.38179144263267517,-0.4053489863872528,0.7091752886772156,0.47715941071510315,0.6241881251335144,-1.757204294204712,1.9894345998764038,0.148415669798851,0.04931430146098137,0.12250172346830368,0.5328794717788696,0.06516578048467636,-0.4118223786354065,-1.4293490648269653
-0.4336521327495575,0.5507060885429382,0.4082465171813965,-0.6131799221038818,1.6953362226486206,0.6339656114578247,0.8662841320037842,0.10472647845745087,-1.5462702512741089,0.1411520540714264,-0.2079351246356964,-2.338287115097046,0.5111738443374634,1.7587450742721558,1.6522899866104126,-0.7012760043144226,-0.7104867696762085,-1.9922150373458862,0.7594708204269409,0.19440071284770966,0.46937599778175354,-1.6924747228622437,-0.9828571081161499,-0.02831674925982952,1.3773717880249023,-0.6985882520675659,0.9157932996749878,-0.02010107971727848,0.43352460861206055,0.05829571932554245,-0.03159775957465172,0.39375215768814087,-0.29376164078712463,-0.051121149212121964,0.662020742893219,-0.7212823629379272,0.3718452751636505,0.6788512468338013,-2.806812047958374,-2.3026156425476074,-0.1776476502418518,-0.03603381663560867,1.7265949249267578,1.3989109992980957,0.8921529054641724,-0.28876522183418274,0.7257737517356873,-1.3875011205673218,-0.48391208052635193,-1.6507014036178589,-1.6190718412399292,-0.9375825524330139,-1.2486529350280762,2.191323757171631,-1.6696192026138306,-0.8503441214561462,-0.239339679479599,2.148602247238159,-0.18382607400417328,0.7644183039665222,-1.6653656959533691,-0.29131367802619934,-1.9462628364562988,-1.1151885986328125,-0.24046337604522705
0.7988284230232239,0.7791460752487183,0.1527530401945114,2.723457098007202,-0.6819891333580017,1.085689902305603,-1.1930763721466064,0.12577413022518158,-0.7761649489402771,-1.8045539855957031,-1.5113862752914429,-0.35818833112716675,-2.208804130554199,-0.0683794841170311,0.2133413851261139,-0.6373078227043152,-0.6664970517158508,-1.663577914237976,-0.3566594123840332,-1.4744576215744019,1.1851308345794678,-1.1378889083862305,-0.8047856688499451,-0.3474327027797699,1.162458896636963,-1.3081153631210327,-0.849571943283081,-0.2768934369087219,0.6227951049804688,-1.2819864749908447,0.05758386105298996,1.1170889139175415,1.3213014602661133,0.5619935393333435,0.6943839192390442,-0.02694750390946865,-0.5485986471176147,1.3583611249923706,0.0761612057685852,-1.0679370164871216,1.43147611618042,-1.5159114599227905,-0.5560226440429688,-1.9058760404586792,-0.21696820855140686,1.5892716646194458,0.15149246156215668,0.3966691792011261,-1.288100242614746,1.8461883068084717,0.025892863050103188,-1.7505720853805542,0.9805272817611694,0.8471391201019287,-0.5603829026222229,-0.32541385293006897,1.0435324907302856,1.2498286962509155,0.8591171503067017,0.5057636499404907,1.5031201839447021,1.2211387157440186,0.770736038684845,-0.5018405914306641,1.165732741355896
0.30774879455566406,1.2968958616256714,0.6180240511894226,0.5628833770751953,-0.6042693853378296,0.4712606966495514,-1.0542181730270386,0.8660389184951782,-0.9749699234962463,1.9204732179641724,1.912865161895752,0.9442604184150696,-0.13309183716773987,-0.053922899067401886,-1.190773844718933,-0.551253616809845,0.04374292492866516,0.029949670657515526,1.205885648727417,-1.062902569770813,-0.22538012266159058,-0.5720039010047913,-1.9867472648620605,-1.0919744968414307,-1.6601725816726685,-1.651596188545227,0.24200142920017242,-0.7791791558265686,1.2353955507278442,0.28330570459365845,-0.15656550228595734,-1.4638421535491943,-0.02528349496424198,-0.22997894883155823,-1.240321397781372,-0.6320891976356506,0.6066655516624451,-0.9830227494239807,0.21482771635055542,-0.26371368765830994,-1.6804066896438599,-0.9012351036071777,-0.0389273576438427,-0.21786688268184662,0.4310941994190216,-1.1416903734207153,0.5633746385574341,0.6635531187057495,0.2341364026069641,1.825437307357788,-0.38436469435691833,-0.716500997543335,0.7991030812263489,-1.1496020555496216,-0.6837793588638306,-0.3042571544647217,0.22248271107673645,-0.3202531933784485,0.21006934344768524,-0.07047715783119202,0.9983714818954468,0.03749172389507294,0.3016696274280548,-1.1204670667648315,-1.3619177341461182
-0.8660196661949158,-0.25930657982826233,-1.9346822500228882,1.0202893018722534,-0.8726315498352051,-1.3046905994415283,-0.8768453001976013,-0.7975996732711792,-0.4687231481075287,0.741744875907898,0.5475420355796814,-1.6892359256744385,-0.1565621793270111,0.021754657849669456,1.115605115890503,-0.34023013710975647,0.8167285323143005,-0.5848390460014343,1.1579304933547974,-0.2535795271396637,1.4305522441864014,0.3790765702724457,2.3215901851654053,0.2837580442428589,0.054776549339294434,-0.45837634801864624,-0.4738762676715851,0.7089502215385437,0.3509521782398224,0.8005734086036682,0.0238075889647007,1.928675889968872,0.9657390713691711,-1.654401183128357,2.1906142234802246,-0.030635906383395195,-0.2725227475166321,-0.4040040671825409,-0.643211305141449,0.20230530202388763,-0.10114140808582306,0.8494904637336731,1.4037023782730103,-0.22809910774230957,0.2645586431026459,0.9105334877967834,-0.8313649892807007,-0.0812249705195427,0.587647557258606,0.47772082686424255,0.8494341969490051,-0.15970289707183838,0.7058809995651245,-2.1327853202819824,-0.14272958040237427,1.6276373863220215,-1.48126220703125,0.7166290879249573,1.2739907503128052,-0.6906032562255859,-1.2394826412200928,-1.0630075931549072,-0.4847553074359894,0.05738803371787071,-0.7258661389350891
-0.7294606566429138,0.35450056195259094,-0.764876663684845,-0.19957031309604645,-0.02111699804663658,0.4130406975746155,0.9247562289237976,2.5365307331085205,-0.49983420968055725,1.5619444847106934,-0.5290250778198242,0.847554087638855,1.742150068283081,1.7887386083602905,-0.1841772347688675,-0.3112577497959137,0.6115251779556274,-0.9206809997558594,-1.516798496246338,2.1449649333953857,1.219066858291626,0.7777393460273743,0.24608133733272552,1.263141393661499,2.2353463172912598,-0.8696579337120056,1.2019399404525757,0.9616416096687317,-1.0382975339889526,1.6663851737976074,-1.0792300701141357,0.11786269396543503,-0.17759130895137787,0.5697335004806519,-0.313566118478775,1.7243988513946533,1.0115838050842285,1.3178929090499878,1.0193909406661987,0.5622210502624512,-0.8057772517204285,-0.22932158410549164,0.08194147050380707,1.5291873216629028,2.727872133255005,-0.48257437348365784,0.03486623242497444,1.3670446872711182,1.6837193965911865,-0.4447304606437683,0.2330825924873352,-0.6507313251495361,1.2320051193237305,-2.724773406982422,0.5982396006584167,-0.5309587717056274,1.6723171472549438,1.2482506036758423,-1.1331157684326172,2.175983190536499,0.9759270548820496,2.1213905811309814,1.415711522102356,-0.7846075296401978,-0.09976457804441452
1.795663833618164,1.7000982761383057,2.436999559402466,-0.20306804776191711,-0.21910478174686432,-0.6790953874588013,-0.8575911521911621,-1.113163709640503,-0.11459465324878693,0.42853429913520813,-1.1318434476852417,0.004205884877592325,0.29931366443634033,-0.4881614148616791,0.5985827445983887,1.0794628858566284,-0.16983366012573242,2.180976390838623,-0.08058585226535797,0.20942503213882446,1.2703924179077148,-0.333955317735672,0.04888690635561943,-1.1135601997375488,-0.8765338063240051,0.033925946801900864,-0.5193256139755249,-1.6699950695037842,0.9353859424591064,0.4964851140975952,0.0601753331720829,0.9268099069595337,0.7154338955879211,0.3570045232772827,1.3974868059158325,0.6771336197853088,1.086424708366394,-0.4306335747241974,0.8523345589637756,0.03010016493499279,0.10286170244216919,-1.4682018756866455,-0.3927803337574005,-1.4502532482147217,-1.2558565139770508,1.2398396730422974,-0.7563487887382507,1.3763855695724487,0.4643104374408722,-0.3693663477897644,-0.438240647315979,1.7494457960128784,1.4529004096984863,1.0899105072021484,0.5889492034912109,-1.0194333791732788,1.8255529403686523,-0.10903105139732361,-1.3351941108703613,-0.5860572457313538,0.08270613849163055,-0.5691729187965393,0.5260363817214966,-0.24953939020633698,0.6311159729957581
2.040149450302124,2.234649419784546,-0.37736472487449646,-1.5065284967422485,0.6467599272727966,-0.9426918625831604,-0.1702447086572647,-0.8127262592315674,0.3729022741317749,-1.1220991611480713,0.3502937853336334,-1.016331434249878,-1.473187804222107,-1.1569790840148926,-0.6379671096801758,-1.0552518367767334,1.0646414756774902,-0.1569090038537979,-0.234638050198555,0.37484779953956604,0.27347543835639954,-1.3622320890426636,0.7368002533912659,-0.492523193359375,0.4175117611885071,-1.0757066011428833,-0.8088051080703735,0.723023533821106,2.283339262008667,-0.48910191655158997,-0.5811795592308044,1.1136763095855713,1.898714542388916,-0.6687688231468201,0.10391993075609207,1.5054734945297241,1.3975327014923096,1.1213181018829346,-0.2200678139925003,0.08481551706790924,0.7480012774467468,0.09568556398153305,-0.432195782661438,-1.4005368947982788,0.569588303565979,1.177868127822876,-1.0988874435424805,2.429009199142456,0.6793632507324219,-3.0266497135162354,1.6598081588745117,0.1801082193851471,0.08466088026762009,1.2362920045852661,-1.2146729230880737,1.1642377376556396,0.6126748323440552,-0.7703105211257935,-0.9166004061698914,-1.497857928276062,-1.4212863445281982,-1.395500898361206,0.45668545365333557,-1.2404536008834839,0.043286945670843124
-0.7380993962287903,-0.6113237738609314,-1.0916723012924194,-1.3595945835113525,-0.8797188997268677,-1.4982404708862305,0.6737512350082397,0.9605647921562195,0.10153502970933914,-0.4674999713897705,0.6631289720535278,-0.4496767818927765,-0.9448432326316833,0.08383173495531082,-0.056402865797281265,0.561551034450531,-0.014436930418014526,1.3397003412246704,0.7600386738777161,0.00026927556609734893,0.6350203156471252,0.7008514404296875,-0.41720959544181824,0.35797783732414246,0.6861618161201477,-0.06748377531766891,0.5269176959991455,0.6450995802879333,1.943392276763916,0.24318495392799377,-1.7232965230941772,2.1279497146606445,1.1155837774276733,0.9499928951263428,1.5948091745376587,1.574608564376831,1.435287356376648,1.393397331237793,0.10772451758384705,1.7692314386367798,0.8446664810180664,-1.4144374132156372,0.41885077953338623,-0.7995284199714661,0.009555730037391186,-0.9124847054481506,0.9816045165061951,-1.1733156442642212,-1.192409873008728,0.49452951550483704,-1.0173966884613037,0.8318646550178528,1.7275495529174805,-1.6530094146728516,-0.18238775432109833,-1.9718008041381836,-0.16093142330646515,0.15268823504447937,0.6967334151268005,0.5007909536361694,1.5473437309265137,0.8614033460617065,1.8051561117172241,0.30187368392944336,-1.3110886812210083

Slice 25
-0.8518798351287842,-0.5756963491439819,-0.9086731672286987,1.2132607698440552,-1.1857526302337646,-0.044993575662374496,-1.5174654722213745,-1.9541842937469482,-1.6036415100097656,0.7878035306930542,-0.13723966479301453,-1.541568398475647,1.044508457183838,1.1825859546661377,1.2384341955184937,0.057237427681684494,0.9914649724960327,0.3132536709308624,2.468721389770508,-0.923942506313324,0.03587942570447922,0.49754783511161804,0.5288754105567932,-1.356096863746643,-1.5470865964889526,0.26183339953422546,0.7901027798652649,-1.2127705812454224,-0.9231026768684387,1.3588796854019165,-0.7933222651481628,0.3114999532699585,-1.7270078659057617,-2.2469019889831543,-0.47756850719451904,-1.0005316734313965,-0.5884814858436584,0.45297831296920776,-0.12460864335298538,0.6661266684532166,0.8276090025901794,0.24029234051704407,-0.9361547231674194,1.0671863555908203,1.1983072757720947,-0.8738081455230713,0.6959943175315857,1.0268144607543945,-0.7517215013504028,-1.108078122138977,0.9803642630577087,-0.8435184359550476,-1.2658565044403076,0.8531553149223328,-0.6825370788574219,-1.2957298755645752,-0.12779755890369415,0.011913936585187912,0.4001539945602417,-1.250787377357483,-1.1055388450622559,1.458333969116211,1.4002071619033813,0.21621906757354736,1.3416714668273926
2.333169460296631,0.5051913857460022,-0.33129510283470154,-0.2243630290031433,1.0859134197235107,0.5892885327339172,0.7096022367477417,2.3139169216156006,1.8460029363632202,0.7395871877670288,-0.41833198070526123,-1.03379487991333,1.0599279403686523,1.311424732208252,0.9810040593147278,0.3198166489601135,0.4196328818798065,-1.3572579622268677,-0.8435887694358826,1.5571602582931519,-1.5906891822814941,-0.628564178943634,1.634718656539917,-0.4780876040458679,-0.7938767075538635,0.5086629390716553,-0.5515587329864502,0.8018368482589722,0.904545783996582,-0.8377164602279663,1.529608130455017,-1.3652355670928955,0.12024516612291336,-0.3714105486869812,-0.7050886154174805,-1.728849172592163,-1.1985965967178345,0.4870961904525757,-2.6055908203125,0.5796299576759338,0.027371717616915703,1.0531005859375,0.8596707582473755,-1.123961329460144,0.10150783509016037,0.33441489934921265,-0.026033049449324608,-0.9457001686096191,-1.6029525995254517,0.6532940864562988,-1.3440989255905151,0.6053392291069031,0.11354689300060272,0.3092014491558075,1.6372627019882202,-0.2885848581790924,0.5269930958747864,-1.2457807064056396,1.3263332843780518,-0.7539777755737305,1.0479075908660889,0.9938559532165527,1.679470419883728,-1.003499150276184,1.0965558290481567
-0.17858731746673584,1.204282522201538,2.111341953277588,0.6734182238578796,-0.035173069685697556,1.8124504089355469,0.288851797580719,0.14471647143363953,0.4886809289455414,-1.3237727880477905,0.612133800983429,0.04458887130022049,0.2643376886844635,-1.1991722583770752,-0.11764699220657349,-0.2942951023578644,0.39595818519592285,-0.6409094333648682,1.0546311140060425,-1.4322174787521362,-0.4471021592617035,-2.1403579711914062,-0.05491184815764427,0.9977105855941772,-1.5215682983398438,-0.7582135796546936,1.6226025819778442,-0.09511283040046692,-1.0762561559677124,-1.703883409500122,0.21862441301345825,1.6256136894226074,0.7039549350738525,-0.1377439647912979,-0.25386711955070496,0.961405873298645,-2.329010248184204,0.9487643241882324,0.3646004796028137,0.26054292917251587,-0.049186330288648605,0.7644984126091003,-0.6066734194755554,1.0763832330703735,-0.5175379514694214,-1.3207811117172241,-1.9898735284805298,-1.156399130821228,0.2865551710128784,0.10932527482509613,0.39267298579216003,-0.13229651749134064,-0.21818013489246368,-0.03581096604466438,0.8062330484390259,0.20326989889144897,0.922548234462738,-0.08873693645000458,-1.4001400470733643,-0.02811983972787857,0.9809347987174988,-1.0633453130722046,-0.28419551253318787,-0.45033878087997437,0.32577410340309143
-0.18167780339717865,-0.4788148105144501,-0.4335823953151703,0.6936841607093811,1.503777027130127,0.8109175562858582,-1.3519983291625977,-0.2480398714542389,-0.17809680104255676,0.2918231785297394,-0.7844520807266235,1.2003278732299805,-2.0642261505126953,0.05873558297753334,-1.1155468225479126,0.21729148924350739,-1.592748761177063,-0.9979923963546753,-0.5100537538528442,-0.5960999131202698,-1.0959185361862183,0.21177862584590912,1.465301513671875,0.42051729559898376,-0.847490668296814,-1.139756202697754,-0.11262788623571396,0.1609332263469696,0.3540022671222687,0.14253564178943634,-2.0419883728027344,-0.8440699577331543,0.4818173050880432,-1.4831366539001465,-0.4884016215801239,-0.8604797124862671,0.1762823611497879,0.4798188805580139,1.186711072921753,-1.6616982221603394,-1.642060399055481,0.8974668979644775,1.293680191040039,0.31252139806747437,0.5889188647270203,0.7142122983932495,0.9946303963661194,-0.4830428659915924,1.8036861419677734,-1.456639289855957,0.6243299841880798,-0.5660087466239929,1.022135615348816,0.11096610128879547,0.35697105526924133,0.2695103585720062,0.8277345299720764,0.09082267433404922,0.3375418484210968,0.8355658054351807,-0.12234944850206375,-1.419601321220398,0.6085522174835205,0.029287001118063927,-0.5969879627227783
0.560454249382019,-0.906444787979126,-1.0352469682693481,0.5319028496742249,-0.09804822504520416,2.0593106746673584,0.2638159990310669,-0.02128911390900612,0.22622492909431458,-0.3768484592437744,0.4098597466945648,0.8692827820777893,1.0656965970993042,1.0742473602294922,0.3722110092639923,-1.0230278968811035,0.9330982565879822,0.5013660788536072,-1.9675079584121704,0.5269697308540344,0.47367578744888306,-0.7593899369239807,2.5416548252105713,-1.3281290531158447,0.8279382586479187,0.14138385653495789,-0.4605805277824402,-0.27739933133125305,-1.2477771043777466,0.2892095148563385,-0.6341473460197449,2.996638059616089,-0.3698495328426361,-0.3946760296821594,-0.899232029914856,-0.10076191276311874,0.36659032106399536,-2.3671975135803223,0.0813194066286087,0.3721543848514557,0.3987407386302948,-2.318420171737671,-0.14950916171073914,0.16921071708202362,-0.13962756097316742,-2.0452847480773926,-0.10655955970287323,0.5508771538734436,-0.22350603342056274,0.20761798322200775,-0.3228721618652344,1.1398165225982666,-0.37001439929008484,-1.5015591382980347,-1.156435251235962,-0.9145580530166626,-2.349271774291992,0.39078980684280396,-0.270704060792923,-0.4020386040210724,-1.0311449766159058,0.11764843016862869,0.5234861969947815,-0.21330046653747559,0.12689024209976196
0.23954667150974274,1.5426769256591797,1.127320408821106,-0.27223849296569824,0.23454229533672333,0.6163813471794128,-0.9394825100898743,0.5873420238494873,-1.504681944847107,-1.4624258279800415,0.6292130947113037,0.9196788668632507,-0.24406497180461884,-0.635172963142395,-0.4648478627204895,-1.7889149188995361,-0.08296330273151398,0.47785690426826477,-0.1738855093717575,-2.0595879554748535,-1.3162915706634521,0.17141245305538177,-0.10039308667182922,1.0758646726608276,-0.751233696937561,0.7489544749259949,1.101914882659912,-1.1528550386428833,-0.9661762118339539,0.16251102089881897,0.7834675312042236,0.48843586444854736,-0.46470898389816284,0.8925004601478577,0.37048494815826416,-1.6620672941207886,1.5802963972091675,0.833672285079956,0.46088096499443054,-0.16483357548713684,1.4569008350372314,-1.4889777898788452,-1.05372953414917,-0.6075206995010376,-2.2858471870422363,-0.27715107798576355,0.1946290284395218,1.6503403186798096,1.1980817317962646,0.7716597318649292,0.03972379118204117,0.8889061212539673,1.140372633934021,-1.044285535812378,-0.7439132928848267,0.5065011978149414,-0.32598164677619934,1.2856389284133911,1.3914318084716797,1.8239598274230957,1.2967628240585327,1.740578293800354,-1.4024364948272705,0.2738584280014038,0.8493250608444214
-0.5509350895881653,-0.0026024701073765755,-0.7364349961280823,0.9092333912849426,-0.9018762707710266,0.4770122170448303,-1.139488935470581,0.37086987495422363,0.3577439785003662,0.20000988245010376,-1.1813968420028687,0.6737052202224731,0.5688424110412598,-0.5411277413368225,1.412535548210144,-0.9043365120887756,1.3528578281402588,1.1729298830032349,0.08966818451881409,0.9407708644866943,-1.2436776161193848,-0.7162836790084839,0.8058512806892395,-0.005994485225528479,-1.137610673904419,0.29576557874679565,-0.5466277599334717,-0.6083536148071289,-0.765160083770752,-0.9186313152313232,0.19582174718379974,-0.39625024795532227,0.3035566508769989,-1.297261357307434,2.2198917865753174,0.3581416606903076,-0.7916795611381531,1.203569769859314,-0.8776901364326477,1.2706161737442017,-0.6667559742927551,0.963208019733429,-2.1060426235198975,1.6186057329177856,0.26365989446640015,0.24063238501548767,-0.018839942291378975,0.630733847618103,-0.21101079881191254,0.7904075384140015,-0.3956272304058075,-0.4898340404033661,0.9373106956481934,-0.9977452754974365,-0.7732288241386414,0.17058727145195007,-0.9322116374969482,0.3825267553329468,-0.15348921716213226,0.02391577884554863,-0.5321168303489685,-0.3794781267642975,-1.1332944631576538,1.1237415075302124,1.4798195362091064
1.4682220220565796,1.7822247743606567,2.265287399291992,0.5487658977508545,-1.6576701402664185,-0.09988150000572205,0.7052487134933472,-0.8457340002059937,-0.18019601702690125,-0.6498528122901917,0.3550497591495514,1.2275389432907104,-1.3505094051361084,-0.15102803707122803,-0.8974226117134094,0.7050430774688721,-0.3641778230667114,-1.2614309787750244,0.8273950815200806,-0.8320542573928833,-0.6884695291519165,-0.7666570544242859,-0.6548542976379395,0.3537735939025879,0.29483485221862793,0.5589867234230042,-0.2875775098800659,1.1281654834747314,-0.39271530508995056,0.5661525726318359,-1.2278351783752441,-1.8031976222991943,0.9211675524711609,0.0321459025144577,0.42688700556755066,0.6071864366531372,-0.08926904201507568,1.7165004014968872,-1.258548378944397,-0.34972381591796875,0.15510068833827972,0.24602538347244263,-1.7593376636505127,0.8154143691062927,-0.5106404423713684,-0.6175836324691772,-0.4419914782047272,0.9150993824005127,-1.0029665231704712,-0.6422318816184998,-0.6040008068084717,0.9890133738517761,-0.733346164226532,1.0503125190734863,1.1317908763885498,-0.635884702205658,0.9959590435028076,-0.5353079438209534,-0.3045048117637634,-0.9825554490089417,0.8579568266868591,0.2980697453022003,-0.2555915415287018,-1.4491053819656372,-0.27608731389045715
-0.049462661147117615,0.20159673690795898,-0.23650315403938293,0.6056225895881653,-0.8274626731872559,-0.29375436902046204,-0.0497155599296093,-0.9279256463050842,0.048747193068265915,-1.0428862571716309,-1.2653801441192627,-0.08176764845848083,0.17122362554073334,-1.7977086305618286,0.8479498028755188,-1.585613489151001,-0.05989016219973564,-1.6739873886108398,0.566278338432312,0.12636809051036835,1.842281460762024,-0.7167960405349731,1.9515694379806519,1.050111174583435,-0.6521297097206116,1.4711298942565918,0.11207513511180878,-0.2754914164543152,-0.33026689291000366,-1.9731510877609253,0.021526329219341278,-0.12869775295257568,0.8253150582313538,-0.8220438361167908,1.079295039176941,-1.0671067237854004,-2.0709035396575928,1.0273547172546387,-0.1264781802892685,0.0729561522603035,0.2614215910434723,-0.41111093759536743,-1.3563635349273682,-0.3315991163253784,-0.7282459139823914,-0.1633160561323166,-0.8980401158332825,-0.7252540588378906,-0.07267702370882034,0.3150998651981354,1.6924629211425781,-1.0114086866378784,1.5066320896148682,2.16909122467041,1.7316975593566895,0.19269315898418427,0.19102761149406433,-1.0178123712539673,1.0696117877960205,0.49251946806907654,-0.3395472764968872,0.9171552658081055,-0.04754195362329483,1.1603131294250488,0.22175109386444092
1.0274327993392944,-0.8293460011482239,-0.33643171191215515,2.1486518383026123,-0.9307266473770142,-0.47682297229766846,0.7455220818519592,0.12969309091567993,-0.30434978008270264,0.8487630486488342,-2.7818095684051514,0.10997938364744186,-0.3992120027542114,0.8676198124885559,-0.14873632788658142,0.0814455971121788,-2.0325734615325928,1.0600868463516235,1.2337514162063599,1.6973364353179932,-0.037980012595653534,-0.8043511509895325,1.4474421739578247,1.2911434173583984,0.9846504926681519,1.9372713565826416,-1.182426929473877,-1.2990918159484863,0.6059057712554932,-0.4724773168563843,0.36564862728118896,-0.27945080399513245,-1.4153207540512085,1.1029449701309204,0.4148041605949402,-1.0539761781692505,-0.42653027176856995,1.3090603351593018,0.47461313009262085,0.23099525272846222,-0.7594785094261169,-0.02427971176803112,0.10945556312799454,0.4716767370700836,1.0502358675003052,0.678462564945221,0.3717016577720642,-0.20210716128349304,-0.009174991399049759,1.8386387825012207,-0.08560291677713394,0.7887494564056396,0.7208295464515686,1.370201587677002,0.5606318712234497,-0.5285740494728088,-0.1244301125407219,0.7938767671585083,-1.1532459259033203,-0.3609110414981842,1.187400221824646,-0.6241981387138367,2.1411728858947754,-0.28303736448287964,1.56867253780365

Slice 26
0.11902987211942673,0.9158758521080017,-0.8155428171157837,-0.7437230944633484,-1.765737533569336,-1.2034752368927002,-0.4373375177383423,1.6905754804611206,-0.862800121307373,0.4340676963329315,-1.1171764135360718,0.859734833240509,-0.7720442414283752,1.2334238290786743,0.10691199451684952,-1.190424919128418,-1.5926445722579956,2.1786868572235107,-0.19231387972831726,-1.3506503105163574,-1.21713125705719,1.1424552202224731,0.7217405438423157,-0.6867569088935852,2.036597490310669,2.2581589221954346,0.841579258441925,-1.4412171840667725,0.34100568294525146,-1.906368613243103,-1.2181944847106934,1.321581244468689,1.8120049238204956,0.8520111441612244,-1.7812466621398926,-1.7670115232467651,0.2613634169101715,2.233868360519409,1.8168591260910034,-1.4674184322357178,-0.5645354390144348,0.12595243752002716,0.6685426831245422,-1.2685621976852417,2.2889089584350586,-2.106325626373291,0.09388209879398346,0.5878573060035706,-0.6042295694351196,0.6722133755683899,0.2874259948730469,0.26763981580734253,1.5008516311645508,-0.03294217213988304,-0.6194490790367126,-1.9510858058929443,-0.3656389117240906,-1.1531219482421875,1.8773118257522583,-1.5750458240509033,-1.952346682548523,-0.7488802075386047,-1.3134080171585083,1.263878583908081,0.7477706074714661
-0.250622034072876,0.19852839410305023,0.16900579631328583,0.08550452440977097,1.5144850015640259,-0.038680702447891235,-1.4167214632034302,-0.03156721591949463,-0.029963267967104912,1.294985294342041,-0.7818910479545593,-1.403499722480774,-0.041745625436306,0.5283076763153076,-0.010996351018548012,0.7673162221908569,0.20859096944332123,0.5618361830711365,-0.7567095160484314,1.2240865230560303,1.7606595754623413,0.30462881922721863,-1.527546763420105,0.21929340064525604,1.6498299837112427,-0.2286788821220398,-1.2468303442001343,0.19268988072872162,0.7727429866790771,0.8473974466323853,-1.0198932886123657,0.08552851527929306,0.6224221587181091,0.3014472424983978,1.4384123086929321,0.18680299818515778,1.9032762050628662,-1.2322262525558472,-1.514399766921997,0.04801327735185623,0.0062116412445902824,-0.6172640323638916,-0.23342329263687134,0.5313841104507446,-0.25206881761550903,0.3846982717514038,-1.2343939542770386,-0.4357719123363495,0.19998440146446228,0.20693200826644897,0.4370694160461426,-0.520300030708313,0.3383871614933014,0.5355499982833862,0.5343617796897888,0.09231539815664291,-1.4692169427871704,-0.5101924538612366,0.6543673872947693,-0.046122632920742035,-1.2583516836166382,0.5482450723648071,0.34553980827331543,0.8953025341033936,0.8335316777229309
-0.5888081192970276,-1.0652177333831787,2.185575485229492,0.8833752274513245,0.11605431884527206,-0.31828761100769043,-0.4897599518299103,-0.8708059787750244,-0.6691694855690002,0.6710605621337891,-0.41023504734039307,0.4638286232948303,-0.994372546672821,1.2196972370147705,-1.1871647834777832,-1.098083257675171,-0.5282448530197144,0.6986060738563538,0.1872139573097229,-0.3938940763473511,-0.24171429872512817,-0.018232213333249092,0.48714685440063477,-0.16212841868400574,-1.2230380773544312,1.7149242162704468,-0.6415766477584839,-1.1263041496276855,-1.9362913370132446,-0.3867517113685608,-0.6049323081970215,1.9911547899246216,-1.0550965070724487,-0.28811174631118774,-0.4821835160255432,-1.9932633638381958,2.281994581222534,0.7891797423362732,1.4407927989959717,1.935986042022705,0.43661949038505554,-0.02106214314699173,2.039592981338501,2.9982001781463623,-1.101955533027649,-1.7379132509231567,2.1141409873962402,-0.4539801776409149,1.2231322526931763,2.1385610103607178,-2.281357765197754,0.9064674973487854,0.28676459193229675,0.38983452320098877,2.235197067260742,1.0242507457733154,1.3920971155166626,-2.488776206970215,1.1104172468185425,-1.0822423696517944,0.551420271396637,0.00722550367936492,1.2876921892166138,0.03951556235551834,-2.077280044555664
-0.15738533437252045,-0.8267925977706909,0.004452340770512819,-1.774636149406433,-0.6936353445053101,1.2342191934585571,-1.5065515041351318,0.8079562187194824,1.4130430221557617,-0.07669256627559662,1.017764687538147,0.8889070749282837,-1.1537131071090698,1.1506551504135132,0.9506551027297974,1.845189094543457,0.40901628136634827,-0.6666919589042664,1.1349666118621826,0.10104602575302124,-0.44890862703323364,0.6234453916549683,-0.7798041701316833,-2.1059274673461914,0.4482647180557251,-0.020699886605143547,-1.6748371124267578,0.9870857000350952,0.6245260834693909,0.24623414874076843,-0.11183854937553406,1.5749595165252686,-0.7171957492828369,0.4054345488548279,0.02097868174314499,0.5325723886489868,-1.1811590194702148,0.6281002759933472,-0.2682984471321106,-1.298447608947754,-0.40618953108787537,-2.2661304473876953,-0.6825896501541138,-1.3610213994979858,-0.5423151850700378,-0.6160387396812439,0.17309291660785675,-1.4138307571411133,-2.0374557971954346,0.06082736328244209,-0.27295464277267456,-0.8092454075813293,0.9828393459320068,-1.2014394998550415,0.28436583280563354,-1.2712780237197876,1.0431689023971558,-0.22671213746070862,0.17069534957408905,-0.9009503722190857,0.5855741500854492,-1.1017754077911377,1.7928731441497803,1.4008784294128418,1.1658692359924316
0.024043167009949684,0.2765011191368103,-0.7163268327713013,0.6322908997535706,-1.559451699256897,0.10997407138347626,0.5106135606765747,1.7666950225830078,-0.18701596558094025,-1.2247542142868042,-1.1238102912902832,-0.4719291925430298,-1.5858458280563354,-0.2204090803861618,-0.8515411019325256,-0.7321597337722778,-2.2126572132110596,-0.7066903114318848,-0.5937678217887878,-1.5351170301437378,0.9342437386512756,-0.37843698263168335,-0.46841099858283997,2.448469400405884,0.45891937613487244,0.5398362278938293,1.3111319541931152,1.0055174827575684,-0.03976438194513321,0.7442596554756165,0.21939045190811157,0.8437013626098633,-0.6597316861152649,1.166176438331604,0.45086583495140076,0.5354177951812744,-0.29246824979782104,0.5387061238288879,0.5313184857368469,0.9689248204231262,0.617218554019928,-2.412008762359619,-1.0455998182296753,0.6447840332984924,-0.2629351019859314,1.0297913551330566,1.478381633758545,-0.07637565582990646,0.48687899112701416,1.826690912246704,-0.5675745010375977,0.8048969507217407,0.033733151853084564,-0.9998494386672974,0.7581433057785034,-0.008742006495594978,1.2889971733093262,0.932686448097229,1.3239500522613525,0.5214908719062805,-0.8950645327568054,-1.0737324953079224,0.23898102343082428,-0.8657240271568298,-0.13607889413833618
1.3851319551467896,0.6267659664154053,0.8168426752090454,0.8483116626739502,2.0145716667175293,0.3741191029548645,-1.1460604667663574,-1.014883279800415,0.6979042291641235,-1.2158173322677612,1.1756716966629028,-0.7891631722450256,0.926231324672699,1.3348745107650757,0.18240101635456085,-1.1628408432006836,1.0204639434814453,-0.026868531480431557,1.8401129245758057,2.2396585941314697,1.4332268238067627,-1.600338339805603,1.022841215133667,-0.5870742201805115,0.6820390224456787,1.425880789756775,-0.12065674364566803,-0.1765119731426239,0.4486779570579529,1.492794156074524,1.5533502101898193,1.1713192462921143,0.38934028148651123,-1.3136130571365356,-1.076430082321167,-1.4687145948410034,0.46004852652549744,-0.47147613763809204,1.6940884590148926,-1.542818546295166,-2.145347833633423,0.2511048913002014,-0.2841068506240845,-0.057489797472953796,-0.445697158575058,-1.676119089126587,1.216301679611206,0.968466579914093,-1.4301936626434326,1.554023265838623,0.33750852942466736,-0.4799231290817261,-0.8403260707855225,-2.192993402481079,0.10649708658456802,0.14437690377235413,0.5971577167510986,-0.9268127679824829,0.4370100796222687,-0.5495431423187256,0.7163968682289124,-0.14770588278770447,0.07531599700450897,0.8151697516441345,0.316089004278183
1.7280687093734741,-1.1319234371185303,-0.717092752456665,-0.5657693147659302,0.001186387031339109,0.24343012273311615,-0.5289030075073242,-0.04395895451307297,-0.11150389909744263,0.08431962877511978,-0.6972982287406921,-1.4819536209106445,-0.4619019031524658,0.9075032472610474,0.8934864401817322,-0.04661840945482254,-0.17579996585845947,-1.1306260824203491,0.515181839466095,-0.08703792840242386,0.9872294664382935,0.16017168760299683,0.6916405558586121,0.2809842526912689,1.0358576774597168,0.3413736820220947,-0.5602343082427979,-1.0760595798492432,0.2008989304304123,-0.18071673810482025,-0.2769920527935028,-1.214253306388855,1.4845373630523682,0.9367883801460266,0.7290691137313843,0.34345364570617676,-1.317358374595642,-1.171399474143982,0.4718902111053467,0.7542723417282104,0.609135091304779,-0.4866529107093811,0.33517521619796753,0.6235270500183105,0.1657126396894455,0.08120130002498627,1.41995370388031,-0.6457833051681519,-0.036217737942934036,1.7044410705566406,1.4895371198654175,-0.819966733455658,0.6695895195007324,0.3336317837238312,-1.0159103870391846,-0.4065748453140259,-0.47678041458129883,0.40521240234375,-0.43017902970314026,1.142992615699768,-0.409304678440094,-0.8077114820480347,-0.9958832859992981,0.11079078167676926,0.6182748079299927
2.1252191066741943,0.5368431806564331,-0.9736623167991638,-1.2729040384292603,-0.9632420539855957,3.0791618824005127,-1.2053673267364502,0.05056954175233841,0.08072158694267273,-0.7036508917808533,-1.0395408868789673,-0.13987286388874054,1.7905735969543457,2.9862589836120605,-0.8297638297080994,-1.9947940111160278,-1.2642267942428589,-0.6375560164451599,0.18929852545261383,-2.4208664894104004,-0.6406927108764648,-0.24875986576080322,-2.1488373279571533,-1.7016545534133911,-0.821692705154419,-0.9968556761741638,-0.34940004348754883,1.6871615648269653,0.804599404335022,1.163118839263916,1.4123027324676514,0.5781850218772888,0.05925463140010834,-0.15585307776927948,0.33594366908073425,-1.1161391735076904,0.12432387471199036,1.3433502912521362,1.0480183362960815,-0.28918683528900146,0.4042435884475708,-0.13345283269882202,-3.105031967163086,-0.6250341534614563,0.687001645565033,-0.30555033683776855,0.616682231426239,2.3000853061676025,-2.0353543758392334,3.2283008098602295,-0.18251648545265198,-1.5992192029953003,0.6033343076705933,-0.971774697303772,1.5387771129608154,-0.2454880028963089,-0.06691600382328033,-1.5190610885620117,-0.5989382863044739,0.013308004476130009,0.4796184003353119,2.420030117034912,1.8739022016525269,1.3462623357772827,1.1663482189178467
0.6398155689239502,-2.903636932373047,0.3286888003349304,0.7328007221221924,0.2791983187198639,1.3266619443893433,1.1140429973602295,1.043629765510559,-0.022886056452989578,1.250638723373413,-0.23621080815792084,0.8791523575782776,0.37273871898651123,0.4334734082221985,0.2925013601779938,-0.3023853600025177,1.4405734539031982,1.372623085975647,-0.6572758555412292,-0.6524707078933716,-0.051959339529275894,1.1052494049072266,0.19961203634738922,-0.4775938093662262,0.8383988738059998,-1.4529914855957031,-0.008500159718096256,-1.4190351963043213,-1.1666948795318604,-1.5176904201507568,-1.036162257194519,-1.1435227394104004,-0.5446106195449829,-0.9697806239128113,0.633060097694397,1.236899733543396,1.2589138746261597,1.178676724433899,0.18134057521820068,-0.21592627465724945,0.3493709862232208,-0.22044162452220917,0.08662024140357971,0.10434789955615997,-0.018295656889677048,-0.22132368385791779,-0.18145452439785004,0.21303270757198334,-1.9284911155700684,0.6540299654006958,1.4397000074386597,-0.26399505138397217,-1.7906147241592407,0.8111991286277771,-0.7508774399757385,0.5285340547561646,-1.8274203538894653,1.2322874069213867,-1.3609905242919922,-0.25761163234710693,0.3789924681186676,1.5428966283798218,0.5488377213478088,0.4007651209831238,-0.5935633182525635
0.6538478136062622,0.5468242764472961,0.18577580153942108,0.1920170933008194,1.130753517150879,0.15187855064868927,-0.10393140465021133,0.5247259140014648,0.9234506487846375,-0.5772016048431396,1.6576707363128662,0.46644577383995056,-0.18735858798027039,1.2131661176681519,1.4791135787963867,-1.2970688343048096,1.87654447555542,1.1556129455566406,2.5431671142578125,-0.7700713276863098,-0.3789065182209015,0.38138818740844727,0.25210368633270264,-0.9210178256034851,1.4338794946670532,0.8299917578697205,-0.004306377377361059,-1.4080911874771118,0.36134716868400574,-0.6532719731330872,2.0859246253967285,0.31099021434783936,-0.6548178195953369,0.598521888256073,0.35065513849258423,0.09774612635374069,0.8649728894233704,-0.4905377924442291,-0.9686726331710815,0.0635644719004631,-1.327104926109314,-1.075426697731018,2.305645704269409,0.06334345042705536,0.6564446687698364,0.06549014896154404,0.16687139868736267,-1.8635590076446533,-0.20600703358650208,1.0073109865188599,-0.6779584288597107,2.609856367111206,-0.6299313306808472,-1.0473850965499878,0.19264115393161774,1.727632999420166,0.8436923623085022,-0.3015541732311249,-0.4106995761394501,-0.18416756391525269,1.4214954376220703,-1.9248018264770508,1.352270245552063,2.0851240158081055,0.10691620409488678

Slice 27
1.77505362033844,0.42053526639938354,0.2317565530538559,0.9243074655532837,0.9844216704368591,-1.546949028968811,0.6831896901130676,1.8787192106246948,-1.0648529529571533,0.3032056987285614,0.898937463760376,0.432034969329834,0.18300262093544006,-0.07147637754678726,-0.06725376099348068,1.9731452465057373,0.6898236274719238,-0.9686352014541626,-1.0418508052825928,0.9703691601753235,-1.756227970123291,-0.12291587144136429,-0.5076325535774231,0.49037858843803406,-0.22997063398361206,-0.184676393866539,-1.6871507167816162,-2.1276586055755615,1.0423387289047241,0.8960179686546326,-0.646786093711853,0.9403939247131348,1.8040372133255005,0.1975087821483612,0.08331001549959183,-0.5667670369148254,-0.8719803094863892,0.19246169924736023,0.8259290456771851,-0.8784611225128174,-1.8417221307754517,-1.5343703031539917,0.9473471641540527,-1.4532029628753662,-0.053511641919612885,1.563468337059021,0.7881056666374207,-0.7831105589866638,0.4452535808086395,-0.7524026036262512,-0.022932017222046852,1.7800519466400146,-0.3596057891845703,1.069223403930664,0.8938583731651306,-0.3746231496334076,-0.48166805505752563,1.78891921043396,0.45425501465797424,0.1695558726787567,0.9956721663475037,0.3964611291885376,0.29812583327293396,-0.893976092338562,-0.7664539813995361
0.8556762337684631,1.1643823385238647,-0.6522075533866882,-0.40123406052589417,-0.5075335502624512,0.1150793507695198,-0.06189994141459465,-1.0667665004730225,0.16486172378063202,-1.6895220279693604,-0.007266688160598278,-0.761062741279602,-0.7670335173606873,-0.38709303736686707,-0.2075071483850479,-1.1655844449996948,0.7819881439208984,-0.0431588739156723,0.7171677947044373,2.1234943866729736,1.0268478393554688,0.08501076698303223,-0.18787363171577454,-0.464907705783844,-1.643585205078125,-0.8004775047302246,-0.33989661931991577,-0.5516747236251831,1.6978250741958618,-1.6900373697280884,1.7059317827224731,1.249350905418396,-0.5613728761672974,0.9204511642456055,-1.624648094177246,0.8652982711791992,0.5247948169708252,0.07614316791296005,-1.0131068229675293,0.3431713581085205,0.8905272483825684,-1.2971622943878174,0.33878952264785767,0.6266635060310364,1.302617073059082,-0.4896283447742462,0.6976978182792664,-0.4461783766746521,0.9382545948028564,-0.061455558985471725,-1.8372148275375366,-1.1764171123504639,0.5086156129837036,-0.6732025742530823,-1.0675902366638184,0.7645643949508667,-0.7490659952163696,-0.10610237717628479,0.9062894582748413,0.16356955468654633,0.22223083674907684,-0.02084227465093136,-0.7807090282440186,0.4703008532524109,0.3049625754356384
0.4387274980545044,-0.8677086234092712,-2.6226539611816406,0.17910298705101013,1.0292099714279175,-0.6415603756904602,0.5812349319458008,-0.7869071960449219,0.1940024495124817,-1.1678152084350586,-1.1525897979736328,-1.2606388330459595,-0.4910651743412018,-1.6488571166992188,1.26557457447052,-1.0463007688522339,-1.5804930925369263,-0.36105674505233765,0.5588386654853821,1.2129894495010376,-0.3953612148761749,-1.0180119276046753,0.4217522144317627,0.8024587035179138,2.3059885501861572,-0.023514408618211746,0.04203955456614494,0.39551323652267456,-1.0247617959976196,-0.6401716470718384,0.4609774053096771,1.9814326763153076,1.2385549545288086,0.9605574011802673,0.7971140742301941,0.5035699605941772,-0.9721388220787048,0.5456051826477051,-1.8228522539138794,0.956553041934967,-1.3312326669692993,1.5918132066726685,0.42951875925064087,0.5675306916236877,1.4152058362960815,-0.09383534640073776,1.7052885293960571,-1.8487800359725952,-2.2578046321868896,1.1054973602294922,1.5248547792434692,-0.5263584852218628,-0.2598970830440521,-0.22370842099189758,-1.2299195528030396,0.1379542350769043,0.624861478805542,-0.6709781885147095,0.42232653498649597,0.33898642659187317,-1.3054618835449219,0.8678686618804932,1.126744270324707,0.6180701851844788,-0.6508694291114807
0.6582809090614319,-0.46384739875793457,-0.0973905697464943,1.0521535873413086,1.6039937734603882,0.5323695540428162,-0.011588150635361671,-0.2804296314716339,-1.4331138134002686,0.3431938886642456,-0.13009171187877655,-1.8591738939285278,-0.5385509133338928,0.9875693321228027,1.7089920043945312,-1.53410005569458,0.4286128580570221,0.5219019651412964,0.761030912399292,-0.19922487437725067,0.2566065192222595,-0.6032230257987976,0.5085685849189758,-0.17558488249778748,-0.26356443762779236,1.6390342712402344,0.0817951112985611,-0.9841810464859009,-0.6688860058784485,0.5047436356544495,-0.25792616605758667,0.5667746663093567,0.5367358922958374,-0.5538272857666016,0.2102358043193817,-0.17624971270561218,0.18805751204490662,-0.7562510371208191,-0.16316767036914825,-0.7367101311683655,0.04076240956783295,0.751481294631958,1.0915398597717285,-1.0291661024093628,-0.616277277469635,0.7897664308547974,-0.2838081419467926,1.0102405548095703,-0.06314262002706528,1.0662367343902588,-0.4933805465698242,-0.40423810482025146,1.5897471904754639,1.2728321552276611,-0.40776383876800537,2.1017115116119385,0.7808799743652344,0.24968476593494415,-0.5671064257621765,2.0790412425994873,1.798397183418274,0.9737445712089539,-0.37410038709640503,-0.767130434513092,0.5730228424072266
-0.2542076110839844,-1.0960644483566284,0.16287799179553986,-0.03187308460474014,-1.261797308921814,-0.005258555524051189,0.9182980060577393,-0.8716968297958374,-0.501755952835083,-0.7110987901687622,0.936342716217041,0.30125609040260315,0.7500143051147461,-1.687198281288147,-0.29161182045936584,-2.89479660987854,-0.8651664853096008,-0.30191487073898315,-1.1410309076309204,-0.4291767477989197,0.3431861400604248,0.9475011229515076,1.1373692750930786,-0.7430285811424255,-2.457310438156128,0.8874762058258057,-0.012199992313981056,-0.48998889327049255,-1.0304063558578491,0.07899746298789978,-1.6913948059082031,-1.4079804420471191,1.1084572076797485,0.9172516465187073,-1.7327851057052612,1.923174262046814,-0.6662644147872925,-0.4407762587070465,0.4021802246570587,0.20805513858795166,1.253912329673767,-0.28230413794517517,1.1056461334228516,0.056982893496751785,-1.1824742555618286,-1.0002665519714355,-0.050727728754282,-0.9089252352714539,0.41853609681129456,0.16609343886375427,0.6751214861869812,0.6005945801734924,0.9894585013389587,2.18881893157959,-0.6397179961204529,-1.1033682823181152,-0.34928247332572937,0.4687528908252716,0.20771382749080658,1.2419360876083374,1.5207221508026123,0.8847709894180298,0.49351751804351807,-0.5938825011253357,1.8862308263778687
-0.24974362552165985,-0.18120862543582916,-0.9434971809387207,-0.6566579341888428,-0.2372896671295166,1.1343488693237305,0.09519550949335098,-1.599050521850586,0.004368817433714867,-1.9239197969436646,-0.22769182920455933,-0.0828251764178276,-0.8086361885070801,-0.9058305025100708,-0.7010636329650879,-1.3398997783660889,0.9347971677780151,0.2715030908584595,-0.2967454493045807,0.6624512672424316,-0.6712893843650818,-0.379956990480423,-0.2908794581890106,-1.4006861448287964,0.6157497763633728,-1.273873209953308,1.799277901649475,0.8526774048805237,1.1796436309814453,-0.13125959038734436,-0.3243653476238251,0.09964674711227417,0.4816649854183197,0.40208834409713745,0.9361053109169006,0.4356671869754791,0.6564951539039612,0.5901250243186951,-0.9573073387145996,1.4115054607391357,-0.013437779620289803,-0.8207448720932007,-1.2347246408462524,-0.26108160614967346,0.12418021261692047,-0.5226758122444153,1.441656470298767,-0.765664279460907,-0.9512380361557007,0.405374139547348,0.6768171191215515,-1.2834899425506592,1.3076967000961304,0.5662139058113098,-1.016680359840393,0.41037285327911377,0.20811550319194794,-0.7265312075614929,1.3618383407592773,-0.8473295569419861,0.030314063653349876,-0.5027390122413635,0.010425635613501072,-0.18770095705986023,0.650435745716095
1.7488130331039429,-0.449583500623703,0.8662081360816956,0.7786808609962463,1.4025490283966064,-2.468275785446167,-0.29813405871391296,-0.50627601146698,0.721611738204956,-0.33283400535583496,0.9633528590202332,-1.3532353639602661,0.3783571422100067,-1.5427632331848145,-0.07322190701961517,-0.15386174619197845,-2.1091654300689697,1.3199793100357056,1.7497756481170654,0.2712680697441101,-1.2070643901824951,0.7257218360900879,-0.011830003932118416,-1.3731507062911987,-1.537814736366272,-0.02515389211475849,-0.8008185625076294,1.523502230644226,-2.2509145736694336,-0.008959200233221054,0.41715964674949646,0.5410749316215515,-0.568676233291626,-0.4779713451862335,0.3714071810245514,-0.5680105090141296,-1.2232376337051392,0.28169846534729004,-0.8436173796653748,1.004412293434143,-0.38256168365478516,0.05114423483610153,-0.702880322933197,0.5858433246612549,-0.5080310106277466,-0.3729115128517151,0.3799385726451874,0.15675126016139984,-0.10565710067749023,-1.759856104850769,1.1554378271102905,-0.6951987147331238,-1.5197007656097412,-0.8263995051383972,-0.5198459625244141,-1.4298607110977173,-1.9875696897506714,0.04760190099477768,-1.5167362689971924,-0.23174065351486206,1.113908290863037,-0.070988230407238,-2.420923948287964,0.257146954536438,0.6376055479049683
-1.0898605585098267,-0.11317536979913712,0.19863227009773254,-0.35756605863571167,0.4984428882598877,-0.18285252153873444,0.04088112339377403,0.34569957852363586,0.4631813168525696,0.16260142624378204,-1.5277886390686035,-1.1426761150360107,-0.3553277552127838,-0.19715899229049683,0.3855365812778473,-0.9097635746002197,1.9529123306274414,-1.8639616966247559,1.1939796209335327,-0.2882957458496094,-0.8546139597892761,1.7424376010894775,0.3622898757457733,0.6032318472862244,0.718494713306427,-0.2256598025560379,1.5288718938827515,-0.9586514234542847,1.314168095588684,-1.0251939296722412,0.5357365012168884,1.7428615093231201,1.4742048978805542,0.004248033743351698,0.7655542492866516,-0.2656206786632538,-1.3616658449172974,-0.7428538799285889,0.1755577027797699,-1.0162333250045776,0.4569700360298157,0.8393105268478394,-0.5662878751754761,1.6178234815597534,-0.6567005515098572,-0.9007671475410461,0.7844526767730713,0.7044790983200073,0.524793803691864,0.16960489749908447,0.3482898771762848,-0.1825913041830063,0.753299355506897,1.8736424446105957,1.2395164966583252,-0.07612908631563187,-0.12217248231172562,-0.29012563824653625,2.8767380714416504,0.28298792243003845,0.4268864095211029,-0.5746890902519226,1.0074377059936523,0.35664358735084534,-1.3442785739898682
-0.30261778831481934,-0.5914131999015808,-0.926124632358551,0.9122668504714966,0.6835640072822571,0.6782740950584412,-1.7443349361419678,-0.5353397727012634,1.5487465858459473,-0.08991439640522003,-1.9236876964569092,0.12180471420288086,-1.5362545251846313,-1.2506368160247803,-0.06630457937717438,-0.8569300770759583,0.7309685349464417,0.8317548036575317,0.41919130086898804,-0.32328474521636963,2.3544929027557373,1.138324499130249,0.37883368134498596,0.11650535464286804,0.22064520418643951,-1.0991222858428955,-0.7623724341392517,1.9403982162475586,0.6152293086051941,-2.0132932662963867,-0.40834981203079224,0.47794634103775024,-0.7419860363006592,1.2824985980987549,-0.015136569738388062,0.14132936298847198,0.640417754650116,-3.031613826751709,0.19736434519290924,0.5829497575759888,1.243898630142212,-0.3544541299343109,-1.1887249946594238,-1.6735457181930542,-0.11928750574588776,0.5204431414604187,1.0921639204025269,1.5564744472503662,0.680597186088562,1.575748085975647,-1.3033853769302368,-1.0327879190444946,-1.2004755735397339,0.7792169451713562,1.2467365264892578,-1.2294509410858154,1.555395483970642,-1.9001024961471558,-0.02265254594385624,-0.35684821009635925,-0.0032800668850541115,-0.40510591864585876,0.9928408861160278,1.981591820716858,0.3238131105899811
-0.744907796382904,-0.9913551807403564,-0.8556552529335022,0.5656735897064209,-0.67059326171875,-0.08305367082357407,-0.3562035858631134,-0.2826288342475891,-0.3420872092247009,-0.0952884629368782,-0.9730900526046753,1.0049384832382202,0.6924437284469604,-0.2513931691646576,-0.3948032557964325,-0.1899769902229309,-0.6257733106613159,0.8498343825340271,0.2184692770242691,1.436012864112854,-0.18073026835918427,-0.9966566562652588,1.5957831144332886,0.8308481574058533,-1.432699203491211,0.09876368939876556,-1.369575023651123,-0.6983219385147095,-0.74643874168396,-0.3767261505126953,1.2628247737884521,0.8408110737800598,0.16391025483608246,-1.5696276426315308,0.7757917046546936,-0.28020331263542175,1.124168038368225,-1.1012338399887085,0.21354664862155914,0.2517283856868744,-0.7794160842895508,0.11720092594623566,0.5492111444473267,0.5726190805435181,1.6131750345230103,-0.6657425165176392,0.8646610379219055,0.36935746669769287,-0.8019582033157349,-0.3424176573753357,0.8074528574943542,-0.8921656012535095,0.04661991074681282,0.5774378180503845,0.28107428550720215,-0.008885369636118412,-0.9147632122039795,-0.8649841547012329,0.03738083317875862,0.22421926259994507,-0.19966809451580048,-0.6742733716964722,-0.5765988230705261,-0.13183271884918213,0.5208125114440918

Slice 28
0.4068186283111572,-0.1169571727514267,-0.1572018712759018,-1.0464184284210205,0.6604466438293457,1.065738320350647,0.5787661075592041,-0.3740066587924957,0.3816036581993103,-0.9919046759605408,0.3124751150608063,-1.1269758939743042,0.5479695796966553,-0.6901938319206238,0.5096213221549988,-0.14555999636650085,-0.7648029327392578,0.22227966785430908,0.17535269260406494,-0.3302074074745178,-0.004167687613517046,-1.4089021682739258,1.5387074947357178,-0.9422191977500916,0.3121260702610016,-1.5348055362701416,1.2830595970153809,-0.9974353909492493,0.5609463453292847,-0.4008907079696655,0.5519890189170837,-0.07599616795778275,1.4125674962997437,1.0290035009384155,0.5587990283966064,1.4067405462265015,-0.5116005539894104,-0.3276166617870331,-0.5264782309532166,-0.2661593556404114,-1.0099313259124756,0.11115120351314545,0.9342517256736755,-0.7501415014266968,-0.2563685178756714,1.2936980724334717,0.5022332668304443,0.05475766211748123,0.909771203994751,-0.5183092355728149,0.3969324231147766,0.6456192135810852,-0.3505176603794098,0.8342316150665283,0.07548031955957413,-0.36214062571525574,0.10145030170679092,-1.2287968397140503,-0.43379494547843933,0.22562430799007416,-0.6968389749526978,0.053370386362075806,1.437005877494812,0.8800939321517944,1.039954662322998
-0.4977433383464813,0.5876492261886597,1.7919683456420898,0.6475194096565247,0.6035995483398438,-0.1527692824602127,2.2239246368408203,0.9287644624710083,0.054605357348918915,0.4416102170944214,-0.14502447843551636,0.761271595954895,0.0555909126996994,1.9556944370269775,-0.48541688919067383,-0.9681996703147888,-0.17919562757015228,-0.8272809982299805,0.5941641330718994,1.0590879917144775,1.0013248920440674,-0.4467484652996063,-0.7726309895515442,1.5741090774536133,1.0722434520721436,0.05988921597599983,-0.7434389591217041,-0.3765139877796173,0.1243758574128151,1.2567652463912964,-0.7394208312034607,1.0677229166030884,-0.4838349223136902,-1.5725516080856323,1.425450325012207,0.8053420782089233,1.2127134799957275,-1.0958207845687866,0.5704211592674255,1.707227349281311,-0.1904933601617813,-1.295567512512207,-0.08454709500074387,0.20783405005931854,0.010008532553911209,-0.5776228904724121,-0.6485165953636169,1.6150131225585938,-0.425960510969162,-1.975109577178955,-0.7596691250801086,0.4524594843387604,0.8356832265853882,0.20266319811344147,-0.10503453016281128,-1.0185624361038208,-0.42880985140800476,1.3361036777496338,1.2873899936676025,0.5492990612983704,-1.09938645362854,-0.9964738488197327,0.6890074610710144,1.0859514474868774,-1.1502758264541626
-1.363033413887024,-2.7385144233703613,1.094582200050354,1.825021743774414,0.6136834025382996,0.4078846275806427,-0.5922129154205322,0.21483114361763,-0.9860772490501404,-1.8102284669876099,-1.405530571937561,-0.8212943077087402,-0.28603190183639526,-0.15884386003017426,-1.1296411752700806,-0.7671995162963867,0.41214942932128906,1.390343427658081,0.5921555757522583,-0.17585189640522003,0.624069333076477,0.10426202416419983,0.09862469136714935,0.6749736666679382,0.42475390434265137,-0.56084805727005,-0.9100923538208008,-1.2719987630844116,0.18876950442790985,0.47985541820526123,0.7822039723396301,-0.7115669846534729,-0.5629609823226929,1.564804196357727,-1.7627482414245605,-0.503162682056427,-1.617877721786499,1.3394393920898438,-1.2389849424362183,-1.2577465772628784,-1.469394326210022,0.9900127053260803,1.6267940998077393,0.6818735003471375,-0.6711685657501221,0.8376294374465942,0.8096388578414917,0.11490678787231445,0.299637109041214,-1.2104403972625732,-0.6468480825424194,-1.076524019241333,0.07285051047801971,-1.1484404802322388,0.6854702830314636,-0.48478102684020996,1.5622494220733643,1.3799391984939575,-0.2734985947608948,-1.2923312187194824,2.638296604156494,-1.6133917570114136,-0.5354857444763184,0.11550019681453705,-0.006757852155715227
0.641036331653595,-0.05467180535197258,0.9008336067199707,-0.608181357383728,-1.3104597330093384,-0.30239295959472656,-0.3831012547016144,-0.8082408905029297,0.03912702202796936,-0.0762123093008995,-1.664125919342041,0.45382606983184814,-1.2778879404067993,-0.42098376154899597,-0.8361670970916748,-0.03287753835320473,-1.0726779699325562,0.0615619495511055,-1.4764175415039062,1.8169870376586914,1.6034139394760132,-0.44447070360183716,1.199252963066101,0.496986448764801,-0.7126142978668213,-0.5509958863258362,1.4376481771469116,-1.4188843965530396,-1.340329647064209,0.9297720789909363,-0.9677244424819946,-0.0007321598241105676,-0.35485780239105225,0.3678867816925049,-0.7887458801269531,1.4709354639053345,-0.4066963791847229,-0.9108487367630005,-0.8289380073547363,-0.6094797253608704,-0.49047625064849854,-0.09170962125062943,1.2272073030471802,1.8536752462387085,-0.8211571574211121,-0.6359506845474243,-0.6808897852897644,-0.503474235534668,1.35565185546875,0.3037995398044586,-1.0270451307296753,1.5376571416854858,-1.2871242761611938,-1.6980410814285278,0.8783085346221924,-1.4498159885406494,-1.0999153852462769,1.7525198459625244,1.231641173362732,1.395423412322998,-0.004728036001324654,0.16169317066669464,0.6459560990333557,1.6986111402511597,2.0802764892578125
-0.952314555644989,0.09649447351694107,1.4653483629226685,1.0901826620101929,-1.6107025146484375,1.758780837059021,1.393977403640747,-0.11727483570575714,-0.5939350724220276,2.181771755218506,0.14884358644485474,-0.4869410991668701,1.319949746131897,0.532817542552948,1.5214720964431763,-0.9093012809753418,-1.3473143577575684,-0.19774076342582703,-0.4497191607952118,-1.3942257165908813,-0.4312713146209717,-0.47030365467071533,-1.208650827407837,-0.05017631873488426,1.1137254238128662,0.526548445224762,-1.9329816102981567,1.9875009059906006,1.933103084564209,-0.28025007247924805,-0.2493947297334671,-0.10095389932394028,0.6224812865257263,-0.3995179533958435,1.0437158346176147,1.1012755632400513,0.5587753057479858,-0.20557664334774017,-0.709811806678772,-0.509035587310791,-0.4511607587337494,0.20876558125019073,0.023935090750455856,1.3895537853240967,-1.2497119903564453,-1.5096919536590576,-0.5529841780662537,0.3452317416667938,0.8485342860221863,1.9481583833694458,-0.555827796459198,-0.7845931053161621,-1.362440586090088,0.44287538528442383,2.4595699310302734,-0.6694490909576416,-0.4684095084667206,0.20594504475593567,-1.3114895820617676,1.496536374092102,-0.9051447510719299,-0.3243900537490845,0.3720558285713196,0.012753866612911224,-0.0656522735953331
-0.8054507970809937,-0.13701392710208893,0.3568306863307953,0.7152671217918396,1.1103395223617554,-0.2111508846282959,0.7501457333564758,1.297628402709961,-0.5804175138473511,0.37289074063301086,-0.9291024208068848,-0.7257785797119141,-0.9516887068748474,1.3876358270645142,0.7892805933952332,1.093245267868042,1.061367392539978,1.507730484008789,-0.3880228102207184,-0.9041688442230225,-1.202369213104248,-0.4352441430091858,0.5915215015411377,1.5787923336029053,-0.3201446831226349,-2.209571599960327,-0.06277130544185638,-0.0747423768043518,1.3288904428482056,-0.7522100210189819,-0.2542276382446289,1.1210198402404785,-0.5375202298164368,-1.1277852058410645,0.04276932775974274,-0.8458583354949951,0.10238615423440933,0.294997900724411,0.7893242239952087,0.6500421166419983,0.8754408359527588,-0.06339038163423538,-0.05526692792773247,0.46798211336135864,0.9081236124038696,-0.8990682363510132,-0.7757983803749084,-1.6093732118606567,0.6734921932220459,-0.4319634437561035,-1.6385763883590698,-0.2415551394224167,1.050693154335022,0.3210117816925049,-2.079983949661255,1.5124706029891968,-0.8663591742515564,-0.5340412855148315,-1.0387709140777588,0.35661500692367554,0.3098948895931244,-1.348361849784851,0.08662039786577225,-0.44654759764671326,1.368870496749878
1.057571291923523,0.7582896947860718,0.2224295288324356,0.18911200761795044,1.9098695516586304,-0.1027478277683258,-1.5341591835021973,-0.19543790817260742,0.3239518105983734,-0.47232699394226074,-1.0967463254928589,0.9921941161155701,-1.104807734489441,0.9900637269020081,-0.40948477387428284,0.04400527477264404,-1.3376561403274536,1.5427643060684204,-0.3986346125602722,1.5512746572494507,-0.5109747052192688,-1.2944518327713013,-1.170069932937622,-1.0922919511795044,2.7424705028533936,0.5165230631828308,1.404772162437439,-0.6017060279846191,1.6304563283920288,0.5995212197303772,0.7443175315856934,-0.7641277313232422,1.863685131072998,-1.391000509262085,-0.5607808232307434,-0.39782506227493286,1.3799731731414795,-0.5486443638801575,-0.14218904078006744,0.5822768807411194,-0.25488370656967163,-1.8247345685958862,0.7773279547691345,-0.6375073790550232,-0.761630654335022,0.7283990979194641,-1.2584128379821777,2.137671709060669,-0.5675491690635681,1.3505440950393677,0.5880416035652161,0.6057157516479492,-0.1865423321723938,-0.974782407283783,-1.1794474124908447,0.6787291765213013,-0.2798170745372772,-0.0035024862736463547,1.1218539476394653,-1.4552221298217773,-1.26376473903656,-0.45019298791885376,1.227691650390625,0.7608184218406677,0.7895296812057495
1.200321078300476,0.12231085449457169,0.02524530701339245,0.8158824443817139,0.8506372570991516,0.556636393070221,1.6837188005447388,0.8354918956756592,-0.4464215040206909,0.13796687126159668,0.4565144181251526,-0.312758207321167,1.5057376623153687,0.31729912757873535,-1.708892583847046,-0.9284296631813049,-0.11404690146446228,1.6378841400146484,0.6967169046401978,-0.7192705273628235,-1.4551156759262085,-0.12290176004171371,0.24586720764636993,0.4611986577510834,0.7509306073188782,0.014400431886315346,-0.12190913408994675,-1.9621502161026,-1.7456047534942627,-0.2243133932352066,-0.7821310758590698,-0.8682005405426025,-0.12987704575061798,1.8660808801651,-1.3047981262207031,0.5664171576499939,0.240166574716568,1.3929977416992188,-0.005531191360205412,-0.7439249157905579,-1.9176924228668213,-2.2625765800476074,0.09786365926265717,-1.2718470096588135,0.03718532994389534,-0.45653456449508667,-0.7088607549667358,0.05413452535867691,0.42909958958625793,-2.3405256271362305,1.1548513174057007,0.848269522190094,0.08343462646007538,-1.4749568700790405,0.9547372460365295,-0.20544598996639252,-0.273494690656662,0.8115622997283936,-0.3615751564502716,1.6552423238754272,0.07201851159334183,0.5943570137023926,1.0990278720855713,-1.0340977907180786,-0.6191415786743164
0.7915155291557312,0.7890664935112,-0.30124586820602417,0.059701770544052124,0.6566133499145508,0.5065226554870605,1.0330116748809814,-1.556132435798645,0.29637929797172546,-0.11672259122133255,-0.7074416279792786,1.2558987140655518,-0.21880178153514862,1.0904182195663452,-1.8097625970840454,0.08065465092658997,-1.304490089416504,-1.967863917350769,-0.9619712829589844,0.9479836821556091,1.2503868341445923,-1.34292471408844,0.9475321173667908,-0.34734538197517395,-0.9401165843009949,-0.2627840042114258,-0.24639591574668884,-0.009043309837579727,-1.889107346534729,0.5876592397689819,2.8045504093170166,2.2498059272766113,-0.24874982237815857,-0.6541722416877747,-0.024473730474710464,0.596267819404602,1.0566469430923462,-0.35091668367385864,0.7407041788101196,1.8726614713668823,0.7487908601760864,-1.2713804244995117,0.8859182000160217,0.5960140228271484,-2.3766090869903564,-0.7399929165840149,-0.4390679597854614,-1.104814052581787,-0.5604963302612305,-0.33777520060539246,0.7717409729957581,0.8558570742607117,-1.1289528608322144,-0.47650930285453796,-0.5584734678268433,0.06588802486658096,-0.09053211659193039,-0.25127390027046204,0.7419960498809814,1.0402194261550903,-0.2007884532213211,0.7472430467605591,-1.59104585647583,1.4827193021774292,-1.4371545314788818
0.28314492106437683,-1.0903104543685913,-1.458025336265564,0.5342963933944702,-1.327162504196167,0.7352423071861267,0.28529927134513855,0.9211255311965942,-1.7942839860916138,-0.929573118686676,-0.8346297740936279,-0.7324689626693726,-0.9091172218322754,0.3794819116592407,1.1640821695327759,-1.6933213472366333,-0.3958251476287842,0.3906346559524536,0.4770560562610626,-0.3018595576286316,-0.4158421456813812,-0.8281819224357605,-1.13983154296875,1.1892224550247192,0.2421751618385315,-0.8267501592636108,-0.3689168393611908,-1.0118615627288818,1.5791375637054443,-0.5900056958198547,-1.266425609588623,-0.4682973325252533,-2.3261938095092773,-0.34754857420921326,0.6069476008415222,-0.08426766097545624,0.17476992309093475,-0.5110633969306946,0.22108550369739532,-0.4032842516899109,1.5542389154434204,-1.331374168395996,-1.606905460357666,0.22687777876853943,-0.07131622731685638,-1.527037501335144,-2.8178720474243164,0.45847973227500916,-2.516749143600464,-0.037407081574201584,-1.3981956243515015,1.6587274074554443,-0.3706519305706024,1.6647717952728271,1.1208105087280273,-0.3547917604446411,-1.0297670364379883,-0.20803901553153992,-0.3621332347393036,-0.24101901054382324,-1.7169181108474731,0.8002102971076965,-0.9671271443367004,0.37061354517936707,0.05866493284702301

Slice 29
0.7383084297180176,0.06932082772254944,-0.14506050944328308,-1.9256603717803955,-1.2094782590866089,-1.0487518310546875,-1.4260019063949585,-0.35962945222854614,1.277714490890503,0.4294640123844147,-1.152920126914978,-0.10289467871189117,0.6860027313232422,-0.5098229646682739,-0.41147223114967346,0.8781939148902893,-0.33838605880737305,-2.8058793544769287,-1.4606772661209106,-1.0067542791366577,-1.323830008506775,-0.9363514184951782,-0.002802377799525857,1.7770848274230957,0.36284705996513367,0.3329004943370819,0.2831687331199646,-0.7363960146903992,-1.0729714632034302,-0.37100300192832947,1.4862473011016846,-0.052784938365221024,-0.620701789855957,0.6922431588172913,-0.17813865840435028,-0.9416009783744812,-1.637688159942627,0.20945130288600922,0.6465693712234497,-0.04978819191455841,-1.429601788520813,0.9808498024940491,-0.11404195427894592,1.2040832042694092,0.14008772373199463,1.3956164121627808,-1.718811273574829,0.09502957761287689,0.03409702330827713,0.9248035550117493,0.3912098705768585,-0.25140294432640076,1.6643000841140747,1.3345911502838135,-0.8765629529953003,-0.377561092376709,-0.8230932354927063,0.6088258624076843,-0.6531585454940796,2.3042256832122803,0.7410963177680969,1.744901180267334,0.9804713726043701,-0.537467896938324,0.11467618495225906
0.17107361555099487,0.6072332262992859,-2.415585517883301,-0.6389449834823608,-0.9636586904525757,-1.9093698263168335,-1.1034986972808838,0.09419760853052139,-0.4120648205280304,-0.496082603931427,0.1930898278951645,-0.748837411403656,0.13579371571540833,0.6988639831542969,0.6096315383911133,0.6846967339515686,0.12579528987407684,-0.43032199144363403,0.3710734248161316,0.13960598409175873,-0.4378446042537689,-1.0268727540969849,-0.104238361120224,-0.4004805386066437,0.5449982285499573,-0.3969763517379761,0.8062193393707275,1.1154720783233643,-1.3841912746429443,0.6764250993728638,1.0992578268051147,-0.22593845427036285,-0.9377293586730957,-0.07384927570819855,2.239306926727295,0.2809086740016937,-0.09554731100797653,-0.7307329177856445,0.8791719675064087,-1.0180121660232544,-0.9324067831039429,-0.6037892699241638,0.5403348803520203,2.015272855758667,-1.3921961784362793,-0.47944700717926025,-1.2991187572479248,-0.9465593099594116,-1.9129642248153687,-0.32937130331993103,1.5044851303100586,-0.22585535049438477,-0.7900961637496948,-0.23557113111019135,0.004971173591911793,1.0203043222427368,1.1597464084625244,0.7946702837944031,-1.4214551448822021,-2.5002474784851074,0.9183266162872314,-0.22219423949718475,-0.4733979403972626,-0.6898976564407349,-0.40543800592422485
-1.1704849004745483,2.347808837890625,-0.3128953278064728,-2.7879397869110107,-1.1456118822097778,-0.3698267638683319,0.9085708856582642,-0.2221318632364273,0.5676348209381104,1.5864100456237793,1.6489719152450562,0.6447327733039856,0.328032910823822,-1.3571968078613281,-0.7468667030334473,1.054236650466919,0.04508848488330841,-0.6896020770072937,-1.1177423000335693,-1.7025187015533447,-1.7653405666351318,-0.06762325763702393,-1.160904884338379,-0.9606466889381409,0.20171280205249786,-1.549986720085144,-0.3415714502334595,-0.8979617357254028,0.171674907207489,-1.1541821956634521,-0.33253705501556396,1.7128405570983887,0.07294189184904099,-0.4849681258201599,-1.64582097530365,2.0319507122039795,0.4716542065143585,0.4270438253879547,0.8090196847915649,-1.4163925647735596,0.08891430497169495,-0.6891793012619019,-0.38653138279914856,0.6005405187606812,0.48136916756629944,1.9314558506011963,0.06381714344024658,-0.6530675292015076,-0.09870940446853638,0.942976713180542,-0.1830151081085205,1.4781546592712402,0.4114035665988922,-1.0759284496307373,1.117226481437683,1.0057389736175537,1.6411166191101074,0.16682147979736328,1.269558072090149,-0.25216665863990784,-0.5329969525337219,0.5735644698143005,-2.2317793369293213,0.4619540870189667,0.7129110097885132
0.004265903495252132,-1.3898292779922485,2.4577770233154297,-0.598691463470459,0.06964539736509323,-0.27796998620033264,0.5761556029319763,-0.5310500264167786,0.6253243684768677,1.2783324718475342,-1.3140645027160645,0.6358335614204407,1.6605556011199951,-0.15970592200756073,-2.4534993171691895,-0.5095425248146057,-0.7990818619728088,0.5531638264656067,-0.6741582751274109,-1.8782652616500854,0.6286101341247559,-0.12760907411575317,-0.10664749145507812,-1.7033175230026245,-1.2812283039093018,-1.687674880027771,0.35298269987106323,0.007175786886364222,0.9879340529441833,-0.9181749224662781,0.7726423144340515,-0.6229523420333862,-0.5100198984146118,0.6962144374847412,-0.015220328234136105,0.8809892535209656,-0.07393885403871536,-0.34346073865890503,-0.7733239531517029,-0.7037491202354431,0.9387303590774536,-0.8393083810806274,-0.35062548518180847,-0.5411651730537415,-0.7280145287513733,1.2595593929290771,0.514542281627655,-0.8240203857421875,0.7453679442405701,0.35666540265083313,-0.8857713341712952,0.8231839537620544,-0.09092353284358978,-0.8722591996192932,-0.9771161079406738,0.8442331552505493,-1.8460432291030884,0.06315441429615021,0.09763291478157043,1.3190580606460571,-1.2469977140426636,-0.7796439528465271,1.1179275512695312,0.028584236279129982,0.3934807777404785
-0.34661951661109924,-0.21568386256694794,-0.04675382748246193,-0.7883265614509583,-1.5475983619689941,-0.06466157734394073,-1.1653002500534058,-1.9738012552261353,0.38725146651268005,0.08195355534553528,-1.2430269718170166,-0.0788506492972374,-0.02239431068301201,-1.7140772342681885,-0.2955326437950134,0.5879667401313782,-1.4308007955551147,-0.8799227476119995,1.6922284364700317,-0.8347077369689941,-1.4218363761901855,-0.13553746044635773,-1.4708062410354614,1.2135387659072876,0.052462123334407806,-1.7076107263565063,-1.3342381715774536,-0.3102274239063263,0.2488689422607422,0.8551178574562073,0.3082512319087982,0.940264880657196,0.1914614737033844,-0.14881567656993866,-0.8808189630508423,-0.26403915882110596,-0.07321510463953018,-0.6575504541397095,1.083727478981018,-1.36232328414917,0.9414555430412292,-0.7871319651603699,-0.9646702408790588,0.1981862485408783,-0.7862773537635803,-0.5764004588127136,0.3237355053424835,-0.02348068170249462,-0.2918647825717926,1.1320093870162964,-0.9064310789108276,0.4432612955570221,-0.21696995198726654,0.5197069644927979,-0.48574861884117126,0.1499464064836502,-0.4215746521949768,-2.049861192703247,-0.18326576054096222,-0.9422420859336853,-0.14289087057113647,1.0409425497055054,-0.5232812762260437,-1.3642317056655884,1.1983217000961304
-0.8325037956237793,0.05397028475999832,0.617038369178772,-0.38099467754364014,0.284582257270813,1.1419435739517212,-0.4280138909816742,0.4771100580692291,0.20179179310798645,1.0517007112503052,0.1731099784374237,0.8147505521774292,-1.075079321861267,0.19268403947353363,0.7022529244422913,-0.2406204789876938,0.6186699867248535,-1.2827576398849487,-0.08986205607652664,0.4477936327457428,-0.7010319232940674,-0.9015457630157471,-1.7359076738357544,0.7642380595207214,1.4307236671447754,1.015623927116394,-1.664368748664856,0.7076961994171143,-0.5766058564186096,0.601567268371582,-0.6541124582290649,-1.3392183780670166,0.3844396770000458,0.548382043838501,0.8316003084182739,-1.326690912246704,-0.19558444619178772,0.039715368300676346,-0.7242418527603149,0.459869384765625,0.8973187804222107,-0.12266449630260468,0.3501865267753601,-0.17778420448303223,0.9437956213951111,1.6739249229431152,-1.9822437763214111,1.8179627656936646,0.37838053703308105,1.212725043296814,0.7542047500610352,-2.5303523540496826,1.520576000213623,-0.13640941679477692,-0.476800799369812,-1.2865015268325806,-0.34347885847091675,-2.4325368404388428,-0.4947974383831024,-1.0730291604995728,-0.45564982295036316,-0.6190063953399658,0.27491095662117004,1.0197945833206177,1.2371748685836792
-0.8023356199264526,1.5796037912368774,-0.398573100566864,1.0990960597991943,-0.09824152290821075,0.9928979873657227,0.5071797966957092,-0.53610759973526,-1.1944464445114136,-0.05155099183320999,0.7188899517059326,-1.5977734327316284,0.47872743010520935,-0.02243642695248127,0.9533971548080444,0.4684218168258667,-0.3787215054035187,0.310015469789505,-0.7058523297309875,-0.5594786405563354,0.3761932849884033,-1.1872446537017822,0.05560525134205818,0.07990366220474243,0.9445136189460754,-0.1657899022102356,-0.28777918219566345,0.4094406068325043,-0.7538045644760132,0.0035762579645961523,-0.018826298415660858,-1.4149144887924194,-0.7644097208976746,-1.4487451314926147,-0.029441118240356445,0.7943949103355408,1.505547285079956,0.48683109879493713,-0.25090667605400085,0.6404337286949158,0.03068089298903942,1.2774423360824585,1.7359963655471802,0.39435696601867676,0.44801124930381775,-1.9003963470458984,-1.6706675291061401,0.07524874806404114,-0.8452000021934509,-0.5580447912216187,1.0038948059082031,-0.3853299021720886,0.9332827925682068,-1.14094877243042,0.9700428247451782,-0.9031702876091003,-0.21525995433330536,-0.22595009207725525,0.548227846622467,-0.21562564373016357,-1.4135339260101318,0.5153346061706543,0.3619934618473053,-0.199906587600708,-0.13420920073986053
-0.5812574625015259,0.031647082418203354,-1.3299365043640137,0.8160275220870972,2.391558885574341,-1.9766030311584473,0.06609202921390533,1.9782418012619019,-1.5975478887557983,-0.49157851934432983,0.5450999140739441,0.32511210441589355,1.065403699874878,-0.15518523752689362,1.0406478643417358,0.6584110856056213,-1.4402635097503662,-0.98152095079422,-0.6295709013938904,1.4486286640167236,0.47320735454559326,-1.1748775243759155,-1.1209508180618286,-0.025897782295942307,0.01590798795223236,1.0164433717727661,0.3356890380382538,0.6193377375602722,0.26080334186553955,0.19224172830581665,0.7544286847114563,1.1377779245376587,0.6532440781593323,-0.9881141185760498,1.1448664665222168,-0.09070715308189392,-1.6301466226577759,-1.374269962310791,-0.8612021803855896,0.7471389174461365,-1.0135833024978638,-1.37260901927948,0.24915271997451782,0.559158205986023,-0.2857564091682434,0.3552599847316742,0.7044835090637207,-0.2625134289264679,0.03882806748151779,0.7305493354797363,1.2278437614440918,0.22649863362312317,-1.2288119792938232,0.8770627379417419,0.2761008143424988,0.6527897119522095,-0.7132791876792908,-0.5189183950424194,-0.20587003231048584,-0.8827359676361084,0.9358128309249878,-0.10627065598964691,0.3616100251674652,1.6445797681808472,-0.937564492225647
-2.190096616744995,-0.841957151889801,-1.1142100095748901,-0.904384434223175,-0.8950273990631104,-1.169439673423767,-0.7755905985832214,-1.2521600723266602,1.2116122245788574,0.44448959827423096,-0.07958297431468964,1.061662197113037,1.1610647439956665,1.2974839210510254,2.0565974712371826,0.6685858368873596,1.6167819499969482,0.18525217473506927,0.10910595953464508,1.5081170797348022,1.2537392377853394,-1.0713295936584473,1.8271901607513428,0.40081334114074707,2.0900700092315674,-0.28084489703178406,1.6152862310409546,0.11710488796234131,1.0537165403366089,1.0096633434295654,1.506366491317749,-1.2424075603485107,2.014688014984131,-0.7040479183197021,1.9109593629837036,1.2854870557785034,-0.31062769889831543,0.2302912026643753,0.7938302159309387,-0.9541890621185303,0.7264998555183411,0.8409855365753174,0.3854633867740631,-0.960633397102356,1.2941619157791138,0.3475226163864136,-0.27138766646385193,-0.12130893021821976,0.4932449460029602,2.0221760272979736,-0.22956375777721405,-0.12823227047920227,0.18519829213619232,-1.1727936267852783,-0.2180008739233017,-1.2262965440750122,0.13412988185882568,0.8542218208312988,-0.35688477754592896,-1.504785180091858,-0.2315199077129364,-0.020843595266342163,0.14915597438812256,0.25795978307724,0.9905900359153748
-0.6976773738861084,0.09805410355329514,-0.2980673313140869,-0.992180347442627,0.8462188839912415,1.099325180053711,0.025928158313035965,0.470611035823822,-1.537150502204895,-0.28251323103904724,-0.4293164908885956,0.04737361893057823,0.8280007243156433,1.1659425497055054,-0.020672030746936798,0.8561409711837769,-0.47386738657951355,0.09550999104976654,-0.9420368075370789,0.7867598533630371,0.29675450921058655,0.21536141633987427,-0.48032164573669434,2.099339246749878,-0.5413312315940857,-0.7780839800834656,0.9149508476257324,1.4965369701385498,0.04994936287403107,-1.08674156665802,-1.3106329441070557,-1.7038549184799194,-0.6243641376495361,-1.7759275436401367,0.6275362968444824,0.3994781970977783,-1.8615202903747559,0.315873920917511,-0.8975398540496826,-1.4289294481277466,-1.1064139604568481,0.09571662545204163,-1.8880864381790161,1.8973112106323242,-0.21869078278541565,-0.44674140214920044,-0.5992663502693176,1.1737215518951416,0.8902387619018555,-0.1057782843708992,0.08352416753768921,0.15082953870296478,0.40686342120170593,-0.8607551455497742,0.8021474480628967,-2.4544193744659424,-0.047783590853214264,0.22948221862316132,-0.845889687538147,0.036520786583423615,0.4099634289741516,0.5874484777450562,-0.14597347378730774,1.0230416059494019,0.030002543702721596

Slice 30
-1.7508779764175415,0.7135213017463684,-0.5800337791442871,-0.6649612784385681,-0.13494013249874115,-0.24704867601394653,1.488858938217163,-0.33839452266693115,0.5489082932472229,0.5003802180290222,-0.7649288177490234,-0.33557450771331787,-0.6753716468811035,0.13306304812431335,-0.9433732032775879,-1.095144510269165,0.794441282749176,1.6157394647598267,0.31891027092933655,0.577356219291687,-0.6265106201171875,0.9757483601570129,1.7848877906799316,-0.1628894954919815,-0.7698933482170105,1.2984861135482788,0.9368028044700623,-0.6765247583389282,-0.7046564221382141,0.5468651056289673,-0.7152851223945618,-0.15341989696025848,-1.36491858959198,-0.7580962777137756,0.58159339427948,-1.4815099239349365,-1.1428717374801636,-1.1825499534606934,0.5905340909957886,-0.35356345772743225,-0.4623817503452301,1.004103422164917,1.7374976873397827,-1.7483811378479004,0.6858495473861694,-0.8740914463996887,-0.6326349973678589,-0.3863724172115326,0.0492318831384182,0.14581766724586487,0.021406225860118866,-1.4312551021575928,0.6038239002227783,-0.12367012351751328,-0.5328260660171509,0.09871087223291397,-0.34804072976112366,1.3364170789718628,0.8299472332000732,2.1410555839538574,1.1967408657073975,0.9987499713897705,-0.09523408114910126,0.054400816559791565,0.07474757730960846
0.6322103142738342,1.1563990116119385,1.3675868511199951,-0.71861332654953,0.5820596218109131,2.0586650371551514,-1.140662670135498,2.2328853607177734,-0.3378845751285553,-0.08140776306390762,0.06138208135962486,-0.3938605487346649,0.9040244817733765,-1.3334115743637085,-1.2023671865463257,-0.21147829294204712,-1.1378791332244873,0.7765445709228516,-0.9250571131706238,0.43215903639793396,-0.22871793806552887,-0.17454829812049866,-0.7402448058128357,1.0260065793991089,-0.08067275583744049,0.5520148277282715,0.04489421471953392,2.3537445068359375,-0.4056927263736725,0.3133999705314636,1.609316110610962,-0.6469509601593018,-0.8864624500274658,-0.24705079197883606,-0.97994464635849,0.6127416491508484,-0.6524472236633301,0.5988373160362244,0.20867130160331726,-0.3182026147842407,0.295176237821579,-0.10322876274585724,-0.4553491771221161,-0.617131769657135,0.47870969772338867,-0.14195044338703156,0.12078417837619781,2.4516801834106445,-1.0062386989593506,-1.067513108253479,-0.4314737617969513,-0.7622660994529724,1.1341215372085571,-0.2863531708717346,-0.2989601194858551,-0.644099235534668,-1.8644707202911377,0.2219437211751938,-0.21220967173576355,-1.0355796813964844,-0.2779728174209595,-0.6674746870994568,0.6456936001777649,-0.7357783913612366,0.10754965245723724
-2.0072457790374756,2.6035401821136475,1.4213683605194092,1.6282604932785034,1.9341442584991455,0.2215166836977005,1.4718279838562012,0.015432711690664291,-0.5469982624053955,0.8160871267318726,0.8550300002098083,0.7811973094940186,0.15060891211032867,0.9139301776885986,1.408820629119873,-0.06373623013496399,0.3880341947078705,1.239898681640625,1.8267807960510254,-2.84403395652771,0.44046998023986816,-0.6626297831535339,-0.28364619612693787,-1.0815905332565308,-0.9150199890136719,-1.1407567262649536,1.201926589012146,0.9174002408981323,1.1835883855819702,-0.42504915595054626,0.7172633409500122,0.1350453943014145,-2.193080186843872,-0.7579720616340637,0.39381465315818787,-0.9231840372085571,0.20880816876888275,-1.3220182657241821,1.7404524087905884,0.505760133266449,-0.13007061183452606,-0.06641192734241486,1.1799663305282593,-1.7287691831588745,1.0529322624206543,1.3077731132507324,1.5613974332809448,0.8675597310066223,-1.6260696649551392,0.95479416847229,1.2428587675094604,0.46581530570983887,0.04290271922945976,-0.6693626046180725,-1.6662873029708862,-0.47399207949638367,1.0779249668121338,-0.35831472277641296,0.5914937853813171,-0.6656637787818909,0.20547887682914734,-0.8999148607254028,-0.43726497888565063,1.2822014093399048,-0.2507040798664093
1.7463010549545288,1.190089464187622,-0.24088390171527863,0.4671681523323059,-2.312405586242676,0.6291458606719971,-0.01671401970088482,1.0636756420135498,0.6568810343742371,0.09032086282968521,-0.49299803376197815,-1.292284369468689,1.378198266029358,-1.073492407798767,-0.23552757501602173,-0.2738542854785919,-0.4619751274585724,1.0754014253616333,0.6573001742362976,1.3095372915267944,-0.9047544002532959,-0.0059621804393827915,0.6045297384262085,-1.3078248500823975,-1.3575435876846313,-1.188373327255249,-1.6045933961868286,0.7451614737510681,0.20823922753334045,1.209861397743225,-0.23659230768680573,1.1033531427383423,0.3473083972930908,1.2496578693389893,-0.24744968116283417,0.9006304144859314,-0.021127905696630478,1.1836884021759033,0.811333179473877,-1.5085489749908447,-1.4166985750198364,0.44749733805656433,0.9746085405349731,-0.5701800584793091,-0.11321167647838593,-0.17998424172401428,-0.17306843400001526,0.4477670192718506,1.6176130771636963,0.7776487469673157,0.25644293427467346,0.2896692454814911,0.8062973022460938,0.9443238377571106,0.16066989302635193,0.46696439385414124,-0.170888751745224,1.0598293542861938,0.6214403510093689,1.0819047689437866,-0.9925118684768677,-1.8495886325836182,1.2218937873840332,0.022700084373354912,1.6776565313339233
1.3534960746765137,-0.9752146601676941,0.5036571621894836,0.022709941491484642,-0.5332964658737183,0.2063743770122528,0.9042834639549255,-0.41925424337387085,0.9350308775901794,-1.4286738634109497,1.1426907777786255,-1.775222897529602,-0.9039099812507629,0.025211844593286514,0.8222182393074036,0.05261963605880737,-0.4137924909591675,-0.2850809395313263,0.6635266542434692,-1.09891676902771,1.2383439540863037,0.049617208540439606,0.9983672499656677,0.4099472165107727,0.6024689674377441,-0.8641807436943054,0.7247685790061951,0.45695120096206665,-0.6251006722450256,0.8392205834388733,0.7208082675933838,-0.0051353443413972855,-1.7566643953323364,-1.2394181489944458,1.4351427555084229,1.3211350440979004,-0.8560114502906799,-0.6685013771057129,1.7162715196609497,-0.6044501662254333,-0.1586858332157135,-0.45596349239349365,-1.2279444932937622,0.8621906042098999,-1.5442302227020264,1.1202929019927979,1.1334547996520996,-0.32125669717788696,0.7682414054870605,0.9893139600753784,-1.0052484273910522,-0.1552530974149704,-0.15422707796096802,0.42494186758995056,0.24933834373950958,-0.21646051108837128,0.8908076882362366,-1.682775616645813,1.5425050258636475,1.3048893213272095,-0.644321620464325,-0.9440674185752869,-0.39724546670913696,-1.4263273477554321,0.8023959994316101
-0.4628063142299652,-0.23289568722248077,0.9789997339248657,-0.08376626670360565,-0.9980211853981018,1.5124711990356445,0.1789916455745697,-1.6330546140670776,1.2207982540130615,1.3228362798690796,-1.0219169855117798,0.3892615735530853,-1.4191193580627441,-1.1611660718917847,0.1365460306406021,2.6896443367004395,-1.7206754684448242,1.042313814163208,0.5298609137535095,0.7279758453369141,1.7349961996078491,2.408080577850342,1.2266747951507568,0.6763867139816284,-0.8612897992134094,0.27980390191078186,0.13330338895320892,0.06244152784347534,0.9151233434677124,-0.44200536608695984,-1.2009292840957642,-0.045652780681848526,1.4445339441299438,1.8997246026992798,0.7612974047660828,-1.0604203939437866,1.0642956495285034,-0.1738876849412918,-0.06393470615148544,-0.6242527365684509,1.085788369178772,-1.2241133451461792,-0.4749918580055237,1.0361056327819824,1.1865088939666748,-1.8790067434310913,0.9303226470947266,-1.1933317184448242,0.9680026769638062,-1.044649600982666,0.8315299153327942,-1.3994324207305908,-0.7154913544654846,-1.3056390285491943,0.48189735412597656,-0.817722737789154,-1.1912235021591187,-0.10213364660739899,-0.4682554304599762,0.771552324295044,0.9438771605491638,-0.04804952070116997,-0.9724401235580444,-0.8304116725921631,-0.6552914381027222
0.6469541788101196,-0.8977619409561157,-0.39809247851371765,-0.4783841669559479,-0.8272446990013123,-1.2555252313613892,-1.2983119487762451,-0.08440270274877548,0.05003960803151131,0.25599586963653564,0.9536213874816895,0.40548503398895264,0.0452338270843029,-1.1509474515914917,0.28854066133499146,0.268576055765152,-0.16273009777069092,0.5142269730567932,0.806441605091095,0.32584425806999207,-0.06927813589572906,-0.030082426965236664,-0.8726608157157898,-0.9380776882171631,0.5831378698348999,0.41726741194725037,-0.2960371673107147,-0.2638273239135742,-0.35712090134620667,0.25575241446495056,0.7451498508453369,0.3783626854419708,-0.20286330580711365,0.667288601398468,0.4869648516178131,0.24957221746444702,1.7133992910385132,-0.387272447347641,0.03843318670988083,1.6382489204406738,-0.8029540181159973,0.6653070449829102,0.6852723956108093,0.4012904465198517,-1.1988229751586914,-0.7339620590209961,-0.5005757212638855,-0.6198462843894958,0.06913874298334122,1.946798324584961,1.8427939414978027,0.27119898796081543,1.3357242345809937,0.1331321746110916,1.404603362083435,0.16501681506633759,0.454305499792099,-0.5681582689285278,0.39062485098838806,0.2213013470172882,0.1281779706478119,-0.10745514184236526,0.7529796361923218,-0.42915651202201843,1.4251279830932617
-0.3410484194755554,0.17900800704956055,0.7041075825691223,0.7367153167724609,-0.5868710875511169,0.5394985675811768,-0.6420571804046631,0.1924198716878891,-1.0277527570724487,-0.6345986127853394,-0.34197649359703064,0.2026834487915039,1.2499675750732422,0.890041708946228,1.3626418113708496,1.5377005338668823,0.2671438753604889,1.5120701789855957,-0.8972504138946533,-0.464399516582489,-1.4703603982925415,1.7912774085998535,-0.17617367208003998,-0.749830961227417,1.759672999382019,-1.00136137008667,1.426671028137207,0.625863254070282,0.186968594789505,-1.1222866773605347,1.0098308324813843,-2.5188896656036377,1.4571614265441895,-1.0247328281402588,-0.575432300567627,1.8625497817993164,-0.09409906715154648,1.5910670757293701,0.44384056329727173,-0.6728097200393677,-1.7318663597106934,-1.0362952947616577,1.4402031898498535,1.4992852210998535,0.5962674617767334,-0.3289143741130829,-0.14594680070877075,0.718076229095459,2.7517004013061523,-1.6978199481964111,-0.9750262498855591,1.0509254932403564,0.48511818051338196,0.4330928325653076,1.4380284547805786,-2.274627447128296,0.3055031895637512,-0.3391208350658417,-1.9178208112716675,-0.2666035294532776,0.6513622999191284,-0.0008590721408836544,0.20952190458774567,0.5290573239326477,0.8825474381446838
0.6909900307655334,-1.9863251447677612,-0.05242759361863136,-1.9821314811706543,-0.03245801106095314,0.31122246384620667,0.4369956851005554,-0.3403250575065613,-0.860353946685791,-0.19022542238235474,-1.46085786819458,-0.39048293232917786,0.006639999803155661,1.5879355669021606,1.1167759895324707,-0.24166983366012573,0.40873023867607117,2.0623538494110107,0.40430325269699097,-0.5957805514335632,0.6141794919967651,-1.7050844430923462,-1.6715940237045288,-0.031524356454610825,-0.6531475186347961,-0.8687175512313843,2.1411218643188477,1.5585663318634033,2.2216782569885254,-2.2493093013763428,-1.59116792678833,-1.9721471071243286,-0.2654690444469452,-0.3548178970813751,-1.9002354145050049,0.15480631589889526,-1.1123650074005127,-0.6854785084724426,-1.4888461828231812,-1.8608849048614502,0.12625525891780853,-0.2508470416069031,0.03586827591061592,-0.36059218645095825,-0.8584996461868286,0.305696964263916,2.193676710128784,0.865845263004303,-1.1030925512313843,-0.030831241980195045,-0.22744011878967285,-0.16075848042964935,-0.3423476219177246,0.9824910759925842,-0.6157669425010681,-2.181215524673462,-1.2591160535812378,-0.2773400843143463,-0.8234443068504333,0.45262521505355835,-2.3282530307769775,-1.3333152532577515,0.43650200963020325,0.7620668411254883,-0.0712902769446373
-2.00185227394104,0.2056942582130432,-0.36072835326194763,0.26060378551483154,-0.27829158306121826,0.6919301748275757,1.1456043720245361,1.4244962930679321,1.7365971803665161,-1.067987084388733,1.582899808883667,-0.5125598311424255,0.275992751121521,-0.3416697382926941,-0.4201011657714844,-0.08609618246555328,1.3687020540237427,-0.4015929698944092,0.4548264741897583,-0.234445720911026,-1.290339469909668,1.0734548568725586,0.8671540021896362,0.4745817482471466,1.0436973571777344,-0.13691671192646027,0.9045566916465759,0.5432803630828857,1.5275514125823975,2.1284234523773193,-0.8378568291664124,-0.06793958693742752,-1.1187548637390137,0.7194480299949646,0.35107988119125366,1.7045990228652954,-0.310644268989563,1.7367335557937622,-0.18641649186611176,0.04006185382604599,-1.131035566329956,-0.30072513222694397,0.11216265708208084,-0.8394608497619629,1.002579927444458,-0.5839641690254211,-0.4993705749511719,0.16242314875125885,0.2327837496995926,-0.6967730522155762,-0.6882209181785583,1.2075623273849487,2.0734124183654785,1.867063045501709,-0.12994447350502014,0.34992629289627075,0.3323485851287842,0.23110979795455933,-1.5122523307800293,-0.4816610813140869,-1.5249137878417969,-0.21996715664863586,2.369466781616211,0.053005289286375046,0.13701456785202026

Slice 31
-1.2420859336853027,-0.6258065700531006,-0.7213860750198364,1.155991792678833,-0.1778610348701477,-0.23880083858966827,1.4910845756530762,1.5049247741699219,-0.17069251835346222,1.5140870809555054,1.1954944133758545,1.3378326892852783,-0.7083815932273865,0.8878873586654663,0.10596216470003128,0.15801797807216644,1.3096264600753784,0.4998123049736023,-0.7681522369384766,0.66152024269104,-1.368588924407959,-1.0221878290176392,0.24973347783088684,-0.4956207871437073,0.03338150307536125,0.6593466401100159,-1.282707691192627,-0.5209881663322449,-1.2242268323898315,-1.7686095237731934,1.1408978700637817,-0.1269865185022354,-0.8132724165916443,0.297933965921402,-0.8120343685150146,0.8417924046516418,0.8419737815856934,-0.6754443049430847,0.33805176615715027,-0.24067160487174988,-0.6919468641281128,-0.7630828619003296,-0.583038866519928,1.3579317331314087,0.049727197736501694,-1.6339452266693115,0.2391473948955536,-1.3824498653411865,-0.19201141595840454,-0.6199811100959778,1.6158345937728882,1.397871732711792,-1.3727096319198608,-0.40481388568878174,1.5718618631362915,0.37625980377197266,0.9162771105766296,1.1348639726638794,-1.0502439737319946,-2.2157468795776367,-0.7109209895133972,-0.9189685583114624,-0.9216338992118835,-0.7297155857086182,1.2945001125335693
0.31288883090019226,-0.3861035108566284,-0.6324288249015808,-0.6921908259391785,-0.7366548180580139,1.8458526134490967,-0.07229367643594742,-0.20153199136257172,1.2499589920043945,-0.7513729929924011,-1.3189531564712524,-0.3443965017795563,-2.398456573486328,-0.3692586123943329,-0.4284447729587555,1.215830683708191,2.181774377822876,0.8680295348167419,-0.7377848625183105,-0.45258066058158875,0.00013903759827371687,-0.310104101896286,-0.9902186393737793,2.8381032943725586,-0.7016144394874573,1.9094306230545044,1.9725322723388672,0.2934759855270386,1.033648133277893,-1.3740314245224,0.13010981678962708,-0.4335997700691223,-0.3043762445449829,-1.2201117277145386,-1.3024911880493164,-0.009026285260915756,0.7097324728965759,0.49494045972824097,1.0411936044692993,2.2801196575164795,-1.5849907398223877,-0.7531252503395081,-0.07811000943183899,-0.5250120759010315,-1.4907646179199219,-0.5483860373497009,-0.9259397387504578,0.966132402420044,0.8503525257110596,1.133859395980835,-0.0872856006026268,0.8150240778923035,1.2486414909362793,-0.86909419298172,-0.8903592228889465,-0.269586980342865,-0.3536071479320526,0.06033429130911827,-0.5272102952003479,-1.5198636054992676,-0.6901470422744751,-0.35729673504829407,0.440104603767395,-0.5805246829986572,-0.35847705602645874
-0.4271080791950226,1.382553219795227,2.8199124336242676,0.2186710089445114,1.3156834840774536,-0.4413970112800598,-0.9249290227890015,0.41491591930389404,0.15041303634643555,-0.9649685025215149,1.1587586402893066,-0.46952804923057556,-0.3774181306362152,1.1681559085845947,1.365004301071167,0.9239105582237244,-0.32034870982170105,1.2108601331710815,-0.9127850532531738,-0.5290480256080627,-0.6521462798118591,-1.5860227346420288,-0.7957293391227722,1.11880362033844,0.09237407147884369,-0.016998030245304108,0.3212970495223999,-0.1889629364013672,0.10297765582799911,0.2455078810453415,-0.06268183141946793,1.8650332689285278,0.7508212924003601,0.12979701161384583,-0.44332441687583923,-0.7740767002105713,-0.4327731728553772,-0.38421180844306946,0.09871740639209747,-0.6872779130935669,0.66726154088974,0.1638922542333603,1.2325862646102905,-1.6353955268859863,-1.1132466793060303,-2.0541844367980957,1.3588588237762451,0.7232837677001953,-1.88583242893219,0.09784562885761261,-1.216055989265442,0.4273785948753357,-0.3995448648929596,1.1045442819595337,0.4332541227340698,1.160368800163269,-1.174730658531189,-0.3473569452762604,0.3171570599079132,-0.13135327398777008,-0.7967270612716675,-0.03893734887242317,-1.1280174255371094,0.9123328328132629,1.2294559478759766
0.7002352476119995,-2.480604410171509,-0.1350511759519577,0.27050453424453735,-0.6803932189941406,-1.0130051374435425,-0.8583877086639404,0.7038105726242065,0.7859121561050415,-0.4687766134738922,0.6789790391921997,-1.5484572649002075,-0.2096782922744751,-1.0116634368896484,-0.9698218703269958,0.033951982855796814,0.8569127321243286,1.1341663599014282,-0.26166683435440063,-1.1088522672653198,1.4024955034255981,0.353482723236084,0.23731863498687744,-1.3468316793441772,1.6243600845336914,1.9561926126480103,-2.186540126800537,-0.7664451599121094,-0.7248659729957581,-0.33935603499412537,2.5314557552337646,-0.9526918530464172,-0.8962592482566833,1.013655424118042,-1.2627460956573486,1.5379507541656494,-0.9264557361602783,0.46262291073799133,1.1311495304107666,0.09401401877403259,-0.6788754463195801,-0.9734106063842773,-1.0691417455673218,0.9880223870277405,0.1922985464334488,-0.5440235137939453,-0.7584445476531982,-0.6593249440193176,1.754996657371521,0.8595181107521057,-0.16090424358844757,-0.5675138831138611,-0.6683146357536316,1.87931227684021,0.4124164879322052,-0.7182556986808777,-0.15268442034721375,-0.8902488350868225,-0.6244317293167114,-0.996903121471405,0.542324960231781,-1.2978214025497437,0.2283201664686203,0.5107966065406799,-0.029581448063254356
-0.3305891156196594,0.31025364995002747,0.37486693263053894,-1.1195491552352905,-2.3301289081573486,-1.2697056531906128,1.1957411766052246,-1.1454609632492065,0.003635479137301445,0.9985966682434082,0.47058355808258057,0.16987010836601257,0.713711142539978,0.06616652756929398,0.36383703351020813,-1.4979299306869507,1.3509379625320435,-1.8423293828964233,-0.6614212393760681,1.4987965822219849,-0.5897413492202759,-1.1967474222183228,0.5576555728912354,-0.12947626411914825,0.45981916785240173,1.8880257606506348,-0.0014548982726410031,2.1593525409698486,-0.21406717598438263,0.01858220249414444,-0.7905759811401367,-0.29056674242019653,2.206007719039917,0.015171563252806664,0.5791253447532654,0.2561131715774536,-2.3077189922332764,-0.6849275827407837,0.9974680542945862,-0.6443352699279785,0.772415041923523,-0.6968134641647339,1.2555654048919678,0.03730365261435509,-1.6938514709472656,0.8772311210632324,-1.2880525588989258,0.14345179498195648,-0.4224766194820404,0.15083539485931396,0.8759032487869263,-1.3129220008850098,-0.8546973466873169,0.7171748876571655,-0.157093808054924,1.040833830833435,-0.5621823072433472,-0.03185158222913742,0.5444705486297607,0.5414859056472778,-1.362852931022644,-0.8998465538024902,-1.1625202894210815,0.7514584064483643,0.021542437374591827
0.6655299067497253,-0.5486422181129456,-0.6935631632804871,0.07287649810314178,-0.4099159240722656,0.32144296169281006,0.3416096866130829,-0.5225446820259094,0.993562638759613,0.3980753719806671,-0.4386596381664276,0.33090174198150635,-0.2265152782201767,0.8732314705848694,-0.2163485586643219,1.6332757472991943,0.07384335249662399,0.9304504990577698,-1.7632049322128296,0.8536239266395569,-1.0164493322372437,-0.7750579714775085,0.4099764823913574,-0.5483840107917786,-1.1585837602615356,-0.1768130362033844,0.4083101451396942,0.975496768951416,0.7447802424430847,-1.7193377017974854,-1.2278316020965576,-1.1452642679214478,-0.07509405165910721,0.66817706823349,0.9722931385040283,0.8354378342628479,-0.4287528693675995,-0.7222280502319336,0.5508273839950562,-1.6414028406143188,1.30588960647583,1.2027204036712646,-2.457646369934082,-1.8790388107299805,0.0017439115326851606,1.0735623836517334,-0.7320839166641235,1.722910761833191,0.051384370774030685,-2.8260128498077393,0.6786254048347473,-1.081815481185913,0.9315444231033325,-1.501456379890442,0.833178699016571,2.199770212173462,-0.8949592709541321,-1.266476035118103,0.3187260329723358,-1.5257089138031006,1.3431531190872192,-1.2361822128295898,-0.2785757780075073,-1.0788352489471436,0.16859763860702515
-0.4621770977973938,0.4154893159866333,-0.2427283227443695,-0.22791296243667603,0.4730851650238037,-0.8577325344085693,1.2786840200424194,0.841407060623169,1.1479060649871826,0.11521711200475693,-1.570160150527954,0.1916792392730713,-0.6057105660438538,-1.2415920495986938,-0.6114295721054077,-2.2825098037719727,0.5629777312278748,-2.0056166648864746,0.27365854382514954,-1.3167221546173096,1.1809582710266113,1.225044846534729,-1.8506942987442017,0.7418089509010315,-1.718226432800293,1.3936101198196411,-0.2425287663936615,0.38812005519866943,0.6896262168884277,-1.4279099702835083,0.6036342978477478,-0.9863158464431763,0.5691614747047424,-0.8068238496780396,0.3526867926120758,-1.1172224283218384,-0.8153253793716431,-0.8610719442367554,-1.4973137378692627,1.585769534111023,-1.0333091020584106,-1.6542925834655762,0.5009995102882385,0.897731602191925,0.9643507599830627,1.5988473892211914,1.336313009262085,0.6667247414588928,-0.2830619812011719,1.5241583585739136,-1.445619821548462,1.1706534624099731,0.8059451580047607,-1.6471772193908691,-1.1457291841506958,0.7063862681388855,-0.1952340453863144,0.18305213749408722,0.6600723266601562,0.030220238491892815,0.1978083699941635,0.6238908767700195,1.5724551677703857,0.9306569695472717,-0.7175348997116089
-1.4482593536376953,2.7071945667266846,1.3032046556472778,-2.0513510704040527,-2.3593573570251465,1.655188798904419,0.762482762336731,2.6297974586486816,-0.8955225944519043,0.19531391561031342,-1.453723669052124,1.4405725002288818,0.03511982783675194,0.30530399084091187,-0.11137361079454422,-0.9884549975395203,-0.1957845836877823,0.6680899262428284,-0.3377324044704437,-0.9357233047485352,0.5210801959037781,-0.455133855342865,0.40254104137420654,0.13967935740947723,-0.8822914958000183,-0.07814143598079681,1.795992136001587,1.6618130207061768,0.394883394241333,-2.5168888568878174,0.2900882661342621,-0.40436670184135437,-0.2545902132987976,-0.9460141658782959,0.004679231438785791,1.3925994634628296,-0.4723890721797943,-0.6067150235176086,-1.1742624044418335,-1.7553404569625854,1.3534916639328003,1.9652475118637085,-1.0398513078689575,-1.1913138628005981,0.17490868270397186,2.009415626525879,1.0745298862457275,-0.9092596769332886,-0.8068669438362122,0.023605430498719215,0.8199027180671692,-0.8102424144744873,0.7601430416107178,0.7981656193733215,-0.09521115571260452,-0.2438989132642746,-0.944339394569397,1.990646243095398,3.64753794670105,-0.3519878089427948,-0.8088423013687134,2.541738986968994,1.1916747093200684,0.5692473649978638,-1.5870141983032227
0.4936402440071106,0.9009218811988831,-0.8656786680221558,0.7441325187683105,0.6287080645561218,-0.14019909501075745,0.5784076452255249,0.15494389832019806,-0.2366601675748825,1.425880789756775,0.9858731031417847,1.012101173400879,1.3372009992599487,-0.8688398003578186,0.17531996965408325,-0.8268542885780334,1.342914342880249,-0.6986064314842224,-2.1545779705047607,0.09964095801115036,-0.9192714095115662,-0.010488077998161316,0.6255847215652466,-1.1223220825195312,-0.9440043568611145,0.44176721572875977,1.065595269203186,0.06797133386135101,1.1455761194229126,-0.7081276774406433,-0.36192378401756287,-1.479886531829834,-1.7277153730392456,0.050959210842847824,0.048817090690135956,-0.3239436149597168,0.7801988124847412,-0.2884281575679779,0.38112872838974,-0.633484959602356,0.6380144357681274,0.15648432075977325,0.16751408576965332,-0.4524073600769043,1.7807080745697021,0.07275228947401047,-0.49045631289482117,-0.5498315095901489,1.2186551094055176,-1.0370467901229858,1.8528404235839844,-0.3991788327693939,-1.6283234357833862,-2.0721240043640137,0.9500750303268433,0.45786136388778687,1.0839753150939941,-0.3357430398464203,-0.9129059910774231,-0.39342930912971497,0.8028249144554138,0.7280806303024292,-0.7758894562721252,-0.6693654656410217,-0.032753441482782364
-0.008597573265433311,0.09966124594211578,-2.215841054916382,1.8163012266159058,-1.1772292852401733,-0.42469707131385803,0.7981433272361755,-1.4215643405914307,-2.414224863052368,1.0312937498092651,-0.35413801670074463,-0.034036751836538315,-0.06431438028812408,0.5863675475120544,-1.551364779472351,-1.7061086893081665,-0.6865836977958679,-1.2698829174041748,0.6442624926567078,-0.0086061405017972,0.270354300737381,-1.8407790660858154,-0.2221175581216812,0.7301262617111206,0.14338548481464386,0.5105802416801453,0.10578300803899765,-1.2832238674163818,-0.9357885718345642,0.2744227945804596,-0.24722683429718018,1.2622246742248535,-0.42746758460998535,0.6594654321670532,-1.2126169204711914,-1.238782525062561,-0.2452152669429779,1.958884358406067,0.296143114566803,0.582780659198761,0.1793268769979477,0.2815437614917755,0.9558358788490295,-0.5466715097427368,-0.6725519299507141,0.023898977786302567,-1.2852460145950317,-0.5644174218177795,-0.2212371528148651,1.2610255479812622,-0.7593446373939514,0.4185663163661957,0.7793561816215515,0.5480530261993408,-1.8459672927856445,0.7307707071304321,1.2088161706924438,-0.6462450623512268,1.3095289468765259,0.34397217631340027,-1.2402454614639282,-0.6033583283424377,0.13735999166965485,-0.4337272346019745,-2.754808187484741

Slice 32
0.32441985607147217,1.6087348461151123,-0.21514958143234253,-1.3434550762176514,-0.037553757429122925,0.4808906316757202,1.2056421041488647,0.9105621576309204,0.6340140700340271,1.5267548561096191,0.7313792109489441,1.519222378730774,0.33279138803482056,-1.02003812789917,0.0868685320019722,-0.7482790946960449,0.5602460503578186,0.7152635455131531,-0.430892676115036,-0.5390514135360718,0.030588600784540176,0.5765737295150757,1.0899513959884644,-0.774778425693512,1.1007109880447388,-0.420635461807251,0.5751785039901733,-1.4065662622451782,0.18500371277332306,-1.001111388206482,1.0671557188034058,0.26062485575675964,1.818956732749939,-0.8811215758323669,0.59626305103302,0.22586193680763245,1.40830397605896,-0.1903540939092636,1.371071457862854,-0.6439420580863953,-0.36260777711868286,1.79300057888031,-1.405975103378296,-1.2771533727645874,0.5563629865646362,1.3987889289855957,1.2385200262069702,-2.3898508548736572,-0.02056441828608513,0.4101787209510803,1.0927009582519531,1.6268051862716675,0.648003339767456,0.81651371717453,0.7103392481803894,0.4548737108707428,-2.004512071609497,-0.7424788475036621,1.606892704963684,-0.9695546627044678,-0.19572937488555908,-0.6742028594017029,0.7354745864868164,1.4250438213348389,0.6845985651016235
0.1288963407278061,0.1435091197490692,1.2196974754333496,-0.7094643712043762,0.9560748934745789,-0.10775782912969589,-0.6897332072257996,1.0388904809951782,-0.394056499004364,0.6902172565460205,1.9486387968063354,1.3559376001358032,0.12977194786071777,1.618593692779541,-0.31119340658187866,-1.2562161684036255,-0.4737483561038971,2.0328917503356934,-0.5946914553642273,-0.6412387490272522,-1.0726193189620972,0.10143711417913437,-0.7011433839797974,-0.00980597734451294,1.8882818222045898,-1.3694525957107544,-1.7302682399749756,-1.1720317602157593,1.6385138034820557,-0.08881917595863342,-0.11311838775873184,0.5025568604469299,0.49329641461372375,-1.3999004364013672,-1.6811444759368896,-0.41327473521232605,0.5320755243301392,1.0987495183944702,-1.02519690990448,0.2292327582836151,0.34927794337272644,0.6519373059272766,0.22930912673473358,-0.4417206048965454,0.6266047954559326,0.15703365206718445,2.1817989349365234,0.6540279388427734,0.8204950094223022,-0.36906376481056213,-1.4694023132324219,1.363098382949829,0.7158197164535522,0.7378630042076111,0.7124677896499634,1.126743197441101,-1.0359020233154297,-0.7009877562522888,-1.1890244483947754,-1.707794189453125,-1.3161911964416504,-1.4386396408081055,0.9932942390441895,0.1360113024711609,0.6884622573852539
0.0397324338555336,-1.7246465682983398,-1.3696516752243042,-1.241994023323059,0.8692786693572998,-1.485397458076477,-0.46266302466392517,0.39224159717559814,0.7807510495185852,0.2279893159866333,1.3373528718948364,-1.0799790620803833,0.3525159955024719,0.44800248742103577,1.3082529306411743,1.6968954801559448,-1.3218348026275635,-0.8551446199417114,0.10541272163391113,-1.5335007905960083,0.1212911456823349,-0.7356587648391724,0.4048883020877838,-1.0194315910339355,-0.02352655492722988,-0.242723286151886,0.37887197732925415,-0.9032614231109619,1.889320969581604,1.784346580505371,0.46738576889038086,-0.5810403823852539,-0.7955595850944519,0.18763266503810883,0.12190333753824234,-0.290759801864624,1.3277575969696045,0.5365970730781555,1.096903681755066,-0.02785363234579563,2.666022777557373,-0.17064708471298218,-0.9535772800445557,0.12105468660593033,-1.2014168500900269,1.771950602531433,-0.5189416408538818,-0.27182111144065857,0.7600387930870056,-0.5128027200698853,1.0320990085601807,-0.2399529069662094,-0.8594517707824707,-0.7593293786048889,0.38444408774375916,1.4205840826034546,-0.07002627849578857,-0.7576757669448853,0.3453900218009949,1.2661828994750977,1.2541983127593994,-0.5883210897445679,0.014016592875123024,-0.44678208231925964,0.3730333745479584
-0.1572238653898239,0.40261000394821167,-0.4119448661804199,-1.2256221771240234,1.456496000289917,1.2889933586120605,-0.942738950252533,-0.329123318195343,1.325080394744873,1.4052190780639648,0.8213865160942078,0.12389092147350311,0.6872797608375549,2.6300301551818848,-1.0865318775177002,0.26528698205947876,0.04868258908390999,-1.3118373155593872,-1.4029157161712646,0.030359089374542236,-1.4449104070663452,-1.4489798545837402,-0.5062165856361389,0.16213847696781158,1.198797345161438,1.632677674293518,1.6589174270629883,-2.1841602325439453,0.44604209065437317,0.7945249080657959,-0.15733987092971802,-0.40811076760292053,-1.869655966758728,0.6352505087852478,1.4070767164230347,-0.2266431301832199,0.742920994758606,-0.02623019553720951,-0.7913225889205933,-0.9581146836280823,2.1155567169189453,-0.35590606927871704,0.741127610206604,-0.5590214729309082,0.298638254404068,0.9460606575012207,-0.5241180658340454,0.661156177520752,0.4277230501174927,-1.6086534261703491,1.0096768140792847,-1.0226554870605469,-0.8698068261146545,0.14962875843048096,-1.3012362718582153,-0.5929414629936218,0.6195933222770691,-0.9894446134567261,-0.45665624737739563,-0.25565627217292786,-0.7896345257759094,-0.38868793845176697,-1.1048599481582642,-0.3000069856643677,-0.21399545669555664
-1.3042727708816528,0.3700881898403168,0.8274988532066345,0.22764505445957184,-0.3940887749195099,0.2233714461326599,-1.5127044916152954,-0.2019658237695694,-0.7794601917266846,0.685578465461731,0.7912889719009399,1.8270343542099,-0.9100983738899231,1.8255397081375122,-1.183929443359375,0.5069808959960938,0.35536959767341614,0.7607762217521667,1.3629262447357178,-2.8956058025360107,-0.8721235990524292,-1.9789326190948486,0.39095374941825867,1.1738449335098267,0.680172860622406,1.1029093265533447,0.8013371229171753,0.7959958910942078,-0.6320630311965942,0.5774570107460022,-0.24990734457969666,1.125823736190796,-0.5214661955833435,-0.2037903368473053,0.00015417049871757627,-1.8772915601730347,1.5829358100891113,-1.322704792022705,-1.3892902135849,0.7909639477729797,0.7476272583007812,0.23181180655956268,1.099503993988037,-0.38268357515335083,0.861600935459137,-0.6894890069961548,-0.45073869824409485,-0.8510929942131042,1.4998325109481812,-1.2524306774139404,-0.671928346157074,0.05963308736681938,-2.2175493240356445,-1.3906110525131226,-0.422345370054245,-0.3222014605998993,-0.9450948238372803,-0.9263775944709778,0.24009135365486145,-0.7601407170295715,-0.0826878547668457,0.3530411720275879,1.0310909748077393,0.9058600664138794,1.3148831129074097
-1.3958494663238525,0.0497664138674736,-1.4386165142059326,-0.01629449427127838,1.9972772598266602,1.8581804037094116,0.09142453223466873,-2.3001644611358643,0.6195487976074219,0.16921599209308624,-1.3601372241973877,-0.6819000244140625,-0.0958070456981659,0.45302480459213257,0.316647469997406,-0.6312471628189087,-0.04988502711057663,-2.2601065635681152,1.1003594398498535,-0.1954861432313919,-0.7572349905967712,0.9866952300071716,-0.8026773929595947,1.9389773607254028,-1.0530980825424194,0.3911918103694916,-0.6598958969116211,-0.08488363772630692,-0.08851221203804016,0.8558759093284607,-0.613690972328186,1.5766854286193848,1.6269046068191528,-0.326829195022583,1.9143080711364746,0.8566361665725708,0.11096498370170593,0.5267482399940491,1.2146334648132324,0.4986429214477539,0.6159581542015076,1.255070686340332,1.8883605003356934,0.5075194835662842,-0.30071213841438293,-2.1850855350494385,0.11853732168674469,-0.7787718176841736,-0.6995283961296082,0.18572041392326355,-0.5554977059364319,-1.387129545211792,-0.3487297594547272,0.3983156681060791,0.3537093698978424,-1.4140727519989014,-1.1411004066467285,-0.24689412117004395,0.10046762973070145,-0.29452821612358093,1.0069324970245361,1.1620832681655884,-1.4176162481307983,1.414185643196106,-1.1622235774993896
-0.11452459543943405,0.7784773111343384,2.0642919540405273,-1.2235746383666992,-0.44590333104133606,-0.7666754722595215,-0.07771036773920059,0.18573878705501556,0.3854035437107086,-0.620510995388031,-0.6872800588607788,0.3374049663543701,-2.0197198390960693,0.935552716255188,-0.8490127325057983,0.37274089455604553,-0.4691855013370514,-1.2177848815917969,0.19520753622055054,-0.21904511749744415,-0.9465747475624084,-0.7891936302185059,-0.3909403085708618,-1.1578909158706665,0.5694210529327393,-1.217587947845459,0.507344126701355,-0.6329675316810608,0.9770890474319458,-0.03191295638680458,0.349064439535141,-1.335918664932251,1.1238411664962769,1.219688892364502,0.6406534910202026,-0.9889202117919922,-1.8636130094528198,-0.21975944936275482,0.77851802110672,-0.030418045818805695,-0.6887258291244507,-1.0598279237747192,0.1669050008058548,-0.46718454360961914,1.1859856843948364,1.0283979177474976,0.1261608749628067,-0.2515816390514374,-0.4785352051258087,0.9535828828811646,0.7928639650344849,1.212766170501709,1.480042815208435,-0.34464192390441895,-1.1561579704284668,2.2807228565216064,0.3148200809955597,0.4882071614265442,2.0619804859161377,1.025442361831665,0.0058913868851959705,0.9363620281219482,-1.117750883102417,0.19419720768928528,0.9985092282295227
0.5323136448860168,0.36645954847335815,0.003568754531443119,2.224621534347534,0.6700009703636169,-0.8197590708732605,-0.23048672080039978,-0.24111700057983398,1.5178145170211792,-0.015065178275108337,0.07230663299560547,0.43247926235198975,-0.2782304883003235,-0.3280288279056549,-1.2634626626968384,-0.395865261554718,-0.31199225783348083,0.5393985509872437,-0.4715343117713928,-0.19041220843791962,-0.26784417033195496,0.7544754147529602,1.3260860443115234,-0.7505069375038147,0.47245359420776367,-0.6046150922775269,1.2004843950271606,1.068171501159668,1.2661943435668945,1.8136414289474487,1.3475418090820312,0.44300413131713867,-0.02915867604315281,0.5334568023681641,0.6074106693267822,-0.41024351119995117,-0.18312056362628937,2.457618236541748,0.489010214805603,-1.9555779695510864,0.5066508650779724,0.40958476066589355,-1.203791856765747,0.9580375552177429,-1.473548173904419,1.2184643745422363,0.5262024402618408,-1.5922632217407227,-0.9466550350189209,-0.607548177242279,2.137608051300049,-2.068898916244507,-0.20201706886291504,0.6396237015724182,1.7249778509140015,-0.6389486193656921,0.2603044807910919,-0.1238698735833168,-0.23595860600471497,1.2143408060073853,-0.7041438817977905,-0.9486231803894043,2.206813335418701,-0.7150930166244507,0.6922925710678101
-0.709199845790863,-1.2442655563354492,-0.4017295241355896,-0.5575668215751648,1.5172771215438843,0.22809858620166779,0.059734098613262177,0.21329361200332642,0.6572932600975037,-0.888090968132019,1.3026129007339478,0.6507391929626465,1.0466328859329224,1.0228171348571777,1.419236421585083,0.15885323286056519,0.6107984185218811,0.043298471719026566,-0.8061681389808655,-1.1975220441818237,1.647497534751892,-1.6009422540664673,-0.03302312269806862,0.653897762298584,0.4570208787918091,-0.547720193862915,-0.5897411704063416,-0.2501806318759918,0.9961848258972168,-1.408499836921692,-0.8609545230865479,-1.8381348848342896,-1.484877586364746,0.45908138155937195,1.0847135782241821,-1.1275346279144287,0.18799108266830444,0.7594663500785828,-1.0748122930526733,-1.7446188926696777,0.5306441783905029,-1.5900487899780273,1.7267398834228516,-0.3252865672111511,0.448872834444046,0.5356293320655823,-0.7127895355224609,-0.7609302997589111,-1.0664680004119873,-0.3616304099559784,-0.185353085398674,0.3424730896949768,0.4271661937236786,0.9776921272277832,0.17893065512180328,0.39476728439331055,-0.38886401057243347,0.07944980263710022,-0.7738739848136902,-0.07045948505401611,-1.1748085021972656,0.8005130887031555,-0.17034487426280975,-0.26720738410949707,-1.0825843811035156
-1.7688921689987183,1.0125024318695068,-0.9837539792060852,0.4797045588493347,1.1144170761108398,-0.40626201033592224,-1.8077881336212158,0.21626903116703033,0.4663670063018799,0.2525011897087097,1.5331836938858032,0.5556985139846802,0.8527069091796875,-0.6248970031738281,-0.8000825047492981,0.8940277695655823,-2.1862049102783203,0.630001425743103,0.029422497376799583,1.56024169921875,0.30754590034484863,-0.8625146150588989,1.0668246746063232,-1.524536371231079,0.36653757095336914,0.218760147690773,-0.09668782353401184,0.33267098665237427,-0.48840436339378357,0.924754798412323,-1.9177281856536865,0.8295413851737976,-0.24660977721214294,-1.4316643476486206,-0.10496265441179276,-1.1818958520889282,1.0192317962646484,0.3677397668361664,-1.2732585668563843,-0.23749327659606934,0.20344440639019012,0.050401151180267334,-1.106328010559082,-2.3787472248077393,-1.4631901979446411,-0.111097052693367,0.8127753734588623,-0.36450833082199097,1.6799672842025757,-0.5740546584129333,1.454986810684204,-0.8395885825157166,-0.052835751324892044,-1.4858732223510742,-0.10489386320114136,0.286476194858551,-0.023624131456017494,1.24257230758667,0.29450130462646484,-0.12497968971729279,-0.06987059861421585,1.1236687898635864,1.4122287034988403,-1.0585867166519165,0.8958839774131775

Slice 33
-1.268937110900879,0.5613968968391418,-0.10448860377073288,-1.3051156997680664,-0.6640994548797607,0.3853302299976349,-0.09869730472564697,-1.0416779518127441,1.0867719650268555,-0.9965326189994812,-1.0411101579666138,-1.0893522500991821,0.7005430459976196,-1.0831983089447021,-1.3197040557861328,0.9117704033851624,-1.163083553314209,-1.3507440090179443,-0.002888624556362629,-0.8248295783996582,1.507317304611206,-1.389439344406128,-0.48776984214782715,1.679052472114563,-0.003563409438356757,-1.315518856048584,0.27668634057044983,-0.9038408398628235,1.1298089027404785,-0.5349078178405762,-1.7412892580032349,1.493792176246643,-1.3256182670593262,0.32608288526535034,2.672851324081421,1.5318738222122192,-0.04013720154762268,1.8248099088668823,1.5381215810775757,0.9201957583427429,-1.632348656654358,-0.2263234555721283,-1.896859884262085,-1.6108341217041016,-0.7914137244224548,-1.7565250396728516,0.5850224494934082,-0.17930589616298676,-0.5595589876174927,-0.001953225117176771,0.7810772657394409,0.29725703597068787,-0.2739669680595398,1.4773796796798706,1.7241697311401367,-0.6206499934196472,-0.4428168535232544,0.8733841776847839,-1.2245197296142578,-1.5758613348007202,-0.34579670429229736,0.8255016207695007,-0.05157577618956566,-1.6441919803619385,-0.1749056726694107
0.4106605052947998,-0.7392635345458984,1.0034265518188477,0.7453002333641052,-0.9586208462715149,-0.4280008375644684,1.7810450792312622,0.5891562700271606,0.5672346353530884,0.802432119846344,-1.218094825744629,-0.23672930896282196,-0.36711442470550537,-0.06661101430654526,0.7985514402389526,-0.5247892141342163,-1.5170433521270752,-0.45679500699043274,-1.394588828086853,1.265480399131775,-0.26407891511917114,-1.5662420988082886,-0.8688018321990967,-0.0524364672601223,-1.1562769412994385,-0.37371280789375305,-0.2914867103099823,0.3887016773223877,-0.6256966590881348,0.9086576104164124,-0.1711258739233017,0.09304345399141312,1.5043540000915527,1.4532142877578735,-0.4066920876502991,1.0139567852020264,-0.5672858953475952,0.3167090117931366,0.4504280984401703,-1.8953341245651245,-0.4649205207824707,-1.8561320304870605,1.346682071685791,0.7334679365158081,-0.49324044585227966,0.09713415056467056,1.3135075569152832,0.6869582533836365,-0.9236330986022949,-1.0376394987106323,-1.1436843872070312,-0.1425609290599823,-0.02383602224290371,1.7884472608566284,-0.5633981823921204,-0.10428571701049805,0.03821643441915512,-0.6677698493003845,-1.5620516538619995,-0.06597105413675308,-1.589691400527954,-1.1434190273284912,0.349776029586792,-0.1867983639240265,0.7192546725273132
0.5918709635734558,0.6457066535949707,-0.22734493017196655,0.09617450088262558,1.879299283027649,2.0955147743225098,-0.8652486801147461,-0.756669282913208,1.2004023790359497,0.0005131402285769582,0.7071097493171692,0.25118857622146606,0.7049697637557983,0.4295913279056549,0.7040218710899353,0.657537043094635,-0.25314316153526306,-0.852141261100769,1.4742311239242554,0.8917570114135742,-0.09737494587898254,0.3518681824207306,0.8099015951156616,0.7502721548080444,2.386981964111328,-0.5013366937637329,0.5193278789520264,-0.6182993054389954,1.3187278509140015,0.845806360244751,1.5955487489700317,-0.2909593880176544,1.4024678468704224,-2.5068678855895996,-0.6414009928703308,1.9627513885498047,-0.08066157251596451,0.8158051371574402,0.4415593445301056,0.7109386324882507,1.2264851331710815,-0.5581177473068237,-0.5021753907203674,-0.22824880480766296,-0.7210145592689514,-0.5316632390022278,-0.18216146528720856,-0.2629040479660034,0.9411981105804443,-1.248095154762268,0.6557034850120544,0.0007609189487993717,-0.3119008541107178,0.4286026954650879,-0.2301723212003708,0.2799767553806305,-1.0423582792282104,-0.08489610254764557,0.5364401936531067,-0.31088757514953613,1.2910021543502808,0.3693196475505829,0.26870793104171753,1.9599226713180542,0.6673030853271484
0.2890375256538391,0.6361598968505859,-0.308711975812912,0.9397406578063965,-0.7257068157196045,-2.1963086128234863,-0.30827316641807556,-1.0330694913864136,0.10110454261302948,-0.635756254196167,1.18342924118042,-0.3309006690979004,0.5297535061836243,-0.57568359375,1.5725305080413818,0.7816947102546692,-0.13678351044654846,0.14440593123435974,-1.2722430229187012,-0.11483080685138702,-2.278571605682373,0.32248711585998535,0.03273530676960945,-1.0840682983398438,-1.2288686037063599,-1.2906574010849,0.5474063754081726,0.036561306565999985,0.7369449734687805,-0.7111362814903259,-0.3469570279121399,0.501669704914093,-1.4163271188735962,1.0981802940368652,1.3081344366073608,-0.9997251033782959,-0.4001000225543976,-0.06652897596359253,-2.7008817195892334,-0.9377605319023132,0.5596277713775635,-1.5615556240081787,-1.131926417350769,0.16045886278152466,-0.18579134345054626,0.3955884575843811,-0.21222326159477234,-0.20649580657482147,-0.09732326865196228,-0.8777310848236084,0.28049346804618835,-0.20118723809719086,-0.6008176803588867,-1.769630789756775,-0.3647712767124176,1.1001369953155518,1.6406669616699219,0.6594833135604858,1.088944435119629,0.1414269208908081,0.8704253435134888,0.168704554438591,0.4119430482387543,0.9378313422203064,1.3855291604995728
-1.41419517993927,-0.39524462819099426,-0.4900656044483185,0.9079605937004089,-0.43434393405914307,1.6209014654159546,1.3387140035629272,-0.2134968638420105,-1.2344295978546143,1.124394416809082,-1.5451942682266235,0.9088132381439209,-1.360447883605957,0.6245372891426086,0.34140545129776,0.1977325826883316,-0.7515053749084473,2.5328855514526367,1.3873709440231323,0.43947046995162964,0.7328364849090576,-0.23708365857601166,-0.4270491600036621,-0.5309198498725891,0.019667908549308777,2.306548595428467,-0.6907544136047363,-0.5912257432937622,-0.3040727376937866,0.9593184590339661,0.19659818708896637,-0.4410884976387024,0.6637804508209229,-0.5329939126968384,-0.8801918029785156,0.24635277688503265,0.4529493451118469,0.37606966495513916,1.0695791244506836,0.3740941286087036,-0.22865620255470276,0.47134894132614136,0.4787558615207672,0.7696741819381714,2.054767608642578,-0.3671477138996124,-1.317988395690918,-1.412257432937622,-0.09235239773988724,0.8185657858848572,-0.4266868829727173,-0.933318018913269,-2.305690050125122,1.8043112754821777,-1.2650783061981201,1.0428435802459717,-0.4226587116718292,-0.761597752571106,0.6545807123184204,-0.545436441898346,-0.2693617343902588,1.2382198572158813,-1.1161442995071411,-0.11262979358434677,-0.14066246151924133
-1.324923038482666,0.28611281514167786,0.9235459566116333,0.6907703280448914,-0.0051856860518455505,-1.2235093116760254,1.6091456413269043,1.0439573526382446,-1.6818636655807495,0.09256260097026825,1.1637076139450073,-0.2834567129611969,-0.2812994718551636,0.6528591513633728,-0.6393718123435974,-0.22553293406963348,0.6256459355354309,0.7005124092102051,-0.20524293184280396,0.2497621327638626,-1.0808194875717163,1.0289150476455688,1.1657798290252686,-1.6978652477264404,0.6586182713508606,-0.13963410258293152,1.5012916326522827,0.9285126328468323,0.10287968069314957,-1.1621592044830322,-0.30306023359298706,0.20246915519237518,0.3455069363117218,0.24326053261756897,-0.7996646761894226,0.03010147623717785,-0.07469914853572845,0.7646599411964417,-0.30544325709342957,-1.9645992517471313,-0.2832026183605194,-0.699321985244751,0.9753063917160034,0.36690425872802734,0.7010682225227356,0.9899502396583557,0.39145511388778687,-0.6528633832931519,-0.6150373220443726,1.104792833328247,-1.9968836307525635,0.25013965368270874,-1.046377420425415,-1.083473801612854,1.7409985065460205,1.3715972900390625,0.1972600221633911,1.6253188848495483,-0.5650712847709656,-0.2920752167701721,-0.6751094460487366,-0.08533704280853271,-0.3924402594566345,-1.4930534362792969,-0.5147703886032104
0.12449773401021957,-0.38739967346191406,-0.05634589120745659,-1.2357021570205688,-1.6960326433181763,0.04229548200964928,-0.9993308186531067,-1.1931049823760986,-0.35729846358299255,-1.109236478805542,-0.2293870747089386,0.29685693979263306,0.7359514832496643,-0.3941628932952881,-0.5073064565658569,2.11629056930542,0.32524967193603516,1.4241613149642944,-0.48224881291389465,-1.5456691980361938,0.5733497738838196,-0.7836962342262268,-1.7480690479278564,0.6831305623054504,-1.3544466495513916,0.3604203760623932,0.5319046974182129,-0.3122474253177643,0.691342294216156,1.3490409851074219,-0.53172367811203,-1.4231797456741333,-0.14415131509304047,0.1203022450208664,-0.05873996764421463,0.6267512440681458,0.6528411507606506,-1.551089882850647,-0.6533284783363342,-0.3605386018753052,-0.10120166838169098,0.8615419268608093,-0.0609903559088707,-0.003209406975656748,0.1892625242471695,-1.1117783784866333,-1.449634313583374,-0.29251396656036377,0.35635751485824585,0.7290092706680298,1.3659827709197998,0.8743658661842346,0.1618511974811554,-1.2685357332229614,-0.5914593935012817,0.9821560978889465,-0.3910551965236664,-0.634343147277832,1.1700719594955444,0.8563219904899597,0.24270139634609222,-0.3297167718410492,2.4480020999908447,-0.4065391421318054,0.8906672596931458
0.5534693598747253,1.0564117431640625,-2.4235119819641113,-1.3924140930175781,1.0542347431182861,0.21023663878440857,0.31634074449539185,0.9274136424064636,0.24662157893180847,-0.4756692349910736,-1.2178888320922852,-0.3701368570327759,1.4510289430618286,1.082778811454773,-1.3060070276260376,-0.45366623997688293,0.8777838349342346,-0.9959424138069153,-0.19076760113239288,0.5790868997573853,0.19637981057167053,-0.25722721219062805,-0.586220920085907,-0.5751681327819824,0.8756170868873596,-1.205626368522644,-0.3753219246864319,0.08627422899007797,0.1630820333957672,-1.613280177116394,0.26410359144210815,-1.1506712436676025,-1.3007229566574097,1.0199928283691406,0.63419109582901,-0.6661370992660522,0.5253037214279175,-0.9550914764404297,0.017291773110628128,-1.2501578330993652,0.8505678772926331,-1.259165644645691,-0.2346995621919632,0.568185031414032,0.3308688998222351,0.3320111334323883,0.2241056114435196,1.2690526247024536,-0.7718123197555542,-1.9864957332611084,-0.5726261138916016,1.4309200048446655,-0.820898175239563,-1.1075493097305298,-0.9559776186943054,0.9839082956314087,-0.7859283685684204,-2.000864028930664,-0.7248822450637817,0.5252769589424133,0.7743943333625793,2.015204429626465,0.7688586115837097,0.831436038017273,1.3649588823318481
0.8093637228012085,-0.13134917616844177,-1.4336239099502563,-0.03420722857117653,0.3189459443092346,-2.1277084350585938,-1.013106107711792,1.4065314531326294,0.39776453375816345,0.37688589096069336,0.6114139556884766,-0.44761815667152405,0.6854388117790222,1.143040418624878,-0.04141005128622055,1.2924963235855103,-0.6051082611083984,0.3657444417476654,-1.4994382858276367,0.8203489780426025,-0.1078091561794281,-1.1626369953155518,-1.118882656097412,-0.29504111409187317,-0.9055426120758057,-1.0669916868209839,-2.0350379943847656,1.5021111965179443,0.908415675163269,1.0468167066574097,0.7863702774047852,-0.2153758704662323,-0.07238562405109406,-0.739483654499054,0.021332764998078346,0.290203332901001,-2.442016839981079,-0.4952443540096283,-2.288022041320801,-0.7160181999206543,1.209027886390686,-0.36036399006843567,1.3539166450500488,0.23506125807762146,-0.7821180820465088,0.24713118374347687,-0.4637061357498169,1.2722983360290527,-1.3551191091537476,1.0903562307357788,1.7610007524490356,-0.41564610600471497,0.04673665389418602,-2.4537763595581055,0.6021717190742493,-0.833869218826294,0.819322407245636,-0.0905412957072258,1.2910091876983643,2.136518716812134,-1.0287543535232544,-1.3090144395828247,2.502218008041382,0.29090359807014465,1.2373887300491333
2.1228108406066895,-3.1233952045440674,-0.9552037119865417,-0.34625929594039917,-2.3066964149475098,-0.8650190234184265,1.7292317152023315,0.5770770907402039,0.8976140022277832,0.6858096122741699,-1.0190024375915527,-1.2051334381103516,-0.763603150844574,1.5491210222244263,-1.1293073892593384,0.3041779100894928,-0.8860571384429932,0.8481786251068115,-2.2249302864074707,-1.6274025440216064,-0.6960820555686951,-0.875586748123169,0.9872788190841675,1.3696322441101074,-1.372074007987976,-1.8917168378829956,0.6288760900497437,2.1325442790985107,-0.1875753402709961,-0.2253449708223343,1.667875051498413,-1.370351791381836,0.4611404538154602,0.49728766083717346,-0.43476152420043945,-0.38610097765922546,0.8793913722038269,-0.7822988629341125,-0.9861351251602173,0.7809147834777832,1.5355502367019653,0.7401716113090515,-0.09882315248250961,-0.48818355798721313,1.0164105892181396,0.6248959302902222,1.3302559852600098,1.5527702569961548,0.7857622504234314,-0.9160980582237244,-0.11361091583967209,1.0200401544570923,-2.56699275970459,1.4721996784210205,-0.19757910072803497,1.1037474870681763,-0.052505116909742355,0.32772406935691833,-1.3805747032165527,-0.18508003652095795,-0.6858108639717102,-2.333969831466675,-0.8516791462898254,0.6425542235374451,0.27488914132118225

Slice 34
-1.6369761228561401,0.09575370699167252,-0.559526264667511,-1.0264804363250732,0.12928488850593567,-0.11147026717662811,0.2621220648288727,-0.14107069373130798,-0.5658853054046631,-1.6337939500808716,-0.6418483257293701,-0.21679234504699707,0.6584489345550537,-0.3515806496143341,0.7913737297058105,0.9012256860733032,-0.3835766911506653,-1.0585064888000488,-0.8645969033241272,0.08055827021598816,-0.6611186861991882,0.6263708472251892,0.01866769790649414,0.216043621301651,-0.6088008880615234,-0.29474130272865295,-0.43730679154396057,-0.4353361129760742,-0.004747231025248766,-0.6193629503250122,-0.2682219445705414,0.4129401743412018,-0.41460466384887695,0.17834709584712982,0.665925145149231,-0.3818244934082031,0.1335144191980362,0.18704332411289215,-0.6693666577339172,-0.4952300488948822,1.8559207916259766,-0.018559986725449562,0.024801867082715034,0.10121046006679535,0.4865207374095917,-1.2277308702468872,-0.5936374664306641,1.4581502676010132,0.5052709579467773,0.000462113821413368,0.4069669842720032,0.8035768866539001,-0.6503694653511047,-0.45307210087776184,0.31375694274902344,-1.1763174533843994,-0.59034264087677,0.5037437677383423,-0.39928802847862244,-0.40979352593421936,-1.095268964767456,0.7344949245452881,-1.03371262550354,0.7566490769386292,-0.06258760392665863
1.141724944114685,-2.3326573371887207,-1.0730767250061035,-0.6043332815170288,-0.906635046005249,-0.6561543345451355,-0.7818184494972229,-1.2628798484802246,0.10048722475767136,-1.0187441110610962,0.12637917697429657,0.5836114883422852,-0.09441569447517395,-0.36051756143569946,0.9181628823280334,-0.2879924774169922,0.025288060307502747,-0.1968761682510376,-0.7840595245361328,0.1548197716474533,0.46745020151138306,0.7214915156364441,-0.4546797275543213,0.8103726506233215,-1.0225811004638672,0.3430115580558777,-0.262477308511734,-1.4702988862991333,-0.09398181736469269,-0.18790526688098907,0.9642510414123535,1.5675058364868164,-0.043437667191028595,-1.2164677381515503,-0.35732007026672363,-0.04018695652484894,-1.6975257396697998,-1.2456821203231812,0.029498927295207977,-0.3091404139995575,-1.057916283607483,-2.870490789413452,-0.25669941306114197,0.13722941279411316,-0.5487533211708069,-0.00749346986413002,-0.7765058279037476,-0.6345804333686829,-0.7918562293052673,-0.5309709906578064,0.09051546454429626,-1.290155053138733,-0.6848278045654297,0.029468271881341934,-0.02571333944797516,0.14858998358249664,-0.39507827162742615,-0.049861617386341095,0.5275495052337646,0.27487900853157043,-0.9504700303077698,0.40967869758605957,0.6335521340370178,-0.35881608724594116,0.48835495114326477
-0.4263134002685547,1.2687451839447021,-0.5630062818527222,1.3892854452133179,0.3573693037033081,-0.4327997863292694,-0.6687787175178528,0.6473062634468079,0.7028634548187256,0.76598060131073,-0.5554037690162659,-1.0104740858078003,-0.9173072576522827,0.160326287150383,-0.32689550518989563,0.5837864279747009,-0.20950493216514587,0.5224969983100891,0.4748106598854065,-0.3577301800251007,-0.7548381686210632,-0.10679891705513,-1.089094638824463,0.006729894783347845,2.102875232696533,0.24610845744609833,-0.4286646544933319,-0.0152541259303689,-2.5228450298309326,0.4530147612094879,-0.2782672047615051,-0.4445568919181824,-0.08602773398160934,-0.09447357058525085,-0.982626736164093,-1.2280782461166382,0.7901899218559265,-0.6644730567932129,0.37426355481147766,0.32554006576538086,-0.20488762855529785,0.7839718461036682,-0.7102487683296204,0.4365153908729553,-1.059436321258545,0.6016222238540649,-0.5901004672050476,-0.2872612476348877,-0.5910816788673401,-1.3982032537460327,-0.3962109386920929,0.801045298576355,0.6228295564651489,0.1733688861131668,-0.3470161557197571,1.100812315940857,1.5466700792312622,-0.09395965933799744,-0.695037841796875,-0.5308771133422852,1.1858464479446411,0.4276049733161926,0.5679966807365417,-0.6955920457839966,-0.5781881213188171
1.6864739656448364,-0.5698713064193726,0.336711585521698,-0.17181047797203064,-0.22487860918045044,-0.1600974202156067,0.24725326895713806,0.6124400496482849,0.6866616606712341,0.6676599979400635,1.8975929021835327,1.4429125785827637,0.2803393304347992,0.43523937463760376,0.3092289865016937,-1.1226671934127808,1.9968184232711792,-0.6722859144210815,-0.028588972985744476,0.7498869299888611,1.3556249141693115,-0.26911431550979614,0.14037707448005676,0.49458882212638855,2.0083167552948,0.2919602394104004,0.6238070726394653,1.5647341012954712,0.1846168488264084,0.09139401465654373,-0.08019000291824341,1.0214715003967285,-1.5127824544906616,-0.17516876757144928,0.9354005455970764,0.10503088682889938,0.9182111620903015,0.9763597846031189,1.6426541805267334,-0.1974063366651535,-1.1078870296478271,-0.09035984426736832,-1.119080662727356,-0.13298118114471436,1.0307282209396362,0.4930866062641144,0.16230730712413788,0.20904669165611267,1.779423475265503,-0.5796601176261902,0.6500419974327087,0.39996659755706787,-0.3682149350643158,1.1803276538848877,0.6115763783454895,1.614928960800171,0.9600068926811218,-0.8305625319480896,-0.6094810962677002,-0.14840012788772583,0.47543951869010925,0.23682838678359985,-0.17400884628295898,-0.12970711290836334,-0.6925761103630066
-0.6100198030471802,-0.5636404752731323,1.0899614095687866,-1.115632176399231,0.9371311068534851,-0.3218911588191986,1.0091806650161743,0.4210387170314789,-1.0714318752288818,-0.7274255156517029,1.3753077983856201,-0.6685322523117065,-0.4916115999221802,-0.8209534883499146,0.5104044079780579,-0.3937263488769531,-0.09481614083051682,0.2199813574552536,-0.750432550907135,-0.8570306897163391,-0.5865388512611389,-0.6455865502357483,-0.04021313041448593,-1.481042504310608,0.6585370898246765,0.6376867890357971,-1.4421006441116333,-0.6696712970733643,0.014536073431372643,0.555732786655426,0.015320729464292526,0.3883233368396759,-1.3330557346343994,-0.7823889255523682,-0.6622544527053833,-0.49531635642051697,-1.2454919815063477,0.36336764693260193,-1.0510669946670532,-1.4396679401397705,-0.2194332331418991,-2.1836636066436768,0.09359123557806015,-1.3227026462554932,-0.1434236764907837,0.6106037497520447,-1.1658912897109985,0.11976161599159241,-0.004311768338084221,0.2507134675979614,0.33941149711608887,-0.32076671719551086,1.6438547372817993,0.19462630152702332,0.7873417139053345,-0.34220412373542786,0.03774974122643471,0.6028671860694885,0.6381270289421082,0.3093666732311249,-0.470036119222641,-2.1318230628967285,0.7402029037475586,0.6237511038780212,-0.3647463321685791
-1.0215989351272583,-0.1070079654455185,-0.9562846422195435,-0.6912007927894592,-0.5772912502288818,1.8771687746047974,-0.5050559639930725,-1.6258994340896606,1.0311057567596436,-0.15508617460727692,-0.7907319664955139,1.2003421783447266,-0.04296133294701576,1.6937870979309082,-0.1804208606481552,-0.515481173992157,-0.4946495294570923,-0.4553545415401459,1.4619648456573486,0.1327027529478073,-1.0190404653549194,1.3024812936782837,-1.3214834928512573,-0.24672602117061615,-0.9204188585281372,1.0098518133163452,-0.3628832995891571,-0.4424758553504944,-1.1787880659103394,-1.1669886112213135,0.8400060534477234,0.7973699569702148,0.4554281532764435,-0.8663749694824219,-0.6578183770179749,-0.5275514721870422,0.42819225788116455,0.30454421043395996,-0.2893829047679901,-0.3996303081512451,-0.07534441351890564,1.2205336093902588,-0.5063052177429199,0.0015799682587385178,-0.8873276710510254,-1.0358352661132812,-0.010281747207045555,0.6864603161811829,0.41600170731544495,-0.4282253086566925,0.6002514958381653,-0.0684591755270958,-0.9233343005180359,-0.2604731023311615,0.27565741539001465,0.15922974050045013,-0.519295334815979,-0.5894653797149658,0.5300580859184265,-0.7861586809158325,0.7769386768341064,-0.23853787779808044,-0.8046692609786987,0.038274817168712616,-0.22558796405792236
0.2483835220336914,0.19086520373821259,0.8055872321128845,0.792771577835083,-1.0415736436843872,0.7864935994148254,0.14918208122253418,0.19346129894256592,-0.437216192483902,-0.15675267577171326,0.689333975315094,-0.6753122806549072,0.22822672128677368,-0.5955567359924316,-0.13088396191596985,-1.4355392456054688,-0.7254151105880737,0.06239023804664612,0.5891034007072449,0.5587705969810486,1.9592417478561401,0.7385210990905762,-0.6499928832054138,1.4240471124649048,-2.13033127784729,0.10832864791154861,0.822881281375885,-0.9372433423995972,-1.347375512123108,-0.10929533839225769,0.5188339352607727,-1.2220538854599,0.11030551046133041,0.5194407105445862,-0.79643714427948,0.0899401605129242,-1.3389161825180054,0.2207120805978775,0.10034974664449692,-1.360022783279419,-1.8363879919052124,-0.24449899792671204,-0.23335683345794678,-1.1952083110809326,-1.0676608085632324,-0.8242290616035461,-0.23462596535682678,1.134097933769226,0.3477942943572998,-1.433847427368164,0.8013564348220825,1.2830238342285156,-0.7381139993667603,0.08736050128936768,0.48344865441322327,-0.20138312876224518,0.2452831119298935,-0.9705496430397034,-1.2924003601074219,-1.4441717863082886,0.517792820930481,0.42854511737823486,0.3506006896495819,0.41470077633857727,-0.0754455178976059
0.19823148846626282,-0.7713202238082886,0.6304129362106323,0.3716413676738739,-1.1856549978256226,-1.2317209243774414,-0.2502381503582001,0.15118218958377838,2.0951356887817383,0.18210023641586304,0.9167577028274536,1.0383765697479248,0.941295325756073,0.41960397362709045,-1.0998759269714355,-0.21850083768367767,-1.4250600337982178,-0.5687060952186584,-0.060951970517635345,-0.1902775764465332,-0.7633489370346069,-0.2680782079696655,-0.47552400827407837,-0.9024244546890259,1.4691171646118164,0.10321623831987381,-0.650153636932373,-1.1260851621627808,-0.711894690990448,-1.4483636617660522,0.267270028591156,-0.12778183817863464,-1.054183006286621,-0.7473728060722351,-0.3589949607849121,-0.3027826249599457,0.97723788022995,0.30359160900115967,0.12003014236688614,0.723342776298523,-0.6093607544898987,0.8701416850090027,-0.3090035617351532,0.605787992477417,-0.6086626052856445,-1.102764368057251,-1.4079557657241821,-0.8765367269515991,-0.568097710609436,-1.3863581418991089,-0.9365398287773132,0.655799150466919,-1.472562313079834,-0.5506056547164917,-1.2350660562515259,-0.912625253200531,-0.8597432971000671,-0.3477638363838196,-1.3065844774246216,-1.6278691291809082,-1.317623257637024,-0.42656588554382324,-1.0458176136016846,-1.0336486101150513,-0.6204319000244141
0.7083238959312439,0.10588937252759933,-1.1058685779571533,-0.11063896864652634,-0.6711176633834839,-0.9012116193771362,-0.2071855664253235,-0.7801132798194885,-0.6531404256820679,-1.0922545194625854,-0.11002658307552338,0.22030964493751526,0.19557994604110718,-1.091423511505127,1.0496124029159546,0.34730300307273865,-0.02655395120382309,-1.0269469022750854,0.15282359719276428,-0.7095290422439575,-0.9231312870979309,-0.025015955790877342,0.17858581244945526,-0.5857657790184021,0.4938766360282898,-1.2246099710464478,-0.70051109790802,-1.3673456907272339,1.0945134162902832,-0.6493896245956421,0.12219926714897156,0.07386602461338043,-0.9623355269432068,-0.5205039381980896,-0.4199182093143463,-0.7090232968330383,-0.12039352208375931,-0.891254723072052,0.3676680624485016,-0.5095146894454956,1.7859076261520386,0.7913957238197327,-0.7136074900627136,1.236371397972107,1.3644390106201172,-1.3508555889129639,-0.859123706817627,0.5611237287521362,-0.211994007229805,0.6054618954658508,0.2830824553966522,0.2739817202091217,-0.3474094867706299,1.7018446922302246,0.5887318253517151,0.37091365456581116,0.5219267010688782,1.2314167022705078,0.9106642603874207,0.5785913467407227,0.10095678269863129,-0.061571355909109116,-0.10362900048494339,0.7312815189361572,-0.07029698044061661
-0.5105839967727661,0.6192357540130615,-0.35923129320144653,0.6188169121742249,-0.020591609179973602,0.5406508445739746,1.0620547533035278,-0.4374195337295532,-0.9648991227149963,0.327006995677948,-1.0501700639724731,-0.9363483786582947,0.8686206936836243,0.4097592532634735,-0.8248565793037415,-1.3742969036102295,0.6665511131286621,-1.2041642665863037,-1.1973845958709717,0.69092857837677,0.2955808639526367,0.6518085598945618,1.5706690549850464,-0.38271698355674744,0.19536620378494263,-0.013301164843142033,0.04335187003016472,-0.04045191407203674,0.8793593049049377,-1.3725446462631226,-0.23657500743865967,-0.4100428819656372,-1.2156530618667603,-0.4722473919391632,0.668416440486908,0.32934609055519104,-0.39580240845680237,-0.015251110307872295,-0.442589670419693,-1.2184258699417114,0.7515005469322205,1.5566165447235107,-0.24156026542186737,-1.6941620111465454,1.2417110204696655,-0.5700225234031677,-0.13232554495334625,1.298882246017456,0.40110304951667786,-1.7334955930709839,0.6644359827041626,-1.1179276704788208,0.03743773326277733,-0.4404349625110626,1.1099320650100708,-0.14713966846466064,-0.5685146450996399,1.2662475109100342,0.9651187062263489,-0.04141871631145477,-0.16718453168869019,1.834063172340393,-0.0874573215842247,0.6348651647567749,0.4793907403945923

Slice 35
-1.2569926977157593,2.1364312171936035,-0.5271831154823303,-0.6519100666046143,-0.02424120530486107,-0.4333399832248688,-0.4469412565231323,1.2827190160751343,-1.5561593770980835,0.028042221441864967,-0.8402630686759949,0.5445855855941772,1.0485332012176514,-0.7184600234031677,-0.3115481734275818,-0.3213822841644287,-0.1569032371044159,-1.267744779586792,-0.8081578612327576,0.8141636252403259,1.4951907396316528,0.40613511204719543,-0.6361799240112305,-1.2329894304275513,1.3597131967544556,-1.1717876195907593,0.2058628499507904,-1.0363225936889648,0.4166342616081238,-0.8033721446990967,-2.094305992126465,0.07278067618608475,0.5933000445365906,0.7725255489349365,-1.3620021343231201,0.09881533682346344,-0.7909726500511169,-0.7561743855476379,-0.9323227405548096,0.3333699405193329,-0.22394321858882904,0.49309465289115906,-1.0055049657821655,0.1137888953089714,0.08718370646238327,-1.628325343132019,-1.0318846702575684,1.016977310180664,1.0298734903335571,-1.370321273803711,-1.160909652709961,0.5569873452186584,-0.333556592464447,0.047773633152246475,-0.10028772056102753,-1.430298924446106,-0.22085893154144287,0.7178387641906738,-0.7170738577842712,2.0009000301361084,0.2889209985733032,-0.10420069098472595,-0.4688367247581482,-1.3526411056518555,0.37908101081848145
1.1734949350357056,-1.06095290184021,0.20827578008174896,0.6544679403305054,-0.6480692625045776,0.5655027031898499,-0.8414316773414612,-0.21204839646816254,0.3273729383945465,-0.48107999563217163,-0.8270385265350342,0.8226155638694763,-0.06436612457036972,0.525955080986023,-0.0037527757231146097,0.3817407786846161,1.3686562776565552,1.6246260404586792,0.8515250086784363,0.4282451272010803,0.5935131907463074,-0.4220651090145111,0.842340886592865,0.7991281151771545,0.41890013217926025,0.850728452205658,-1.0212955474853516,1.4945002794265747,-0.9004201292991638,-0.6235502362251282,0.42192235589027405,0.17521829903125763,-1.8402138948440552,-1.038535714149475,-1.1582592725753784,-1.7392581701278687,0.6976499557495117,1.953940987586975,-0.26630738377571106,-0.04750116914510727,-1.3006315231323242,-0.3485757112503052,-0.013865147717297077,-2.258010149002075,1.0356935262680054,1.0943822860717773,-0.6153335571289062,0.178501158952713,0.019644269719719887,-0.16121268272399902,1.219130039215088,-2.069211006164551,0.002012144308537245,-0.7428170442581177,0.895752489566803,0.9122104644775391,-0.1371072679758072,-0.7122210264205933,-0.7393141388893127,-0.8732260465621948,-0.602192759513855,-0.6701402068138123,0.6319208145141602,-0.4986210763454437,-0.8372601270675659
0.7811707258224487,-0.8678730130195618,1.1297703981399536,-0.15829110145568848,-0.7971795201301575,-0.5386373400688171,-0.6999631524085999,0.24555490911006927,1.3265643119812012,0.33783406019210815,-1.0059314966201782,1.1018882989883423,-0.8045001029968262,0.756118655204773,-0.6760735511779785,-1.2733135223388672,0.07823684811592102,-0.667100191116333,0.5103574991226196,-0.28470030426979065,0.4636521339416504,-0.2794104218482971,-0.9586412906646729,0.24932096898555756,0.7072380185127258,0.8855752348899841,-0.7543477416038513,-1.1296802759170532,-0.05040527507662773,0.9259933233261108,0.4457111358642578,-0.8882357478141785,-0.540473997592926,0.15264542400836945,-0.9846445918083191,-1.9337482452392578,1.780055284500122,-1.1478526592254639,0.4790554344654083,-0.104102224111557,1.9431344270706177,-0.4580993354320526,0.40019330382347107,1.408921718597412,-0.1158398911356926,-1.502880573272705,-1.9308791160583496,1.2771967649459839,0.10019149631261826,1.6236499547958374,1.986964464187622,-0.6681354641914368,1.6807316541671753,-1.8763266801834106,1.358849048614502,-1.9172602891921997,-0.5777531862258911,1.0333597660064697,1.1577116250991821,0.6469727754592896,0.43781012296676636,0.878486692905426,-1.6919556856155396,-0.6337769627571106,-0.3257836401462555
0.02456236071884632,0.47583267092704773,0.6122972369194031,-1.6824110746383667,0.18992696702480316,0.027880562469363213,-0.18985280394554138,0.5374116897583008,0.2616212069988251,-0.3169582486152649,-0.15636137127876282,0.17239443957805634,-0.0804762989282608,0.5166957974433899,-0.15774178504943848,-0.4943697452545166,0.059324223548173904,0.6508755087852478,-0.496087908744812,1.4500172138214111,-1.2498760223388672,-1.1576650142669678,0.7653104662895203,-0.11967743933200836,1.1358153820037842,0.13682517409324646,0.8064701557159424,-0.20635193586349487,-0.44600772857666016,1.7416960000991821,1.6521350145339966,0.7337765097618103,-1.2205630540847778,-0.5387102365493774,1.439074158668518,0.6001203656196594,-0.18792739510536194,0.21360842883586884,-0.6935011148452759,1.8678576946258545,0.15448124706745148,-0.7813453078269958,-1.63309645652771,1.048293113708496,1.2140744924545288,0.8876028060913086,-1.159907579421997,-0.21780246496200562,0.7152494192123413,0.2037878930568695,-0.08962953090667725,-1.4386168718338013,-0.6498262286186218,0.0661577433347702,0.37585532665252686,-0.7105962634086609,-0.22544458508491516,1.3481918573379517,1.3734935522079468,-0.7320587635040283,1.6630191802978516,0.23877136409282684,-1.8479338884353638,0.3059050440788269,0.9088959693908691
0.24874190986156464,-0.8922243714332581,1.478205919265747,-1.3176159858703613,-0.8046075701713562,1.8817052841186523,0.9708186984062195,0.14610345661640167,-0.6302868127822876,0.34305107593536377,-1.195224404335022,0.32310181856155396,-1.3142163753509521,0.3365309536457062,1.5458335876464844,-1.1409622430801392,0.582748293876648,0.9551830291748047,1.8315632343292236,0.4658239185810089,-1.7290242910385132,1.7527247667312622,1.1891344785690308,0.3727053701877594,0.5419037938117981,-0.4740775525569916,1.2999391555786133,0.8558291792869568,0.7256976962089539,0.5772404074668884,-0.1026308536529541,0.18646547198295593,-0.3383377492427826,1.1062191724777222,0.11351978778839111,-0.4055224061012268,0.6609299182891846,0.3019801378250122,-1.8192014694213867,0.5567693114280701,0.47681814432144165,-0.21577776968479156,-1.45807945728302,-0.2253771871328354,0.6990067958831787,-0.1022074744105339,-1.4871257543563843,-0.36236193776130676,0.6596710681915283,-1.1324644088745117,-0.4199806749820709,0.22550152242183685,0.5873807072639465,1.2711468935012817,-0.19349969923496246,-0.2499774694442749,-1.3265870809555054,-1.1449849605560303,0.4948267340660095,0.28576910495758057,-0.5034666657447815,0.16139666736125946,0.8414486050605774,-0.6708600521087646,1.0404642820358276
1.8352867364883423,2.6639163494110107,-0.20338046550750732,-0.6825257539749146,0.33727824687957764,-0.3096519112586975,-0.009628747589886189,-0.0896696001291275,0.9654770493507385,1.5655605792999268,-0.5626106262207031,-0.20168210566043854,-0.30570751428604126,0.3694659471511841,0.6034752726554871,-1.9818373918533325,-0.190281942486763,-0.05340723693370819,-1.5112024545669556,1.2428034543991089,0.7172520160675049,-1.0497289896011353,-0.3660846948623657,0.5822703242301941,-1.354737401008606,-0.19792455434799194,0.6991242170333862,1.1022294759750366,-0.6861262917518616,0.7399740219116211,-0.8502223491668701,1.4680333137512207,-0.581896185874939,0.8407107591629028,-0.13733266294002533,-0.6098179221153259,-0.724565863609314,-2.3356354236602783,-0.290409654378891,0.727561891078949,-0.7757503986358643,0.5058009028434753,0.4157958924770355,0.11912456899881363,1.4588650465011597,-0.3134562075138092,-0.7015015482902527,0.0787806436419487,0.2738999128341675,-1.785659909248352,-1.534458041191101,2.288288116455078,-1.8749604225158691,-0.06165909022092819,0.7477454543113708,0.5627626776695251,-0.8685178756713867,1.4036895036697388,-0.7359768748283386,0.4126046895980835,0.7287960052490234,-0.13324424624443054,-0.56026291847229,-0.09645019471645355,0.44459930062294006
-1.3715758323669434,-1.7904541492462158,-0.8602018356323242,1.3210818767547607,-1.2246414422988892,-1.0805591344833374,1.5127978324890137,-0.18190346658229828,0.1193811446428299,-0.3722839951515198,0.5668907165527344,1.3090088367462158,0.31195515394210815,1.0055952072143555,0.630412220954895,0.47382688522338867,-0.1308232992887497,0.08523188531398773,0.0069637903943657875,-0.09641876071691513,-0.7945515513420105,-0.18924808502197266,-0.9580191373825073,-0.16379478573799133,0.42096298933029175,0.9622378349304199,0.8964127898216248,0.35006463527679443,0.07547555863857269,0.508039653301239,-0.702314019203186,1.981194257736206,-1.2856703996658325,0.7177915573120117,-0.3687868118286133,0.5342044830322266,-0.05633317679166794,0.39648082852363586,0.0021397043019533157,0.9351535439491272,0.27771472930908203,0.5568715333938599,-1.4915649890899658,0.9294959902763367,-0.04927686229348183,-0.9761577248573303,0.5684187412261963,0.05824955552816391,1.3811200857162476,-0.3176739811897278,0.2117469161748886,-1.211731195449829,0.04221820458769798,0.6700341701507568,0.1362583041191101,0.8189769387245178,-0.6142393350601196,0.44748005270957947,0.7856150269508362,-1.5813440084457397,1.3272361755371094,0.5373829007148743,-1.3871564865112305,-0.3982267379760742,1.8197665214538574
-0.46429377794265747,1.1067099571228027,1.5001462697982788,0.4082896113395691,0.26571017503738403,-0.17722289264202118,0.9447667598724365,0.6321462392807007,1.3374452590942383,-1.1443639993667603,-1.671752691268921,0.10424289852380753,0.23123835027217865,-0.5552883148193359,0.43315455317497253,1.2281137704849243,-1.44478440284729,-1.3123838901519775,-1.662623405456543,-0.5202065706253052,-0.11890237778425217,-0.8492269515991211,-1.318349838256836,-0.6112210154533386,1.1107094287872314,-0.4182531237602234,0.12098776549100876,0.7996161580085754,-0.13801518082618713,-0.14464813470840454,-1.1220661401748657,0.12351644039154053,-1.3554103374481201,-0.1510896533727646,-1.1162350177764893,0.5505168437957764,-1.2205445766448975,0.22438928484916687,-0.7659839391708374,0.7655380368232727,0.804524838924408,-0.14074061810970306,-1.3409942388534546,-0.5483950972557068,1.8419228792190552,0.5763611793518066,-1.3280943632125854,-0.030760405585169792,0.5697572827339172,0.29562580585479736,-0.5592098832130432,-0.12836721539497375,0.2833583354949951,0.8153514266014099,0.4577047824859619,0.051957666873931885,-0.5880647301673889,-0.772707998752594,0.07964061200618744,0.9647979736328125,-0.24868513643741608,-0.20261645317077637,0.1157953217625618,-0.8712261915206909,0.3910205066204071
-2.090920925140381,0.6001166105270386,-1.0652295351028442,0.8914497494697571,-0.3483128845691681,1.4514960050582886,-1.4856772422790527,-0.6063558459281921,-0.41765353083610535,-2.502027750015259,-1.7958273887634277,1.2489805221557617,-0.3975679576396942,-1.4211105108261108,-0.45346564054489136,-0.26129382848739624,1.229429841041565,-0.9525578618049622,0.5516290664672852,0.6846751570701599,-0.422728031873703,1.209354281425476,-0.1331554800271988,0.6762648820877075,0.9059394598007202,-0.37838369607925415,-0.303499311208725,-1.6080737113952637,-1.6868584156036377,-1.0589122772216797,-1.6527334451675415,0.19872601330280304,0.8340464234352112,-0.7762040495872498,-1.310699701309204,-0.2846653163433075,-0.6810628175735474,0.26074787974357605,-1.5277827978134155,0.4300709366798401,0.30067431926727295,-0.8787824511528015,0.8541867733001709,0.1431369185447693,-0.6509594917297363,-0.004354111384600401,-1.896296501159668,0.9659265875816345,0.2448623776435852,1.7589032649993896,-1.0146214962005615,0.2287600189447403,-0.9052857756614685,0.19376318156719208,-0.8544073700904846,-1.1219968795776367,-0.9070714116096497,0.006140225101262331,2.0643515586853027,-0.9868662357330322,0.13803187012672424,1.2518121004104614,-0.04168097674846649,-0.2002614438533783,0.20653140544891357
0.6315887570381165,-0.747343897819519,0.15118932723999023,0.12001607567071915,0.233244389295578,-0.7876081466674805,-0.5574078559875488,-0.33123135566711426,0.930785059928894,0.2639096677303314,0.06768141686916351,-0.10156930983066559,2.053858995437622,0.8208656907081604,-0.18604952096939087,0.9335092902183533,-0.21225813031196594,2.4375152587890625,-0.3293973207473755,-0.10793295502662659,2.603604316711426,-1.4561100006103516,-0.2386719286441803,-1.7093853950500488,0.8069720268249512,-1.0476869344711304,-1.441555142402649,0.42820972204208374,-0.34453657269477844,1.2339009046554565,-0.019268658012151718,0.6156704425811768,-0.6284957528114319,-0.20123068988323212,0.45689988136291504,0.22601698338985443,2.312361478805542,0.9328702092170715,-0.33045002818107605,0.19030338525772095,0.04750005528330803,-1.6385020017623901,-1.48667311668396,1.7128440141677856,0.701815664768219,-1.1243780851364136,-0.43062835931777954,1.336313009262085,-0.9189804792404175,0.019013434648513794,-0.683892011642456,-1.3750338554382324,-0.3181073069572449,-0.1644529551267624,0.5915465950965881,0.5465837717056274,-0.8517096042633057,0.398513525724411,-0.7764861583709717,0.42538976669311523,0.8307080864906311,-1.0288419723510742,1.5116809606552124,-2.229921340942383,-0.8928694725036621

Slice 36
-0.6993157267570496,1.3871158361434937,0.1354091614484787,0.40919560194015503,1.1564511060714722,-1.4236197471618652,1.9222307205200195,0.7745081186294556,2.275134325027466,1.3529471158981323,-1.5442293882369995,1.3698447942733765,0.16436049342155457,-0.21014000475406647,-0.5678227543830872,-0.13374093174934387,-0.19407697021961212,-0.2354854941368103,-1.042894721031189,-1.1425111293792725,-0.8557112812995911,-0.4530475437641144,0.14125822484493256,0.046170320361852646,-1.2283693552017212,-0.377561092376709,1.2489609718322754,0.19582800567150116,0.839205265045166,0.6511730551719666,-1.5291458368301392,-0.8534798622131348,0.5508818626403809,1.7240490913391113,-1.120692491531372,-0.09380865842103958,0.05236649140715599,0.6425390243530273,-0.12516865134239197,0.4790799617767334,-0.6043496131896973,-0.7960420846939087,-0.22123560309410095,-0.8337277173995972,0.29109203815460205,-0.3001999855041504,-0.42601096630096436,2.074075222015381,0.9391855001449585,0.8145762085914612,-0.30444276332855225,-0.9634630084037781,-0.40950721502304077,0.44406238198280334,-1.6039347648620605,-1.3929842710494995,1.2445751428604126,-0.6335059404373169,1.3278452157974243,1.0964332818984985,-0.9450704455375671,-0.6486989855766296,-1.3222986459732056,-0.4011289179325104,0.30545029044151306
-0.4926784932613373,-1.2281266450881958,0.5843445658683777,-0.7246259450912476,0.24715261161327362,-1.3986011743545532,0.22368276119232178,1.4980988502502441,0.07852290570735931,1.025053858757019,-1.5472266674041748,-0.05490322783589363,1.2581408023834229,0.23472514748573303,1.2101420164108276,2.195202112197876,0.23678071796894073,-1.6317980289459229,-0.22203794121742249,-0.2633363902568817,1.3768881559371948,1.5584425926208496,0.9708793759346008,-1.2270084619522095,-0.35276564955711365,-0.1934436857700348,-1.064190149307251,-1.4411879777908325,-0.3650299906730652,-1.0363775491714478,0.6090942621231079,-1.3142566680908203,-0.5269932746887207,1.7776788473129272,1.272566556930542,-0.8013607263565063,-1.3080544471740723,1.9206311702728271,-0.36491426825523376,-0.1957237422466278,0.3378905653953552,-0.830615758895874,-0.16513586044311523,1.6425621509552002,-1.3087519407272339,0.18867981433868408,-0.6023887991905212,-2.1857080459594727,0.06558414548635483,-0.8352656960487366,-2.1907131671905518,-0.5519151091575623,0.008778962306678295,-1.2883803844451904,1.2417598962783813,-0.5641301870346069,1.005694031715393,1.2698371410369873,1.781348466873169,1.0973665714263916,1.0977847576141357,1.2814481258392334,1.6747571229934692,0.004121251869946718,-1.14776611328125
-0.9840437173843384,0.820543646812439,-0.26990175247192383,-0.9812255501747131,0.3011627793312073,-1.442764401435852,0.17289870977401733,-0.39534103870391846,-0.12424195557832718,-0.5584828853607178,-0.19714601337909698,0.40372234582901,-0.6958734393119812,0.37221193313598633,-0.15329010784626007,0.5622904896736145,0.890194296836853,0.679079532623291,0.03102528676390648,-0.032317906618118286,-0.5525713562965393,0.2763996422290802,1.436931848526001,-0.6423125863075256,1.3932112455368042,1.4147065877914429,0.502040445804596,0.4984343349933624,-0.294227659702301,2.2121050357818604,0.5745787024497986,1.160136103630066,1.1823976039886475,1.4361070394515991,-0.06323608756065369,-2.028333902359009,1.3711063861846924,-0.5267188549041748,0.45108845829963684,-0.23965886235237122,0.5661484003067017,-1.6175888776779175,1.483801245689392,-0.8382031321525574,-1.5445629358291626,0.1571214348077774,-0.2868771553039551,-0.3393692374229431,0.7609867453575134,1.4860999584197998,0.014287929981946945,0.5580922365188599,-1.7663054466247559,-0.3264646828174591,-1.2268791198730469,0.6406704783439636,-1.950800895690918,-0.6943876147270203,-1.2725419998168945,-1.1244434118270874,-2.699608087539673,0.9999046921730042,-0.23399128019809723,1.0942771434783936,1.6500341892242432
-1.5985417366027832,2.0812339782714844,-0.9972861409187317,0.9979121088981628,-0.8630485534667969,0.3476596474647522,0.05915485695004463,-1.5122089385986328,-0.3327163755893707,0.840364933013916,-0.1706492155790329,-1.1533331871032715,-0.23008596897125244,0.27560359239578247,0.8496609926223755,-0.13417184352874756,-0.3575381934642792,0.4420143961906433,1.9936453104019165,1.2809330224990845,-0.85124272108078,1.4448912143707275,1.388258695602417,0.7922256588935852,0.7514820694923401,-0.7287346124649048,0.5300590395927429,0.21546706557273865,-1.0768307447433472,-0.5643618106842041,0.6498690843582153,-0.35991212725639343,-1.5726300477981567,-0.6543787121772766,0.6993093490600586,-1.0602796077728271,0.06372654438018799,-0.4922172725200653,-1.697571873664856,-0.8752717971801758,0.8611776232719421,0.9588242769241333,0.9671621322631836,1.6241111755371094,-0.7713956832885742,-0.5345277786254883,0.9522552490234375,0.46977853775024414,-0.6068572998046875,0.7085900902748108,1.6609033346176147,-1.5639632940292358,0.22883068025112152,-0.9467568397521973,-0.4833328127861023,-0.22551462054252625,0.5888409614562988,0.7845891714096069,0.8797599077224731,-0.2712770998477936,-1.064090371131897,-0.6163105964660645,-0.6906954050064087,1.25908625125885,-0.13807345926761627
0.31270280480384827,0.20954574644565582,-1.2654954195022583,1.545961618423462,-0.8579950928688049,0.41273123025894165,0.42641374468803406,0.19431255757808685,0.1696619689464569,0.9835814833641052,-0.4291837811470032,0.4195835590362549,-1.5768766403198242,-1.861618995666504,-0.2428794503211975,-1.0156073570251465,0.8856973648071289,-0.38152870535850525,-0.5409801006317139,0.6382954716682434,-0.7415634393692017,-0.3699938654899597,-1.1019178628921509,1.3057111501693726,0.8196032047271729,-0.6552716493606567,0.23402340710163116,-2.1725285053253174,-0.20313477516174316,-1.0863409042358398,-1.6658378839492798,-0.9047571420669556,0.8740066289901733,0.6310529708862305,0.8029727935791016,-0.7062776684761047,0.021153584122657776,0.4886076748371124,-1.4761337041854858,-1.1808496713638306,0.39531925320625305,-0.21761275827884674,-0.08692018687725067,0.9030990600585938,0.7208976149559021,-1.2826356887817383,0.9538533091545105,-1.226572036743164,0.7527472376823425,0.2181844562292099,-1.0258716344833374,0.3322485685348511,-1.1151399612426758,-0.4334627687931061,-0.13323020935058594,0.8449534177780151,0.5358935594558716,0.6709904670715332,0.2815713882446289,-0.7346199750900269,1.445813775062561,0.9878956079483032,-1.2759547233581543,-0.47853073477745056,1.5016165971755981
0.8040052056312561,-0.3318244516849518,0.11517149209976196,-2.200263023376465,-0.11731692403554916,-1.0996487140655518,0.9505912661552429,1.4726048707962036,-0.9822387099266052,-0.13700997829437256,-1.5728583335876465,-0.5637860894203186,1.169369101524353,0.6120540499687195,0.0636218711733818,-0.3368047773838043,1.6818581819534302,-0.03204282000660896,0.22846005856990814,-1.1399600505828857,0.8113800883293152,0.0864139124751091,-1.4087539911270142,-1.7002379894256592,1.6390408277511597,-0.2506547272205353,-0.5322727560997009,-0.6688266396522522,-1.6482681035995483,0.3577960133552551,-0.9824270009994507,0.7277492880821228,-1.6308118104934692,-0.062147945165634155,-1.1281976699829102,0.10704798251390457,1.4779253005981445,0.09938842803239822,-0.8309064507484436,-0.8068227171897888,0.39129891991615295,1.3968666791915894,0.8594459891319275,-0.49268290400505066,-0.7644321322441101,0.8985629081726074,-2.5638959407806396,0.4835149645805359,1.2226423025131226,0.048168376088142395,0.27074792981147766,-0.7684584259986877,1.553912878036499,-1.5231425762176514,-0.5910965800285339,1.5118391513824463,0.3656224310398102,-0.5885229706764221,0.7045824527740479,1.6613651514053345,-0.04273618012666702,-0.1381806582212448,-0.08230797201395035,0.15477555990219116,-0.8207016587257385
1.0702643394470215,-1.1086959838867188,0.235538050532341,1.029252529144287,-0.9772866368293762,-1.2776802778244019,-0.525012195110321,-0.5188356041908264,-0.7236354947090149,0.563105046749115,0.06782283633947372,-1.6230239868164062,0.8385494947433472,1.9475594758987427,2.0491158962249756,-0.24313238263130188,-1.5060261487960815,-1.3263921737670898,-0.3846326768398285,0.8384576439857483,0.26765793561935425,-0.9038451313972473,0.13384345173835754,1.5997991561889648,-0.6446159482002258,1.815161108970642,0.1708037108182907,-0.05752632021903992,1.5125794410705566,0.7773213982582092,-0.3856227993965149,0.006087330635637045,0.2668112814426422,0.2565588653087616,-0.9319785237312317,0.20028063654899597,0.06632879376411438,-0.1805499792098999,0.6972662806510925,-1.1032092571258545,0.8706855177879333,1.137337327003479,-1.7444727420806885,-0.24957303702831268,-1.329360008239746,0.8324313163757324,-0.852072536945343,0.8470106720924377,1.1432892084121704,-0.638776957988739,-0.9425862431526184,0.08179381489753723,1.2485743761062622,1.1231272220611572,1.2157455682754517,0.7313316464424133,-0.9171153903007507,-0.40200796723365784,0.36338040232658386,1.2839421033859253,2.0037243366241455,-0.6377238035202026,0.6491876840591431,-1.105075478553772,-1.277589201927185
0.5430585741996765,2.7234063148498535,-1.0295460224151611,0.6435695290565491,-0.7056288123130798,-0.6522044539451599,1.5701547861099243,0.03079041838645935,-0.727315366268158,-0.32842591404914856,-0.3052911162376404,0.6908121109008789,0.7057228684425354,1.1149944067001343,0.9139172434806824,1.2618796825408936,-0.6673715710639954,-0.08205955475568771,-1.658387303352356,-0.4965994358062744,1.1635581254959106,1.1486300230026245,0.12219554930925369,-0.49823909997940063,-0.2456764280796051,0.8872770667076111,-1.8145782947540283,-1.7365843057632446,1.353190541267395,1.2734776735305786,1.597165822982788,-0.2701333165168762,-1.3568063974380493,0.5666904449462891,0.10622284561395645,-0.23244702816009521,-0.09746532887220383,0.3895309865474701,-1.2594549655914307,0.5843132138252258,0.1688440442085266,-1.7573355436325073,2.113952159881592,1.934298038482666,-1.632908582687378,-0.550033450126648,-0.6884632110595703,0.7251983284950256,0.43954604864120483,-1.183897614479065,-0.49934250116348267,-0.4380338191986084,-1.6213934421539307,1.4106876850128174,0.7998259663581848,0.008872858248651028,-0.5445735454559326,-0.7164554595947266,-0.5420392751693726,-0.28751105070114136,0.47651270031929016,0.7040338516235352,-0.11669551581144333,0.32486435770988464,0.8782349228858948
-0.6265270709991455,-1.4803553819656372,-0.42327451705932617,-1.452303171157837,1.1529896259307861,0.10660212486982346,-0.09349921345710754,0.7223057746887207,-0.40930405259132385,-1.5118398666381836,0.3090322017669678,-0.5593173503875732,-0.8898554444313049,-1.1647566556930542,-1.3035975694656372,0.7509783506393433,0.43866831064224243,1.7320489883422852,1.424829125404358,2.0311596393585205,-1.0707502365112305,0.4401554763317108,-0.7094389796257019,1.1481168270111084,1.915069580078125,-1.1427466869354248,0.0628977119922638,0.31822407245635986,0.9051433205604553,-0.7998145222663879,0.5039931535720825,-0.10076047480106354,-1.6616771221160889,1.05548095703125,1.1766166687011719,0.14912046492099762,-0.27901288866996765,-1.5815376043319702,0.8252742290496826,1.6383405923843384,0.8830680847167969,-1.1925137042999268,1.0314934253692627,-0.05785002186894417,0.6213648319244385,0.39117780327796936,1.205482840538025,0.30813315510749817,1.720597505569458,-0.23660467565059662,1.0966039896011353,0.11415903270244598,0.5972753763198853,-1.1409783363342285,0.16795410215854645,1.0690337419509888,-0.44512760639190674,1.1095244884490967,-0.720097541809082,0.4652785658836365,-0.23801489174365997,1.3760634660720825,1.4749528169631958,-1.9935548305511475,1.1502556800842285
-0.2696194350719452,-0.10971583425998688,-1.6665003299713135,-1.6687922477722168,1.555486798286438,1.363555669784546,0.5994090437889099,0.39833030104637146,0.45097747445106506,-0.29482364654541016,0.321470707654953,-0.775867223739624,-2.237293243408203,-0.545872151851654,-0.6098704934120178,0.10137860476970673,2.2227444648742676,-0.3533107042312622,-1.1714167594909668,-0.4598954916000366,1.1205987930297852,0.07089832425117493,0.7408066391944885,-0.5989304184913635,0.412539541721344,-0.9598889350891113,1.7797948122024536,-1.1978329420089722,0.9385460615158081,-0.12733250856399536,-1.1895445585250854,-0.9287194609642029,2.302358627319336,1.1242918968200684,-0.8863179683685303,-0.8805232048034668,0.19413644075393677,-1.9284113645553589,0.9559369087219238,0.7985567450523376,-0.8116683959960938,0.32481253147125244,-0.28341928124427795,1.3653560876846313,-0.4385911226272583,0.23270346224308014,-1.9167041778564453,-1.140102744102478,1.2078825235366821,0.9907325506210327,-0.2509622275829315,-0.5299792885780334,-0.40297386050224304,-0.9360557198524475,1.055466651916504,0.19537006318569183,-1.0448946952819824,-1.9001948833465576,-1.8897943496704102,-1.3111943006515503,1.4721847772598267,-1.4938722848892212,-2.721430778503418,1.7130532264709473,-2.3031842708587646

Slice 37
0.11523372679948807,0.5445711016654968,0.4160729646682739,-1.01864492893219,0.7679899334907532,0.1834663450717926,-0.709550142288208,1.5140211582183838,0.468656450510025,-1.2245736122131348,0.8566928505897522,-1.1451244354248047,-0.09511446207761765,1.0231828689575195,1.9082295894622803,-0.6021893620491028,-1.1200034618377686,-1.060147762298584,0.7546400427818298,0.32499784231185913,-0.990227997303009,0.07347714155912399,0.4834059178829193,-0.9227393865585327,-0.9060015678405762,-0.6611678600311279,1.5458030700683594,0.20891745388507843,-0.30537348985671997,-0.9636653661727905,0.6785148978233337,0.1338609755039215,0.7291179299354553,-1.2946172952651978,-0.4354951083660126,1.6221604347229004,-0.03763425722718239,-0.8388745784759521,0.8998503684997559,2.022366762161255,-1.0335279703140259,0.9721072912216187,-0.9936928153038025,-0.6749106049537659,1.510323166847229,-0.6368287801742554,0.26495957374572754,0.22799287736415863,1.9144343137741089,0.7790210247039795,-1.0577465295791626,-0.161161407828331,0.24632865190505981,-1.8505843877792358,-0.08428598940372467,0.9804062843322754,1.203734278678894,-0.7856621146202087,0.48302119970321655,1.2032968997955322,0.399238258600235,0.8803471326828003,-0.30010420083999634,0.06369903683662415,-0.3462730050086975
-0.035207074135541916,-1.090917944908142,0.5545617341995239,0.9103209376335144,-0.7145055532455444,0.7406275868415833,-1.6097111701965332,-0.511466383934021,-0.6618726849555969,0.16516704857349396,-0.6886917948722839,-0.0691646859049797,-1.9860683679580688,0.4446338713169098,-1.1108710765838623,1.5853129625320435,0.6273319721221924,0.8449355363845825,1.2906866073608398,-0.12807908654212952,-0.6729468107223511,-1.5013902187347412,0.08978991955518723,0.6617127060890198,0.10685467720031738,-1.9415651559829712,-0.20072311162948608,0.6668224930763245,0.05556674674153328,1.374019980430603,0.5281398296356201,-0.7134474515914917,1.12215256690979,0.5045852661132812,-0.6155514121055603,-0.14269354939460754,-0.32387596368789673,-0.029916249215602875,0.47235581278800964,-0.6073088645935059,-1.3181897401809692,-1.173723578453064,0.3972449004650116,1.345432996749878,-1.1784356832504272,-1.5491642951965332,0.35260769724845886,-0.5730359554290771,0.1158420667052269,1.4772604703903198,0.9514150619506836,0.08242842555046082,-0.10515366494655609,0.2552805542945862,0.443587064743042,0.7452790141105652,-0.8499994277954102,0.24046902358531952,-1.1059273481369019,-0.6280204653739929,-1.235302209854126,-1.1416447162628174,1.594017744064331,-0.22325603663921356,0.7172303199768066
-0.24789799749851227,1.4478508234024048,1.3489975929260254,1.472470998764038,0.7196906208992004,0.2781636714935303,1.4287604093551636,0.4655902683734894,0.1858522593975067,-0.15144498646259308,-1.0400092601776123,0.44889378547668457,0.15620198845863342,0.6003780364990234,-0.17701199650764465,1.0380439758300781,1.073952555656433,0.8488112092018127,0.07527203857898712,1.4449632167816162,-1.7288490533828735,1.0633198022842407,-0.7296237945556641,-1.3387577533721924,0.5489665269851685,0.12662667036056519,-1.3717749118804932,-1.993614912033081,-1.0328726768493652,-1.1944786310195923,-1.579643964767456,-1.1678968667984009,-0.6924238204956055,-0.41182753443717957,-0.6062401533126831,-0.8774808645248413,1.3264179229736328,-0.42525434494018555,0.5975914001464844,0.3879062533378601,-0.8258455395698547,0.9367852807044983,1.2538189888000488,-1.9400840997695923,0.21820366382598877,-0.11744451522827148,1.1155450344085693,-0.9721638560295105,-0.054069776087999344,0.2783154249191284,-0.3531394302845001,-1.8824819326400757,-0.610964298248291,-0.4405297338962555,-0.30334368348121643,-0.010092610493302345,-0.29708656668663025,-1.5017789602279663,0.6161709427833557,-0.053257301449775696,0.40124082565307617,0.07345779985189438,1.0501357316970825,-0.7137383818626404,-1.2420178651809692
-1.9505137205123901,-1.4817386865615845,-0.5424545407295227,0.4114586412906647,0.32674112915992737,-1.5596904754638672,-0.7203482985496521,0.534837543964386,-0.6155918836593628,-0.47307735681533813,1.2745976448059082,1.2853387594223022,-0.6261489391326904,-0.28428730368614197,1.2069145441055298,-1.5076133012771606,-0.43785327672958374,-0.9609005451202393,-0.22538740932941437,-0.13226157426834106,1.2361648082733154,-0.6228957772254944,-0.12725131213665009,-0.2135036140680313,0.8609490394592285,-0.665476381778717,-0.22423914074897766,0.0010239308467134833,0.11905540525913239,-0.6304529309272766,0.04033776372671127,1.9058444499969482,0.913357138633728,0.03838694840669632,0.6012918949127197,0.9841867685317993,0.7653879523277283,2.006138801574707,0.5366293787956238,1.0288962125778198,0.9991372227668762,-0.7152277231216431,1.122441291809082,0.19719591736793518,0.28632602095603943,0.9907225370407104,1.7206519842147827,-1.9043382406234741,0.42071178555488586,-0.8262611627578735,0.15527430176734924,0.7156924605369568,-0.651401162147522,0.019082296639680862,-0.1685778796672821,-1.4092597961425781,-1.6399685144424438,0.9475798010826111,-0.40033116936683655,-0.6699866652488708,-0.9132751822471619,1.709767460823059,1.4103320837020874,0.4058417081832886,-0.23287741839885712
0.6607803702354431,-0.14258427917957306,0.08542690426111221,1.07344651222229,1.4093196392059326,-0.93306565284729,-0.42601561546325684,0.9920002222061157,0.246744304895401,0.927081823348999,0.008947373367846012,0.9272513389587402,0.9145587682723999,-1.3708971738815308,0.5658156871795654,-1.3009847402572632,-0.8552054762840271,0.6161996722221375,0.3648509085178375,-0.4921262860298157,-0.8788284063339233,1.3600612878799438,-1.643283486366272,-0.3868106007575989,-1.0649293661117554,0.5733538269996643,1.2109020948410034,-0.2372862994670868,-1.0985534191131592,1.626951813697815,1.0972644090652466,-1.1563440561294556,0.7064248323440552,0.7466433048248291,0.8866503834724426,0.7701335549354553,1.3855571746826172,-0.6726515293121338,1.404893159866333,-0.4359244108200073,-2.3600101470947266,0.23958061635494232,1.0626118183135986,0.8642917275428772,-0.33529558777809143,0.9890456795692444,-1.6568750143051147,-1.5411425828933716,1.3408315181732178,0.5992995500564575,0.0884837806224823,-1.8120520114898682,1.2440476417541504,-0.9207748174667358,-0.36180174350738525,-0.50416499376297,-0.41544079780578613,-0.30422282218933105,0.8610603213310242,1.0057718753814697,1.712138295173645,0.0968674048781395,-1.4249714612960815,1.263811707496643,-0.06785960495471954
-0.27911484241485596,0.05320988968014717,-0.6451762914657593,0.3043938875198364,-0.449168860912323,0.5249078273773193,0.6043015718460083,-0.9410164952278137,1.1896250247955322,-0.6043955087661743,1.762039065361023,-0.3787372410297394,0.13765516877174377,0.4110587537288666,0.016225140541791916,0.03316318616271019,0.11501194536685944,-0.9161916971206665,-1.1985390186309814,1.0351732969284058,-1.1914583444595337,0.18473665416240692,0.7690854668617249,-0.4331974387168884,-0.4169202446937561,0.7055196762084961,1.2393286228179932,0.12310955673456192,0.9251317381858826,0.9239366054534912,0.0008679039892740548,0.12081505358219147,-1.1938238143920898,-0.4059906303882599,0.16714699566364288,-1.7214000225067139,1.4208391904830933,-1.0660897493362427,-0.7100725769996643,0.16613461077213287,1.2091032266616821,-0.4802209436893463,0.5103138089179993,-0.6662722826004028,-0.8566421270370483,0.6798260807991028,0.5850270390510559,-0.07633457332849503,-1.6868999004364014,0.12309359759092331,-0.7470335960388184,-1.135352373123169,0.2065475732088089,1.2004398107528687,1.7973294258117676,0.4237218499183655,-0.30601581931114197,-0.28457409143447876,1.1046233177185059,0.5175033807754517,1.0947335958480835,-0.6794445514678955,1.0657668113708496,1.2884255647659302,-0.28919458389282227
-0.9417352676391602,-1.5848394632339478,-0.00939455721527338,-0.5801786780357361,0.7933717966079712,-0.6051365733146667,0.0775146409869194,0.30389830470085144,-0.8448089361190796,0.6609513163566589,0.657924234867096,-0.5332915186882019,-0.2846163213253021,-1.5941106081008911,0.34143656492233276,0.45973339676856995,-1.3597071170806885,0.2455374002456665,-0.8788682222366333,-2.0723180770874023,0.379142165184021,-1.5919123888015747,-0.7991479635238647,0.9167778491973877,-1.4404784440994263,-1.9915947914123535,0.8043102622032166,-1.1835557222366333,-0.595250129699707,-1.6523948907852173,-2.0796313285827637,0.28953826427459717,1.261672854423523,0.6897098422050476,-2.7974300384521484,-0.2344452291727066,0.17230457067489624,-0.3215470314025879,-1.0466315746307373,0.9404198527336121,0.7439665198326111,0.2632540464401245,-0.6681159138679504,0.8404704332351685,1.0809952020645142,-0.07854742556810379,0.012253145687282085,0.3439740240573883,-0.7678104639053345,-0.22410862147808075,0.5970542430877686,0.7146855592727661,-1.3810352087020874,-0.5476561188697815,0.3093482255935669,0.5190407633781433,-1.0153156518936157,0.5307969450950623,-0.8697270154953003,-0.6884000897407532,-1.2878042459487915,-1.025206208229065,-0.560433566570282,-1.76442289352417,-0.7851271629333496
0.7253565788269043,0.5721227526664734,-0.5271484851837158,-1.5373914241790771,-0.42814308404922485,-0.4903618097305298,1.265349268913269,-1.8626019954681396,0.9300339818000793,-0.5334694385528564,0.039419062435626984,-0.5873750448226929,2.4633121490478516,0.4430735111236572,1.0171427726745605,-0.2722063958644867,-0.9199337363243103,0.2767215967178345,0.9665579795837402,0.8151301741600037,-0.9606108069419861,-1.324346661567688,1.0084738731384277,0.5957562923431396,-0.3373532295227051,-0.3831504285335541,0.5625084042549133,1.3667584657669067,0.05985692888498306,0.9054409265518188,0.5871894955635071,-0.40033477544784546,-2.521312713623047,-1.65543532371521,-0.4011927843093872,0.24319110810756683,-1.1452891826629639,-1.8643736839294434,0.6402934789657593,0.5635815858840942,2.0955002307891846,-0.17519667744636536,-3.2023730278015137,-0.08341800421476364,-0.41843515634536743,1.211039423942566,-0.7922514081001282,0.07111097872257233,1.4656147956848145,-1.329096794128418,-2.767115592956543,-0.3657544255256653,1.222163200378418,0.45975175499916077,-1.235581636428833,-1.6310701370239258,0.2013045996427536,-0.24621599912643433,0.24161037802696228,0.705302894115448,1.042379379272461,1.0798594951629639,0.1416136771440506,1.1244210004806519,-1.6711856126785278
0.8743143677711487,0.3347724974155426,-0.46941736340522766,-2.0725088119506836,0.7734796404838562,0.27390673756599426,0.46943405270576477,-0.042841121554374695,0.6372621059417725,-1.55094575881958,2.1255581378936768,-1.228700876235962,0.6432777643203735,1.0085371732711792,-0.5723112225532532,0.7501764297485352,0.3813268840312958,-0.5319303870201111,-0.5398588180541992,2.0441699028015137,0.8895072340965271,0.43320178985595703,1.034050703048706,-1.2923091650009155,0.5685620903968811,-0.7210703492164612,-0.799594521522522,-1.86167311668396,-1.897106409072876,-1.8263463973999023,-1.3078689575195312,1.560295820236206,-1.3091424703598022,0.26478421688079834,0.19037236273288727,-0.9566789865493774,-1.2068932056427002,-0.4387485384941101,0.557178258895874,-1.1860833168029785,0.7987286448478699,-1.2665048837661743,0.04861849918961525,-0.2291637361049652,0.5508195757865906,0.7068427205085754,0.6037937998771667,-0.8156757950782776,0.6146817803382874,-0.8533653020858765,0.23461487889289856,0.2277267873287201,0.09952300786972046,0.21890687942504883,-0.2606620490550995,-0.955501139163971,0.12179708480834961,0.8745366334915161,0.47573354840278625,0.26685506105422974,0.5356860160827637,1.868592381477356,1.1039522886276245,-0.3090718388557434,-0.3871678411960602
-1.452567219734192,0.8689525723457336,1.064115285873413,-0.1575256884098053,0.7038180828094482,-0.00038364590727724135,-0.26837053894996643,0.6858299970626831,-1.3071808815002441,0.05919167026877403,-0.7466315627098083,-0.45927518606185913,0.45512115955352783,0.0504867285490036,1.068286418914795,0.13589686155319214,0.11969642341136932,-2.1226043701171875,-1.520147681236267,-0.6659889817237854,0.35446733236312866,0.12149553000926971,-0.6506107449531555,-0.3549933135509491,-0.7113271355628967,-0.21591538190841675,-0.8709964752197266,-0.9972703456878662,0.3836113512516022,-0.2199936807155609,0.117082379758358,-0.11480105668306351,0.062454573810100555,-0.5169953107833862,0.1760966032743454,0.8712868690490723,-0.5366160869598389,0.6758052110671997,-0.9412592649459839,0.7190954089164734,-0.1800616830587387,-1.716809630393982,-0.2874109447002411,-1.0323542356491089,-1.1649880409240723,0.26864975690841675,0.27588385343551636,1.1061590909957886,0.1766887605190277,0.23491297662258148,0.4757393002510071,-0.624129056930542,0.034636639058589935,0.12222839146852493,0.6436983346939087,0.8446013331413269,1.3154535293579102,-0.4312393367290497,1.2712798118591309,0.7594672441482544,0.6129555702209473,-1.0520321130752563,0.30549466609954834,-0.3792169988155365,-0.6351752281188965

Slice 38
-0.0759427547454834,-1.36845862865448,-0.17270053923130035,1.9402382373809814,-0.05378764122724533,-0.30170938372612,0.5932159423828125,0.8673039674758911,1.331930160522461,1.7491774559020996,-0.2760874927043915,-0.16071218252182007,0.7113568186759949,0.2873077392578125,1.3913917541503906,-0.7574578523635864,-0.26538631319999695,1.476954698562622,-1.064208984375,-0.4255999028682709,-0.8451391458511353,1.3127955198287964,0.25169244408607483,0.2465038299560547,-0.32155662775039673,-0.45861777663230896,0.7960561513900757,0.6615163683891296,1.240673303604126,0.3724260628223419,-1.0951963663101196,1.4716079235076904,0.8620714545249939,-1.5191192626953125,-0.4430135488510132,1.1666322946548462,0.8750821352005005,0.9847370982170105,0.6298592686653137,1.6353002786636353,0.2149837166070938,0.3993128538131714,1.361352562904358,-1.2070497274398804,-0.025290831923484802,-0.647750198841095,1.7745624780654907,1.5401955842971802,-0.7763957977294922,0.36859598755836487,0.3613331615924835,-0.7672950029373169,0.8245329856872559,-0.35519400238990784,2.2075273990631104,-1.1378229856491089,-0.4856153428554535,-0.8488689064979553,1.2586420774459839,-0.08632761240005493,-0.632908046245575,-0.8123226165771484,0.34471964836120605,-0.464420884847641,-0.6960673332214355
1.4639464616775513,0.43953660130500793,2.212062358856201,0.6945891380310059,0.4784941077232361,0.01423488650470972,0.9817298650741577,-0.5266169309616089,0.3666226267814636,0.18395453691482544,0.7191397547721863,-2.207789182662964,-0.6986172795295715,0.9390926361083984,1.375869631767273,0.26565057039260864,0.12097427248954773,1.1454448699951172,1.213560700416565,-1.7177189588546753,0.46261391043663025,-0.402334600687027,-1.1348785161972046,1.3901249170303345,-2.1113994121551514,-0.8143666982650757,-0.5979136824607849,-0.7585468888282776,-0.15873673558235168,-0.574522078037262,-0.5855218768119812,0.39832624793052673,-0.2206888347864151,1.0475330352783203,0.595273494720459,1.4592853784561157,0.17918936908245087,0.018971487879753113,0.5355421304702759,0.2786250710487366,0.1414993703365326,0.1997203826904297,2.6297481060028076,0.3361727297306061,-0.3438583314418793,0.5705205202102661,0.2039356380701065,-1.0649123191833496,-0.29512444138526917,-0.2592107355594635,0.130295068025589,-0.8757059574127197,0.48862069845199585,0.4000127613544464,1.094374418258667,1.027622938156128,-1.1501604318618774,0.32655030488967896,-0.25160759687423706,0.9548127055168152,0.027550648897886276,0.23897945880889893,-0.3037373721599579,-0.30978044867515564,1.1529039144515991
-1.4477030038833618,-0.18827968835830688,1.3342089653015137,-1.0050716400146484,0.3700276017189026,-1.7636100053787231,1.7445530891418457,0.5648054480552673,-0.004690099973231554,0.9735010266304016,-2.3912198543548584,0.3534974753856659,-0.36318108439445496,1.9228464365005493,0.22803837060928345,0.7061499357223511,0.5380252599716187,0.8492274284362793,1.4494292736053467,1.448844075202942,1.796836018562317,-0.9970301389694214,-0.46945756673812866,-0.7368472814559937,-0.7335464954376221,0.8105382323265076,-0.9164859056472778,0.06958851218223572,0.4698348939418793,0.9921862483024597,1.220137357711792,-0.1555507332086563,-0.2834427058696747,0.6849563121795654,0.32804200053215027,0.0861956849694252,-0.8226629495620728,0.5309785008430481,-1.5819244384765625,0.7109807729721069,-0.38675612211227417,1.6081665754318237,-0.09336323291063309,1.1761164665222168,-0.1321360468864441,0.6506549715995789,-0.1866796910762787,-0.7265577912330627,0.29800304770469666,-0.9543858170509338,1.4555472135543823,0.7473562955856323,0.1735515296459198,-0.629867672920227,-2.002603530883789,0.03600837662816048,-0.5481534004211426,-0.7827134728431702,-0.8265784382820129,1.3522754907608032,0.5824864506721497,0.9241251945495605,1.3660951852798462,0.8029682636260986,-0.7833070158958435
-1.5885440111160278,0.6612377762794495,-0.2883168160915375,-0.6449548006057739,-0.7224857807159424,0.7904834747314453,-0.6048667430877686,1.1950087547302246,0.43039605021476746,0.25936925411224365,-1.233608365058899,0.04088204726576805,0.3670908212661743,-0.5433422923088074,0.40660959482192993,-0.9376397728919983,-1.4173030853271484,0.01449735090136528,-0.5808632969856262,0.21251869201660156,-0.4606039524078369,0.6672983765602112,0.14428618550300598,0.2124730795621872,-1.021946907043457,1.6149365901947021,0.5196483731269836,0.7499176263809204,-1.0811116695404053,0.31831756234169006,-2.402467966079712,-0.09380228817462921,-1.6483980417251587,-0.2788202464580536,0.08147528767585754,-0.4894472360610962,-0.059729401022195816,-0.11249149590730667,-1.1092771291732788,0.7584718465805054,0.4698830544948578,0.6728394031524658,0.411338210105896,-0.7952925562858582,-0.800632894039154,-0.6580038070678711,-1.1031370162963867,1.162278652191162,0.3560817837715149,-1.3674571514129639,0.8016625642776489,-0.6202003955841064,-0.20925478637218475,0.4521920382976532,0.0817679911851883,-1.0443193912506104,0.7109407186508179,-0.8693808317184448,-0.25364384055137634,0.8344218730926514,1.4041945934295654,0.4798040986061096,-0.892726719379425,-1.4989800453186035,-0.501267671585083
0.7174906730651855,0.022144991904497147,0.40487411618232727,0.7964369654655457,0.16319358348846436,-0.5672152638435364,0.16698533296585083,1.5742247104644775,-0.6756831407546997,-0.58661288022995,0.8532835245132446,-0.09288441389799118,-0.9200385808944702,-0.6749217510223389,-0.4342916011810303,-0.8269859552383423,-1.4319288730621338,-1.7024704217910767,0.892825722694397,-0.9943951964378357,-1.719499945640564,-1.1767326593399048,-0.735939621925354,-0.8342816829681396,-0.3255501687526703,0.9546977281570435,0.5213000178337097,-1.4901787042617798,-0.16049358248710632,1.4238253831863403,0.16561134159564972,-1.5881657600402832,-0.48583340644836426,0.7607688307762146,-0.6906506419181824,0.544029176235199,0.9929287433624268,0.4701012670993805,1.2431840896606445,-0.01395388599485159,0.16969729959964752,1.1745409965515137,0.2886209189891815,-1.6850665807724,-2.3761587142944336,0.15598595142364502,-0.8224998116493225,-1.5884320735931396,-0.8935289978981018,-0.5753923058509827,-0.6174665093421936,1.1493085622787476,-0.39368993043899536,-0.5302448272705078,0.16203217208385468,0.8422786593437195,0.10816938430070877,-0.5165812373161316,1.8745545148849487,0.21772430837154388,0.1469036340713501,1.5893827676773071,0.8240963220596313,-0.4345443844795227,-0.03402821719646454
1.4578323364257812,-1.1672804355621338,-1.1464253664016724,0.5071739554405212,0.07428059726953506,1.171707034111023,0.12250660359859467,1.2905396223068237,0.9342054724693298,0.25573498010635376,-0.7405864596366882,0.08696971833705902,0.4364902377128601,0.9787863492965698,-1.208587884902954,-0.33958515524864197,0.9271143674850464,0.798652708530426,0.5900334715843201,-0.08787576109170914,0.06763193756341934,0.5723375678062439,1.3673902750015259,0.8384527564048767,0.6680616736412048,1.3448668718338013,-1.6701849699020386,-0.8494423627853394,-0.10370254516601562,1.2130489349365234,0.7146005034446716,0.5396376848220825,-0.48524078726768494,0.08857905119657516,1.1854437589645386,-0.39152881503105164,-0.011273982934653759,-0.12772808969020844,0.9476315975189209,-1.0916181802749634,-1.4376277923583984,-0.4299978017807007,-0.09087682515382767,0.7279826998710632,-0.03983847051858902,0.6577475666999817,-0.35379934310913086,-0.07087455689907074,-0.40661898255348206,-1.5669749975204468,-1.1723073720932007,-0.8538103699684143,-0.4033082127571106,1.726014256477356,0.6116703748703003,0.001005670172162354,1.4925296306610107,0.6947797536849976,-1.0025317668914795,0.5332606434822083,-0.4301774501800537,-0.3354107439517975,1.3555086851119995,0.7930732369422913,0.5539506673812866
0.5067527890205383,-0.5098590850830078,-2.2126474380493164,0.3177279531955719,-1.5766292810440063,-0.6598788499832153,-0.4661729633808136,-0.973821759223938,-0.88237464427948,-1.1262454986572266,-0.4586028456687927,0.3873879611492157,0.2058381587266922,-0.43350106477737427,-1.6736525297164917,1.0317095518112183,0.5093358755111694,-0.13051187992095947,-0.6270013451576233,0.8958386778831482,-0.32981279492378235,-1.0392471551895142,-0.6620216965675354,-0.8014466166496277,0.372636616230011,-0.49975505471229553,-0.6621397733688354,0.1061134859919548,-0.3212832510471344,-0.3536584675312042,0.2420647293329239,-0.045791804790496826,-0.8086140155792236,-2.410687208175659,-2.447253704071045,0.8513847589492798,0.8066746592521667,-1.094827651977539,0.6321786046028137,-0.7684846520423889,-1.8489717245101929,-0.38534218072891235,0.14515970647335052,0.05714463070034981,0.7232936024665833,0.06586198508739471,0.786073625087738,-1.297937035560608,-0.5749765038490295,2.020268440246582,1.0173442363739014,-1.8853490352630615,-2.0127813816070557,-1.125393271446228,0.20552793145179749,-2.4401872158050537,-0.06987548619508743,-0.7995050549507141,-0.020479485392570496,0.009141135960817337,-0.7854171395301819,2.2455358505249023,-1.4911810159683228,-0.3659634292125702,0.24244694411754608
-0.5747962594032288,-0.2742357850074768,0.9194704294204712,-1.6906650066375732,-0.5142627954483032,0.17878106236457825,-0.46729573607444763,0.09951866418123245,0.7884794473648071,0.7648621797561646,-0.35714900493621826,-0.7815025448799133,-2.0043084621429443,0.477596640586853,-0.054918572306632996,1.1644233465194702,-0.05573569983243942,-0.28861552476882935,-0.5770136713981628,0.388864666223526,-1.5079848766326904,-1.353723406791687,-1.3787263631820679,-0.2036505788564682,0.6706846952438354,-0.5327814221382141,0.3743804395198822,-0.4342907965183258,-0.6659241318702698,-0.809209406375885,0.14433448016643524,0.07740803062915802,1.522899866104126,-1.3686294555664062,0.4804828464984894,0.4912033975124359,2.0226757526397705,1.751183271408081,-0.47280609607696533,2.097611427307129,1.0683338642120361,-0.7291158437728882,-0.236862450838089,0.9676968455314636,1.3405474424362183,-2.029313325881958,-0.14253129065036774,-0.2199409008026123,-1.37360680103302,-0.35820162296295166,0.7406506538391113,1.9918551445007324,-1.5051288604736328,1.5287102460861206,0.6424345374107361,-1.3350317478179932,-1.0001147985458374,0.781298041343689,-0.29421865940093994,-0.49905523657798767,-1.0130492448806763,-1.041111707687378,-0.8334782719612122,-0.18547087907791138,0.9784751534461975
-0.13049101829528809,2.8229305744171143,-1.679720163345337,0.29129844903945923,2.014880657196045,0.26462823152542114,-1.6177960634231567,0.5670390129089355,0.403463214635849,1.300062656402588,0.9195261001586914,-0.15596163272857666,1.3401371240615845,0.22829711437225342,0.0887155681848526,0.5806944966316223,1.2339900732040405,-0.24402688443660736,-2.247714042663574,0.4198695719242096,-0.8676953315734863,1.1269018650054932,-0.1926981508731842,0.7003136277198792,0.28658631443977356,1.3716672658920288,1.786550760269165,0.6712242364883423,-0.6009387969970703,-0.7895277738571167,-0.7784762978553772,1.765125036239624,0.24699264764785767,0.582118570804596,1.4837967157363892,-0.9358357191085815,0.4536641836166382,0.4383092224597931,0.4919321835041046,-0.44224533438682556,-0.03388229012489319,-2.2781736850738525,0.15441608428955078,0.2433956265449524,0.840022087097168,-1.3657971620559692,-0.7901635766029358,0.8807123303413391,-1.2209751605987549,-0.1764744073152542,0.5223943591117859,0.5994398593902588,-0.18722838163375854,0.13615171611309052,-0.3836818337440491,0.24464984238147736,0.6096974611282349,1.0266811847686768,0.45830202102661133,-0.030442360788583755,-0.25314223766326904,-1.3887016773223877,1.1185827255249023,-0.5024328827857971,0.7175753116607666
0.42383667826652527,0.6387590765953064,0.5282889604568481,0.8900309801101685,0.816890299320221,0.6345603466033936,-0.8158094882965088,0.13351832330226898,-0.9092428088188171,-0.813351035118103,0.5221560001373291,-0.3662923276424408,0.3612283766269684,-1.0167078971862793,0.47921279072761536,-1.3365141153335571,-0.08034897595643997,-1.5344692468643188,-0.7731547355651855,-0.8583357334136963,-0.6062180399894714,-0.15601859986782074,0.25650253891944885,-0.5234464406967163,-0.005629025399684906,0.018639609217643738,-0.379128634929657,-0.07667247951030731,-1.0155725479125977,-0.04027508199214935,0.33292156457901,0.3537377417087555,0.7128894925117493,-0.5837852358818054,-0.4539377689361572,-0.3064628541469574,-1.1995620727539062,-0.6189529299736023,0.17568494379520416,0.40309786796569824,-0.969894528388977,-0.41963568329811096,-0.57724928855896,0.025146715342998505,-0.5919048190116882,-0.7522032260894775,-1.238932490348816,0.8762942552566528,-1.1182093620300293,-1.6346601247787476,-2.064983606338501,-0.6106975078582764,0.27120211720466614,-1.1518381834030151,-0.7242761254310608,-0.1694754809141159,0.12538927793502808,-0.30862581729888916,-1.5127217769622803,-1.3720431327819824,-0.808851957321167,-0.40618690848350525,-0.9169228076934814,-0.6888494491577148,-1.203579068183899

Slice 39
-0.24485188722610474,-0.11073420941829681,-0.8715323209762573,-1.2782130241394043,-0.058469563722610474,0.5392609238624573,-0.3115791082382202,0.7294663190841675,-1.8412437438964844,-1.116748332977295,-0.20897167921066284,-0.1220259740948677,0.26179805397987366,0.03689853847026825,0.8987429141998291,-0.9083031415939331,-0.6633341908454895,0.5719517469406128,-0.8795682787895203,-1.0975075960159302,1.075890302658081,0.7269537448883057,-0.7536913752555847,-0.057377368211746216,-2.400195360183716,-0.734061598777771,-1.0044286251068115,-0.37106725573539734,1.1124751567840576,-0.7712990641593933,1.120232343673706,0.27859261631965637,0.5983125567436218,2.3141677379608154,0.9972156882286072,1.3487486839294434,0.29211753606796265,-0.5300397276878357,-0.9958469271659851,-0.3324352502822876,0.7974573969841003,0.34304192662239075,-0.8360676169395447,0.821721076965332,0.19676221907138824,0.3518112301826477,0.47927993535995483,-0.039322108030319214,-0.709486186504364,0.3550649881362915,-0.8621264696121216,-1.8554120063781738,1.067358374595642,0.4233863949775696,-0.6995683908462524,0.8996251225471497,0.8839839696884155,1.0934921503067017,0.6777129769325256,-0.770175039768219,-1.0053802728652954,-0.17644886672496796,-0.33992254734039307,-0.6431415677070618,-0.6400631666183472
0.17489340901374817,-0.6414867639541626,-0.024328604340553284,0.6829874515533447,-0.0011273741256445646,-1.065380573272705,-0.9387682676315308,-0.9146331548690796,0.48398518562316895,1.112923502922058,-0.7011402249336243,-1.0714949369430542,0.5660536289215088,-0.7692280411720276,-0.5453550815582275,-0.07268840074539185,1.5241273641586304,0.25300753116607666,-1.1362665891647339,-0.5540261268615723,1.3537418842315674,0.5890688300132751,0.3276892602443695,-2.1160316467285156,1.1005115509033203,-1.5214977264404297,-0.1607559323310852,1.5127100944519043,0.40582898259162903,1.8221096992492676,-0.29846882820129395,-0.8704043030738831,0.08396949619054794,-0.5908660888671875,-0.9681230187416077,-0.5092699527740479,-0.01967436820268631,-0.9010612368583679,-1.3528468608856201,1.6769829988479614,0.08152557164430618,-0.06610734760761261,0.9560109972953796,-0.5452373027801514,0.6436967253684998,-0.018153401091694832,1.0881234407424927,-1.1482473611831665,-0.807435154914856,0.5141624212265015,0.6222943067550659,0.8566581010818481,0.41732266545295715,-0.7471676468849182,0.48990195989608765,-0.07337406277656555,0.5716404914855957,-0.8599202632904053,-0.8149399757385254,-1.093870997428894,-0.46431612968444824,-1.1962990760803223,-0.15105444192886353,-0.2797594964504242,-0.2804216742515564
-0.48245009779930115,1.0776538848876953,0.1028847023844719,-1.420076608657837,0.20171035826206207,-0.42908719182014465,-0.1477942168712616,-1.4789328575134277,-0.8486164808273315,2.156733512878418,0.3285187780857086,0.7423475980758667,0.6902088522911072,1.1438301801681519,1.0186885595321655,-0.10031849890947342,1.993889570236206,0.9357805252075195,0.517991304397583,-0.6875337958335876,-1.4883410930633545,1.3500189781188965,-0.7559710144996643,-0.33434081077575684,1.240070104598999,0.9906836748123169,1.1765973567962646,-1.5365805625915527,-0.9372729063034058,0.035399895161390305,-0.31582844257354736,0.19926287233829498,0.9293456077575684,-1.3005000352859497,0.42227813601493835,1.1266145706176758,-0.0570857934653759,0.2678111493587494,-0.3426605761051178,1.3429479598999023,1.7068809270858765,-0.3813190758228302,-0.29627999663352966,1.7495847940444946,-0.3060082197189331,1.178537368774414,-0.7381077408790588,-1.6402968168258667,-0.956394374370575,-1.5465867519378662,-0.8971372246742249,1.2178233861923218,0.1893911361694336,-0.3740234375,0.3664737343788147,0.9993903040885925,-0.9987892508506775,0.9536843299865723,-1.2429141998291016,-2.0460147857666016,-0.7287853956222534,-0.9230145812034607,0.24375516176223755,1.6682136058807373,0.14436526596546173
-0.14714530110359192,1.9574064016342163,0.3558632433414459,2.076385021209717,0.1408422440290451,-1.945793867111206,-0.4395013451576233,-1.127397060394287,-0.288833886384964,-0.1678844839334488,1.4073529243469238,-1.3064650297164917,-1.244896411895752,0.1356355994939804,0.10100206732749939,-0.876818060874939,-0.8030847907066345,-0.3387140929698944,-0.9274380207061768,0.03581462427973747,-1.367325782775879,0.07019457966089249,-1.0937031507492065,0.11962400376796722,0.546735942363739,-0.9365565180778503,-0.4127516448497772,3.1347968578338623,-1.122704267501831,1.1923656463623047,0.350421667098999,0.47737133502960205,0.28581470251083374,1.6970429420471191,-0.8386554718017578,1.640276312828064,0.49272677302360535,1.055324912071228,-1.2099950313568115,0.27545860409736633,-0.8431788682937622,-0.303838849067688,1.8760228157043457,0.83929044008255,-0.7406960129737854,0.0754043236374855,0.19038031995296478,-0.38579797744750977,-1.4726430177688599,-0.03419044613838196,-0.5929019451141357,-1.9590383768081665,-0.40979936718940735,0.6167035102844238,0.21021123230457306,-0.05795653536915779,-0.16514798998832703,-0.39607200026512146,0.754999041557312,0.09323436766862869,0.2702275216579437,-1.2868956327438354,-0.5704392194747925,-0.8236569166183472,-1.8665690422058105
-0.23454518616199493,0.6139480471611023,1.4737799167633057,1.8383651971817017,-0.15364065766334534,0.3680974245071411,-0.09018140286207199,0.3306768536567688,-1.9515385627746582,-0.21109417080879211,-0.9766530990600586,1.5177944898605347,0.4471234083175659,-0.2729448080062866,-1.3207082748413086,-0.9073802828788757,-1.1619691848754883,1.6129401922225952,1.6031551361083984,-0.6248770356178284,0.9023805260658264,-1.0746009349822998,1.9366189241409302,1.088221549987793,-1.1536184549331665,-0.8486190438270569,-1.8148539066314697,2.0299532413482666,-0.42244410514831543,1.3256877660751343,0.5090640783309937,-0.47091853618621826,-0.8951196074485779,-0.370878666639328,0.0012776866788044572,0.9454405903816223,0.858129620552063,0.787392258644104,-0.7447577118873596,-0.9230155348777771,-0.2185993790626526,2.396289825439453,-1.3001335859298706,-1.6625970602035522,0.47408291697502136,-1.7518848180770874,0.6008684635162354,0.7011448740959167,-1.1150559186935425,-0.4277583658695221,-1.10008704662323,0.7833694219589233,0.825484573841095,-0.8306910395622253,-0.571839451789856,-0.5767732858657837,-0.609645664691925,-0.4470793604850769,0.015866491943597794,-0.7473996877670288,-0.8181102871894836,-1.0565526485443115,0.4463038146495819,0.7403964996337891,0.5700535774230957
-0.08409332484006882,1.1275442838668823,-1.0338985919952393,2.160426378250122,1.0533174276351929,0.3943564295768738,0.9845050573348999,0.8623127937316895,-0.9001339673995972,1.077358603477478,1.3803824186325073,0.3296141028404236,-0.2076236605644226,-0.4905131161212921,-0.11348061263561249,-0.7841530442237854,0.9711999893188477,-0.1175931915640831,0.37710240483283997,-1.740612506866455,0.01652831770479679,0.6560078263282776,0.846805214881897,-0.6866622567176819,0.21921385824680328,-0.9896574020385742,-0.1824430227279663,0.49852195382118225,-0.250153124332428,0.8592523336410522,-0.46091312170028687,-0.7341501116752625,0.06133466958999634,0.3418463170528412,-0.4914397597312927,0.4551907777786255,1.5378715991973877,-0.9968075752258301,1.26137113571167,1.3552308082580566,-0.6709992289543152,-1.4756138324737549,0.9473752379417419,1.4593547582626343,0.09736769646406174,-0.3336135149002075,0.798300564289093,-0.5964219570159912,-0.32234638929367065,-2.191490650177002,-0.19807204604148865,1.1475647687911987,0.23420676589012146,-0.3053053319454193,-0.4749752879142761,1.0332945585250854,-0.6017379760742188,1.0747971534729004,-0.17534139752388,-0.30350518226623535,-1.222521185874939,-0.19967198371887207,0.5608490705490112,0.5910351872444153,0.27603378891944885
1.0075753927230835,-0.04456309229135513,2.6448593139648438,0.26172205805778503,0.2074623703956604,0.9842612147331238,-0.3095798194408417,0.02240385301411152,0.5895510315895081,-0.24824462831020355,0.2278013825416565,-1.8133437633514404,-0.673865556716919,0.07282985001802444,0.2833364009857178,1.398007869720459,0.8372751474380493,0.2770971655845642,0.33061081171035767,1.2379429340362549,-0.4161352813243866,-0.9702150225639343,-2.14644193649292,1.3036938905715942,-0.7332897186279297,-0.8702618479728699,0.7838008403778076,-0.4966876804828644,0.20933164656162262,-1.3164268732070923,1.353684663772583,0.9137335419654846,-2.346651792526245,-0.33788374066352844,-1.9339625835418701,-1.536273717880249,0.3689855635166168,2.0138816833496094,-0.2024519443511963,-1.2347643375396729,-0.28618016839027405,-1.1115628480911255,-0.608738362789154,0.04199860990047455,0.9098460078239441,0.6547481417655945,0.5333632230758667,0.18239326775074005,0.6753215789794922,0.24881023168563843,0.773117184638977,0.4421182870864868,0.6495022773742676,0.20121265947818756,0.6822570562362671,0.48725470900535583,-0.13290801644325256,0.44986873865127563,1.2259399890899658,-0.15087804198265076,0.9828780293464661,0.7409658432006836,1.5543322563171387,-0.7022050023078918,-1.970704436302185
1.0354368686676025,0.6125264167785645,-0.5834937691688538,0.9861174821853638,-1.3155832290649414,-0.1503545194864273,1.2480641603469849,-1.1202058792114258,1.4797613620758057,0.20449675619602203,0.771682858467102,-0.2472945749759674,2.2196710109710693,0.027017798274755478,-1.1161773204803467,0.867618978023529,-0.5375744104385376,-0.9462995529174805,-1.0775163173675537,0.45083892345428467,0.38406941294670105,-1.7280203104019165,-0.11607150733470917,-0.20393328368663788,-0.28787949681282043,1.9722535610198975,0.5462196469306946,-0.5595088601112366,0.6374830007553101,1.9284425973892212,-0.3264225125312805,-0.22479400038719177,0.5609959363937378,-1.4822790622711182,1.8264427185058594,0.4417651891708374,-1.0981823205947876,1.0350062847137451,-1.0187890529632568,-0.321706086397171,-1.3076560497283936,0.9709585309028625,-1.0540345907211304,-0.5554186701774597,0.869477391242981,-1.6757030487060547,1.4796980619430542,-1.8954837322235107,0.8307369351387024,0.44900834560394287,2.0536739826202393,-1.7760299444198608,-1.7520512342453003,0.6244462728500366,1.5413224697113037,0.8902759552001953,0.6188015341758728,0.016561537981033325,0.3466241955757141,-0.8317773938179016,0.5164902806282043,-0.708676278591156,0.17328386008739471,-1.0025444030761719,-1.742527961730957
0.8071607351303101,-0.6432221531867981,-0.35343459248542786,-0.5616293549537659,0.22838959097862244,-1.3385993242263794,0.9231259226799011,1.5089542865753174,-0.03237180411815643,-0.6851155161857605,-0.3697034418582916,-0.00660907244309783,-0.7148263454437256,-0.6365740299224854,-1.159889817237854,0.06306685507297516,-0.6389182806015015,-0.3358306586742401,-2.4028639793395996,-1.4015920162200928,1.4865763187408447,0.7632349133491516,1.3917707204818726,0.31015264987945557,0.37694117426872253,-0.23834779858589172,0.300508588552475,0.0254872664809227,0.9385202527046204,-0.33364978432655334,0.6051665544509888,0.8656612038612366,-1.2179200649261475,0.32552772760391235,-1.9085378646850586,1.3953332901000977,-1.5318418741226196,-0.09991041570901871,-0.8337692022323608,-1.3433641195297241,-0.8162251710891724,-0.5911138653755188,-1.5640935897827148,0.07250073552131653,-0.9623035788536072,1.1324650049209595,1.498287320137024,-0.6586096286773682,-1.549304723739624,-1.349705696105957,0.9412462711334229,-1.315045714378357,1.1401699781417847,-0.5240465998649597,1.5225850343704224,-0.9971134662628174,1.4403388500213623,-1.1947180032730103,1.4868451356887817,-0.8181195259094238,0.1965247541666031,0.08123438060283661,-0.3336111903190613,-1.5308281183242798,-0.10683627426624298
-1.4396916627883911,-0.11470337212085724,-1.7312116622924805,0.12505993247032166,1.5148922204971313,1.0293512344360352,-1.6238033771514893,-0.4015471935272217,-0.6981335282325745,0.30433353781700134,-0.6184592247009277,2.0023510456085205,-0.15546539425849915,-1.645058035850525,1.1484037637710571,0.041052598506212234,-0.19476069509983063,1.2240532636642456,0.8641471862792969,0.42210671305656433,-0.9292198419570923,0.7889832258224487,0.9786157011985779,0.6045769453048706,0.18059837818145752,-1.9432743787765503,-0.33659297227859497,0.019709598273038864,-0.5738362669944763,-0.24087466299533844,-0.8455714583396912,0.9077832698822021,-0.2563905715942383,0.40561801195144653,0.22296784818172455,0.5358205437660217,0.6779915690422058,-0.9140975475311279,2.0828070640563965,0.6853793263435364,-0.6766900420188904,0.4836703836917877,-0.15320457518100739,1.1875295639038086,0.5096455812454224,0.9845535159111023,-0.9867445230484009,1.1094121932983398,1.0957751274108887,0.4048599302768707,-0.1539684236049652,1.441699743270874,-0.033378612250089645,-1.5069879293441772,-1.3393115997314453,-0.4385054409503937,-1.2478952407836914,-0.34262144565582275,0.8192184567451477,0.5646862387657166,-1.1039977073669434,-1.3938093185424805,-1.6724953651428223,-0.2023361325263977,-0.16029395163059235

Slice 40
1.0363142490386963,-0.9475938677787781,0.4031316339969635,-0.9903682470321655,1.096980333328247,1.074285626411438,1.1956026554107666,-0.20399504899978638,1.5274916887283325,0.00677155889570713,-0.5801100134849548,-0.9112553000450134,-0.4958106279373169,-0.6548925638198853,1.2327756881713867,-0.6983876824378967,1.3732655048370361,0.0794476792216301,-1.0587224960327148,1.0454885959625244,1.0882166624069214,-0.10296257585287094,-1.2842024564743042,1.411721110343933,2.431661367416382,0.7324332594871521,-1.114688515663147,1.0091043710708618,-0.29767346382141113,-0.7659087181091309,-0.9132974147796631,0.13610944151878357,-1.1460516452789307,-1.4256525039672852,-0.9470532536506653,0.48833587765693665,0.1567572057247162,-0.19056051969528198,0.044173914939165115,-0.309706449508667,1.0026445388793945,-0.7765311002731323,-0.5077201128005981,0.6892857551574707,-0.920548677444458,0.1404692679643631,-1.3548423051834106,0.05258295685052872,-0.35346511006355286,-1.1712872982025146,-0.8239269852638245,1.9765459299087524,-0.7345520853996277,-0.8433530926704407,0.476744145154953,-0.2447628527879715,-2.1832756996154785,-0.8265740871429443,-0.6038247346878052,0.2613160014152527,-0.0010423085186630487,-1.0837476253509521,-0.7001187801361084,0.6561425924301147,0.20926564931869507
-1.5398364067077637,-1.1672207117080688,0.601955771446228,0.5175006985664368,-1.8222500085830688,-1.038996696472168,-0.3784334361553192,0.17923112213611603,0.9564377069473267,1.6981655359268188,0.33636385202407837,1.4575501680374146,0.9481123685836792,-1.1729917526245117,-0.6910527944564819,1.5559502840042114,-0.7317671179771423,0.462919145822525,1.6387243270874023,0.0512385219335556,0.9627697467803955,0.3455584645271301,0.5223073959350586,0.13186196982860565,2.0240252017974854,-1.3690309524536133,0.06918366998434067,-0.1271260678768158,-0.04392006993293762,0.7116327285766602,1.1662253141403198,1.3554123640060425,0.3876074254512787,1.0855389833450317,0.04824187979102135,0.04460686072707176,-1.6837892532348633,0.28778958320617676,0.2925766706466675,-1.8504197597503662,1.815008521080017,-0.40055039525032043,-0.2698401212692261,0.018391229212284088,0.07064423710107803,0.9737864136695862,0.7959251999855042,-1.2467777729034424,-0.5326581597328186,-0.7484517097473145,-0.4133935272693634,-0.9220127463340759,-0.5557683706283569,-3.1410715579986572,-0.7455811500549316,-0.9818486571311951,-0.6223573684692383,-0.20431602001190186,-1.22355055809021,-1.0574638843536377,-0.17997309565544128,-1.2970300912857056,-0.7666673064231873,-1.4108855724334717,-0.7726212739944458
0.4805883765220642,-1.6567025184631348,1.9583569765090942,-0.4567352533340454,0.2765815854072571,-0.9693081378936768,-1.0173676013946533,0.5468485355377197,0.9605111479759216,0.21605896949768066,0.3680177927017212,-0.8429375886917114,-0.6278752684593201,0.656650185585022,0.06558992713689804,0.16110126674175262,0.22637948393821716,0.2967786192893982,0.31926941871643066,0.27846288681030273,-0.911110520362854,0.030994592234492302,-0.06458083540201187,1.1891602277755737,1.211928129196167,-0.778113603591919,-0.9618386626243591,0.29350435733795166,-1.568026065826416,-0.9423505663871765,-1.0686297416687012,-0.14620700478553772,-0.8964095115661621,-1.348090648651123,-1.0038694143295288,-2.326298236846924,1.2001343965530396,0.7852942943572998,-1.9963098764419556,0.9681298732757568,-0.09359519183635712,1.5926841497421265,-1.6731398105621338,-0.031532127410173416,0.4290688633918762,-1.4995474815368652,-0.4791453778743744,0.9329603910446167,-0.7470442652702332,-2.2313954830169678,-0.7101449370384216,-1.6525565385818481,-1.3694528341293335,1.3221267461776733,-0.6516488194465637,-1.1311432123184204,0.46582359075546265,-1.5904616117477417,-0.7308013439178467,0.6155743598937988,-0.03729667142033577,-1.1662737131118774,-1.690138339996338,0.03191675990819931,-1.3231375217437744
0.13897240161895752,0.3311498761177063,0.7262230515480042,0.9606758952140808,0.38308051228523254,1.7744196653366089,1.195129632949829,-0.6743642091751099,0.5692273378372192,0.48926663398742676,-1.9724234342575073,0.18727070093154907,-0.6880550980567932,-0.5673769116401672,-1.0513343811035156,0.3428737223148346,-0.6204923391342163,-0.14305101335048676,1.5093514919281006,0.188084214925766,-0.9200133681297302,0.2290840744972229,0.012359206564724445,0.04168697074055672,0.0976574644446373,0.9559787511825562,1.4543994665145874,-1.7975943088531494,-1.039304494857788,1.4679515361785889,0.4815579652786255,-0.7510645389556885,2.216885805130005,1.682833194732666,0.9875174760818481,1.3129699230194092,0.1949194222688675,0.08420532196760178,0.6728489995002747,-1.5156410932540894,0.3091103434562683,1.6782320737838745,1.058663010597229,0.47870180010795593,-0.07198750227689743,-0.9450060725212097,1.5075135231018066,-1.2350311279296875,0.7838082313537598,-0.7326962947845459,0.5401560664176941,-0.21693186461925507,-0.6650163531303406,-1.0663272142410278,0.34795689582824707,-1.2389377355575562,-0.3907362222671509,-0.7499550580978394,-0.5032166242599487,-0.11431843042373657,1.8580121994018555,-1.015267252922058,-0.39619874954223633,-1.0461547374725342,1.0883928537368774
0.4825529158115387,0.41625022888183594,-0.9168573617935181,0.2198198437690735,-0.18790271878242493,-2.0119683742523193,-1.5994915962219238,1.4312844276428223,0.775047779083252,-0.9143664836883545,-0.746729850769043,0.38437649607658386,-3.1316704750061035,2.0123329162597656,-0.08705669641494751,-0.23623032867908478,-0.40577006340026855,1.4591219425201416,0.5566010475158691,1.1147998571395874,1.5167444944381714,-0.3004055917263031,-0.8202415704727173,0.8040114641189575,1.3298943042755127,-1.7967891693115234,-0.1256108582019806,1.9919236898422241,1.2540936470031738,0.6209856271743774,-0.9198534488677979,0.5136294960975647,0.7662627100944519,-0.04205998778343201,-0.5945748090744019,0.8191620707511902,1.4282768964767456,0.26422765851020813,-2.298097848892212,0.5204170346260071,0.5391098260879517,0.7657646536827087,-0.6481281518936157,-0.26137208938598633,-1.10677170753479,-1.0418899059295654,-0.7734190821647644,-0.9940667152404785,-0.38234996795654297,-0.09425529092550278,0.10974989086389542,-0.2076147198677063,-1.2189027070999146,1.440874695777893,0.9514895677566528,0.13760720193386078,0.7629886269569397,0.35175707936286926,0.46238240599632263,-0.3488714098930359,-0.8255862593650818,1.4327762126922607,1.2601797580718994,0.4315059781074524,0.3086353540420532
0.24924108386039734,-1.0468415021896362,-0.2809993326663971,-0.8457692861557007,-0.8301781415939331,-0.7860085964202881,-1.6051852703094482,0.1132650375366211,-1.663114309310913,1.8391286134719849,-0.2335382103919983,-0.4548555016517639,-1.2770429849624634,0.4935162663459778,-0.8668926358222961,0.374140202999115,-0.08952418714761734,-1.1796162128448486,1.0808614492416382,1.2315338850021362,1.4634692668914795,-1.4011857509613037,-1.0870351791381836,0.7560375332832336,0.48306846618652344,-0.9955801367759705,-0.10816319286823273,-0.18355607986450195,-1.5265449285507202,0.478097140789032,1.2017582654953003,0.1075296700000763,0.5339733958244324,1.9892754554748535,-0.3251001834869385,0.42091843485832214,-0.3736605644226074,-0.2459472417831421,-1.8708438873291016,-1.4465252161026,-0.5274872779846191,0.24905122816562653,-0.5188375115394592,-0.9092428684234619,0.20738650858402252,-1.3448857069015503,-0.27353882789611816,-1.9611610174179077,0.6946460604667664,-0.4932042360305786,-1.1473360061645508,-0.03418413922190666,-2.0736300945281982,0.2791801691055298,-0.43035659193992615,-0.931779682636261,-0.387289822101593,-1.3552041053771973,-2.359653949737549,-0.618048906326294,0.5737524628639221,-0.733851969242096,-0.2420440912246704,1.2790278196334839,0.5412248969078064
-0.8718571662902832,1.0127842426300049,0.7497810125350952,0.723654568195343,-0.9268569350242615,-0.0183889027684927,-0.7577438950538635,-0.46176499128341675,-0.3243446350097656,-1.31209135055542,0.33133694529533386,0.5134416222572327,0.3757038116455078,0.9873136281967163,-1.864350438117981,-1.3093687295913696,0.934818685054779,1.820544719696045,-0.09770523011684418,-0.6676045060157776,-1.086057186126709,2.314152717590332,-0.573010265827179,1.0412812232971191,-1.2726045846939087,-0.8851748704910278,1.7169450521469116,-1.803249716758728,-0.6126458048820496,-0.9364816546440125,0.9557538032531738,1.5466692447662354,1.7924301624298096,0.42719948291778564,0.31177741289138794,0.19913853704929352,-0.24963591992855072,0.5232976675033569,0.009689670987427235,0.42102184891700745,-0.5156224966049194,-0.21095018088817596,-0.48454588651657104,0.8903592228889465,-0.5867651700973511,0.8283957839012146,-0.7634209990501404,-1.2402771711349487,-1.2848286628723145,0.8150535821914673,1.7662994861602783,0.0326477587223053,1.0098222494125366,1.028632640838623,-0.17611342668533325,-1.2490553855895996,0.14432385563850403,0.3012961149215698,1.297423243522644,0.22882923483848572,-0.5664891600608826,0.8532609343528748,0.7311879992485046,-1.6728205680847168,0.9622794389724731
-0.6428592801094055,-0.6047376990318298,0.6013444662094116,0.5210233926773071,-1.3485872745513916,0.09616073966026306,0.16327352821826935,-0.28223249316215515,1.6995024681091309,-0.3675852417945862,0.28188273310661316,0.6832916736602783,1.9228415489196777,-0.15795020759105682,-0.8852628469467163,0.13540007174015045,-1.6604924201965332,-0.7301823496818542,-0.8439468741416931,-1.057237982749939,1.0664575099945068,-0.49936342239379883,-1.3204121589660645,1.242079496383667,0.556087076663971,-0.6592178344726562,-0.24393722414970398,1.1779593229293823,-0.09365949779748917,0.8948945999145508,1.1314696073532104,-1.2431362867355347,-0.14430543780326843,-0.778363049030304,-1.859346628189087,1.818469762802124,0.4534241259098053,-1.8915326595306396,0.35946857929229736,-0.15004220604896545,0.3027612864971161,-1.314517617225647,-0.9726148843765259,-1.5877118110656738,-0.8441815376281738,-2.1342926025390625,0.1138283908367157,0.35250940918922424,1.547105073928833,0.07682019472122192,1.1176700592041016,-0.9876044392585754,1.1919195652008057,0.7127262353897095,-1.6680142879486084,-0.8351165056228638,-1.5164116621017456,-0.7094526886940002,-0.23300005495548248,-1.9637566804885864,-1.4155282974243164,-1.7374331951141357,-1.4163076877593994,0.15669037401676178,1.1509578227996826
1.6201719045639038,-0.0756785199046135,-0.8799760341644287,-1.471617579460144,1.3584595918655396,1.0572410821914673,1.2796223163604736,0.5397225022315979,-1.1072479486465454,-0.3086366355419159,-1.9311504364013672,1.8938006162643433,0.26954320073127747,-1.3218886852264404,0.7017428874969482,-1.2043122053146362,1.0046323537826538,0.09731253236532211,0.24296875298023224,-0.37729814648628235,-0.1869337409734726,-0.9582257866859436,0.9196079969406128,0.5315190553665161,0.08607994765043259,0.550606906414032,-0.6112304329872131,-1.446824073791504,0.7096244692802429,-0.8649488687515259,0.7350721955299377,0.6252171993255615,-0.4653365910053253,-0.5555189847946167,-0.17220008373260498,-0.49378445744514465,-1.9656555652618408,-0.5292205810546875,1.4699010848999023,-2.0443320274353027,-0.42157992720603943,-1.5554395914077759,0.5793167352676392,0.8210899829864502,-1.4615869522094727,0.5760626792907715,-0.20431853830814362,-2.0621185302734375,-0.2075788676738739,1.162163496017456,-0.6476792693138123,0.8976120352745056,-1.371570348739624,0.5855985283851624,-0.13870613276958466,-0.22506341338157654,-2.1789329051971436,0.07636099308729172,-1.6120312213897705,-0.01571912318468094,-0.21549361944198608,-0.08291523903608322,0.1984192579984665,0.6004135012626648,1.1642177104949951
-1.1404987573623657,-0.14250563085079193,0.6697527766227722,0.6980504989624023,-1.2773268222808838,-0.2987498939037323,-0.5635079741477966,1.5685920715332031,-0.14569509029388428,-0.7209807634353638,0.9076417088508606,1.2681306600570679,-0.1294325590133667,0.5398914813995361,-0.8441938161849976,-0.7696030735969543,0.3292292654514313,-0.4392407536506653,-0.8489698171615601,-0.6317870616912842,-0.4490581452846527,-0.15289166569709778,1.1817548274993896,1.0334089994430542,1.3343185186386108,0.23101216554641724,-0.24906025826931,1.806214451789856,1.2308406829833984,0.6565238833427429,-0.622175395488739,-0.032189786434173584,0.35084405541419983,-0.7427278757095337,0.328054815530777,-0.40319767594337463,-0.7087600231170654,-0.07432049512863159,0.8567807674407959,-0.550304114818573,-0.9748464822769165,0.3306385576725006,1.066262125968933,-0.3039197623729706,-0.23746846616268158,-0.16738471388816833,0.47149983048439026,0.3334425091743469,-0.5192831754684448,-0.4097568988800049,1.0145275592803955,1.1769057512283325,1.6407842636108398,0.18600994348526,-1.4665117263793945,0.16914239525794983,0.5225459933280945,0.732218861579895,0.8288604021072388,-0.4090234339237213,-0.06416777521371841,-0.4762297570705414,0.5236273407936096,-0.8733278512954712,-1.2190017700195312

Slice 41
-1.1572853326797485,-1.281077265739441,0.9571303725242615,0.7675068378448486,-0.8206249475479126,0.47918447852134705,-0.7604135870933533,0.24802783131599426,-1.6795061826705933,1.0655702352523804,0.26746439933776855,-0.09090951830148697,-2.4631295204162598,-0.20134098827838898,-0.9268382787704468,0.6866346597671509,-0.5876400470733643,-0.8637800812721252,-0.9149787425994873,-1.1188973188400269,-0.7796202898025513,0.2735068202018738,-0.7692312002182007,-0.1824103742837906,-1.8560779094696045,-0.4766247570514679,0.03298801928758621,1.396751880645752,1.0760833024978638,-0.6205194592475891,-0.7967782020568848,-1.0204336643218994,-2.2895994186401367,-1.3464958667755127,-1.3338426351547241,1.0804600715637207,1.2368056774139404,2.0245471000671387,0.2783668041229248,-1.752834677696228,-0.6929672360420227,0.8166841864585876,-1.0081015825271606,-0.7945735454559326,0.8844316601753235,-1.4451916217803955,0.94715416431427,0.6417499780654907,-0.3356093764305115,-1.3120982646942139,-1.880995750427246,-0.8525452017784119,0.7343693971633911,0.9022405743598938,-0.7017594575881958,-0.49924424290657043,0.29144948720932007,0.5790565609931946,1.135207176208496,0.6903788447380066,-1.0873817205429077,-0.04899321869015694,-0.542384922504425,1.4545183181762695,-0.08636955171823502
0.8419066667556763,-0.2302682101726532,2.145747661590576,0.006670619361102581,1.1007708311080933,-0.20657095313072205,0.3698020577430725,-0.5621967911720276,1.1065210103988647,1.5811731815338135,-0.3767459988594055,0.05993199720978737,1.4072446823120117,-1.3319544792175293,-0.8171650767326355,-0.27270305156707764,-0.7258562445640564,0.006651097442954779,-1.1732959747314453,0.6736714839935303,0.5547927618026733,-0.29067766666412354,-0.7983922958374023,-0.988960862159729,-0.10309747606515884,-1.2797746658325195,1.2591438293457031,0.7533896565437317,1.1147984266281128,0.2476397156715393,-1.8980050086975098,-0.7413046956062317,-0.04514112323522568,0.7855837345123291,0.15552660822868347,-1.3045482635498047,-0.18082895874977112,1.344132900238037,-1.1679683923721313,1.562253475189209,-0.39358994364738464,-0.1929660588502884,-1.1057335138320923,-1.4775798320770264,-0.2071506381034851,-0.12646226584911346,0.17334064841270447,1.3020814657211304,-1.027322769165039,-2.2983062267303467,-0.17835810780525208,0.9014760255813599,1.2513561248779297,-0.5008170008659363,-0.30084922909736633,-0.5071315169334412,1.436383605003357,0.4973386824131012,1.351675271987915,1.630505919456482,1.7014460563659668,1.8567818403244019,-2.0462095737457275,-0.9196904897689819,0.4243212044239044
-1.2766834497451782,0.14317463338375092,0.5774472951889038,-0.38114240765571594,0.04032158479094505,2.3405723571777344,-0.1562080979347229,2.336793899536133,0.43829110264778137,0.4033481776714325,-0.8585691452026367,-0.8056028485298157,0.5437846779823303,1.5012102127075195,0.838316023349762,0.22846616804599762,1.5014326572418213,0.04456770792603493,1.243514060974121,0.45546361804008484,-0.09857463836669922,0.39421337842941284,1.4459528923034668,1.2334873676300049,0.7378755211830139,0.7376586198806763,-0.971971869468689,-2.859149932861328,-0.8148068785667419,1.770551085472107,-0.07784363627433777,2.0496175289154053,0.7466477751731873,-1.150626301765442,0.07679832726716995,-0.551541268825531,-0.22004592418670654,1.4526894092559814,-1.5753135681152344,0.30189868807792664,1.438014030456543,-0.2458231896162033,-0.39943432807922363,-0.2481549084186554,0.0955405980348587,2.1033501625061035,0.6381944417953491,0.5062094330787659,0.48067423701286316,1.1774321794509888,0.8588447570800781,-2.1748032569885254,0.2179008424282074,-0.3661152124404907,0.2015978991985321,0.2610228359699249,-0.028235943987965584,1.1045548915863037,0.025037147104740143,-0.5741400718688965,1.2702864408493042,0.0022034000139683485,1.755256175994873,0.3441962003707886,-0.9053934812545776
1.5603885650634766,-2.3617236614227295,0.6875490546226501,2.1019906997680664,0.7834274768829346,0.03239867091178894,1.405623435974121,0.548519492149353,-0.44749727845191956,-0.6672319769859314,-0.9480079412460327,-1.1534361839294434,1.0997095108032227,-0.6319842338562012,0.9584563374519348,1.8557945489883423,-0.9068484306335449,0.02343323826789856,0.72214275598526,0.6594926118850708,-1.4529953002929688,1.0357731580734253,-1.1510454416275024,0.7874011397361755,0.19713929295539856,-1.2545230388641357,-0.8065264821052551,1.5073267221450806,-0.7916730046272278,1.4803335666656494,1.2460362911224365,-0.729026198387146,-1.4566344022750854,-0.4518437683582306,-0.7337895631790161,-1.2515162229537964,-0.9964128732681274,-0.5657188892364502,1.199070930480957,-0.26815807819366455,-0.7797859907150269,-1.6597976684570312,1.2657088041305542,-0.9766833186149597,-1.3316166400909424,-0.8204531669616699,-1.6967482566833496,0.0014773756265640259,-0.2327393740415573,0.8527551293373108,-0.43740248680114746,-0.3932283818721771,-0.586537778377533,1.0035576820373535,-0.11117400974035263,-1.3743990659713745,1.2299336958676577e-05,-1.4634848833084106,-0.7012108564376831,1.1217535734176636,2.0069053173065186,-0.29932308197021484,-1.8808592557907104,0.9062539935112,-1.9377790689468384
1.0152891874313354,-0.6420900821685791,1.998366117477417,1.433083415031433,0.2938435673713684,0.649379551410675,1.4047958850860596,1.6726213693618774,-0.31433188915252686,-0.5275627374649048,-0.04375103488564491,1.1282014846801758,-0.6980018615722656,-0.9497169256210327,-1.2864606380462646,-0.3229699432849884,-0.36561456322669983,-0.9890487194061279,-1.542790412902832,0.07630861550569534,1.9490832090377808,-1.3685332536697388,-0.8571695685386658,-0.6339501738548279,2.018516778945923,-0.8095890879631042,-0.7781304121017456,0.31542596220970154,-0.9220089912414551,1.2045867443084717,0.04370679706335068,0.7441303133964539,-0.44248828291893005,-0.6036964058876038,-2.215635299682617,-2.904797077178955,-1.0851479768753052,-0.4111611545085907,-0.2401636689901352,-0.0330340601503849,-0.007074972148984671,1.417202115058899,0.852910578250885,-1.2141844034194946,0.6808852553367615,-0.10723903030157089,0.6295275092124939,-1.393007755279541,-1.4327402114868164,1.5660548210144043,2.126666784286499,-0.06616333872079849,-1.1059478521347046,-0.8494920134544373,0.6174848079681396,0.175986185669899,-1.243557095527649,-0.8138026595115662,-0.0980605036020279,0.27611055970191956,-0.3996582329273224,-1.9540719985961914,-1.2814946174621582,1.1434544324874878,1.0296454429626465
1.0669054985046387,-0.5914006233215332,-1.4605350494384766,0.015360110439360142,-1.6844253540039062,-1.2681583166122437,-1.5374224185943604,-1.498650074005127,0.2458169162273407,0.8448046445846558,0.6967878341674805,0.1836691051721573,1.438318133354187,-1.1935665607452393,1.1055959463119507,1.7205660343170166,-0.9110233783721924,0.7716037631034851,1.3984699249267578,1.9173085689544678,-1.297266960144043,-0.2984448969364166,-0.18713825941085815,-1.178572416305542,-2.016172170639038,0.7768015265464783,1.1253858804702759,0.29200053215026855,0.364000141620636,-1.7700474262237549,1.3090593814849854,-1.034072995185852,-0.6355224847793579,0.013256424106657505,-1.3813508749008179,0.05744236335158348,0.0017984133446589112,0.7706162929534912,1.6895641088485718,0.36421310901641846,-1.5662394762039185,1.2342357635498047,-0.31756824254989624,-1.6772652864456177,-0.742551326751709,1.0620880126953125,0.3086310625076294,0.7750340104103088,2.3949639797210693,-0.6229411959648132,-1.3629860877990723,2.2020413875579834,-0.7837576270103455,-1.1754682064056396,0.8199878334999084,-0.26176273822784424,0.6051469445228577,-0.528344988822937,1.761242151260376,1.2902623414993286,0.6019164323806763,-0.003596645314246416,1.6941381692886353,1.163204312324524,-0.9535033106803894
0.657541036605835,0.31123510003089905,-0.9573071599006653,0.12890392541885376,-0.31301769614219666,0.5535106062889099,-0.6250946521759033,0.8100389838218689,0.9607057571411133,-1.1588037014007568,1.3264065980911255,1.5500825643539429,-1.1452124118804932,-0.2717724144458771,-1.7026960849761963,-0.16475710272789001,-0.59076988697052,2.22686505317688,1.8696134090423584,1.7721718549728394,-0.14927197992801666,0.2542109191417694,-0.4244583547115326,-0.6319054365158081,0.20257072150707245,1.7294716835021973,-0.5481377243995667,-0.5204771161079407,-1.573659062385559,-0.6267351508140564,-1.4148520231246948,-0.31570103764533997,1.272235631942749,0.8711674213409424,1.9556870460510254,-0.3288346230983734,-2.5863709449768066,-1.596205711364746,0.16073517501354218,1.4760974645614624,0.42080700397491455,0.5681076049804688,0.540340006351471,-1.9478650093078613,0.5207803249359131,-1.0065128803253174,0.5860549807548523,-0.005444489419460297,-0.3312448561191559,-1.387283444404602,0.6824219822883606,0.6596658229827881,0.8061048984527588,-0.08060981333255768,-0.3576361835002899,-1.6427569389343262,1.0557488203048706,-0.3621293902397156,-0.9465758800506592,-0.6500610709190369,-0.8851829171180725,1.5714006423950195,-0.7220702767372131,-0.49434033036231995,0.061861101537942886
0.37453344464302063,0.39218175411224365,-1.0577797889709473,0.2347377985715866,0.6575997471809387,-0.8054264187812805,0.2002015858888626,-0.7163242101669312,1.567468523979187,0.0920209214091301,1.784618616104126,2.2670202255249023,-0.27476632595062256,0.17026396095752716,-0.9914132952690125,1.7779321670532227,-0.8164535164833069,-0.5054611563682556,0.7459861636161804,0.3556986153125763,-0.7997872829437256,-0.540673017501831,0.6798967123031616,-0.4423719644546509,0.3961351811885834,-0.04288478195667267,-0.5527204275131226,-1.424580693244934,-1.2664941549301147,0.5440338850021362,0.6101329922676086,0.6012547016143799,0.38679561018943787,-0.7575854659080505,1.905697226524353,1.4509081840515137,-1.1193476915359497,-0.2590223252773285,-0.6885855197906494,0.885418713092804,0.1817140430212021,0.26375287771224976,-0.4605623185634613,-1.8149508237838745,-0.293083518743515,0.20135536789894104,0.8598361015319824,1.2661166191101074,-0.7443084716796875,-0.8989342451095581,0.30973246693611145,-0.030097078531980515,0.9282538294792175,-1.0246999263763428,0.4273085594177246,-1.0918490886688232,0.5737773180007935,0.7302058935165405,-1.1852481365203857,-0.8977402448654175,0.2197212129831314,0.4019918441772461,1.394769310951233,-1.0800038576126099,-1.0147137641906738
-0.0993090495467186,-2.01108455657959,-0.09229294955730438,-0.5627440810203552,-0.5003483891487122,1.3227051496505737,-1.5513672828674316,0.7476028203964233,0.22503744065761566,1.3653391599655151,-0.8314989805221558,-0.3992603123188019,0.6370616555213928,1.9469552040100098,0.5399217009544373,-0.2155207097530365,1.47970712184906,-0.4293820261955261,-0.2528742849826813,-0.2795668840408325,-1.2563660144805908,0.9477024674415588,1.7429051399230957,-0.9131491184234619,0.4465683102607727,-0.7531498074531555,-0.916938304901123,0.11299561709165573,0.3724035620689392,-0.3000820279121399,0.07727683335542679,0.9886403679847717,-0.5536683201789856,1.115768551826477,-1.494773507118225,-1.8063515424728394,0.9867029786109924,1.3495872020721436,1.748245120048523,-0.06871042400598526,1.8573694229125977,0.9460338354110718,1.601312518119812,-0.37093546986579895,-1.7022356986999512,0.3689308762550354,2.14460825920105,0.02045215480029583,2.2005653381347656,-0.9136514067649841,0.6674048900604248,0.5894308686256409,-0.009167986921966076,-0.7121962308883667,-0.716103732585907,-0.6042019724845886,-0.8564839959144592,1.8063812255859375,0.9337180852890015,0.604526162147522,-1.4338734149932861,-0.7714508175849915,2.1530611515045166,1.0637997388839722,-2.176736354827881
-0.6531381011009216,0.18244439363479614,0.3418402075767517,-0.5760878920555115,-1.0056240558624268,-0.06095666438341141,-0.7867593169212341,-0.2473994642496109,1.4694077968597412,1.0402806997299194,-1.412021517753601,-0.11658545583486557,-0.5930590629577637,0.7689521312713623,-1.550989031791687,0.004499855451285839,-0.482035756111145,-1.306451439857483,0.1751156747341156,-0.8266436457633972,-1.927682638168335,-1.6964603662490845,1.6870759725570679,-0.3658306300640106,-2.6752381324768066,1.494210124015808,-0.32387182116508484,0.43626102805137634,0.3586006462574005,0.8940604329109192,-0.37534570693969727,1.1140278577804565,-0.26172739267349243,0.2908218502998352,0.4955870807170868,-0.041417282074689865,-0.2638177275657654,0.06414968520402908,0.5213980674743652,0.995142936706543,1.263429880142212,-0.9693158864974976,-0.2688579857349396,-0.5693976283073425,-1.2421706914901733,1.3739190101623535,0.002722725970670581,0.6956395506858826,1.0813181400299072,-1.7522646188735962,0.4340108036994934,-0.7094590067863464,-0.7999303936958313,-0.49017754197120667,0.6931238174438477,1.2363272905349731,0.8391981720924377,1.019334316253662,0.4348386228084564,1.0523531436920166,-0.6088916659355164,1.1538478136062622,3.175493001937866,0.4733598828315735,-1.4795211553573608

Slice 42
1.962685227394104,1.1704412698745728,0.6833478808403015,0.3958693742752075,-0.8477732539176941,1.8877047300338745,1.0277113914489746,1.1815747022628784,-0.4196663498878479,-1.3784531354904175,-0.11920454353094101,1.5028451681137085,-0.17844706773757935,-1.8110461235046387,1.5947246551513672,0.282492071390152,1.4126445055007935,0.2817020118236542,0.7367497086524963,0.6767615079879761,-0.31804195046424866,-1.050864815711975,-0.1655983030796051,-0.9276089668273926,-1.8456165790557861,1.242750883102417,0.057040855288505554,0.022776233032345772,0.9642060399055481,-1.9908242225646973,0.2496936321258545,-2.550144672393799,1.1553267240524292,-0.5421425700187683,2.0619595050811768,-1.7716423273086548,1.2493146657943726,-0.4796435832977295,0.4801114797592163,-1.367428183555603,0.4880451560020447,-0.36199405789375305,-0.4514316916465759,-0.76067715883255,0.14618945121765137,0.6114848852157593,-0.4743384122848511,2.0122182369232178,-1.0139741897583008,-0.9867238402366638,-0.0521719790995121,0.8894338011741638,-0.33212700486183167,0.5140026807785034,-1.5856047868728638,-1.4407453536987305,-1.1188791990280151,0.6178598999977112,-0.5962805151939392,2.110163688659668,1.9905359745025635,-1.0690608024597168,1.0953713655471802,-1.4958996772766113,0.4350614845752716
-0.017742585390806198,2.5052096843719482,-0.11494484543800354,0.14226622879505157,1.714016079902649,0.05732286348938942,-0.2790558934211731,-0.6839888095855713,-0.48979806900024414,1.3793003559112549,0.08075407147407532,0.7318493723869324,0.5244458913803101,0.7375757694244385,-0.7232645153999329,1.3058428764343262,0.2270883470773697,-1.997589349746704,-1.6721322536468506,0.20299308001995087,1.0808225870132446,0.13432273268699646,0.9934846758842468,-0.6968508362770081,0.1924027055501938,-0.6890866756439209,-2.124340772628784,2.1278669834136963,-0.46823054552078247,-0.37417933344841003,1.5975513458251953,0.21032699942588806,-0.6166377663612366,0.14223206043243408,0.6606972813606262,0.4958591163158417,1.1727904081344604,0.9524833559989929,1.8111335039138794,-0.8589097261428833,-0.9271584749221802,-1.609198808670044,-1.5081571340560913,0.2472592145204544,0.6349760890007019,-0.34458819031715393,-0.9717586636543274,1.331165075302124,-0.5350051522254944,0.33363306522369385,0.9317632913589478,-1.1711947917938232,1.3647385835647583,0.0857512354850769,0.13616982102394104,-1.8806769847869873,0.5788414478302002,-0.6333081722259521,-1.356652855873108,-0.7020214200019836,0.1841159462928772,-0.09359180927276611,-0.14154963195323944,1.0566682815551758,1.9334259033203125
-0.34114664793014526,-0.0595603883266449,-0.5130789279937744,0.0727405846118927,-0.7089556455612183,-1.7657111883163452,-1.6293236017227173,-2.0485036373138428,-0.7611345648765564,-0.008754225447773933,-1.0959649085998535,-1.2432307004928589,-0.3583284914493561,1.3177368640899658,-0.30500420928001404,-1.8647600412368774,-0.9110367894172668,0.49345552921295166,-0.13009290397167206,-0.6064900159835815,0.42785465717315674,-0.15837261080741882,0.9452875852584839,-1.9021488428115845,0.9058476090431213,-0.5795612335205078,-0.05828062817454338,-0.7008582949638367,-1.4845579862594604,1.0938920974731445,1.0589951276779175,1.3918653726577759,-0.7035518884658813,-1.278295636177063,0.649056613445282,-1.4843755960464478,0.7921257615089417,0.09707454591989517,-0.16231097280979156,1.2484103441238403,-1.4007761478424072,-1.1971510648727417,0.10765478760004044,-2.0472183227539062,0.14960877597332,-0.4002282917499542,0.7075618505477905,-1.2223622798919678,0.26310428977012634,0.14105075597763062,-0.42903149127960205,-0.30545657873153687,-1.3345953226089478,0.9283782243728638,0.7588229775428772,-0.47550326585769653,-0.6260110139846802,-0.4039615988731384,0.20762024819850922,-1.5681155920028687,-1.2332592010498047,0.17206934094429016,-0.556350588798523,1.1286052465438843,-1.4852068424224854
1.683853030204773,0.14430512487888336,1.4269856214523315,0.5782471299171448,0.7303888201713562,1.0797349214553833,0.5518832802772522,-1.1531982421875,-0.5376738905906677,-0.9731603264808655,-0.9220702648162842,-1.029179573059082,-0.13467250764369965,-0.9755195379257202,0.28453555703163147,-0.40537208318710327,2.122981071472168,-0.2231014370918274,-1.0191001892089844,0.5639796853065491,-0.7092078328132629,0.8599551916122437,-0.4823951721191406,1.2354291677474976,-0.6286063194274902,-0.3761948049068451,-0.9611732363700867,0.572750449180603,-0.4794404208660126,-0.2217860072851181,-0.34650900959968567,-0.2958409786224365,0.902184009552002,-1.6633185148239136,-1.4364519119262695,-1.526444911956787,-0.45112144947052,-0.4513784945011139,-0.41250500082969666,-0.10809837281703949,0.828987181186676,0.15692557394504547,0.26621389389038086,0.7217005491256714,-0.27795228362083435,1.1278313398361206,1.3886042833328247,-1.4179478883743286,0.4648258686065674,0.2913631796836853,0.05087663605809212,1.3967252969741821,1.2302839756011963,-0.6065256595611572,-0.2618800401687622,0.3304518759250641,-1.2299259901046753,-0.4681873023509979,-0.1745528131723404,0.8188648819923401,-1.4979090690612793,-0.2460402548313141,-0.3831534683704376,-0.17212669551372528,1.5266480445861816
0.11533284187316895,-1.2739070653915405,-1.2552071809768677,0.5397512316703796,0.11679358780384064,1.0146710872650146,-0.5128253698348999,0.6244713664054871,1.773396372795105,0.5111342072486877,-1.967550277709961,-0.2478071004152298,-0.20262639224529266,-0.7648434638977051,0.8414270281791687,0.48639559745788574,0.8071435689926147,0.7438114881515503,-0.3338536322116852,1.5613963603973389,-0.5065838098526001,1.4311530590057373,-0.8861671090126038,-0.9675111770629883,0.10300200432538986,1.7322847843170166,0.7956789135932922,-0.14769677817821503,2.1669719219207764,-0.3689110279083252,-1.272867202758789,0.7093844413757324,0.5185668468475342,-1.5696650743484497,-1.1800137758255005,-0.42210516333580017,-1.1041594743728638,0.4114943742752075,1.144533634185791,0.4960803687572479,-0.04077933356165886,-2.0535573959350586,0.5182185173034668,1.0852293968200684,0.3783749043941498,-1.40397047996521,2.402193069458008,-0.027288712561130524,-0.6769422888755798,0.5943043828010559,1.5214825868606567,1.848787546157837,0.7917497158050537,0.07465042173862457,0.10312939435243607,0.9995778799057007,-0.10415222495794296,-0.48671793937683105,0.486706018447876,0.01430603303015232,0.07148594409227371,-0.8597184419631958,-1.191422462463379,0.2861514389514923,1.7015659809112549
-1.066583514213562,-1.4577522277832031,-1.3270537853240967,0.15364588797092438,1.215972661972046,1.382883071899414,-0.5105990171432495,1.0459010601043701,0.11201997101306915,0.34582310914993286,-0.8053983449935913,-2.080713987350464,-1.7225868701934814,-1.9952586889266968,-0.8585187792778015,-0.2242000550031662,-0.8569314479827881,-0.36997121572494507,-2.783233404159546,-1.973663568496704,-1.1535710096359253,-1.7566101551055908,0.5226266980171204,-0.656947135925293,1.2605780363082886,-0.6273655295372009,-0.6022095084190369,0.06132916733622551,1.5198308229446411,-1.571124792098999,1.0759119987487793,-0.4962718188762665,-0.8917900919914246,0.47998547554016113,-0.8617124557495117,0.029445204883813858,-0.6195728182792664,-2.412731885910034,-1.511319637298584,0.3742538094520569,0.2801400125026703,-1.1071501970291138,0.7666719555854797,0.6925281882286072,-0.5904061198234558,0.6417840123176575,0.6330836415290833,-1.6225457191467285,2.644987106323242,1.0782012939453125,-0.39072534441947937,-0.05840348079800606,1.627630591392517,-0.6152792572975159,0.8288472294807434,-1.3511531352996826,-0.6359238624572754,-0.4520730674266815,-0.6192784905433655,0.980179488658905,0.8835204839706421,0.012871663086116314,0.7864230275154114,0.9349774718284607,1.136060118675232
-0.20782165229320526,1.0376086235046387,-0.44175854325294495,-2.0678882598876953,0.9403689503669739,1.0713040828704834,-1.379115104675293,-0.32623153924942017,-0.2218526303768158,2.370699167251587,-0.6595802307128906,0.9475672841072083,-0.00805475190281868,-1.7907603979110718,-0.9751681685447693,0.14930394291877747,1.0172772407531738,-1.3777129650115967,0.01643511839210987,-0.3687710464000702,-0.8831852078437805,-0.9070519208908081,-0.03105185739696026,0.427617609500885,1.464582920074463,-0.7328598499298096,-1.465924859046936,-1.0530911684036255,0.9499527215957642,-1.5309081077575684,-0.14942549169063568,-0.4521767497062683,-2.143500328063965,-0.1915939748287201,0.23511023819446564,0.9612944722175598,0.8595291972160339,-1.2904636859893799,-0.9048567414283752,0.017817888408899307,-1.040592908859253,-0.6240034103393555,-0.5808672904968262,-1.2608580589294434,-0.7028353810310364,1.1634125709533691,1.3503385782241821,-0.12406869977712631,-0.5037997961044312,-0.022456958889961243,1.9766720533370972,-1.0897992849349976,2.3468594551086426,0.8505498766899109,0.6492457389831543,-1.4475730657577515,1.7732502222061157,-1.3035390377044678,-1.9340085983276367,0.8081615567207336,-0.3064175546169281,2.9580161571502686,-1.923101544380188,1.8502296209335327,1.9520519971847534
1.6666887998580933,-0.3120781481266022,1.2228660583496094,-0.15938426554203033,0.7762997150421143,0.8362895846366882,0.9809576272964478,-1.3745547533035278,0.849395215511322,-0.04929637536406517,-0.2303667664527893,-0.308085560798645,0.7012842893600464,-0.42723551392555237,-0.8312666416168213,-0.6072227954864502,0.95636385679245,-0.919069230556488,0.40425485372543335,0.5935757160186768,0.27322471141815186,-1.1932621002197266,0.014500991441309452,1.11782705783844,0.18788976967334747,-0.0911557525396347,-0.24213318526744843,0.06349426507949829,-0.5119973421096802,-0.8005453944206238,0.35291415452957153,0.7305843830108643,0.6947652697563171,-0.7218778729438782,-2.1240761280059814,-0.8463477492332458,-1.4811797142028809,-1.8183926343917847,-0.33039212226867676,0.44086310267448425,1.0124694108963013,-0.8682596683502197,2.1243865489959717,-0.762077808380127,0.8372791409492493,0.2025059163570404,-0.6884459853172302,0.17107532918453217,-1.0562469959259033,0.10374648123979568,0.46133947372436523,-1.1502296924591064,-0.7967841625213623,-0.47975677251815796,-0.24235470592975616,1.6942654848098755,-0.1757439821958542,0.802959144115448,0.29309624433517456,1.2864978313446045,-1.5011131763458252,-0.7288694977760315,0.9289923310279846,0.45037755370140076,0.4755873382091522
0.4030373990535736,-0.2959470748901367,-0.2195361703634262,-0.32768282294273376,-0.3686659634113312,0.26871681213378906,-0.22039350867271423,-0.5731275081634521,0.7863627672195435,-1.3439825773239136,-0.17352694272994995,-0.3215559124946594,0.7695274353027344,1.232171654701233,1.5488187074661255,-0.2803865075111389,-1.0886842012405396,0.1299687772989273,-0.15617156028747559,0.7137159109115601,0.2824803590774536,-0.04840070381760597,-0.996735692024231,-0.9247971177101135,0.3520071804523468,-0.2879425585269928,-0.37577396631240845,-0.6853364706039429,0.4353608787059784,0.48506972193717957,-1.1900451183319092,-1.2785323858261108,-0.5268834829330444,0.9045675992965698,1.4477286338806152,0.43811488151550293,0.28338152170181274,0.662760853767395,0.19954541325569153,-0.026983143761754036,0.44436681270599365,-2.372601270675659,0.8271836042404175,0.7864559292793274,0.3900342881679535,0.19975124299526215,0.8544870615005493,0.44459959864616394,1.139404296875,1.7005553245544434,1.3714786767959595,-0.5714664459228516,0.9570751190185547,-2.5284242630004883,-1.0973414182662964,-0.16611474752426147,-0.32187196612358093,0.9158623218536377,-0.505889892578125,1.855939507484436,-0.23308902978897095,0.2146558165550232,0.8203790187835693,-1.9954376220703125,0.15016546845436096
-0.3978429138660431,-0.3093416392803192,-1.2071999311447144,0.5216160416603088,0.8017966151237488,1.0360069274902344,-0.3944404423236847,-1.4637882709503174,-1.6981908082962036,-0.3275776207447052,-0.2299852967262268,-0.0826890841126442,0.78907710313797,-1.2141668796539307,0.8404865264892578,-0.412034273147583,0.14738638699054718,-0.7735124230384827,1.1406166553497314,1.431206226348877,-1.4168790578842163,-0.16843895614147186,0.1672670841217041,0.05026184394955635,0.7258825302124023,-0.9023866653442383,0.7306128144264221,0.24420124292373657,0.12026774883270264,-1.5302921533584595,0.32713261246681213,0.6668223738670349,-0.22457854449748993,1.3139411211013794,-0.5630632042884827,-0.010015164501965046,-1.2289959192276,1.4635409116744995,1.5395233631134033,1.7908605337142944,-1.1205137968063354,0.6390632390975952,1.6942181587219238,0.7221482396125793,-0.7767307758331299,1.36374831199646,-0.7271310687065125,0.721077024936676,1.1048061847686768,0.8506590723991394,0.444759339094162,1.0171170234680176,-0.42091286182403564,1.883131742477417,0.15871082246303558,1.226983904838562,0.6713907122612,-1.737593412399292,-0.9782414436340332,1.59615957736969,-0.6912183165550232,-0.12674479186534882,-1.2421170473098755,0.462257981300354,1.2431750297546387

Slice 43
-0.9188879728317261,-0.17729552090168,-1.0978316068649292,-0.09044783562421799,-2.1783909797668457,-0.8340187072753906,1.9293712377548218,-0.22990097105503082,1.7467330694198608,1.5084890127182007,-0.321133553981781,1.4379645586013794,-0.29330819845199585,1.2903611660003662,-1.2643024921417236,0.47202470898628235,0.895206868648529,-0.5964894890785217,-1.8573743104934692,2.0517356395721436,0.30942755937576294,1.1568019390106201,0.019081149250268936,-0.04784667491912842,-0.7165249586105347,1.6784260272979736,1.06673002243042,0.770220160484314,-0.7097947001457214,-0.385835736989975,-1.2148436307907104,-0.32096317410469055,-0.2535187304019928,0.4344148635864258,1.7902297973632812,0.12997113168239594,1.3821886777877808,1.5651475191116333,0.6663089394569397,1.0038676261901855,0.3147221505641937,-1.7872850894927979,0.05048014223575592,-1.2445366382598877,1.0064741373062134,0.8140470385551453,-0.19245246052742004,1.2771759033203125,0.6745946407318115,2.1328351497650146,0.34206467866897583,0.25571784377098083,-1.268634557723999,-1.8112928867340088,1.3090429306030273,1.0410692691802979,-0.7913423776626587,-0.6464563608169556,-1.1814403533935547,-1.418494462966919,-0.9563322067260742,-3.1194522380828857,0.9512548446655273,1.4208348989486694,0.17072398960590363
1.549867033958435,-0.22254252433776855,1.162307620048523,-0.8428304195404053,-1.567111849784851,1.1702066659927368,-0.13976942002773285,-0.0866650938987732,0.07483815401792526,-0.9250897765159607,1.2455072402954102,-0.7752758264541626,-0.5479159355163574,-0.7364138960838318,-0.30647632479667664,1.5507127046585083,0.39972129464149475,-0.600141167640686,-0.6383543014526367,-1.5016440153121948,-0.8737866878509521,0.7904136180877686,-0.10975479334592819,-1.5159918069839478,-0.7604027390480042,0.15912343561649323,-0.33092638850212097,-0.15154273808002472,0.6020501255989075,0.4510311186313629,1.1452826261520386,-0.45099517703056335,-0.2696405053138733,0.4249253571033478,-0.3332158923149109,0.12318364530801773,-0.040115948766469955,0.5700839757919312,0.5097871422767639,0.4248916804790497,-1.0830360651016235,-1.5299699306488037,-0.5906425714492798,-1.0597370862960815,-0.28294795751571655,0.2755475640296936,0.10567991435527802,0.3776727020740509,0.8096901178359985,-0.019485004246234894,-0.17156530916690826,-0.32576337456703186,-0.6792070269584656,-2.2093825340270996,-0.6744747757911682,1.2821094989776611,0.8973893523216248,1.105423092842102,-1.0958752632141113,2.147308588027954,0.7109215259552002,0.9258413910865784,0.14653244614601135,-1.006523609161377,-1.1033132076263428
1.380660891532898,2.065065383911133,-1.3598254919052124,-0.3001548945903778,1.678180456161499,0.5515832901000977,-0.512249231338501,0.09751374274492264,0.35731425881385803,0.5796732306480408,-1.5320323705673218,0.28111007809638977,1.8978607654571533,0.9192659258842468,1.3066047430038452,-0.4975353479385376,-2.075979709625244,0.629845142364502,-0.6827301383018494,0.17276859283447266,0.05097141116857529,0.6927630305290222,-0.6775069832801819,-0.41483402252197266,0.8391947150230408,1.3170031309127808,1.3478270769119263,0.3684704303741455,-1.620409369468689,1.3375855684280396,-0.6212764382362366,-0.31894126534461975,1.2232860326766968,-0.6027195453643799,-0.9403685927391052,-0.010749848559498787,0.14871203899383545,-1.439085602760315,-0.13275393843650818,0.3500204384326935,-0.8992363810539246,0.785824716091156,-0.05673671141266823,0.2359980344772339,-1.7465637922286987,-0.4846993088722229,-0.8743709325790405,-1.737927794456482,0.1787146031856537,1.464572787284851,-1.1271432638168335,-0.18727174401283264,0.5419408679008484,-2.3822531700134277,-0.8434109687805176,0.2463798224925995,-1.2699414491653442,-1.180462121963501,-0.39249226450920105,0.5719778537750244,-1.1455774307250977,0.31506115198135376,-0.4510752856731415,-0.7741531729698181,-2.1666111946105957
0.6421830654144287,0.3053121566772461,0.021022848784923553,-1.0671048164367676,1.0803790092468262,-0.3298267424106598,-0.9582539200782776,0.01916259154677391,0.49486619234085083,-1.1559535264968872,0.2122616171836853,0.3800213038921356,-0.4651617705821991,-0.2073509693145752,1.1088911294937134,0.35859769582748413,-0.2662966549396515,-1.0974481105804443,-1.2332561016082764,-1.4455161094665527,1.4751560688018799,1.2412487268447876,-0.047696441411972046,1.9604859352111816,0.44561079144477844,1.9853326082229614,1.4473326206207275,0.8025216460227966,-0.658899188041687,0.9596485495567322,0.14484919607639313,1.436005711555481,0.848919153213501,-0.6139406561851501,0.8755288124084473,-1.3723230361938477,0.11133892089128494,-0.40789374709129333,0.820015549659729,1.5770617723464966,1.1385778188705444,1.670771837234497,-0.32714447379112244,2.8972086906433105,-0.5755004286766052,-0.005424631759524345,-0.8738460540771484,-1.0022140741348267,-1.00411057472229,-0.9900023341178894,-0.048250649124383926,-0.45016077160835266,-1.8496531248092651,2.457987070083618,0.4283905327320099,1.4201576709747314,-0.8390412926673889,-0.4695553481578827,1.0673255920410156,-1.5120785236358643,0.48346295952796936,1.0616788864135742,-1.3639692068099976,0.10207865387201309,-0.038873374462127686
-1.6386269330978394,-2.273071050643921,0.04986071214079857,1.7866908311843872,0.28678837418556213,2.0339083671569824,-0.534027099609375,0.5093382000923157,0.7295990586280823,-1.4801605939865112,1.2794413566589355,-1.5204180479049683,-0.8717734217643738,0.2223857343196869,1.810144066810608,-0.9225081205368042,1.009621024131775,1.683457612991333,0.3001704812049866,-0.9975223541259766,-1.3859626054763794,-1.219804048538208,1.645015001296997,0.812817394733429,0.8765408992767334,-0.7975224256515503,0.6430773735046387,-0.3235265016555786,0.8012526035308838,-0.682174801826477,0.21630844473838806,0.23918887972831726,-0.7698698043823242,1.7021324634552002,-0.7972860932350159,-1.420020341873169,-0.7836487889289856,0.7266702055931091,1.059437870979309,-0.967836320400238,0.2161482572555542,-0.17788593471050262,0.6485596895217896,-0.42713916301727295,-0.9844186305999756,0.4935602843761444,0.11513411998748779,0.31655681133270264,0.07841068506240845,0.12316407263278961,0.5513597130775452,-0.16210924088954926,-1.0098285675048828,0.28451719880104065,-0.7122889161109924,-0.07384316623210907,0.2623977065086365,1.5433294773101807,-1.6715145111083984,1.3031601905822754,1.1393426656723022,-1.1768803596496582,-0.9205843806266785,-0.5994465351104736,-1.0427525043487549
-0.29255411028862,0.5935001969337463,0.7670562863349915,0.17621077597141266,1.7775838375091553,0.9865894317626953,1.101844072341919,1.8019824028015137,-0.3072095215320587,0.444252073764801,-0.6473149061203003,0.16461138427257538,-0.5237479209899902,1.2127960920333862,1.5950583219528198,-0.17445820569992065,-0.4506482779979706,0.5426231622695923,-0.5360546112060547,-0.04610882326960564,-0.32000869512557983,0.721784234046936,-0.6327030658721924,0.45737722516059875,1.8899519443511963,-0.6305707693099976,0.12173861265182495,-1.4000723361968994,-0.5516112446784973,1.5916240215301514,1.005331039428711,-0.2615019381046295,-1.0227347612380981,-0.4021986424922943,0.2778412699699402,-1.1811761856079102,-0.8203089833259583,0.23761293292045593,1.0545293092727661,1.2883455753326416,0.8899418711662292,-0.041785772889852524,0.08137594163417816,0.3858470320701599,-0.7417894601821899,-0.28705403208732605,-0.7274280190467834,-0.1835867166519165,-1.236076831817627,0.009007394313812256,-0.24177469313144684,-0.44548919796943665,1.4294445514678955,0.13718123733997345,-0.2647072672843933,-0.5497269630432129,-0.7218596935272217,-0.6788651943206787,-1.202593445777893,-1.3976523876190186,-0.7051112651824951,-1.244560956954956,1.171052098274231,-0.4887392818927765,-0.22357960045337677
0.0670357346534729,1.3113386631011963,1.3805967569351196,0.6654890775680542,-0.3319258391857147,-0.39736708998680115,0.3977165222167969,-1.2231050729751587,1.0912026166915894,-0.37153929471969604,-1.527406930923462,0.09341523796319962,-0.41301271319389343,-0.08971220254898071,-0.8032187223434448,-0.14988672733306885,-0.27292585372924805,0.09394007176160812,-0.8896996974945068,-1.1365175247192383,0.45240384340286255,-0.2824617028236389,-1.579202651977539,0.998781144618988,0.02604449912905693,-0.4710334539413452,0.6846305131912231,0.47689154744148254,-1.1432970762252808,-0.010957213118672371,0.2159436047077179,1.5042171478271484,0.2099289745092392,-1.0161207914352417,0.3796108365058899,-1.0044667720794678,-0.031818266957998276,2.2387049198150635,-0.16114641726016998,0.5227308869361877,1.2572331428527832,0.6165529489517212,2.332880973815918,0.5987906455993652,0.6912907361984253,1.1060727834701538,-2.396756649017334,0.4085288941860199,0.40231549739837646,-0.8174798488616943,2.0204272270202637,-1.3646056652069092,-0.0875629186630249,0.02445629984140396,-0.98008793592453,-0.9176373481750488,-2.0868520736694336,1.2523127794265747,-0.35761064291000366,1.4789437055587769,-1.6494135856628418,-0.151240736246109,0.18915215134620667,-0.1597023755311966,0.5583692789077759
-0.19149668514728546,-0.8609083294868469,-0.031927548348903656,-0.6118091940879822,-0.630876362323761,0.3918488919734955,1.5547950267791748,1.6216181516647339,-1.0391241312026978,0.4526336193084717,-1.6143625974655151,-1.025399923324585,-1.0885404348373413,1.3564385175704956,0.34446799755096436,-0.20819666981697083,-0.19727571308612823,0.4729071259498596,-1.7883431911468506,0.530410647392273,-0.16696856915950775,-1.2678958177566528,-0.5493290424346924,1.0020391941070557,0.3396824598312378,-0.8566596508026123,0.24361135065555573,-0.7820084095001221,-0.7096548676490784,-0.5280696749687195,0.04674612730741501,0.11345978826284409,1.4658267498016357,-0.03045026957988739,1.0947011709213257,0.5604935884475708,-0.469113826751709,1.0113930702209473,0.8476493954658508,1.1826777458190918,-0.2621447443962097,-0.02174307405948639,0.07264136523008347,1.213126301765442,1.2449568510055542,0.7342621684074402,0.6919842958450317,0.013187037780880928,1.6692330837249756,0.029854239895939827,1.046586275100708,0.40700602531433105,-0.8039032220840454,-0.9563868641853333,-0.4958741068840027,-1.5957595109939575,-0.2864813208580017,-0.7440904378890991,-1.236406683921814,0.569091796875,-0.6027808785438538,-0.8429418802261353,2.1454484462738037,-0.34893566370010376,0.7843704223632812
-0.23487615585327148,-1.5992311239242554,-0.5971554517745972,-0.5340945720672607,-0.13405632972717285,0.6419381499290466,0.32650241255760193,0.4785386323928833,-0.20223765075206757,0.6062840223312378,-0.0522322878241539,0.7003645300865173,-0.5435279607772827,0.8771290183067322,0.7393151521682739,0.8879784345626831,-0.6647971868515015,-0.13884679973125458,1.8245521783828735,0.2727740705013275,1.2017706632614136,1.4718890190124512,0.14776116609573364,-0.1476372629404068,-1.0414457321166992,0.40829113125801086,0.615603506565094,-1.3091691732406616,-0.17892763018608093,-0.28263527154922485,0.3639245927333832,0.9086664915084839,-0.23365794122219086,1.2556920051574707,0.8632656931877136,1.305475115776062,1.629422903060913,-0.018033569678664207,-0.43362531065940857,0.7169656753540039,-0.9603606462478638,-0.10049215704202652,-0.6460086107254028,-2.094292163848877,-0.15965624153614044,1.536769151687622,-0.5408925414085388,-1.181763768196106,0.1458512395620346,0.1420414000749588,-0.8349478840827942,1.724381446838379,-0.01450868509709835,0.013306667096912861,1.9272123575210571,1.858475685119629,-0.03783297538757324,0.9055338501930237,-1.4525103569030762,1.2728062868118286,0.8215620517730713,0.7292035222053528,0.40264660120010376,1.5844676494598389,0.8977753520011902
2.262432336807251,-0.8395364880561829,-0.26841500401496887,0.6150699257850647,0.5250785946846008,-0.7266048789024353,0.004880797583609819,-0.44058430194854736,-1.654982566833496,0.9333235621452332,-0.7286233305931091,1.4934946298599243,0.17616119980812073,0.4699755907058716,0.4697895646095276,0.8629830479621887,1.3504122495651245,-0.7208269238471985,-0.24460899829864502,0.7098154425621033,-0.34765493869781494,0.9765573143959045,-0.7355354428291321,0.3215488791465759,-1.0875117778778076,1.754173994064331,0.17263971269130707,-0.7075907588005066,-0.5250002145767212,0.07863844931125641,2.119563102722168,-0.7158690094947815,-0.8257578611373901,-1.5646522045135498,-1.1653996706008911,-0.8933190107345581,-0.201950803399086,-1.327125072479248,2.427931308746338,-1.511879563331604,-1.3211520910263062,0.7407143115997314,-1.514514446258545,-0.8542983531951904,-0.9205699563026428,-1.4304375648498535,0.4339993894100189,0.5397382974624634,-0.37171414494514465,1.4523138999938965,-1.1857051849365234,-1.2903985977172852,1.3196265697479248,-0.6869170069694519,0.0809168592095375,0.4866620600223541,0.5547581315040588,-1.3920212984085083,0.9846025109291077,0.5095194578170776,0.6486358642578125,-0.7440630793571472,0.6798033714294434,0.3599701225757599,-1.921715259552002

Slice 44
-0.75732421875,-0.5348021984100342,1.6188544034957886,-1.3938673734664917,0.3223643898963928,1.800668716430664,-0.6937811970710754,-1.2822299003601074,0.42892685532569885,-0.9054720997810364,-1.7042813301086426,-0.14684255421161652,-0.35206153988838196,-0.04780101776123047,-1.7328583002090454,0.7683716416358948,1.177528977394104,-0.16120681166648865,0.11550011485815048,-0.6209725737571716,-0.01678292825818062,0.4537157714366913,0.4554777145385742,1.5949616432189941,-1.3565936088562012,-0.34593355655670166,0.7536835670471191,-0.8147466778755188,0.09059583395719528,-0.7729966044425964,-0.5843625068664551,0.498163640499115,0.09587927162647247,-0.34757670760154724,-0.5435929894447327,0.28928202390670776,-0.5993696451187134,0.29513898491859436,-0.12701164186000824,-0.6873554587364197,0.8183039426803589,-0.8383834958076477,-0.0653778612613678,-0.2424159049987793,2.476813554763794,1.4893213510513306,2.3901140689849854,0.15905064344406128,0.6750300526618958,-1.0974745750427246,0.5959984064102173,0.07036692649126053,0.15945599973201752,-0.34722334146499634,-0.8281132578849792,0.4552322030067444,0.12098139524459839,-1.3455214500427246,0.9157719016075134,-0.11489614099264145,0.006139424629509449,-0.2326093167066574,-0.4399415850639343,0.38771918416023254,0.9479867219924927
1.5937793254852295,0.5568792223930359,1.1167376041412354,-0.7665111422538757,-0.9863309860229492,0.36698246002197266,-1.1276711225509644,0.9333341717720032,0.13188602030277252,0.15097908675670624,1.3911086320877075,1.3784139156341553,-0.419981449842453,-0.03576461970806122,-1.006605863571167,-0.5207995772361755,0.7504345178604126,-0.08026707172393799,0.5226678252220154,0.9507721662521362,-0.16042087972164154,-0.31753847002983093,-0.1787731647491455,-0.7231946587562561,-0.09693282842636108,2.3096671104431152,0.34999924898147583,-0.716457724571228,-1.0117545127868652,1.3891832828521729,-1.360817551612854,0.19468510150909424,0.049686603248119354,0.16191555559635162,-0.5206149816513062,-0.9118242263793945,-0.9219337701797485,0.5159653425216675,1.106682538986206,-1.1130603551864624,1.3519856929779053,0.23966050148010254,1.2059766054153442,1.2434606552124023,-0.23467808961868286,-0.6606614589691162,1.9382659196853638,-1.2607210874557495,-0.2740079164505005,1.4536627531051636,-0.4318869411945343,-1.4402140378952026,1.0227196216583252,-0.045775383710861206,-0.7699804306030273,-1.4771300554275513,1.148815393447876,-1.2113454341888428,0.15936248004436493,-1.8245635032653809,-2.0819172859191895,-0.5936965346336365,-0.9500982165336609,1.7929083108901978,-1.4459184408187866
-0.36438602209091187,-0.6112909317016602,0.41288843750953674,-0.6005849242210388,-0.017609450966119766,0.29798123240470886,0.9305442571640015,-0.5173876285552979,0.6755006909370422,-0.14950506389141083,0.06391581892967224,-1.5842211246490479,1.2827733755111694,-0.02339678816497326,-0.1857762187719345,-2.2320423126220703,-0.005526633933186531,0.7534672617912292,0.916425883769989,-0.5478678941726685,1.1661518812179565,0.3393366038799286,0.1570519357919693,0.9550594687461853,-0.5673542022705078,-0.789458692073822,-1.785321831703186,0.4093782603740692,-0.3079957962036133,-0.0011559774866327643,-1.8749282360076904,-0.4358837306499481,0.46681419014930725,-1.3946372270584106,1.5338233709335327,1.1115927696228027,-2.0592877864837646,0.5424545407295227,0.0017250031232833862,-1.8292678594589233,1.9445748329162598,1.5216013193130493,-1.3836369514465332,1.0808801651000977,-0.8615337014198303,0.20556411147117615,1.9248743057250977,0.7510611414909363,-1.735607385635376,-0.19744999706745148,0.6647017598152161,1.1184102296829224,0.24938495457172394,-1.712092638015747,0.03328607231378555,-0.6844496130943298,-0.26886868476867676,1.9513435363769531,1.7378195524215698,-0.5705690979957581,-0.3188789188861847,0.45523175597190857,-0.26974791288375854,0.19931884109973907,-0.6078425049781799
0.13931751251220703,2.1074740886688232,-1.2843416929244995,-1.4836864471435547,-0.16259853541851044,-1.4606757164001465,-0.22833766043186188,0.02934439294040203,0.4348904490470886,-0.023578180000185966,-0.6156845688819885,-0.06953033059835434,0.53020179271698,-0.17494705319404602,-0.7651711106300354,0.16280542314052582,0.23977401852607727,0.976375162601471,0.08831824362277985,0.776747465133667,-1.1622064113616943,1.9513674974441528,1.5152652263641357,-1.0116771459579468,-1.3077778816223145,0.4089681804180145,1.3064559698104858,1.7831939458847046,0.7103661894798279,1.5288591384887695,0.1043097972869873,1.054909348487854,0.6756515502929688,-1.6530500650405884,-0.31717100739479065,0.6848821043968201,-0.1949308067560196,-0.5333602428436279,-0.5950271487236023,1.7081259489059448,0.9970452785491943,1.0524381399154663,1.3761054277420044,0.794293224811554,0.33673545718193054,-0.5210392475128174,0.47784096002578735,0.3801686465740204,-0.5620572566986084,0.8546304106712341,-0.14075078070163727,0.3115236163139343,-0.9570960998535156,1.7670550346374512,1.2823585271835327,0.22391805052757263,1.3849303722381592,0.07363182306289673,1.3147776126861572,1.4664843082427979,0.25672391057014465,-0.677680492401123,0.3102782666683197,0.08702786266803741,0.13442020118236542
0.17604655027389526,-0.6691515445709229,0.23024436831474304,0.22152204811573029,-0.07456907629966736,-1.6607009172439575,1.0628739595413208,0.9039630889892578,-1.2596464157104492,-1.3505111932754517,-0.06174204871058464,-0.47241413593292236,-1.9378786087036133,-1.060109257698059,-1.033026099205017,-0.2721249759197235,-0.6263332962989807,-0.4871270954608917,-0.7064129114151001,-1.117600440979004,1.549258828163147,-1.0843936204910278,-2.0027709007263184,-0.7990012764930725,-0.9537291526794434,-0.6119986772537231,0.014036049135029316,-0.25632309913635254,-1.0011200904846191,-1.3251973390579224,-0.09231875091791153,1.955297589302063,-0.11213692277669907,0.18754275143146515,-1.090325117111206,1.543216586112976,0.7295684218406677,-0.9049053192138672,0.9189444184303284,0.9817659854888916,0.2921920716762543,-1.0431640148162842,-1.0157231092453003,-0.30970317125320435,-0.11805575340986252,-0.3516610562801361,-0.5430566668510437,-2.274557590484619,-0.968661904335022,-0.3921037018299103,1.5948854684829712,1.6247035264968872,0.4122011959552765,0.0719270184636116,-1.1877427101135254,-1.4248852729797363,0.763266921043396,1.978721261024475,0.5815671682357788,-1.0322116613388062,0.8177016377449036,-0.8010239005088806,1.5407289266586304,0.5909855365753174,0.764794647693634
1.0418139696121216,0.6686084270477295,0.5024292469024658,-1.1778489351272583,-0.7743419408798218,0.03981908783316612,-1.6918442249298096,0.536383330821991,1.4701308012008667,-1.4418569803237915,0.2118902951478958,-1.0367110967636108,-0.24302421510219574,-0.8987447619438171,0.03825496509671211,-1.0671743154525757,0.14263121783733368,0.44874250888824463,0.9576054215431213,-1.907625436782837,-1.2794439792633057,1.0960942506790161,1.4167274236679077,-1.418623924255371,1.446729063987732,-1.0125163793563843,-0.5300162434577942,-1.2223625183105469,1.1190072298049927,0.518771231174469,-0.41438472270965576,0.5000190138816833,-1.1632418632507324,-1.3961981534957886,-0.1293652057647705,1.6443616151809692,-1.331801414489746,0.42743855714797974,0.9599536061286926,0.19120381772518158,0.6949276328086853,-1.1180405616760254,0.846684455871582,2.056637763977051,-0.6259401440620422,-1.6511653661727905,0.8463218212127686,0.7566957473754883,-0.162649467587471,0.5073868036270142,1.8788350820541382,1.3884106874465942,-1.3729746341705322,1.9230767488479614,-0.8675664067268372,-0.4559617340564728,0.21179181337356567,-0.7747588157653809,2.008225679397583,1.0204756259918213,0.7951746582984924,0.6035915613174438,1.2628790140151978,-0.6587923169136047,-1.09525465965271
-0.35580894351005554,0.5222038626670837,-1.1565183401107788,0.9593145847320557,1.658581256866455,0.6831960678100586,0.8185358047485352,0.45434314012527466,0.2046416997909546,0.7347634434700012,-0.007351005915552378,1.3779127597808838,0.833126425743103,0.9407196640968323,-0.19988535344600677,-0.4976395070552826,1.3445743322372437,1.327475905418396,1.3530735969543457,-0.81023108959198,-1.023463487625122,-0.5264922976493835,0.23625436425209045,1.005618929862976,-0.11975224316120148,-0.2193390130996704,0.9390788674354553,0.9754003882408142,-0.5702422261238098,-1.454125165939331,-1.8428148031234741,0.8687864542007446,2.0269052982330322,2.257917642593384,1.612425446510315,0.17783646285533905,1.1445039510726929,2.027751922607422,0.03010096400976181,-0.5092929005622864,-0.768098771572113,1.5253947973251343,-1.0955761671066284,-0.9185091853141785,-0.37086221575737,0.3672111928462982,-1.172590970993042,0.8968302607536316,-1.2455942630767822,-0.8322318196296692,-1.3039261102676392,2.205953359603882,0.5959955453872681,-0.6344299912452698,1.1883543729782104,1.2131904363632202,-0.24631302058696747,-0.1052398756146431,-0.7509071826934814,-1.507696270942688,-0.7997543811798096,-2.342705249786377,-0.6703250408172607,-0.5165833234786987,-0.43791308999061584
0.7499518990516663,-1.4298548698425293,-2.0511608123779297,-0.09919732809066772,-0.8987234234809875,0.8255587816238403,0.16302205622196198,-1.9489495754241943,-0.11248426884412766,0.7696819305419922,-0.3198035657405853,0.7225472927093506,0.5429901480674744,0.8909918069839478,0.7792021632194519,0.09862629324197769,-1.192311406135559,-1.0762194395065308,-0.9002700448036194,-0.07971925288438797,-0.64809250831604,-1.6400142908096313,-0.1928737908601761,-1.1713758707046509,-1.6102722883224487,1.0152212381362915,1.0964515209197998,-0.5482529997825623,-1.6429383754730225,0.20846210420131683,-1.3099732398986816,1.2001700401306152,1.8294345140457153,-0.3723292350769043,0.08807526528835297,1.0462958812713623,-0.17009112238883972,0.9120782613754272,1.0705291032791138,-0.5076961517333984,1.234719157218933,-0.3540287911891937,1.3502715826034546,-0.2638493478298187,-0.24300572276115417,-1.0510799884796143,-0.374941885471344,-0.4414631426334381,0.7995128631591797,-0.10335075110197067,0.5234671235084534,1.4042600393295288,-1.5099618434906006,-0.916144609451294,0.38079574704170227,0.7054792642593384,-0.13994662463665009,0.498037189245224,-0.46507859230041504,1.8248316049575806,1.0994688272476196,-0.011789107695221901,0.4055155813694,1.06117582321167,-0.3143264651298523
-0.6824483275413513,0.7290946841239929,0.47017598152160645,1.373774528503418,-0.40311887860298157,1.0513728857040405,1.1020996570587158,0.6397712826728821,-1.470026969909668,-0.16111251711845398,0.0930686965584755,1.7392618656158447,-0.5107893943786621,-0.77066969871521,1.0298107862472534,-0.32994645833969116,1.5499634742736816,-1.0568432807922363,-1.196702003479004,-1.55973219871521,2.0637686252593994,0.2487478256225586,0.24955126643180847,0.23192913830280304,1.332749366760254,-1.3360153436660767,0.2955740690231323,-0.590943455696106,1.1129144430160522,0.5066497921943665,1.8031005859375,-0.8148301243782043,-0.32254862785339355,0.6537091732025146,-0.7700172066688538,1.0527172088623047,-0.7111620306968689,0.7059358954429626,0.32549846172332764,0.21408143639564514,0.14646777510643005,0.6339375972747803,-0.45744049549102783,1.0086740255355835,1.641139268875122,-1.6642857789993286,1.4451608657836914,-0.13958166539669037,0.37338846921920776,0.9608091115951538,0.943189263343811,0.8403354287147522,1.6269766092300415,-0.9656668305397034,0.5072816610336304,0.7403340935707092,2.196788787841797,0.8134689927101135,-0.07057086378335953,0.10163594782352448,1.9391776323318481,2.0944371223449707,0.8648681640625,1.4920029640197754,0.4528925120830536
0.14334513247013092,1.5693907737731934,-0.695666491985321,-0.46315842866897583,-1.7679648399353027,-0.6481985449790955,0.45244982838630676,0.848427951335907,-0.5049943923950195,-0.8668507933616638,-0.15444250404834747,-0.29403945803642273,-1.6400792598724365,-1.3101459741592407,-0.4882235825061798,0.1330481767654419,1.182937741279602,-1.7485220432281494,0.7962347865104675,0.6126192212104797,0.08300844579935074,-0.7733162641525269,-1.4527685642242432,1.2857964038848877,-1.1117676496505737,1.5396044254302979,-1.1934375762939453,-0.7469273209571838,-1.0809650421142578,-0.5136430263519287,-0.31394803524017334,-1.2604894638061523,0.15582095086574554,-1.1331653594970703,0.18978789448738098,0.22255095839500427,-0.778812050819397,-1.467586636543274,-2.1672189235687256,-0.2386431246995926,0.9612242579460144,-1.5937923192977905,0.17866143584251404,-1.3284962177276611,0.32637256383895874,1.5852429866790771,-0.10256827622652054,-1.9668859243392944,-0.3118618130683899,-0.1489388346672058,-1.427423119544983,-0.007094517350196838,-1.7412512302398682,-0.6127009987831116,-1.5318257808685303,0.07352584600448608,-1.132131576538086,-0.06612186133861542,1.1006594896316528,0.9037806391716003,0.06257659196853638,-0.6862589716911316,-1.018994927406311,-0.3774559795856476,1.134162425994873

Slice 45
0.48197248578071594,-0.43669217824935913,0.5132970809936523,-0.12430374324321747,0.73909592628479,-0.6729664206504822,0.4227648377418518,-1.034084677696228,-0.5156651735305786,-0.2169860154390335,0.24254915118217468,0.18963506817817688,-0.14388984441757202,-0.05443890392780304,-0.5625882744789124,0.4616488516330719,-1.4519003629684448,0.02353477291762829,-0.17766156792640686,0.9968146681785583,-0.9261088371276855,0.06267274171113968,-0.38813793659210205,-0.43960264325141907,-0.5632533431053162,0.3671458661556244,0.07465270161628723,-1.9618499279022217,0.23942060768604279,1.1964468955993652,0.6080687642097473,-2.4327120780944824,-1.0639066696166992,-0.9633132815361023,0.6896870136260986,0.7349233627319336,1.6243058443069458,1.0513372421264648,1.9388694763183594,-1.110908031463623,-2.0219860076904297,-0.44196510314941406,1.2534905672073364,-1.1450363397598267,-1.998658299446106,0.5781550407409668,-2.562579393386841,-0.9908328652381897,2.073514699935913,0.9381051063537598,1.0859758853912354,0.06590147316455841,-0.8006151914596558,1.6085084676742554,-1.5596802234649658,0.2692665755748749,0.3389056622982025,0.7126954793930054,1.035021424293518,0.3157249987125397,-1.0224268436431885,-0.0607968233525753,-0.05965142697095871,-1.288417935371399,2.8790225982666016
0.14674541354179382,0.2522852122783661,1.022355318069458,-0.22515414655208588,-0.940729022026062,-0.3872135877609253,-0.42992421984672546,0.10371167957782745,1.4604461193084717,-0.8025810718536377,-0.7693339586257935,-1.209535837173462,-1.072677493095398,1.5158882141113281,-1.0369539260864258,-0.5863869190216064,-0.8223131895065308,0.46794211864471436,-0.9268744587898254,-0.8595558404922485,1.2203500270843506,-0.4617093503475189,-0.14927415549755096,0.9432276487350464,0.9738376140594482,0.35067883133888245,-0.6791806817054749,1.3578921556472778,-1.1017333269119263,-0.2482973039150238,0.6541290283203125,-1.2268433570861816,0.6326771378517151,-1.2798776626586914,-0.19579343497753143,-1.4415042400360107,-1.1650570631027222,0.24397410452365875,-0.8954573273658752,0.46703648567199707,1.128040075302124,0.42315468192100525,-0.32291439175605774,-0.4277690351009369,2.0637710094451904,1.8307636976242065,-1.523943305015564,0.33457791805267334,-1.1406351327896118,-1.175423502922058,-2.087944746017456,1.1647841930389404,1.2638719081878662,0.8444623351097107,-2.765798330307007,0.24227170646190643,0.6556548476219177,-0.05723172426223755,-1.0474425554275513,-0.006944143678992987,0.24774356186389923,0.05281011015176773,0.2488267719745636,-0.7974454164505005,1.3979722261428833
1.8431955575942993,1.0321600437164307,-0.1396201252937317,0.5396136045455933,1.0381978750228882,-0.019357314333319664,-0.9000522494316101,0.9150293469429016,0.42536792159080505,-0.9436861276626587,-0.04130121320486069,1.3585851192474365,-0.6381316781044006,0.11591741442680359,-2.094897985458374,-1.089322566986084,0.019728703424334526,-2.0052201747894287,0.34052297472953796,-1.6203522682189941,-0.06812350451946259,-0.4913564920425415,-0.14922977983951569,0.9676118493080139,-1.02976655960083,-0.04961807653307915,-0.9168925285339355,-1.567723274230957,0.3783792555332184,0.7316998839378357,0.990239143371582,0.5915172696113586,-0.6315425634384155,0.27473410964012146,-0.7798121571540833,1.23491370677948,0.2258862406015396,0.07905903458595276,0.8244144916534424,-0.14406010508537292,0.7743510603904724,0.9658634662628174,-1.34929358959198,0.8685818314552307,0.25738173723220825,-2.1122095584869385,-0.11420976370573044,0.8256508111953735,0.12198704481124878,-0.7215542197227478,0.5872229933738708,-0.3859589099884033,-0.2699207067489624,1.2992066144943237,1.0599000453948975,-0.2012946605682373,-2.2084522247314453,0.2902695834636688,-1.1250150203704834,1.623018503189087,0.3860848546028137,1.3031853437423706,0.22504094243049622,1.0245440006256104,-0.4936433732509613
-0.25647515058517456,-0.9433827996253967,0.07999181747436523,0.025574643164873123,0.20452843606472015,-1.4011136293411255,-1.1685212850570679,0.4628128111362457,-1.179222583770752,0.41106268763542175,-0.8344320058822632,0.03618507459759712,-0.3774600923061371,0.823342502117157,0.9625049829483032,-1.6687740087509155,1.0064103603363037,0.6393824219703674,-0.6597713828086853,1.701381802558899,-0.7452681660652161,0.9566747546195984,-0.47977492213249207,0.22668063640594482,0.40089306235313416,1.0515254735946655,0.7592015862464905,-0.12742972373962402,-0.08164031058549881,1.3813927173614502,-0.7772852182388306,1.1911835670471191,0.8494424819946289,-0.9417229294776917,-0.4057861566543579,-0.4181142747402191,0.34144359827041626,-0.50511634349823,-0.5264185070991516,-0.5605388283729553,0.7607449293136597,0.22461137175559998,-0.2015034407377243,0.13423582911491394,-0.25682565569877625,1.6025536060333252,0.1556040495634079,2.2395923137664795,0.1630527526140213,-1.131211519241333,0.4026203751564026,0.8456819653511047,0.4418683648109436,1.1801278591156006,0.9234083890914917,-1.2877037525177002,-0.24256277084350586,0.897447407245636,0.9313139319419861,1.8556969165802002,-1.133789300918579,-0.7962015867233276,-1.336396336555481,0.25666487216949463,-0.8902500867843628
0.9675979018211365,0.5674721598625183,1.6661057472229004,-2.3020386695861816,-1.4877785444259644,-1.5668030977249146,-0.1455877423286438,-0.838690996170044,-0.8786603212356567,-0.5323426127433777,-1.6563950777053833,-1.5925042629241943,0.9268150329589844,-1.7223484516143799,-0.3413332402706146,-1.3108806610107422,-1.8439909219741821,-0.6142382621765137,-0.9580978751182556,-0.2538100481033325,0.9050634503364563,-0.3654767870903015,-1.233923316001892,-1.2083998918533325,-0.41896945238113403,0.20654702186584473,-0.17659546434879303,-1.1667768955230713,-0.1100151538848877,-0.22215761244297028,0.6094085574150085,-0.6061240434646606,-0.49480241537094116,-1.099987268447876,0.7511414289474487,-0.7001121640205383,1.2478910684585571,-1.8779956102371216,0.13855716586112976,-0.24537122249603271,-0.7174492478370667,-0.40057605504989624,-0.0018321018433198333,-0.5428992509841919,-1.66521155834198,-0.3053879737854004,1.3322126865386963,0.75966876745224,0.04012387618422508,-0.09866978228092194,-1.3121956586837769,1.0357146263122559,-0.2112748920917511,0.17360930144786835,-0.6208730936050415,-0.6776865124702454,-0.41018587350845337,-1.036548137664795,-1.0469443798065186,-0.4668652415275574,-1.260614037513733,0.2034357339143753,-0.23299013078212738,0.34936800599098206,0.7812535762786865
1.4151229858398438,0.8699837327003479,0.290618360042572,-1.1864200830459595,-0.0953175276517868,0.7088130712509155,1.7728134393692017,0.8614910244941711,-1.065374732017517,-0.5601814985275269,-1.1529847383499146,-0.811954915523529,0.45273539423942566,0.7177985310554504,2.0278398990631104,0.01804005540907383,0.00169611896853894,-1.299835205078125,0.8775033950805664,1.2464983463287354,-0.16957056522369385,-0.9193258285522461,0.04889451339840889,0.5061345100402832,-0.1132100373506546,0.9837633967399597,-0.14354494214057922,-0.13020744919776917,-0.7050548195838928,0.8267924785614014,0.9173491597175598,-0.5784381628036499,1.8855563402175903,-1.5763689279556274,2.0545549392700195,0.6244297027587891,0.41886141896247864,0.05472017079591751,0.9003635048866272,-2.7961807250976562,0.4003647565841675,0.908817708492279,2.1130166053771973,-1.7049646377563477,-0.25262871384620667,-0.39319416880607605,0.6169092059135437,-0.3892975449562073,-0.6157262921333313,-0.2751186788082123,-0.9900476932525635,-1.4591484069824219,0.2138603925704956,0.7526861429214478,-0.6893376111984253,0.8196422457695007,0.3787652552127838,-1.0630613565444946,-0.7064098715782166,0.7884859442710876,0.12377794086933136,0.7980377674102783,0.9909922480583191,0.44075965881347656,1.0641168355941772
1.2569293975830078,1.3701789379119873,-0.08729033917188644,1.0984858274459839,-1.017838954925537,0.5813294649124146,-0.8980147242546082,-0.9604824185371399,-0.650074303150177,-1.6846469640731812,-0.662024736404419,0.5774013996124268,-1.4873013496398926,1.5490169525146484,-0.22672158479690552,0.049236878752708435,-0.0033557594288140535,0.01247707474976778,-0.23024751245975494,-0.31886276602745056,0.25742536783218384,-0.9518710374832153,-0.18790274858474731,-0.0974738672375679,-1.2323552370071411,-1.3606345653533936,-2.9357264041900635,-1.4620411396026611,-0.08949602395296097,-0.3484571874141693,1.92293119430542,-0.166112020611763,0.14178013801574707,-1.4691100120544434,0.5595757365226746,-1.2980561256408691,-0.03307238221168518,-0.7297074198722839,0.12526829540729523,-0.3550352156162262,-0.3662259876728058,0.8112345337867737,0.7911502718925476,0.859291672706604,0.47517046332359314,-1.0303361415863037,-0.4588606059551239,0.6256722211837769,-0.37505578994750977,-0.5949195027351379,-2.0172295570373535,0.622279703617096,0.24382415413856506,-0.41989949345588684,0.03594886139035225,-0.7767967581748962,-0.7645356059074402,0.8130759000778198,0.23345506191253662,-0.057060837745666504,-1.3145222663879395,0.025206737220287323,0.9613068103790283,0.10538426786661148,-0.23066918551921844
0.9452961087226868,1.0013394355773926,2.1430606842041016,0.05588987469673157,2.0963025093078613,-0.3297747075557709,-0.8018169403076172,0.0865621417760849,0.7376766800880432,-0.0067452252842485905,1.036486029624939,-1.5041555166244507,0.3401032090187073,1.9151785373687744,1.661844253540039,-0.5257604122161865,1.8992855548858643,-1.2730711698532104,-1.3666229248046875,-1.179007887840271,1.6325756311416626,-1.2912418842315674,0.9959170818328857,0.6671204566955566,-1.6201763153076172,-0.8523361086845398,-2.0296192169189453,0.9651651978492737,-1.1967060565948486,2.112020969390869,0.9298946261405945,-2.007333278656006,1.4164502620697021,-1.5603053569793701,-0.8598223924636841,0.8136489987373352,-1.3170709609985352,0.5737423896789551,-0.7787535786628723,-1.249355435371399,0.30772602558135986,0.01507352851331234,1.3311200141906738,-0.11463833600282669,2.3785150051116943,-0.3163478672504425,-1.0138401985168457,-0.7721372842788696,1.2070260047912598,0.39991602301597595,1.2346903085708618,0.8376047015190125,-2.5812630653381348,1.0634971857070923,-0.5827582478523254,-0.6793298721313477,-0.6232748031616211,-0.7159199118614197,-1.3121511936187744,-1.249018669128418,-0.2706893980503082,-1.6321135759353638,1.4846018552780151,0.8368578553199768,-1.8841516971588135
0.0041532982140779495,-0.08469153195619583,1.0925252437591553,-0.8470370173454285,-0.5083495378494263,-0.7475504875183105,-1.4608731269836426,1.0203338861465454,-0.012905340641736984,-0.1761329025030136,-0.9051084518432617,-0.8436664342880249,1.3388210535049438,-0.4707341492176056,0.7489286661148071,-1.092540979385376,0.3246617615222931,0.04285837337374687,0.6173990964889526,2.1401031017303467,-0.07456555962562561,-0.3243775963783264,-2.205798387527466,1.082589030265808,-0.7806385159492493,-0.946316659450531,1.227545976638794,1.8209328651428223,-1.4103425741195679,-0.10665731132030487,-0.2639507055282593,0.5697318911552429,0.14855778217315674,1.405563235282898,-1.2552294731140137,-0.6979061365127563,-0.02491256780922413,-0.942203938961029,-0.39004796743392944,-0.21715351939201355,0.6053396463394165,0.5394871830940247,-0.6713840961456299,1.2178306579589844,-0.38573285937309265,0.30531516671180725,0.10261525958776474,-0.23642882704734802,1.0978703498840332,-1.2243878841400146,-0.03063712827861309,-1.683302640914917,-0.7420408129692078,1.7987452745437622,-0.4967153072357178,-1.207942008972168,-1.419427514076233,-0.2212805449962616,1.7711583375930786,-0.5637139081954956,0.15003538131713867,0.3732762932777405,-1.0180913209915161,0.8942099809646606,-0.02604065276682377
-1.0897318124771118,-1.49465012550354,0.2947967052459717,-0.6619628071784973,-1.1666882038116455,-0.7440673112869263,0.8870350122451782,0.009427458979189396,0.15870968997478485,1.701653242111206,-1.48147451877594,-1.729661226272583,-1.7482327222824097,0.5056749582290649,1.0899633169174194,-0.1693289577960968,0.21805788576602936,-0.5287865400314331,-1.436893105506897,0.19038817286491394,-1.2253366708755493,2.125147819519043,0.6936262249946594,-1.0418496131896973,0.06116568669676781,1.982351541519165,-0.05490308627486229,0.9490353465080261,-1.2912862300872803,0.05645985156297684,-1.8097140789031982,-0.124660924077034,-0.8204033970832825,0.0088342959061265,1.677918553352356,-2.544079303741455,-2.880115270614624,2.141777992248535,1.1626452207565308,0.7655578851699829,0.07680777460336685,-1.6514034271240234,1.4333155155181885,-0.9947679042816162,0.06436377763748169,0.9956077933311462,-0.3360287547111511,-0.4818420112133026,1.5263067483901978,-2.1305737495422363,-0.13135597109794617,-0.44612130522727966,-0.0919809341430664,0.6434835195541382,-1.1763595342636108,2.275817632675171,0.11975585669279099,0.7973790764808655,0.9578417539596558,0.15606096386909485,0.5720807313919067,1.1100656986236572,1.1077826023101807,-1.3141367435455322,1.0500571727752686

Slice 46
-0.8679566979408264,0.8285098671913147,1.104356288909912,0.11264506727457047,0.37795430421829224,-1.7074803113937378,0.31529128551483154,0.5287964940071106,-0.1088016927242279,1.9222667217254639,-0.2918682098388672,2.0021677017211914,-0.7678368091583252,-0.3858763873577118,0.9625244736671448,-0.3791891634464264,0.25776803493499756,1.0216611623764038,-0.20559561252593994,0.06969283521175385,-1.046179175376892,-1.5524235963821411,1.0550645589828491,0.8251470327377319,0.19708238542079926,-0.6911936402320862,0.7736576199531555,-0.1754935085773468,0.8115198612213135,0.20697425305843353,-2.168992519378662,-0.37425196170806885,-2.1021969318389893,1.609339714050293,-0.326540470123291,0.4367435574531555,-0.08224136382341385,1.089691162109375,-1.3049067258834839,-1.119752287864685,-0.257322758436203,0.8701861500740051,0.20910067856311798,-0.4756079912185669,-2.0237958431243896,-0.15742699801921844,-1.1942933797836304,-0.39037322998046875,-1.0714179277420044,-0.8117631077766418,1.0921880006790161,0.9904018044471741,1.3650591373443604,-0.02966349571943283,0.2349693924188614,1.3298768997192383,-0.9370734691619873,-0.4225570559501648,-1.2076009511947632,-0.15095235407352448,-1.3864269256591797,0.8394803404808044,0.03969192132353783,-2.9485254287719727,1.0520082712173462
-1.659947156906128,-1.0313570499420166,-0.9556297659873962,0.7294685244560242,-0.15918929874897003,-0.22877314686775208,-1.3523032665252686,-0.8170786499977112,0.7794725894927979,1.919465184211731,0.10329054296016693,-1.05097234249115,0.005981098860502243,3.2626476287841797,-1.6385390758514404,1.725008487701416,-0.3583984375,1.6995363235473633,1.9254642724990845,1.1514251232147217,-0.8004710674285889,-1.8956880569458008,0.09253104776144028,-2.140549898147583,-1.6809495687484741,0.021609630435705185,1.8198051452636719,-0.1328129917383194,-1.328911304473877,-1.0826677083969116,-1.7049498558044434,-1.9172849655151367,1.171465516090393,-0.8085445761680603,-0.01730193942785263,-0.4967952370643616,-0.35436683893203735,-0.9185662865638733,0.5190449357032776,-0.29362374544143677,0.9670533537864685,0.3193908929824829,-2.5336201190948486,-0.08918867260217667,0.09415055066347122,-0.11664734780788422,0.8598372936248779,0.41650381684303284,0.400224506855011,-2.503108501434326,1.942642331123352,-0.9272087216377258,-0.36049556732177734,0.14650487899780273,-0.0926087275147438,-1.001157283782959,1.0638363361358643,0.6158589720726013,0.3633442521095276,-0.6638702154159546,0.28272849321365356,0.07116490602493286,1.0478922128677368,-0.48892682790756226,-0.6770037412643433
-1.4101203680038452,0.4243348240852356,-1.0704911947250366,-0.5846128463745117,0.8694711327552795,-0.18632638454437256,-0.8743250370025635,0.07285947352647781,0.6662037968635559,0.8780401349067688,0.47308149933815,-0.6107466220855713,0.3971635699272156,-0.0857570692896843,-0.25535643100738525,-1.0246847867965698,1.6153160333633423,1.6887489557266235,-1.8558768033981323,1.1384806632995605,-0.2534562349319458,0.738058865070343,0.4922102093696594,2.054229497909546,-1.4733203649520874,0.3276291489601135,0.689858078956604,-0.17281119525432587,-0.8895705342292786,0.8778578639030457,0.4992031753063202,0.20935936272144318,-0.3783193528652191,1.6164209842681885,-0.6008279919624329,-0.15404105186462402,-1.2828820943832397,-0.4193548262119293,-2.6586194038391113,-1.0412018299102783,-0.31370729207992554,-0.30081409215927124,0.11970204859972,1.5369571447372437,0.7770058512687683,-1.042466402053833,1.031325101852417,0.36209264397621155,-1.9551814794540405,-0.5431339144706726,0.1362317055463791,-1.7369107007980347,-0.08167348057031631,-1.2444511651992798,-0.44191357493400574,-1.2318190336227417,-0.920443594455719,0.7630615234375,0.9596343636512756,-1.3670543432235718,0.7735829949378967,-0.07289819419384003,1.9280222654342651,1.43221914768219,0.5313049554824829
0.005933607928454876,0.11870155483484268,-0.006568008102476597,-0.003986812196671963,1.3096624612808228,-0.7515052556991577,1.2111777067184448,0.8595173358917236,-1.3470368385314941,-0.37648287415504456,0.645831286907196,-0.22749462723731995,1.734623908996582,0.7117916941642761,-0.20764045417308807,1.0041882991790771,0.30422189831733704,1.2489345073699951,-0.6923139095306396,-1.5442973375320435,1.7246454954147339,-0.19385942816734314,1.5966486930847168,-1.0505318641662598,-0.24362300336360931,0.6676839590072632,0.210074320435524,1.7373522520065308,0.5715554356575012,0.18026047945022583,0.45664700865745544,-0.43676474690437317,-1.8973004817962646,-0.6338070034980774,2.6164391040802,-0.5381010174751282,1.6153926849365234,1.2473667860031128,-0.2215772271156311,-0.9210463166236877,1.2006349563598633,-0.22101958096027374,0.04563983529806137,1.3653885126113892,-0.5059795379638672,0.8173161149024963,0.6438259482383728,1.4542657136917114,0.31131404638290405,0.32639777660369873,0.21212121844291687,1.3626238107681274,0.33375096321105957,1.3724437952041626,0.16480512917041779,-0.1564047485589981,-1.1635652780532837,0.6103842258453369,1.5537590980529785,1.418601393699646,1.4834917783737183,0.07309727370738983,0.866209089756012,0.12706641852855682,0.8674805760383606
0.9634935855865479,-0.6480821967124939,1.7262517213821411,-0.41184529662132263,0.38993239402770996,1.2910385131835938,0.46673595905303955,-0.055273111909627914,-1.3599200248718262,-1.6199084520339966,1.798762559890747,0.08899831771850586,-1.3772906064987183,0.16777370870113373,-1.3223949670791626,-0.8419732451438904,0.22037719190120697,-0.9527584314346313,-0.8151153326034546,-1.2858577966690063,-0.6593300700187683,-0.9323015213012695,0.3386913239955902,-0.7271645665168762,2.386965036392212,-0.6425604820251465,0.2002834975719452,0.8378393650054932,-1.37409245967865,-1.2283945083618164,-1.6560934782028198,2.573167085647583,-1.513755202293396,0.21006008982658386,-0.04168076813220978,-0.5018014311790466,0.828016996383667,-0.5392361283302307,0.017863959074020386,0.32854917645454407,1.0594186782836914,1.1231733560562134,1.1764709949493408,-1.0882896184921265,-0.3366043269634247,1.1436173915863037,-0.8844382166862488,-1.0063117742538452,1.0572333335876465,1.1380470991134644,-0.4962906837463379,-0.6501868963241577,-0.39915236830711365,-0.6543013453483582,-0.6458764672279358,-0.45573824644088745,-0.5130537748336792,1.272147536277771,1.1218537092208862,-0.626771867275238,-0.21795982122421265,-1.5337612628936768,-0.7574565410614014,-0.8430660367012024,-1.0827776193618774
-0.6440632939338684,-1.3821258544921875,-0.47341665625572205,-1.295290231704712,0.7093803286552429,-0.26041480898857117,0.07473955303430557,0.7439308166503906,0.5977192521095276,-0.37995365262031555,-0.30466288328170776,0.06738404929637909,1.3310178518295288,-0.2116042822599411,0.0949804037809372,-0.3819822371006012,0.04980636388063431,0.767537534236908,-0.07606179267168045,-0.06230621039867401,-1.6663527488708496,-1.0632832050323486,0.5050324201583862,-0.6327812075614929,-0.37974122166633606,-0.4556853175163269,-1.5575690269470215,0.4672347605228424,0.09737535566091537,-0.33874207735061646,0.618553102016449,-0.35393187403678894,-0.7050674557685852,0.8996729254722595,0.19516180455684662,0.29270848631858826,1.1489177942276,-1.0446406602859497,1.125446081161499,0.2861975431442261,0.5560212135314941,0.6705514788627625,-0.8565047383308411,-1.4149091243743896,-1.3537046909332275,0.7409657835960388,-0.36496326327323914,1.4203941822052002,1.1677275896072388,0.12336675822734833,-0.7283537983894348,-0.23019228875637054,-0.47372928261756897,-1.2043405771255493,-1.0256022214889526,-0.721758246421814,-1.5123083591461182,-0.44026750326156616,0.5907936096191406,-1.2841856479644775,-1.4233347177505493,-0.9279813170433044,-1.2760854959487915,-1.0516637563705444,0.11433769762516022
-0.59906405210495,-0.8136324882507324,-1.2236649990081787,0.5818848013877869,0.33856865763664246,0.38945361971855164,0.38691699504852295,-1.5226598978042603,1.4174126386642456,0.6051291823387146,-1.9123620986938477,-0.00018778443336486816,7.213934441097081e-05,-1.2374104261398315,0.5481462478637695,0.9827189445495605,-0.18917196989059448,-0.5875264406204224,-0.8765111565589905,0.42410042881965637,1.0832818746566772,0.32627835869789124,0.3306962251663208,-0.6666513681411743,-0.48242098093032837,0.8175516128540039,-0.15521776676177979,0.7384254932403564,0.4263601303100586,0.3718326687812805,0.9257241487503052,-0.52540123462677,-0.5051961541175842,0.09162799268960953,0.10992337763309479,-0.680462658405304,-0.7584381103515625,0.14104169607162476,0.34987443685531616,0.1370461881160736,-1.706079125404358,1.5009692907333374,-1.0310598611831665,-0.5414662957191467,-0.4812659025192261,1.1215970516204834,0.1679922640323639,-0.21363110840320587,-1.149932861328125,-0.47254666686058044,-0.08308213204145432,1.0876544713974,-0.9759585857391357,-1.1102617979049683,-1.3631188869476318,0.10100013762712479,0.19946053624153137,-0.0983896255493164,-0.16356053948402405,0.40243375301361084,0.09812240302562714,-1.219915509223938,-0.7127346396446228,0.4452167749404907,0.4708232879638672
-0.7510370016098022,-0.2940349578857422,-0.381269633769989,-1.3990981578826904,-0.42560046911239624,-0.3213663399219513,-1.3257312774658203,0.1654343158006668,0.577363908290863,-1.489124059677124,0.3143211603164673,-0.6189448237419128,-0.25300997495651245,2.5651473999023438,1.7417670488357544,0.9772562980651855,1.6114754676818848,0.7162432670593262,0.2714083194732666,-1.210196852684021,-0.12675200402736664,1.3251070976257324,-1.5191794633865356,1.1721915006637573,-1.7946778535842896,0.05655965581536293,-1.6991997957229614,-0.8451762199401855,2.102678060531616,0.12839587032794952,0.5529402494430542,-2.0621020793914795,-0.10485872626304626,0.7602798938751221,0.37168389558792114,-1.965212345123291,-0.6164681315422058,1.2564852237701416,-0.8352457880973816,1.3729735612869263,0.687859058380127,0.13891516625881195,-1.8704477548599243,-0.21085181832313538,1.596016764640808,0.5080665349960327,-0.5123282670974731,-0.3848660886287689,-0.002419076394289732,-2.218254327774048,-1.4609559774398804,0.4807189106941223,-0.15041638910770416,0.5220536589622498,0.38559064269065857,0.5628958940505981,-0.17533662915229797,-1.959725260734558,0.44058719277381897,0.37116730213165283,1.7614589929580688,-0.1667851060628891,0.1576366424560547,0.17456519603729248,1.2736681699752808
-0.12082239985466003,1.12223219871521,2.610279083251953,-1.7804762125015259,1.062697172164917,1.8827520608901978,-0.5931870937347412,1.4317845106124878,0.6843081116676331,0.2986067831516266,-1.2105153799057007,-0.721929132938385,1.155825138092041,-0.6933085322380066,-0.6489853262901306,-0.35375043749809265,0.04938134178519249,-0.22999559342861176,1.9319422245025635,0.634475827217102,-0.25612279772758484,2.3448760509490967,0.35875728726387024,1.766287088394165,-0.7587838172912598,-1.0716170072555542,-0.28528907895088196,0.07139188051223755,-0.9718427658081055,0.46489018201828003,-0.24124164879322052,0.5151520371437073,2.869687795639038,-2.0375187397003174,0.8389313817024231,-0.3966759145259857,1.4759820699691772,-0.2209400087594986,-1.1612039804458618,-0.12267760187387466,-1.1209096908569336,-1.6548007726669312,1.9169981479644775,0.3804886043071747,0.9006803631782532,1.1331543922424316,1.0482951402664185,0.734947919845581,-0.7868956327438354,1.8187695741653442,0.24939918518066406,0.40210315585136414,1.4208171367645264,1.906853437423706,1.716143250465393,-0.49004927277565,2.0318541526794434,0.1958330273628235,0.17351354658603668,-0.7552251815795898,0.2591365873813629,1.17597496509552,-0.5095304250717163,1.10434889793396,-0.9583179950714111
-0.9798509478569031,-0.4076746702194214,1.934403896331787,1.1250373125076294,-0.40444090962409973,1.184226393699646,0.6759248971939087,0.5062898397445679,1.1609615087509155,-1.942549228668213,-0.24236424267292023,1.7793575525283813,-0.17121292650699615,-0.7784197926521301,1.816216230392456,-0.2205142229795456,-1.6713838577270508,-0.518161952495575,1.31208336353302,0.34116318821907043,0.848929226398468,-0.9570891261100769,-1.1577550172805786,1.477749228477478,-0.5660050511360168,-2.5026066303253174,-1.9430041313171387,0.5371240973472595,1.20246422290802,1.1742475032806396,-0.13943219184875488,-0.59681636095047,1.0825470685958862,-1.084057331085205,-0.04806281626224518,-0.9045767784118652,-0.41588500142097473,0.3457765281200409,-0.04660779982805252,1.182471513748169,-1.2957267761230469,-1.37293541431427,-0.27890780568122864,0.4425044655799866,0.6580531597137451,0.5094847679138184,1.595639705657959,-0.05347634106874466,-0.5537636876106262,-0.35156121850013733,-0.9492977261543274,-0.5727570652961731,2.01080322265625,1.0106256008148193,-0.013295983895659447,-1.5151195526123047,-1.0935760736465454,1.1755797863006592,1.173688292503357,-1.8043493032455444,-0.9000363349914551,-0.05861685797572136,0.544804573059082,-0.14951087534427643,1.4739986658096313

Slice 47
-0.8861233592033386,1.4306821823120117,1.095211386680603,0.09724225103855133,-0.14567136764526367,-0.951406717300415,0.6300503611564636,-0.4615449607372284,-0.7988755106925964,-0.6322209239006042,-0.4849833548069,-0.9215425848960876,1.060712218284607,-0.015123036690056324,-0.2601591944694519,-0.27193301916122437,-0.0876498594880104,-0.8995804786682129,0.6694672703742981,0.5339502096176147,-0.4100944995880127,-0.765888512134552,-0.46023714542388916,0.008492812514305115,-2.69915771484375,-0.7946068048477173,0.07639367133378983,1.000928282737732,-0.48223981261253357,-0.24256184697151184,0.48568373918533325,-0.18460509181022644,-1.7670212984085083,-0.765328586101532,1.1519354581832886,-1.1347626447677612,-0.026708533987402916,1.0766249895095825,0.6159148812294006,2.3584773540496826,-1.6073628664016724,-1.409277319908142,-0.5443124771118164,0.3622246980667114,-0.1542779803276062,-0.18265554308891296,0.9863278269767761,-1.0108016729354858,0.8194237947463989,-1.0489230155944824,-1.4474687576293945,0.027122320607304573,0.012958493083715439,0.20779064297676086,-0.7497017979621887,0.6453052759170532,0.5696811079978943,-0.3745061755180359,0.4802015423774719,0.02306142821907997,0.16291646659374237,0.19589047133922577,-1.2005245685577393,-1.4359437227249146,-0.22087015211582184
0.5062390565872192,-0.9240131378173828,-1.5125479698181152,-0.4822205603122711,-0.1286032497882843,0.37035071849823,0.7004351615905762,-0.9271997809410095,0.42578762769699097,1.552004098892212,0.3725237548351288,0.822368860244751,-1.3806051015853882,0.8637812733650208,-0.5996621251106262,0.1359664499759674,0.092281274497509,0.4667063057422638,-1.026052713394165,-0.0806378722190857,1.6493231058120728,0.7361308336257935,-0.5098916888237,0.5416731834411621,-0.5853738188743591,-0.03646270930767059,-0.8034697771072388,0.5134817957878113,1.6899056434631348,0.706425130367279,-0.6038075685501099,1.2870256900787354,1.1610450744628906,-0.325438529253006,-0.9445748329162598,-1.789633870124817,-0.28291088342666626,0.45923811197280884,0.18314991891384125,-0.9244686365127563,-0.4729607105255127,0.3864688277244568,-0.6931192874908447,-0.7130181789398193,0.8626551032066345,-1.0652365684509277,0.4492895305156708,-1.8521490097045898,-0.688962459564209,0.4755774140357971,-0.8935080170631409,-2.491971969604492,0.8339905142784119,-2.0616486072540283,1.2272891998291016,-0.6651259660720825,-1.9953199625015259,1.2492221593856812,0.521797239780426,-1.3299946784973145,-0.6785212159156799,2.067230463027954,-0.08717146515846252,-0.8591256141662598,0.2903405427932739
-0.17600640654563904,-1.2721261978149414,1.0829213857650757,1.9145516157150269,-2.3664469718933105,0.5943454504013062,0.44563719630241394,0.07873213291168213,-0.19359146058559418,-0.3327672481536865,-1.0518839359283447,-0.17795521020889282,-1.0661027431488037,-0.5562062859535217,-1.0406659841537476,-1.1330355405807495,-1.7275334596633911,0.20628151297569275,0.7540518045425415,-0.11553483456373215,-0.37657028436660767,-0.3259139955043793,0.8518635034561157,-0.5182625651359558,0.7538529634475708,-0.13686002790927887,0.3405883312225342,-0.11395134031772614,-0.8777652978897095,0.9429077506065369,0.6053534746170044,-0.2608579099178314,1.3534573316574097,2.063631057739258,-0.796019971370697,-0.2568618059158325,2.321253776550293,-1.5007346868515015,-0.22485379874706268,0.4837563931941986,-0.09698203206062317,-0.2621782720088959,0.22598332166671753,0.2381076067686081,0.4775300621986389,0.5724848508834839,-1.753122091293335,1.2746387720108032,0.6551380753517151,0.09682446718215942,0.7821356058120728,-1.1728284358978271,-1.08940589427948,1.466097354888916,0.7518474459648132,0.24851419031620026,1.024283766746521,0.2821754217147827,0.28842782974243164,-2.1206552982330322,0.07046531140804291,-0.3263039290904999,-1.2839736938476562,0.6592170000076294,-0.30597132444381714
-1.6935174465179443,-1.5235174894332886,0.1034640297293663,0.7808077931404114,-0.41250914335250854,-0.674923300743103,1.2385683059692383,-0.11849486827850342,-1.9215127229690552,-1.2820402383804321,-0.9267576932907104,-1.1940094232559204,-0.41208553314208984,-0.5963808298110962,0.6227837204933167,0.12896765768527985,-0.061041757464408875,1.2077134847640991,-1.2393014430999756,1.5442980527877808,-0.36167654395103455,-0.3101215660572052,0.22155974805355072,2.150665044784546,0.22772154211997986,1.264404535293579,0.44159919023513794,1.7645875215530396,-0.3182077705860138,-0.9124698638916016,0.7980396151542664,0.6569344997406006,-0.38574695587158203,-0.4252670109272003,1.2392816543579102,-0.3067087233066559,0.32702213525772095,1.1212800741195679,1.4898004531860352,0.35495689511299133,1.910046935081482,0.6414375901222229,1.1287052631378174,1.436943531036377,-0.37307533621788025,0.019388334825634956,0.8372594118118286,-0.7058429718017578,0.10374313592910767,-0.18897713720798492,0.4724404811859131,0.8441339135169983,1.8607741594314575,1.1113756895065308,-0.3049962520599365,0.20071569085121155,0.8736212849617004,-0.3425942361354828,-0.9490764141082764,0.5409787893295288,-0.28342485427856445,1.1470519304275513,-1.640772819519043,-0.5350424647331238,-0.3413095474243164
-0.9717121720314026,0.4820801913738251,-0.31086236238479614,-1.410535216331482,-0.7276835441589355,0.8843215703964233,-1.2837958335876465,0.019522499293088913,-0.48689451813697815,-0.6224422454833984,-1.1089122295379639,0.12677013874053955,0.34348785877227783,-0.41467541456222534,0.36005833745002747,0.012790068984031677,1.2209141254425049,-0.10493654757738113,0.1599750965833664,-0.39389997720718384,1.0288065671920776,-0.18930737674236298,1.9569145441055298,-1.1418932676315308,-0.9720039367675781,-0.00895295012742281,-0.9823235273361206,1.2110334634780884,0.21274474263191223,1.612657070159912,0.6200327277183533,-0.681842029094696,-1.290060043334961,0.3890356123447418,-0.02247774414718151,0.7657809853553772,1.2968909740447998,0.16676709055900574,0.08738400042057037,-0.5295238494873047,-0.5779502987861633,-1.0488585233688354,1.5930042266845703,1.9855844974517822,1.6028225421905518,0.5776431560516357,0.4836576581001282,0.715975284576416,1.09152352809906,2.502901792526245,0.9955185055732727,0.01156095415353775,-0.8808169364929199,0.744763970375061,-0.2747178077697754,1.599909782409668,-0.1580989509820938,0.7729255557060242,0.05796811357140541,0.19191846251487732,-1.0985534191131592,0.009989198297262192,-0.23312702775001526,0.9785608649253845,0.9734354019165039
-0.5585215091705322,1.8728139400482178,1.1107407808303833,0.2115209549665451,-0.5380061864852905,-1.9427686929702759,-0.7491538524627686,-1.5446571111679077,-1.5333324670791626,1.2002047300338745,-0.8066955208778381,-0.07755780220031738,2.200935125350952,-0.7323287129402161,0.9746150970458984,0.2601338326931,1.923134684562683,-1.4841270446777344,1.5957523584365845,-2.391387701034546,-0.42992570996284485,-1.854860782623291,1.7894530296325684,2.3471970558166504,0.928797721862793,2.205859899520874,0.9594928026199341,-1.0052553415298462,-1.1396090984344482,0.09493491053581238,-0.2322900891304016,-2.206587791442871,-0.2821412980556488,1.615302562713623,0.35609927773475647,-0.9177355766296387,0.9045482873916626,0.463661253452301,-1.66434907913208,1.1402462720870972,-0.056895140558481216,0.9800095558166504,-1.0365833044052124,0.07740064710378647,1.1312463283538818,-0.5070412755012512,0.6736359596252441,-1.8884809017181396,-0.46008557081222534,2.2415542602539062,-0.21550460159778595,-0.4880649447441101,-1.275156855583191,0.5550282001495361,-0.1304020881652832,-0.10083700716495514,-2.0644702911376953,-0.5913063883781433,-1.336878776550293,0.06397514790296555,-1.1179945468902588,-1.5023568868637085,-0.7933464050292969,0.33759206533432007,0.22490699589252472
-0.1469462513923645,0.3355831503868103,-1.1378364562988281,-2.5196659564971924,1.009843349456787,0.9060013890266418,-2.3437442779541016,1.438778281211853,-0.10135583579540253,-1.132874608039856,-1.2850580215454102,0.2929048538208008,-0.01912624016404152,1.397822618484497,-0.5676340460777283,1.3135395050048828,0.28124693036079407,-0.9929966330528259,0.9448956251144409,-1.4730103015899658,0.19238705933094025,-0.7199874520301819,2.8344409465789795,-0.9945587515830994,0.18392391502857208,0.11468977481126785,1.3499020338058472,1.0533462762832642,1.0260010957717896,0.962907075881958,1.9179768562316895,-0.5655978918075562,0.5069515705108643,-0.15690287947654724,-1.385246992111206,1.157030463218689,-0.3021836280822754,-0.8319464325904846,-0.31532955169677734,1.5412403345108032,1.3261733055114746,-0.2102976143360138,-0.40421822667121887,1.7820264101028442,0.1255553513765335,0.20230986177921295,-0.31159457564353943,0.22722123563289642,2.0844931602478027,1.7335326671600342,0.6383096575737,1.2927441596984863,0.5510769486427307,-0.3581656515598297,1.266141414642334,-0.03975426033139229,-0.3867115378379822,1.1429355144500732,-0.12302899360656738,2.7147960662841797,0.521472692489624,0.42333799600601196,-0.1165228858590126,-0.8420010209083557,0.6574224829673767
-0.7773523926734924,-1.7113617658615112,-0.7710235118865967,2.2351229190826416,0.26588335633277893,0.2808707356452942,0.03580543026328087,2.3350048065185547,0.6397160887718201,0.059884052723646164,-0.3679337501525879,-0.2992260754108429,-0.9593920707702637,1.4651228189468384,0.039806120097637177,0.1200822964310646,-1.2094930410385132,-1.6099724769592285,-0.5693022608757019,-0.2076582908630371,0.4245893061161041,-1.883641242980957,-0.2953445017337799,0.35752585530281067,-0.5658628344535828,-1.8490321636199951,-0.48463672399520874,-3.065248489379883,1.5745598077774048,-0.8729276657104492,-1.6634923219680786,-1.1479655504226685,0.29925400018692017,-0.5515100359916687,0.9660049676895142,1.045553207397461,-0.12069544196128845,0.5577681064605713,-1.7111666202545166,-2.00020694732666,-0.5234347581863403,-0.48630645871162415,-1.568244457244873,-1.673653483390808,-1.3534413576126099,-0.6507452726364136,0.0480017215013504,0.129289448261261,-0.6095905900001526,0.8985501527786255,1.6051863431930542,0.6057140231132507,-1.3719937801361084,1.205339789390564,-0.7431266903877258,0.8346882462501526,-0.2785390615463257,0.8808167576789856,1.35837984085083,0.6678789854049683,0.3086364269256592,-0.07419339567422867,-0.2566833198070526,-0.0314381904900074,-0.6001154184341431
1.0004481077194214,-0.6553012132644653,-0.7329844236373901,-0.10702640563249588,1.0613329410552979,-1.4920284748077393,-0.36706364154815674,-0.09929564595222473,0.14421923458576202,-0.15565645694732666,-0.7741420865058899,-0.19730259478092194,0.19049294292926788,-0.8642628788948059,1.061845302581787,-1.1100094318389893,0.3197314441204071,-0.07825422286987305,-0.17910204827785492,0.1034640297293663,-1.356968641281128,0.18976403772830963,0.20811417698860168,-0.006129954941570759,-0.9812371134757996,1.5304746627807617,-0.34384071826934814,0.08840560913085938,-0.5074391961097717,-0.6609272360801697,-1.1747760772705078,-0.2518782615661621,-0.2203911393880844,-0.34581995010375977,0.39581969380378723,-0.12323964387178421,1.5629340410232544,-0.5258225202560425,-1.1019712686538696,0.6283430457115173,-0.5468890070915222,-1.1003867387771606,1.1137590408325195,1.1376523971557617,0.38418975472450256,-0.31725481152534485,0.9804085493087769,0.0015808307798579335,-1.6542447805404663,-1.0905841588974,0.21993039548397064,-0.1756131798028946,-1.3826335668563843,0.6372802257537842,-0.018644429743289948,1.4061789512634277,-0.48245763778686523,-1.1304597854614258,-1.5796003341674805,-1.0295993089675903,1.3315929174423218,-0.9738171100616455,1.157166600227356,-0.8160131573677063,-1.5375951528549194
1.0193065404891968,1.802234411239624,-0.0009881336009129882,-0.7123302817344666,-1.119952917098999,0.8036966323852539,0.032957930117845535,-0.5632964968681335,0.7446599006652832,-0.2521292567253113,0.47068944573402405,-0.17760255932807922,0.9687966108322144,-1.1426560878753662,0.6788010001182556,-1.669634222984314,1.3529468774795532,0.10059035569429398,2.373537540435791,-0.4023602306842804,1.226848840713501,0.5836653113365173,0.04227433726191521,0.049784209579229355,-0.3679422438144684,-0.8735502362251282,-1.2201340198516846,-1.0448018312454224,0.7708033323287964,0.7855373620986938,0.32786428928375244,-0.6498788595199585,0.8579554557800293,0.45822346210479736,0.5080146193504333,-0.487112820148468,-0.8291171193122864,-0.7773715853691101,0.2148400992155075,0.1242232695221901,-0.4357093870639801,-0.5314059853553772,-0.2613358795642853,-0.18049834668636322,1.1062299013137817,-1.3569061756134033,-0.7312439680099487,-0.4614386260509491,-0.07979337871074677,-0.6482698321342468,0.017650436609983444,0.36834871768951416,-0.16810427606105804,0.39306116104125977,1.1817326545715332,0.5554720759391785,-0.21016563475131989,-1.6368930339813232,-2.334735870361328,-0.34238922595977783,-1.7643853425979614,0.206653892993927,0.5707542896270752,-0.4414958655834198,0.9878835678100586

Slice 48
1.2679942846298218,0.6958011388778687,-1.9631694555282593,-0.8333151936531067,-0.4766086935997009,-0.6355091333389282,-0.42867064476013184,-0.7848517298698425,1.3839681148529053,-1.1966322660446167,-2.372494697570801,-0.558204174041748,-0.8568136692047119,2.151036024093628,0.22634994983673096,0.1282874047756195,-0.5781338810920715,0.4421832263469696,0.9597901701927185,-0.5088539719581604,-0.4688200354576111,0.0035158758983016014,-1.8366807699203491,0.3802083134651184,-0.1270483136177063,-0.8667048215866089,0.2960749864578247,-0.6086761355400085,-0.13363729417324066,1.1534054279327393,1.6013734340667725,-0.36889421939849854,0.959214448928833,1.0050100088119507,-0.5025196671485901,1.3922902345657349,-1.149304986000061,0.8636414408683777,-1.0341846942901611,0.785254955291748,0.2847347855567932,-2.4783592224121094,0.7891854047775269,1.73974609375,0.3506609797477722,-0.7019462585449219,0.8962354063987732,1.6156150102615356,1.167997121810913,-2.0070691108703613,-0.2929922044277191,-0.38308578729629517,-1.4026557207107544,1.000458836555481,0.8218592405319214,0.7599349021911621,0.8626099824905396,0.21508099138736725,0.4595552086830139,-1.2958872318267822,-1.345621109008789,-1.87847900390625,1.3156040906906128,-2.0912907123565674,-2.4002580642700195
1.0038621425628662,1.2656230926513672,-0.9151804447174072,0.5224111676216125,-0.5699958205223083,-0.08904463052749634,-1.612122654914856,-1.6574732065200806,-0.38951003551483154,-1.0103687047958374,-1.1198091506958008,0.9356385469436646,-0.2084435373544693,0.579276442527771,1.2969789505004883,-1.8045798540115356,0.3002088665962219,-0.5679028034210205,0.7636001110076904,-1.249566674232483,1.0204142332077026,1.3299447298049927,0.6298922300338745,1.7355068922042847,-1.2733237743377686,-1.9309207201004028,-1.162927269935608,-0.6361074447631836,0.7341282367706299,-0.14700138568878174,-0.23564989864826202,0.8752760291099548,0.7619213461875916,0.40364164113998413,0.4015985131263733,-0.6859256625175476,-0.487804651260376,-0.5874412059783936,0.2845892310142517,-1.8535122871398926,0.12860174477100372,0.18391349911689758,0.19085560739040375,-0.4643877446651459,1.4451298713684082,0.576125979423523,0.7434611320495605,0.3580147325992584,0.19163881242275238,0.6879565119743347,-0.08711337298154831,0.13550324738025665,-1.601239800453186,2.092273235321045,-0.420586496591568,1.182432770729065,-0.4147533178329468,1.1119316816329956,-0.15490812063217163,1.779431700706482,0.7248453497886658,-0.7214495539665222,-0.46283814311027527,-0.4491329491138458,-0.7382204532623291
-0.8277037739753723,-1.6989868879318237,1.7386170625686646,-0.669086217880249,-0.10410591959953308,-0.9115553498268127,0.5580199956893921,-0.634807288646698,-0.42353925108909607,0.8112021684646606,-0.7588061690330505,-1.408821702003479,-1.462729811668396,-0.3006531298160553,-2.151820421218872,0.41672664880752563,0.5762755870819092,0.06664907932281494,1.1912400722503662,0.8265242576599121,0.24289920926094055,0.13521529734134674,1.4699667692184448,0.746306836605072,-0.20322714745998383,-0.46392059326171875,-2.5540976524353027,-1.4130351543426514,-1.0681383609771729,-1.3651005029678345,-0.9774617552757263,-0.5612431168556213,0.08844567835330963,0.47438883781433105,-1.2313984632492065,-1.6299628019332886,-1.0008360147476196,-0.9150773286819458,-1.3969298601150513,0.26761752367019653,0.6267297863960266,1.9627765417099,-0.08731471002101898,-0.22545093297958374,0.5744587182998657,-1.7798558473587036,-0.42886215448379517,-0.6825912594795227,1.355688452720642,0.9271423816680908,-0.40833067893981934,-0.2264726758003235,-0.12256674468517303,0.7833476066589355,-0.02711850218474865,-0.11369810253381729,0.10147424042224884,-0.04073641449213028,-1.1187382936477661,-1.8347564935684204,-1.0979422330856323,-0.6998893022537231,-0.8343599438667297,-0.10765035450458527,1.3000622987747192
0.081817127764225,-0.6129395365715027,1.6794177293777466,-0.18587227165699005,-0.8404858112335205,-0.3259330093860626,-0.323975533246994,-0.296708881855011,-0.3220955729484558,-1.785747766494751,3.3879570960998535,-1.1646777391433716,-0.24676713347434998,-0.1801024228334427,-0.5984079837799072,1.234442114830017,1.495998740196228,1.1019566059112549,0.5985555648803711,-1.9365999698638916,1.1046744585037231,0.8577003479003906,0.33264604210853577,1.1047799587249756,0.2721620798110962,0.8260781764984131,0.6647974252700806,-0.7202736735343933,0.2676447927951813,-1.432256817817688,-1.3314212560653687,1.1123441457748413,-1.4689884185791016,-0.18158943951129913,-0.46422579884529114,-0.612482488155365,-0.8993490934371948,-0.5603605508804321,0.6211852431297302,-0.7166849970817566,-1.7441611289978027,-0.3078235387802124,-1.994559407234192,0.22628942131996155,0.8601412177085876,-1.4149407148361206,0.10338586568832397,0.7093274593353271,-0.04339832812547684,-0.18988804519176483,0.42817020416259766,0.8698634505271912,1.1601744890213013,1.5967051982879639,-1.5692449808120728,0.30664509534835815,0.03821901977062225,1.8022868633270264,-1.1266764402389526,0.2415512055158615,-0.29219233989715576,-0.6545133590698242,1.2359082698822021,-0.009463590569794178,-0.6024303436279297
0.6008152961730957,1.6089421510696411,1.1903144121170044,-1.719104290008545,0.5487915277481079,1.0000450611114502,-0.2880440354347229,1.0269430875778198,-1.4037518501281738,1.9524599313735962,0.1861530989408493,-0.9661239981651306,0.41747426986694336,0.2719421088695526,0.1539306342601776,0.6493627429008484,1.4447658061981201,-0.08834625035524368,-0.4550555646419525,2.012983798980713,0.28530099987983704,-0.6360030174255371,0.029697416350245476,-0.19579356908798218,-1.7493183612823486,-0.9449147582054138,-1.470411777496338,0.5634783506393433,0.7504381537437439,0.5575579404830933,0.6741238236427307,-0.0028950569685548544,-1.580375075340271,0.46535423398017883,-1.7045890092849731,-1.1168904304504395,-0.37776750326156616,1.2198424339294434,0.17705444991588593,0.9805883169174194,1.9763163328170776,0.9891701936721802,-2.2047131061553955,0.4274354577064514,0.7643474340438843,-0.05456038564443588,0.5428325533866882,-0.20360663533210754,0.8645879626274109,-0.8447511196136475,0.19017505645751953,0.16372649371623993,0.5382265448570251,1.3995153903961182,0.21172024309635162,-1.1865402460098267,0.059923190623521805,0.4110100269317627,-1.438984990119934,0.8206012845039368,0.5097259879112244,-2.439910650253296,-1.4197369813919067,1.2333890199661255,0.7137095332145691
-0.18724866211414337,-0.7407681345939636,-1.1525800228118896,-0.3424842357635498,-1.6100921630859375,-1.6313657760620117,1.3281251192092896,-2.0556437969207764,0.20967015624046326,0.453572154045105,1.2620223760604858,-0.1026541069149971,0.7758785486221313,-0.27493634819984436,-0.7924955487251282,0.4006972014904022,-1.3913735151290894,0.45976516604423523,-1.6694397926330566,0.7128117084503174,-1.7306021451950073,-0.3531590700149536,-1.2398979663848877,0.7082294821739197,-0.6482180953025818,0.26126959919929504,-1.2807615995407104,-1.4814926385879517,-0.08275323361158371,-0.17377807199954987,-1.3365737199783325,0.7385966777801514,-0.20732653141021729,-0.6693174242973328,-1.7310627698898315,-0.20877718925476074,0.1502816379070282,-1.491089105606079,0.13583020865917206,1.3342114686965942,0.4360007047653198,-0.06981268525123596,1.2945500612258911,0.5302777886390686,1.0148072242736816,0.7628515958786011,1.4410853385925293,0.7080073952674866,-0.7889732122421265,0.9555274248123169,-1.4977043867111206,0.15952251851558685,-0.4658855199813843,0.007819951511919498,0.5927408337593079,0.21226496994495392,-1.020820140838623,0.15416492521762848,0.18764178454875946,0.2468705028295517,-0.15298619866371155,0.5851644277572632,-1.322178840637207,-1.3120394945144653,-1.3328464031219482
-0.20497368276119232,-0.18960745632648468,-1.4571533203125,-1.0959062576293945,-0.056670065969228745,1.049487829208374,-2.6770830154418945,0.3204813003540039,-1.0497444868087769,1.3933241367340088,-1.4793295860290527,-0.8488717675209045,2.668020725250244,-1.6139118671417236,-1.1263651847839355,-0.5106391906738281,-1.3010693788528442,-0.6655251979827881,-1.6841405630111694,1.858012080192566,-1.6989836692810059,-1.3443042039871216,-0.36573702096939087,0.7354053258895874,0.1743563562631607,-0.07718362659215927,-0.6543810963630676,-0.6681774854660034,1.0595506429672241,-1.0699721574783325,-1.174136996269226,-0.4096519351005554,-0.7117535471916199,0.6378995180130005,-0.6518058180809021,-0.4397798776626587,0.8140782117843628,-0.38045141100883484,0.059306275099515915,-0.9857858419418335,1.6612063646316528,0.625745415687561,-1.2201812267303467,-0.21393515169620514,-0.18698330223560333,-0.8099461197853088,1.0291259288787842,0.5662640929222107,0.15329033136367798,0.5363504886627197,2.2657926082611084,-0.9191330671310425,-0.4293183386325836,0.10735351592302322,0.4471631944179535,-0.9872311949729919,-0.08788082003593445,-0.00941901933401823,-2.3437087535858154,-0.7931807637214661,-1.4733116626739502,-1.1405781507492065,1.2296223640441895,-1.0111585855484009,0.2114206999540329
-0.6177188754081726,-1.2266361713409424,1.3495572805404663,0.983389675617218,-0.5814967751502991,-0.4326109290122986,0.5683316588401794,0.986976146697998,-0.1251588761806488,-3.1210734844207764,0.3766416311264038,-0.10602317005395889,-1.2909308671951294,-1.4622565507888794,1.7481396198272705,0.0176488496363163,-1.1108969449996948,0.21064698696136475,1.700048565864563,0.1383553147315979,0.533795177936554,-0.44538432359695435,-0.9284688234329224,1.1370840072631836,0.09222748875617981,1.0591846704483032,0.5674353837966919,0.6453443169593811,1.6123160123825073,-0.01117083989083767,1.372581958770752,-0.33335021138191223,1.3379429578781128,0.6435545086860657,-0.2385796159505844,0.08050290495157242,1.8217380046844482,-1.2860921621322632,2.6763274669647217,-0.5069043040275574,-0.6603488326072693,-0.6344492435455322,-0.7690346837043762,-0.2726924419403076,-2.1893928050994873,0.1280236691236496,-1.365835189819336,0.04279715195298195,-1.039435625076294,-0.9226510524749756,-0.23635044693946838,1.6195099353790283,-0.8178136944770813,-0.7886487245559692,0.03454889729619026,1.0833323001861572,1.227131724357605,-0.7579878568649292,1.0864022970199585,-0.2155008167028427,0.9118397831916809,0.5363861918449402,-1.6652449369430542,0.05827837064862251,0.45659729838371277
-1.36674964427948,0.4207282066345215,0.19797466695308685,-0.4203018844127655,0.054444532841444016,1.8715479373931885,1.0435887575149536,0.49487534165382385,0.8779023289680481,1.188880205154419,0.24260933697223663,1.676235318183899,1.261149287223816,-0.38906174898147583,0.5559319257736206,0.0017109340988099575,-0.9604749083518982,1.3111803531646729,-0.5775028467178345,-0.28477585315704346,0.4459596276283264,0.7484318614006042,-1.329187035560608,0.7840977311134338,2.5332999229431152,-0.12382937967777252,1.200099229812622,0.02006644383072853,-0.4753909707069397,-0.6585967540740967,0.028888007625937462,1.768208384513855,-0.4674930274486542,-0.7950264811515808,0.7239874601364136,0.5497922897338867,-0.5155918002128601,0.24009394645690918,-0.49289780855178833,-1.3853026628494263,1.0042660236358643,-0.5060438513755798,0.654201328754425,0.7192704081535339,-0.9686465859413147,0.864614725112915,0.8867297172546387,1.7792054414749146,-1.330094814300537,-0.2440217137336731,0.25603947043418884,-1.748030185699463,0.3734266757965088,-0.5890085101127625,0.5911637544631958,0.413091242313385,0.1825452297925949,0.1177355945110321,-0.38898053765296936,0.014659474603831768,-0.6887698769569397,-0.021457727998495102,-0.8001596331596375,-0.7086297273635864,-0.5989813208580017
-0.8258858919143677,1.593322992324829,-0.7870334386825562,-1.1897809505462646,-0.9853555560112,-0.13142919540405273,1.7758591175079346,-0.32756468653678894,-1.0926799774169922,-0.432582288980484,1.607938289642334,-1.0449721813201904,-0.4280787706375122,0.4684127867221832,0.05439033731818199,-1.006036639213562,0.2884080111980438,1.2348606586456299,0.7277150750160217,1.4416128396987915,-1.0468339920043945,-0.8450666666030884,-0.2342742383480072,-0.6085891723632812,1.491939663887024,1.3792914152145386,0.2859147787094116,-1.6278363466262817,0.6062654852867126,-1.101081371307373,-0.33313846588134766,-0.08694418519735336,1.0483890771865845,-1.2671290636062622,-0.5343754291534424,-0.3808460831642151,-0.25804710388183594,0.9946727156639099,0.47882822155952454,1.2973462343215942,0.6043811440467834,-0.28785404562950134,1.6845662593841553,-1.1461268663406372,0.07404913753271103,0.17961052060127258,-1.542981743812561,-1.2633678913116455,1.1485084295272827,-1.4900636672973633,0.09449905157089233,0.7569311261177063,-0.897894024848938,1.571247935295105,1.7597124576568604,-0.8476778864860535,-0.5826489925384521,0.7873740792274475,1.1592624187469482,-1.1069766283035278,0.3836849629878998,0.7652007341384888,1.7077877521514893,-0.2829771935939789,-0.40779855847358704

Slice 49
0.4406098425388336,-0.7026879191398621,-0.8782787322998047,0.23832744359970093,1.5862740278244019,-0.8878493309020996,1.160871148109436,-1.87646484375,0.2888154983520508,-1.0331531763076782,2.325605869293213,1.0876904726028442,0.38497835397720337,-1.085405707359314,0.2160077542066574,-1.067333459854126,0.9133250117301941,-0.01851491816341877,-0.3566739857196808,-0.5297084450721741,1.659401774406433,-0.7900193333625793,1.3208342790603638,0.42975756525993347,-1.1537220478057861,-1.6525200605392456,1.5562688112258911,-0.4355866312980652,-0.15113961696624756,-0.007779231760650873,-1.2362453937530518,-0.453802227973938,-0.17315606772899628,0.66877681016922,-1.219975233078003,0.40375301241874695,-1.366355538368225,-0.7037104368209839,-1.0141674280166626,-0.5170503258705139,0.42821985483169556,1.4123481512069702,-2.1846096515655518,-1.4538922309875488,1.978807806968689,0.23814213275909424,-0.5971760153770447,-0.19051547348499298,0.680169403553009,-0.6873674392700195,0.6771286725997925,-0.1354254186153412,1.6236506700515747,-0.7100991606712341,-0.7061452269554138,0.023492420092225075,1.4293904304504395,1.701585292816162,1.13833487033844,-1.5104693174362183,1.1253352165222168,0.011684092693030834,1.3309022188186646,0.018512429669499397,-0.8611872792243958
0.5801091194152832,-0.9376851320266724,-2.301483154296875,-0.5354313254356384,0.3901519775390625,-0.373351126909256,-1.1065722703933716,-1.661001205444336,-0.20798130333423615,-0.14545907080173492,0.2860981523990631,0.18865510821342468,0.9794839024543762,0.6278520822525024,-0.5132530927658081,-0.6139879822731018,-2.141427516937256,1.3256909847259521,1.2186757326126099,0.25800788402557373,0.8053827881813049,-1.3156546354293823,0.9165370464324951,-2.8892810344696045,0.048864226788282394,1.2948222160339355,0.4398311376571655,-0.4351401627063751,1.8040046691894531,1.182428002357483,1.363029956817627,0.6100837588310242,-1.0425429344177246,0.851699709892273,-1.428269386291504,-0.36034318804740906,-0.7225151062011719,1.8347406387329102,0.9188275337219238,2.4259138107299805,1.4796141386032104,-0.3155175447463989,-1.715212345123291,-0.6656674742698669,0.3648524880409241,1.778773546218872,-1.6729960441589355,0.37208977341651917,-0.5065305233001709,-0.6142628192901611,0.33445942401885986,-0.05994205176830292,-0.21514520049095154,1.5133252143859863,-1.0484144687652588,-0.4034305810928345,0.23032328486442566,-1.3819719552993774,0.23623809218406677,-0.7741396427154541,-0.6918900012969971,-0.49722200632095337,-2.027442216873169,-1.9180018901824951,2.3182077407836914
-1.6434327363967896,0.6896432042121887,-0.50131756067276,-0.5421954989433289,1.1279661655426025,0.8466659784317017,-0.38632258772850037,-1.1226351261138916,-0.2578127980232239,0.127219557762146,0.44924333691596985,0.6932132840156555,1.1649601459503174,1.341051697731018,0.9129621386528015,-0.06600818783044815,0.760500431060791,-0.07522239536046982,-0.032496679574251175,1.173168420791626,0.17599022388458252,-0.7727187871932983,-0.04187260568141937,-0.9642578959465027,1.1504123210906982,-1.0358444452285767,0.1277812123298645,2.1064505577087402,-1.8147350549697876,-2.3598902225494385,2.001678943634033,-0.6046823859214783,0.11012262105941772,1.7808890342712402,-0.20026807487010956,1.5088346004486084,-0.09215229749679565,0.6414978504180908,-0.9279773831367493,-0.7260578274726868,0.6987825632095337,-0.6924684047698975,-1.000638723373413,-0.14110738039016724,0.04113505780696869,0.7898544669151306,0.058306530117988586,-0.7267521619796753,-1.3481682538986206,-0.6760701537132263,-1.0622105598449707,1.4040762186050415,1.2623494863510132,-1.0957127809524536,-1.2818588018417358,0.4555046260356903,-1.448203206062317,-1.0531686544418335,-0.2975362241268158,1.2618873119354248,-0.9445836544036865,0.4257630705833435,-2.16839861869812,-0.5824163556098938,-1.6816304922103882
1.3710683584213257,1.1627588272094727,0.46147462725639343,2.096273183822632,-0.6731725931167603,-0.2854127883911133,1.2394143342971802,-1.2278237342834473,1.049220323562622,-1.0792094469070435,-0.5927820205688477,-0.6002659797668457,0.5169094800949097,-0.3063543438911438,-0.16860857605934143,1.0163891315460205,-0.06936643272638321,-0.4829900562763214,0.6888828277587891,1.8148938417434692,0.08205999433994293,-1.1170494556427002,-0.02484796941280365,-0.5539885759353638,1.4644052982330322,0.47130730748176575,0.6649752855300903,-0.7122653126716614,0.3135061264038086,-1.0041178464889526,-0.4039835035800934,-0.040531110018491745,-0.13401223719120026,0.8374730348587036,-0.6877370476722717,0.01680479198694229,-0.34735026955604553,0.03583160415291786,2.6662330627441406,0.13813579082489014,-0.3538568615913391,-0.039907362312078476,-0.3476521074771881,-0.002776511711999774,1.887919306755066,0.6241295337677002,1.341551423072815,0.10795697569847107,-0.3770294487476349,-0.8738470077514648,0.6249913573265076,-0.5400885343551636,-0.0595843642950058,0.23269549012184143,-2.023056983947754,-0.32143160700798035,1.4131622314453125,0.42435887455940247,-1.2362159490585327,0.6339766383171082,-0.7375859618186951,0.9104946255683899,-0.841127336025238,-0.14637061953544617,-0.6035157442092896
0.8132244944572449,-0.6535549759864807,1.85624098777771,0.27185019850730896,1.2891266345977783,0.7910076975822449,1.914246916770935,0.2000214159488678,0.30050545930862427,0.08482176810503006,1.8931896686553955,-0.9909661412239075,1.9221214056015015,1.166886806488037,1.9399234056472778,-1.5686571598052979,-0.8879882097244263,0.7044178247451782,-0.962212085723877,0.2513924837112427,-1.6397767066955566,0.3903404772281647,0.2334972620010376,0.9785318374633789,-0.7223473191261292,0.2592565715312958,-1.6982409954071045,0.9747259616851807,-0.5106741786003113,0.6946157217025757,-1.514229416847229,0.7346638441085815,1.7616020441055298,-0.8522521257400513,0.7740066051483154,0.635152280330658,-0.21242573857307434,1.5024462938308716,0.5290635824203491,-0.12225181609392166,-1.0156352519989014,0.4557773768901825,-0.06365747004747391,-1.2181915044784546,-1.8974320888519287,1.3987153768539429,-0.975602388381958,-1.3530107736587524,0.20618803799152374,0.17995916306972504,-1.4593523740768433,0.9371707439422607,-0.0036320744547992945,-0.9245897531509399,1.4548596143722534,1.2403647899627686,0.026290463283658028,1.0950461626052856,0.18770670890808105,-0.31642794609069824,0.19590333104133606,-1.7176803350448608,-0.08717238157987595,-0.9439790844917297,0.8574304580688477
-0.39996063709259033,0.8968686461448669,-0.5203735828399658,0.226005420088768,-1.6000566482543945,2.0824828147888184,-0.7444175481796265,-0.404046893119812,-1.30681312084198,-0.7565429210662842,-1.4138340950012207,-1.032405138015747,-1.0319900512695312,-0.09167759120464325,-1.037274956703186,0.2654103934764862,0.5752840638160706,-0.32244572043418884,0.09383866935968399,1.4684135913848877,-0.1929352581501007,0.1490393728017807,-1.776913046836853,1.5031391382217407,-1.5996981859207153,-0.5440644025802612,-0.07736174017190933,-0.01602039486169815,0.8095659613609314,0.13297373056411743,0.14089877903461456,1.6050692796707153,-0.9622873663902283,-0.44828516244888306,-1.4783341884613037,-1.6951134204864502,-0.6951017379760742,2.234558343887329,-0.31054189801216125,0.3511354327201843,-1.2724322080612183,-1.3079320192337036,-0.5561748743057251,-0.5013219714164734,0.7698878645896912,0.1701565682888031,0.9013974666595459,0.6357827186584473,1.7679882049560547,1.1034621000289917,-0.8080816864967346,-0.4994979798793793,-0.4833454489707947,0.09116227924823761,0.0033417134545743465,-1.0768074989318848,0.39958423376083374,0.6565852165222168,1.0812442302703857,0.9381313323974609,-0.891316294670105,1.827544927597046,0.7358798384666443,0.8363226056098938,0.14739841222763062
-0.6458612680435181,1.1165250539779663,-0.4358694553375244,1.4226807355880737,0.2753101587295532,-2.1889994144439697,-0.5077905058860779,-1.1286303997039795,-0.15504451096057892,0.21597231924533844,-0.30247995257377625,0.47695621848106384,0.7063737511634827,1.4904437065124512,-1.181860327720642,0.7820231914520264,-2.5070157051086426,-0.20780354738235474,-1.169266939163208,-0.8585832118988037,-0.5638177990913391,1.0621949434280396,-0.0030031853821128607,-1.185301661491394,0.715484082698822,-0.1488943099975586,-0.33610329031944275,1.0664052963256836,0.520272433757782,0.3073287308216095,0.09798887372016907,-1.4408200979232788,-0.5027311444282532,0.5845646858215332,0.546161413192749,0.09925278276205063,0.6785016059875488,1.212071418762207,-0.11593311280012131,-0.3667495548725128,1.0910453796386719,0.7839835286140442,-1.6195900440216064,-1.0176010131835938,-0.409147709608078,-0.9057427048683167,0.09963621199131012,-0.7031567692756653,-0.8179415464401245,0.7573020458221436,0.6960924863815308,-1.1978143453598022,-0.7188997268676758,2.232334852218628,0.5135370492935181,-0.09256979078054428,-0.3036743104457855,-1.0229426622390747,-0.6599912047386169,0.8306893110275269,-0.34600409865379333,0.5346196889877319,0.8283922076225281,-1.9359506368637085,0.6112015843391418
-0.5472321510314941,-1.1078486442565918,-2.1161997318267822,0.34664854407310486,0.3182252049446106,-0.2565646171569824,2.0404300689697266,-0.4540162682533264,-0.04422292113304138,2.493988275527954,-0.3248533010482788,0.19897611439228058,1.6764715909957886,-0.8982380032539368,-1.1839083433151245,1.0703493356704712,-0.20992787182331085,1.5768826007843018,1.170891284942627,0.6295803189277649,-1.2505546808242798,-0.8821608424186707,-1.2563830614089966,-0.6098290681838989,-0.8036801815032959,0.35251304507255554,-1.5044302940368652,-1.784528136253357,1.4656540155410767,-0.39958447217941284,-1.13691246509552,-1.3309617042541504,-2.3308217525482178,0.42746588587760925,-1.6373921632766724,-0.903369128704071,-0.9463847279548645,-1.041131854057312,0.717078447341919,0.22214815020561218,-2.0880205631256104,-0.6467977166175842,-2.3674654960632324,-0.21412701904773712,0.8014001846313477,-0.7145625352859497,-0.1802251935005188,-0.4506288766860962,1.6258878707885742,-1.4103033542633057,-0.3143981695175171,1.855471134185791,-0.07642994076013565,0.8788520097732544,0.8535392880439758,-0.1173238530755043,1.1740353107452393,1.6461009979248047,0.5599684119224548,-1.8708523511886597,-1.7506812810897827,-0.7896474599838257,-0.5823924541473389,-0.8036699295043945,-0.8459258675575256
0.6426988244056702,-0.2820228040218353,-0.20355333387851715,0.43231281638145447,0.31325212121009827,1.2439559698104858,-0.451617568731308,1.3150479793548584,0.5595327019691467,-0.9786887168884277,0.13806915283203125,1.3900738954544067,-1.2109278440475464,0.3999788761138916,-0.07837472856044769,-0.05598356947302818,0.8329827189445496,-1.5183746814727783,0.04842056334018707,0.4861629903316498,-0.6351237893104553,0.8050569295883179,1.0182631015777588,-0.4158875346183777,0.5863174200057983,-1.7510788440704346,-0.7375361919403076,-0.6200996041297913,-0.04737088829278946,0.2363017052412033,1.0837537050247192,-1.4120502471923828,-1.3600300550460815,0.4976899325847626,-0.9823426604270935,-0.372354656457901,0.9308314323425293,0.21748310327529907,-1.2937017679214478,1.2933335304260254,0.1578560471534729,0.5853588581085205,-1.7453975677490234,1.0689988136291504,-1.0571030378341675,0.6895305514335632,1.6651248931884766,-1.5077883005142212,1.6313426494598389,1.2658933401107788,0.7200652360916138,0.592566192150116,0.783319354057312,-0.5368638634681702,-1.2260464429855347,-0.4122406244277954,0.38346850872039795,-0.025097575038671494,-0.1484207808971405,-0.7463967204093933,-0.6696763038635254,-0.8073093295097351,1.3489888906478882,0.4809899926185608,0.2643769085407257
-0.001215070951730013,-2.230468988418579,-0.433300256729126,-1.87498140335083,-0.8256076574325562,0.8139086961746216,-0.3504866361618042,0.3367304801940918,0.22348660230636597,-0.3333655297756195,0.18984247744083405,-1.0309197902679443,0.38648200035095215,-0.13286781311035156,-0.2740706205368042,0.48022159934043884,-0.5764179229736328,0.04514245316386223,1.4320285320281982,0.9769797921180725,0.6790971755981445,1.8650213479995728,-0.40984004735946655,-0.8623769283294678,-0.11294948309659958,-0.3198957145214081,0.15331685543060303,-0.3183913230895996,-0.10303506255149841,0.4614461660385132,-0.9794014692306519,0.049148622900247574,1.223021149635315,0.8574977517127991,1.158805012702942,-0.9813960194587708,1.53766930103302,0.4753979444503784,0.17741921544075012,1.9656388759613037,-1.3964277505874634,-1.2295491695404053,-1.5782246589660645,1.3352470397949219,0.7084968686103821,-0.07641145586967468,2.2194111347198486,-1.0610973834991455,-0.05164202302694321,-1.0808480978012085,-0.4468620717525482,0.3015515208244324,-1.1214179992675781,-0.987354040145874,-1.2151360511779785,1.4457931518554688,-0.2657187581062317,-0.34027576446533203,1.8306337594985962,1.1320925951004028,-0.9691330790519714,0.5767292380332947,-0.5240738987922668,-1.053999900817871,1.6554534435272217

Slice 50
1.1348416805267334,0.2801511883735657,0.9903653264045715,0.7801999449729919,0.7798801064491272,-1.1180927753448486,-0.11873971670866013,1.5874000787734985,0.8505788445472717,-1.208696722984314,0.5222660303115845,-0.23140007257461548,-1.696890115737915,0.604956865310669,1.3243681192398071,-0.2226814478635788,0.6485204696655273,-0.8835715055465698,-0.707322359085083,0.3126518130302429,-0.3817898631095886,0.4008816182613373,-1.397133469581604,0.6568901538848877,0.3231257200241089,1.0823596715927124,-0.2833300828933716,0.7528530359268188,-0.28990617394447327,0.8228782415390015,1.0235551595687866,-0.3275042772293091,0.8669751286506653,0.40667811036109924,1.7467241287231445,1.2739808559417725,1.3380677700042725,-1.1620655059814453,-0.8433824181556702,-0.40813738107681274,-1.5430032014846802,0.5490376353263855,0.21800462901592255,1.432321548461914,-0.7138485908508301,-1.0288432836532593,-0.4338670074939728,1.358324408531189,1.219800591468811,0.7488787174224854,-0.026448264718055725,1.4680217504501343,-0.25078698992729187,0.7487455010414124,-0.7042816877365112,0.22581137716770172,-0.7488011121749878,1.614195704460144,-1.1369178295135498,0.7804229259490967,-0.25119748711586,-0.9840840697288513,1.465168833732605,-1.2500923871994019,-0.9044349193572998
-0.31970882415771484,-1.0742311477661133,0.8616048693656921,2.0012295246124268,0.4415084421634674,-0.17613349854946136,-0.6384865045547485,-1.5430985689163208,-0.3645588457584381,0.1010170429944992,1.4314945936203003,-2.222052574157715,-0.7646582126617432,1.5017048120498657,0.14302562177181244,-0.40530917048454285,0.9011719226837158,-0.26734572649002075,0.4982813894748688,0.3993900418281555,0.9644629955291748,-1.4182276725769043,-0.1967099905014038,-0.41635990142822266,-0.7106019258499146,0.31783387064933777,0.5937650799751282,0.45430681109428406,1.564806580543518,-0.6566654443740845,0.3829822838306427,0.06375055760145187,1.8531885147094727,-0.31720393896102905,1.159569263458252,-1.7033987045288086,-2.7338128089904785,-0.44976961612701416,1.9013434648513794,-0.06779994070529938,0.03693434223532677,0.33069470524787903,1.4890809059143066,-0.38636088371276855,-1.8053535223007202,-1.0701441764831543,-1.020601749420166,0.8076103925704956,-1.1321074962615967,0.3982163667678833,1.4724708795547485,0.4989685118198395,-1.9140604734420776,-1.0135983228683472,-0.8279266357421875,-0.22487454116344452,-0.02572675794363022,0.5428587794303894,-0.8308084011077881,0.5251503586769104,-1.4435524940490723,-1.2712140083312988,-0.8543258905410767,-0.011538730002939701,-0.8126608729362488
0.39154285192489624,1.13628351688385,0.4290018081665039,-0.15316830575466156,-0.15986987948417664,-0.8226351737976074,-0.21386031806468964,1.3691890239715576,0.06377742439508438,1.4047367572784424,-0.594787061214447,-0.4734798073768616,-1.6709076166152954,-0.4938187003135681,-0.4681456387042999,0.21976794302463531,-0.04637448117136955,-2.1328229904174805,-1.9024477005004883,-0.3247467875480652,0.2153693437576294,0.9392202496528625,-1.1919748783111572,-1.0871995687484741,1.024821162223816,-0.2551785707473755,-0.24199837446212769,-0.7872620820999146,-0.24780890345573425,-0.8794340491294861,1.1006808280944824,-0.6630791425704956,0.6971261501312256,-0.07335230708122253,0.4600917398929596,1.4544830322265625,1.0725126266479492,0.9654355049133301,-0.25905701518058777,0.5527249574661255,-0.20968301594257355,-0.9267956018447876,-0.4273794889450073,-1.9461498260498047,-0.06335973739624023,0.6658027768135071,0.29521897435188293,0.6338046789169312,0.4849402606487274,1.1450529098510742,0.373495489358902,-0.22072075307369232,1.0001298189163208,-0.41105782985687256,-0.6095526218414307,-0.3476191461086273,-1.173013687133789,2.0073912143707275,-1.480810523033142,1.1403007507324219,-0.20822159945964813,-0.2646271884441376,1.1456419229507446,0.23981639742851257,0.538789689540863
-0.5350788831710815,0.9141116738319397,-0.4094702899456024,-0.15417027473449707,0.12115982919931412,-1.4901610612869263,0.34888195991516113,0.2177431583404541,-0.010845936834812164,-0.6538373231887817,-0.5176531076431274,1.630593180656433,0.09480636566877365,-2.077833652496338,0.23357859253883362,-2.300598621368408,0.5117218494415283,-0.4716149866580963,0.8598674535751343,-1.8530406951904297,-1.0627267360687256,0.7617882490158081,1.4078338146209717,-0.9012725949287415,0.41939958930015564,-0.03354458510875702,1.6044894456863403,0.07596973329782486,-1.3693724870681763,-0.08192609250545502,-0.02591634914278984,0.015481172129511833,0.6542543768882751,-0.9032756090164185,-1.90370774269104,0.943568766117096,-0.046199869364500046,0.12639328837394714,-0.47777166962623596,0.10726894438266754,0.2696225345134735,1.062904715538025,-0.051847245544195175,0.139240100979805,0.8838431239128113,-0.26707813143730164,-0.4400392174720764,0.837725043296814,0.3845060169696808,0.7443798780441284,0.531985342502594,-1.6893633604049683,-0.5969647169113159,-0.026606662198901176,1.4119863510131836,-0.7248738408088684,1.9999518394470215,-0.8948598504066467,-0.1878737360239029,0.8625897765159607,0.7994943857192993,-1.0199246406555176,-0.12695764005184174,0.13846951723098755,-1.0812379121780396
1.159994125366211,0.8249012231826782,-0.47570353746414185,0.4593183398246765,1.1502219438552856,-1.9875706434249878,-0.6354262232780457,0.38099002838134766,0.5002291202545166,0.736581027507782,-0.2088332325220108,1.2043993473052979,0.5335177183151245,-1.0156649351119995,0.1611989140510559,0.18288415670394897,0.48143717646598816,0.9213290214538574,-0.689586341381073,-1.0824925899505615,-2.2535994052886963,-1.3045107126235962,-0.35159704089164734,-1.9934512376785278,2.0032355785369873,-0.2815716862678528,-1.4123257398605347,-1.6672967672348022,1.1893442869186401,0.14064428210258484,0.7442821860313416,1.9717788696289062,-1.5690175294876099,-0.7816946506500244,-0.3813284635543823,-0.4509055018424988,0.1152331680059433,-1.3600218296051025,-0.9234839081764221,-1.745451807975769,-0.27040523290634155,0.018268464133143425,-0.7742097973823547,-2.5237982273101807,0.5083025097846985,0.7183980941772461,1.3209404945373535,0.771706223487854,0.9712715148925781,1.8342112302780151,1.8338420391082764,-1.9848123788833618,-1.172634482383728,0.8227656483650208,0.6264684796333313,-0.14009851217269897,-0.3647364675998688,0.4117589294910431,0.7462417483329773,1.7181092500686646,0.20482879877090454,-1.1172093152999878,-0.04388844594359398,0.402023047208786,0.6900025606155396
-0.15510150790214539,1.1367422342300415,-0.9919207692146301,0.68379807472229,-1.039518117904663,-0.42412588000297546,-0.6207133531570435,-0.10437716543674469,0.22147813439369202,0.9805266857147217,1.7204859256744385,1.7881230115890503,-0.3730936646461487,-0.5754961967468262,-0.41806232929229736,-1.5323545932769775,-0.8666415214538574,0.24851028621196747,-0.04236314818263054,1.8313566446304321,-0.39812415838241577,-0.21405911445617676,-0.19652210175991058,-1.5884156227111816,-0.8977615237236023,-0.9502601027488708,-0.9247334599494934,-1.2330743074417114,-0.14517192542552948,0.07868103682994843,-0.3255612254142761,-0.05454546958208084,1.5614334344863892,0.9033892750740051,1.130719780921936,-0.20932060480117798,-0.8322893381118774,-1.5424596071243286,-0.9082185626029968,-1.2838331460952759,-1.2332113981246948,-1.7961041927337646,1.360041618347168,-0.20694339275360107,-1.1076078414916992,-0.9165438413619995,1.4748384952545166,1.458709716796875,0.6916036605834961,-0.02023657225072384,-0.26927775144577026,-0.2727370262145996,1.1933989524841309,0.871947705745697,0.38287001848220825,-0.8251216411590576,0.5652366280555725,1.7572972774505615,0.34882375597953796,0.6052762866020203,1.242692470550537,2.383140802383423,-0.9313329458236694,0.2182755470275879,-0.29006510972976685
0.21539060771465302,1.2422606945037842,0.453696608543396,0.6872067451477051,-0.7189410924911499,-1.6029314994812012,0.8950002789497375,-1.2376816272735596,-0.5511025190353394,-0.4015178978443146,-0.9811258316040039,0.3237600326538086,0.05480930954217911,1.2165518999099731,0.962141752243042,-0.388845831155777,-0.6909293532371521,0.16945479810237885,1.9048619270324707,-0.37280115485191345,2.503633975982666,-0.3795839548110962,-1.4321948289871216,1.9817841053009033,-0.16594432294368744,-0.01062502060085535,-0.3793686330318451,2.1541965007781982,-1.1135733127593994,1.0280050039291382,-0.15274755656719208,1.0603053569793701,0.1502041518688202,0.6267005205154419,-0.4041385352611542,-0.43750712275505066,-0.582491397857666,0.7639211416244507,-0.044867824763059616,0.4105575680732727,0.9265592098236084,-0.7380515933036804,-2.3549916744232178,0.7178658843040466,-0.42696988582611084,-2.4553005695343018,0.6347419023513794,-0.409208208322525,-1.2930381298065186,1.4209072589874268,0.4249567985534668,-1.8482565879821777,-0.7790897488594055,-1.7875052690505981,0.7586128115653992,1.2964431047439575,0.24931645393371582,-1.5594348907470703,0.5641506910324097,-0.4871119558811188,2.003551721572876,-0.0018900542054325342,0.022716281935572624,0.651672899723053,-1.9413179159164429
-1.0138635635375977,-0.7520663738250732,0.7157604694366455,0.06061740592122078,0.11792421340942383,1.1480774879455566,-0.6340947151184082,1.4049487113952637,0.5964269638061523,0.5026164054870605,-0.5438186526298523,-1.2642062902450562,-0.32417139410972595,-0.9630367159843445,-0.8767237663269043,-0.054504942148923874,1.0960174798965454,-0.5367658734321594,-0.4337408244609833,-0.1734510362148285,-0.7057117819786072,-0.4619731605052948,-0.6340190172195435,-0.4086635410785675,0.387635201215744,-0.7794916033744812,-0.0012630634009838104,-0.41910216212272644,-1.9781510829925537,0.6605211496353149,0.6782901883125305,-0.776666522026062,-0.8782002329826355,-2.192800760269165,-1.3146717548370361,-0.6305662393569946,-0.18700389564037323,0.3811962902545929,-0.5380497574806213,-0.6131061911582947,0.8181285858154297,0.8831818699836731,-0.03562312200665474,0.08516000956296921,0.7101462483406067,0.14578086137771606,0.23282521963119507,1.8999202251434326,-0.5420295000076294,1.0397826433181763,0.09790786355733871,1.0377440452575684,-1.2488270998001099,-1.5989819765090942,-1.419020652770996,-0.8035882711410522,0.2142329066991806,-1.3788292407989502,-0.4556822180747986,0.4915730655193329,-0.06078692525625229,-1.8671860694885254,0.7783971428871155,1.0869852304458618,0.39904093742370605
-2.0705535411834717,0.6190222501754761,0.31617823243141174,-0.5407462120056152,-0.11898745596408844,1.2829363346099854,-1.1707007884979248,-0.8128155469894409,-0.9096416234970093,-0.9516498446464539,0.1162683293223381,-1.0782791376113892,-0.5637714862823486,-0.3129008412361145,1.8945330381393433,0.8467431664466858,0.9748495221138,-0.8574583530426025,0.7873882055282593,-0.6930280327796936,-1.1157702207565308,0.6085976958274841,-0.3014400005340576,0.5686812400817871,1.016229271888733,-2.486262321472168,-0.9166889190673828,-0.9973825812339783,0.23914366960525513,-1.0765858888626099,0.7590154409408569,-0.5870116949081421,0.18653036653995514,0.3938315808773041,1.0080171823501587,-0.8088823556900024,0.08085943758487701,0.08733423054218292,-0.5580098628997803,-0.2667658030986786,1.4371579885482788,0.8110986351966858,0.175551638007164,-0.9766170978546143,1.5367506742477417,0.12330197542905807,-2.2101211547851562,-1.4443366527557373,1.6718847751617432,0.9048411250114441,0.020634299144148827,0.6112511157989502,1.2564091682434082,-0.3477920591831207,0.05468015372753143,-1.4076265096664429,-0.029385782778263092,-0.1105564534664154,-0.3416287899017334,0.9395942091941833,-1.176019549369812,0.4248019754886627,-1.0236762762069702,-0.23899012804031372,0.49597564339637756
0.8208811283111572,0.55051189661026,-0.6100718975067139,-0.05474144220352173,1.4781028032302856,0.5728040933609009,-0.4031456410884857,0.3498106002807617,2.4670746326446533,1.5285061597824097,-1.032450556755066,-1.3924496173858643,1.076454758644104,1.7863153219223022,-0.043983351439237595,0.15712977945804596,-2.1339633464813232,2.27549409866333,1.4896914958953857,2.4279282093048096,0.292292982339859,0.5380603671073914,0.1566849648952484,0.11895634233951569,0.45297351479530334,1.6845587491989136,0.3540818393230438,-0.3962803781032562,0.8519529104232788,-1.7706847190856934,-0.8464846611022949,0.3276275098323822,-0.5430566668510437,-1.4150207042694092,-0.18776080012321472,0.02137959748506546,0.0946168601512909,0.8416864275932312,1.8164162635803223,0.4177803099155426,1.6171326637268066,-0.8385196328163147,-0.708612322807312,0.5353403687477112,-0.060118552297353745,1.1906533241271973,0.43350252509117126,0.6516513228416443,-1.1908291578292847,-0.2502666413784027,0.8186654448509216,-0.5527936816215515,1.8277289867401123,1.5082942247390747,-0.604647159576416,-0.16035009920597076,-0.7658239006996155,1.4726366996765137,1.116547703742981,-1.016806721687317,-0.6939420700073242,-0.5479629635810852,0.4806407392024994,-0.541357159614563,1.3336000442504883

Slice 51
-0.7831381559371948,1.1386750936508179,-0.7612887024879456,-0.759367823600769,0.31891658902168274,-1.5527678728103638,0.7215190529823303,-1.6605534553527832,1.5172159671783447,-0.6083920001983643,-1.1857088804244995,-0.6847673058509827,-0.5153548717498779,-1.6175612211227417,0.23645742237567902,0.09945482760667801,-0.8613067269325256,1.0394495725631714,2.017085075378418,1.229777216911316,-2.455920934677124,0.12788020074367523,0.15587972104549408,0.9789618849754333,-0.20883068442344666,1.2779768705368042,-0.5518783926963806,1.8270537853240967,0.8689097762107849,-0.5528684258460999,-1.232673168182373,0.774613618850708,0.7243937253952026,-0.2981061041355133,0.45855867862701416,1.4073489904403687,-0.8557276129722595,0.0872591882944107,0.8713715076446533,1.3972949981689453,1.0409232378005981,1.5312070846557617,1.9401664733886719,-0.4607331454753876,0.8053817749023438,-0.5749170184135437,0.4395141303539276,-0.28822991251945496,-0.27180951833724976,1.0100481510162354,-0.5839188098907471,-0.8409828543663025,0.4310157001018524,-0.4544721841812134,-0.9994363188743591,0.17004889249801636,-1.3988254070281982,0.5602618455886841,0.17032982409000397,1.857991099357605,0.6997876763343811,-0.10515905916690826,-3.0421173572540283,-1.0305891036987305,-0.8530707359313965
-0.7451196908950806,-0.20163771510124207,1.99613618850708,-1.0982494354248047,1.373063087463379,-0.8580672144889832,-0.17269262671470642,-0.8998589515686035,-1.410570502281189,-0.3319648504257202,-0.8037447929382324,-1.1200697422027588,-1.567876935005188,-0.4010871350765228,-1.554371953010559,0.7034143805503845,0.8284913301467896,-0.36105427145957947,-0.4613407850265503,-0.13874270021915436,1.5708950757980347,0.03893522918224335,-0.22872526943683624,-0.14236041903495789,0.4692649245262146,-1.2692782878875732,-1.4781737327575684,-0.7797300219535828,0.7896226048469543,-1.258556842803955,-0.5587573051452637,1.9828202724456787,-1.047444462776184,-0.2753264605998993,0.6757594347000122,-1.2715530395507812,0.2465302050113678,-1.2043988704681396,-0.39625754952430725,1.4582229852676392,-1.101313829421997,0.12383712828159332,-0.22165486216545105,-0.8321345448493958,-0.920811653137207,0.08463390171527863,1.70211923122406,1.1332900524139404,-0.08360517770051956,1.27640700340271,0.9796982407569885,0.057437390089035034,0.43402716517448425,-1.2039371728897095,-0.5896710753440857,1.4109933376312256,1.2786537408828735,-0.4973790645599365,0.7735545635223389,-0.7730156183242798,0.22820882499217987,-0.2397662103176117,-1.2527179718017578,-1.4173150062561035,-0.5249277949333191
-0.4917735457420349,0.5082601308822632,0.27673402428627014,0.35252845287323,1.5511571168899536,0.24760261178016663,-0.22178319096565247,2.4100940227508545,-1.0252491235733032,-0.26151376962661743,-0.3431059420108795,0.8340579867362976,0.3774751126766205,1.1240853071212769,-0.6947200298309326,-0.6706673502922058,1.250676155090332,0.5116966962814331,-1.035618782043457,-1.1099774837493896,0.7492218613624573,-0.23109465837478638,-0.6529072523117065,0.7556469440460205,0.49502307176589966,-0.7665694952011108,0.8134247064590454,0.09412524104118347,0.23776394128799438,-0.1903800368309021,-0.5842608213424683,-0.021486273035407066,-0.1191033348441124,1.5403724908828735,-0.4640739858150482,-1.1531950235366821,2.858022928237915,-0.3199464976787567,-0.5358326435089111,0.4238804578781128,-0.6394909024238586,0.9889185428619385,-0.32098913192749023,-0.14956042170524597,-1.050248146057129,1.189876914024353,-0.027782350778579712,-0.15562421083450317,-0.6742759943008423,0.816973865032196,0.5113636255264282,0.5757339596748352,1.8222935199737549,-0.4182618260383606,-0.94949871301651,-0.5575188994407654,-0.31801432371139526,-0.54461669921875,-1.3846688270568848,-0.42697930335998535,1.6448217630386353,1.1416205167770386,0.4844719171524048,0.1933986395597458,-0.7376219034194946
-0.00339993042871356,0.313646525144577,0.4537106454372406,0.5508056879043579,-0.6331343054771423,-0.43975111842155457,-0.016846830025315285,0.28225740790367126,-0.5332875847816467,1.309130311012268,0.25855231285095215,-0.7636966705322266,-1.6924324035644531,-1.07492196559906,-0.37975794076919556,-0.28719770908355713,-0.054509520530700684,0.8872659206390381,1.0028650760650635,0.6343175768852234,-0.6032781004905701,0.7534931302070618,1.1774697303771973,0.3621479272842407,0.45066747069358826,0.7401347756385803,-1.4508479833602905,0.8621534705162048,1.085100769996643,-0.4898156225681305,-1.0889602899551392,0.8344542980194092,-0.03150736913084984,2.411100387573242,-0.6065651774406433,0.37111544609069824,-0.37473249435424805,0.04377437010407448,1.2799800634384155,-0.16105417907238007,-1.1041792631149292,-0.4695621430873871,0.38365402817726135,1.7137237787246704,-1.0179309844970703,1.9801315069198608,1.112347960472107,-2.2731916904449463,0.5759758353233337,1.5498548746109009,1.2393025159835815,0.05015396326780319,-0.7351008653640747,-1.4297572374343872,0.7040332555770874,-0.7200952768325806,1.1366373300552368,-0.690849244594574,-0.11060983687639236,0.6648208498954773,-0.6045001149177551,-1.0236539840698242,0.6603162884712219,-0.30776169896125793,-0.815501868724823
0.6793526411056519,-0.8050981163978577,0.9165621995925903,-0.6419702172279358,-0.4371911585330963,-1.4790239334106445,0.04249143600463867,-0.7904837727546692,0.3052825927734375,0.2454468011856079,-0.23594322800636292,0.5978068709373474,-2.1164236068725586,0.7895557880401611,-0.7246606349945068,1.6143176555633545,-0.7143682837486267,0.6581777930259705,-1.0443888902664185,-1.1400434970855713,0.1669948250055313,-1.905817985534668,-0.9769060611724854,0.4269427955150604,1.244083046913147,-0.1746210753917694,0.37065389752388,-0.40635064244270325,-0.6331638097763062,-0.026830904185771942,-1.7503595352172852,1.4307154417037964,-1.782256841659546,0.38796859979629517,1.0462428331375122,0.12434566020965576,-0.300559401512146,-0.2309471070766449,-0.9790397882461548,-0.022221870720386505,-0.08957068622112274,-0.20454202592372894,-0.47478407621383667,-0.37340110540390015,-0.8401532173156738,-0.03963678330183029,0.44497230648994446,0.11227454990148544,2.904374361038208,0.05084490403532982,0.792901337146759,1.0788308382034302,0.2854653000831604,-0.2943533658981323,-0.7780234813690186,2.046099901199341,0.00024113504332490265,-0.21952728927135468,0.7916347980499268,0.44642359018325806,-1.1192100048065186,-1.20684814453125,-1.4043487310409546,0.087804414331913,1.99088454246521
-0.7551501393318176,-0.9610597491264343,1.4232498407363892,0.4673078954219818,0.2457931786775589,-0.3203012943267822,0.9908044934272766,-0.8291537165641785,-0.05607123672962189,1.3899247646331787,0.3238859474658966,-2.473686456680298,0.7009404301643372,0.40742745995521545,0.24307839572429657,0.9501019716262817,0.5455634593963623,0.696547269821167,0.30789151787757874,0.7425131797790527,0.25241619348526,0.34525424242019653,0.3576573133468628,1.0258821249008179,-0.4773142635822296,0.519909679889679,0.05260169878602028,0.5215420126914978,1.4379905462265015,0.5181226134300232,0.5644075870513916,-0.6034848093986511,0.46675407886505127,-0.4056934118270874,0.8749488592147827,0.49876564741134644,-1.2845532894134521,0.4430265724658966,1.1202099323272705,-0.6409335136413574,0.4418606162071228,-0.5447123050689697,0.11967059224843979,1.2902189493179321,-0.061308130621910095,0.0788799375295639,-0.7319540977478027,0.49993833899497986,0.6299931406974792,-0.1122857928276062,1.0951541662216187,-0.005918675567954779,-0.17859895527362823,0.5857608914375305,2.2155516147613525,0.5290176272392273,0.6180853247642517,0.20299239456653595,0.5043855905532837,0.90605628490448,1.169710636138916,1.181256890296936,-1.4918161630630493,0.9041067361831665,0.05481433495879173
0.2186351865530014,-0.8479446768760681,-0.6972693204879761,-0.12720531225204468,-0.9516065120697021,0.27272889018058777,-0.6738619208335876,1.091415286064148,-0.03980051726102829,1.1072287559509277,-0.7745632529258728,-0.974170446395874,0.7997256517410278,-2.0465290546417236,0.2783663868904114,1.0069198608398438,0.6696950197219849,1.1359949111938477,-0.18232794106006622,-0.8102735280990601,-1.045272707939148,0.5378968119621277,0.10369572788476944,0.7594015598297119,-1.7019011974334717,0.2450561225414276,0.054944876581430435,0.1528039574623108,0.6437108516693115,0.22423993051052094,0.16860054433345795,-0.5461587905883789,-0.5548759698867798,1.135858178138733,0.6158541440963745,1.208953619003296,-0.3024556636810303,1.8144664764404297,0.38389796018600464,0.14199623465538025,-0.07051432132720947,-0.441356897354126,-0.08687643706798553,0.07892113924026489,0.8297990560531616,1.4188480377197266,0.0888136476278305,-1.6091078519821167,-0.7414917945861816,0.9375975131988525,-0.43978172540664673,0.4916303753852844,-0.3990316689014435,0.8587706685066223,0.6031178832054138,-0.4683874249458313,-0.6116682291030884,0.32539278268814087,0.23780618607997894,-0.38446980714797974,-0.04780709743499756,0.21365171670913696,0.4109985828399658,-0.7738836407661438,-0.2626837491989136
0.6835858225822449,-0.4303760528564453,-2.806196451187134,2.1610753536224365,1.125386118888855,0.32931262254714966,0.5356031656265259,1.8764463663101196,-0.4687705636024475,-0.0714397057890892,0.589625895023346,1.650461196899414,0.07655606418848038,0.5499878525733948,-0.9513348340988159,0.6171041131019592,1.710615634918213,-1.9053703546524048,-0.0898827463388443,0.40787240862846375,1.2137757539749146,-1.1901758909225464,-0.7311633229255676,1.0024789571762085,0.9225418567657471,-1.0957053899765015,1.2229350805282593,0.4969848394393921,0.08304872363805771,3.3614227771759033,-2.170930862426758,1.0592985153198242,0.40750157833099365,-0.9449023604393005,0.21431389451026917,-0.8251670598983765,-0.22101174294948578,1.9549118280410767,1.7802873849868774,0.28202757239341736,-0.8949285745620728,-0.9327369928359985,-0.550912618637085,-0.06290577352046967,-0.773213267326355,-0.6558296084403992,0.9867242574691772,1.2153266668319702,-0.4365028142929077,-0.8699663281440735,0.9744201898574829,2.9806389808654785,1.4700261354446411,0.26095297932624817,-0.2765342593193054,-1.1800132989883423,1.2729655504226685,1.8770341873168945,2.0408806800842285,0.0013207978336140513,-1.625690221786499,0.498901903629303,-0.397299587726593,1.6502346992492676,0.560025691986084
0.05683327466249466,0.04029696062207222,-0.893291711807251,-0.7498307228088379,1.9873491525650024,-0.42106613516807556,-2.1840593814849854,0.9486221671104431,-1.2630668878555298,-0.3536301255226135,-1.0129555463790894,-0.5028255581855774,-0.1317797750234604,1.273909330368042,0.7839495539665222,-1.3928135633468628,0.9432939291000366,1.6405400037765503,-0.4409730136394501,-0.21849742531776428,0.230489581823349,-0.35474294424057007,-0.02413059026002884,1.6676822900772095,-0.3162328898906708,-1.308426856994629,1.9770100116729736,0.3973034620285034,0.16361378133296967,0.3409788906574249,1.0302131175994873,0.07950299978256226,-0.12520071864128113,-0.49892422556877136,1.3446977138519287,-0.25691401958465576,-0.01542536448687315,-0.32372820377349854,-0.7809228301048279,0.36678460240364075,0.758054792881012,-0.4182763993740082,-1.060171365737915,0.40528860688209534,-0.5036632418632507,-1.1079238653182983,1.6486355066299438,0.9691426753997803,-0.9513329267501831,0.04220686852931976,-0.30809590220451355,1.0505198240280151,2.274669885635376,2.025162696838379,0.00026386650279164314,0.30722489953041077,-0.5820638537406921,-0.1690022200345993,0.5586335062980652,-1.4026962518692017,0.819501519203186,0.6547970771789551,-1.0508792400360107,0.2020782232284546,-1.603245735168457
0.9274817109107971,-0.9629005193710327,0.8303505182266235,-0.1223493218421936,0.38342106342315674,-1.6623467206954956,0.2931611239910126,-0.14591674506664276,-0.4914424419403076,-1.050174355506897,-0.5706576704978943,-0.34991100430488586,0.024855447933077812,-0.6140246987342834,-0.3842879831790924,0.5975996851921082,-1.060333013534546,-0.6517616510391235,0.2502841055393219,0.36832916736602783,-1.9600236415863037,-0.5555911660194397,-0.2030220627784729,-1.5979790687561035,-0.04176071286201477,-0.5455676913261414,0.20641416311264038,-1.4238477945327759,-1.0871315002441406,-0.803056001663208,0.7287404537200928,0.5939526557922363,0.3811836242675781,0.7207553386688232,-0.9779820442199707,-0.2453663945198059,1.0517215728759766,-1.2130309343338013,-0.6972962021827698,0.33699357509613037,-1.4101423025131226,0.20218205451965332,-0.8373803496360779,-0.9438785910606384,-1.3214359283447266,1.2828713655471802,1.2322161197662354,0.299157977104187,-0.5240570306777954,0.6318534016609192,1.3730322122573853,-0.5303272008895874,-0.19242852926254272,0.08054611086845398,-1.0249378681182861,-0.5921642780303955,0.07409925758838654,-0.45144882798194885,1.1833463907241821,-1.0045382976531982,1.0037600994110107,0.7211803793907166,-0.24927736818790436,-0.23969849944114685,-0.5469629764556885

Slice 52
0.37574082612991333,0.5862207412719727,-0.18695183098316193,-0.7425936460494995,0.6699318885803223,-0.4474623501300812,0.738976776599884,0.10926545411348343,-0.8063191771507263,-0.39362072944641113,1.174962043762207,-0.9211795330047607,-1.7226011753082275,0.08295518159866333,-2.3088369369506836,-0.7896994948387146,-0.3325100541114807,-0.645279049873352,-0.1467144787311554,-1.6738471984863281,-0.6538729071617126,1.927603840827942,-1.099367380142212,-1.3808866739273071,-0.3024255931377411,1.7838150262832642,-0.28318318724632263,-0.8497678637504578,0.9414889216423035,0.14657187461853027,0.10133165121078491,-1.24498450756073,0.46978116035461426,-0.007973887026309967,0.9005231857299805,-1.0861626863479614,0.32501089572906494,-1.1830171346664429,-0.026847248896956444,1.1850377321243286,-0.008198646828532219,1.3104445934295654,0.38141340017318726,-0.9548477530479431,-1.0929685831069946,-2.4161412715911865,-0.6294201016426086,1.3549546003341675,1.3099778890609741,0.5995883345603943,0.6756532788276672,-2.237900733947754,-0.6495214700698853,-0.4323388636112213,-1.7212096452713013,-0.8203574419021606,1.301606297492981,0.5986720323562622,-0.5290390253067017,-0.5786928534507751,1.07587730884552,0.440222829580307,-1.5418215990066528,0.3468998670578003,-0.6327027082443237
0.1914653778076172,-2.1291956901550293,-1.0693488121032715,0.08321366459131241,0.5267345309257507,-0.6082836985588074,-2.0064377784729004,0.6524951457977295,-0.380109578371048,-0.2726929485797882,0.7402803301811218,-0.7042378187179565,-1.747879981994629,1.5077019929885864,-1.2048736810684204,1.1074905395507812,0.31598442792892456,-1.5621083974838257,-1.4707231521606445,-1.2005642652511597,-1.8487834930419922,0.6337889432907104,1.1682512760162354,-0.04516870528459549,-1.5738457441329956,-1.0100617408752441,-0.09008108824491501,0.8904995918273926,-0.42369523644447327,-0.9884721040725708,-0.776197612285614,1.3974220752716064,-0.5731117129325867,1.100679874420166,-0.1694808155298233,0.13115206360816956,-0.8299868106842041,-0.6909962892532349,-0.1259836107492447,-1.6857969760894775,-0.5767294764518738,1.5667510032653809,-0.08783742040395737,-1.1631667613983154,0.06903320550918579,-0.28402194380760193,-3.4547266960144043,2.160017728805542,0.4735512137413025,-0.3541012406349182,0.9026709198951721,2.093369483947754,0.9550764560699463,-0.4876542389392853,-0.6694384217262268,-0.4788059890270233,-0.7504640221595764,0.6801056265830994,-1.9062639474868774,0.33795398473739624,0.8320589065551758,1.1142562627792358,-0.48841243982315063,0.8935791254043579,-0.004553572274744511
-0.009499635547399521,-0.36778193712234497,-0.34209564328193665,-0.2628578543663025,0.7262098789215088,-0.3713271915912628,0.8121078610420227,-0.6468472480773926,0.29645875096321106,1.2836066484451294,-1.6709505319595337,0.011037886142730713,0.7363975644111633,-0.9407339692115784,1.0636001825332642,0.3506892919540405,1.2129837274551392,0.38438376784324646,0.5294255614280701,-0.23212583363056183,-0.6494193077087402,-0.4159681797027588,-1.5887850522994995,0.18048453330993652,0.7498190999031067,-1.0970193147659302,0.08900566399097443,1.9331016540527344,-0.04402738809585571,0.26223981380462646,0.2794203758239746,0.35255056619644165,-0.21351759135723114,1.1232128143310547,0.3741392195224762,0.6646744608879089,1.244627833366394,1.7354990243911743,-0.7792844176292419,-0.5788832902908325,0.6152058839797974,-1.5166302919387817,-0.6062270402908325,-0.6175987720489502,0.058983221650123596,-0.8521503210067749,0.7735135555267334,-0.5117465257644653,0.8080074191093445,-1.4179179668426514,-0.2883908748626709,-0.062009986490011215,-0.3282953202724457,2.5707318782806396,-0.4359707832336426,0.55611652135849,-0.8050624132156372,1.5169118642807007,-0.14288485050201416,1.0414315462112427,0.38059112429618835,0.6487918496131897,-0.49955683946609497,0.3387373983860016,-0.8569060564041138
2.2183194160461426,1.0001194477081299,0.10925067216157913,-0.8951287269592285,-0.6009975075721741,0.36723652482032776,0.14653806388378143,0.2675511837005615,-0.5658190846443176,0.42589470744132996,0.14159128069877625,0.26382046937942505,0.8987149000167847,0.543795645236969,1.3359531164169312,-0.09104742109775543,1.0612038373947144,-0.3803596794605255,0.3433568477630615,0.13299381732940674,0.4641382098197937,-1.809516429901123,0.6256207823753357,-0.26316097378730774,-0.040083885192871094,-1.8125134706497192,0.9257183074951172,0.46869850158691406,-0.5756494402885437,0.21698889136314392,1.7087301015853882,-0.8725616931915283,0.6309722065925598,1.3824048042297363,0.07790334522724152,1.6495755910873413,2.2591121196746826,1.2432142496109009,1.162165880203247,0.6969543695449829,-1.1242756843566895,-1.3895387649536133,-1.2018990516662598,0.9938156008720398,0.3148209750652313,0.39550718665122986,0.06684339791536331,0.23068921267986298,0.812966525554657,1.8289167881011963,-1.694219708442688,-0.029003931209445,-0.1177414134144783,-0.38268595933914185,-0.22206120193004608,0.07501158118247986,0.4519278109073639,-0.7107350826263428,-1.5790114402770996,-0.6220988035202026,1.1936912536621094,1.3868992328643799,-0.014509732834994793,-0.5473713874816895,1.07328200340271
0.5914825201034546,0.5811740159988403,-0.5829538702964783,-1.5628169775009155,-1.5444766283035278,-0.724038302898407,-0.23105227947235107,-1.4427084922790527,0.39865511655807495,-1.1117936372756958,0.9184994101524353,-0.19155989587306976,0.9391630291938782,-1.1821658611297607,0.5396139025688171,0.29149293899536133,0.8417831063270569,-0.48125866055488586,1.0816736221313477,-0.24573880434036255,1.4380409717559814,-0.6338405013084412,-0.6053341031074524,-1.4958100318908691,0.643706202507019,-1.2603673934936523,0.39896219968795776,0.5523950457572937,2.2474544048309326,-0.2858833074569702,0.8639127612113953,-0.6079849600791931,-0.5255426168441772,0.25452950596809387,-1.331561803817749,-0.5461967587471008,0.28705763816833496,0.5840402841567993,-1.9435840845108032,1.3609766960144043,-0.535730242729187,-0.23010089993476868,-0.16793003678321838,1.3225619792938232,-1.28928804397583,-2.6281354427337646,1.6936174631118774,0.7626902461051941,-0.2674921452999115,1.2099719047546387,0.5290740728378296,1.3034944534301758,-0.9588255882263184,0.6857452392578125,-0.18893107771873474,-1.5952547788619995,-0.4385639727115631,-0.337761253118515,-0.6220680475234985,-0.8461900949478149,-1.0828675031661987,1.5442092418670654,-0.07056624442338943,-0.8182740211486816,1.1451672315597534
0.180532768368721,0.16109061241149902,1.5874711275100708,-0.44737645983695984,-0.3962191045284271,0.9820337891578674,1.5437431335449219,-0.5648853182792664,-0.6296687126159668,0.5489184260368347,-0.5592132210731506,1.20162832736969,-1.1584774255752563,-0.5233410596847534,-0.950484037399292,2.1732735633850098,-1.4696935415267944,0.5819238424301147,-0.8103232383728027,-2.7669260501861572,-0.1509111523628235,2.5166988372802734,0.746006429195404,-1.8209514617919922,0.04340820759534836,0.4998666048049927,-0.2824128568172455,-0.18094228208065033,-1.0331145524978638,0.4338344931602478,-0.1283525675535202,-0.18993405997753143,-0.661462128162384,0.7602075934410095,-2.016317844390869,-2.068765163421631,1.1855072975158691,1.9332120418548584,-0.4093689024448395,0.29558709263801575,-0.24994705617427826,0.13363976776599884,1.276227593421936,-0.5480087399482727,-1.1387372016906738,-1.1733909845352173,0.05497465655207634,0.7696564793586731,1.9209600687026978,0.24751146137714386,-1.964111328125,-1.564963459968567,1.126562476158142,0.09302005916833878,-0.2680507004261017,0.8097585439682007,0.9822047352790833,-0.18537113070487976,-1.1401501893997192,-2.0262742042541504,0.33014851808547974,0.3666675090789795,0.9885289072990417,-1.1466999053955078,1.2716591358184814
-1.0671448707580566,0.6323739290237427,0.5764696598052979,-2.217200756072998,-0.27585527300834656,1.1649812459945679,-0.16474612057209015,-1.6840912103652954,-1.9377654790878296,0.5113179683685303,2.063249349594116,1.9281911849975586,0.1699516773223877,1.116847038269043,0.30847716331481934,0.7924156785011292,-2.4442286491394043,2.1455068588256836,-1.2329193353652954,-1.0592635869979858,0.27797964215278625,-1.5885308980941772,0.980850338935852,0.27239739894866943,-1.562559962272644,-2.4535882472991943,0.6381307244300842,-0.40452900528907776,-0.2978307902812958,1.1919140815734863,-0.1261751651763916,1.1909171342849731,-1.393325924873352,-1.2824558019638062,1.0393714904785156,0.06110385060310364,-0.3783968985080719,-0.456772118806839,-0.36941787600517273,-0.5215488076210022,-1.211154580116272,0.4754585921764374,-0.3043677508831024,1.1907894611358643,-0.4922583997249603,0.21051448583602905,0.5284872651100159,-1.635146141052246,-0.849115788936615,0.7679911255836487,0.3311308026313782,-0.5307555198669434,1.3110483884811401,-0.4882676899433136,-1.4666980504989624,-0.11598339676856995,-1.164823055267334,1.3053547143936157,0.5038443803787231,-0.6010338068008423,0.1179688572883606,-1.3039742708206177,-1.5071479082107544,0.7443499565124512,1.3556333780288696
0.04262280836701393,0.4344993233680725,0.8682318925857544,0.07851007580757141,0.3103133738040924,0.3042706549167633,0.6192842125892639,0.019601142033934593,0.16342437267303467,-1.0945152044296265,-0.17908817529678345,-0.3115607798099518,-0.45570310950279236,-2.2360687255859375,0.6855294704437256,-0.7222345471382141,1.1603789329528809,-0.32893359661102295,-0.581723690032959,0.5174299478530884,-1.1220645904541016,0.012417756952345371,-0.43570709228515625,1.0389779806137085,-0.24391353130340576,0.4171738624572754,1.3454152345657349,0.2025206834077835,0.6250357627868652,-0.527241587638855,0.16155023872852325,-0.021416964009404182,-0.5671318173408508,1.5930477380752563,-1.2191208600997925,1.4297329187393188,-0.6547350883483887,-0.004891452845185995,0.07775617390871048,0.46635153889656067,0.7070740461349487,-1.793554663658142,0.9968149065971375,-0.7301550507545471,2.5505056381225586,1.180027723312378,0.7359034419059753,-0.409359335899353,-0.44392138719558716,-0.11331057548522949,-0.879540205001831,2.0262279510498047,0.18218621611595154,0.8225300908088684,1.9910588264465332,-1.133336067199707,1.2456382513046265,-0.10129784792661667,0.7787295579910278,-0.6454535126686096,-0.9909282922744751,0.5658491849899292,0.6073185801506042,-0.6128885746002197,0.1598241627216339
-1.7247200012207031,-2.2396740913391113,-1.923392415046692,0.21499060094356537,-1.6603002548217773,0.5950698256492615,-0.40971261262893677,0.3391265869140625,-0.3711012303829193,0.7102255821228027,-1.7116142511367798,-0.14110487699508667,-2.0944223403930664,-0.3573163151741028,-1.164508581161499,0.19735540449619293,1.6182042360305786,-1.831955075263977,-1.0664498805999756,-0.3663230836391449,0.1939818412065506,1.2689995765686035,-0.20190756022930145,-0.8593975901603699,-0.040453262627124786,-0.31771379709243774,-2.319578170776367,0.9789168238639832,-1.0641608238220215,-0.6405293941497803,0.8368322253227234,-0.904087483882904,0.8021348714828491,2.534006118774414,-0.44577646255493164,-0.05007856711745262,-0.6338016986846924,-0.33982476592063904,0.8527889251708984,0.47066113352775574,1.0483945608139038,-0.43543681502342224,0.04104761406779289,-0.2295749932527542,-1.3942416906356812,-0.7054581046104431,-0.7511507272720337,-0.5158998966217041,0.3748314082622528,0.5897829532623291,2.0359013080596924,0.19345909357070923,1.9062271118164062,-2.4416303634643555,0.904891312122345,-1.4509108066558838,0.5108745098114014,-0.5877763032913208,-0.834305465221405,0.5564447641372681,0.1205257847905159,-0.07203570753335953,0.5900640487670898,-0.10402848571538925,-0.552696943283081
1.5316091775894165,-1.0999033451080322,-0.13400942087173462,-0.06088072061538696,-0.9893850088119507,-0.4388873279094696,-0.0626019611954689,-0.39807501435279846,-0.9781167507171631,-0.5799952149391174,-0.9438729882240295,-1.5777486562728882,0.1969706416130066,0.18960952758789062,0.7024216651916504,0.3396904766559601,0.1387067586183548,-0.23284928500652313,1.1159530878067017,0.06723558157682419,1.3371014595031738,0.778744637966156,0.648664116859436,1.16421639919281,1.8636388778686523,-0.7500594258308411,0.659431517124176,0.7351580858230591,0.8666417002677917,-1.6236052513122559,2.8413400650024414,-0.4127407670021057,-1.1586788892745972,-0.3055369555950165,0.2681645154953003,0.9488363862037659,-1.1770966053009033,-0.9507019519805908,-0.8443207740783691,-1.2351454496383667,-2.3204843997955322,0.8870964646339417,-1.4295920133590698,0.9246828556060791,1.4918097257614136,0.6236169934272766,0.06090296432375908,-0.9918486475944519,-1.0657579898834229,-0.5943359136581421,-0.7616584300994873,0.11366425454616547,-0.6359682679176331,-1.0631831884384155,2.0159265995025635,0.3752536177635193,-1.0465850830078125,-0.10612894594669342,0.5691304206848145,-0.8707632422447205,0.995364248752594,1.0963077545166016,0.40232571959495544,0.8550350069999695,0.5970050692558289

Slice 53
0.8356193900108337,1.0066372156143188,-0.37911343574523926,-1.1674048900604248,1.2838261127471924,0.2810148596763611,-0.056663647294044495,-0.10367593914270401,-1.0718990564346313,0.4387266933917999,-1.6860462427139282,1.3283582925796509,1.0123804807662964,0.9227747321128845,0.9838277697563171,0.9417877197265625,1.422996163368225,-1.5478827953338623,0.14232943952083588,0.4706926941871643,0.24534809589385986,-1.3560798168182373,-1.2300047874450684,0.317402720451355,-2.049328327178955,-1.662048101425171,-1.5145355463027954,0.4976435601711273,-0.5439709424972534,-1.8653552532196045,1.3036824464797974,-1.4004546403884888,-0.3883973956108093,-1.3193424940109253,-0.07864619046449661,-1.3559333086013794,-0.2901008129119873,0.0622224397957325,0.912757933139801,1.496901035308838,0.18965162336826324,0.8586849570274353,-1.1112920045852661,-1.4307091236114502,-1.4899539947509766,1.1326812505722046,0.13205839693546295,-1.5978754758834839,0.34767410159111023,-0.11470581591129303,0.6218355298042297,-2.4235026836395264,-0.57867431640625,-0.7932645082473755,1.2343425750732422,-0.15060123801231384,1.9308173656463623,0.2569538652896881,-2.0076348781585693,-0.5529331564903259,0.0053931912407279015,-0.020689256489276886,-0.5256751775741577,0.23723295331001282,1.6502100229263306
1.0954936742782593,-0.3880350589752197,1.1297693252563477,0.31120386719703674,-0.1444297879934311,-1.2022274732589722,-1.6397907733917236,-0.7608973383903503,-0.11220930516719818,-1.4087177515029907,-0.14945273101329803,-1.204534649848938,0.6483069062232971,-0.6340861916542053,0.8716096878051758,0.8640459775924683,-0.38902631402015686,0.9933556318283081,-0.5177441239356995,0.546459972858429,-0.023132463917136192,-0.02645658329129219,-0.058726292103528976,-0.9178156852722168,0.17452584207057953,0.23892366886138916,1.1188840866088867,1.227155089378357,-0.11614813655614853,-0.5118235349655151,-0.7158627510070801,0.6256338953971863,1.225537657737732,-0.7273460626602173,-0.35091376304626465,0.16625382006168365,-0.1323656141757965,0.21381118893623352,0.22873885929584503,-0.30349621176719666,1.1014384031295776,-0.1271975189447403,0.6199513077735901,-2.13053822517395,1.4260345697402954,-0.36041030287742615,0.9389455318450928,1.9068530797958374,-0.5443275570869446,-0.5072535872459412,-1.1970832347869873,-0.452491819858551,-0.4728367328643799,0.41947656869888306,0.43238598108291626,-1.7414058446884155,-1.4646875858306885,0.07898244261741638,-1.0710103511810303,-0.06864946335554123,0.046281296759843826,0.8344137072563171,-0.3427616357803345,1.0025582313537598,-0.9629964828491211
0.15245921909809113,-0.6681779623031616,-0.7186530232429504,0.5056167244911194,-1.692172646522522,-0.6704064607620239,-0.38489967584609985,-0.6461299657821655,1.2772760391235352,-0.9726853370666504,-0.034761205315589905,-1.4958854913711548,0.012937516905367374,0.28840500116348267,-0.26488250494003296,-1.5675098896026611,-0.33166196942329407,-0.686816930770874,-0.6875627040863037,-1.1026736497879028,-0.48270055651664734,-0.027574434876441956,0.3251049518585205,0.9757605791091919,0.8892138004302979,0.7638562917709351,0.69575434923172,-0.42508000135421753,-0.39271196722984314,0.36828160285949707,-0.4721624553203583,-1.4868749380111694,-0.736704409122467,1.022457480430603,0.47620725631713867,0.09095929563045502,0.29171282052993774,-0.9873436689376831,0.900850236415863,-1.0496747493743896,1.8097976446151733,-0.8724325299263,0.11791762709617615,0.11318323016166687,-0.29518264532089233,1.1466329097747803,0.09296553581953049,-0.09570889174938202,-0.25450602173805237,0.7582670450210571,0.7301306128501892,-0.48865434527397156,1.8350969552993774,-0.7858253717422485,0.9980179667472839,0.08571065217256546,-0.8340953588485718,-0.40967848896980286,0.6632643342018127,-1.7374722957611084,-1.3225358724594116,-0.6265242695808411,1.2587382793426514,-0.7989938855171204,-0.552091121673584
-0.9469249844551086,-0.08206102252006531,-0.980233907699585,0.9125604033470154,0.2303888201713562,-0.7921290993690491,-0.38662952184677124,-0.4647529721260071,0.6416675448417664,0.49124962091445923,-1.596374273300171,0.30937299132347107,-0.49215295910835266,-0.4916841685771942,0.30964013934135437,0.6924451589584351,-1.207560658454895,0.970072329044342,-0.14311257004737854,1.894152283668518,0.5621274709701538,0.8102856874465942,0.27193692326545715,-0.33201104402542114,-1.6181131601333618,0.24103882908821106,0.9918747544288635,0.29124608635902405,0.20802496373653412,-0.3636116087436676,-0.3606279790401459,-0.3418617844581604,-1.6782182455062866,-0.8334916234016418,1.049826741218567,0.7323392629623413,-0.4612027704715729,-0.30024781823158264,0.8011812567710876,-0.441368043422699,0.10731106996536255,0.42368534207344055,-1.5867149829864502,-0.6239650249481201,1.9152770042419434,-0.41972431540489197,0.6714138388633728,-0.8195685148239136,2.0579793453216553,-0.9638196229934692,-1.0324891805648804,-1.380800724029541,-2.2379395961761475,-1.3603010177612305,0.20394214987754822,-0.7618186473846436,0.4177243411540985,0.599077582359314,-1.9303313493728638,-0.1851172149181366,0.16347205638885498,-0.8234955668449402,-1.0088833570480347,1.1064666509628296,0.12574905157089233
0.7269489765167236,-1.7838127613067627,1.4504506587982178,0.5621560215950012,0.4674300253391266,-1.9739364385604858,-0.06503184884786606,1.0678025484085083,-0.9999423027038574,-0.6755985021591187,0.11330179870128632,-0.16946643590927124,-0.35048797726631165,0.27762776613235474,-0.3153964877128601,1.6057147979736328,-0.4147516191005707,-0.4251645803451538,-0.3279750943183899,0.435884565114975,-0.5864886045455933,-0.22261415421962738,-0.15166741609573364,-2.7986900806427,-1.9508013725280762,-0.5670996904373169,-1.2187937498092651,-0.25710394978523254,0.2912786900997162,-1.0950093269348145,1.922305941581726,-1.447942852973938,-0.8178054094314575,-0.14195449650287628,1.036409616470337,0.37323158979415894,1.5609710216522217,1.2412161827087402,-1.4107186794281006,-0.3205540180206299,-0.735405445098877,-2.469271183013916,-1.2418345212936401,-1.1224682331085205,-0.07360672950744629,-0.0383831150829792,-0.22744695842266083,-0.8039887547492981,-2.013205051422119,0.25768598914146423,-0.23870991170406342,-0.20644119381904602,0.3392629325389862,-0.2548995614051819,0.1485692858695984,-0.20955289900302887,0.2743372321128845,-0.2792234718799591,-0.3321548104286194,1.909837245941162,0.2557734549045563,1.397371768951416,-0.7422404289245605,1.3228867053985596,-1.267107367515564
0.3962526023387909,-0.7541332244873047,-0.3730950951576233,0.21507267653942108,0.6723318099975586,0.6009362936019897,-0.67941814661026,2.6020150184631348,-0.6911053657531738,-1.2812492847442627,-1.1757651567459106,0.6831598877906799,-0.26090744137763977,1.01252019405365,-0.7769821882247925,-0.15278196334838867,0.0714917927980423,-0.39260366559028625,-1.343135952949524,0.7209287285804749,-0.2577075660228729,-0.6734110116958618,0.17724215984344482,0.7275773882865906,0.31543591618537903,-1.8757662773132324,-0.3344980776309967,1.2068982124328613,1.6944258213043213,-0.11775289475917816,1.13004732131958,0.5220596790313721,0.0968204066157341,-0.9297162294387817,-0.6097828149795532,0.5236172080039978,-0.01709555648267269,-0.05171957239508629,0.6675199866294861,-0.5418794751167297,-0.6176233291625977,-0.4275256395339966,-0.00809130072593689,0.8273159265518188,0.17421644926071167,0.4742456078529358,0.7371127009391785,1.0113167762756348,0.6451848745346069,0.5259345173835754,-1.7067064046859741,0.4052439332008362,0.6585818529129028,-0.3031233251094818,-0.24419400095939636,-0.13424710929393768,-0.2603875398635864,0.05284750461578369,-0.45101335644721985,-0.2328253537416458,-0.6041882634162903,0.5611988306045532,1.0059081315994263,0.5162228345870972,0.08629746735095978
-0.5801438093185425,-0.18688026070594788,-1.5674344301223755,-0.2627214193344116,-1.674506664276123,-0.6280457377433777,1.14437735080719,0.28640925884246826,-0.409841388463974,-0.055931348353624344,-0.91012042760849,0.06557697057723999,0.3349097669124603,0.9568948745727539,0.14115554094314575,1.1028193235397339,0.48324182629585266,-1.6783299446105957,-1.472491979598999,0.7054722905158997,1.3202694654464722,-1.5166912078857422,-1.2793402671813965,-0.8973022699356079,-0.15113475918769836,-0.7194555401802063,-0.4946277439594269,-2.146017074584961,0.7269633412361145,-0.5519537329673767,0.9176959991455078,0.22756725549697876,1.3381900787353516,-0.6260553598403931,0.9208446145057678,-1.5688356161117554,-0.7472083568572998,-0.07188238948583603,0.43520092964172363,1.1019636392593384,0.45109879970550537,0.05870750546455383,0.5039224028587341,-0.8764519095420837,-0.7576482892036438,0.0403643473982811,1.3547190427780151,-0.6072673201560974,-0.5382368564605713,0.38893595337867737,0.10663764923810959,-0.20866666734218597,-1.2378069162368774,0.16443774104118347,0.8185597062110901,0.3570820093154907,0.11144602298736572,-0.9690682888031006,0.19557225704193115,-1.024346113204956,1.7229095697402954,-1.4139999151229858,0.848558247089386,0.318630188703537,-0.1286550611257553
-0.8484642505645752,-0.41651007533073425,-0.8212945461273193,0.6286240220069885,-0.7372203469276428,-0.4735501706600189,0.40741878747940063,-0.04338142275810242,0.407439649105072,0.422855406999588,0.5764405727386475,-2.1820173263549805,0.9034837484359741,-1.202235460281372,-0.6977834105491638,0.3974257707595825,0.3881804943084717,-0.8054562211036682,-0.8258562088012695,-0.3508627712726593,1.3046796321868896,-0.6440430879592896,1.6637084484100342,-0.4336405396461487,0.1009884774684906,-0.30290913581848145,0.5557782053947449,-0.816376268863678,1.5458534955978394,0.5502699017524719,0.33992287516593933,-0.36422866582870483,0.2665247321128845,1.5998891592025757,-0.2538594603538513,0.29420822858810425,0.7484773397445679,0.4405744969844818,1.0494959354400635,0.8978686928749084,0.41212278604507446,-1.17447030544281,1.3454971313476562,-1.4335830211639404,-0.20191431045532227,0.7245293855667114,0.530299723148346,-0.012898659333586693,-0.18192271888256073,-1.139078140258789,0.12118984013795853,-0.9521240592002869,-0.7959808111190796,-0.5403499007225037,0.0944451093673706,-0.010559873655438423,-1.276089072227478,0.7845588326454163,0.9400186538696289,-0.5924097299575806,1.5144569873809814,-0.5758085250854492,1.3374351263046265,-0.16053467988967896,0.7681409120559692
1.692206859588623,1.3617262840270996,-0.3027341961860657,0.046180691570043564,0.9921243190765381,1.1413995027542114,1.0130882263183594,0.27472123503685,1.2909048795700073,-0.12333875894546509,-0.4988647401332855,0.44490689039230347,-1.9313751459121704,0.5180651545524597,-0.10597783327102661,0.28623560070991516,2.1723392009735107,-0.2631104588508606,0.6240106821060181,0.750491738319397,-0.6738168001174927,0.38852226734161377,-0.6447610855102539,1.5337733030319214,0.9062437415122986,1.3725874423980713,1.3815706968307495,-0.6986435651779175,0.7329128384590149,0.268876850605011,-1.8568216562271118,-0.6709239482879639,0.3148570656776428,0.38832759857177734,1.2478893995285034,1.5999889373779297,0.1544533222913742,-0.009357623755931854,0.18590271472930908,0.22522832453250885,0.22690194845199585,1.269256353378296,0.6926731467247009,0.3344399929046631,1.2718758583068848,0.5248210430145264,-1.7688157558441162,1.244332194328308,-0.5359452366828918,0.6990294456481934,1.490488886833191,0.6160909533500671,-2.440037727355957,-0.32170048356056213,0.5712335109710693,1.0557868480682373,1.8075480461120605,-1.4307515621185303,-0.8378801941871643,-0.8112327456474304,-0.4186953902244568,1.5526621341705322,0.7032662034034729,1.056685209274292,-0.11514018476009369
-1.1836769580841064,-0.3489541709423065,2.1165170669555664,1.8538005352020264,0.9517780542373657,-0.009088651277124882,-1.128465175628662,-0.8655276894569397,-0.25372666120529175,0.6090217232704163,-0.1560748666524887,-0.21191610395908356,0.46211063861846924,-0.979887843132019,1.2719635963439941,-0.6156885027885437,-0.7290787696838379,-0.6908634901046753,-0.49009573459625244,-0.023072494193911552,-0.3106034994125366,0.2708994150161743,1.2304130792617798,-0.3061118423938751,1.0866107940673828,0.5154751539230347,0.14867864549160004,0.967128574848175,-0.290791392326355,0.8240702748298645,1.5376739501953125,-1.3175233602523804,0.4052529036998749,1.8413540124893188,0.2032187134027481,0.14468462765216827,0.6020814776420593,-0.6793559193611145,1.0064436197280884,0.14535117149353027,-0.15307511389255524,-0.1520576924085617,0.0098028015345335,0.562370777130127,-1.2451306581497192,-2.1289501190185547,0.7632945775985718,-0.8481120467185974,0.7831826210021973,0.5975307822227478,-1.8668822050094604,0.42335107922554016,0.06827105581760406,1.0667370557785034,1.081063151359558,1.2113065719604492,0.45849907398223877,1.362912654876709,2.052323818206787,1.2083499431610107,-0.3796846866607666,-0.7679157257080078,2.4430882930755615,-1.0878791809082031,0.718745231628418

Slice 54
-0.8682470321655273,1.9306467771530151,-0.20130571722984314,0.6204098463058472,-1.6072680950164795,-0.37196147441864014,0.24651014804840088,1.793380618095398,0.09512744098901749,0.27464208006858826,0.5048624873161316,-0.714244544506073,0.18132348358631134,1.2521158456802368,-0.00023765790683683008,0.1627521812915802,0.07906308025121689,1.4771236181259155,1.242698073387146,0.38636669516563416,-2.567878484725952,-1.11392080783844,0.8951787352561951,-1.2769140005111694,-1.019860863685608,-0.0918230265378952,-0.4175195097923279,-0.38599976897239685,0.18785004317760468,0.12281005829572678,-0.8847247958183289,1.0523488521575928,1.2645074129104614,0.8522784113883972,-0.10198744386434555,1.309678316116333,1.3092873096466064,-1.9978634119033813,1.6417640447616577,-1.0678952932357788,-0.4254295229911804,-1.1884348392486572,-1.2045555114746094,-0.8457352519035339,0.3808152377605438,-1.4077330827713013,0.6814636588096619,0.35880082845687866,1.6015465259552002,0.5687759518623352,-0.20387139916419983,1.3544026613235474,0.949500322341919,1.6544451713562012,0.8893987536430359,-0.9881954193115234,1.0003467798233032,0.21392275393009186,-0.12775756418704987,-0.18978311121463776,1.2506957054138184,0.8898534178733826,0.8228840827941895,-0.9037816524505615,0.5321983098983765
-2.0980427265167236,1.042119026184082,1.1532639265060425,-0.24453246593475342,-0.6298577785491943,1.7543103694915771,-1.109940528869629,0.1315009742975235,1.7814074754714966,0.04035734012722969,0.8051186800003052,0.5608922839164734,-1.1346607208251953,-0.02963901311159134,-0.5944960117340088,-0.32783448696136475,-0.6081222891807556,1.2223920822143555,1.3293663263320923,0.2601647973060608,-0.8141651153564453,1.2781422138214111,0.25517433881759644,0.8825494050979614,-1.0542449951171875,-1.1031339168548584,1.0649150609970093,-0.6827883124351501,0.5236223340034485,0.5268526077270508,0.03769448399543762,-0.8963882327079773,0.4462522864341736,0.5903649926185608,-0.7989580035209656,0.547999918460846,0.0926092192530632,-0.5828759670257568,-0.8667477369308472,1.7489694356918335,-0.19446884095668793,2.1197900772094727,-0.5136239528656006,-0.819476842880249,0.30752500891685486,0.1985115110874176,-0.17634105682373047,0.9521392583847046,0.5344367623329163,0.4504997134208679,-0.4249347150325775,1.270572304725647,-1.4282814264297485,-1.1141738891601562,-1.1468040943145752,-0.13638480007648468,-0.001376669155433774,0.24400673806667328,1.4105775356292725,-0.6349361538887024,-0.32694172859191895,-1.7711334228515625,-0.38280460238456726,0.0768781378865242,0.0383143350481987
-2.1004488468170166,-2.068664789199829,0.11257743835449219,-1.7768504619598389,-0.4421544671058655,1.3779306411743164,-0.10083287954330444,0.6444576382637024,1.2906091213226318,1.3763115406036377,-1.424953579902649,0.561815083026886,-0.4855957329273224,-0.20969325304031372,-0.34573692083358765,0.3285437822341919,0.7095209956169128,-0.4271753430366516,0.935030460357666,-1.604461431503296,-0.06576632708311081,0.6979570388793945,-1.713248610496521,0.7364134192466736,1.2786799669265747,-1.4443936347961426,0.26351872086524963,1.9544448852539062,-0.694129228591919,1.359765648841858,-1.4451417922973633,0.4024880826473236,-0.15207861363887787,-0.9320602416992188,-1.4465274810791016,-0.6292526721954346,0.5037636160850525,-0.5781300663948059,1.2548785209655762,-1.1121188402175903,-0.06397905200719833,-1.4372416734695435,1.9168776273727417,-0.39282965660095215,0.2565443813800812,0.8643674254417419,-0.6286911368370056,-0.3347260653972626,0.9971426129341125,0.5879659056663513,0.1190846860408783,-0.03354933112859726,0.6816576719284058,0.6275790333747864,0.7380542159080505,-0.0928536131978035,0.7325266003608704,-0.17780666053295135,0.48386502265930176,0.32243576645851135,-1.828777551651001,0.27983900904655457,-1.5833672285079956,-0.34882304072380066,0.891731858253479
-0.4118591845035553,-1.0729777812957764,-0.1790241003036499,0.09669586271047592,0.242397278547287,1.8987107276916504,0.24244564771652222,-0.7158281803131104,2.2734181880950928,-0.7889024019241333,-0.03215070813894272,-0.8228386640548706,0.7890419363975525,0.3511054515838623,-0.49999791383743286,-0.5375381708145142,0.11805908381938934,2.439244031906128,0.5036560297012329,-1.2799922227859497,-1.0290437936782837,1.3650949001312256,-0.19062091410160065,0.7968090772628784,-0.2046915739774704,-0.9907470941543579,0.8225874304771423,-0.9631579518318176,-0.35298386216163635,1.6864298582077026,-1.154103398323059,0.8423498868942261,-1.1120615005493164,-1.0588288307189941,-0.07268151640892029,0.7188194990158081,-0.3270716667175293,-1.6696326732635498,0.5832390189170837,-0.3644547462463379,-1.0702993869781494,-0.3055402636528015,-1.45793616771698,0.9469926357269287,-1.6763299703598022,-0.5548141598701477,-0.3216322958469391,1.9277920722961426,1.2902971506118774,-0.6067674160003662,0.015543948858976364,1.1553925275802612,-1.1741349697113037,-0.4718458950519562,-1.3728891611099243,-2.3117172718048096,-0.9576582312583923,1.0522288084030151,-0.6445013880729675,0.5334591865539551,-1.4418696165084839,-0.08568011224269867,1.050858974456787,1.9453433752059937,0.04920128360390663
0.4890771508216858,0.6227431297302246,-1.1959102153778076,-1.385147213935852,-1.4647222757339478,0.32823845744132996,1.517310380935669,0.31375792622566223,-1.1794509887695312,1.507784366607666,-0.18695516884326935,-2.2515463829040527,0.016382168978452682,0.1786799132823944,0.5785655379295349,1.1159266233444214,-2.1512370109558105,1.2863465547561646,-1.6977880001068115,0.2884134352207184,-0.023643240332603455,-0.4492194652557373,1.0195342302322388,0.9962794780731201,1.8631935119628906,0.19684824347496033,1.082687497138977,0.0742950439453125,-0.30885472893714905,-0.4918432831764221,-0.15339553356170654,-0.10612402111291885,-0.6801590919494629,0.5200373530387878,-0.03620469197630882,-0.2942296266555786,0.6489715576171875,-0.2436904013156891,-1.0327520370483398,-0.5217673778533936,1.1545456647872925,-0.5893878936767578,-0.275461345911026,-0.8038795590400696,-0.5330246686935425,-1.9762706756591797,-1.2955635786056519,1.0447626113891602,-1.5033406019210815,-0.1142016053199768,2.6282057762145996,-0.47879520058631897,-1.8851171731948853,-0.21951918303966522,1.8330711126327515,-1.235370397567749,1.891520619392395,-1.1247930526733398,-0.19435755908489227,1.3816370964050293,0.4698658585548401,0.8548661470413208,1.2890067100524902,0.31153592467308044,1.5524510145187378
-1.22658371925354,-1.6227282285690308,-0.4456791281700134,1.417399525642395,-1.178362488746643,1.5290900468826294,0.11291516572237015,1.6795778274536133,1.181803822517395,-1.1600919961929321,-0.2651365101337433,-0.8548800945281982,-2.0589191913604736,1.1205531358718872,-0.40860065817832947,-0.6534945368766785,0.8546414971351624,0.13542360067367554,-0.14973263442516327,-1.3566526174545288,-0.5033906698226929,2.528748035430908,0.44551995396614075,0.2973427474498749,0.744971752166748,-1.3047890663146973,-0.5790359973907471,-0.30861836671829224,-2.3954920768737793,0.25608399510383606,-1.1995034217834473,-0.24470622837543488,-1.7649034261703491,1.649001955986023,0.8047379851341248,-2.0405683517456055,-0.061528369784355164,-1.3170703649520874,-0.4056459665298462,1.5577210187911987,0.4183120131492615,-1.3035528659820557,-0.7883967161178589,-1.3247556686401367,-0.24965843558311462,-1.1247762441635132,0.2292078137397766,-0.2937277853488922,-0.6808648705482483,0.02847227454185486,-0.322372168302536,0.44213274121284485,0.08373090624809265,-0.144785538315773,0.11406026035547256,-0.6840023994445801,-0.14309309422969818,0.4762651324272156,1.2943453788757324,1.3068666458129883,1.6507022380828857,1.3037248849868774,1.0270178318023682,-1.2674314975738525,-1.397341251373291
0.6856093406677246,-0.5719529986381531,-1.8063772916793823,-0.32811710238456726,-0.5939515829086304,-0.8624970316886902,-1.4722758531570435,0.12387531250715256,0.3099919557571411,0.3978329598903656,-2.405740261077881,0.8589411973953247,-0.42880740761756897,-0.45213252305984497,1.045715570449829,-0.4666603207588196,-0.29463014006614685,-0.7439797520637512,0.34950488805770874,0.7151763439178467,-1.4829293489456177,-0.5506588220596313,-0.8466098308563232,-2.2573225498199463,1.094064474105835,1.4529978036880493,-1.6607588529586792,-1.2011897563934326,-0.9195112586021423,0.4342547655105591,-1.2580727338790894,0.7086976170539856,-0.9942448139190674,-0.4443943500518799,-0.4771769046783447,-0.06516910344362259,-1.2606725692749023,-0.6080919504165649,-1.1161121129989624,0.15088634192943573,-1.6554535627365112,-0.7798700332641602,-1.310506820678711,-0.39766252040863037,-0.32960447669029236,-0.5739511847496033,-1.267875075340271,0.3920961320400238,0.14971044659614563,-0.42013999819755554,-0.015338902361690998,2.0307579040527344,1.3636354207992554,-0.4003060460090637,1.1601005792617798,0.9217949509620667,1.093283772468567,1.0968326330184937,0.18822495639324188,-1.1744375228881836,0.6702628135681152,2.010390043258667,-1.831197738647461,0.31741049885749817,-1.0631178617477417
-1.004469871520996,0.788820207118988,-0.9761337041854858,-0.39596980810165405,-0.40065497159957886,-0.7991667985916138,-0.8883416056632996,1.041361927986145,0.7350198030471802,0.7887944579124451,1.1353254318237305,0.2237759381532669,-1.5187220573425293,0.806097149848938,-0.383918821811676,-1.542923927307129,0.06217246502637863,0.6965298652648926,-0.5535073280334473,1.3901628255844116,-0.8521749973297119,0.9547940492630005,1.8955224752426147,-0.0707465410232544,0.5670226216316223,-1.1236439943313599,-0.29431581497192383,1.121278166770935,1.4147964715957642,-0.17333364486694336,-0.541065514087677,-1.4131070375442505,-0.12291949987411499,0.7381724715232849,0.13347621262073517,-1.2357646226882935,-0.7947800159454346,0.5710462927818298,0.6130497455596924,-0.4056321382522583,0.032792314887046814,0.8987518548965454,-2.9480245113372803,-1.7653237581253052,0.8792213201522827,-2.2813961505889893,-1.9380135536193848,1.5927402973175049,1.5084177255630493,2.860039472579956,0.8920621871948242,-0.41776227951049805,1.0133397579193115,1.7824714183807373,0.4265516996383667,-0.012148380279541016,-0.2756049633026123,0.5313968658447266,1.4079172611236572,-0.427901953458786,0.23293568193912506,-0.2734467089176178,1.1317002773284912,0.5992131233215332,-1.5033637285232544
0.8571394681930542,0.6974061727523804,1.3472741842269897,0.20878882706165314,1.9594789743423462,-1.33628511428833,-0.49435240030288696,0.5109710693359375,-1.600022792816162,0.8481515645980835,0.792410671710968,-0.5527517199516296,0.39277541637420654,-1.675888180732727,-0.08419597148895264,-0.2814790904521942,-0.13126982748508453,-0.5198740363121033,-1.0134333372116089,-1.0247668027877808,-0.9768521189689636,-1.7914202213287354,-1.5948163270950317,0.5558836460113525,1.6275020837783813,-0.450374037027359,1.2388825416564941,1.8233891725540161,0.017510782927274704,-1.3351777791976929,0.773349940776825,-0.25985461473464966,-0.43531888723373413,0.10067559778690338,0.962988555431366,-0.12237417697906494,-0.4923591613769531,-1.0932661294937134,0.8613588213920593,0.424839049577713,-0.7628354430198669,0.4533403515815735,0.805505633354187,0.890362024307251,-1.297095537185669,-0.9943335652351379,-0.08353662490844727,-0.7970917820930481,0.2529367506504059,0.9338339567184448,0.7554847598075867,0.6420854926109314,1.5869567394256592,1.3845231533050537,0.5792014598846436,0.3775743842124939,0.3697723150253296,-1.4171875715255737,0.25518375635147095,0.12144327163696289,-0.06453251838684082,0.5619027614593506,1.3971785306930542,-1.3583751916885376,-0.9177069664001465
1.217427372932434,-0.23171848058700562,1.6872955560684204,-0.33974242210388184,1.82625150680542,1.252482533454895,0.7522638440132141,-1.0047788619995117,0.04347033426165581,-1.8897851705551147,0.5626432299613953,-2.039497137069702,1.745497465133667,-1.2764463424682617,1.2158831357955933,0.8809317350387573,0.4995392858982086,-2.4961330890655518,-0.9774876236915588,0.8109563589096069,0.34852126240730286,-0.22259469330310822,-0.44615164399147034,0.8900837898254395,-1.0408741235733032,0.589430570602417,1.0302778482437134,0.0694475919008255,0.6097971796989441,1.080817699432373,-1.401340365409851,-0.18442872166633606,0.307763934135437,-1.2603399753570557,0.6358301639556885,-1.4861714839935303,0.2475389838218689,0.22016189992427826,-0.395658016204834,1.8306729793548584,-0.30917999148368835,0.7127446532249451,-1.9613399505615234,0.4278527498245239,1.6736934185028076,-0.3714982867240906,-0.7824764251708984,0.010831974446773529,-0.7982991933822632,1.4092377424240112,-1.637913465499878,0.697519838809967,1.579058051109314,0.3696202039718628,-0.34451547265052795,-1.0443776845932007,1.308663010597229,-0.2953854203224182,1.4551624059677124,-0.34725624322891235,0.36139848828315735,0.18423040211200714,0.19203631579875946,0.21467672288417816,1.5761059522628784

Slice 55
1.1833401918411255,1.079990029335022,1.7638771533966064,0.8133363723754883,0.8366503119468689,-1.098911166191101,-1.0649797916412354,1.251976490020752,0.47786781191825867,0.23596446216106415,0.5419806241989136,-0.897238552570343,-0.16170047223567963,-0.7284560203552246,-0.036386456340551376,-0.10683830827474594,-1.2812724113464355,-0.8148913979530334,0.22912627458572388,-0.8940077424049377,3.6896984577178955,-1.2385311126708984,0.7466513514518738,-0.020057912915945053,-1.1194089651107788,-0.06784912943840027,0.24828118085861206,-1.0297482013702393,-0.8706820607185364,1.1161847114562988,-0.9897866249084473,-0.5196338891983032,-1.123982310295105,0.9789319038391113,-1.2434712648391724,0.5295333862304688,-0.4176379442214966,0.26581263542175293,-1.5666230916976929,0.20201493799686432,1.4486846923828125,0.8315115571022034,-1.6251710653305054,-0.37206345796585083,-1.6090387105941772,1.1367971897125244,0.10320652276277542,-0.25167450308799744,-1.2525548934936523,1.293008804321289,1.3798834085464478,-0.5696889758110046,-1.452662706375122,-0.12973842024803162,1.0828180313110352,-0.8294265270233154,0.6186400055885315,0.6805184483528137,-0.10700991749763489,1.0994415283203125,0.9933459162712097,-0.9599329829216003,2.3747663497924805,-0.9443711638450623,0.22278457880020142
-1.4308192729949951,-1.9436544179916382,-0.36164605617523193,0.9133120775222778,-1.02458655834198,0.026439787819981575,0.27601754665374756,-0.28130853176116943,-0.41605040431022644,1.3569492101669312,-0.5530824065208435,-1.8540525436401367,0.07985549420118332,1.4360010623931885,0.3120688498020172,-1.0663560628890991,-0.28195518255233765,-0.2670540511608124,-0.6675148010253906,0.9097841382026672,-0.9966363906860352,-0.542252242565155,1.3168658018112183,-0.9787918925285339,0.1815282106399536,0.2538158893585205,0.7587401270866394,-0.8416190147399902,0.21468409895896912,0.9526146054267883,-1.3353370428085327,1.1341266632080078,-0.3258001506328583,0.23279587924480438,0.22214671969413757,1.0883911848068237,1.9421786069869995,-0.5484573245048523,-0.4598537087440491,0.14289222657680511,1.8896076679229736,-1.3984910249710083,-0.46765825152397156,-0.5169230699539185,-0.16087163984775543,-1.4065982103347778,0.5529886484146118,1.510089635848999,-0.6188565492630005,0.6486204266548157,-0.29370543360710144,-0.7688066959381104,1.755481243133545,0.4215611517429352,-1.6720576286315918,-0.44681963324546814,-1.4627066850662231,2.4123342037200928,1.3114711046218872,-1.0543533563613892,-0.9157885313034058,-1.1052260398864746,-0.48874741792678833,-1.3264217376708984,-0.7086949944496155
0.2850271761417389,0.6772185564041138,-0.9102330803871155,0.6765239834785461,-0.39778128266334534,-0.5240406394004822,0.4150683581829071,-0.5291977524757385,-1.6030993461608887,-0.8939761519432068,-0.8246552348136902,1.0924270153045654,0.29098331928253174,-2.2330873012542725,-1.1154996156692505,1.281324028968811,1.2668510675430298,-0.6536333560943604,0.38747456669807434,2.320712089538574,0.21149301528930664,-0.3424084186553955,-1.7926318645477295,0.21006762981414795,0.2433214783668518,0.0990675538778305,-1.9585293531417847,0.7790184617042542,-0.47291144728660583,-0.3650696277618408,1.9444500207901,-1.2904335260391235,-0.6650072336196899,-1.9632928371429443,-0.153008371591568,-0.4533786177635193,0.1460326462984085,-1.6299059391021729,-0.8432126045227051,1.3182545900344849,-0.7283077836036682,-0.027940204367041588,0.43629440665245056,1.4201478958129883,-0.08622974902391434,0.1006878986954689,0.854670524597168,-0.30496737360954285,0.47548189759254456,-1.070863962173462,0.8615407943725586,-1.4437683820724487,-0.2750256359577179,-0.7944014072418213,1.196298599243164,-0.6136249303817749,-0.23855029046535492,-0.3855767548084259,0.6008304953575134,-0.34893953800201416,-0.3457733690738678,-0.3953799605369568,-0.5533382892608643,0.6112709641456604,0.17033307254314423
-1.2689260244369507,1.394034743309021,-1.8195748329162598,-0.07885730266571045,-1.200287938117981,-0.09290584176778793,1.1570526361465454,-1.5149744749069214,-1.3871358633041382,0.5742760300636292,0.00154008436948061,0.16899354755878448,-1.179138422012329,-0.34745895862579346,-0.4544517993927002,0.9556625485420227,-0.226541206240654,1.6931447982788086,-0.7225279808044434,-0.9956377744674683,2.1516079902648926,0.12619414925575256,0.7508496046066284,-0.21516920626163483,-0.4776672422885895,1.7281291484832764,-1.0731840133666992,2.3044333457946777,-0.14693878591060638,1.5309356451034546,0.59260493516922,0.6280500888824463,-1.5751690864562988,-0.24795685708522797,-0.17893099784851074,0.8635032773017883,0.5505812764167786,-0.049898661673069,0.32688039541244507,-1.444757342338562,-0.07791619747877121,0.7815253734588623,-1.9039509296417236,-2.125566005706787,-0.4759621024131775,-1.1669989824295044,0.6961253881454468,-1.0373735427856445,-0.7784861326217651,0.0834868848323822,1.2236547470092773,-0.21233992278575897,1.6724859476089478,0.15627655386924744,1.1592562198638916,-0.16167987883090973,1.047420859336853,0.8157686591148376,0.34585410356521606,-1.2257746458053589,0.5185385346412659,0.2750576436519623,1.2344558238983154,0.07315804809331894,-0.6092918515205383
0.39302438497543335,-0.5974085927009583,0.6728062033653259,1.499709129333496,-0.6846888661384583,0.00881967879831791,-0.7885584831237793,0.705280601978302,-0.6643268465995789,0.6390434503555298,-1.2907028198242188,-0.6704262495040894,-0.6361007690429688,-0.429704487323761,0.48649662733078003,0.2003341168165207,-0.09455712884664536,-1.4593559503555298,0.5676548480987549,-0.05976457521319389,0.4217931032180786,1.7576550245285034,-1.7692962884902954,1.442742943763733,-0.24644388258457184,-0.06983275711536407,0.549583375453949,-1.6413507461547852,-1.998721718788147,-0.26630911231040955,-1.7759742736816406,0.8542865514755249,1.1992548704147339,1.3431782722473145,0.36380717158317566,0.7016794085502625,2.1083366870880127,0.5864932537078857,-0.9994310736656189,0.05510685592889786,0.11977602541446686,0.002758317394182086,0.2845029830932617,0.34873202443122864,-0.11737418919801712,-0.06973528861999512,0.7951173186302185,0.478323370218277,0.41121768951416016,-2.040961742401123,-3.5552268028259277,-0.6776074171066284,-0.5751497745513916,0.5369538068771362,0.9818824529647827,-0.4503893554210663,0.33902543783187866,-0.03563703969120979,1.2673726081848145,-0.5723443627357483,0.5144956111907959,-0.3399679958820343,0.510389506816864,0.4112534821033478,-1.597261667251587
0.5287421941757202,-0.10497187823057175,0.9959889054298401,-0.9901400208473206,1.0670584440231323,1.0215444564819336,-0.0846320316195488,1.0366588830947876,-0.09844554215669632,0.44239646196365356,-0.31497716903686523,0.36214786767959595,0.9544398188591003,-0.8234172463417053,1.1815381050109863,0.7022046446800232,0.7172049283981323,-1.0289918184280396,1.0523097515106201,0.3212466537952423,-0.6295990347862244,-0.8853161931037903,-1.096924066543579,1.5090117454528809,0.18047930300235748,0.7118324637413025,1.2715938091278076,-1.4078800678253174,-1.0631670951843262,-0.04209766164422035,0.07932143658399582,-0.13599790632724762,-1.9348677396774292,0.6926589608192444,0.1444278061389923,-0.5728532671928406,-0.2584024965763092,1.8747659921646118,-1.486832618713379,0.8024008274078369,-0.8880710601806641,0.10450958460569382,-0.8235412240028381,0.11874685436487198,-0.3127604126930237,1.0483245849609375,1.7922356128692627,-0.5891504287719727,-1.5100517272949219,-0.9239659309387207,-0.7582417726516724,-2.325791835784912,0.43770450353622437,-0.07068196684122086,1.0096455812454224,-0.5082892179489136,-0.7693310976028442,0.1494179219007492,0.7353495359420776,-1.4431397914886475,1.1141910552978516,0.8491284847259521,-0.5884687900543213,-0.04405079036951065,-1.062635064125061
2.4407007694244385,1.1431349515914917,1.0672887563705444,0.021927373483777046,0.688571572303772,-1.4782644510269165,0.48358502984046936,1.5588994026184082,-0.10909127444028854,-0.7553823590278625,1.3752895593643188,-0.05820074304938316,-1.206866979598999,1.3814754486083984,-0.8291640281677246,-1.2108818292617798,-0.544352650642395,0.40818557143211365,-0.8000990748405457,-1.444267988204956,-0.6782239675521851,-0.6827630996704102,-0.5808876156806946,-1.185305118560791,-1.9527010917663574,0.9063892364501953,0.1508360207080841,-0.96370530128479,-0.22380909323692322,-0.9219131469726562,1.173267126083374,1.0184991359710693,0.12425822019577026,0.7371307015419006,-1.4286211729049683,0.37659215927124023,-0.4031950831413269,-0.8159552812576294,-0.21636570990085602,-1.412104606628418,-0.4443109333515167,-0.8062320947647095,1.1498298645019531,-1.7696272134780884,1.099870204925537,0.9797861576080322,-1.304281234741211,2.552625894546509,0.057352062314748764,-0.2923462390899658,0.6078816056251526,2.184562921524048,-0.3857079744338989,-0.801223874092102,0.031649596989154816,-0.6822590231895447,-0.47948434948921204,-0.4871448874473572,1.2475249767303467,0.931606113910675,-0.9217039346694946,-0.6560853719711304,0.4083545207977295,-1.3157150745391846,-0.09826558828353882
1.3689961433410645,1.463383436203003,0.5237227082252502,0.442050039768219,-0.4347675144672394,1.0547457933425903,-0.6997493505477905,0.42847228050231934,-0.2637319564819336,-0.9673572778701782,0.8365994691848755,1.569330096244812,-0.5899964570999146,0.11678643524646759,-0.10828802734613419,-0.7664785385131836,1.1529268026351929,-1.0681731700897217,-0.19812527298927307,0.07008481025695801,-0.9333990812301636,-0.9789239764213562,0.6600004434585571,-0.6249118447303772,1.556889533996582,1.1023412942886353,-0.0719820037484169,-1.3238643407821655,-0.3501047194004059,-1.370797872543335,2.120457887649536,0.8556450605392456,0.9681885242462158,0.5180438756942749,1.3744105100631714,-0.31825846433639526,-1.08559250831604,-0.6305519938468933,0.4091300070285797,-0.48894330859184265,-0.6048291325569153,-0.8972774147987366,0.9695636034011841,0.22870014607906342,0.512394368648529,-0.43840351700782776,0.7827844023704529,0.6119636297225952,-0.4339568018913269,1.322801113128662,0.30298617482185364,-0.8740276098251343,-1.3456119298934937,-1.0586344003677368,0.5344677567481995,-1.139066219329834,-1.327756643295288,-1.2235169410705566,-0.8846772313117981,1.8051975965499878,0.12501993775367737,1.8574364185333252,0.07486824691295624,0.7725798487663269,2.7181057929992676
-0.6144232749938965,-1.3954864740371704,-0.7105589509010315,-0.891520082950592,0.5107662081718445,1.105597734451294,0.2625754475593567,-0.16472212970256805,-0.9383578896522522,0.5383797287940979,-0.8237701654434204,1.0969269275665283,-0.09357087314128876,0.36852210760116577,0.1941421926021576,0.29891008138656616,0.09905513375997543,1.0926545858383179,1.1845753192901611,1.0044670104980469,0.05501965060830116,1.460399866104126,0.5842956304550171,0.08009649068117142,0.2033582180738449,-0.5621968507766724,1.6889419555664062,0.7539852261543274,-0.6033058166503906,-0.4716850519180298,-0.745058536529541,-1.503293752670288,-0.3450690507888794,-0.050626255571842194,-1.2512385845184326,-0.03254279866814613,-0.27837783098220825,0.5324395298957825,-0.9061334729194641,-0.3804188370704651,-1.4085190296173096,1.092633605003357,1.7754881381988525,-0.5763622522354126,-0.16908882558345795,2.040684223175049,-0.35031309723854065,0.5837680697441101,2.144205331802368,0.4217168092727661,-2.405132293701172,-1.327867031097412,0.8236866593360901,0.33944764733314514,0.9161126017570496,-1.6164518594741821,0.2952216863632202,-0.16555829346179962,0.9144485592842102,-0.43519559502601624,-0.7172090411186218,-0.9011978507041931,1.5161845684051514,-0.2764543294906616,0.4612940847873688
1.0662026405334473,1.9951791763305664,0.28255465626716614,0.05461197346448898,-1.0987842082977295,0.42325127124786377,1.0728288888931274,-0.5932738780975342,-0.19965505599975586,-0.3724849224090576,-0.03153373673558235,-0.3846225142478943,-1.3147810697555542,-1.3272672891616821,0.9695382118225098,-0.6173486709594727,-0.5836937427520752,0.49514472484588623,0.002808100078254938,-1.4373178482055664,0.10195652395486832,0.2781240940093994,-0.3433076739311218,0.3184233605861664,1.1801185607910156,0.5402425527572632,0.5842075943946838,0.35955315828323364,0.9529351592063904,-1.2031282186508179,-0.986342191696167,0.0055684191174805164,-1.059842824935913,0.18053442239761353,1.038466453552246,1.054958701133728,-0.7399005889892578,0.3414018750190735,-1.5463615655899048,-1.1687020063400269,-0.12904775142669678,-1.7374415397644043,-0.20913855731487274,-0.5718449354171753,-1.9755021333694458,-1.0636171102523804,2.3574724197387695,-1.409156322479248,-0.7373048663139343,-0.7154238224029541,-0.32925406098365784,-0.345937579870224,-0.9789827466011047,-0.98288494348526,0.564162015914917,2.035890817642212,-1.5205234289169312,0.9949166774749756,-0.6783269047737122,0.39843469858169556,1.806721568107605,0.6952643394470215,0.5286933779716492,0.8977622985839844,-0.1517469435930252

Slice 56
0.8577335476875305,1.391256332397461,0.9479974508285522,0.46984589099884033,-0.08318468183279037,0.3938799202442169,0.9809613227844238,-0.6062140464782715,0.5721948742866516,0.3453814387321472,-1.2044304609298706,-2.381251811981201,1.1640372276306152,0.28638190031051636,0.8556990623474121,1.256515622138977,0.06883415579795837,-0.42439594864845276,-0.16556425392627716,-0.941530704498291,-2.4554860591888428,-1.3231545686721802,1.3113348484039307,-0.5045448541641235,1.333340048789978,-0.06587526202201843,-0.14860032498836517,-1.2580666542053223,0.5409004092216492,0.7184105515480042,0.5108336806297302,1.2902884483337402,-1.8174968957901,1.7707020044326782,-2.519132375717163,-0.07491417229175568,1.2518855333328247,1.6330989599227905,0.20756088197231293,-0.24374528229236603,0.5907396078109741,2.203310966491699,-2.100965738296509,0.46203166246414185,-0.010080007836222649,0.9449278712272644,1.0107923746109009,-0.6258586049079895,-0.0456654392182827,0.21473385393619537,0.13215036690235138,0.868909478187561,1.2360458374023438,-0.1897265464067459,1.3160256147384644,-0.27111178636550903,0.19645212590694427,-0.4842675030231476,-1.7725589275360107,-0.4921191334724426,-1.1060798168182373,0.8145744800567627,0.09028948098421097,1.4759447574615479,0.8365128636360168
0.2629244029521942,0.5467169284820557,0.5454849600791931,1.0172699689865112,-1.1965904235839844,0.09324255585670471,1.204026460647583,1.1544114351272583,-2.050612211227417,-0.3165466785430908,-0.2656005024909973,-0.6896554231643677,0.744711697101593,1.7276018857955933,-0.27865707874298096,0.13502557575702667,-1.4189423322677612,0.5891506671905518,0.5872687697410583,-0.18265637755393982,-1.751258373260498,-1.0811541080474854,0.9893917441368103,-1.6088762283325195,-1.3943232297897339,-0.8235036730766296,0.2588061988353729,-0.7299329042434692,-0.6204795837402344,2.037247657775879,-1.231915831565857,-0.9100597500801086,-1.0889331102371216,-0.5152261853218079,-0.07893127202987671,-0.35727670788764954,-1.1867583990097046,1.3388136625289917,0.07320179790258408,-0.03871218487620354,-0.10308987647294998,-0.05719393864274025,-0.6558361053466797,-0.5518301129341125,1.3615634441375732,0.37603673338890076,1.3972760438919067,1.0768110752105713,-0.9343398213386536,1.2250535488128662,1.418787956237793,-0.749722957611084,-0.49904754757881165,0.17888252437114716,0.3797819912433624,-0.5860469341278076,1.8073456287384033,-0.665342390537262,-1.3456358909606934,-0.6352311968803406,-0.763658881187439,0.2224341332912445,0.39294153451919556,0.2658742666244507,-0.043838970363140106
-0.23466211557388306,-0.9871398210525513,-1.1894549131393433,0.1870049089193344,0.42220449447631836,0.612841010093689,-1.2963614463806152,-1.6213358640670776,1.0990175008773804,1.4569852352142334,0.3066272437572479,0.1300460398197174,-0.9564564824104309,0.4625342786312103,0.7864347696304321,0.4016556143760681,0.4253741502761841,0.16274017095565796,1.8375060558319092,-2.2218189239501953,1.0894221067428589,0.6266161799430847,-0.6854928135871887,-0.5365428328514099,-0.08317248523235321,0.4432259500026703,-1.4655953645706177,-0.29398831725120544,-1.1795798540115356,0.26790082454681396,-1.2792855501174927,0.6212500929832458,0.5389776825904846,0.3835489749908447,0.33901068568229675,0.0003511951945256442,1.882257342338562,1.0347946882247925,0.04141916334629059,-0.6316782236099243,-0.29839038848876953,0.02303186058998108,-0.9279679656028748,0.9327052235603333,-0.5005161166191101,-0.03742622211575508,1.0340006351470947,1.0138064622879028,1.2562874555587769,0.7792681455612183,-1.5646346807479858,-1.252789855003357,0.5082589983940125,-0.5356624126434326,-1.0072648525238037,1.2681916952133179,-0.908373236656189,-0.7271713614463806,0.15134039521217346,-0.4817148447036743,0.9027647972106934,2.097708225250244,-0.600959300994873,0.8170918822288513,-0.9473752379417419
0.21378770470619202,0.03686687722802162,-0.6720901131629944,1.6814863681793213,2.2430098056793213,1.8841331005096436,0.3309447467327118,-0.0038393870927393436,1.17703115940094,0.4212225079536438,-0.33816513419151306,-0.3340132534503937,0.39005807042121887,-1.6117699146270752,-1.3675302267074585,0.22556369006633759,-0.02041269652545452,0.5446484684944153,1.0711474418640137,-1.406054973602295,0.027098843827843666,0.7717438340187073,-0.7507193088531494,-0.40448710322380066,1.772153377532959,1.5485014915466309,-0.3142997622489929,-0.5937607884407043,0.45075130462646484,0.41820380091667175,-0.7106136083602905,0.8222617506980896,0.5540199279785156,0.21361006796360016,0.9746789336204529,1.9782673120498657,-0.2934589982032776,1.377297043800354,-2.5221776962280273,1.108117938041687,-0.8820444345474243,-0.007883606478571892,0.270221084356308,-1.2795907258987427,-0.45606729388237,1.4298101663589478,0.5032649040222168,0.010159825906157494,-0.6512632966041565,1.4120036363601685,-0.06660740077495575,-0.203080415725708,-0.21979676187038422,1.0411608219146729,1.4127382040023804,-0.10274221003055573,-2.241914749145508,1.070764183998108,0.45116108655929565,1.251717448234558,-0.1866523027420044,0.7094172239303589,-1.610901951789856,1.3761157989501953,-0.21436530351638794
-0.7574138641357422,1.2711045742034912,2.0376124382019043,-0.06291097402572632,-1.650449514389038,-0.09856986999511719,-0.8635602593421936,-0.5986188054084778,-0.48450934886932373,-0.6555477976799011,0.6055310368537903,0.028038695454597473,-0.5318984389305115,-0.1610373854637146,-0.9194833636283875,0.5961688756942749,1.0358721017837524,-1.3189563751220703,-1.4415912628173828,0.20582932233810425,0.03268522769212723,-1.3711217641830444,-1.8128559589385986,-0.683311402797699,-0.7951897978782654,-2.0441980361938477,0.09540782868862152,0.06267528980970383,1.062179446220398,-0.8366115689277649,0.46405479311943054,0.7178115844726562,-0.01873568631708622,0.7359902858734131,-0.16262216866016388,-0.9958749413490295,0.29869407415390015,0.36973899602890015,-1.1354398727416992,0.11515630781650543,-0.14709317684173584,0.7266815900802612,-0.3713928163051605,-0.22488915920257568,1.364798903465271,-1.1602210998535156,-0.5507251620292664,1.242749810218811,-0.09440992027521133,0.8121716380119324,0.14261075854301453,0.9792499542236328,-0.7120292782783508,-0.5316333174705505,-1.1940643787384033,-1.2578085660934448,-0.7690703868865967,-0.8852983117103577,0.021338297054171562,-0.8150094151496887,-0.20379115641117096,-0.048930488526821136,-0.5851800441741943,0.6101673245429993,1.0975723266601562
-1.3463739156723022,-0.18410080671310425,1.0275828838348389,1.5958662033081055,-0.3697999119758606,-1.5657193660736084,-1.8854140043258667,0.6977989673614502,0.35261887311935425,-0.49251437187194824,1.427891731262207,1.0821477174758911,0.36301079392433167,-1.4608056545257568,1.3488166332244873,-0.14601223170757294,1.5922168493270874,-1.0366255044937134,0.2856772840023041,0.08208881318569183,-1.156158685684204,-1.5205062627792358,-0.3085692226886749,-0.21659260988235474,-1.194028377532959,0.6866106986999512,1.5904196500778198,1.3335802555084229,0.25140267610549927,1.1708258390426636,0.4908396303653717,2.6678600311279297,-1.896681785583496,1.137799620628357,-0.06742656975984573,-0.6812399625778198,0.8638778328895569,0.9982295632362366,0.9817835092544556,2.077829360961914,0.13287189602851868,-0.8724592924118042,-0.8686475157737732,0.001033054431900382,-0.8805206418037415,-0.7667481899261475,1.1924325227737427,1.7064162492752075,0.006683579180389643,-0.8114683628082275,-1.0423665046691895,0.00016670854529365897,0.7431784272193909,-2.195044994354248,-0.18529711663722992,0.4949113428592682,0.38855424523353577,0.48561587929725647,-0.8763006925582886,-0.3636086881160736,-0.507681667804718,1.0106899738311768,1.2205431461334229,-0.47542402148246765,-0.12079296261072159
1.8531076908111572,0.1729692816734314,2.8153364658355713,0.9557222723960876,1.2296335697174072,-1.6434098482131958,1.0475367307662964,0.5031372308731079,-0.0733499526977539,-0.6347858309745789,-1.329651117324829,-0.6261408925056458,1.270000696182251,-0.3796743154525757,0.2612511217594147,-1.4485682249069214,-0.5881955027580261,-0.6313832998275757,0.49820008873939514,0.4816308915615082,-0.5006785988807678,-1.1151045560836792,2.09272837638855,-1.4260319471359253,-0.9152695536613464,0.09319288283586502,0.9022437334060669,0.988737940788269,0.49164697527885437,0.18165549635887146,0.42384761571884155,-0.9113849997520447,-1.3278498649597168,-0.9760041832923889,-1.1288868188858032,0.6971535682678223,-0.5063201189041138,-1.5564740896224976,-0.6761413216590881,0.7205679416656494,1.3198068141937256,-0.6565647721290588,-0.4070402681827545,0.6684412360191345,-0.40086308121681213,-1.493721842765808,1.537024974822998,-0.705986738204956,0.2662579417228699,-0.7724518775939941,0.5740970373153687,0.20467734336853027,-0.7746652364730835,-0.402434766292572,-0.35353678464889526,-0.6483486890792847,-1.6318062543869019,1.0077502727508545,0.03308664262294769,-0.675869882106781,-0.7859560251235962,-1.8675352334976196,0.5701519846916199,-2.4047019481658936,0.3550128638744354
1.2530343532562256,-2.031616687774658,0.9758619666099548,-0.21762503683567047,0.2674040198326111,0.15440057218074799,1.406336784362793,-0.9071519374847412,0.532196581363678,-1.2970852851867676,0.4969894289970398,-0.8803150057792664,0.3168219029903412,0.3987913727760315,0.06896012276411057,1.4831504821777344,2.8846280574798584,1.6021305322647095,0.7625694870948792,0.6386169195175171,-0.2608640491962433,0.16237229108810425,0.7918714284896851,-2.090186357498169,0.47657671570777893,0.7595303654670715,-1.1017049551010132,-0.13754819333553314,-0.873870313167572,2.3238465785980225,1.5294461250305176,-1.0418174266815186,-1.1754969358444214,-0.6681596636772156,-0.7539963722229004,-0.7527766227722168,1.7806512117385864,-0.9103800058364868,0.5851905941963196,-0.11357808858156204,0.41263824701309204,0.35455167293548584,0.3370860517024994,-0.9283323884010315,-0.7543871998786926,0.05691620707511902,1.0829864740371704,0.042320333421230316,-1.1911311149597168,-1.4020683765411377,1.2078516483306885,-1.5486565828323364,-2.337324857711792,-0.028561796993017197,0.043011657893657684,-1.1561025381088257,-0.1361740678548813,-0.09020727872848511,1.642769455909729,1.4957313537597656,1.5325278043746948,-0.44937700033187866,-0.32453858852386475,-0.3735346794128418,-0.9029977917671204
0.1286289393901825,0.9977247714996338,-1.3615556955337524,-1.5761754512786865,-0.012514214031398296,-1.8092031478881836,-1.1184604167938232,-0.6996633410453796,-1.980285406112671,0.03057711571455002,-0.5215898752212524,0.4381606876850128,0.16041390597820282,1.0150959491729736,-0.2644987404346466,-2.109063148498535,-0.6360790133476257,-0.29237300157546997,0.40405115485191345,-1.523394227027893,0.8464226126670837,-0.6181076765060425,-0.9652574062347412,-0.9394669532775879,-0.1546718031167984,1.2160471677780151,-0.26055189967155457,-0.836313784122467,0.7773628830909729,0.1824936717748642,0.5959745049476624,-0.1908877044916153,-0.059566300362348557,0.5353928804397583,0.14870505034923553,0.9665279984474182,0.6418611407279968,0.024820176884531975,0.308258980512619,-0.5338121652603149,0.3890836238861084,-0.8274573087692261,-0.26497313380241394,0.9388169050216675,-0.4276478886604309,-0.030924804508686066,-0.2359301596879959,-0.8041919469833374,1.1705762147903442,0.641870379447937,-0.7690730094909668,1.0235276222229004,-0.5458424091339111,0.08458087593317032,0.03484821692109108,-0.5895758271217346,0.3992854356765747,-1.5688434839248657,-0.6054102778434753,-2.451108932495117,-1.2617281675338745,0.4212683141231537,1.1069800853729248,-0.7385073304176331,1.0333552360534668
0.7822191715240479,0.5134962201118469,1.5730098485946655,0.20133979618549347,0.946031391620636,-0.6924293041229248,-0.04517120122909546,-0.402658075094223,1.219172716140747,1.0878956317901611,-0.4678334593772888,0.25245991349220276,2.130211591720581,0.7163006663322449,-0.8996977806091309,-0.4204508662223816,-0.12961560487747192,-0.6149891018867493,0.8262478709220886,0.9720703959465027,-1.2122423648834229,0.020460594445466995,-0.6016697883605957,0.47714072465896606,-1.4082415103912354,0.49170631170272827,-0.4214147627353668,1.0570403337478638,-0.687012255191803,0.9549088478088379,-0.5209032893180847,-0.08917375653982162,0.047414109110832214,0.08085551112890244,1.6938538551330566,0.9119972586631775,-2.0717177391052246,0.5755673050880432,-0.3420875370502472,-0.6008046269416809,0.010962247848510742,-0.19200482964515686,-1.0666961669921875,-1.0082361698150635,-0.463678240776062,-0.5342997312545776,-0.46978065371513367,1.0637249946594238,-1.6399831771850586,-0.6057006120681763,0.23162464797496796,0.4379342794418335,0.49787285923957825,-1.1928960084915161,0.24933525919914246,0.11241493374109268,0.3315661549568176,1.134874939918518,-0.44961807131767273,0.9086335897445679,1.6914397478103638,-0.5077636241912842,-0.6086426973342896,-0.6774619221687317,-0.731555163860321

Slice 57
-0.7214067578315735,-2.112163782119751,0.7583474516868591,-0.3171781897544861,-0.0368293896317482,-1.817805528640747,1.81992506980896,0.33406761288642883,-0.17719979584217072,0.17315392196178436,0.7527362108230591,-0.6266613006591797,-0.6917653679847717,-0.9172817468643188,2.184291362762451,0.06776563078165054,0.5189527273178101,1.0836306810379028,0.3198721706867218,-0.08050119876861572,0.7622237801551819,-2.108203411102295,1.0781971216201782,-0.2936742603778839,0.7915396690368652,1.2780730724334717,-0.5175623893737793,-0.4054620563983917,-1.0612202882766724,-3.0330302715301514,-0.09750538319349289,-0.4547499716281891,-1.029471755027771,-0.45446860790252686,-0.7340582013130188,-0.23726187646389008,0.3132995069026947,0.9388418793678284,0.09352218359708786,-1.063209891319275,-0.7968474626541138,-0.2129853367805481,-2.1115405559539795,0.31384363770484924,1.180351972579956,-1.732827067375183,-0.8609305024147034,0.621951699256897,0.4398351311683655,-0.2207859754562378,-0.2447257936000824,-0.008579918183386326,1.2816740274429321,-0.9835655689239502,1.716194987297058,-0.6901364922523499,-0.8354810476303101,1.1125081777572632,0.11301823705434799,0.051049765199422836,-0.9187844395637512,0.5421841740608215,-1.3907393217086792,-0.17527540028095245,-0.3331668972969055
-0.6184630393981934,1.2076284885406494,1.120783805847168,-0.9631619453430176,-0.0582398846745491,1.1166883707046509,-1.992011308670044,2.512036085128784,-0.046358898282051086,-0.958405077457428,-0.5107743740081787,-0.6972059607505798,0.48200100660324097,-0.4433237910270691,0.0042286585085093975,1.0807536840438843,-0.9025256037712097,-0.47568121552467346,0.14210402965545654,-0.08155734091997147,-0.0687805786728859,0.32240498065948486,-1.3233646154403687,-0.6685386896133423,0.2741754949092865,0.2724481225013733,0.4430391788482666,-0.8214657306671143,0.05611317977309227,0.4195684790611267,-0.0036656949669122696,1.5394914150238037,0.9055065512657166,0.7656359076499939,-0.7900596857070923,-0.520413875579834,0.651347279548645,-1.8824437856674194,1.0041558742523193,-0.3069121241569519,0.6683803796768188,-0.6026138067245483,0.567953884601593,0.19140975177288055,-2.4041194915771484,0.541204571723938,0.03184450790286064,0.3238394260406494,0.6758440136909485,-0.13977131247520447,0.42520180344581604,-0.3458397686481476,0.19072015583515167,-0.687267005443573,1.0706703662872314,0.6518660187721252,2.1096434593200684,0.23453661799430847,-1.6661556959152222,0.49371886253356934,-0.07236514985561371,-1.4781955480575562,0.30865806341171265,1.024141788482666,-0.5824395418167114
0.21996629238128662,0.6794039607048035,1.1625430583953857,0.6791521906852722,1.2023539543151855,0.03269394114613533,0.49996325373649597,-0.707312822341919,-0.822493314743042,0.05624879151582718,0.029691318050026894,-0.7533025741577148,0.06671475619077682,0.10256259143352509,0.7929502129554749,-0.06279340386390686,0.729354202747345,0.19336490333080292,0.30639201402664185,-1.50355863571167,0.1455582082271576,0.17565792798995972,-0.6743141412734985,0.016634061932563782,0.9179348349571228,-1.3059532642364502,-1.0122413635253906,1.2867546081542969,0.5442903637886047,1.8641536235809326,0.08089788258075714,1.1942306756973267,-0.4735126495361328,0.2236219346523285,2.8815743923187256,-1.5736209154129028,-0.542058527469635,0.5739511847496033,-1.2073092460632324,0.6647183895111084,0.22951199114322662,-0.6170184016227722,0.8438578248023987,0.9309606552124023,-0.45753753185272217,0.9750581383705139,2.0019216537475586,-1.5796666145324707,-3.025104284286499,1.6393450498580933,0.036368321627378464,-0.4429498314857483,0.3349594175815582,1.1777122020721436,0.9203141927719116,-0.8848997354507446,1.691098690032959,-0.36768633127212524,0.015224121510982513,0.9164686799049377,-0.5461782217025757,-0.5966359376907349,-0.6150423288345337,1.882897138595581,-1.1525614261627197
-0.022884082049131393,0.44258472323417664,-0.5198866128921509,-1.6151868104934692,-0.6336022615432739,-0.7204169631004333,-1.760798454284668,-1.6905547380447388,-0.6353579163551331,-0.5234453678131104,-1.4107003211975098,1.0594854354858398,-0.7253897190093994,1.4824628829956055,0.40168970823287964,1.2247893810272217,0.36339959502220154,-1.6469035148620605,-0.7686940431594849,0.07121668010950089,-1.7850395441055298,-0.8124973773956299,0.3800962567329407,0.8192502856254578,1.1109280586242676,-1.7380115985870361,-1.1142408847808838,0.20268863439559937,-1.3628840446472168,0.6173458695411682,-0.0586511492729187,1.3345462083816528,-1.6596075296401978,0.0597214549779892,0.42510783672332764,0.3836250305175781,0.40117350220680237,0.18442723155021667,0.4671666622161865,-0.8403638601303101,-1.3889455795288086,0.7011481523513794,1.504448652267456,-1.2632430791854858,0.37321674823760986,0.6721705198287964,0.2912307679653168,0.6611223816871643,1.4040182828903198,-0.216206356883049,-0.2314203679561615,0.030795007944107056,0.17691808938980103,-0.5878616571426392,0.9906809329986572,-0.21398188173770905,-1.275296688079834,-1.614280343055725,-1.119895100593567,1.096157193183899,-0.4948446750640869,-1.161584496498108,-1.1031670570373535,0.8558130264282227,0.8244932889938354
0.14963673055171967,-0.6227589845657349,-1.074999451637268,-0.15134936571121216,1.6579281091690063,0.09684820473194122,-2.0223681926727295,-2.813697338104248,-1.1083251237869263,-1.2094682455062866,-0.23645831644535065,-0.35330885648727417,0.08572234213352203,0.7109111547470093,-0.02393953874707222,1.2599258422851562,1.4277504682540894,-0.5089014172554016,-0.6209421753883362,-0.4319054186344147,1.5526713132858276,0.06463354825973511,-0.8101291060447693,-0.1748107373714447,1.1195733547210693,-0.7063630223274231,-0.7273181676864624,0.46728625893592834,1.6088025569915771,0.5640372037887573,0.6425939202308655,1.1574499607086182,-1.9057139158248901,1.7524566650390625,-0.57273930311203,1.8546732664108276,1.3474936485290527,-0.2662227153778076,-2.14611554145813,0.32162564992904663,1.0714353322982788,1.4012991189956665,-1.6332676410675049,0.49631133675575256,-2.0065696239471436,0.22515366971492767,-0.3451230525970459,-1.5749094486236572,1.3960144519805908,1.3291208744049072,-2.099853038787842,-0.4575424790382385,1.0004823207855225,2.3576793670654297,1.7545658349990845,1.25987708568573,-1.4982414245605469,2.008347988128662,-0.6125938296318054,0.2428356409072876,-0.5096031427383423,0.3960038125514984,0.4279785454273224,1.1811922788619995,-2.293302059173584
-0.5583083033561707,-0.3468555212020874,0.385213702917099,-0.9383613467216492,-0.2704278528690338,-0.7015863060951233,-0.06611596047878265,-0.8094674944877625,0.5608905553817749,-1.1553418636322021,-2.6623799800872803,-0.5582680106163025,-1.5493392944335938,0.8735217452049255,-0.8716996312141418,2.1006667613983154,0.07471095770597458,-0.5450221300125122,-1.046712875366211,0.683504581451416,-1.9829086065292358,1.6153289079666138,1.0214753150939941,-1.734496831893921,2.0605885982513428,-0.37069350481033325,1.570859432220459,0.38216161727905273,-2.636972665786743,-1.0677465200424194,-1.027193546295166,-0.24006356298923492,0.33189210295677185,-0.13711756467819214,1.586052656173706,1.6725738048553467,-0.40568020939826965,-0.6600083112716675,0.8512031435966492,2.2902188301086426,-2.7192928791046143,-1.5295190811157227,-1.053590178489685,2.2250373363494873,0.05478668212890625,0.21628309786319733,-0.02897040918469429,1.1227803230285645,1.2994827032089233,0.7383902668952942,0.47521358728408813,-0.43884408473968506,2.188978672027588,-0.0684739425778389,-1.093942642211914,-1.1066384315490723,-1.4200050830841064,0.5535215735435486,-1.3989837169647217,2.653395891189575,2.3180532455444336,-1.3752434253692627,-1.8811415433883667,1.0829607248306274,0.71544349193573
1.3385223150253296,1.4332168102264404,1.009699821472168,1.6948949098587036,1.7969706058502197,-0.01323346421122551,-0.2886013686656952,0.2509482502937317,-1.145607352256775,0.3004860281944275,-0.6976969242095947,-0.25926846265792847,-0.7159492373466492,0.8437874913215637,-0.3139125108718872,0.5163032412528992,-1.4291749000549316,0.21858227252960205,0.23827606439590454,-1.5193930864334106,0.4274233877658844,0.8251447081565857,1.4107447862625122,1.260438323020935,-1.191537618637085,-0.551613986492157,0.31300199031829834,-0.24676556885242462,-0.5246744751930237,0.2510603070259094,-0.272728830575943,-0.8648656606674194,0.5059948563575745,0.991866409778595,-0.29088321328163147,0.8865187168121338,1.4521881341934204,-1.269455909729004,-0.591650664806366,-0.114694744348526,-0.6416146159172058,0.19826078414916992,0.4594438076019287,-0.9373809695243835,-0.8971943259239197,0.569720983505249,0.5737193822860718,-0.6453998684883118,1.2863390445709229,1.392202377319336,-0.3076678216457367,-1.3288859128952026,0.0480368472635746,0.453257292509079,-0.5911086201667786,-0.624005138874054,-0.09854187071323395,0.22269819676876068,-0.36378753185272217,0.2095544934272766,0.3554234504699707,-0.3009539246559143,-0.5363504886627197,0.36883723735809326,0.8600989580154419
0.8291578888893127,0.2953133285045624,0.20191341638565063,0.6967704892158508,0.532557487487793,-0.4468837380409241,-0.23644794523715973,-2.320904016494751,0.841951847076416,-0.9931790232658386,0.4160451889038086,2.460160732269287,-0.6738522052764893,-3.4354779720306396,-1.0740485191345215,-0.3266173303127289,1.0138214826583862,0.5120396614074707,-1.0747056007385254,0.3010824918746948,-0.1767907440662384,0.3950236439704895,-0.7397367358207703,0.4372450113296509,-0.004204639233648777,-0.2387876957654953,-0.8524783253669739,1.922598123550415,0.016583094373345375,-0.2862721085548401,2.3869330883026123,-0.5461574792861938,0.03959426283836365,0.884840190410614,-1.7335271835327148,0.4264832139015198,1.3163177967071533,-0.3119645416736603,-1.2080930471420288,-0.36920660734176636,0.3610921800136566,0.8007413744926453,1.5300607681274414,-1.133994221687317,-0.09636329114437103,1.5664235353469849,1.4704627990722656,0.1673017293214798,1.1326684951782227,-0.6907547116279602,-1.2694882154464722,3.2856106758117676,1.3217320442199707,1.0446354150772095,-0.4766823947429657,-1.8714683055877686,1.6267069578170776,0.09960722923278809,2.652601718902588,-0.5559216737747192,-0.44809120893478394,2.413616418838501,-1.9875600337982178,-0.9878360033035278,-0.740849494934082
-0.9781607985496521,-1.4790180921554565,-0.9794925451278687,-0.9131703972816467,-1.7915323972702026,-1.496947169303894,0.0613551028072834,-0.6742632389068604,0.32439130544662476,-0.12178967893123627,0.4654993712902069,1.340304970741272,-0.6383965611457825,0.5387459993362427,-0.049834296107292175,-1.1224839687347412,-0.08043324202299118,2.0165936946868896,-0.4102818965911865,0.9095911383628845,0.05189068242907524,-1.1077020168304443,1.4397679567337036,0.4137481451034546,-0.2024717628955841,1.3610737323760986,-1.9079493284225464,-0.670695424079895,-0.8042300939559937,-0.6845356822013855,-0.5849271416664124,1.9371601343154907,-0.45317572355270386,-1.0312446355819702,2.146620750427246,0.9458698630332947,-1.8791590929031372,0.42482882738113403,-0.06363735347986221,0.7193291187286377,-0.9638975858688354,0.5642079710960388,1.2454954385757446,2.3326470851898193,0.4818078875541687,-0.3870706856250763,-0.7885003089904785,-0.2627137005329132,0.050201185047626495,1.5909817218780518,2.7175917625427246,-0.16915705800056458,-1.286267876625061,-0.13079966604709625,0.23971699178218842,0.9208523631095886,-0.4599471986293793,0.956778883934021,0.07018685340881348,-1.4270243644714355,-1.2452409267425537,0.015239542350172997,0.8509598970413208,1.9159661531448364,1.0283788442611694
0.3026132881641388,1.2233359813690186,-0.2997897267341614,0.4832254946231842,0.37701520323753357,0.33213624358177185,-0.050125543028116226,-0.27432483434677124,-1.5310841798782349,0.11405482143163681,-0.8747063875198364,-1.5924670696258545,-0.08768968284130096,-0.06311272829771042,-0.34911078214645386,-1.1135787963867188,0.6089017391204834,1.1845821142196655,1.732649564743042,1.2174413204193115,0.016442125663161278,1.0235872268676758,-0.03471638262271881,1.2202657461166382,-0.25075769424438477,0.5349776148796082,0.5853155851364136,-1.4226486682891846,0.870302140712738,-1.2697914838790894,1.367653727531433,-0.6090244054794312,-1.4071590900421143,-0.7415010929107666,0.02090686559677124,-0.7667024731636047,-0.7899657487869263,1.0234922170639038,-0.07326172292232513,1.2586781978607178,0.9699100255966187,1.1174458265304565,0.6659131050109863,1.0527700185775757,1.3956477642059326,2.9532015323638916,-0.624679446220398,1.907329797744751,-0.9522231817245483,-0.0725976973772049,-1.1840583086013794,1.5655463933944702,1.332908272743225,-0.029389478266239166,0.48541298508644104,-0.03771057352423668,0.11580045521259308,-0.40845462679862976,-0.006695150397717953,0.44618111848831177,-0.19562526047229767,0.11351049691438675,1.0933202505111694,-1.3816920518875122,-1.1686094999313354

Slice 58
0.3757670521736145,1.9757450819015503,-0.5541619658470154,0.333121657371521,-0.2062598466873169,-0.4860300123691559,-0.06455864757299423,0.9023425579071045,2.329876184463501,0.3123157322406769,0.6928188800811768,0.44365888833999634,-0.09399071335792542,-0.010144178755581379,-1.3919075727462769,0.7307964563369751,1.2569911479949951,1.167320728302002,1.470617651939392,-1.275333046913147,-0.4547339677810669,0.6850852370262146,-0.11626667529344559,-0.9306232333183289,-0.8694393038749695,1.177229404449463,-0.6554269790649414,-0.604231595993042,1.6840333938598633,0.03286036103963852,1.2011369466781616,0.35046452283859253,-0.21177946031093597,-0.11137712746858597,1.264412522315979,-0.5535518527030945,-0.04164398834109306,-0.7020098567008972,1.4459455013275146,0.7084124684333801,0.9890348315238953,-0.4236510097980499,0.4888274073600769,0.9021762609481812,-0.5350875854492188,-0.12808451056480408,0.9288710355758667,-1.2151412963867188,-1.0025616884231567,0.4720708727836609,-1.14020836353302,-0.35673797130584717,1.021588683128357,-0.6980193853378296,-0.9847721457481384,-0.23337066173553467,1.7414134740829468,1.8650116920471191,-0.5118469595909119,0.6806774735450745,-0.5843113660812378,-0.2873555123806,0.0770680159330368,-0.6930323243141174,-0.29204124212265015
-0.03295750170946121,-0.7294073700904846,-0.10485617071390152,1.1741913557052612,-0.2906848192214966,1.2330275774002075,0.8541993498802185,-3.240380048751831,-0.8721712231636047,0.8420681953430176,-1.7655593156814575,-0.10654859989881516,0.5954450368881226,0.3886450231075287,-0.689948558807373,-0.8150202631950378,-0.5360996127128601,-0.032581839710474014,-0.844883918762207,-0.19655314087867737,0.14506463706493378,0.9092550873756409,1.041852355003357,-2.3131091594696045,1.3388327360153198,1.261901617050171,-0.6205146908760071,-0.881270706653595,-0.2636992633342743,1.4102972745895386,-1.0413994789123535,1.2719401121139526,-1.8426722288131714,-1.1688036918640137,0.25010383129119873,1.8038231134414673,-0.36420738697052,1.071300983428955,0.16975517570972443,1.3322490453720093,0.43396511673927307,0.08148372173309326,1.509056806564331,1.4905128479003906,0.39518001675605774,0.49965396523475647,-1.0997552871704102,-0.17738088965415955,-0.2651396691799164,0.9911578893661499,1.6002599000930786,-0.6476818919181824,1.595896601676941,0.42749089002609253,0.6713008284568787,0.9595268964767456,-0.1901039481163025,-0.13018089532852173,-0.08957988023757935,0.05496639013290405,1.3221737146377563,-1.9245725870132446,-0.21403126418590546,1.3235702514648438,1.053933024406433
-2.425297498703003,0.1745917946100235,-0.6362125277519226,-0.6929574012756348,1.1172438859939575,0.010506965219974518,0.0573425330221653,1.486924648284912,-0.18846556544303894,-1.2076821327209473,-0.16027304530143738,-1.6538890600204468,0.6520305275917053,0.5644065141677856,0.35481786727905273,-0.2204650491476059,-0.3908174932003021,0.5965957641601562,0.8035520911216736,1.1144388914108276,-1.5305001735687256,-1.0987831354141235,1.3790292739868164,0.634495198726654,-0.00312778539955616,-0.5303777456283569,0.5368353724479675,-0.12465497851371765,1.0492663383483887,-1.9955836534500122,0.9803740382194519,0.5645339488983154,0.8760308623313904,0.049571529030799866,0.8066539764404297,-0.39655670523643494,-0.5906453728675842,-0.3139769732952118,0.4471972584724426,-0.5377752780914307,-1.1045866012573242,-1.0084919929504395,1.2638086080551147,0.4228764474391937,0.6078624129295349,0.263658732175827,0.022540753707289696,-1.2742875814437866,-0.45030462741851807,-0.5911691784858704,-0.026698464527726173,-1.1706628799438477,-1.3713371753692627,1.5608817338943481,0.10313692688941956,0.3259234130382538,0.8922001719474792,-1.0119303464889526,0.3237271010875702,-0.0031361482106149197,0.6854167580604553,-0.7318857908248901,-1.658394694328308,-0.46382632851600647,0.6793897151947021
0.9398283362388611,1.6777325868606567,-0.6047884225845337,-0.9409297704696655,0.22559373080730438,0.6799232363700867,-0.6384719014167786,1.260326623916626,1.024245262145996,0.189194917678833,-0.8225231766700745,1.191529393196106,-0.9557822942733765,0.532373309135437,0.014017284847795963,-2.030592679977417,-1.0654406547546387,-0.9767034649848938,-0.57408607006073,-0.10258322209119797,0.252148300409317,0.5539668798446655,-0.8481501936912537,-1.1561516523361206,-0.431161105632782,-0.10257908701896667,1.5476131439208984,1.0287468433380127,1.692881464958191,-0.04637862741947174,0.1787606030702591,-1.1802622079849243,-0.8159981369972229,-1.5276188850402832,1.5290732383728027,0.0317455492913723,-1.4688347578048706,-0.5366504788398743,-0.619013249874115,0.7165002822875977,-0.5714360475540161,0.9113427400588989,-0.06491842865943909,-0.14610089361667633,-1.2364861965179443,-1.2797859907150269,2.6508233547210693,0.7358598113059998,0.26938530802726746,0.03941236808896065,-0.2664353549480438,-0.4781041145324707,1.2852824926376343,0.7754443287849426,-1.8000773191452026,-1.44747793674469,-0.31589385867118835,0.746791422367096,-0.33510592579841614,2.3499484062194824,-0.7461510300636292,0.3281072974205017,-1.084437608718872,-0.038712143898010254,-0.18670421838760376
-0.9651885032653809,-0.5201297998428345,1.9006521701812744,0.9704237580299377,-0.34028956294059753,0.3027758002281189,-0.27042868733406067,0.543167769908905,-1.5104947090148926,-1.5536235570907593,0.16985100507736206,-0.5133496522903442,-0.5250111818313599,1.1437554359436035,1.5706160068511963,1.2980009317398071,-1.373134970664978,1.958884596824646,-0.5746133327484131,-0.15421371161937714,-0.601668655872345,1.3388761281967163,-0.5564932823181152,0.9379564523696899,1.3484128713607788,-0.6341457366943359,-0.27690112590789795,0.42755648493766785,0.1017855554819107,-0.5553494095802307,1.4111994504928589,-0.5926699042320251,-1.0149710178375244,1.6772692203521729,-0.05686340853571892,-0.9113561511039734,1.1210795640945435,-1.6310136318206787,3.027740955352783,-0.2301802635192871,1.3014179468154907,0.4461956024169922,-0.5682579278945923,-1.1854666471481323,-0.5562567710876465,-0.9625675082206726,-2.0094897747039795,1.5296403169631958,-0.24334867298603058,-2.007183790206909,0.9174244999885559,-1.4721662998199463,0.6298309564590454,0.33513113856315613,1.232609510421753,-0.972693145275116,-0.3811836242675781,0.6090080142021179,0.31138575077056885,-1.084485411643982,0.056983958929777145,-1.7841087579727173,-0.8786908388137817,-0.9215213060379028,-0.3444901704788208
-1.1686363220214844,1.3171122074127197,1.2409690618515015,0.955268144607544,-0.023358887061476707,1.9176721572875977,-1.9905059337615967,0.16535654664039612,2.287952423095703,0.6235483288764954,-0.48872506618499756,0.8156692981719971,0.0369582436978817,0.5941733121871948,-0.1756998747587204,-0.08460758626461029,1.4594277143478394,-1.7951911687850952,-0.9310351610183716,0.21460962295532227,-0.47002509236335754,-1.1031228303909302,-0.6290330290794373,0.9296579360961914,2.508328676223755,0.24052640795707703,-0.02777559496462345,-0.6338051557540894,0.7706966996192932,0.4498731195926666,1.0436549186706543,-1.5514801740646362,-1.7999602556228638,-0.06566619873046875,-0.4431677460670471,0.016739966347813606,-1.3983403444290161,1.0463508367538452,-0.01333773136138916,0.352212131023407,2.290647268295288,-0.837846040725708,-1.409265398979187,0.19857634603977203,-1.2456583976745605,-0.030533066019415855,0.3739205002784729,-0.34281036257743835,-0.15029820799827576,-0.4296811521053314,0.9393017888069153,0.2313484102487564,-1.5916190147399902,-0.6032454371452332,0.19405771791934967,-0.07600054889917374,0.9930715560913086,0.0021560569293797016,0.8518839478492737,-0.6183616518974304,-1.0581542253494263,-0.7270089387893677,0.6204698085784912,0.44015493988990784,0.2553253173828125
-0.8518725037574768,0.1088678389787674,-0.15607920289039612,1.542345643043518,-0.5907672047615051,-0.560821533203125,-0.23627735674381256,-0.5067635774612427,0.6023705005645752,0.39561477303504944,1.3518403768539429,-1.283764123916626,-0.9023317694664001,-1.6903408765792847,-0.6947509050369263,0.2405177801847458,-1.637288212776184,-0.8427125215530396,0.8083314895629883,0.09571287035942078,1.325881838798523,-0.8855480551719666,-0.016941744834184647,0.25680357217788696,-0.9708995223045349,-0.4965924322605133,0.4825839698314667,-1.5649741888046265,0.7997893691062927,0.8350059986114502,0.0289694182574749,-0.9256939888000488,0.38990822434425354,-0.2050863653421402,-0.7180845737457275,0.7340474128723145,-1.2722046375274658,-0.5969527959823608,-1.7750149965286255,0.5286636352539062,0.05085078999400139,-0.5862933993339539,-1.2261435985565186,0.06835836917161942,-0.08100470900535583,1.4924657344818115,-1.4699331521987915,-1.5576368570327759,0.6900173425674438,-0.35738953948020935,0.4023023247718811,-1.6859668493270874,2.2091422080993652,-0.04377508535981178,0.5861616730690002,0.04354614391922951,0.7729870676994324,0.19070737063884735,-0.1280066817998886,0.5560072660446167,-1.1038426160812378,1.1401115655899048,-0.21758882701396942,0.5555434823036194,0.2500532269477844
-0.8991657495498657,0.9357755184173584,-1.960461974143982,0.7036223411560059,0.6947189569473267,0.11361411958932877,0.12730152904987335,0.9287459850311279,-0.7920031547546387,-0.07813224196434021,-0.09572330862283707,-0.8213974237442017,0.18964320421218872,-0.19752377271652222,2.3230464458465576,0.5852177739143372,-0.5850600600242615,0.7642173171043396,-0.004678471479564905,-0.5906985998153687,-1.7473423480987549,-0.6967704892158508,1.4691846370697021,1.0330692529678345,0.5921801924705505,1.4461781978607178,1.1711461544036865,-0.013295715674757957,0.48309028148651123,0.7085204720497131,0.06465930491685867,0.3032316267490387,0.45840373635292053,-0.8214172124862671,0.01404953096061945,-1.7188149690628052,-1.621235728263855,1.9139138460159302,-1.8641117811203003,0.1269589364528656,-0.9600797891616821,0.7184382677078247,0.7811601161956787,1.2639492750167847,0.3760717809200287,-0.41300681233406067,-0.1740603744983673,2.1201159954071045,-0.3730524778366089,1.1258459091186523,-0.5438011884689331,-1.5033329725265503,-0.3908240795135498,0.4903085231781006,-1.3896089792251587,-0.6454879641532898,0.948182225227356,0.341185599565506,-0.7278417944908142,-0.2498609721660614,-1.0570907592773438,-0.9724785089492798,0.6003373861312866,1.6973323822021484,0.5635883808135986
0.46442246437072754,-0.08861009776592255,-1.5275882482528687,-0.5928881168365479,-1.7582200765609741,1.872397541999817,-0.12521693110466003,-0.3409794867038727,0.6756566166877747,-0.811652660369873,-0.2935311496257782,-1.310452938079834,-0.9296554923057556,-1.0430783033370972,1.0848127603530884,0.021767739206552505,0.6383053064346313,2.060509443283081,-1.622226357460022,-2.276992082595825,-0.9067506790161133,-0.6202154755592346,-1.761252760887146,-0.7730237245559692,1.373072862625122,1.5733528137207031,1.6516461372375488,0.12046598643064499,0.3939109444618225,-1.2502144575119019,-0.46604734659194946,-0.03447360545396805,1.913467288017273,-0.3344779908657074,-1.6877355575561523,1.4041690826416016,0.21396611630916595,-0.8157380223274231,0.026240969076752663,3.519782781600952,0.4120422303676605,-1.1723054647445679,-1.3275090456008911,-0.7125151753425598,-0.16061323881149292,-0.4573862850666046,0.46098124980926514,2.312701940536499,-0.9469055533409119,1.4127916097640991,-0.10491405427455902,-0.5805983543395996,0.6633298397064209,2.2797963619232178,-0.9331406354904175,0.048750221729278564,-0.4154413938522339,0.05446121469140053,-1.1930105686187744,-0.38268905878067017,1.0969953536987305,0.10689210891723633,-0.5860685706138611,-0.583034098148346,-1.8960893154144287
-1.489262580871582,0.8520700335502625,-0.4411342442035675,0.534189760684967,-0.616257905960083,-0.09327640384435654,-0.3855815529823303,0.6750927567481995,0.39082181453704834,1.2166836261749268,-1.3244084119796753,-1.938555121421814,-1.8244291543960571,0.22501635551452637,0.191858172416687,0.180442675948143,0.7096730470657349,-0.4961474537849426,1.0974751710891724,1.5723661184310913,-1.1807504892349243,1.5494563579559326,0.7746843099594116,-0.0794283077120781,-0.5679473280906677,-1.3524537086486816,0.4443165361881256,1.5884461402893066,-0.03288896754384041,1.495048999786377,1.1424305438995361,-0.8275323510169983,-1.4863218069076538,-0.9328824281692505,0.5539423823356628,0.34880363941192627,1.4367239475250244,0.3920861482620239,0.1572139412164688,-0.8585108518600464,-0.44608116149902344,1.2097413539886475,-1.0721176862716675,-0.2532096803188324,-0.2742062211036682,0.4519311487674713,-0.8886626362800598,-0.0873817726969719,-1.919584035873413,-1.245853066444397,-0.8354292511940002,0.17389731109142303,-0.457742303609848,-0.5811325311660767,0.8766616582870483,1.0538980960845947,1.0217338800430298,2.015859603881836,-0.1204540953040123,0.8301997184753418,1.0965056419372559,-1.5782256126403809,-0.5746424794197083,0.37177079916000366,0.4722321331501007

Slice 59
-1.3329341411590576,1.1260461807250977,0.28682222962379456,-0.04865579679608345,1.9107224941253662,1.3085402250289917,-0.0736316367983818,-1.2419201135635376,0.578312337398529,0.16742227971553802,-1.3066130876541138,0.4937538802623749,0.5905289053916931,1.8676835298538208,-0.20932167768478394,0.3283880650997162,-0.8238505125045776,0.27195653319358826,0.09635181725025177,-0.415971577167511,-0.8072916269302368,-0.10055846720933914,0.49500399827957153,-0.9782835841178894,0.8625480532646179,-0.34959515929222107,0.8687403202056885,0.2997336685657501,-0.986961841583252,-0.7773632407188416,0.6803487539291382,-0.9094437956809998,-0.8831624984741211,-0.19892357289791107,-1.2618844509124756,-0.3196728527545929,0.4567127823829651,-1.4008135795593262,1.651292324066162,-0.37480902671813965,-1.450827956199646,-0.33830365538597107,1.2770583629608154,-2.0860564708709717,-1.35166335105896,2.668626546859741,1.4803625345230103,-1.0134350061416626,-1.211399793624878,-0.30866119265556335,-1.6433125734329224,-1.330373764038086,-0.3222878873348236,-0.8960453867912292,-0.7890515923500061,0.24142730236053467,-0.20257408916950226,-0.6667723655700684,-0.7261723279953003,0.4980129599571228,0.4461803734302521,0.0438726544380188,-0.9254791736602783,-0.5079934000968933,0.26755350828170776
1.0764994621276855,-0.0801628902554512,0.07019391655921936,-0.11806242167949677,-1.0115526914596558,-0.7796983122825623,0.5393410325050354,-0.6506311297416687,-0.8978502750396729,-0.909002959728241,0.4101337790489197,-0.8678568601608276,-0.7752448916435242,0.9141722917556763,-0.26313748955726624,-0.5751147866249084,0.509107232093811,-2.593287229537964,0.6950488686561584,-0.021909181028604507,0.7780606150627136,2.0133814811706543,-0.4008317291736603,1.8293668031692505,-1.0203921794891357,0.4864095151424408,-0.32648321986198425,0.6502406597137451,0.16783712804317474,0.08788257092237473,1.3686388731002808,-0.20034030079841614,0.9202603697776794,-0.33898746967315674,-0.2494310736656189,1.1525276899337769,-1.1477892398834229,-0.6234312057495117,0.39736583828926086,0.7227832078933716,1.0604190826416016,0.533663809299469,-0.9114676713943481,0.6383756995201111,-0.021101851016283035,-0.3481021821498871,-0.15341947972774506,-0.6481305360794067,0.15878652036190033,-0.5622327923774719,-0.8225612640380859,-1.9343183040618896,1.3833649158477783,1.2664066553115845,0.42965802550315857,-1.1377456188201904,-0.6213518977165222,-0.02692856267094612,-0.9032133221626282,-0.4100798964500427,0.09779305011034012,-0.5489203929901123,-0.16382905840873718,1.0153261423110962,-0.7254214882850647
-0.22650790214538574,0.3473392128944397,1.3078961372375488,-2.3278660774230957,0.23369082808494568,-1.9348357915878296,-0.35450851917266846,-0.25651946663856506,-0.7845855951309204,0.31978994607925415,-0.0949115976691246,-0.010526632890105247,0.45154088735580444,-1.6013498306274414,0.585351824760437,-0.045672785490751266,1.087572455406189,-1.0516958236694336,-0.6801475882530212,-0.4918786585330963,0.8505622744560242,2.434150457382202,-0.5551626682281494,-1.0047152042388916,1.1150165796279907,-1.0270649194717407,0.05214075371623039,1.2588706016540527,0.9146554470062256,0.9980425238609314,0.017351310700178146,-1.3551340103149414,0.5490182638168335,1.752393126487732,-1.6829110383987427,-0.12090835720300674,-1.756420612335205,-0.8574512600898743,-1.4110727310180664,-0.7133358716964722,0.0764298066496849,0.9261587262153625,2.120421886444092,0.6824379563331604,-0.9107993245124817,-0.6702361702919006,-1.0179357528686523,1.0162965059280396,0.4896438419818878,1.837889552116394,-0.9301354885101318,1.547646403312683,-0.9525961875915527,0.21343432366847992,0.06103621795773506,-0.6714392900466919,0.744187593460083,-0.7792635560035706,-0.9673302173614502,-1.003214716911316,-0.056662485003471375,1.4502252340316772,-0.4114086627960205,-0.19706299901008606,-0.04422304034233093
-1.3373514413833618,0.17921678721904755,-0.298204630613327,1.8682106733322144,0.5350629091262817,0.9006760716438293,-1.6364156007766724,0.6368498206138611,0.9959184527397156,-0.7985920310020447,-1.8109322786331177,2.2902791500091553,0.45418253540992737,-0.4450990557670593,0.7640485167503357,-0.651157557964325,0.7744597792625427,0.5323821306228638,0.06159813329577446,1.9003819227218628,1.502408504486084,0.0925687626004219,1.7667189836502075,2.1856470108032227,1.5636330842971802,1.5276775360107422,-0.31792542338371277,-0.95425945520401,0.23443183302879333,0.30680981278419495,0.31982991099357605,2.1820764541625977,-1.3090049028396606,0.5314953923225403,1.796149492263794,-1.6901419162750244,-0.7640753984451294,0.9365115761756897,-2.034132957458496,0.15353792905807495,0.9891121983528137,-1.5875097513198853,-0.3297865092754364,-1.1181056499481201,1.355969786643982,0.30306434631347656,0.8714469075202942,-1.3239418268203735,-0.015437166206538677,0.5381818413734436,2.0130574703216553,-0.2753295302391052,1.3681328296661377,0.5129988193511963,-1.6145539283752441,-0.4112485945224762,-1.5323060750961304,0.19600899517536163,0.018073078244924545,-1.1763652563095093,2.5696656703948975,1.5614475011825562,-1.2457728385925293,-0.9868516325950623,0.9745725393295288
0.862531304359436,0.6958138942718506,-0.9184261560440063,0.5442553758621216,0.04839131981134415,0.4056641161441803,-0.15466246008872986,1.8868952989578247,1.4166122674942017,0.3923283815383911,0.42626047134399414,-0.8709201216697693,1.9006096124649048,-1.0383340120315552,-0.3848954737186432,2.277543783187866,-1.2436492443084717,-0.2860822379589081,1.3201005458831787,0.6038148999214172,-0.38807398080825806,0.6523147821426392,0.0162027757614851,-1.0749704837799072,-1.0439211130142212,0.01334102638065815,1.8163683414459229,-1.1711195707321167,-0.9072481393814087,0.4848802387714386,-0.3806709349155426,-0.7488208413124084,-0.5063734650611877,0.5703640580177307,-0.2123955339193344,-0.7277213931083679,0.2603980302810669,-0.5018001794815063,-1.1136078834533691,1.2281413078308105,0.7220041751861572,-0.6501379013061523,-0.6180480718612671,-0.45001301169395447,0.05568474531173706,0.6687721610069275,0.19423937797546387,0.04692591354250908,-0.11147215217351913,-0.04678746312856674,-0.8710576891899109,0.7970273494720459,-0.045958250761032104,0.7779320478439331,-0.8725624680519104,-0.38121333718299866,0.4241538941860199,1.7964961528778076,0.5594215393066406,-0.8079210519790649,0.1326686441898346,-1.3003196716308594,-0.22765623033046722,1.300288200378418,0.38949528336524963
-0.6696084141731262,1.553924798965454,-0.8978073000907898,0.7938150763511658,0.3516294062137604,0.8260731101036072,0.4318924844264984,1.701149821281433,0.5335422158241272,-0.8185445666313171,-0.9259690046310425,-1.1542214155197144,0.41861069202423096,0.45449769496917725,0.13808096945285797,-0.6438242197036743,-0.30527999997138977,0.17418237030506134,0.9023188948631287,-1.411622405052185,1.9169105291366577,-0.05649071931838989,0.020954018458724022,-0.9170741438865662,0.35451963543891907,0.41257625818252563,-0.2599606215953827,-0.9711607694625854,-1.1643146276474,-1.1415868997573853,1.8811533451080322,-0.22677503526210785,-0.3529689908027649,-0.6657530665397644,-0.9301109313964844,-0.3339013159275055,-0.42240026593208313,2.077347993850708,2.0377683639526367,0.28266018629074097,-1.4790688753128052,-0.8586239814758301,0.721914529800415,-0.47968289256095886,-0.12003747373819351,0.3096482753753662,-1.5357862710952759,-0.6771581172943115,-1.3336821794509888,1.0280184745788574,-0.07092072069644928,1.3692898750305176,-1.1327705383300781,-1.061649203300476,-0.31626901030540466,0.6556692123413086,0.09841743856668472,0.02500186860561371,0.2512257397174835,1.0817078351974487,-0.8251715898513794,0.8868427872657776,-0.23995892703533173,-0.7448956370353699,0.35203665494918823
0.5922083258628845,-1.2060121297836304,-0.16463828086853027,0.6408500671386719,1.2111291885375977,-0.8727619051933289,1.013298511505127,0.8246612548828125,-1.1528502702713013,-0.3693541884422302,0.445977121591568,-0.7440146207809448,1.8083723783493042,0.6503907442092896,1.1216723918914795,-0.8341536521911621,0.07203616201877594,0.4093669354915619,0.7845403552055359,-1.7923052310943604,-1.2307965755462646,-0.6301857233047485,-0.8397441506385803,-1.573407530784607,-0.6170881390571594,1.0138769149780273,0.47680649161338806,0.6537328958511353,-0.6593639850616455,0.772956132888794,-1.0214111804962158,0.7353626489639282,-0.35462358593940735,1.1865521669387817,1.2445244789123535,1.0900238752365112,-0.5133263468742371,-0.566592276096344,0.8649675250053406,1.3552298545837402,-0.26039037108421326,0.3071056306362152,0.8961847424507141,-0.298404723405838,1.0346910953521729,-0.6189271211624146,0.08147305995225906,-0.24895285069942474,-0.8966664671897888,-0.24066784977912903,0.8097479939460754,-0.018170444294810295,-1.3532724380493164,0.6357986927032471,0.692412257194519,0.47538837790489197,-0.5665478706359863,-0.10508324205875397,1.4284785985946655,-0.03395940363407135,0.26733869314193726,0.33647727966308594,0.8230195045471191,0.32930678129196167,1.0763804912567139
-0.06079014763236046,-0.8177593350410461,1.7868196964263916,-0.7987698316574097,0.7130733132362366,-0.1448429822921753,1.546384334564209,-1.4111615419387817,-0.9078400731086731,-0.46956926584243774,0.009021743200719357,-0.2603793740272522,-0.1287432610988617,0.7120920419692993,0.8861199617385864,0.08325773477554321,-1.4486547708511353,1.53006911277771,-1.4310574531555176,0.21124114096164703,-0.973823606967926,1.6008567810058594,-0.14530245959758759,-1.5473747253417969,1.0113188028335571,-1.5054404735565186,-0.8511922955513,1.7367587089538574,0.7305893301963806,0.79774409532547,0.4652642011642456,0.510869026184082,0.2530305087566376,-0.648343026638031,0.6441841125488281,-1.1629524230957031,-0.44669267535209656,-0.10750285536050797,-0.4927029311656952,-0.46565359830856323,0.38011088967323303,-0.12380454689264297,1.1363474130630493,-1.3128260374069214,-0.5279642939567566,0.1203797310590744,-0.9825354814529419,-0.0723685473203659,-0.06689440459012985,-1.0528168678283691,0.06107642501592636,0.2923671305179596,-0.8341729640960693,1.2872588634490967,-0.4612632393836975,0.042114607989788055,-0.3974001407623291,-0.19203512370586395,0.14374110102653503,0.6517242193222046,-0.32139626145362854,1.1654707193374634,2.5237534046173096,1.1043002605438232,0.05877893418073654
1.8067636489868164,2.0831284523010254,1.2477704286575317,-0.9600893259048462,1.6655831336975098,-1.514897346496582,-1.9490175247192383,-0.2281169593334198,0.751049280166626,0.6410971879959106,1.3965823650360107,0.7977421879768372,0.9109774827957153,0.3676196336746216,-1.3592087030410767,-0.33747562766075134,1.1395289897918701,1.5062453746795654,-1.6301950216293335,-0.34305572509765625,-0.7404347062110901,-1.6334623098373413,1.8351134061813354,0.049365922808647156,0.5286388993263245,-0.05593074485659599,0.32350608706474304,1.0632847547531128,0.6705930233001709,-1.2538806200027466,0.24113819003105164,1.3130377531051636,-2.121598482131958,-0.17236797511577606,0.3654908835887909,0.3023313879966736,0.2309185415506363,0.4398038387298584,-1.5465065240859985,-1.8825933933258057,-2.124037742614746,-0.596790075302124,-0.7839183211326599,0.29750803112983704,-0.40519505739212036,-0.3783913254737854,1.2698931694030762,-1.4272383451461792,-1.1433464288711548,0.7780470252037048,-0.8673715591430664,-0.25377726554870605,-1.0188000202178955,-1.9880379438400269,-1.1680986881256104,0.7701419591903687,-1.2486435174942017,-2.5082640647888184,-0.9441041946411133,0.6322616934776306,0.3937135338783264,1.5208749771118164,-1.6247880458831787,-2.6256167888641357,-0.24736621975898743
0.36190950870513916,-1.1777198314666748,0.37604984641075134,-0.9735931158065796,1.4966295957565308,-1.4313769340515137,0.1200692355632782,0.2755553126335144,0.030019981786608696,-2.095639705657959,-0.05714777112007141,-0.4007691740989685,-0.6506484746932983,-0.5618714094161987,0.4596869945526123,-0.5582912564277649,-1.2827881574630737,-0.12953364849090576,-0.38971802592277527,-1.0930206775665283,-0.760262131690979,-0.30287420749664307,0.8073094487190247,-0.6952817440032959,1.8382277488708496,1.6555522680282593,0.3296985924243927,0.31838199496269226,1.0568674802780151,0.09633783996105194,-1.1669784784317017,-1.7862919569015503,-0.2749040424823761,1.272918701171875,-1.034394383430481,0.08746502548456192,1.166379451751709,-0.35600268840789795,0.3680335581302643,-0.29745954275131226,0.21894142031669617,-0.48189103603363037,0.7261713743209839,-0.7112240195274353,1.0694955587387085,-0.7747183442115784,-0.20258332788944244,-0.09307775646448135,1.2337579727172852,0.36191463470458984,-0.7049873471260071,-0.7555304765701294,-0.6494490504264832,-0.6635230183601379,1.7142260074615479,1.8783105611801147,-0.2002277672290802,-0.6460130214691162,1.9374228715896606,0.23403826355934143,0.18248644471168518,-0.36256301403045654,0.2465592622756958,-0.5775367021560669,1.8383517265319824

Slice 60
0.4268570840358734,-1.250829815864563,-1.0997350215911865,-0.46839070320129395,0.7014024257659912,-0.7176390886306763,0.7112764120101929,-1.8863078355789185,-0.30684134364128113,-0.3127174377441406,1.5043010711669922,-1.1594233512878418,-1.5133763551712036,0.22571216523647308,1.655717372894287,0.7922946810722351,-1.234123706817627,-1.0419580936431885,-0.9487525820732117,-1.0821723937988281,-0.5694296956062317,-0.5523459315299988,-0.4436500370502472,-1.263336181640625,0.4907803535461426,-1.0958987474441528,2.0229005813598633,-0.31088924407958984,-1.5634992122650146,0.7620384693145752,-1.283746600151062,1.3681004047393799,-0.38574767112731934,-0.6634963154792786,-1.3324713706970215,1.036363959312439,0.21117675304412842,0.1896890252828598,-1.3502155542373657,-2.155133008956909,0.11725056171417236,0.7716141939163208,-1.2219969034194946,-0.6758002638816833,1.2249062061309814,-1.3610647916793823,1.5568547248840332,-0.4536847770214081,-0.67581707239151,0.23765240609645844,0.18027566373348236,-0.47325798869132996,0.09124889224767685,2.7768561840057373,0.6310825347900391,-0.1677081137895584,-0.8825052380561829,2.0681657791137695,-0.3023126423358917,-0.20212765038013458,1.1926066875457764,1.1805025339126587,1.1032097339630127,1.4180494546890259,-0.18073628842830658
1.8104661703109741,-0.4703723192214966,0.8604786396026611,0.3994308114051819,-1.1611661911010742,0.13187536597251892,-0.37009283900260925,-0.9786165952682495,-0.6294884085655212,0.2009274661540985,-0.6417911648750305,-0.4121551215648651,-0.3340345025062561,-0.658565878868103,0.7707175016403198,-0.9521907567977905,0.016856219619512558,-0.5358353853225708,-0.871948778629303,0.02719789743423462,0.5803161263465881,-1.0750032663345337,0.7992475032806396,-0.5953322649002075,-0.23465418815612793,-0.35322466492652893,-1.4662681818008423,-0.3626015782356262,-1.1101409196853638,1.3061394691467285,-1.2190523147583008,0.6607186794281006,-0.5520914196968079,-0.791746973991394,-1.0375596284866333,1.1457555294036865,0.3145157992839813,-1.080710530281067,0.3078937232494354,-0.17360132932662964,-0.9335488080978394,-0.18783943355083466,-2.224729537963867,0.20193623006343842,-1.0031638145446777,-0.9324679970741272,0.902896523475647,0.5842759609222412,-1.5741310119628906,-0.25464698672294617,-0.8216403126716614,-1.4053703546524048,0.09532732516527176,0.4657077193260193,0.7794883251190186,0.5798550248146057,-0.27515697479248047,-0.08835649490356445,0.7798386216163635,1.7678356170654297,-0.5616123080253601,1.6245325803756714,-1.034432291984558,-0.07243792712688446,1.0370739698410034
-0.787732720375061,-0.12199465185403824,-0.6821585297584534,1.9134125709533691,0.9428634643554688,0.15630048513412476,0.2146267294883728,1.4451308250427246,0.24747465550899506,-0.3640889823436737,-0.7526273131370544,-1.6147584915161133,0.14958606660366058,0.6964543461799622,0.7221682071685791,-0.8211485743522644,-0.7653030157089233,0.07980430871248245,0.08642545342445374,-2.273455858230591,0.7457813620567322,0.7759886980056763,-2.911825656890869,0.7537620663642883,-0.528607964515686,1.34531831741333,1.401517391204834,-0.08587183803319931,0.32666563987731934,0.6273257732391357,0.21622321009635925,1.2964953184127808,2.3506360054016113,0.1887623816728592,0.27925387024879456,-0.029487842693924904,-0.294768750667572,1.619197964668274,-1.2268234491348267,-0.5312336683273315,0.4740160405635834,-1.2456676959991455,-0.062416817992925644,0.2716432809829712,-0.4535246789455414,-0.6713526248931885,0.9933537244796753,0.5505802631378174,-0.3661423623561859,-0.39739790558815,-0.4160670042037964,0.8616034388542175,-0.2239561527967453,-1.4282134771347046,0.5158255100250244,0.10406071692705154,-0.06325118243694305,-0.35323408246040344,0.22011123597621918,0.05249622091650963,1.0447227954864502,0.3722575306892395,0.4271215498447418,-0.35147204995155334,0.6003100275993347
-0.33764252066612244,1.6207096576690674,1.4819663763046265,-0.13276243209838867,-0.9319150447845459,-1.6471576690673828,1.2935724258422852,-0.3692038953304291,0.687069833278656,0.237127423286438,1.2307276725769043,-1.7859392166137695,0.5875345468521118,-1.4904402494430542,-0.11464451253414154,0.728262722492218,0.2626640200614929,-0.17130090296268463,-0.051970113068819046,-0.9633157253265381,-0.9518350958824158,-0.271727055311203,-0.5858253836631775,0.4735408127307892,0.7365615367889404,-1.096017837524414,-0.4307601749897003,0.1694268435239792,1.711172103881836,-0.45931071043014526,0.05106347054243088,-1.537015438079834,-0.648556113243103,-1.0470423698425293,1.215158462524414,0.9764980673789978,0.4255203604698181,0.35190749168395996,-0.968887448310852,1.652625560760498,0.6877650022506714,-1.006325364112854,0.7779940366744995,-0.35372254252433777,0.37942764163017273,1.3836493492126465,-0.20478850603103638,-0.2220722734928131,-0.3554193377494812,-0.4895257353782654,-0.6314319372177124,-1.424492359161377,-1.3414822816848755,-0.5673897862434387,0.8649575710296631,0.6803529858589172,0.545004665851593,1.051845669746399,0.7644278407096863,0.6682296991348267,-0.7099559307098389,1.1334402561187744,0.689089834690094,0.3340727686882019,1.0704970359802246
0.5097282528877258,1.466200828552246,-0.4610655903816223,0.638125479221344,-0.4328899681568146,-0.03922222554683685,0.37023282051086426,0.4973841905593872,0.34628626704216003,-2.2810163497924805,0.340799480676651,-0.41495490074157715,-1.075908899307251,0.7245534062385559,0.2902733385562897,-0.2097720056772232,0.498430997133255,0.6115314364433289,1.5529142618179321,-1.3474504947662354,0.32373443245887756,1.1534841060638428,0.6277037858963013,0.8536897301673889,-1.951141357421875,-0.8362869024276733,0.24425075948238373,-0.5602355003356934,0.6496930122375488,-0.5449971556663513,-0.6120405197143555,1.0148874521255493,-0.02115933783352375,1.6655421257019043,1.0342730283737183,-0.9363685250282288,0.8782336711883545,-0.17412087321281433,0.7668439745903015,0.9292137026786804,1.1663652658462524,0.8508191108703613,0.3466157615184784,1.1304298639297485,0.6187998056411743,-0.03847502917051315,1.2913177013397217,1.6656986474990845,-0.027456428855657578,1.2503808736801147,1.919666051864624,0.11615653336048126,-0.14823037385940552,-1.0191643238067627,0.9907288551330566,-0.3576781749725342,-0.020563188940286636,-0.21226252615451813,0.0030368699226528406,-0.23407074809074402,0.37512072920799255,-1.835864782333374,0.10634515434503555,-1.1898536682128906,-0.971562385559082
1.276310920715332,0.07849626988172531,-0.27775853872299194,0.10287638753652573,0.7598792910575867,0.5227031111717224,1.6371475458145142,-0.9548908472061157,-0.1929800659418106,1.3057470321655273,0.40357935428619385,-0.7033476829528809,-0.38460853695869446,-0.7096832394599915,-0.9667658805847168,-0.604547381401062,0.01223226822912693,-1.363680124282837,0.5762023329734802,-1.0476819276809692,1.6403887271881104,0.8792335391044617,-0.6654729843139648,-1.1461601257324219,0.01857713982462883,1.0069409608840942,1.1865640878677368,1.0944715738296509,1.3667171001434326,-1.0225567817687988,0.45491769909858704,0.22862574458122253,-0.6114679574966431,-0.8785375356674194,-0.46010729670524597,-0.5398193597793579,1.2729592323303223,-0.4362698197364807,0.23188738524913788,-1.0237655639648438,0.44739770889282227,-1.6421902179718018,-0.4215378761291504,0.6195730566978455,-1.113014578819275,1.1943687200546265,-0.542500913143158,-0.2243034839630127,0.4293423593044281,1.902095079421997,-0.36984649300575256,2.5381317138671875,1.2352327108383179,-0.49457305669784546,-1.2437629699707031,-1.9496426582336426,-0.6936205625534058,0.05836549773812294,-1.3235052824020386,-0.9895505309104919,0.2013574242591858,-0.4141724109649658,1.0615453720092773,0.9431483149528503,0.6747526526451111
1.0731579065322876,-1.076157808303833,-1.2949713468551636,-1.1115546226501465,-0.4572669267654419,0.026419024914503098,-1.5833733081817627,-0.2912355363368988,-0.30535751581192017,0.7296774983406067,-1.0035089254379272,0.6019487977027893,-1.469132423400879,1.1116951704025269,0.22499032318592072,-0.2902670204639435,1.1942006349563599,-0.6422895789146423,-0.702906608581543,1.1558847427368164,-0.15346762537956238,0.5852289795875549,1.251878023147583,-0.5588787198066711,0.18086285889148712,-0.3015095591545105,-0.885647177696228,0.6224236488342285,-1.9943515062332153,0.9674398899078369,-0.8879439830780029,-0.8711243271827698,-1.2988777160644531,-0.26868757605552673,0.007830924354493618,-1.9244117736816406,0.02359004132449627,-2.379028797149658,-0.5470017790794373,-0.3426966071128845,0.6197560429573059,-0.06131894141435623,-0.10206692665815353,-1.2226629257202148,-1.4815654754638672,0.47714388370513916,-1.2821084260940552,0.8034319281578064,0.39246803522109985,0.5198913216590881,1.650944471359253,0.1017376258969307,1.2365822792053223,0.04669676348567009,-1.1905291080474854,0.5123907923698425,1.5882315635681152,-0.6084404587745667,0.03681141138076782,-0.6947205662727356,-0.07995786517858505,-0.424028605222702,-0.03653464466333389,0.47286954522132874,-1.5715975761413574
0.5078080296516418,-0.5126480460166931,0.4336232542991638,0.016689598560333252,-0.025266868993639946,1.075248122215271,1.3415992259979248,-1.3534883260726929,0.18816697597503662,0.2729276418685913,-1.5964044332504272,-0.31640157103538513,0.03767494484782219,1.4618035554885864,1.3147019147872925,0.04372607171535492,1.0304607152938843,2.4988150596618652,-1.528914213180542,0.85090571641922,-0.6541000008583069,2.8718361854553223,0.48658931255340576,-1.273586392402649,-0.8541224002838135,0.2714756429195404,0.7640617489814758,2.5988106727600098,-0.10807814449071884,-1.0960890054702759,-0.1022733673453331,0.5311208963394165,0.44789308309555054,-1.0695351362228394,-0.14144638180732727,-0.03862675651907921,0.43570268154144287,-0.9872381091117859,-0.06968624144792557,-1.2367178201675415,0.14377057552337646,-0.3194834887981415,-0.45647838711738586,0.2509837746620178,-0.8791221380233765,0.43842223286628723,1.6698617935180664,-0.7085266709327698,0.8093550205230713,-0.8289716839790344,2.0549588203430176,0.4062134921550751,1.4392117261886597,0.4750743508338928,0.2256922721862793,0.31303870677948,0.8734041452407837,1.3485006093978882,0.21155129373073578,1.0636261701583862,-0.2238570749759674,0.31024932861328125,1.1305748224258423,0.7273285984992981,0.8922040462493896
-0.5298705101013184,1.6807116270065308,0.2851882576942444,0.8647915720939636,-0.08293572813272476,-0.7900705933570862,1.2851179838180542,-0.02665923535823822,-1.3876107931137085,-0.49144333600997925,-0.2763836681842804,0.3327164053916931,-0.71602463722229,0.7829631567001343,-0.19687484204769135,-1.1846808195114136,0.7424238920211792,2.102400302886963,1.1621372699737549,0.376386821269989,0.5066788196563721,0.0162076186388731,0.9940459728240967,1.8491648435592651,-0.9765480756759644,1.484902262687683,0.8935187458992004,1.3385534286499023,0.5012131333351135,-0.36534133553504944,-1.763116478919983,0.2563645541667938,1.7789376974105835,0.738674521446228,-0.7683101296424866,-0.504165530204773,-1.9731674194335938,-0.651559591293335,-2.034298896789551,-1.2428759336471558,1.2093292474746704,-1.824524164199829,0.40369439125061035,-1.1463686227798462,0.3602769374847412,0.025427334010601044,0.31729355454444885,1.5087016820907593,-2.017794370651245,-0.8687336444854736,0.4805968701839447,0.013349907472729683,-0.47163504362106323,1.416092872619629,1.0968981981277466,1.2553445100784302,0.04751767963171005,1.0986506938934326,0.30791690945625305,0.34360581636428833,1.0423566102981567,0.47828301787376404,2.41353702545166,1.3875426054000854,0.1839424967765808
0.5045672059059143,-1.1433957815170288,0.0986562967300415,1.005042314529419,-0.19371478259563446,-1.0441350936889648,0.6487786769866943,-0.27268943190574646,-0.2009388506412506,0.3389469385147095,-0.0042490167543292046,-2.416008949279785,-0.6867544651031494,-1.3118157386779785,-0.9087061882019043,0.2010166347026825,-0.794051468372345,-0.07563146203756332,-0.0911027267575264,-1.8070666790008545,0.1438191831111908,-2.178845167160034,-1.8004456758499146,0.9080069065093994,0.8413522243499756,2.203744888305664,1.727623462677002,-0.4386787414550781,-1.0049192905426025,-1.4356074333190918,-0.13855893909931183,0.1715787649154663,1.2121576070785522,-0.12732358276844025,0.19187967479228973,-1.0781008005142212,0.1815563589334488,1.0100278854370117,-0.7661309242248535,-0.7414456009864807,1.5543936491012573,1.4520069360733032,-2.186221122741699,0.8837355375289917,-0.18073441088199615,-0.5306584239006042,0.6152404546737671,1.1928150653839111,-0.12667866051197052,-0.7437794804573059,0.7087698578834534,-1.2376631498336792,1.0883933305740356,0.8272460103034973,0.9285252094268799,1.6587767601013184,-0.37815165519714355,1.0997718572616577,2.695326089859009,0.6164692640304565,2.0044453144073486,-1.4891059398651123,1.0367193222045898,1.0718395709991455,-0.8829134702682495

Slice 61
0.46180370450019836,0.7698519825935364,-0.13820043206214905,-0.5851154923439026,-0.2684372067451477,0.19864730536937714,1.2121732234954834,-0.7307884693145752,-0.8716484308242798,1.371852993965149,1.4599746465682983,0.37859517335891724,-1.6553053855895996,1.3440518379211426,0.12462124228477478,0.8122355937957764,0.09203215688467026,-1.2030168771743774,-0.22018474340438843,-0.23131152987480164,-0.3958541452884674,-0.929835855960846,0.24397622048854828,0.22211451828479767,-0.5667441487312317,1.2492297887802124,-1.1932135820388794,1.852142333984375,0.23840616643428802,-0.7646327614784241,-0.7737506031990051,0.13176389038562775,-0.3190304934978485,-1.2002100944519043,-0.2969222366809845,0.2627721428871155,-0.2765190005302429,-0.1213521659374237,-1.0156569480895996,0.052659641951322556,0.06390078365802765,-1.740349531173706,0.7052690982818604,0.42311251163482666,0.8080557584762573,0.23099879920482635,0.3136497437953949,-1.398730754852295,-0.9561717510223389,-0.4864926338195801,1.3126286268234253,-0.37195634841918945,-0.23930154740810394,1.0908136367797852,-0.8477412462234497,0.2807151973247528,-0.3768290877342224,-0.12371165305376053,-0.8863639235496521,-0.14534305036067963,-2.17913556098938,-1.5654678344726562,-0.27234962582588196,-1.0816011428833008,0.6233623623847961
0.6707814931869507,-0.08103807270526886,-0.09838659316301346,-0.044811930507421494,-1.61549711227417,1.018524169921875,0.21763086318969727,0.264943927526474,-0.834239661693573,-0.3303040564060211,0.16789355874061584,0.07620285451412201,-1.9579821825027466,0.8763706684112549,0.4054531455039978,-0.07078275084495544,-1.2356767654418945,-0.7244934439659119,-1.5375946760177612,-1.1125881671905518,3.165916919708252,1.7903136014938354,0.14280962944030762,1.8704721927642822,0.8035606145858765,0.9878392219543457,-0.5894094705581665,0.916085958480835,-0.15774014592170715,2.360844850540161,-0.15372052788734436,0.7071017622947693,2.190416097640991,1.6250920295715332,1.2359384298324585,-1.5850337743759155,-1.9095237255096436,1.514929175376892,0.2626793682575226,-0.8906364440917969,-0.5934268236160278,0.1661069095134735,1.3624297380447388,-0.011628882959485054,0.4806455075740814,0.34411218762397766,0.1428712159395218,0.7278702259063721,1.3554255962371826,0.7360398173332214,1.1274126768112183,-0.02345285192131996,1.1631666421890259,-1.7115778923034668,-0.3966411054134369,-0.7506585121154785,0.5369260907173157,-1.1273521184921265,-0.542320966720581,1.4083913564682007,0.28815919160842896,1.1801888942718506,-0.5733672976493835,0.5908986926078796,1.2857345342636108
-0.705544114112854,-1.2511452436447144,-0.7896643280982971,0.4994286596775055,-1.120915412902832,-1.665942907333374,1.0657001733779907,0.33133625984191895,0.6545016169548035,1.1769142150878906,0.9493129849433899,0.39518290758132935,0.09043077379465103,0.39225462079048157,0.05820220708847046,1.6128284931182861,0.2163001149892807,-0.22811833024024963,2.263584852218628,-1.0744513273239136,-0.6464684009552002,0.5221160650253296,-0.6876763105392456,1.3433444499969482,-1.0111156702041626,1.1340932846069336,0.6406422853469849,-0.8637579679489136,-0.6723794937133789,-0.4350278079509735,0.19281457364559174,-0.004794045817106962,1.1056324243545532,-0.0017185363685712218,0.030755730345845222,0.6646181344985962,-0.25046488642692566,-0.09719189256429672,2.3574235439300537,1.1837666034698486,-1.475425124168396,0.378534197807312,0.6532468795776367,-0.6492027044296265,0.27161791920661926,1.3160890340805054,1.1191556453704834,0.07003574818372726,-0.7067195773124695,0.07258379459381104,-1.1104528903961182,-1.233158826828003,0.04415847733616829,-0.14261668920516968,-0.4028257429599762,-0.36069774627685547,-0.8355571031570435,-0.899689793586731,0.5831568241119385,1.1652871370315552,-2.241060733795166,0.07835009694099426,0.6750646233558655,-0.4322478771209717,-1.3149609565734863
1.2813290357589722,0.9580903649330139,1.2801990509033203,0.10599335283041,0.12230753153562546,0.9547379612922668,-0.5032725930213928,0.16326525807380676,1.0394091606140137,0.3105093240737915,-0.13710613548755646,-1.1247131824493408,-0.281212717294693,-0.0863843709230423,0.17734527587890625,0.015085269697010517,1.8714245557785034,0.2505876421928406,-0.30626723170280457,1.1825451850891113,0.12122991681098938,-0.48435258865356445,-0.6482152938842773,-0.028360268101096153,0.7215511202812195,-0.8909872770309448,-0.3618791997432709,0.09090956300497055,-1.0213178396224976,-0.026868876069784164,1.1598927974700928,-1.6485062837600708,0.4084826707839966,-0.32031387090682983,0.315592497587204,-0.8745324611663818,-1.332515835762024,-1.2140690088272095,0.028247075155377388,1.0518039464950562,0.39137110114097595,0.1449810266494751,1.4355814456939697,-0.7156476974487305,-0.8702613115310669,-0.3755672574043274,-1.4099234342575073,-0.45403003692626953,-2.202232837677002,-0.7151084542274475,-1.8465814590454102,-1.107434868812561,1.7744938135147095,-1.344310998916626,-0.7309969663619995,0.6386765837669373,1.160250186920166,0.3070186674594879,-0.5021424889564514,-0.39026039838790894,2.0515856742858887,0.47673720121383667,-0.10761384665966034,0.386445015668869,0.22271789610385895
0.6583867073059082,1.117803931236267,-0.740009605884552,-0.358634889125824,-0.5103027820587158,-1.3577935695648193,0.26317307353019714,-0.8259130120277405,-1.7540905475616455,0.2762768268585205,0.024303315207362175,0.25791025161743164,0.3558254837989807,0.4463311731815338,-0.5240505337715149,-0.42854997515678406,0.4198135733604431,-0.48653557896614075,-1.139546513557434,0.09302979707717896,-0.676517128944397,-0.9147818684577942,0.44856637716293335,-0.2036583125591278,-0.10647374391555786,-0.682013750076294,-0.8611496686935425,-0.5876418948173523,-1.2328976392745972,-0.2813669741153717,-2.1171534061431885,0.3486713171005249,0.37942788004875183,-0.7567349672317505,0.7392051815986633,0.5785855650901794,0.8067155480384827,-0.8233489394187927,-1.4476861953735352,0.8474318385124207,0.7940499186515808,-0.6481634378433228,0.11535856127738953,-0.7575162053108215,0.5085999369621277,-1.662564992904663,-0.6015411019325256,1.734737515449524,-0.14256225526332855,-0.24550609290599823,-0.7132446765899658,-0.22000828385353088,-1.2786270380020142,0.377766877412796,2.531263828277588,0.6742739081382751,1.8751739263534546,-0.5669106245040894,0.2574962079524994,-1.810032844543457,1.2052593231201172,0.11023034900426865,0.7628882527351379,-0.6986307501792908,1.0578486919403076
0.2000831812620163,1.032732367515564,0.032172538340091705,-0.14457423985004425,0.848122239112854,-0.5431915521621704,0.5204290747642517,0.4387931823730469,0.4941078722476959,-1.8574472665786743,0.4634254574775696,0.5194420218467712,1.0187982320785522,1.3035163879394531,-0.9409649968147278,0.3437937796115875,-0.7462137341499329,0.014556228183209896,1.2920682430267334,2.324796199798584,-0.604968786239624,-0.4996870160102844,0.7749407291412354,0.27978086471557617,-0.16891510784626007,-0.01589624024927616,1.9048134088516235,-0.7233273386955261,-0.12987931072711945,0.17519396543502808,0.9157626628875732,-1.408117413520813,-0.8351102471351624,-1.485121250152588,-2.3286490440368652,0.7653860449790955,-0.6072927117347717,0.18410639464855194,-0.1877121478319168,1.089160442352295,-1.6283332109451294,0.5937743186950684,-1.0135376453399658,-1.4733210802078247,-0.6384552717208862,1.307773232460022,1.2293254137039185,-0.6700164079666138,0.7480219602584839,0.15672928094863892,-0.29551514983177185,0.4884588122367859,0.5432875752449036,0.2668861746788025,1.2438852787017822,0.7713176012039185,-1.0902916193008423,-0.09374028444290161,-1.2261621952056885,-0.4524138867855072,0.5790639519691467,1.1966538429260254,0.7748864889144897,-0.8848291039466858,-0.45171085000038147
-0.8665528893470764,-1.7720470428466797,1.4768407344818115,0.33119997382164,-0.262995183467865,-0.48022204637527466,-0.07528039813041687,0.33486002683639526,0.6861180663108826,-1.228549599647522,0.26948288083076477,-0.2643015384674072,-1.6195861101150513,-0.1960119754076004,1.3042629957199097,-0.03177442401647568,-0.48006710410118103,-0.9034979939460754,-0.03431849181652069,-1.684140682220459,0.8732883334159851,-0.15866515040397644,0.18010400235652924,-1.1115463972091675,-0.9263056516647339,-0.5465554594993591,-1.6088923215866089,2.1057674884796143,-1.2096569538116455,0.3381664454936981,-0.09788540750741959,1.0064576864242554,0.7023617625236511,-0.0750521570444107,-0.49454396963119507,-1.6359455585479736,0.3500312864780426,0.38832125067710876,-0.013956882990896702,-0.6225314140319824,-0.6681654453277588,-1.8695173263549805,0.7710225582122803,-1.358680248260498,-1.408661961555481,-0.9432933926582336,1.5650583505630493,-0.17379418015480042,0.42465975880622864,1.2033381462097168,0.8158029913902283,0.5794215798377991,1.7387315034866333,-2.374764919281006,-1.189330816268921,1.5973854064941406,0.8743946552276611,-2.0000641345977783,-0.8789870738983154,-0.5353467464447021,-1.0547477006912231,0.2860048711299896,-0.10128580778837204,0.47792214155197144,1.235567569732666
-0.4351605176925659,0.2820357382297516,0.6692259311676025,0.10338284075260162,-0.09384316205978394,-1.5894849300384521,0.8014212846755981,0.9160401821136475,-0.4839620590209961,-0.7041854858398438,-0.1662120670080185,0.24894680082798004,0.9175065755844116,1.5900118350982666,0.46750009059906006,0.9257036447525024,-1.699562907218933,-0.3248268663883209,0.6637760996818542,0.048318471759557724,-0.2012212723493576,0.2737428843975067,1.7179272174835205,-0.9203280806541443,0.1692633479833603,-1.443586826324463,0.40447038412094116,0.789793074131012,0.7185409665107727,-0.44141626358032227,-0.40273115038871765,-0.1710829734802246,-1.2829619646072388,0.509111762046814,-0.8869085907936096,-0.1460849791765213,-0.04721275717020035,-0.4772445261478424,-0.05937223881483078,0.05438188835978508,0.20575913786888123,-1.1866233348846436,-1.0870620012283325,-0.3676809072494507,-0.05610966682434082,0.3821997344493866,-0.44162264466285706,0.5360567569732666,-1.2525086402893066,0.10615362972021103,0.2809021770954132,-0.16234342753887177,-0.05844874680042267,-0.7079157829284668,-0.016126355156302452,0.5623361468315125,1.1982454061508179,1.0480973720550537,0.40953460335731506,0.9729389548301697,0.39574912190437317,1.012349009513855,1.174220323562622,-0.33855488896369934,0.8319299221038818
1.977121353149414,1.4164475202560425,0.31223252415657043,2.0816612243652344,0.004870429169386625,0.47578978538513184,0.8718940019607544,0.37143707275390625,-0.27572116255760193,-0.2596428692340851,-0.43100327253341675,-0.5965449810028076,0.36402246356010437,0.51820307970047,-0.8935483694076538,-0.23545074462890625,-0.7239220142364502,2.1246285438537598,0.3748510479927063,0.2144182175397873,-1.396056056022644,-0.3046785295009613,1.8478856086730957,-0.4120919108390808,0.5124859809875488,1.1339335441589355,1.3568183183670044,-1.6277809143066406,-0.8912296891212463,-0.6705907583236694,1.5768704414367676,-0.4335835576057434,0.0002189751248806715,-0.3587850034236908,-0.19179780781269073,-0.42539796233177185,-1.310259461402893,-0.4918598234653473,0.45813098549842834,0.37099340558052063,-0.12540630996227264,0.7118050456047058,0.056419290602207184,1.1136658191680908,1.660962462425232,-1.8648440837860107,-0.49607089161872864,1.3212990760803223,-1.361807942390442,0.07483626902103424,-1.1260305643081665,-0.7711067795753479,-0.5369635224342346,-0.048762042075395584,-0.17268137633800507,-0.5247139930725098,0.7607933878898621,1.4176055192947388,1.6528308391571045,-1.1270631551742554,0.05824371427297592,-1.3111730813980103,1.2707254886627197,-0.023819947615265846,-0.42612358927726746
-0.4633497893810272,-1.6018961668014526,1.2903882265090942,0.770980179309845,0.13764441013336182,-0.6452474594116211,0.6076269149780273,-1.1172337532043457,0.2629658579826355,1.3087245225906372,0.09862425178289413,2.14432430267334,-1.1066126823425293,0.15969058871269226,-1.0791789293289185,0.31484559178352356,0.9262833595275879,1.0466490983963013,-0.08217185735702515,-1.1160829067230225,-0.2556651830673218,-0.7786094546318054,0.16012458503246307,1.0855313539505005,1.879562258720398,-0.9388407468795776,-0.8099198341369629,-0.04901654273271561,-0.6726801991462708,1.3376201391220093,0.020672135055065155,0.4735739231109619,0.101173996925354,-1.2842051982879639,0.5940556526184082,1.9934818744659424,-0.24213695526123047,1.6176836490631104,-0.18756969273090363,1.1223522424697876,-0.8663672804832458,1.2901525497436523,-0.9267527461051941,0.014449154026806355,-0.43585634231567383,-0.3316764533519745,0.3796054422855377,-0.3600136339664459,-0.07596714794635773,0.682398796081543,1.1192516088485718,-0.41212427616119385,0.7270231246948242,-0.5080928206443787,1.3016881942749023,1.0716564655303955,0.9110769629478455,0.3995923697948456,0.9659053683280945,0.16942748427391052,0.2238798439502716,-0.39339175820350647,2.1681385040283203,0.9637752175331116,-0.6966741681098938

Slice 62
-0.5998215079307556,0.14193974435329437,0.9610652327537537,-0.3922714591026306,0.48396751284599304,1.4278254508972168,-1.7162940502166748,1.0562317371368408,1.3193912506103516,-0.44224825501441956,0.356693297624588,-0.8255749940872192,0.060882434248924255,0.540910005569458,0.20463557541370392,0.7637401819229126,1.8079380989074707,0.976678192615509,-0.40710002183914185,-2.0018603801727295,0.298081636428833,-0.713309645652771,0.7811008095741272,0.5629287958145142,-0.27496105432510376,1.0650639533996582,0.04553154855966568,-0.3999670445919037,0.008063236251473427,-1.4203437566757202,0.8019777536392212,0.9235444068908691,-1.1371707916259766,-0.03076537884771824,0.6418201923370361,0.552916944026947,0.45144930481910706,-0.47457563877105713,-0.3959309160709381,-0.6392580270767212,0.46848008036613464,-0.836253821849823,-1.2720271348953247,1.035202145576477,0.19284681975841522,-1.6937687397003174,-0.12374559044837952,1.036562204360962,-1.1404778957366943,0.43701672554016113,0.8188056945800781,-0.6674432754516602,-0.22315333783626556,-0.638041615486145,0.6806939840316772,-0.14807534217834473,-0.813818097114563,-0.19997911155223846,1.2552812099456787,-0.97916179895401,-1.5551944971084595,-0.504135012626648,-0.5964667797088623,-1.296816349029541,0.08430186659097672
0.37202978134155273,1.6765360832214355,0.9203362464904785,-1.4964392185211182,0.5014787912368774,1.9641902446746826,-0.6089439988136292,0.04308079183101654,-2.148167133331299,-0.29118451476097107,0.9506557583808899,0.7635120749473572,0.04451674595475197,1.3763788938522339,0.8692103624343872,0.8834670782089233,-1.2081853151321411,-0.045222871005535126,-0.36026445031166077,-0.026789486408233643,1.9068996906280518,-0.8419482707977295,-0.8073405623435974,1.3407988548278809,0.28090375661849976,-1.4734371900558472,-0.7281582355499268,-1.7212220430374146,-0.05711324140429497,-0.7448845505714417,0.12315738201141357,1.5216701030731201,-1.279953122138977,-0.30223309993743896,-0.32538795471191406,-0.2311880737543106,0.6599289774894714,-0.5853251218795776,0.40373143553733826,0.422969788312912,-1.1526036262512207,-0.6667376160621643,-0.29460787773132324,-0.3142544627189636,0.19505034387111664,-0.695597231388092,0.6235426664352417,-0.028532830998301506,-0.3534499406814575,0.8535081744194031,1.5010387897491455,0.3380845785140991,-0.4423060715198517,-0.40618595480918884,0.4514941871166229,-2.032475471496582,0.6270519495010376,-1.2341915369033813,-0.5236302018165588,-1.644842267036438,-0.5263521075248718,-0.6504608988761902,-0.6734991669654846,-2.0119130611419678,0.3100721538066864
0.6974769830703735,-0.43356457352638245,0.33994802832603455,-1.8082916736602783,0.03601182997226715,0.005994325969368219,-1.803525686264038,-0.2850300967693329,-0.9422008395195007,0.12480935454368591,-0.7418786287307739,0.21254971623420715,0.664375901222229,-0.00851734820753336,-1.7536470890045166,-0.5572463274002075,1.0312716960906982,-1.9563664197921753,0.01020079106092453,1.2063815593719482,-1.0169507265090942,-0.28616660833358765,-1.3264062404632568,1.3914954662322998,-2.263314723968506,-0.08663253486156464,0.28233978152275085,0.2382616102695465,0.20972007513046265,0.2504311501979828,-1.959965705871582,0.14776930212974548,1.4335427284240723,1.8666839599609375,-0.7735474109649658,-0.4494733214378357,-0.0800108015537262,2.731353759765625,0.15732945501804352,-1.1545133590698242,-0.09020958095788956,-0.028124738484621048,1.419913411140442,1.2371224164962769,0.959960401058197,-0.9556692242622375,-0.11415866762399673,-0.7333751320838928,0.6772792935371399,-1.3598060607910156,-0.6763628721237183,-0.7439669370651245,1.1090121269226074,1.2065272331237793,-0.3989109992980957,-0.9999588131904602,-1.299054503440857,0.6324123740196228,1.1431772708892822,1.6474456787109375,0.03310456499457359,0.21190759539604187,0.3683617115020752,-0.6227383613586426,-0.3758946359157562
1.123612880706787,-1.3331093788146973,0.711086630821228,1.160447359085083,0.5934510231018066,0.8890432119369507,0.923285961151123,-0.4660780429840088,-0.9426981806755066,-0.5569828152656555,0.01767399162054062,0.9552968144416809,-0.9667666554450989,0.18778777122497559,-1.938232183456421,-0.22982758283615112,0.46644121408462524,-0.28052499890327454,0.24639086425304413,1.310123324394226,0.7678813338279724,0.4416542947292328,-0.9988881349563599,0.6845419406890869,1.0926733016967773,0.15840527415275574,0.3120611608028412,1.5401092767715454,-0.22205017507076263,0.8584951162338257,0.17009559273719788,-0.7706168293952942,-0.037793539464473724,-0.06667255610227585,-0.34469306468963623,1.36406409740448,-0.12460224330425262,-0.0008392926538363099,-0.4990113079547882,1.5947916507720947,0.021224787458777428,-0.42659178376197815,-0.6237714886665344,-1.2645103931427002,0.44276565313339233,0.31703856587409973,-0.08142802864313126,-1.5948697328567505,0.9393309354782104,1.2251451015472412,-0.6437103748321533,-1.0981762409210205,-0.08748786151409149,-0.07423892617225647,0.040680933743715286,0.8049374222755432,-0.26874932646751404,0.4325740933418274,-0.9407197833061218,0.3508061170578003,-0.036597248166799545,0.7500209808349609,0.4074898958206177,0.26068314909935,-0.9235852360725403
-0.399055153131485,1.7359150648117065,-1.5100730657577515,-0.22208791971206665,1.5270860195159912,-1.0189006328582764,-1.3006263971328735,1.3110123872756958,0.5163846015930176,0.737135112285614,1.8252077102661133,0.2984545826911926,0.6051408052444458,-0.36996668577194214,-0.22316257655620575,1.7538577318191528,0.9545478224754333,1.6490821838378906,-2.191913366317749,0.16195201873779297,-0.2560828924179077,0.32574260234832764,0.9256832003593445,0.4643687307834625,0.5705970525741577,1.495263695716858,-0.6955177187919617,0.43366825580596924,0.6773736476898193,0.2613804340362549,0.5973160862922668,-1.6843218803405762,-0.998665452003479,1.7055504322052002,0.34179696440696716,0.7461796402931213,-0.054259706288576126,0.8570490479469299,1.6747071743011475,1.0016541481018066,0.4414907991886139,2.013187885284424,0.20924009382724762,-0.40026918053627014,0.8448119163513184,-0.5084114074707031,0.5978133082389832,-1.1808140277862549,1.703768014907837,0.25668641924858093,0.9447045922279358,0.00377343175932765,-0.6593604683876038,0.1179666742682457,-0.5957561135292053,-0.9725474119186401,0.5849864482879639,-1.1000797748565674,-0.0018987177172675729,0.30728036165237427,-0.9698196649551392,-1.4661922454833984,-1.3373081684112549,-0.19792139530181885,0.374752014875412
-0.12070788443088531,0.21053731441497803,2.140707492828369,0.6111988425254822,-0.08592777699232101,-0.6005591750144958,-1.0198566913604736,-0.7093419432640076,0.9251230359077454,-0.3470969498157501,-1.6349821090698242,-1.3814119100570679,-0.5287674069404602,-0.08397380262613297,2.0612401962280273,-1.4613553285598755,-0.4843699634075165,0.3129415810108185,0.6947079300880432,-0.712139368057251,0.7257503867149353,-0.9010292887687683,0.8350219130516052,-0.7437916398048401,0.6843401193618774,-0.035815585404634476,-0.4521814286708832,0.18937663733959198,-1.1961326599121094,-1.3017868995666504,-1.108609676361084,0.007688877172768116,-0.26925230026245117,-1.3647302389144897,-1.998198390007019,1.0718733072280884,1.6040067672729492,-1.2195749282836914,-0.39167290925979614,0.5917736291885376,0.6748654246330261,-0.4578102231025696,1.1266169548034668,-0.862757682800293,-1.2548902034759521,-0.40905287861824036,-0.308895468711853,0.08820618689060211,-1.259703278541565,1.6675751209259033,-0.0271254014223814,-1.86683988571167,-0.8826155066490173,0.7142194509506226,-1.825252890586853,1.1990790367126465,1.3291394710540771,0.8227518200874329,-0.1453191488981247,-0.42017146944999695,0.1775815635919571,-0.17956465482711792,-1.5323234796524048,-0.29984891414642334,-1.4582041501998901
-1.6062507629394531,-1.7409476041793823,-0.26331281661987305,-0.9709641337394714,-0.5344591736793518,0.003955720923841,-0.6030685901641846,0.04127929359674454,-0.7031109929084778,-0.9787442684173584,0.3451402187347412,-0.5826907753944397,-0.967256486415863,-2.8785042762756348,-0.21942327916622162,-0.4422765374183655,-0.7047978043556213,1.0519143342971802,0.11477088183164597,-1.4704046249389648,-1.416024923324585,-1.503818154335022,0.04615115001797676,-1.27964448928833,0.7533606886863708,0.0915660634636879,1.3883984088897705,-0.21496739983558655,1.6708788871765137,-0.599137008190155,0.763662576675415,0.5132829546928406,-0.593480110168457,-1.616673231124878,2.1492760181427,-1.2870986461639404,-0.42686522006988525,-1.8550078868865967,0.42193615436553955,0.721848726272583,-0.5226655602455139,0.47310110926628113,0.3787979781627655,-0.4220276474952698,-0.60072922706604,1.1283624172210693,-2.779777765274048,-1.1346596479415894,-0.3870350122451782,0.6351166367530823,-0.719416618347168,-0.9892774224281311,3.153672933578491,-1.0079330205917358,0.8828173875808716,-0.9561505913734436,-0.7268615961074829,0.707276463508606,-1.8227535486221313,0.8838473558425903,0.9064251780509949,1.4279643297195435,1.6647636890411377,1.4024968147277832,1.001049518585205
1.8753831386566162,-0.488565057516098,-0.08160107582807541,-1.7841734886169434,-0.712624728679657,0.5261613130569458,-0.548770010471344,0.6570166945457458,-0.20551376044750214,-1.1843491792678833,-0.8797250390052795,0.9468816518783569,-1.5250312089920044,0.12311408668756485,0.39787551760673523,-1.4151396751403809,0.660394549369812,0.06156586483120918,0.078771211206913,1.0714210271835327,0.8085563778877258,-0.44764214754104614,-0.8528037667274475,-0.3712068498134613,0.8805521726608276,-0.647873044013977,-1.0621529817581177,1.0995869636535645,0.46072229743003845,0.5759053230285645,-0.5000252723693848,0.6334590315818787,1.6219817399978638,0.8681250214576721,-0.011095331981778145,-0.6794595122337341,-0.2690107524394989,1.6489790678024292,-0.38948872685432434,-1.3360923528671265,2.0301547050476074,-0.026343904435634613,0.6621399521827698,-0.4179849624633789,0.6213520765304565,0.057864960283041,-1.4687886238098145,0.1861523985862732,-0.10126352310180664,-2.1781814098358154,0.722518801689148,0.5331135988235474,1.210668921470642,-0.3977726101875305,0.3628639876842499,-0.8485094308853149,1.0838879346847534,-0.7517106533050537,-0.485664963722229,0.6967000365257263,0.783700704574585,0.9224795699119568,0.3413829505443573,-1.9736653566360474,0.9420220255851746
1.2290586233139038,-0.5570477247238159,-1.6244618892669678,0.4768339991569519,-0.39769765734672546,-1.3254480361938477,0.9617161154747009,-0.25089457631111145,0.9961364269256592,1.974526286125183,1.5588833093643188,-1.0785558223724365,1.0319898128509521,-0.22313128411769867,-0.8501656651496887,1.0003620386123657,1.347426176071167,0.05031532049179077,-0.47693052887916565,-0.5308451652526855,-0.798432469367981,-0.41144859790802,-0.13188143074512482,-0.30584558844566345,-1.0551788806915283,0.2626836597919464,-0.3998529613018036,-0.41987666487693787,1.59609854221344,1.5500097274780273,1.4823318719863892,1.67250657081604,-0.6349860429763794,2.2053799629211426,0.9349274039268494,1.6921104192733765,-1.0358068943023682,1.5829508304595947,1.5638587474822998,-2.2610557079315186,1.2596155405044556,-1.1690150499343872,-2.0029749870300293,0.34180304408073425,-0.45610612630844116,-2.3583056926727295,1.7457925081253052,-1.5665472745895386,-0.7508738040924072,-1.0642741918563843,-0.37219303846359253,-0.22022002935409546,-0.3063243627548218,-0.22143302857875824,0.9909647703170776,0.9776309132575989,-0.866180419921875,0.032548937946558,1.3291963338851929,0.5136945247650146,-1.5102109909057617,0.3289090096950531,-0.8581645488739014,-1.9123430252075195,-0.5932060480117798
-0.29700377583503723,-0.9116821885108948,-0.08194611221551895,-1.1375106573104858,0.7180078029632568,0.16255001723766327,0.6434599161148071,1.0296674966812134,-0.15824472904205322,-0.9785441756248474,-0.07993766665458679,0.6890493631362915,0.8053656816482544,-0.5277255773544312,-1.4529122114181519,0.16466033458709717,0.13030840456485748,1.634375810623169,0.33538517355918884,0.005893864203244448,1.329665184020996,-1.0896652936935425,0.9994382262229919,0.15329572558403015,1.901930570602417,1.069602608680725,-2.1972060203552246,-0.08176755905151367,0.2102590948343277,-0.8392779231071472,1.408029317855835,1.2833714485168457,0.28961455821990967,-0.2672829329967499,0.304609090089798,1.0638411045074463,1.6413896083831787,-0.1943802535533905,-0.005111293401569128,-1.3212170600891113,-0.7914804220199585,0.7605425119400024,0.29532870650291443,0.7506214380264282,1.5147838592529297,0.8247501850128174,-0.6862765550613403,0.23072047531604767,1.0013749599456787,0.577007532119751,1.4945542812347412,-0.7277800440788269,0.8719478249549866,1.225967288017273,1.181401252746582,-0.18460504710674286,1.1238467693328857,1.0805323123931885,1.728152871131897,0.5858306884765625,1.7180798053741455,1.1799089908599854,-0.2988094687461853,-0.6941574811935425,0.6358134746551514

Slice 63
-0.0868702232837677,-0.9226202964782715,0.4510211646556854,0.9826492071151733,0.08798608183860779,-1.6640263795852661,-1.0380219221115112,-0.2748640477657318,2.007430076599121,-1.1618341207504272,-1.8428961038589478,-0.3638758361339569,2.4265105724334717,-1.6070762872695923,-1.287767767906189,0.5717471241950989,0.4940379858016968,0.05633583664894104,0.9160286784172058,-0.5432232618331909,-1.1775856018066406,-0.8988587856292725,0.3089725971221924,0.6168640851974487,0.03174541890621185,-0.7416658401489258,1.9228061437606812,0.9106747508049011,0.6549222469329834,1.0330970287322998,2.442168951034546,-0.2061907947063446,0.849661111831665,0.8100106120109558,-0.8638738393783569,0.700920581817627,-1.6189484596252441,-0.34573155641555786,-0.9703351259231567,-0.7579172253608704,0.05320423096418381,0.21489162743091583,0.841237485408783,-1.397907018661499,-0.8842455148696899,-0.36490416526794434,-0.25999462604522705,-0.8720389604568481,-1.8705302476882935,0.5116097331047058,-2.2134406566619873,-1.6342679262161255,1.005461573600769,-2.2270009517669678,0.045839823782444,-0.7385417222976685,0.0064561981707811356,-0.03661304712295532,0.052254222333431244,-0.6849517226219177,-2.3476009368896484,0.9037307500839233,0.16406254470348358,0.9183091521263123,-0.7655459046363831
-0.07343412190675735,-1.4824442863464355,1.0374025106430054,2.0810673236846924,-0.3142455518245697,0.4031437933444977,0.7671287059783936,2.0495781898498535,-0.1459975689649582,0.7362321615219116,-0.8948484063148499,1.6741749048233032,0.1827515810728073,1.478427529335022,0.8482048511505127,-0.346780389547348,1.3069849014282227,-0.2562556266784668,-0.16154569387435913,0.5720519423484802,-0.3866466283798218,0.06334206461906433,0.49087437987327576,1.297991394996643,-0.8590633273124695,-1.0028716325759888,-1.7917096614837646,0.6916468739509583,2.2103562355041504,0.2123563140630722,0.5881842970848083,0.32228848338127136,-0.4776185154914856,-0.15800045430660248,1.869120717048645,0.35941454768180847,0.06507043540477753,-0.26555830240249634,1.139147162437439,0.738787829875946,1.808331847190857,-0.293893963098526,0.41953641176223755,-0.8451473116874695,-0.992323100566864,1.2234004735946655,-0.008054573088884354,1.5966747999191284,0.001994643360376358,0.5718209147453308,0.5887240767478943,-0.22806903719902039,1.086039662361145,-0.5170096158981323,-0.4880460202693939,1.5582332611083984,0.5085476636886597,1.1705621480941772,1.0169904232025146,0.8371447324752808,-0.19277045130729675,0.1766560822725296,-0.16227148473262787,1.1541041135787964,1.3586037158966064
0.6386936902999878,-1.6467289924621582,-1.3573405742645264,0.3534015119075775,0.3973070979118347,1.2411062717437744,-0.7177992463111877,-0.5711744427680969,-1.0370123386383057,1.417419672012329,-0.6072026491165161,0.7574915289878845,2.4774179458618164,-0.6715877652168274,-0.008848849684000015,0.10179852694272995,0.20533888041973114,0.13997165858745575,0.0014834579778835177,-0.4833301603794098,-0.3074381649494171,1.283421277999878,0.4908275008201599,0.28286463022232056,-1.3468626737594604,-0.5204528570175171,-1.8866431713104248,-0.25614961981773376,-0.0796739012002945,-0.8677577376365662,2.047011137008667,0.8270019292831421,1.859483242034912,0.5044438242912292,0.1527596265077591,1.1884158849716187,-0.6786574125289917,-0.7544494271278381,-0.9961992502212524,-0.9481703639030457,0.3795414865016937,-0.8805133700370789,-1.1014227867126465,-0.22596177458763123,1.0968369245529175,-0.6888307332992554,0.7317858934402466,1.0853062868118286,-0.6559059619903564,0.018338609486818314,1.5408977270126343,0.3575301170349121,-0.33389347791671753,1.2824658155441284,-0.7977630496025085,0.47314363718032837,0.5621094703674316,-1.6234190464019775,0.7836989760398865,-1.6968390941619873,1.209864616394043,-0.6624265909194946,-1.2727874517440796,-0.4113941490650177,-0.577186107635498
1.8546366691589355,0.1288537234067917,-1.0448505878448486,-0.9016571640968323,-1.6718709468841553,0.2772717773914337,-1.4453654289245605,-0.5480737090110779,-1.5265657901763916,0.9700262546539307,0.7041451930999756,0.11016251891851425,0.8746969103813171,-1.189123511314392,1.400192141532898,1.5657751560211182,-2.01739239692688,-1.8439433574676514,0.8435758948326111,-0.4979281723499298,0.5597721934318542,0.4260823428630829,-0.9754542708396912,-2.2663748264312744,0.662403404712677,-2.0417287349700928,-0.09854243695735931,-1.3600976467132568,-0.31136611104011536,-0.4451237916946411,0.2962404489517212,-0.25769034028053284,-0.5512073636054993,1.5590245723724365,0.9878742098808289,-1.3418668508529663,0.17323032021522522,-2.3486685752868652,-2.088853597640991,-0.48453637957572937,-0.9924071431159973,0.7766505479812622,0.6727316975593567,1.6625640392303467,1.7403857707977295,-0.1587727814912796,-1.042857050895691,-1.0314576625823975,-0.31731659173965454,-1.1037659645080566,-0.5199187994003296,1.2091896533966064,-1.1716371774673462,0.9053724408149719,1.0751996040344238,1.4641139507293701,0.85459303855896,0.1715598851442337,-0.4942023456096649,0.9015490412712097,0.8935852646827698,-1.4471718072891235,-0.7260118126869202,-1.6278047561645508,-0.9749645590782166
1.173241138458252,-0.7530584335327148,0.4986285865306854,-0.6116968989372253,0.35696250200271606,-2.421379566192627,-0.17897433042526245,0.6465179920196533,-0.6393516659736633,1.4439657926559448,-0.563366711139679,-0.5284478068351746,-0.2941902279853821,-0.4897615909576416,1.095389485359192,0.3944385051727295,1.3739161491394043,1.941667914390564,1.1521466970443726,-1.0534363985061646,-0.4780929386615753,-0.13081811368465424,1.7717726230621338,1.2298102378845215,0.6308771967887878,-0.3845699429512024,0.5002725124359131,-0.1377074271440506,0.9065755605697632,1.1797089576721191,-0.18758977949619293,-1.8068232536315918,1.0734155178070068,0.3296014368534088,0.8389739990234375,-0.6108708381652832,1.7762724161148071,-0.6836725473403931,-1.632539987564087,0.8786313533782959,0.8403280973434448,0.08490778505802155,0.6196629405021667,-0.3954656422138214,1.7667757272720337,0.18768161535263062,-0.15136779844760895,-1.6939526796340942,0.6635287404060364,0.047347038984298706,0.2792379558086395,-0.49544939398765564,0.24121861159801483,1.247654676437378,1.3405296802520752,1.067865014076233,1.4442791938781738,0.009508451446890831,-1.6575766801834106,0.5048533082008362,-0.4139244556427002,-0.859546422958374,1.4850897789001465,0.7554227113723755,1.249333143234253
-0.9421592950820923,-0.8007923364639282,0.3296683430671692,0.04208884388208389,-1.817196011543274,-1.3492647409439087,-0.40648066997528076,2.1731624603271484,1.0480923652648926,1.033491611480713,-0.20306730270385742,1.007371187210083,-0.4415326714515686,1.7020869255065918,-0.777131199836731,-1.469237208366394,0.9802052974700928,-1.137579083442688,0.43002331256866455,0.7928564548492432,-1.0359396934509277,-1.0353612899780273,0.9738211631774902,-0.23476642370224,-1.3646035194396973,-0.6976776123046875,-2.086219072341919,1.3784453868865967,-0.3531114161014557,0.9214730858802795,-0.5462220907211304,2.3071470260620117,0.29134196043014526,0.4271737039089203,-1.3148764371871948,0.008171668276190758,0.14675010740756989,-0.18099655210971832,1.4694738388061523,-0.2775571644306183,2.029106855392456,2.0029237270355225,0.5230805277824402,-0.3716765344142914,-0.9114279747009277,-0.16354338824748993,1.5800179243087769,-1.1497074365615845,0.941020131111145,1.2507307529449463,0.1542331725358963,0.6550963521003723,0.7755736112594604,-0.012683293782174587,0.4861995577812195,0.12969912588596344,-1.4327319860458374,-1.3702218532562256,0.3386910557746887,0.052450474351644516,1.891819715499878,1.7461988925933838,1.5304135084152222,1.0989227294921875,0.933113157749176
0.7114865183830261,-0.217488095164299,-0.8286418914794922,-1.124459147453308,0.4969124495983124,-0.14794155955314636,1.0541348457336426,-1.510961890220642,-0.3447953164577484,-0.258469820022583,2.676865816116333,0.13991494476795197,-0.11262055486440659,1.6194169521331787,-1.0459696054458618,1.1713571548461914,-1.9118845462799072,-0.7432329058647156,-1.2216160297393799,-0.8130574822425842,-1.441153883934021,1.1981123685836792,-1.898381233215332,-2.6376237869262695,-0.9600397944450378,0.6475377678871155,0.1730339229106903,0.7587127685546875,-0.35694852471351624,0.8955174684524536,0.3106885552406311,0.6124973893165588,-0.17807817459106445,0.2987772524356842,-0.8381130695343018,0.6427274346351624,-0.3785608410835266,0.38447460532188416,-0.41790956258773804,-0.3926604092121124,1.290866732597351,0.27942630648612976,-1.6921582221984863,1.1124958992004395,-0.42116671800613403,-0.8565267324447632,-1.126594066619873,0.8789796829223633,1.4704549312591553,-1.4049583673477173,-0.8226355314254761,0.40842387080192566,-0.24909356236457825,-0.18850857019424438,0.6278405785560608,-0.2667278051376343,0.005576911382377148,1.7670742273330688,0.8787267208099365,1.5809801816940308,0.4165552854537964,0.4822188913822174,0.7185488939285278,-1.4523934125900269,1.4763928651809692
-1.5064507722854614,1.0167615413665771,-0.27908945083618164,-0.4025648832321167,0.1908544898033142,0.5914718508720398,0.688861072063446,-0.8063387870788574,-1.4997459650039673,-1.1563916206359863,0.5502824783325195,0.8295109868049622,-0.6829845309257507,-0.973508358001709,0.4019475281238556,1.0238646268844604,-0.9684444069862366,0.6227113008499146,1.7367125749588013,-0.39411547780036926,1.8418829441070557,0.033029742538928986,0.533389687538147,0.4402150511741638,0.269107460975647,0.7593947649002075,-1.8590099811553955,1.6058228015899658,-0.17258477210998535,-1.6139249801635742,-0.04735778272151947,1.6167309284210205,-1.216099739074707,-1.9842908382415771,-0.08399993926286697,-0.7112303972244263,0.6659001708030701,-0.3636259436607361,-1.3286346197128296,2.070727825164795,1.1328679323196411,2.083454132080078,0.2419346123933792,1.7985562086105347,-1.7450628280639648,1.580543875694275,0.8357881307601929,0.5241861939430237,-0.08376739919185638,0.4832606911659241,-1.3576215505599976,-0.8474459648132324,0.8712018728256226,-0.050778236240148544,-1.366905689239502,-0.9912131428718567,0.14480559527873993,-1.0228108167648315,-1.2159109115600586,-1.277797818183899,0.34646186232566833,1.049578309059143,0.8913989067077637,-0.7323082685470581,1.7956148386001587
-1.6531678438186646,1.6609034538269043,-0.9515892863273621,-0.5212858319282532,-0.7397534847259521,0.37893250584602356,0.11974669992923737,1.8024163246154785,0.3093283772468567,0.8232045769691467,-1.263584852218628,-2.6719982624053955,-0.2694769501686096,1.3821911811828613,1.3389631509780884,-0.9357910752296448,0.47267135977745056,-1.0606251955032349,0.19489440321922302,-0.5269298553466797,1.3941038846969604,0.31962159276008606,0.2710684835910797,-0.06419997662305832,-1.2959461212158203,-0.7713242173194885,0.2980673611164093,-1.9228978157043457,-0.23650169372558594,0.8524974584579468,-2.4261841773986816,-0.7021686434745789,-0.3374696671962738,-0.7698567509651184,0.6945584416389465,-1.6250429153442383,-0.7536619305610657,-0.42214927077293396,0.09716648608446121,-0.4713068902492523,0.6369091868400574,1.1775373220443726,2.4924166202545166,-0.6507492661476135,-1.0465672016143799,-0.643212616443634,0.7027668952941895,-0.8377813100814819,1.9212697744369507,-1.1393777132034302,0.8697252869606018,-1.536855936050415,-1.9030102491378784,0.24540741741657257,1.076179027557373,-0.5417382121086121,1.1647173166275024,-0.5659273862838745,1.0450624227523804,0.30361464619636536,-0.2771146297454834,-1.1031014919281006,-0.6020444631576538,0.5748779773712158,0.5959218144416809
-0.07226484268903732,0.7053632140159607,-0.12954941391944885,-0.5347017049789429,0.1619139015674591,-0.9684362411499023,-1.0806009769439697,-0.5123119354248047,0.7437365651130676,0.5277248620986938,-0.4764312207698822,-3.0095574855804443,-0.41084086894989014,0.23550432920455933,1.299302339553833,-0.05976763367652893,0.33752843737602234,-1.9545031785964966,0.7172126770019531,0.9923239350318909,-1.379381775856018,-1.1447850465774536,-2.043443202972412,-0.9263521432876587,1.8749611377716064,0.19705547392368317,-1.614174485206604,-1.2158770561218262,1.3907740116119385,0.9462791085243225,-0.8788765668869019,-1.8187702894210815,-0.3840685188770294,0.01894405670464039,0.14752544462680817,-1.7180081605911255,1.6259182691574097,-0.5225583910942078,-1.9475252628326416,-1.7830314636230469,-0.12401173263788223,0.5447753667831421,0.7988075613975525,-0.9021322131156921,-0.5138767957687378,-1.6918929815292358,-1.605167031288147,0.7446412444114685,1.505307674407959,1.366896629333496,0.9708741307258606,-0.4532211422920227,1.5728815793991089,1.0390416383743286,0.4089001417160034,0.7998202443122864,1.1587895154953003,-0.0003366714809089899,-1.680161476135254,-0.5222083926200867,-0.7659497261047363,0.15973742306232452,1.2943315505981445,0.526140570640564,-0.43865424394607544

Slice 64
-0.3626221716403961,1.0273241996765137,0.7184895873069763,-0.7353751063346863,0.5357916951179504,0.8362016677856445,1.19571852684021,1.602995753288269,-0.7887534499168396,0.5665905475616455,0.8913465738296509,0.7022086381912231,-0.5730661749839783,-1.6320749521255493,-0.401692658662796,1.0653659105300903,0.3490045964717865,-1.2145092487335205,-1.0327622890472412,-1.5127395391464233,-1.1167536973953247,-0.29084348678588867,-0.7292479872703552,-0.6014823913574219,0.9378096461296082,-1.7323839664459229,-1.029234766960144,0.7381327748298645,0.8645491600036621,1.1638635396957397,0.22804345190525055,0.356289803981781,-0.6865277290344238,0.29351744055747986,-0.3980860114097595,-1.6026279926300049,0.09951840341091156,-0.4008951783180237,-1.4701682329177856,0.002485924633219838,0.4131867289543152,1.120516300201416,-0.8825722932815552,-0.6787718534469604,0.885925829410553,0.7992008924484253,0.7619435787200928,-0.29585570096969604,0.6900951862335205,-0.3282848298549652,0.3334560692310333,-0.3506675660610199,-0.8366379141807556,1.1388074159622192,-0.15984788537025452,-1.3893288373947144,-0.7201510071754456,-0.5254673361778259,-0.9004184603691101,0.3983108699321747,-0.5788544416427612,-1.8956080675125122,-0.2143731415271759,0.9456546902656555,0.23236140608787537
-1.8724316358566284,1.410630464553833,-0.051832810044288635,-0.7561691999435425,-0.08112218230962753,1.2887940406799316,0.32059577107429504,-0.9433354735374451,-0.7408314347267151,0.5118386149406433,-0.8840600252151489,-1.3003201484680176,-0.6140615344047546,-0.0446062795817852,0.5698230266571045,-0.6326465606689453,0.9689043760299683,0.25192806124687195,-1.1096291542053223,-0.03278856351971626,0.7002153992652893,-0.9884684085845947,0.2654171586036682,-0.10884740203619003,0.2228074073791504,-0.7190430164337158,-0.33812740445137024,0.040903881192207336,-1.1447372436523438,-0.024001574143767357,0.243233785033226,1.3973023891448975,-0.6394867897033691,0.07045961171388626,-0.1250116229057312,1.4632822275161743,-1.906929612159729,0.38307812809944153,1.3881434202194214,0.3039986491203308,1.4090921878814697,0.2684876620769501,-0.17864587903022766,1.1870934963226318,0.6220110654830933,0.6587734818458557,-0.3481694459915161,0.49593880772590637,-1.2476803064346313,0.2844693958759308,-0.6812170743942261,1.7529329061508179,-2.3750829696655273,-0.13413673639297485,0.8376942873001099,-0.5934182405471802,-0.016037484630942345,0.27323290705680847,0.7493664026260376,-1.8597921133041382,-0.4116545021533966,-0.8905885815620422,0.60401451587677,-0.20497910678386688,0.68588787317276
0.7802530527114868,-1.5936827659606934,1.281886339187622,-0.5650081634521484,-1.3069361448287964,-0.6621749997138977,-1.292022943496704,1.0968060493469238,-0.11946617811918259,0.06774197518825531,2.4772696495056152,-0.3739874064922333,-0.7246996164321899,-0.2016429454088211,-0.3653082251548767,-0.4939054548740387,1.3837745189666748,-0.24264805018901825,0.46643269062042236,1.2390562295913696,-0.3560582101345062,-0.26417651772499084,-0.16241849958896637,0.35815125703811646,-1.4584832191467285,-0.9342838525772095,-1.676344633102417,-0.8755712509155273,0.2473365068435669,-0.6762599349021912,-0.6965566873550415,0.5238524079322815,-0.9148986339569092,-1.4703425168991089,-0.008504935540258884,1.5548654794692993,-0.11569073051214218,-0.2593810260295868,-0.28778281807899475,0.8842119574546814,-0.6741495728492737,0.899499773979187,-1.6081712245941162,-1.3569172620773315,-1.4909001588821411,-0.11005599796772003,-0.8069784641265869,-0.5554686188697815,0.021957749500870705,-1.4331895112991333,0.32997456192970276,-0.14023007452487946,1.3411533832550049,0.8304786086082458,-1.3564375638961792,1.1011862754821777,-0.45725858211517334,-1.0391472578048706,0.004460396710783243,-0.8627855181694031,1.6373376846313477,0.20181718468666077,-1.0262184143066406,-0.441589891910553,0.1002708300948143
-0.20589685440063477,0.45827516913414,1.1282814741134644,-1.4595400094985962,-0.7303027510643005,0.7485730648040771,-0.4163825213909149,0.13338783383369446,0.2800104320049286,-0.7054479122161865,-0.8606740236282349,-0.3147552013397217,-0.20849952101707458,0.2272198349237442,-0.9256390333175659,-0.517997682094574,-1.2215938568115234,-0.8944492340087891,1.125816822052002,-0.4313552975654602,-0.25486135482788086,0.8973323702812195,-0.7702857255935669,0.8823522925376892,-0.07203353941440582,0.4353197515010834,1.4181052446365356,-0.6479241847991943,0.04029269888997078,-0.8944131135940552,-1.5267060995101929,-1.0423762798309326,0.38554608821868896,-0.5409473180770874,-1.1923366785049438,0.1722281277179718,-0.45443999767303467,-1.492501974105835,0.6877795457839966,0.9436066746711731,1.7682440280914307,-1.6534560918807983,0.3094726800918579,0.42950737476348877,-0.02237282693386078,-0.4816456735134125,-0.24962571263313293,-1.494425892829895,-0.30491697788238525,-0.5281555652618408,-1.1496211290359497,-0.14357110857963562,-0.8804172277450562,-1.0198099613189697,-0.5299263596534729,-0.6430870890617371,-1.0985968112945557,-0.7094876170158386,-0.3473578691482544,1.4511390924453735,0.20374678075313568,0.2696743309497833,-0.41494786739349365,-0.34002429246902466,-1.3711142539978027
-0.8991650938987732,-0.4909413456916809,0.334817498922348,-1.3229711055755615,-0.22801220417022705,1.116085171699524,0.5281250476837158,-1.3960916996002197,-1.7198103666305542,1.2521491050720215,-1.5554203987121582,0.7740605473518372,-1.4033721685409546,1.9762625694274902,-0.6638921499252319,0.19518055021762848,1.5528531074523926,0.685535728931427,0.8291710019111633,0.8878167867660522,-0.623866856098175,-0.5188358426094055,0.41544806957244873,3.1603245735168457,0.774485170841217,-0.11651204526424408,-0.7383508682250977,0.7869245409965515,-1.9644931554794312,1.1296368837356567,-0.7358462810516357,0.4128260016441345,-0.7981663942337036,-0.7861136794090271,0.1129947155714035,0.3388158977031708,-1.0786089897155762,0.546933650970459,-1.2036051750183105,-0.06953348219394684,1.204235553741455,0.46340352296829224,-1.3712471723556519,-1.465772032737732,-0.163790762424469,1.6776126623153687,1.6572809219360352,-0.3447296619415283,-0.47779184579849243,-0.95743727684021,-1.1354801654815674,1.7038780450820923,-0.6903854608535767,-0.7568128705024719,-0.46536126732826233,0.9239379167556763,1.2978414297103882,-1.9518941640853882,0.3725411295890808,1.4316855669021606,-1.521844506263733,0.5836862921714783,-0.24981889128684998,0.018657904118299484,0.5216234922409058
-2.3486664295196533,-1.3098459243774414,1.2781695127487183,0.23732751607894897,-0.6455753445625305,1.6864551305770874,-1.2055776119232178,-0.271486759185791,0.498555988073349,-1.2936149835586548,0.8465195894241333,-0.8532219529151917,1.2373229265213013,-1.4238224029541016,0.6665725708007812,-1.6430768966674805,1.415071725845337,1.2078907489776611,-1.1029855012893677,-1.0605950355529785,0.4242999851703644,-0.22404134273529053,-1.069461464881897,-0.06927487254142761,-0.8389816880226135,-0.7471010088920593,-0.1591939777135849,-0.41997724771499634,0.2876177132129669,-0.6046547889709473,0.8198639154434204,0.8274681568145752,-0.1584056168794632,0.5806572437286377,0.9358870387077332,0.7441993355751038,0.8098180294036865,1.4889402389526367,-0.26056453585624695,-2.462503433227539,-1.1179457902908325,0.8452504873275757,-0.06998361647129059,0.2205260694026947,-1.0659568309783936,-0.6509521007537842,1.0364891290664673,2.1405930519104004,-0.2789986729621887,-0.6191717386245728,1.745600938796997,-1.6915229558944702,-0.6260784268379211,0.6618946194648743,-0.11893334239721298,-1.0926802158355713,-1.5020301342010498,-0.033347148448228836,-0.7300407886505127,-0.4487462639808655,0.19203419983386993,0.1968161165714264,-0.34180107712745667,-0.17510423064231873,1.08137845993042
-0.540391743183136,-0.47431468963623047,-0.05004631355404854,0.2996981143951416,1.5691776275634766,1.5978457927703857,-0.8296420574188232,0.9670928120613098,1.6928513050079346,0.3418736755847931,0.7884365320205688,-0.9083150625228882,-1.0724966526031494,0.9100288152694702,-1.1037205457687378,-1.8512321710586548,-0.035128094255924225,0.17343635857105255,-0.1454477161169052,-1.0680055618286133,-0.9576572179794312,0.7965520024299622,-1.9929553270339966,1.5661007165908813,1.03084397315979,1.326414942741394,2.792787790298462,-1.699709177017212,0.04899188503623009,-0.7302145957946777,-1.3385765552520752,-0.334652304649353,0.5062609314918518,-1.4590753316879272,-1.6460258960723877,-0.13306313753128052,0.10460963845252991,0.1465405523777008,-0.2373572289943695,-0.9614137411117554,0.19181764125823975,-0.349142462015152,-1.4118160009384155,-1.4810625314712524,-1.4912681579589844,1.5825685262680054,1.8637127876281738,0.3231067359447479,0.5529899001121521,-1.4735747575759888,0.14467106759548187,1.0699266195297241,0.3670128285884857,0.42401430010795593,-1.4946746826171875,0.3486880362033844,0.30297720432281494,0.040747009217739105,-0.18968181312084198,0.1273433268070221,0.7778090238571167,1.5919537544250488,-2.434964656829834,-0.32481083273887634,-0.32950296998023987
-0.8301904201507568,-0.8447005152702332,-0.8795719146728516,-2.3862709999084473,-1.650500774383545,-0.3437252938747406,0.8966318964958191,-0.8018273711204529,0.5574101209640503,-0.31842875480651855,1.8123695850372314,-0.8580368757247925,1.072722315788269,-1.025071620941162,1.1224009990692139,0.6991968750953674,0.9363394379615784,-0.3733331859111786,0.44563838839530945,0.2175251990556717,0.4637129008769989,2.7549052238464355,-0.3121860921382904,0.20611907541751862,0.899343729019165,-0.808568000793457,-0.19751529395580292,-0.18006934225559235,-0.40268048644065857,0.5681132674217224,1.1041498184204102,0.592614471912384,1.144631266593933,0.5787909626960754,-1.205891489982605,-0.7776815891265869,0.5011107921600342,-0.3910853862762451,0.12384981662034988,-0.10118944197893143,0.6156807541847229,0.5019801259040833,0.8275802731513977,-0.814542293548584,0.1034884825348854,-0.262517511844635,0.45150887966156006,1.8337074518203735,1.374932050704956,0.47105324268341064,1.344211220741272,0.3684832751750946,-0.8908485174179077,0.0782732218503952,-0.2007792741060257,-0.5778549909591675,-0.37589550018310547,-1.9079582691192627,-0.49003639817237854,-0.8468430638313293,-0.5940383076667786,0.5349652171134949,-0.010629929602146149,0.9290815591812134,0.7737303972244263
0.49742627143859863,-0.2410367876291275,1.3827300071716309,0.4059317708015442,2.0423550605773926,-0.2769134044647217,-0.7770500183105469,0.4525812864303589,-0.9814560413360596,0.2324511706829071,0.08269770443439484,-1.0685784816741943,-1.3054227828979492,-0.4976148307323456,-0.16754519939422607,0.7154250144958496,-1.237478256225586,0.43712422251701355,0.06736072152853012,0.9920679926872253,-0.6031981706619263,1.077670693397522,0.6443634629249573,-1.4976599216461182,0.8098236322402954,0.4215497374534607,-0.6993221640586853,-0.05922847241163254,0.6386376023292542,-0.6438067555427551,0.30239245295524597,-0.5801262259483337,0.6625580191612244,-0.08589959144592285,0.15906260907649994,1.877687931060791,1.6894673109054565,1.2652409076690674,0.29765111207962036,0.8791419267654419,-0.9238937497138977,-0.41464585065841675,-1.1753222942352295,0.09350493550300598,-0.7693977355957031,0.6931166052818298,-0.37226590514183044,0.8435584306716919,2.004171848297119,-0.5669463276863098,1.219022274017334,-0.26097553968429565,2.604678153991699,1.3637940883636475,0.09551124274730682,-0.8342961072921753,1.055024266242981,1.1655490398406982,1.771195411682129,-0.4520767629146576,0.09699071943759918,0.9277709722518921,-0.4471839964389801,0.9671526551246643,-0.8414961695671082
1.2688734531402588,0.2887130081653595,1.4494147300720215,0.7136261463165283,0.1477225422859192,0.5026261210441589,-0.25990912318229675,2.832468032836914,0.4120972752571106,-0.3296830356121063,0.7226795554161072,0.7602797150611877,0.14014028012752533,1.2385767698287964,1.1483123302459717,0.8849912285804749,0.5808250308036804,-1.263284683227539,-0.21534498035907745,1.3099454641342163,-0.9399746656417847,-0.4231297969818115,0.9633327722549438,-0.036832813173532486,-0.2880989909172058,1.439779281616211,1.4117752313613892,0.46326836943626404,1.598984718322754,0.4178703725337982,0.1946556568145752,1.2671380043029785,-1.2373499870300293,-1.2770473957061768,-0.009556517004966736,-0.0498541034758091,-0.6051747798919678,1.3635231256484985,-1.200890064239502,1.2308484315872192,0.40875378251075745,0.9026274681091309,-1.5286047458648682,-0.4418615698814392,0.33156293630599976,-0.2867133319377899,0.8786010146141052,0.8160188794136047,1.1194367408752441,-1.1679563522338867,0.9204928278923035,0.10052818804979324,0.9927197694778442,1.1770799160003662,1.2020260095596313,0.4139518439769745,1.030145287513733,-0.23598626255989075,-0.3770560324192047,0.746257483959198,1.7910447120666504,-0.9286936521530151,1.3494678735733032,-0.7138970494270325,0.754798948764801
